,Year,Kilometers_Driven,Fuel_Type,Transmission,Owner_Type,Mileage,Power,Price,brand,model,Engine 
0,2010,72000,CNG,Manual,First,26.6,26.6,1.75,MARUTI,WAGON R,998.0
1,2015,41000,Diesel,Manual,First,19.67,19.67,12.5,HYUNDAI,CRETA 1.6,1582.0
2,2011,46000,Petrol,Manual,First,18.2,18.2,4.5,HONDA,JAZZ V,1199.0
3,2012,87000,Diesel,Manual,First,20.77,20.77,6.0,MARUTI,ERTIGA VDI,1248.0
4,2013,40670,Diesel,Automatic,Second,15.2,15.2,17.74,AUDI,A4 NEW,1968.0
5,2012,75000,LPG,Manual,First,21.1,21.1,2.35,HYUNDAI,EON LPG,814.0
6,2013,86999,Diesel,Manual,First,23.08,23.08,3.5,NISSAN,MICRA DIESEL,1461.0
7,2016,36000,Diesel,Automatic,First,11.36,11.36,17.5,TOYOTA,INNOVA CRYSTA,2755.0
8,2013,64430,Diesel,Manual,First,20.54,20.54,5.2,VOLKSWAGEN,VENTO DIESEL,1598.0
9,2012,65932,Diesel,Manual,Second,22.3,22.3,1.95,TATA,INDICA VISTA,1248.0
10,2018,25692,Petrol,Manual,First,21.56,21.56,9.95,MARUTI,CIAZ ZETA,1462.0
11,2012,60000,Petrol,Automatic,First,16.8,16.8,4.49,HONDA,CITY 1.5,1497.0
12,2015,64424,Diesel,Manual,First,25.2,25.2,5.6,MARUTI,SWIFT VDI,1248.0
13,2014,72000,Diesel,Automatic,First,12.7,12.7,27.0,LAND,ROVER RANGE,2179.0
14,2012,85000,Diesel,Automatic,Second,0.0,0.0,17.5,LAND,ROVER FREELANDER,2179.0
15,2014,110000,Diesel,Manual,First,13.5,13.5,15.0,MITSUBISHI,PAJERO SPORT,2477.0
16,2016,58950,Diesel,Manual,First,25.8,25.8,5.4,HONDA,AMAZE S,1498.0
17,2017,25000,Diesel,Manual,First,28.4,28.4,5.99,MARUTI,SWIFT DDIS,1248.0
18,2014,77469,Diesel,Manual,First,20.45,20.45,6.34,RENAULT,DUSTER 85PS,1461.0
19,2014,78500,Diesel,Automatic,First,14.84,14.84,28.0,MERCEDES-BENZ,NEW C-CLASS,2143.0
20,2014,32982,Diesel,Automatic,First,22.69,22.69,18.55,BMW,3 SERIES,1995.0
21,2015,55392,Diesel,Manual,Second,23.65,23.65,8.25,MARUTI,S CROSS,1248.0
22,2015,55985,Petrol,Automatic,First,13.53,13.53,23.5,AUDI,A6 2011-2015,1984.0
23,2010,45807,Petrol,Manual,First,18.5,18.5,1.87,HYUNDAI,I20 1.2,1197.0
24,2010,33000,Petrol,Automatic,First,14.4,14.4,2.85,VOLKSWAGEN,VENTO PETROL,1598.0
25,2012,51920,Petrol,Manual,First,16.8,16.8,4.25,HONDA,CITY CORPORATE,1497.0
26,2012,54000,Diesel,Manual,First,23.08,23.08,4.25,NISSAN,MICRA DIESEL,1461.0
27,2013,54000,Petrol,Manual,Second,20.92,20.92,2.75,MARUTI,ALTO K10,998.0
28,2018,37430,Petrol,Manual,First,17.5,17.5,9.9,HONDA,WRV I-VTEC,1199.0
29,2007,262000,Diesel,Manual,Fourth & Above,12.8,12.8,4.0,TOYOTA,INNOVA 2.5,2494.0
30,2013,62000,Diesel,Manual,First,19.01,19.01,7.75,RENAULT,DUSTER 110PS,1461.0
31,2012,87615,Petrol,Manual,First,14.53,14.53,6.75,TOYOTA,COROLLA ALTIS,1798.0
32,2013,72000,Diesel,Automatic,Second,11.18,11.18,12.5,MAHINDRA,SSANGYONG REXTON,2696.0
33,2010,35000,Diesel,Automatic,First,12.4,12.4,11.5,AUDI,A6 2.7,2698.0
34,2014,55431,Petrol,Manual,Second,16.09,16.09,6.98,VOLKSWAGEN,VENTO 1.6,1598.0
35,2009,83816,Petrol,Manual,Second,14.0,14.0,1.85,MARUTI,WAGON R,1061.0
36,2018,50075,Diesel,Manual,First,24.3,24.3,8.63,MARUTI,VITARA BREZZA,1248.0
37,2017,52000,Petrol,Manual,First,18.15,18.15,4.85,MAHINDRA,KUV 100,1198.0
38,2013,85000,Diesel,Automatic,First,11.74,11.74,28.0,MERCEDES-BENZ,M-CLASS ML,2987.0
39,2013,62000,Diesel,Manual,First,22.07,22.07,5.0,VOLKSWAGEN,POLO DIESEL,1199.0
40,2008,90000,Petrol,Manual,Second,19.7,19.7,1.25,MARUTI,ALTO LXI,796.0
41,2014,19698,Petrol,Manual,First,25.4,25.4,1.53,TATA,NANO LX,624.0
42,2017,22033,Diesel,Manual,First,25.32,25.32,5.58,MAHINDRA,KUV 100,1198.0
43,2014,35487,Petrol,Manual,First,18.5,18.5,4.74,HYUNDAI,I20 MAGNA,1197.0
44,2014,46374,Petrol,Automatic,First,14.62,14.62,8.85,HYUNDAI,ELANTRA 2.0,1999.0
45,2016,52001,Petrol,Automatic,First,14.28,14.28,10.11,TOYOTA,COROLLA ALTIS,1798.0
46,2008,58005,Diesel,Manual,Second,14.9,14.9,4.25,HYUNDAI,ELANTRA CRDI,1991.0
47,2012,70704,Petrol,Manual,First,11.25,11.25,10.95,TOYOTA,INNOVA CRYSTA,2694.0
48,2014,75000,Diesel,Manual,First,24.4,24.4,3.85,HYUNDAI,XCENT 1.1,1120.0
49,2012,75800,Diesel,Manual,Second,16.55,16.55,5.5,MAHINDRA,THAR CRDE,2498.0
50,2015,13648,Diesel,Automatic,First,17.11,17.11,21.43,AUDI,A4 2.0,1968.0
51,2014,52000,Diesel,Manual,First,22.9,22.9,4.25,MARUTI,SWIFT LDI,1248.0
52,2014,53000,Diesel,Manual,First,17.8,17.8,3.3,MARUTI,SWIFT LDI,1248.0
53,2013,65650,Diesel,Manual,First,28.4,28.4,3.85,MARUTI,SWIFT VDI,1248.0
54,2015,54000,Petrol,Manual,Third,18.9,18.9,3.6,HYUNDAI,GRAND I10,1197.0
55,2015,39000,Petrol,Manual,First,15.04,15.04,3.99,VOLKSWAGEN,VENTO 2013-2015,1598.0
56,2017,16542,Petrol,Manual,First,25.17,25.17,3.3,RENAULT,KWID RXT,799.0
57,2010,32000,Petrol,Manual,First,20.36,20.36,2.07,HYUNDAI,I10 ASTA,1197.0
58,2010,121812,Diesel,Automatic,First,13.29,13.29,7.75,NISSAN,X-TRAIL SLX,1995.0
59,2010,39300,Petrol,Manual,First,18.2,18.2,2.25,MARUTI,ZEN ESTILO,998.0
60,2017,22000,Diesel,Manual,First,13.68,13.68,16.5,TOYOTA,INNOVA CRYSTA,2393.0
61,2010,72000,Diesel,Manual,First,20.0,20.0,2.75,FORD,FIGO DIESEL,1399.0
62,2015,58000,Petrol,Automatic,First,11.74,11.74,26.7,MERCEDES-BENZ,NEW C-CLASS,1796.0
63,2011,65000,Diesel,Manual,Second,15.8,15.8,10.0,MERCEDES-BENZ,NEW C-CLASS,2148.0
64,2016,178000,Diesel,Manual,First,25.0,25.0,2.5,TATA,INDICA V2,1396.0
65,2012,65664,Diesel,Automatic,First,16.55,16.55,13.5,AUDI,A4 2.0,1968.0
66,2007,63000,Petrol,Automatic,Second,16.4,16.4,1.85,HONDA,CITY ZX,1497.0
67,2019,15369,Diesel,Automatic,First,0.0,0.0,35.67,MERCEDES-BENZ,C-CLASS PROGRESSIVE,1950.0
68,2016,63000,Diesel,Manual,First,24.52,24.52,8.15,MARUTI,ERTIGA SHVS,1248.0
69,2018,13000,Diesel,Manual,First,22.1,22.1,10.5,HYUNDAI,CRETA 1.4,1396.0
70,2008,73000,Petrol,Automatic,First,8.5,8.5,14.5,PORSCHE,CAYENNE 2009-2014,4806.0
71,2015,55729,Diesel,Manual,First,15.1,15.1,9.65,MAHINDRA,XUV500 W8,2179.0
72,2012,45178,Petrol,Automatic,First,16.95,16.95,3.48,HYUNDAI,I10 SPORTZ,1197.0
73,2015,56066,Diesel,Manual,First,19.64,19.64,6.92,NISSAN,TERRANO XV,1461.0
74,2016,37300,Petrol,Automatic,Second,16.5,16.5,6.46,HONDA,BRIO VX,1198.0
75,2014,56000,Diesel,Automatic,Second,18.53,18.53,29.5,AUDI,A6 2.0,1968.0
76,2008,111111,Diesel,Manual,First,17.8,17.8,2.0,FORD,FIESTA 1.4,1399.0
77,2006,230000,Petrol,Manual,Third,12.4,12.4,4.5,TOYOTA,INNOVA 2.0,1998.0
78,2012,104000,Diesel,Manual,First,12.8,12.8,11.75,TOYOTA,INNOVA 2.5,2494.0
79,2005,87591,Petrol,Manual,First,0.0,0.0,1.3,HYUNDAI,SANTRO XING,1086.0
80,2012,95100,Diesel,Manual,First,22.9,22.9,3.75,MARUTI,SWIFT VDI,1248.0
81,2017,70000,Petrol,Manual,First,17.57,17.57,4.5,TATA,ZEST REVOTRON,1193.0
82,2016,54944,Petrol,Manual,First,18.0,18.0,4.82,HONDA,AMAZE SX,1198.0
83,2012,70337,Diesel,Manual,First,20.0,20.0,2.8,FORD,FIGO DIESEL,1399.0
84,2013,99638,Diesel,Manual,First,23.2,23.2,3.11,MARUTI,RITZ VDI,1248.0
85,2009,52000,Petrol,Manual,First,17.8,17.8,3.25,HONDA,CITY I,1497.0
86,2011,75000,Diesel,Automatic,Second,16.73,16.73,13.9,BMW,5 SERIES,1995.0
87,2009,95980,Petrol,Manual,First,20.36,20.36,2.25,HYUNDAI,I10 SPORTZ,1197.0
88,2016,16000,Petrol,Manual,First,18.9,18.9,5.75,HYUNDAI,GRAND I10,1197.0
89,2007,73745,Petrol,Manual,First,17.0,17.0,2.1,HYUNDAI,SANTRO XING,1086.0
90,2016,18949,Petrol,Manual,First,17.8,17.8,5.0,HONDA,AMAZE SX,1198.0
91,2014,107000,Diesel,Manual,First,13.0,13.0,16.5,TOYOTA,FORTUNER 4X2,2982.0
92,2018,48367,Diesel,Automatic,First,17.68,17.68,39.58,AUDI,A6 2011-2015,1968.0
93,2013,57000,Diesel,Manual,First,22.7,22.7,5.5,FORD,ECOSPORT 1.5,1498.0
94,2014,58000,Diesel,Manual,First,15.1,15.1,8.1,MAHINDRA,XUV500 W8,2179.0
95,2015,30000,Diesel,Manual,First,25.8,25.8,3.5,HONDA,AMAZE SX,1498.0
96,2013,34212,Diesel,Manual,First,22.07,22.07,2.79,VOLKSWAGEN,POLO DIESEL,1199.0
97,2010,70002,Diesel,Manual,First,16.2,16.2,3.45,HYUNDAI,VERNA TRANSFORM,1493.0
98,2016,62000,Petrol,Manual,First,18.9,18.9,4.45,MARUTI,WAGON R,998.0
99,2010,62001,Petrol,Manual,First,15.26,15.26,2.65,VOLKSWAGEN,POLO PETROL,1598.0
100,2011,78958,Diesel,Manual,Second,23.0,23.0,3.8,HYUNDAI,I20 1.4,1396.0
101,2014,30180,Petrol,Manual,First,18.5,18.5,4.65,HYUNDAI,I20 ASTA,1197.0
102,2017,32851,Petrol,Manual,First,19.83,19.83,3.95,DATSUN,GO PLUS,1198.0
103,2010,30000,Diesel,Automatic,First,14.94,14.94,9.8,AUDI,A4 3.0,2967.0
104,2009,66000,Petrol,Manual,Second,17.0,17.0,2.7,HYUNDAI,I20 2015-2017,1197.0
105,2010,93850,Petrol,Manual,First,14.0,14.0,2.41,MARUTI,OMNI 5,796.0
106,2014,53000,Petrol,Manual,First,17.71,17.71,3.9,TOYOTA,ETIOS LIVA,1197.0
107,2011,78000,Diesel,Automatic,Second,14.74,14.74,24.0,JAGUAR,XF 3.0,2993.0
108,2012,65000,Diesel,Manual,Second,16.0,16.0,5.75,MAHINDRA,XUV500 W8,2179.0
109,2014,40000,Diesel,Automatic,First,22.32,22.32,5.25,HYUNDAI,VERNA 1.6,1582.0
110,2017,30000,Diesel,Automatic,First,11.36,11.36,19.25,TOYOTA,INNOVA CRYSTA,2755.0
111,2017,38053,Petrol,Manual,First,15.1,15.1,3.91,MARUTI,EECO 5,1196.0
112,2014,25500,Petrol,Manual,First,25.4,25.4,2.15,TATA,NANO TWIST,624.0
113,2015,56087,Diesel,Automatic,First,22.69,22.69,20.75,BMW,3 SERIES,1995.0
114,2010,71088,Petrol,Manual,First,13.5,13.5,3.35,HONDA,CIVIC 2006-2010,1799.0
115,2014,55000,Diesel,Manual,First,12.99,12.99,11.11,TOYOTA,INNOVA 2.5,2494.0
116,2014,32700,Diesel,Automatic,First,23.3,23.3,20.0,VOLVO,V40 CROSS,1984.0
117,2016,39882,Petrol,Automatic,First,19.15,19.15,6.55,NISSAN,MICRA XV,1198.0
118,2009,128000,Petrol,Automatic,First,10.8,10.8,7.0,BMW,5 SERIES,2497.0
119,2016,55000,Diesel,Manual,First,24.3,24.3,7.5,MARUTI,VITARA BREZZA,1248.0
120,2005,102000,Petrol,Manual,Second,17.0,17.0,0.85,HYUNDAI,SANTRO XING,1086.0
121,2014,53753,Diesel,Automatic,Second,15.0,15.0,16.75,MERCEDES-BENZ,B CLASS,2143.0
122,2018,10250,Diesel,Manual,First,22.0,22.0,10.95,HYUNDAI,VERNA CRDI,1582.0
123,2011,43874,Petrol,Manual,First,18.9,18.9,2.45,MARUTI,WAGON R,998.0
124,2017,32684,Petrol,Automatic,First,21.9,21.9,3.23,TATA,NANO XTA,624.0
125,2014,42000,Diesel,Manual,First,12.05,12.05,7.75,MAHINDRA,SCORPIO VLX,2179.0
126,2009,28352,Petrol,Automatic,First,11.7,11.7,9.35,MERCEDES-BENZ,NEW C-CLASS,1796.0
127,2013,89900,CNG,Manual,First,26.6,26.6,3.25,MARUTI,WAGON R,998.0
128,2007,47700,Petrol,Manual,Second,10.8,10.8,5.25,HONDA,CR-V 2.4,2354.0
129,2015,55000,Diesel,Automatic,First,21.21,21.21,7.25,VOLKSWAGEN,VENTO 1.5,1498.0
130,2017,44285,Petrol,Manual,First,20.73,20.73,7.47,MARUTI,CIAZ VXI,1373.0
131,2016,54000,Diesel,Automatic,First,16.0,16.0,13.25,MAHINDRA,XUV500 AT,2179.0
132,2016,30232,Petrol,Manual,First,21.1,21.1,5.81,MARUTI,RITZ VXI,1197.0
133,2014,88500,Petrol,Manual,First,24.07,24.07,2.6,MARUTI,ALTO K10,998.0
134,2017,13372,Petrol,Automatic,First,19.0,19.0,54.0,MERCEDES-BENZ,SLC 43,2996.0
135,2019,12645,Petrol,Automatic,First,17.0,17.0,11.5,HYUNDAI,VERNA VTVT,1591.0
136,2010,94385,Petrol,Manual,Second,19.7,19.7,1.6,MARUTI,ALTO LXI,796.0
137,2015,31821,Diesel,Automatic,First,20.58,20.58,17.22,BMW,1 SERIES,1995.0
138,2015,12000,Petrol,Automatic,First,19.0,19.0,6.0,HONDA,JAZZ 1.2,1199.0
139,2012,88578,Petrol,Manual,First,13.5,13.5,3.95,HONDA,CIVIC 2006-2010,1799.0
140,2014,44965,Diesel,Automatic,First,19.27,19.27,17.95,MERCEDES-BENZ,NEW C-CLASS,2143.0
141,2014,45044,Diesel,Manual,First,25.8,25.8,3.7,HONDA,AMAZE SX,1498.0
142,2016,34204,Petrol,Manual,First,22.0,22.0,5.43,MARUTI,SWIFT VVT,1197.0
143,2008,80759,Petrol,Manual,Third,17.0,17.0,1.67,HYUNDAI,SANTRO XING,1086.0
144,2012,91235,Diesel,Manual,First,11.5,11.5,13.49,TOYOTA,FORTUNER 3.0,2982.0
145,2014,38800,Petrol,Manual,First,18.6,18.6,2.85,CHEVROLET,BEAT LT,1199.0
146,2013,83000,Diesel,Manual,First,21.14,21.14,4.75,SKODA,RAPID 1.5,1498.0
147,2018,41283,Petrol,Manual,First,20.73,20.73,9.9,MARUTI,CIAZ 1.4,1373.0
148,2013,23000,Petrol,Automatic,First,11.05,11.05,37.0,AUDI,RS5 COUPE,2894.0
149,2014,48000,Diesel,Automatic,First,21.76,21.76,26.5,BMW,3 SERIES,1995.0
150,2015,48214,Diesel,Automatic,First,17.11,17.11,23.32,AUDI,A4 2.0,1968.0
151,2016,35000,Diesel,Manual,First,22.9,22.9,6.25,MARUTI,SWIFT VDI,1248.0
152,2010,35277,Petrol,Automatic,First,7.81,7.81,30.0,MERCEDES-BENZ,S CLASS,5461.0
153,2016,54620,Diesel,Automatic,First,21.66,21.66,9.86,SKODA,RAPID 1.5,1498.0
154,2012,136997,Diesel,Automatic,First,17.2,17.2,8.5,SKODA,SUPERB ELEGANCE,1968.0
155,2019,14322,Petrol,Manual,First,21.1,21.1,4.23,HYUNDAI,EON MAGNA,814.0
156,2012,65634,Diesel,Manual,First,22.07,22.07,3.5,VOLKSWAGEN,POLO DIESEL,1199.0
157,2016,6000,Petrol,Manual,First,20.63,20.63,2.5,DATSUN,GO NXT,1198.0
158,2013,33280,Petrol,Manual,First,19.4,19.4,2.39,HONDA,BRIO S,1198.0
159,2013,29000,Petrol,Automatic,First,14.8,14.8,11.25,MERCEDES-BENZ,B CLASS,1595.0
160,2015,42831,Diesel,Manual,First,26.0,26.0,7.11,HONDA,CITY I,1498.0
161,2016,90000,Diesel,Manual,First,12.99,12.99,10.9,TOYOTA,INNOVA 2.5,2494.0
162,2017,24005,Petrol,Manual,First,20.4,20.4,6.2,MARUTI,SWIFT VXI,1197.0
163,2012,32792,Diesel,Manual,First,15.1,15.1,7.9,MAHINDRA,XUV500 W8,2179.0
164,2014,147898,Diesel,Manual,First,22.7,22.7,4.42,FORD,ECOSPORT 1.5,1498.0
165,2012,131765,Diesel,Manual,First,13.0,13.0,13.5,TOYOTA,FORTUNER 4X2,2982.0
166,2013,65000,Diesel,Automatic,First,21.5,21.5,6.25,VOLKSWAGEN,VENTO 1.5,1498.0
167,2010,66123,Diesel,Manual,Second,20.0,20.0,2.1,FORD,FIGO DIESEL,1399.0
168,2015,41000,Diesel,Automatic,First,15.3,15.3,45.0,BMW,X5 XDRIVE,2993.0
169,2017,23550,Diesel,Automatic,First,19.27,19.27,33.66,MERCEDES-BENZ,NEW C-CLASS,2143.0
170,2012,45000,Petrol,Manual,Second,19.4,19.4,3.65,HONDA,BRIO V,1198.0
171,2013,60000,Petrol,Manual,First,20.36,20.36,2.75,HYUNDAI,I10 MAGNA,1197.0
172,2016,44414,Diesel,Automatic,First,17.9,17.9,42.5,MERCEDES-BENZ,GLC 220,2143.0
173,2019,1000,Petrol,Manual,First,18.9,18.9,6.5,HYUNDAI,GRAND I10,1197.0
174,2012,62500,Diesel,Automatic,Second,17.68,17.68,19.0,AUDI,A6 2011-2015,1968.0
175,2013,21000,Petrol,Automatic,Second,14.4,14.4,4.45,VOLKSWAGEN,VENTO PETROL,1598.0
176,2017,8525,Diesel,Automatic,Second,16.6,16.6,23.0,MINI,COUNTRYMAN COOPER,1998.0
177,2014,29000,Diesel,Manual,First,22.54,22.54,8.35,HYUNDAI,I20 ASTA,1396.0
178,2014,40000,Diesel,Automatic,First,17.68,17.68,22.95,AUDI,A6 2011-2015,1968.0
179,2012,88000,Diesel,Manual,First,25.44,25.44,1.5,CHEVROLET,BEAT DIESEL,936.0
180,2012,53537,Petrol,Automatic,First,13.7,13.7,6.89,SKODA,SUPERB ELEGANCE,1798.0
181,2006,216000,Diesel,Manual,Second,17.8,17.8,1.45,FORD,FIESTA 1.4,1399.0
182,2014,51000,Diesel,Automatic,First,22.48,22.48,33.5,BMW,5 SERIES,1995.0
183,2007,118500,Petrol,Manual,First,12.9,12.9,1.25,CHEVROLET,OPTRA MAGNUM,1598.0
184,2012,63000,Diesel,Manual,First,22.07,22.07,4.2,VOLKSWAGEN,POLO DIESEL,1199.0
185,2015,25000,Diesel,Manual,First,19.98,19.98,6.75,RENAULT,LODGY 110PS,1461.0
186,2014,37382,Diesel,Automatic,First,13.0,13.0,32.0,MERCEDES-BENZ,E-CLASS E250,2143.0
187,2017,24773,Petrol,Manual,First,21.4,21.4,7.5,MARUTI,BALENO ALPHA,1197.0
188,2012,62000,Diesel,Manual,First,22.32,22.32,4.6,HYUNDAI,VERNA 1.6,1582.0
189,2017,52340,Petrol,Manual,First,19.81,19.81,4.04,HYUNDAI,I10 MAGNA,1086.0
190,2016,56739,Diesel,Manual,First,15.4,15.4,10.31,MAHINDRA,SCORPIO 1.99,1997.0
191,2018,36091,Diesel,Automatic,First,12.7,12.7,55.76,LAND,ROVER RANGE,2179.0
192,2010,120000,Diesel,Manual,First,20.0,20.0,2.6,FORD,FIGO DIESEL,1399.0
193,2016,33000,Diesel,Manual,First,25.47,25.47,8.5,MARUTI,ERTIGA ZDI,1248.0
195,2014,52000,Diesel,Manual,First,25.8,25.8,3.5,HONDA,AMAZE S,1498.0
196,2015,43571,Petrol,Manual,First,20.36,20.36,3.55,HYUNDAI,I10 MAGNA,1197.0
197,2013,50000,Diesel,Manual,First,25.8,25.8,3.25,HONDA,AMAZE S,1498.0
198,2008,113000,Diesel,Manual,First,17.5,17.5,4.5,SKODA,LAURA AMBIENTE,1896.0
199,2014,90000,Diesel,Manual,First,19.87,19.87,5.35,RENAULT,DUSTER 85PS,1461.0
200,2017,29000,Diesel,Manual,Second,17.45,17.45,6.5,MAHINDRA,NUVOSPORT N6,1493.0
201,2016,20000,Diesel,Manual,First,24.3,24.3,9.0,MARUTI,VITARA BREZZA,1248.0
202,2016,61012,Petrol,Manual,First,18.6,18.6,6.0,HYUNDAI,I20 ASTA,1197.0
203,2009,87459,Petrol,Manual,First,14.7,14.7,2.75,SKODA,FABIA 1.4,1390.0
204,2010,70500,Petrol,Manual,First,15.64,15.64,1.5,TATA,INDIGO ECS,1193.0
205,2015,64103,Diesel,Automatic,First,15.73,15.73,19.9,AUDI,Q3 2012-2015,1968.0
206,2014,76000,Petrol,Automatic,First,14.7,14.7,10.0,SKODA,OCTAVIA ELEGANCE,1798.0
207,2014,104000,Diesel,Manual,First,23.59,23.59,3.0,TOYOTA,ETIOS LIVA,1364.0
209,2014,37245,Petrol,Automatic,First,14.8,14.8,11.96,MERCEDES-BENZ,B CLASS,1595.0
210,2013,45000,Diesel,Manual,First,27.4,27.4,3.25,HONDA,AMAZE S,1498.0
211,2012,117837,Diesel,Manual,Second,22.32,22.32,4.75,HYUNDAI,VERNA 1.6,1582.0
212,2014,30000,Diesel,Manual,First,20.46,20.46,5.95,RENAULT,DUSTER 85PS,1461.0
213,2015,27057,Petrol,Manual,Second,15.29,15.29,8.15,HYUNDAI,CRETA 1.6,1591.0
214,2016,8500,Petrol,Automatic,First,20.51,20.51,4.22,MARUTI,WAGON R,998.0
215,2010,30500,Petrol,Automatic,First,11.74,11.74,10.5,MERCEDES-BENZ,NEW C-CLASS,1796.0
216,2012,56000,Diesel,Automatic,First,11.8,11.8,45.0,AUDI,A8 L,2967.0
217,2012,44000,Petrol,Manual,Second,19.81,19.81,2.9,HYUNDAI,I10 MAGNA,1086.0
218,2017,10500,Petrol,Automatic,First,14.3,14.3,8.9,SKODA,RAPID 1.6,1598.0
219,2017,26000,Petrol,Automatic,First,14.67,14.67,26.0,SKODA,SUPERB STYLE,1798.0
220,2018,25166,Petrol,Manual,First,17.19,17.19,8.22,HYUNDAI,I20 ACTIVE,1197.0
221,2014,64000,Diesel,Manual,Second,25.8,25.8,3.5,HONDA,AMAZE VX,1498.0
222,2004,61000,Petrol,Manual,Second,18.9,18.9,1.25,MARUTI,WAGON R,998.0
223,2013,107000,Diesel,Manual,First,21.03,21.03,3.7,MAHINDRA,VERITO 1.5,1461.0
224,2018,29161,Diesel,Automatic,First,19.27,19.27,39.41,MERCEDES-BENZ,NEW C-CLASS,2143.0
225,2013,32000,Petrol,Manual,First,22.5,22.5,2.65,MARUTI,WAGON R,998.0
226,2015,46173,Diesel,Manual,Second,19.01,19.01,8.92,NISSAN,TERRANO XV,1461.0
227,2013,47000,Diesel,Manual,First,17.8,17.8,4.1,MARUTI,SWIFT VDI,1248.0
228,2017,26327,Petrol,Automatic,First,16.82,16.82,35.67,MINI,COOPER CONVERTIBLE,1998.0
229,2015,70436,Diesel,Manual,First,0.0,0.0,3.6,FORD,FIGO DIESEL,1498.0
230,2007,200000,Diesel,Manual,Second,17.2,17.2,0.85,TATA,INDICA V2,1396.0
231,2016,60813,Petrol,Manual,Second,18.6,18.6,3.32,CHEVROLET,BEAT LT,1199.0
232,2012,45000,Diesel,Manual,First,22.07,22.07,3.6,VOLKSWAGEN,POLO DIESEL,1199.0
233,2016,64000,Diesel,Manual,First,22.9,22.9,6.8,MARUTI,SWIFT ZDI,1248.0
234,2012,41284,Diesel,Manual,First,20.0,20.0,2.5,FORD,FIGO DIESEL,1399.0
235,2019,14165,Diesel,Automatic,First,11.36,11.36,19.64,TOYOTA,INNOVA CRYSTA,2755.0
236,2011,67000,Diesel,Automatic,Second,11.72,11.72,7.0,HYUNDAI,SANTA FE,2199.0
237,2011,32572,Petrol,Manual,First,17.4,17.4,3.87,HONDA,CITY I-VTEC,1497.0
238,2018,14960,Petrol,Manual,First,18.6,18.6,6.27,HYUNDAI,I20 1.2,1197.0
239,2015,55980,Diesel,Automatic,First,19.27,19.27,18.12,MERCEDES-BENZ,NEW C-CLASS,2143.0
240,2013,74000,Diesel,Manual,First,25.44,25.44,2.65,CHEVROLET,BEAT DIESEL,936.0
241,2015,56847,Diesel,Manual,First,22.54,22.54,7.2,HYUNDAI,I20 SPORTZ,1396.0
242,2015,121374,Diesel,Manual,First,12.99,12.99,14.3,TOYOTA,INNOVA 2.5,2494.0
243,2013,52000,Diesel,Manual,First,20.77,20.77,6.9,MARUTI,ERTIGA VDI,1248.0
244,2014,118000,Diesel,Manual,First,12.8,12.8,10.75,TOYOTA,INNOVA 2.5,2494.0
245,2007,72000,Petrol,Manual,Third,17.0,17.0,0.95,HYUNDAI,SANTRO XING,1086.0
246,2016,33915,Petrol,Manual,First,17.8,17.8,8.09,HONDA,CITY I,1497.0
247,2014,82002,Diesel,Automatic,First,17.05,17.05,18.5,BMW,X1 SDRIVE20D,1995.0
248,2017,33000,Diesel,Manual,First,24.0,24.0,4.75,HYUNDAI,GRAND I10,1120.0
249,2016,34000,Diesel,Manual,First,28.09,28.09,8.45,MARUTI,CIAZ 1.3,1248.0
250,2012,55000,Diesel,Manual,First,20.5,20.5,3.5,SKODA,RAPID LEISURE,1598.0
251,2006,160538,Diesel,Manual,First,13.1,13.1,1.8,HYUNDAI,ACCENT CRDI,1493.0
252,2014,60000,Diesel,Manual,Second,19.91,19.91,3.7,VOLKSWAGEN,POLO GT,1498.0
253,2017,49575,Petrol,Manual,First,18.7,18.7,7.17,HONDA,JAZZ 1.2,1199.0
254,2010,83000,Petrol,Manual,First,19.81,19.81,1.75,HYUNDAI,I10 ERA,1086.0
255,2018,51346,Diesel,Automatic,First,16.38,16.38,21.99,HYUNDAI,TUCSON 2.0,1995.0
256,2017,43000,Diesel,Manual,First,13.68,13.68,18.65,TOYOTA,INNOVA CRYSTA,2393.0
257,2011,35000,Petrol,Manual,Third,19.7,19.7,1.85,MARUTI,OMNI MPI,796.0
258,2017,27872,Petrol,Manual,Second,20.4,20.4,5.95,MARUTI,SWIFT VXI,1197.0
259,2014,16514,Petrol,Manual,First,18.9,18.9,3.75,HYUNDAI,GRAND I10,1197.0
260,2012,120000,Diesel,Manual,First,22.9,22.9,3.75,MARUTI,SWIFT VDI,1248.0
261,2008,143275,Diesel,Manual,First,22.0,22.0,2.6,HYUNDAI,VERNA CRDI,1582.0
262,2006,99000,Petrol,Manual,First,0.0,0.0,1.75,HYUNDAI,SANTRO XING,1086.0
263,2010,52000,Petrol,Manual,First,17.0,17.0,2.8,HYUNDAI,I20 1.2,1197.0
264,2017,29819,Diesel,Automatic,First,11.57,11.57,61.29,MERCEDES-BENZ,GLE 350D,2987.0
265,2014,57000,Diesel,Manual,Second,15.8,15.8,18.0,MERCEDES-BENZ,NEW C-CLASS,2148.0
266,2014,88500,Diesel,Manual,First,23.2,23.2,4.35,MARUTI,RITZ ZDI,1248.0
267,2016,28000,Diesel,Manual,First,19.67,19.67,13.75,HYUNDAI,CRETA 1.6,1582.0
268,2010,67000,Petrol,Manual,First,19.0,19.0,2.0,MARUTI,A-STAR VXI,998.0
269,2016,26000,Diesel,Manual,First,19.64,19.64,10.0,RENAULT,DUSTER 110PS,1461.0
270,2010,120000,Diesel,Manual,First,17.8,17.8,1.65,FIAT,GRANDE PUNTO,1248.0
271,2017,51982,Diesel,Automatic,First,16.55,16.55,45.77,BMW,X3 XDRIVE30D,2993.0
272,2010,36000,Petrol,Manual,Second,20.36,20.36,3.25,HYUNDAI,I10 SPORTZ,1197.0
273,2016,47000,Diesel,Manual,First,12.8,12.8,12.8,TOYOTA,INNOVA 2.5,2494.0
274,2002,60000,Petrol,Manual,Third,17.3,17.3,0.55,MARUTI,ZEN VXI,993.0
275,2018,31025,Diesel,Manual,First,28.4,28.4,7.15,MARUTI,SWIFT VDI,1248.0
276,2013,105000,Diesel,Manual,Second,12.05,12.05,7.0,MAHINDRA,SCORPIO VLX,2179.0
277,2017,121900,Diesel,Manual,First,22.95,22.95,3.75,TATA,ZEST QUADRAJET,1248.0
278,2017,22695,Petrol,Manual,First,18.88,18.88,8.5,FORD,ECOSPORT 1.0,999.0
279,2012,73000,Diesel,Manual,First,23.4,23.4,4.35,MARUTI,SWIFT DZIRE,1248.0
280,2016,32227,Petrol,Manual,First,22.74,22.74,3.26,MARUTI,ALTO 800,796.0
281,2011,55000,Petrol,Manual,First,17.0,17.0,4.21,HONDA,CITY 1.5,1497.0
282,2018,11287,Diesel,Automatic,First,12.07,12.07,70.36,AUDI,Q7 3.0,2967.0
283,2009,48000,Diesel,Automatic,Second,17.0,17.0,2.95,SKODA,LAURA 1.9,1896.0
284,2012,54308,Petrol,Manual,First,17.1,17.1,4.28,HYUNDAI,VERNA 1.6,1591.0
285,2009,78442,Petrol,Automatic,First,16.8,16.8,3.57,HONDA,CITY 1.5,1497.0
286,2013,46000,Diesel,Manual,First,21.9,21.9,3.11,HYUNDAI,I20 MAGNA,1396.0
287,2014,45051,Petrol,Automatic,First,15.0,15.0,5.96,HYUNDAI,I20 SPORTZ,1396.0
288,2011,69000,Diesel,Manual,First,20.54,20.54,4.7,VOLKSWAGEN,VENTO DIESEL,1598.0
289,2014,49000,Petrol,Manual,First,17.4,17.4,6.9,HONDA,CITY I,1497.0
290,2018,45000,Diesel,Manual,First,22.95,22.95,5.25,TATA,ZEST QUADRAJET,1248.0
291,2015,64000,Diesel,Automatic,First,18.48,18.48,28.0,BMW,5 SERIES,1995.0
292,2009,60000,Petrol,Manual,First,18.9,18.9,1.35,MARUTI,WAGON R,1061.0
293,2015,62178,Petrol,Manual,First,18.2,18.2,4.85,HONDA,JAZZ VX,1199.0
294,2012,58006,Diesel,Manual,First,15.0,15.0,6.7,VOLKSWAGEN,JETTA 2007-2011,1896.0
295,2010,74000,Petrol,Manual,First,20.36,20.36,3.1,HYUNDAI,I10 MAGNA,1197.0
296,2015,77771,Diesel,Automatic,First,19.27,19.27,18.64,MERCEDES-BENZ,NEW C-CLASS,2143.0
297,2012,45275,Petrol,Manual,First,20.36,20.36,2.8,HYUNDAI,I10 MAGNA,1197.0
298,2016,48000,Diesel,Manual,First,13.68,13.68,20.25,TOYOTA,INNOVA CRYSTA,2393.0
299,2015,31652,Diesel,Automatic,First,17.68,17.68,26.78,AUDI,A6 2011-2015,1968.0
300,2010,109000,Diesel,Manual,Second,12.99,12.99,8.26,TOYOTA,INNOVA 2.5,2494.0
301,2015,31978,Petrol,Manual,First,16.47,16.47,3.89,VOLKSWAGEN,POLO PETROL,1198.0
302,2011,70000,Petrol,Manual,First,20.92,20.92,2.1,MARUTI,ALTO K10,998.0
303,2017,15000,Petrol,Automatic,First,18.0,18.0,12.69,HONDA,CITY I-VTEC,1497.0
304,2013,59138,Diesel,Manual,First,17.0,17.0,2.58,TATA,INDIGO LX,1405.0
305,2014,61726,Diesel,Automatic,First,17.68,17.68,20.77,AUDI,A6 2011-2015,1968.0
306,2015,48000,Diesel,Automatic,First,17.9,17.9,20.26,MERCEDES-BENZ,GLA CLASS,2143.0
307,2006,58000,Petrol,Manual,Second,0.0,0.0,1.5,HYUNDAI,SANTRO XING,1086.0
308,2011,60020,Diesel,Manual,First,17.8,17.8,2.5,MARUTI,SWIFT VDI,1248.0
309,2014,77815,Petrol,Automatic,First,23.1,23.1,4.25,MARUTI,CELERIO VXI,998.0
310,2017,29000,Diesel,Automatic,First,17.9,17.9,57.0,MERCEDES-BENZ,GLE 250D,2143.0
311,2017,44000,Diesel,Automatic,First,12.7,12.7,44.0,LAND,ROVER RANGE,2179.0
312,2011,108626,Diesel,Manual,First,20.54,20.54,3.65,VOLKSWAGEN,VENTO DIESEL,1598.0
313,2012,71791,Petrol,Manual,First,14.0,14.0,2.05,MARUTI,OMNI 8,796.0
314,2012,91931,Petrol,Manual,First,18.5,18.5,3.13,HONDA,BRIO 1.2,1198.0
315,2000,158000,Diesel,Manual,Second,14.07,14.07,1.5,TATA,SUMO DELUX,2956.0
316,2012,91183,Diesel,Manual,First,18.0,18.0,2.85,TATA,INDICA VISTA,1248.0
317,2012,65000,Petrol,Manual,First,18.9,18.9,2.65,MARUTI,WAGON R,998.0
318,2015,88428,Diesel,Manual,First,16.0,16.0,10.6,MAHINDRA,XUV500 W8,2179.0
319,2008,138000,Diesel,Manual,Second,17.1,17.1,1.25,TATA,INDIGO LS,1396.0
320,2018,18000,Petrol,Manual,First,16.02,16.02,8.25,MARUTI,ERTIGA PASEO,1373.0
321,2011,60000,Petrol,Automatic,First,11.7,11.7,4.45,HONDA,ACCORD 2.4,2354.0
322,2012,48000,Diesel,Manual,First,19.3,19.3,3.7,MARUTI,SWIFT DZIRE,1248.0
323,2009,160000,Diesel,Manual,First,17.8,17.8,2.8,FORD,FIESTA EXI,1399.0
324,2008,40000,Petrol,Manual,First,17.7,17.7,1.8,HONDA,CITY ZX,1497.0
325,2014,51495,Diesel,Automatic,First,17.68,17.68,21.95,AUDI,A6 2011-2015,1968.0
326,2011,30000,Diesel,Automatic,First,9.52,9.52,49.0,BMW,6 SERIES,2993.0
327,2017,97430,Diesel,Automatic,First,14.75,14.75,62.67,AUDI,Q7 45,2967.0
328,2008,42496,CNG,Manual,First,26.3,26.3,1.4,MARUTI,ZEN ESTILO,998.0
329,2012,83000,Diesel,Manual,First,23.0,23.0,5.5,HYUNDAI,I20 1.4,1396.0
330,2009,37000,Petrol,Automatic,Third,16.95,16.95,2.95,HYUNDAI,I10 SPORTZ,1197.0
331,2016,28503,Petrol,Automatic,First,19.0,19.0,6.86,HONDA,JAZZ 1.2,1199.0
332,2015,76496,Diesel,Manual,First,25.2,25.2,6.15,MARUTI,SWIFT VDI,1248.0
333,2011,79152,Petrol,Manual,Second,18.5,18.5,3.3,HYUNDAI,I20 ASTA,1197.0
334,2011,32000,Petrol,Manual,First,16.47,16.47,2.55,VOLKSWAGEN,POLO PETROL,1198.0
335,2009,35000,Petrol,Manual,First,19.7,19.7,1.5,MARUTI,ALTO LXI,796.0
336,2004,105000,Petrol,Automatic,Second,11.3,11.3,2.5,TOYOTA,COROLLA H4,1794.0
337,2006,56000,Petrol,Manual,Second,19.7,19.7,1.4,MARUTI,ALTO LXI,796.0
338,2012,73000,Diesel,Manual,First,21.12,21.12,3.4,TATA,MANZA ELAN,1248.0
339,2012,38000,Petrol,Manual,First,19.7,19.7,2.25,MARUTI,ALTO LXI,796.0
340,2013,775000,Diesel,Automatic,First,19.3,19.3,7.5,SKODA,OCTAVIA AMBITION,1968.0
341,2008,80000,Petrol,Automatic,First,11.3,11.3,2.8,TOYOTA,COROLLA H4,1794.0
342,2016,24973,Petrol,Manual,First,18.6,18.6,7.66,HYUNDAI,I20 ASTA,1197.0
343,2016,45000,Diesel,Manual,First,24.3,24.3,7.15,MARUTI,VITARA BREZZA,1248.0
344,2010,87430,Petrol,Manual,First,17.0,17.0,3.5,HONDA,CITY 1.5,1497.0
345,2014,133944,Diesel,Manual,Second,18.0,18.0,3.5,TATA,INDICA VISTA,1248.0
346,2013,57000,Diesel,Manual,First,25.8,25.8,3.45,HONDA,AMAZE S,1498.0
347,2016,27904,Petrol,Manual,First,21.1,21.1,3.55,HYUNDAI,EON D,814.0
348,2015,30717,Diesel,Automatic,Second,21.76,21.76,25.99,BMW,3 SERIES,1995.0
349,2012,80000,Diesel,Manual,First,22.32,22.32,5.25,HYUNDAI,VERNA 1.6,1582.0
350,2013,47304,Diesel,Manual,First,21.02,21.02,2.9,TATA,MANZA CLUB,1248.0
351,2005,100000,Petrol,Automatic,First,14.45,14.45,2.05,SKODA,OCTAVIA RS,1984.0
352,2017,30000,Petrol,Manual,First,24.07,24.07,3.75,MARUTI,ALTO K10,998.0
353,2014,68000,Diesel,Manual,First,22.7,22.7,6.75,FORD,ECOSPORT 1.5,1498.0
354,2011,21000,Petrol,Manual,Second,18.0,18.0,0.95,CHEVROLET,SPARK 1.0,995.0
355,2017,21000,Diesel,Automatic,First,19.33,19.33,52.0,JAGUAR,XF 2.0,1999.0
356,2007,119000,Petrol,Manual,Third,13.1,13.1,3.91,HONDA,CR-V RVI,1997.0
357,2019,13747,Petrol,Automatic,First,14.67,14.67,27.3,SKODA,SUPERB L&K,1798.0
358,2009,620000,Petrol,Manual,First,20.36,20.36,2.7,HYUNDAI,I10 MAGNA,1197.0
359,2013,70000,Diesel,Manual,First,22.9,22.9,3.5,MARUTI,SWIFT LDI,1248.0
360,2016,18000,Petrol,Automatic,First,18.5,18.5,6.2,MARUTI,SWIFT DZIRE,1197.0
361,2011,83000,Diesel,Manual,First,23.08,23.08,2.75,NISSAN,MICRA DIESEL,1461.0
362,2015,130000,Diesel,Manual,First,23.4,23.4,3.25,MARUTI,SWIFT DZIRE,1248.0
363,2012,63400,Diesel,Manual,First,17.8,17.8,3.25,FORD,FIESTA CLASSIC,1399.0
364,2003,65000,Petrol,Manual,First,17.3,17.3,0.65,MARUTI,ZEN LX,993.0
365,2017,8350,Petrol,Manual,First,13.8,13.8,35.0,MINI,CLUBMAN COOPER,1998.0
366,2014,45000,Diesel,Manual,First,23.59,23.59,3.25,TOYOTA,ETIOS GD,1364.0
367,2018,26200,Petrol,Manual,First,24.7,24.7,2.9,MARUTI,ALTO 800,796.0
368,2011,11000,Petrol,Manual,Third,18.9,18.9,2.9,MARUTI,ALTO VXI,796.0
369,2009,90000,Diesel,Automatic,Second,11.0,11.0,17.75,BMW,X5 3.0D,2993.0
370,2015,74000,Petrol,Automatic,Second,11.07,11.07,8.25,NISSAN,TEANA XV,2496.0
371,2015,37081,Petrol,Automatic,First,18.9,18.9,5.77,HYUNDAI,GRAND I10,1197.0
372,2017,39000,Diesel,Manual,First,24.3,24.3,9.49,MARUTI,VITARA BREZZA,1248.0
373,2008,99000,Diesel,Automatic,Third,12.07,12.07,12.95,AUDI,Q7 3.0,2967.0
374,2015,38000,Diesel,Automatic,First,17.9,17.9,20.0,MERCEDES-BENZ,GLA CLASS,2143.0
375,2007,72000,Petrol,Manual,Third,16.1,16.1,1.0,MARUTI,800 AC,796.0
376,2015,93000,Diesel,Manual,Second,20.45,20.45,7.1,RENAULT,DUSTER 85PS,1461.0
377,2017,5900,Diesel,Manual,First,21.43,21.43,16.5,TOYOTA,COROLLA ALTIS,1364.0
378,2014,25000,Diesel,Manual,First,15.8,15.8,26.0,MERCEDES-BENZ,NEW C-CLASS,2148.0
379,2010,68000,Diesel,Manual,Second,21.1,21.1,3.2,MARUTI,RITZ VDI,1248.0
380,2017,35676,Petrol,Automatic,First,16.0,16.0,9.48,HONDA,BRV I-VTEC,1497.0
381,2015,74310,Diesel,Manual,First,24.4,24.4,4.0,HYUNDAI,XCENT 1.1,1120.0
382,2014,59364,Diesel,Automatic,First,14.21,14.21,26.5,MERCEDES-BENZ,E-CLASS 2009-2013,2143.0
383,2014,41380,Petrol,Automatic,Second,14.8,14.8,11.77,MERCEDES-BENZ,B CLASS,1595.0
384,2017,33900,Diesel,Automatic,First,15.0,15.0,37.0,MERCEDES-BENZ,E-CLASS 2015-2017,2143.0
385,2016,28000,Petrol,Manual,First,17.8,17.8,8.75,HONDA,CITY I,1497.0
386,2007,50958,Petrol,Manual,First,17.0,17.0,1.95,HYUNDAI,SANTRO XING,1086.0
387,2011,93982,Petrol,Manual,First,17.0,17.0,3.75,HONDA,CITY 1.5,1497.0
388,2010,95000,Petrol,Manual,First,16.2,16.2,2.5,HYUNDAI,VERNA TRANSFORM,1599.0
389,2017,9000,Petrol,Automatic,First,13.5,13.5,34.5,JAGUAR,XE PORTFOLIO,1999.0
390,2015,52516,Petrol,Manual,First,18.0,18.0,4.65,HONDA,AMAZE S,1198.0
391,2015,20000,Petrol,Automatic,First,18.86,18.86,32.0,MINI,COOPER CONVERTIBLE,1598.0
392,2017,56451,Diesel,Automatic,First,13.5,13.5,62.81,MERCEDES-BENZ,S CLASS,2987.0
393,2014,37000,Petrol,Manual,First,21.1,21.1,3.25,HYUNDAI,EON MAGNA,814.0
394,2014,17400,Petrol,Manual,First,20.51,20.51,3.1,MARUTI,WAGON R,998.0
395,2011,90207,Diesel,Manual,First,21.1,21.1,3.91,MARUTI,RITZ LDI,1248.0
396,2011,89616,Diesel,Automatic,First,16.07,16.07,11.0,BMW,3 SERIES,1995.0
397,2014,85000,Diesel,Manual,First,13.49,13.49,3.5,TATA,XENON XT,2179.0
398,2014,79271,Diesel,Automatic,First,20.38,20.38,16.5,AUDI,A3 35,1968.0
399,2012,56000,Diesel,Automatic,First,12.7,12.7,30.0,LAND,ROVER RANGE,2179.0
400,2010,85001,Diesel,Automatic,Second,12.0,12.0,28.0,MERCEDES-BENZ,GL-CLASS 2007,2987.0
401,2018,12000,Diesel,Automatic,First,13.5,13.5,28.0,MITSUBISHI,PAJERO SPORT,2477.0
402,2010,125000,Petrol,Manual,First,19.7,19.7,0.92,MARUTI,ALTO LX,796.0
403,2013,53000,Petrol,Manual,First,14.0,14.0,2.75,MARUTI,WAGON R,1061.0
404,2017,34990,Diesel,Automatic,First,12.7,12.7,53.83,LAND,ROVER RANGE,2179.0
405,2011,49768,Petrol,Manual,Second,17.01,17.01,4.95,HYUNDAI,VERNA 1.6,1591.0
406,2013,56000,Diesel,Automatic,First,16.73,16.73,33.5,BMW,5 SERIES,2993.0
407,2013,75000,Diesel,Automatic,First,14.74,14.74,27.95,JAGUAR,XF DIESEL,2993.0
408,2010,57000,Petrol,Automatic,First,13.7,13.7,7.25,SKODA,SUPERB ELEGANCE,1798.0
409,2017,37542,Diesel,Automatic,First,15.73,15.73,25.71,AUDI,Q3 35,1968.0
410,2014,95649,Diesel,Automatic,First,12.7,12.7,29.67,LAND,ROVER RANGE,2179.0
411,2013,35299,Diesel,Automatic,First,14.84,14.84,19.0,MERCEDES-BENZ,NEW C-CLASS,2143.0
412,2017,28464,Diesel,Manual,First,15.4,15.4,13.05,MAHINDRA,SCORPIO S10,2179.0
413,2015,41000,Diesel,Automatic,First,21.76,21.76,25.5,BMW,3 SERIES,1995.0
414,2017,9000,Petrol,Manual,First,15.4,15.4,8.5,HONDA,BR-V I-VTEC,1497.0
415,2010,92098,Diesel,Automatic,Second,16.0,16.0,7.25,VOLVO,S80 2006-2013,2400.0
416,2005,5834,Petrol,Manual,First,13.2,13.2,0.8,HYUNDAI,ACCENT GLE,1495.0
417,2017,40250,Petrol,Manual,First,17.19,17.19,6.9,HYUNDAI,I20 ACTIVE,1197.0
418,2018,22397,Petrol,Automatic,First,11.5,11.5,70.99,MERCEDES-BENZ,GLC 43,2996.0
419,2015,20800,Petrol,Manual,Second,21.1,21.1,2.25,HYUNDAI,EON MAGNA,814.0
420,2018,40322,Petrol,Manual,First,18.9,18.9,5.5,HYUNDAI,GRAND I10,1197.0
421,2013,52576,Petrol,Manual,First,13.0,13.0,4.35,HONDA,CITY 1.5,1493.0
422,2010,55000,Petrol,Manual,First,16.47,16.47,2.25,VOLKSWAGEN,POLO PETROL,1198.0
423,2016,47000,Petrol,Automatic,First,15.26,15.26,24.5,AUDI,A6 35,1798.0
424,2010,42021,Diesel,Manual,First,0.0,0.0,5.45,VOLKSWAGEN,JETTA 2007-2011,1968.0
425,2017,23163,Petrol,Manual,First,15.29,15.29,12.03,HYUNDAI,CRETA 1.6,1591.0
426,2011,50000,Petrol,Automatic,Second,11.74,11.74,8.5,MERCEDES-BENZ,NEW C-CLASS,1796.0
427,2014,11900,Petrol,Automatic,First,16.82,16.82,28.5,MINI,COOPER CONVERTIBLE,1998.0
428,2006,108000,Petrol,Manual,Second,17.0,17.0,1.2,HYUNDAI,SANTRO XING,1086.0
429,2013,37000,Diesel,Manual,First,23.59,23.59,5.75,TOYOTA,ETIOS VD,1364.0
430,2014,30000,Petrol,Manual,Second,19.4,19.4,3.2,HONDA,BRIO S,1198.0
431,2018,12831,Petrol,Automatic,First,21.4,21.4,9.89,MARUTI,BALENO ALPHA,1197.0
432,2012,143017,Diesel,Automatic,First,20.0,20.0,6.58,SKODA,LAURA AMBIENTE,1968.0
433,2018,13102,Petrol,Manual,First,21.1,21.1,4.06,HYUNDAI,EON ERA,814.0
434,2019,24950,Diesel,Manual,First,20.37,20.37,13.37,RENAULT,CAPTUR 1.5,1461.0
435,2011,57832,Diesel,Automatic,First,16.2,16.2,25.82,BMW,5 SERIES,2993.0
436,2016,34267,Petrol,Manual,First,22.74,22.74,3.74,MARUTI,ALTO 800,796.0
437,2015,33000,Diesel,Automatic,Second,16.8,16.8,22.0,VOLVO,V40 D3,1984.0
438,2007,55100,Petrol,Manual,First,18.9,18.9,1.45,MARUTI,WAGON R,998.0
439,2008,40000,Petrol,Manual,First,17.7,17.7,2.0,HONDA,CITY ZX,1497.0
440,2017,31841,CNG,Manual,First,15.1,15.1,4.7,MARUTI,EECO 5,1196.0
441,2014,15000,Petrol,Manual,First,13.7,13.7,3.75,CHEVROLET,ENJOY 1.4,1399.0
442,2016,82756,Diesel,Manual,First,15.96,15.96,7.7,MAHINDRA,BOLERO ZLX,2523.0
443,2012,50243,Petrol,Manual,First,0.0,0.0,3.35,HYUNDAI,SANTRO GLS,1086.0
444,2014,20600,Petrol,Manual,First,21.1,21.1,2.6,HYUNDAI,EON D,814.0
445,2017,29952,Petrol,Automatic,First,13.0,13.0,13.77,HYUNDAI,CRETA 1.6,1591.0
446,2017,15000,Petrol,Manual,Second,16.09,16.09,7.1,VOLKSWAGEN,VENTO 1.6,1598.0
447,2008,61938,Petrol,Automatic,Second,12.9,12.9,2.65,HONDA,CIVIC 2006-2010,1799.0
448,2014,67000,Diesel,Manual,First,22.3,22.3,2.5,TATA,INDICA VISTA,1248.0
449,2013,61672,Diesel,Manual,First,16.0,16.0,7.53,MAHINDRA,XUV500 W8,2179.0
450,2017,26185,Petrol,Manual,First,18.6,18.6,7.98,HYUNDAI,I20 1.2,1197.0
451,2014,38000,Diesel,Automatic,Second,14.16,14.16,39.0,AUDI,Q5 30,1968.0
452,2011,67000,Petrol,Manual,Second,18.5,18.5,2.25,MARUTI,RITZ VXI,1197.0
453,2010,66000,Petrol,Manual,Second,13.17,13.17,3.85,MITSUBISHI,CEDIA SPORTS,1999.0
454,2015,80883,Diesel,Manual,First,12.8,12.8,13.5,TOYOTA,INNOVA 2.5,2494.0
455,2016,80219,Diesel,Manual,First,27.62,27.62,3.5,MARUTI,CELERIO LDI,793.0
456,2018,12923,Diesel,Manual,First,25.1,25.1,8.92,MARUTI,S-CROSS DELTA,1248.0
457,2016,86642,Diesel,Automatic,First,15.17,15.17,20.37,AUDI,Q3 35,1968.0
458,2016,19235,Diesel,Automatic,First,21.76,21.76,36.5,BMW,3 SERIES,1995.0
459,2016,51002,Diesel,Automatic,First,11.33,11.33,48.91,AUDI,Q7 4.2,4134.0
460,2016,6800,Petrol,Manual,First,18.6,18.6,7.2,HYUNDAI,I20 2015-2017,1197.0
461,2012,82749,Diesel,Manual,First,19.01,19.01,5.99,RENAULT,DUSTER 110PS,1461.0
462,2016,51000,Diesel,Manual,First,24.4,24.4,5.25,HYUNDAI,XCENT 1.1,1120.0
463,2014,31465,Diesel,Manual,First,22.7,22.7,6.5,FORD,ECOSPORT 1.5,1498.0
464,2013,76476,Petrol,Manual,First,16.47,16.47,4.4,VOLKSWAGEN,POLO PETROL,1198.0
465,2017,14000,Diesel,Manual,First,24.0,24.0,4.6,HYUNDAI,GRAND I10,1120.0
466,2013,47000,Diesel,Manual,First,21.12,21.12,2.95,TATA,MANZA AQUA,1248.0
467,2011,48466,Petrol,Manual,First,17.0,17.0,3.26,HONDA,CITY 1.5,1497.0
468,2008,46000,Petrol,Manual,Second,17.92,17.92,2.22,HYUNDAI,SANTRO XING,1086.0
469,2012,162663,Diesel,Manual,First,12.99,12.99,10.5,TOYOTA,INNOVA 2.5,2494.0
470,2017,25142,Diesel,Manual,First,28.09,28.09,8.26,MARUTI,CIAZ 1.3,1248.0
471,2013,69000,Diesel,Manual,First,12.55,12.55,14.45,TOYOTA,FORTUNER 4X4,2982.0
472,2009,80524,Petrol,Manual,Second,15.3,15.3,2.5,FORD,FIESTA 1.6,1596.0
473,2018,26405,Petrol,Automatic,First,12.6,12.6,51.43,MERCEDES-BENZ,E-CLASS E,1950.0
474,2014,45000,Diesel,Manual,First,15.8,15.8,23.0,MERCEDES-BENZ,NEW C-CLASS,2148.0
475,2012,64284,Diesel,Manual,First,17.72,17.72,5.5,SKODA,YETI AMBITION,1968.0
476,2015,27000,Petrol,Manual,First,18.9,18.9,4.5,HYUNDAI,GRAND I10,1197.0
477,2018,3678,Petrol,Manual,First,18.16,18.16,6.8,FORD,FIGO 2015-2019,1196.0
478,2013,21000,Petrol,Manual,First,16.8,16.8,8.75,SKODA,OCTAVIA AMBITION,1395.0
479,2015,67000,Diesel,Manual,Second,19.87,19.87,7.0,RENAULT,DUSTER 85PS,1461.0
480,2015,24000,Diesel,Automatic,Second,15.68,15.68,33.5,LAND,ROVER RANGE,1999.0
481,2011,75000,Diesel,Manual,Second,20.0,20.0,2.25,FORD,FIGO DIESEL,1399.0
482,2008,179000,Diesel,Automatic,Second,12.8,12.8,4.24,FORD,ENDEAVOUR HURRICANE,2953.0
483,2017,47198,Diesel,Manual,First,12.55,12.55,28.42,TOYOTA,FORTUNER 4X4,2982.0
484,2012,52000,Diesel,Manual,First,22.07,22.07,2.75,VOLKSWAGEN,POLO DIESEL,1199.0
485,2011,91000,Diesel,Manual,First,23.2,23.2,3.0,MARUTI,RITZ VDI,1248.0
486,2013,60000,Diesel,Manual,First,23.08,23.08,3.55,NISSAN,MICRA DIESEL,1461.0
487,2013,37873,Diesel,Manual,First,22.32,22.32,4.8,HYUNDAI,VERNA 1.6,1582.0
488,2011,31000,Petrol,Automatic,First,10.8,10.8,13.5,BMW,5 SERIES,2497.0
489,2017,129000,Diesel,Automatic,First,11.0,11.0,56.0,MERCEDES-BENZ,GLS 350D,2987.0
490,2004,78000,Petrol,Automatic,First,12.0,12.0,3.99,HONDA,CR-V 2.4L,2354.0
491,2016,32000,Diesel,Automatic,First,17.01,17.01,15.5,HYUNDAI,CRETA 1.6,1582.0
492,2010,59000,Petrol,Manual,Second,19.81,19.81,2.32,HYUNDAI,I10 ERA,1086.0
493,2016,35437,Diesel,Automatic,First,20.0,20.0,18.58,MERCEDES-BENZ,A CLASS,2143.0
494,2014,98000,Petrol,Manual,First,16.02,16.02,5.5,MARUTI,ERTIGA VXI,1373.0
495,2006,72000,Diesel,Manual,Second,18.7,18.7,3.2,SKODA,OCTAVIA CLASSIC,1896.0
496,2015,79000,Petrol,Manual,First,18.0,18.0,4.0,HONDA,AMAZE VX,1198.0
497,2004,29000,Petrol,Manual,First,17.3,17.3,1.6,MARUTI,ZEN LXI,993.0
498,2013,66012,Petrol,Manual,First,15.5,15.5,4.15,MARUTI,SX4 ZXI,1586.0
499,2014,35000,Petrol,Automatic,First,16.5,16.5,4.25,HONDA,BRIO VX,1198.0
500,2011,75000,Petrol,Manual,First,18.9,18.9,2.6,MARUTI,WAGON R,998.0
501,2008,80000,Petrol,Automatic,Second,12.1,12.1,3.43,TOYOTA,CAMRY A/T,2362.0
502,2012,32717,Petrol,Manual,First,18.6,18.6,2.55,CHEVROLET,BEAT LS,1199.0
503,2017,25000,Diesel,Automatic,First,12.55,12.55,32.0,TOYOTA,FORTUNER 4X4,2982.0
504,2014,79000,Diesel,Manual,First,22.7,22.7,6.25,FORD,ECOSPORT 1.5,1498.0
505,2010,86000,Diesel,Manual,Second,17.8,17.8,3.6,MARUTI,SWIFT VDI,1248.0
506,2010,137000,Diesel,Automatic,First,13.5,13.5,18.5,MERCEDES-BENZ,S CLASS,2987.0
507,2015,25000,Petrol,Manual,Second,17.3,17.3,4.25,HONDA,MOBILIO S,1497.0
508,2017,8500,Petrol,Manual,Second,18.9,18.9,4.8,HYUNDAI,GRAND I10,1197.0
509,2015,34000,Diesel,Automatic,First,16.0,16.0,13.0,MAHINDRA,XUV500 AT,2179.0
510,2012,41629,Petrol,Manual,Second,14.83,14.83,2.25,SKODA,FABIA 1.6,1598.0
511,2009,80227,Petrol,Manual,First,17.92,17.92,2.3,HYUNDAI,SANTRO XING,1086.0
512,2019,8587,Petrol,Manual,First,15.29,15.29,13.56,HYUNDAI,CRETA 1.6,1591.0
513,2017,30000,Diesel,Manual,First,15.4,15.4,12.25,MAHINDRA,SCORPIO 1.99,1997.0
514,2013,64186,Diesel,Manual,First,20.5,20.5,3.76,SKODA,RAPID 1.6,1598.0
515,2015,76427,Diesel,Manual,First,19.01,19.01,8.58,RENAULT,DUSTER 110PS,1461.0
516,2011,75000,Diesel,Automatic,First,11.7,11.7,27.5,BMW,X5 XDRIVE,2993.0
517,2013,27075,Petrol,Manual,First,17.6,17.6,4.95,TOYOTA,ETIOS G,1496.0
518,2012,30000,Petrol,Manual,First,22.5,22.5,3.3,MARUTI,WAGON R,998.0
519,2016,69434,Petrol,Manual,First,15.8,15.8,8.0,HYUNDAI,CRETA 1.6,1591.0
520,2014,56000,Petrol,Manual,First,23.1,23.1,2.79,MARUTI,CELERIO VXI,998.0
521,2017,49275,Diesel,Automatic,First,12.7,12.7,45.64,LAND,ROVER RANGE,2179.0
522,2014,8700,Petrol,Manual,First,18.6,18.6,2.55,CHEVROLET,BEAT LT,1199.0
523,2014,18000,Petrol,Manual,Second,25.4,25.4,1.0,TATA,NANO TWIST,624.0
524,2017,41041,Diesel,Automatic,First,17.68,17.68,37.56,AUDI,A6 2011-2015,1968.0
525,2009,80464,Diesel,Automatic,Second,11.0,11.0,9.29,MERCEDES-BENZ,E-CLASS 280,2987.0
526,2019,20667,Petrol,Manual,First,22.0,22.0,6.37,MARUTI,SWIFT VXI,1197.0
527,2013,60283,Petrol,Manual,First,14.6,14.6,2.98,FIAT,LINEA T,1368.0
528,2017,31696,Petrol,Manual,First,20.4,20.4,5.75,MARUTI,SWIFT VXI,1197.0
529,2010,100000,Diesel,Manual,First,11.5,11.5,13.0,TOYOTA,FORTUNER 3.0,2982.0
530,2014,13361,Petrol,Manual,First,16.02,16.02,6.8,MARUTI,ERTIGA ZXI,1373.0
531,2010,48394,Petrol,Automatic,First,12.05,12.05,10.49,BMW,3 SERIES,1995.0
532,2014,47399,Petrol,Manual,First,16.02,16.02,5.6,MARUTI,ERTIGA VXI,1373.0
533,2010,69000,Petrol,Automatic,Second,16.8,16.8,2.85,HONDA,CITY 1.5,1497.0
534,2013,65278,Diesel,Manual,First,14.66,14.66,8.36,HYUNDAI,SANTA FE,2199.0
535,2005,108000,Diesel,Manual,First,17.0,17.0,1.0,TATA,INDIGO LS,1405.0
536,2010,50645,Petrol,Automatic,Second,10.93,10.93,10.75,MERCEDES-BENZ,E-CLASS 2009-2013,2497.0
537,2011,130002,Diesel,Manual,First,19.3,19.3,3.85,MARUTI,SWIFT DZIRE,1248.0
538,2012,107000,Diesel,Manual,First,17.8,17.8,3.0,FORD,FIESTA CLASSIC,1399.0
539,2015,41950,Petrol,Automatic,First,18.0,18.0,9.6,HONDA,CITY I,1497.0
540,2012,109000,Diesel,Manual,First,13.0,13.0,13.25,TOYOTA,FORTUNER 4X2,2982.0
541,2016,9000,Petrol,Manual,First,18.0,18.0,5.75,HONDA,AMAZE VX,1198.0
542,2014,43900,Diesel,Manual,First,22.54,22.54,6.75,HYUNDAI,I20 ASTA,1396.0
543,2013,64000,Diesel,Manual,Second,18.2,18.2,4.85,CHEVROLET,ENJOY TCDI,1248.0
544,2019,13190,Petrol,Automatic,First,0.0,0.0,38.99,MERCEDES-BENZ,NEW C-CLASS,1950.0
545,2009,77652,Petrol,Automatic,First,12.6,12.6,2.85,MARUTI,SX4 ZXI,1586.0
546,2012,55000,Diesel,Manual,First,12.99,12.99,9.51,TOYOTA,INNOVA 2.5,2494.0
547,2012,59900,Diesel,Automatic,Second,18.48,18.48,18.5,BMW,5 SERIES,1995.0
548,2015,73539,Diesel,Manual,First,19.01,19.01,6.75,RENAULT,DUSTER 110PS,1461.0
549,2017,31645,Diesel,Automatic,First,20.68,20.68,29.4,BMW,X1 SDRIVE,1995.0
550,2009,69690,Petrol,Manual,First,17.7,17.7,3.29,HONDA,CITY ZX,1497.0
551,2016,41000,Diesel,Manual,First,28.09,28.09,9.5,MARUTI,CIAZ RS,1248.0
552,2010,109200,Petrol,Manual,Second,17.5,17.5,2.2,MARUTI,SWIFT DZIRE,1298.0
553,2012,80000,Diesel,Manual,First,15.1,15.1,6.5,MAHINDRA,XUV500 W6,2179.0
554,2007,51000,Petrol,Manual,First,13.5,13.5,4.9,HONDA,CIVIC 2006-2010,1799.0
555,2013,105000,Diesel,Manual,Second,25.47,25.47,6.75,MARUTI,ERTIGA ZDI,1248.0
556,2013,179000,Diesel,Manual,First,23.59,23.59,3.8,TOYOTA,ETIOS LIVA,1364.0
557,2013,12100,Petrol,Automatic,First,9.9,9.9,29.5,AUDI,TT 2.0,1984.0
558,2017,31000,Diesel,Manual,First,21.13,21.13,10.5,SKODA,RAPID 1.5,1498.0
559,2015,50000,Diesel,Manual,First,20.14,20.14,6.2,VOLKSWAGEN,POLO 1.5,1498.0
560,2009,48000,Diesel,Automatic,First,17.0,17.0,5.0,SKODA,LAURA 1.9,1896.0
561,2007,35000,Diesel,Manual,First,19.2,19.2,2.3,MAHINDRA,RENAULT LOGAN,1461.0
562,2016,100200,Diesel,Automatic,First,11.36,11.36,17.0,TOYOTA,INNOVA CRYSTA,2755.0
563,2014,47000,Diesel,Automatic,First,18.88,18.88,25.5,BMW,3 SERIES,1995.0
564,2015,63642,Diesel,Manual,First,27.3,27.3,5.65,HONDA,JAZZ 1.5,1498.0
565,2015,62550,Diesel,Manual,First,25.8,25.8,5.6,HONDA,AMAZE VX,1498.0
566,2015,37340,Diesel,Automatic,First,16.36,16.36,29.98,JAGUAR,XF 2.2,2179.0
567,2016,38461,Diesel,Manual,First,26.59,26.59,7.39,MARUTI,SWIFT DZIRE,1248.0
568,2018,29000,Diesel,Manual,First,17.1,17.1,19.0,JEEP,COMPASS 2.0,1956.0
569,2010,31000,Petrol,Manual,First,12.5,12.5,5.0,TOYOTA,COROLLA ALTIS,1794.0
570,2011,42086,Petrol,Manual,First,17.0,17.0,3.35,HONDA,CITY 1.5,1497.0
571,2013,49000,Petrol,Manual,First,18.6,18.6,4.45,MARUTI,SWIFT ZXI,1197.0
572,2019,77240,Diesel,Automatic,First,22.32,22.32,8.31,HYUNDAI,VERNA 1.6,1582.0
573,2012,105000,Diesel,Manual,Second,15.96,15.96,6.0,MAHINDRA,BOLERO ZLX,2523.0
574,2014,35000,Diesel,Manual,First,22.9,22.9,5.25,MARUTI,SWIFT VDI,1248.0
575,2006,83072,Petrol,Manual,First,17.0,17.0,1.4,HYUNDAI,SANTRO XING,1086.0
576,2012,202082,Diesel,Automatic,First,17.68,17.68,12.3,AUDI,A6 2011-2015,1968.0
577,2004,129000,Petrol,Manual,Third,13.8,13.8,1.5,FORD,IKON 1.3,1299.0
578,2018,33558,Diesel,Manual,First,20.14,20.14,8.12,VOLKSWAGEN,POLO 1.5,1498.0
579,2012,60271,Diesel,Manual,First,13.6,13.6,6.12,MAHINDRA,BOLERO VLX,2523.0
580,2017,45366,Diesel,Manual,First,25.1,25.1,10.88,HONDA,CITY I,1498.0
581,2014,9500,Petrol,Manual,First,18.2,18.2,3.5,CHEVROLET,SAIL HATCHBACK,1199.0
582,2016,42362,Petrol,Manual,First,18.6,18.6,6.15,HYUNDAI,I20 1.2,1197.0
583,2016,21000,Diesel,Automatic,First,17.05,17.05,33.0,BMW,X1 SDRIVE,1995.0
584,2012,15200,Diesel,Automatic,First,15.06,15.06,13.5,BMW,X1 SDRIVE,1995.0
585,2015,43690,Diesel,Automatic,First,12.55,12.55,17.11,TOYOTA,FORTUNER 4X2,2982.0
586,2014,79926,Diesel,Automatic,First,11.33,11.33,29.77,AUDI,Q7 4.2,4134.0
587,2013,53073,Diesel,Manual,First,20.77,20.77,5.95,MARUTI,ERTIGA VDI,1248.0
588,2015,59000,Petrol,Manual,First,18.5,18.5,5.75,HYUNDAI,I20 1.2,1197.0
589,2006,47088,Petrol,Automatic,Second,10.13,10.13,19.0,MERCEDES-BENZ,S CLASS,3498.0
590,2014,55000,Diesel,Manual,First,20.45,20.45,4.75,RENAULT,DUSTER 85PS,1461.0
591,2013,80430,Diesel,Manual,Second,17.21,17.21,3.3,MAHINDRA,QUANTO C2,1493.0
592,2013,71932,Diesel,Automatic,First,12.55,12.55,16.5,TOYOTA,FORTUNER 4X2,2982.0
593,2014,19000,Diesel,Automatic,First,15.97,15.97,44.0,BMW,X5 2014-2019,2993.0
594,2011,81759,Diesel,Manual,First,19.3,19.3,4.39,MARUTI,SWIFT DZIRE,1248.0
595,2018,52010,Diesel,Manual,First,25.2,25.2,6.2,MARUTI,SWIFT LDI,1248.0
596,2016,58953,Petrol,Automatic,First,13.53,13.53,24.22,AUDI,A6 2011-2015,1984.0
597,2008,93000,Diesel,Manual,Third,10.5,10.5,5.45,MITSUBISHI,PAJERO 2.8,2835.0
598,2016,10000,Diesel,Automatic,First,16.36,16.36,44.0,JAGUAR,XF 2.2,2179.0
599,2019,40674,Diesel,Automatic,First,11.36,11.36,24.82,TOYOTA,INNOVA CRYSTA,2755.0
600,2015,50000,Diesel,Automatic,First,19.3,19.3,11.69,SKODA,OCTAVIA AMBITION,1968.0
601,2018,1331,Petrol,Automatic,First,14.28,14.28,20.0,TOYOTA,COROLLA ALTIS,1798.0
602,2010,60000,Petrol,Manual,First,19.7,19.7,1.45,MARUTI,OMNI 8,796.0
603,2018,10003,Diesel,Automatic,First,17.9,17.9,48.5,MERCEDES-BENZ,GLC 220D,2143.0
604,2016,25000,Diesel,Automatic,First,21.5,21.5,9.45,VOLKSWAGEN,VENTO 1.5,1498.0
605,2015,73000,Diesel,Manual,First,16.0,16.0,12.5,MAHINDRA,XUV500 W10,2179.0
606,2014,59962,Diesel,Manual,First,20.45,20.45,6.9,NISSAN,TERRANO XL,1461.0
607,2012,72000,Diesel,Manual,Second,22.32,22.32,5.8,HYUNDAI,VERNA 1.6,1582.0
608,2016,20967,Diesel,Automatic,First,14.69,14.69,44.56,BMW,5 SERIES,2993.0
609,2015,35000,Diesel,Manual,Second,15.4,15.4,8.5,MAHINDRA,SCORPIO S4,2179.0
610,2017,38056,Diesel,Manual,First,23.9,23.9,10.7,HYUNDAI,VERNA 1.6,1582.0
611,2009,94000,Diesel,Automatic,Second,12.07,12.07,12.0,AUDI,Q7 3.0,2967.0
612,2010,64236,Petrol,Manual,First,14.7,14.7,2.44,CHEVROLET,AVEO U-VA,1150.0
613,2000,124000,Diesel,Manual,First,13.6,13.6,1.95,MAHINDRA,BOLERO ZLX,2523.0
614,2014,7400,Petrol,Manual,First,19.1,19.1,4.35,HYUNDAI,XCENT 1.2,1197.0
615,2017,52000,Diesel,Manual,First,13.68,13.68,17.5,TOYOTA,INNOVA CRYSTA,2393.0
616,2015,68764,Petrol,Manual,First,21.1,21.1,2.9,HYUNDAI,EON ERA,814.0
617,2013,64000,Diesel,Manual,First,22.07,22.07,2.9,VOLKSWAGEN,POLO DIESEL,1199.0
618,2016,21558,Diesel,Manual,First,24.3,24.3,8.9,MARUTI,VITARA BREZZA,1248.0
619,2013,37500,Diesel,Automatic,First,18.88,18.88,16.75,BMW,3 SERIES,1995.0
620,2016,14077,Petrol,Manual,First,21.1,21.1,3.95,HYUNDAI,EON SPORTZ,814.0
621,2009,70000,Petrol,Manual,First,17.0,17.0,2.1,HONDA,CITY 1.5,1497.0
622,2011,54316,Petrol,Manual,Second,12.8,12.8,4.29,HONDA,ACCORD 2.4,2354.0
623,2009,90764,Diesel,Manual,First,14.0,14.0,3.85,MAHINDRA,XYLO E8,2498.0
624,2009,137000,Diesel,Automatic,Second,13.2,13.2,9.0,BMW,3 SERIES,1995.0
625,2013,127000,Petrol,Manual,Second,16.8,16.8,4.5,HONDA,CITY V,1497.0
626,2016,51884,Diesel,Manual,First,16.0,16.0,12.46,MAHINDRA,XUV500 W10,2179.0
627,2014,67407,Diesel,Manual,First,21.27,21.27,4.65,HYUNDAI,I20 ASTA,1396.0
628,2014,107825,Diesel,Manual,First,13.0,13.0,20.5,TOYOTA,FORTUNER 4X2,2982.0
629,2006,82453,Diesel,Manual,First,13.6,13.6,2.9,MAHINDRA,BOLERO DI,2523.0
630,2007,30441,Petrol,Manual,First,15.9,15.9,1.45,MARUTI,ESTEEM VXI,1298.0
631,2002,70000,Petrol,Manual,Third,0.0,0.0,0.65,HYUNDAI,SANTRO LS,1086.0
632,2016,11000,Diesel,Automatic,First,20.7,20.7,29.5,MINI,COOPER 5,1496.0
633,2015,61000,Diesel,Automatic,First,15.73,15.73,25.0,AUDI,Q3 35,1968.0
634,2013,48454,Petrol,Manual,Second,17.0,17.0,3.5,HYUNDAI,I20 SPORTZ,1197.0
635,2017,37000,Diesel,Manual,First,14.1,14.1,11.25,TATA,SAFARI STORME,2179.0
636,2017,32249,Diesel,Manual,First,21.9,21.9,10.79,HONDA,BR-V I-DTEC,1498.0
637,2013,58000,Diesel,Manual,First,19.33,19.33,5.9,VOLKSWAGEN,JETTA 2013-2015,1968.0
638,2017,28360,Petrol,Manual,First,19.1,19.1,5.12,HYUNDAI,XCENT 1.2,1197.0
639,2017,7000,Petrol,Manual,First,20.89,20.89,5.7,MARUTI,IGNIS 1.2,1197.0
640,2016,19658,Diesel,Automatic,First,18.12,18.12,35.84,BMW,5 SERIES,1995.0
641,2007,92000,Petrol,Manual,First,13.8,13.8,1.25,FORD,IKON 1.3,1299.0
642,2013,25000,Petrol,Manual,First,20.36,20.36,2.65,HYUNDAI,I10 SPORTZ,1197.0
643,2016,37882,Diesel,Manual,First,22.32,22.32,9.19,HYUNDAI,VERNA 1.6,1582.0
644,2014,69330,Diesel,Automatic,First,16.07,16.07,23.5,BMW,3 SERIES,1995.0
645,2011,61000,Petrol,Automatic,First,12.3,12.3,12.5,MERCEDES-BENZ,E-CLASS 2009-2013,1796.0
646,2010,35000,Petrol,Manual,Second,18.6,18.6,1.5,CHEVROLET,BEAT OPTION,1199.0
647,2004,200000,Petrol,Manual,First,0.0,0.0,0.8,HYUNDAI,SANTRO XING,1086.0
648,2009,82000,Diesel,Manual,Second,13.5,13.5,0.75,TATA,INDICA DLS,1405.0
649,2012,72450,Diesel,Manual,First,15.1,15.1,8.1,MAHINDRA,XUV500 W8,2179.0
650,2017,36381,Diesel,Manual,First,28.09,28.09,9.75,MARUTI,CIAZ ZDI,1248.0
651,2017,25559,Diesel,Automatic,First,19.71,19.71,37.93,MERCEDES-BENZ,NEW C-CLASS,2143.0
652,2005,100000,Petrol,Automatic,Third,16.4,16.4,1.96,HONDA,CITY ZX,1497.0
653,2015,94000,Diesel,Automatic,First,11.5,11.5,20.5,TOYOTA,FORTUNER 4X2,2982.0
654,2011,64357,Petrol,Manual,First,24.07,24.07,2.75,MARUTI,ALTO K10,998.0
655,2017,10501,Petrol,Automatic,First,9.43,9.43,75.0,JAGUAR,XJ 2.0L,1999.0
656,2009,47000,Diesel,Manual,First,21.9,21.9,2.8,HYUNDAI,I20 1.4,1396.0
657,2017,18000,Petrol,Automatic,First,16.0,16.0,9.25,HONDA,BRV I-VTEC,1497.0
658,2007,89000,Petrol,Manual,First,13.4,13.4,3.0,TOYOTA,COROLLA EXECUTIVE,1794.0
659,2014,49964,Diesel,Automatic,First,17.68,17.68,23.89,AUDI,A6 2011-2015,1968.0
660,2014,35000,Diesel,Manual,First,12.99,12.99,12.75,TOYOTA,INNOVA 2.5,2494.0
661,2014,64000,Diesel,Manual,First,24.0,24.0,4.15,HYUNDAI,GRAND I10,1120.0
662,2013,36000,Petrol,Automatic,First,14.8,14.8,4.65,VOLKSWAGEN,VENTO IPL,1598.0
663,2012,78600,Diesel,Manual,First,12.8,12.8,8.9,TOYOTA,INNOVA 2.5,2494.0
664,2008,170000,Diesel,Manual,Second,16.8,16.8,1.5,HYUNDAI,VERNA CRDI,1493.0
665,2015,65000,Diesel,Manual,Second,23.2,23.2,3.27,MARUTI,RITZ VDI,1248.0
666,2008,120300,Diesel,Automatic,Second,12.07,12.07,18.0,AUDI,Q7 3.0,2967.0
667,2016,21000,Petrol,Manual,First,18.6,18.6,6.3,HYUNDAI,I20 ASTA,1197.0
668,2017,18108,Diesel,Manual,First,24.3,24.3,11.31,MARUTI,VITARA BREZZA,1248.0
669,2014,58407,Petrol,Manual,First,17.4,17.4,6.16,HONDA,CITY I,1497.0
670,2014,49500,Petrol,Manual,First,20.73,20.73,6.0,MARUTI,CIAZ ZXI,1373.0
671,2013,37199,Petrol,Automatic,First,17.5,17.5,5.43,NISSAN,SUNNY XV,1498.0
672,2012,62000,Diesel,Manual,First,22.07,22.07,4.65,VOLKSWAGEN,POLO DIESEL,1199.0
673,2015,59000,Diesel,Manual,First,20.77,20.77,7.5,MARUTI,ERTIGA ZDI,1248.0
674,2015,60000,Diesel,Manual,First,26.59,26.59,6.25,MARUTI,SWIFT DZIRE,1248.0
675,2007,39037,Diesel,Automatic,First,14.84,14.84,9.25,MERCEDES-BENZ,NEW C-CLASS,2143.0
676,2013,17003,Petrol,Manual,First,19.4,19.4,3.15,HONDA,BRIO S,1198.0
677,2008,80400,Petrol,Manual,First,16.0,16.0,2.3,HYUNDAI,I10 MAGNA,1086.0
678,2012,75200,Diesel,Manual,First,22.32,22.32,5.25,HYUNDAI,VERNA 1.6,1582.0
679,2017,41217,Diesel,Manual,First,28.09,28.09,7.4,MARUTI,CIAZ VDI,1248.0
680,2006,98293,Petrol,Manual,Second,13.8,13.8,1.55,FORD,IKON 1.3,1299.0
681,2017,54000,Petrol,Manual,Second,16.2,16.2,6.0,VOLKSWAGEN,POLO 1.2,1199.0
682,2016,17377,Petrol,Manual,First,18.7,18.7,5.9,HONDA,JAZZ 1.2,1199.0
683,2013,33800,Diesel,Manual,Second,25.8,25.8,4.7,HONDA,AMAZE EX,1498.0
684,2015,86157,Diesel,Manual,First,22.54,22.54,6.5,HYUNDAI,I20 ASTA,1396.0
685,2012,146824,Diesel,Manual,First,21.1,21.1,3.55,MARUTI,RITZ VDI,1248.0
686,2014,55000,Petrol,Manual,First,16.8,16.8,7.1,HONDA,CITY V,1497.0
687,2010,53293,Petrol,Manual,First,13.14,13.14,6.0,SKODA,SUPERB 1.8,1798.0
688,2017,38000,Diesel,Manual,First,24.3,24.3,7.99,MARUTI,VITARA BREZZA,1248.0
689,2009,64000,Petrol,Manual,Second,17.0,17.0,4.1,HYUNDAI,I20 ASTA,1197.0
690,2017,25058,Petrol,Automatic,First,24.07,24.07,3.95,MARUTI,ALTO K10,998.0
691,2016,36700,Petrol,Manual,First,21.1,21.1,4.38,HYUNDAI,EON ERA,814.0
692,2011,35000,Petrol,Manual,First,20.36,20.36,2.75,HYUNDAI,I10 SPORTZ,1197.0
693,2016,22732,Petrol,Automatic,First,18.1,18.1,55.54,MERCEDES-BENZ,SLK-CLASS SLK,3498.0
694,2014,48000,Diesel,Automatic,First,18.53,18.53,29.0,AUDI,A6 2.0,1968.0
695,2013,62084,Diesel,Manual,First,22.77,22.77,6.6,FORD,ECOSPORT 1.5,1498.0
696,2012,39273,Diesel,Automatic,First,14.3,14.3,6.99,VOLKSWAGEN,PASSAT HIGHLINE,1968.0
697,2017,64798,Diesel,Manual,First,13.68,13.68,18.75,TOYOTA,INNOVA CRYSTA,2393.0
698,2010,100002,Diesel,Manual,Third,20.0,20.0,1.28,FORD,FIGO DIESEL,1399.0
699,2006,78000,Petrol,Manual,Third,14.49,14.49,1.2,CHEVROLET,AVEO 1.4,1399.0
700,2013,57717,Petrol,Manual,First,18.5,18.5,4.31,MARUTI,RITZ LXI,1197.0
701,2011,109000,Diesel,Automatic,First,12.39,12.39,16.5,LAND,ROVER FREELANDER,2179.0
702,2017,74515,Petrol,Manual,First,18.9,18.9,5.64,HYUNDAI,GRAND I10,1197.0
703,2017,50484,Diesel,Automatic,First,10.91,10.91,31.12,FORD,ENDEAVOUR 3.2,3198.0
704,2013,13452,Diesel,Automatic,First,12.8,12.8,25.46,AUDI,Q5 2008-2012,1968.0
705,2017,37688,Petrol,Manual,First,17.01,17.01,7.88,HYUNDAI,VERNA 1.6,1591.0
706,2017,34000,Diesel,Automatic,First,13.0,13.0,36.0,MERCEDES-BENZ,E-CLASS 2015-2017,2143.0
707,2014,120000,Diesel,Automatic,First,0.0,0.0,30.0,MERCEDES-BENZ,M-CLASS ML,2987.0
708,2008,64000,Petrol,Manual,Second,17.5,17.5,2.85,MARUTI,SWIFT DZIRE,1298.0
709,2011,100000,Petrol,Manual,First,13.0,13.0,3.5,HONDA,CITY 1.3,1343.0
710,2014,75000,Diesel,Manual,First,20.46,20.46,7.5,RENAULT,DUSTER 85PS,1461.0
711,2012,86000,Diesel,Automatic,First,14.84,14.84,19.0,MERCEDES-BENZ,NEW C-CLASS,2143.0
712,2015,69000,Diesel,Automatic,First,15.97,15.97,54.0,BMW,X5 XDRIVE,2993.0
713,2015,41721,Petrol,Manual,First,19.1,19.1,4.7,HYUNDAI,XCENT 1.2,1197.0
714,2017,13000,Petrol,Automatic,First,22.0,22.0,8.5,MARUTI,DZIRE AMT,1197.0
715,2013,38998,Diesel,Automatic,First,16.07,16.07,17.0,BMW,3 SERIES,1995.0
716,2017,54250,Petrol,Manual,First,22.74,22.74,3.51,MARUTI,ALTO 800,796.0
717,2013,45979,Diesel,Automatic,Second,17.11,17.11,19.5,AUDI,A4 2.0,1968.0
718,2012,37000,Petrol,Automatic,Second,13.6,13.6,17.0,MINI,COOPER S,1598.0
719,2015,46983,Diesel,Automatic,Second,12.07,12.07,43.35,AUDI,Q7 3.0,2967.0
720,2012,40700,Diesel,Manual,First,25.44,25.44,2.65,CHEVROLET,BEAT DIESEL,936.0
721,2015,43828,Petrol,Manual,First,20.51,20.51,3.52,MARUTI,WAGON R,998.0
722,2016,53000,Diesel,Manual,First,19.01,19.01,6.25,NISSAN,TERRANO XV,1461.0
723,2015,100000,Diesel,Automatic,First,18.88,18.88,24.75,BMW,3 SERIES,1995.0
724,2015,19000,Petrol,Manual,First,20.85,20.85,5.25,MARUTI,SWIFT DZIRE,1197.0
725,2016,84000,Diesel,Manual,First,17.72,17.72,11.0,SKODA,YETI ELEGANCE,1968.0
726,2018,37630,Petrol,Automatic,First,15.63,15.63,9.1,FORD,ECOSPORT 1.5,1499.0
727,2010,67714,Petrol,Manual,First,18.5,18.5,3.25,HYUNDAI,I20 1.2,1197.0
728,2017,32000,Diesel,Manual,First,15.0,15.0,8.5,MARUTI,S CROSS,1248.0
729,2010,51000,Petrol,Manual,First,16.2,16.2,3.1,HYUNDAI,VERNA TRANSFORM,1599.0
730,2015,58390,Diesel,Automatic,First,18.88,18.88,19.86,BMW,3 SERIES,1995.0
731,2017,14000,Diesel,Manual,First,24.0,24.0,4.9,HYUNDAI,GRAND I10,1186.0
732,2014,55818,Petrol,Manual,Second,17.4,17.4,5.7,HONDA,CITY I-VTEC,1497.0
734,2012,52241,Diesel,Manual,First,25.2,25.2,2.9,MARUTI,SWIFT VDI,1248.0
735,2018,25433,Diesel,Manual,First,27.39,27.39,7.83,MARUTI,BALENO ZETA,1248.0
736,2015,40611,Diesel,Manual,First,14.0,14.0,8.15,TATA,SAFARI STORME,2179.0
737,2008,72000,Petrol,Manual,Second,13.2,13.2,2.0,HYUNDAI,ACCENT GLS,1495.0
738,2016,54631,Diesel,Manual,First,25.2,25.2,6.25,MARUTI,SWIFT LDI,1248.0
739,2007,60000,Diesel,Manual,Second,17.8,17.8,3.4,MARUTI,SWIFT VDI,1248.0
740,2016,24941,Petrol,Automatic,First,21.9,21.9,3.19,TATA,NANO XTA,624.0
741,2017,63939,Diesel,Manual,First,25.47,25.47,7.75,MARUTI,ERTIGA VDI,1248.0
742,2014,35214,Petrol,Automatic,Second,23.1,23.1,3.2,MARUTI,CELERIO VXI,998.0
743,2015,63000,Diesel,Manual,First,25.2,25.2,4.9,MARUTI,SWIFT VDI,1248.0
744,2012,121377,Petrol,Manual,First,15.04,15.04,3.8,VOLKSWAGEN,VENTO PETROL,1598.0
745,2009,100970,Diesel,Automatic,First,15.5,15.5,4.0,VOLKSWAGEN,JETTA 2007-2011,1896.0
746,2014,60000,Diesel,Automatic,Second,20.7,20.7,23.5,MINI,COOPER 5,1496.0
747,2008,77650,Diesel,Manual,First,17.2,17.2,1.15,TATA,INDICA V2,1396.0
748,2007,71297,Petrol,Manual,First,17.0,17.0,2.2,HYUNDAI,SANTRO XING,1086.0
750,2015,18955,Petrol,Automatic,First,18.0,18.0,10.65,HONDA,CITY I-VTEC,1497.0
751,2016,47877,Diesel,Automatic,First,16.36,16.36,35.68,JAGUAR,XF 2.2,2179.0
752,2017,43368,Diesel,Automatic,First,15.0,15.0,31.94,MERCEDES-BENZ,E-CLASS 2015-2017,2143.0
753,2011,73000,Diesel,Manual,Third,18.3,18.3,4.2,CHEVROLET,CRUZE LTZ,1991.0
754,2015,72007,Diesel,Manual,First,15.1,15.1,9.9,MAHINDRA,XUV500 W8,2179.0
755,2014,56778,Petrol,Automatic,First,11.74,11.74,15.46,MERCEDES-BENZ,NEW C-CLASS,1796.0
756,2018,20024,Petrol,Manual,First,18.2,18.2,8.46,HONDA,JAZZ VX,1199.0
757,2013,42103,Petrol,Manual,First,16.78,16.78,3.25,TOYOTA,ETIOS G,1496.0
758,2012,67147,Petrol,Manual,First,19.7,19.7,2.6,MARUTI,ALTO LXI,796.0
759,2016,37806,Petrol,Manual,First,20.4,20.4,5.2,MARUTI,SWIFT VXI,1197.0
760,2009,85000,Petrol,Manual,Third,19.0,19.0,1.8,MARUTI,A-STAR VXI,998.0
761,2011,35000,Petrol,Manual,First,25.4,25.4,1.6,TATA,NANO LX,624.0
762,2015,72035,Diesel,Manual,First,25.5,25.5,2.5,FORD,FIGO TITANIUM,1498.0
763,2011,48500,Petrol,Manual,First,16.0,16.0,2.5,FIAT,LINEA EMOTION,1368.0
764,2017,28854,Petrol,Manual,First,18.16,18.16,6.7,FORD,FIGO ASPIRE,1196.0
765,2005,92450,Petrol,Manual,First,15.4,15.4,1.2,MARUTI,BALENO LXI,1590.0
766,2016,14351,Diesel,Automatic,First,18.88,18.88,35.55,BMW,3 SERIES,1995.0
767,2017,51087,Diesel,Manual,First,17.9,17.9,7.75,CHEVROLET,CRUZE LTZ,1998.0
768,2005,50000,Diesel,Manual,First,12.7,12.7,1.94,MAHINDRA,SCORPIO 2.6,2609.0
769,2016,73000,Diesel,Manual,First,25.0,25.0,2.2,TATA,INDICA V2,1396.0
770,2011,60000,Diesel,Automatic,First,18.1,18.1,3.8,CHEVROLET,CRUZE LTZ,1991.0
771,2016,50000,Diesel,Manual,First,12.8,12.8,15.65,TOYOTA,INNOVA 2.5,2494.0
772,2018,36797,Diesel,Automatic,First,19.27,19.27,39.47,MERCEDES-BENZ,NEW C-CLASS,2143.0
773,2011,50000,Petrol,Manual,Second,18.5,18.5,1.5,MARUTI,RITZ VXI,1197.0
774,2013,94000,Diesel,Manual,First,12.8,12.8,8.85,TOYOTA,INNOVA 2.5,2494.0
775,2013,74000,Diesel,Manual,Second,12.55,12.55,17.9,TOYOTA,FORTUNER 4X4,2982.0
776,2014,41016,Petrol,Automatic,Second,16.95,16.95,5.08,HYUNDAI,I10 SPORTZ,1197.0
777,2012,67000,Diesel,Manual,First,22.32,22.32,6.25,HYUNDAI,VERNA 1.6,1582.0
778,2015,76927,Diesel,Automatic,First,15.73,15.73,22.75,AUDI,Q3 2012-2015,1968.0
779,2010,17088,Petrol,Manual,First,18.6,18.6,1.46,CHEVROLET,BEAT LS,1199.0
780,2007,112808,Diesel,Manual,Second,17.8,17.8,2.05,FORD,FIESTA 1.4,1399.0
781,2014,74980,Diesel,Manual,First,20.0,20.0,4.08,FORD,FIGO DIESEL,1399.0
782,2014,44600,Petrol,Automatic,First,23.1,23.1,4.55,MARUTI,CELERIO VXI,998.0
783,2013,37000,Diesel,Automatic,First,20.0,20.0,14.0,MERCEDES-BENZ,A CLASS,2143.0
784,2016,21000,Petrol,Manual,First,15.8,15.8,10.9,HYUNDAI,CRETA 1.6,1591.0
785,2010,81245,Petrol,Manual,First,18.9,18.9,2.45,MARUTI,WAGON R,998.0
786,2013,70000,Diesel,Automatic,First,10.0,10.0,15.8,MERCEDES-BENZ,E-CLASS 2009-2013,2148.0
787,2017,4018,Petrol,Manual,First,18.88,18.88,8.25,FORD,ECOSPORT 1.5,1499.0
788,2013,70000,Diesel,Automatic,Second,13.73,13.73,8.5,RENAULT,KOLEOS 2.0,1995.0
789,2016,56532,Diesel,Manual,First,16.0,16.0,15.54,MAHINDRA,XUV500 W10,2179.0
790,2013,26875,Petrol,Manual,First,16.8,16.8,2.35,MARUTI,OMNI E,796.0
791,2015,72599,Petrol,Manual,First,22.5,22.5,4.32,MARUTI,WAGON R,998.0
792,2008,205000,Diesel,Manual,Second,13.1,13.1,3.9,FORD,ENDEAVOUR XLT,2499.0
793,2011,98000,Diesel,Manual,Second,22.32,22.32,5.2,HYUNDAI,VERNA 1.6,1582.0
794,2018,19500,Petrol,Manual,First,18.6,18.6,5.85,HYUNDAI,I20 MAGNA,1197.0
795,2013,68000,Petrol,Manual,Second,16.02,16.02,6.25,MARUTI,ERTIGA ZXI,1373.0
796,2019,19654,Diesel,Automatic,First,14.0,14.0,17.63,MAHINDRA,XUV500 W9,2179.0
797,2017,26000,Diesel,Manual,First,23.65,23.65,9.75,MARUTI,SX4 S,1248.0
798,2015,10000,Petrol,Automatic,First,18.1,18.1,55.0,MERCEDES-BENZ,SLK-CLASS SLK,3498.0
799,2011,75020,Diesel,Manual,First,22.07,22.07,4.1,VOLKSWAGEN,POLO DIESEL,1199.0
800,2011,157000,Diesel,Manual,First,12.55,12.55,11.99,TOYOTA,FORTUNER 4X4,2982.0
801,2017,43773,Diesel,Manual,First,16.0,16.0,13.54,MAHINDRA,XUV500 W10,2179.0
802,2016,21000,Diesel,Automatic,First,17.9,17.9,56.0,MERCEDES-BENZ,GLE 250D,2143.0
803,2016,23280,Petrol,Manual,First,18.7,18.7,6.5,HONDA,JAZZ 1.2,1199.0
804,2013,88000,Diesel,Manual,First,23.4,23.4,4.75,MARUTI,SWIFT DZIRE,1248.0
805,2014,67000,Petrol,Manual,First,17.01,17.01,5.6,HYUNDAI,VERNA 1.6,1591.0
806,2017,59636,Diesel,Automatic,First,10.91,10.91,29.2,FORD,ENDEAVOUR 3.2,3198.0
807,2018,11000,Petrol,Manual,First,18.6,18.6,6.35,HYUNDAI,I20 1.2,1197.0
808,2013,60669,Petrol,Manual,First,16.8,16.8,4.95,HONDA,CITY 1.5,1497.0
809,2018,12000,Diesel,Manual,First,27.4,27.4,8.5,HONDA,AMAZE VX,1498.0
810,2013,35000,Petrol,Manual,First,17.1,17.1,4.5,HYUNDAI,VERNA 1.6,1591.0
811,2015,65000,Diesel,Manual,First,24.2,24.2,5.5,HONDA,MOBILIO S,1498.0
812,2013,39929,Diesel,Manual,First,20.77,20.77,6.56,MARUTI,ERTIGA ZDI,1248.0
813,2014,49000,Petrol,Manual,First,24.07,24.07,2.3,MARUTI,ALTO K10,998.0
814,2004,77757,Diesel,Manual,Second,13.1,13.1,3.5,TOYOTA,QUALIS FS,2446.0
815,2016,21456,Petrol,Manual,First,20.36,20.36,4.55,HYUNDAI,I10 SPORTZ,1197.0
816,2009,74000,Diesel,Automatic,Second,17.0,17.0,7.75,SKODA,LAURA 1.9,1896.0
817,2015,37000,Petrol,Manual,Second,18.6,18.6,5.25,HYUNDAI,I20 ASTA,1197.0
818,2013,108640,Diesel,Automatic,First,11.5,11.5,23.29,BMW,5 SERIES,2993.0
819,2016,38000,Diesel,Automatic,First,22.69,22.69,23.99,BMW,3 SERIES,1995.0
820,2010,80000,Petrol,Manual,First,14.49,14.49,1.79,CHEVROLET,AVEO 1.4,1399.0
821,2011,47000,Diesel,Automatic,Second,14.21,14.21,13.9,MERCEDES-BENZ,E-CLASS 2009-2013,2143.0
822,2013,31000,Diesel,Automatic,First,17.68,17.68,18.95,AUDI,A6 2011-2015,1968.0
823,2014,40000,Petrol,Manual,First,20.51,20.51,2.49,MARUTI,WAGON R,998.0
824,2016,4152,Petrol,Manual,First,25.17,25.17,3.15,RENAULT,KWID RXT,799.0
825,2017,51000,Diesel,Manual,First,21.66,21.66,6.45,VOLKSWAGEN,AMEO 1.5,1498.0
826,2013,55000,Diesel,Manual,First,22.07,22.07,4.25,VOLKSWAGEN,POLO DIESEL,1199.0
827,2014,58500,Petrol,Manual,First,22.74,22.74,2.75,MARUTI,ALTO 800,796.0
828,2017,58620,Petrol,Manual,First,18.6,18.6,7.14,HYUNDAI,I20 ASTA,1197.0
829,2012,29605,Petrol,Manual,First,18.3,18.3,2.44,TOYOTA,ETIOS LIVA,1197.0
830,2012,71172,Petrol,Manual,Third,17.0,17.0,3.5,HYUNDAI,I20 1.2,1197.0
831,2017,12000,Diesel,Manual,First,22.54,22.54,7.3,HYUNDAI,I20 1.4,1396.0
832,2014,25000,Petrol,Manual,First,20.51,20.51,2.75,MARUTI,WAGON R,998.0
833,2017,43000,Diesel,Manual,Second,22.54,22.54,8.2,HYUNDAI,I20 1.4,1396.0
834,2015,57022,Petrol,Automatic,First,17.21,17.21,6.51,VOLKSWAGEN,POLO GT,1197.0
835,2015,92000,Diesel,Manual,First,20.0,20.0,4.25,FORD,FIGO DIESEL,1399.0
836,2014,33372,Petrol,Manual,Second,18.6,18.6,6.21,MARUTI,SWIFT ZXI,1197.0
837,2016,52625,Diesel,Manual,First,24.0,24.0,4.58,HYUNDAI,GRAND I10,1120.0
838,2016,215000,Diesel,Manual,First,14.02,14.02,7.5,MAHINDRA,XYLO H4,2179.0
839,2012,65537,CNG,Manual,First,26.83,26.83,2.1,MARUTI,ALTO GREEN,796.0
840,2014,60138,Petrol,Manual,First,19.81,19.81,4.09,HYUNDAI,I10 MAGNA,1086.0
841,2014,84000,Diesel,Automatic,First,19.3,19.3,10.75,SKODA,OCTAVIA ELEGANCE,1968.0
842,2014,47000,Diesel,Automatic,First,15.97,15.97,41.5,BMW,X5 2014-2019,2993.0
843,2014,33450,Petrol,Automatic,First,23.1,23.1,4.4,MARUTI,CELERIO VXI,998.0
844,2013,125000,Diesel,Manual,Second,20.54,20.54,6.25,VOLKSWAGEN,VENTO DIESEL,1598.0
845,2011,99606,Diesel,Automatic,Second,16.07,16.07,10.5,BMW,3 SERIES,1995.0
846,2014,64000,Diesel,Manual,First,20.77,20.77,7.25,MARUTI,ERTIGA ZDI,1248.0
847,2013,51000,Diesel,Manual,First,20.0,20.0,3.2,FORD,FIGO DIESEL,1399.0
848,2014,57000,Petrol,Manual,First,16.47,16.47,3.95,VOLKSWAGEN,POLO 1.2,1198.0
849,2009,48040,Diesel,Automatic,Second,16.77,16.77,12.07,AUDI,A6 3.0,2967.0
850,2017,43200,Diesel,Manual,First,13.68,13.68,18.6,TOYOTA,INNOVA CRYSTA,2393.0
851,2013,66000,Diesel,Automatic,First,22.32,22.32,5.7,HYUNDAI,VERNA 1.6,1582.0
852,2013,31000,Petrol,Manual,First,17.92,17.92,1.75,HYUNDAI,SANTRO XING,1086.0
853,2011,46000,Diesel,Automatic,Second,16.55,16.55,10.99,AUDI,A4 2.0,1968.0
854,2012,47346,Diesel,Automatic,First,16.55,16.55,14.5,AUDI,A4 2.0,1968.0
855,2009,100000,Diesel,Manual,First,17.0,17.0,3.11,SKODA,LAURA 1.9,1896.0
856,2015,63856,Petrol,Automatic,First,13.7,13.7,13.96,HONDA,CR-V 2.0L,1997.0
857,2015,72996,Diesel,Manual,First,22.32,22.32,7.11,HYUNDAI,VERNA 1.6,1582.0
858,2014,23000,Diesel,Manual,First,24.5,24.5,6.9,HONDA,MOBILIO RS,1498.0
859,2018,15985,Petrol,Manual,First,18.6,18.6,7.77,HYUNDAI,I20 1.2,1197.0
860,2011,98000,Diesel,Manual,Second,12.8,12.8,5.5,TOYOTA,INNOVA 2.5,2494.0
861,2014,70089,Petrol,Manual,First,18.6,18.6,5.35,HYUNDAI,I20 MAGNA,1197.0
862,2011,99000,Diesel,Manual,Second,13.6,13.6,4.5,MAHINDRA,BOLERO VLX,2523.0
863,2014,72000,Diesel,Manual,First,20.34,20.34,4.75,VOLKSWAGEN,VENTO 1.5,1498.0
864,2015,44194,Diesel,Automatic,First,16.36,16.36,32.8,JAGUAR,XF 2.2,2179.0
865,2005,102000,Petrol,Manual,First,17.3,17.3,0.7,MARUTI,ZEN LXI,993.0
866,2018,56652,Diesel,Automatic,First,13.0,13.0,50.29,MERCEDES-BENZ,E-CLASS FACELIFT,2987.0
867,2010,41650,Diesel,Manual,Second,11.5,11.5,10.99,TOYOTA,FORTUNER 3.0,2982.0
868,2015,61717,Petrol,Automatic,First,18.9,18.9,5.57,HYUNDAI,GRAND I10,1197.0
869,2018,25302,Diesel,Manual,First,25.4,25.4,5.9,HYUNDAI,XCENT 1.2,1186.0
870,2016,47016,Petrol,Manual,First,15.29,15.29,9.43,HYUNDAI,CRETA 1.6,1591.0
871,2010,69000,Petrol,Manual,First,20.36,20.36,2.9,HYUNDAI,I10 SPORTZ,1197.0
872,2016,32700,Petrol,Manual,First,19.4,19.4,3.68,HONDA,BRIO S,1198.0
873,2015,101337,Diesel,Automatic,First,12.55,12.55,21.67,TOYOTA,FORTUNER 4X2,2982.0
874,2011,59000,Diesel,Automatic,First,16.55,16.55,12.5,AUDI,A4 2.0,1968.0
875,2018,41736,Diesel,Automatic,First,11.36,11.36,19.92,TOYOTA,INNOVA CRYSTA,2755.0
876,2014,71649,Diesel,Manual,First,25.1,25.1,6.75,HONDA,CITY I,1498.0
877,2015,80606,Diesel,Manual,First,25.1,25.1,6.96,HONDA,CITY I,1498.0
878,2017,63262,Petrol,Manual,First,21.7,21.7,3.25,RENAULT,KWID 1.0,999.0
879,2018,5456,Diesel,Manual,First,28.4,28.4,8.65,MARUTI,SWIFT DDIS,1248.0
880,2017,7500,Petrol,Automatic,First,23.1,23.1,5.0,MARUTI,CELERIO VXI,998.0
881,2011,66000,Diesel,Manual,First,15.1,15.1,5.5,MAHINDRA,XUV500 W8,2179.0
882,2010,66770,Petrol,Manual,Second,20.36,20.36,2.6,HYUNDAI,I10 MAGNA,1197.0
883,2014,58472,Petrol,Manual,First,19.81,19.81,3.41,HYUNDAI,I10 MAGNA,1086.0
884,2011,46687,Petrol,Manual,First,22.0,22.0,2.7,MARUTI,DZIRE VXI,1197.0
885,2008,77000,Petrol,Automatic,Fourth & Above,9.7,9.7,5.5,MARUTI,GRAND VITARA,1995.0
886,2012,7000,Petrol,Automatic,First,14.33,14.33,35.0,AUDI,TT 40,1984.0
887,2011,48000,Petrol,Automatic,Second,14.74,14.74,9.75,MERCEDES-BENZ,NEW C-CLASS,1991.0
888,2013,47000,Diesel,Manual,First,21.64,21.64,4.25,NISSAN,SUNNY 2011-2014,1461.0
889,2015,51530,Petrol,Manual,First,18.9,18.9,3.2,MARUTI,WAGON R,998.0
890,2014,25789,Diesel,Manual,Second,23.4,23.4,6.85,MARUTI,SWIFT DZIRE,1248.0
891,2015,48000,Diesel,Manual,First,25.8,25.8,4.5,HONDA,AMAZE S,1498.0
892,2012,52000,Diesel,Manual,First,28.4,28.4,3.55,MARUTI,SWIFT ZDI,1248.0
893,2010,95637,CNG,Manual,Second,13.2,13.2,1.9,HYUNDAI,ACCENT EXECUTIVE,1495.0
894,2008,131000,Diesel,Manual,First,10.5,10.5,3.6,MAHINDRA,SCORPIO LX,2609.0
895,2015,42076,Diesel,Automatic,First,13.0,13.0,21.8,MERCEDES-BENZ,E-CLASS E250,2143.0
896,2012,76000,Diesel,Manual,Second,13.0,13.0,13.5,TOYOTA,FORTUNER 4X2,2982.0
897,2016,20487,Petrol,Manual,First,22.7,22.7,2.66,DATSUN,REDI-GO T,799.0
898,2010,43000,Petrol,Manual,Second,16.8,16.8,3.75,HONDA,CITY V,1497.0
899,2018,17000,Petrol,Automatic,First,19.16,19.16,32.0,TOYOTA,CAMRY HYBRID,2494.0
900,2016,60805,Diesel,Manual,First,26.0,26.0,8.07,HONDA,CITY I,1498.0
901,2012,58775,Diesel,Manual,First,19.33,19.33,5.64,VOLKSWAGEN,JETTA 2012-2014,1968.0
902,2013,70181,Diesel,Automatic,First,17.68,17.68,23.99,AUDI,A6 2011-2015,1968.0
903,2016,85827,Diesel,Manual,First,20.77,20.77,7.5,MARUTI,ERTIGA VDI,1248.0
904,2016,58205,Diesel,Automatic,First,19.27,19.27,27.0,MERCEDES-BENZ,NEW C-CLASS,2143.0
905,2008,91000,Diesel,Manual,Second,19.3,19.3,2.85,MARUTI,SWIFT DZIRE,1248.0
906,2012,74000,Diesel,Manual,First,19.01,19.01,6.35,RENAULT,DUSTER 110PS,1461.0
907,2010,79324,Diesel,Manual,First,21.1,21.1,3.3,MARUTI,RITZ VDI,1248.0
908,2013,38623,Petrol,Manual,First,19.1,19.1,5.0,MARUTI,SWIFT DZIRE,1197.0
909,2014,59923,Diesel,Manual,First,22.9,22.9,6.46,MARUTI,SWIFT ZDI,1248.0
910,2017,23360,Petrol,Manual,First,21.1,21.1,3.75,HYUNDAI,EON SPORTZ,814.0
911,2003,61495,Petrol,Manual,Third,17.3,17.3,1.52,MARUTI,ZEN VXI,993.0
912,2012,56661,Petrol,Manual,First,15.1,15.1,3.61,MARUTI,EECO 7,1196.0
913,2017,40318,Diesel,Automatic,First,14.16,14.16,43.74,AUDI,Q5 30,1968.0
914,2014,60000,Diesel,Automatic,First,15.73,15.73,20.0,AUDI,Q3 2.0,1968.0
915,2008,103000,Diesel,Automatic,Second,0.0,0.0,3.0,SMART,FORTWO CDI,799.0
916,2010,130000,Diesel,Manual,First,19.3,19.3,3.65,MARUTI,SWIFT DZIRE,1248.0
917,2013,20000,Diesel,Manual,First,14.07,14.07,5.25,TATA,SUMO DX,1978.0
918,2016,76000,Diesel,Automatic,First,15.97,15.97,58.0,BMW,X5 2014-2019,2993.0
919,2015,30000,Petrol,Automatic,First,18.0,18.0,8.65,HONDA,CITY I-VTEC,1497.0
920,2015,150000,Diesel,Manual,First,25.0,25.0,2.5,TATA,INDIGO ECS,1396.0
921,2014,28000,Petrol,Automatic,First,16.93,16.93,7.75,VOLKSWAGEN,VENTO TSI,1197.0
922,2015,74000,Petrol,Manual,First,23.1,23.1,4.15,MARUTI,CELERIO VXI,998.0
923,2011,75000,Diesel,Manual,First,11.5,11.5,10.85,TOYOTA,FORTUNER 3.0,2982.0
924,2010,76000,Petrol,Automatic,Second,11.3,11.3,5.53,MITSUBISHI,OUTLANDER 2.4,2360.0
925,2014,64889,Diesel,Automatic,First,15.5,15.5,11.5,VOLKSWAGEN,JETTA 2007-2011,1896.0
926,2010,10000,Petrol,Manual,First,9.0,9.0,40.0,PORSCHE,CAYMAN 2009-2012,3436.0
927,2015,43000,Diesel,Manual,First,19.67,19.67,9.25,HYUNDAI,CRETA 1.6,1582.0
928,2011,47490,Petrol,Manual,First,17.5,17.5,2.29,SKODA,FABIA 1.2,1198.0
929,2015,80000,Diesel,Manual,First,22.77,22.77,7.0,FORD,ECOSPORT 1.5,1498.0
930,2007,60000,Petrol,Manual,Second,18.2,18.2,1.65,MARUTI,ZEN ESTILO,1061.0
931,2017,6006,Petrol,Manual,First,20.73,20.73,8.25,MARUTI,CIAZ 1.4,1373.0
932,2011,71703,Petrol,Automatic,First,14.74,14.74,9.14,MERCEDES-BENZ,NEW C-CLASS,1991.0
933,2016,33000,Petrol,Manual,First,17.8,17.8,6.5,HONDA,AMAZE SX,1198.0
934,2012,60000,Diesel,Manual,First,23.59,23.59,2.95,TOYOTA,ETIOS GD,1364.0
935,2015,91000,Diesel,Manual,First,19.87,19.87,5.75,RENAULT,DUSTER 85PS,1461.0
936,2012,72000,LPG,Manual,First,26.2,26.2,2.85,MARUTI,WAGON R,998.0
937,2011,43000,Petrol,Manual,Second,16.47,16.47,2.1,VOLKSWAGEN,POLO PETROL,1198.0
938,2017,63770,Diesel,Manual,First,19.67,19.67,13.55,HYUNDAI,CRETA 1.6,1582.0
939,2012,43510,Diesel,Automatic,First,14.74,14.74,20.5,JAGUAR,XF DIESEL,2993.0
940,2017,52000,Diesel,Manual,First,16.3,16.3,20.0,JEEP,COMPASS 2.0,1956.0
941,2018,31427,Diesel,Automatic,First,15.68,15.68,59.72,LAND,ROVER RANGE,1999.0
942,2016,29000,Diesel,Manual,First,27.39,27.39,6.5,MARUTI,BALENO ALPHA,1248.0
943,2016,56000,Diesel,Manual,First,28.09,28.09,7.5,MARUTI,CIAZ ZDI,1248.0
944,2007,76000,Petrol,Manual,Second,15.0,15.0,2.15,MARUTI,SX4 VXI,1586.0
945,2015,53615,Diesel,Manual,First,22.7,22.7,8.44,HYUNDAI,ELANTRA CRDI,1582.0
946,2013,132000,Diesel,Manual,First,13.5,13.5,12.49,MITSUBISHI,PAJERO SPORT,2477.0
947,2017,14800,Petrol,Manual,First,17.0,17.0,5.48,VOLKSWAGEN,AMEO 1.2,1198.0
948,2013,35433,Petrol,Manual,First,18.5,18.5,4.2,MARUTI,RITZ VXI,1197.0
949,2013,82966,Diesel,Manual,First,16.8,16.8,7.2,HYUNDAI,VERNA CRDI,1493.0
950,2014,96000,Diesel,Manual,First,23.4,23.4,4.8,MARUTI,SWIFT DZIRE,1248.0
951,2017,39528,Diesel,Manual,First,25.32,25.32,5.83,MAHINDRA,KUV 100,1198.0
952,2018,92056,Diesel,Manual,First,13.68,13.68,18.39,TOYOTA,INNOVA CRYSTA,2393.0
953,2016,14930,Petrol,Manual,First,21.4,21.4,5.85,MARUTI,BALENO DELTA,1197.0
954,2016,38000,Diesel,Manual,First,27.3,27.3,6.21,HONDA,JAZZ VX,1498.0
955,2013,71000,Petrol,Manual,First,17.0,17.0,3.65,HYUNDAI,I20 1.2,1197.0
956,2012,71000,Diesel,Manual,First,23.0,23.0,3.7,HYUNDAI,I20 SPORTZ,1396.0
957,2015,50000,Diesel,Automatic,First,19.27,19.27,30.0,MERCEDES-BENZ,NEW C-CLASS,2143.0
958,2016,48163,Petrol,Manual,First,19.1,19.1,4.85,HYUNDAI,XCENT 1.2,1197.0
959,2017,19168,Petrol,Automatic,First,18.9,18.9,6.93,HYUNDAI,GRAND I10,1197.0
960,2016,26000,Petrol,Manual,First,22.74,22.74,2.6,MARUTI,ALTO 800,796.0
961,2014,37400,Petrol,Manual,First,18.2,18.2,1.89,CHEVROLET,SAIL HATCHBACK,1199.0
962,2018,8682,Diesel,Automatic,First,0.0,0.0,39.5,MERCEDES-BENZ,C-CLASS PROGRESSIVE,1950.0
963,2012,95000,Petrol,Automatic,First,13.7,13.7,10.0,SKODA,SUPERB ELEGANCE,1798.0
964,2009,34000,Diesel,Automatic,First,16.55,16.55,9.95,AUDI,A4 2.0,1968.0
965,2014,95000,Diesel,Manual,Second,12.8,12.8,9.45,TOYOTA,INNOVA 2.5,2494.0
966,2017,13689,Diesel,Automatic,First,17.9,17.9,28.25,MERCEDES-BENZ,CLA 200,2143.0
967,2008,84000,Petrol,Manual,Second,19.81,19.81,1.8,HYUNDAI,I10 ERA,1086.0
968,2008,47000,Petrol,Manual,Second,17.5,17.5,1.4,MARUTI,SWIFT DZIRE,1298.0
969,2015,60001,Diesel,Automatic,First,21.66,21.66,7.25,SKODA,RAPID 1.5,1498.0
970,2012,96000,Diesel,Manual,First,21.1,21.1,3.6,MARUTI,RITZ VDI,1248.0
971,2004,47300,Petrol,Manual,Second,14.4,14.4,1.2,HYUNDAI,ACCENT GLS,1599.0
972,2014,28246,Petrol,Manual,Second,17.8,17.8,4.94,HONDA,AMAZE SX,1198.0
973,2007,65000,Petrol,Manual,Second,18.9,18.9,1.25,MARUTI,WAGON R,998.0
974,2013,68000,Diesel,Manual,Second,22.07,22.07,4.8,VOLKSWAGEN,POLO DIESEL,1199.0
975,2019,11209,Diesel,Automatic,First,12.62,12.62,31.15,FORD,ENDEAVOUR 2.2,2198.0
976,2011,41980,Petrol,Manual,Second,17.0,17.0,3.3,HYUNDAI,I20 1.2,1197.0
977,2012,65000,Diesel,Manual,First,25.44,25.44,2.4,CHEVROLET,BEAT DIESEL,936.0
978,2010,38000,Petrol,Manual,First,14.8,14.8,2.0,HONDA,CIVIC 2010-2013,1799.0
979,2014,51000,Petrol,Manual,First,20.51,20.51,3.1,MARUTI,WAGON R,998.0
980,2014,33855,Petrol,Manual,First,15.0,15.0,5.09,SKODA,RAPID 1.6,1598.0
981,2006,146000,Petrol,Manual,Second,15.4,15.4,1.05,MARUTI,BALENO VXI,1590.0
982,2015,47037,Diesel,Manual,Second,22.77,22.77,7.0,FORD,ECOSPORT 1.5,1498.0
983,2010,58000,Petrol,Manual,Second,13.2,13.2,2.5,HYUNDAI,ACCENT GLE,1495.0
984,2012,61240,Diesel,Automatic,First,22.48,22.48,17.5,BMW,5 SERIES,1995.0
985,2011,91211,Petrol,Manual,First,20.92,20.92,2.1,MARUTI,ALTO K10,998.0
986,2013,84000,Diesel,Automatic,First,15.73,15.73,17.75,AUDI,Q3 2012-2015,1968.0
987,2008,64226,LPG,Manual,First,17.3,17.3,1.45,MARUTI,WAGON R,1061.0
988,2005,67000,Petrol,Automatic,Second,11.3,11.3,2.45,TOYOTA,COROLLA H4,1794.0
989,2011,106976,Diesel,Automatic,First,13.5,13.5,13.8,VOLVO,XC60 D5,2400.0
990,2016,27210,Diesel,Manual,First,27.3,27.3,5.85,HONDA,JAZZ 1.5,1498.0
991,2017,26322,Diesel,Manual,First,28.09,28.09,8.9,MARUTI,CIAZ 1.3,1248.0
992,2016,9107,Petrol,Manual,First,20.4,20.4,5.15,MARUTI,SWIFT VXI,1197.0
993,2015,63983,Diesel,Automatic,First,19.27,19.27,16.56,MERCEDES-BENZ,NEW C-CLASS,2143.0
994,2010,134000,Petrol,Manual,Second,18.9,18.9,1.65,MARUTI,WAGON R,1061.0
995,2015,11000,Petrol,Automatic,First,15.5,15.5,16.0,MERCEDES-BENZ,A CLASS,1595.0
996,2008,93000,Petrol,Manual,First,0.0,0.0,1.45,HYUNDAI,SANTRO XING,1086.0
997,2017,24852,Diesel,Automatic,First,26.59,26.59,8.08,MARUTI,SWIFT DZIRE,1248.0
998,2014,37632,Petrol,Automatic,First,18.9,18.9,4.5,HYUNDAI,GRAND I10,1197.0
999,2013,55000,Petrol,Manual,Second,16.95,16.95,4.3,NISSAN,SUNNY 2011-2014,1498.0
1000,2010,81448,Petrol,Manual,First,19.0,19.0,2.6,MARUTI,A-STAR LXI,998.0
1001,2018,1900,Petrol,Manual,First,25.17,25.17,4.45,RENAULT,KWID RXT,799.0
1002,2012,54957,Petrol,Automatic,First,17.1,17.1,5.37,HYUNDAI,VERNA 1.6,1591.0
1003,2008,55000,Petrol,Manual,Second,18.9,18.9,1.75,MARUTI,WAGON R,1061.0
1004,2013,21983,Diesel,Automatic,First,18.88,18.88,16.5,BMW,3 SERIES,1995.0
1005,2013,76000,Diesel,Automatic,First,18.48,18.48,19.0,BMW,5 SERIES,1995.0
1006,2016,65000,Diesel,Manual,First,25.0,25.0,2.8,TATA,INDIGO CS,1396.0
1007,2015,26000,Diesel,Manual,First,22.54,22.54,6.2,HYUNDAI,I20 SPORTZ,1396.0
1008,2019,11571,Petrol,Manual,First,16.8,16.8,3.8,MARUTI,OMNI E,796.0
1009,2014,81000,Diesel,Manual,First,25.2,25.2,6.1,MARUTI,SWIFT ZDI,1248.0
1010,2019,23154,Diesel,Manual,First,23.0,23.0,11.65,FORD,ECOSPORT SIGNATURE,1498.0
1011,2014,26856,Petrol,Automatic,First,16.5,16.5,4.15,HONDA,BRIO VX,1198.0
1012,2017,67489,Diesel,Manual,First,13.68,13.68,16.5,TOYOTA,INNOVA CRYSTA,2393.0
1013,2008,176000,Diesel,Manual,Second,10.5,10.5,4.3,MAHINDRA,SCORPIO 2.6,2179.0
1014,2010,18000,Petrol,Manual,First,18.5,18.5,2.25,HYUNDAI,I20 1.2,1197.0
1015,2014,63003,Diesel,Manual,First,22.32,22.32,6.75,HYUNDAI,VERNA 1.6,1582.0
1016,2014,80000,Diesel,Manual,First,15.1,15.1,9.4,MAHINDRA,XUV500 W6,2179.0
1017,2014,56658,Diesel,Manual,First,20.64,20.64,5.39,VOLKSWAGEN,VENTO 1.5,1498.0
1018,2019,18592,Diesel,Manual,First,26.59,26.59,8.51,MARUTI,SWIFT DZIRE,1248.0
1019,2010,75695,Petrol,Manual,First,13.7,13.7,1.85,TATA,MANZA AURA,1368.0
1020,2012,82000,Diesel,Manual,Second,22.9,22.9,2.5,MARUTI,SWIFT VDI,1248.0
1021,2013,60000,Diesel,Manual,First,22.07,22.07,4.75,VOLKSWAGEN,POLO DIESEL,1199.0
1022,2009,138000,Petrol,Manual,Second,17.0,17.0,3.5,HONDA,CITY 1.5,1497.0
1023,2014,67000,Diesel,Manual,First,23.0,23.0,5.5,HYUNDAI,I20 ASTA,1396.0
1024,2012,42750,Petrol,Manual,First,17.0,17.0,6.33,HONDA,CITY 1.5,1497.0
1025,2014,52398,Diesel,Manual,First,25.44,25.44,2.47,CHEVROLET,BEAT DIESEL,936.0
1026,2014,36657,Petrol,Manual,First,16.2,16.2,3.3,CHEVROLET,SPARK 1.0,995.0
1027,2011,77000,Diesel,Manual,Second,11.57,11.57,3.5,TATA,NEW SAFARI,2179.0
1028,2014,85000,Diesel,Automatic,First,11.3,11.3,38.75,MERCEDES-BENZ,GL-CLASS 350,2987.0
1029,2008,112500,Diesel,Automatic,First,11.5,11.5,7.99,BMW,5 SERIES,2993.0
1030,2013,105072,Diesel,Manual,First,14.24,14.24,13.28,TOYOTA,FORTUNER 2.8,2755.0
1031,2012,80000,Petrol,Automatic,First,11.25,11.25,9.5,BMW,X1 SDRIVE,1995.0
1032,2019,3102,Diesel,Manual,First,20.37,20.37,14.01,RENAULT,CAPTUR 1.5,1461.0
1033,2016,14656,Diesel,Manual,First,24.4,24.4,6.99,HYUNDAI,XCENT 1.1,1120.0
1034,2010,105000,Diesel,Automatic,Second,13.2,13.2,11.0,BMW,3 SERIES,1995.0
1035,2008,61000,Petrol,Automatic,Second,10.8,10.8,11.0,BMW,5 SERIES,2497.0
1036,2010,85046,Petrol,Manual,Second,18.06,18.06,2.3,NISSAN,MICRA XE,1198.0
1037,2014,48000,Diesel,Automatic,First,16.36,16.36,26.5,JAGUAR,XF 2.2,2179.0
1038,2011,55000,Diesel,Automatic,First,10.2,10.2,67.0,LAND,ROVER RANGE,4367.0
1039,2017,4000,Petrol,Automatic,First,16.0,16.0,17.75,JEEP,COMPASS 1.4,1368.0
1040,2010,94000,Petrol,Automatic,Second,10.1,10.1,4.8,HONDA,CR-V 2.4,2354.0
1041,2013,61110,Petrol,Manual,First,18.6,18.6,4.57,MARUTI,SWIFT VXI,1197.0
1042,2016,80000,Diesel,Manual,First,24.4,24.4,3.5,HYUNDAI,XCENT 1.1,1120.0
1043,2015,43190,Diesel,Manual,First,19.01,19.01,7.61,NISSAN,TERRANO XV,1461.0
1044,2015,45000,Diesel,Automatic,First,18.25,18.25,25.0,AUDI,A4 35,1968.0
1045,2016,44178,Petrol,Manual,First,18.9,18.9,5.88,HYUNDAI,GRAND I10,1197.0
1046,2015,84415,Diesel,Manual,First,12.99,12.99,13.5,TOYOTA,INNOVA 2.5,2494.0
1047,2015,35000,Petrol,Manual,First,18.5,18.5,4.6,HYUNDAI,I20 1.2,1197.0
1048,2013,44000,Diesel,Manual,First,22.77,22.77,4.9,FORD,ECOSPORT 1.5,1498.0
1049,2012,67635,Petrol,Manual,First,17.0,17.0,5.25,HONDA,CITY 1.5,1497.0
1050,2018,18385,Petrol,Automatic,First,14.8,14.8,12.41,FORD,ECOSPORT 1.5,1497.0
1051,2014,35000,Diesel,Manual,First,22.07,22.07,3.8,VOLKSWAGEN,POLO DIESEL,1199.0
1052,2010,49000,Diesel,Automatic,First,19.27,19.27,8.95,MERCEDES-BENZ,NEW C-CLASS,2143.0
1053,2013,69000,Diesel,Manual,First,22.7,22.7,7.2,FORD,ECOSPORT 1.5,1498.0
1054,2017,23228,Petrol,Manual,First,14.4,14.4,4.5,TATA,INDIGO GLE,1396.0
1055,2014,68462,Diesel,Manual,First,26.59,26.59,4.15,MARUTI,SWIFT DZIRE,1248.0
1056,2016,74611,Diesel,Manual,First,25.1,25.1,7.94,MARUTI,S-CROSS ZETA,1248.0
1057,2014,90000,Diesel,Manual,First,19.01,19.01,7.25,RENAULT,DUSTER 110PS,1461.0
1058,2016,22000,Petrol,Manual,First,18.9,18.9,3.7,MARUTI,WAGON R,998.0
1059,2010,58163,Petrol,Manual,First,0.0,0.0,2.45,HYUNDAI,SANTRO XING,1086.0
1060,2011,109500,Diesel,Manual,Third,25.44,25.44,1.5,CHEVROLET,BEAT DIESEL,936.0
1061,2017,13363,Diesel,Manual,First,16.0,16.0,12.0,MAHINDRA,XUV500 W4,1997.0
1062,2012,51000,Petrol,Manual,Second,19.81,19.81,2.2,HYUNDAI,I10 ERA,1086.0
1063,2007,103000,Diesel,Manual,First,13.93,13.93,3.6,TATA,NEW SAFARI,2179.0
1064,2009,43002,Petrol,Manual,First,20.36,20.36,1.92,HYUNDAI,I10 SPORTZ,1197.0
1065,2016,108000,Diesel,Automatic,First,11.36,11.36,20.5,TOYOTA,INNOVA CRYSTA,2755.0
1066,2010,82407,Diesel,Manual,First,17.5,17.5,4.25,SKODA,LAURA ELEGANCE,1896.0
1067,2013,29000,Petrol,Manual,First,18.9,18.9,3.2,HYUNDAI,GRAND I10,1197.0
1068,2012,225000,Diesel,Manual,Second,23.59,23.59,2.6,TOYOTA,ETIOS LIVA,1364.0
1069,2014,45000,Diesel,Manual,First,23.4,23.4,3.85,MARUTI,SWIFT DZIRE,1248.0
1070,2010,93401,Diesel,Manual,First,23.0,23.0,3.48,HYUNDAI,I20 ASTA,1396.0
1071,2017,95802,Diesel,Manual,Second,25.83,25.83,4.55,FORD,FIGO 2015-2019,1498.0
1072,2016,130000,Diesel,Manual,First,25.47,25.47,7.0,MARUTI,ERTIGA VDI,1248.0
1073,2013,67443,Diesel,Manual,First,20.77,20.77,5.75,MARUTI,ERTIGA ZDI,1248.0
1074,2016,47681,Petrol,Automatic,First,16.8,16.8,8.73,HONDA,CITY 1.5,1497.0
1075,2009,35000,Petrol,Manual,First,19.7,19.7,1.7,MARUTI,ALTO LXI,796.0
1076,2016,68000,Diesel,Automatic,First,10.91,10.91,29.5,FORD,ENDEAVOUR 3.2,3198.0
1077,2019,34688,Diesel,Manual,First,24.3,24.3,10.49,MARUTI,VITARA BREZZA,1248.0
1078,2015,10512,Petrol,Automatic,First,8.6,8.6,64.0,PORSCHE,BOXSTER S,2706.0
1079,2016,58000,Diesel,Manual,First,22.9,22.9,7.55,MARUTI,SWIFT ZDI,1248.0
1080,2014,40000,Petrol,Manual,First,17.57,17.57,3.95,TATA,ZEST REVOTRON,1193.0
1081,2010,61000,Petrol,Manual,Fourth & Above,17.0,17.0,3.25,HYUNDAI,I20 1.2,1197.0
1082,2009,86000,Diesel,Manual,First,19.4,19.4,2.75,SKODA,FABIA 1.4,1422.0
1083,2015,45000,Diesel,Manual,First,21.43,21.43,7.35,TOYOTA,COROLLA ALTIS,1364.0
1084,2017,55000,Petrol,Manual,First,17.0,17.0,4.7,VOLKSWAGEN,AMEO 1.2,1198.0
1085,2016,36855,Petrol,Manual,Second,15.29,15.29,8.77,HYUNDAI,CRETA 1.6,1591.0
1086,2013,46821,Petrol,Manual,First,20.36,20.36,3.42,HYUNDAI,I10 MAGNA,1197.0
1087,2015,120000,Petrol,Manual,First,18.6,18.6,2.5,CHEVROLET,BEAT LS,1199.0
1088,2012,29000,Diesel,Automatic,First,14.74,14.74,20.0,JAGUAR,XF 3.0,2993.0
1089,2014,40000,Petrol,Manual,First,13.24,13.24,5.25,NISSAN,TERRANO XL,1598.0
1090,2013,60000,Diesel,Automatic,Second,15.73,15.73,14.5,AUDI,Q3 2012-2015,1968.0
1091,2011,64984,Petrol,Automatic,First,16.95,16.95,3.45,HYUNDAI,I10 ASTA,1197.0
1092,2015,73204,Petrol,Automatic,First,24.07,24.07,3.3,MARUTI,ALTO K10,998.0
1093,2014,50000,Diesel,Automatic,First,11.33,11.33,51.0,AUDI,Q7 4.2,4134.0
1094,2017,35000,Diesel,Manual,First,24.3,24.3,6.5,MARUTI,VITARA BREZZA,1248.0
1095,2013,17729,Petrol,Manual,First,21.1,21.1,3.65,HYUNDAI,EON D,814.0
1096,2012,97000,Diesel,Manual,First,20.0,20.0,7.25,MAHINDRA,XUV300 W8,1497.0
1097,2014,89614,Diesel,Manual,First,22.0,22.0,6.01,HYUNDAI,VERNA CRDI,1582.0
1098,2015,14000,Petrol,Manual,First,18.9,18.9,2.8,MARUTI,WAGON R,998.0
1099,2012,50000,Petrol,Manual,First,17.0,17.0,4.0,HYUNDAI,I20 SPORTZ,1197.0
1100,2014,62505,Petrol,Manual,First,17.4,17.4,5.95,HONDA,CITY I,1497.0
1101,2011,248000,Diesel,Manual,Second,12.8,12.8,9.2,TOYOTA,INNOVA 2.5,2494.0
1102,2012,94900,Diesel,Manual,First,16.8,16.8,5.35,HYUNDAI,VERNA CRDI,1493.0
1103,2017,55000,Diesel,Manual,First,17.6,17.6,12.0,TATA,HEXA XT,2179.0
1104,2015,53735,Diesel,Automatic,Second,12.07,12.07,38.94,AUDI,Q7 3.0,2967.0
1105,2008,53934,Petrol,Manual,Second,18.9,18.9,2.69,MARUTI,WAGON R,998.0
1106,2013,58500,Diesel,Automatic,Second,17.09,17.09,27.5,BMW,5 SERIES,1995.0
1107,2014,48000,Petrol,Manual,First,18.0,18.0,2.75,HONDA,AMAZE EX,1198.0
1108,2016,24000,Petrol,Manual,First,24.7,24.7,2.8,MARUTI,ALTO 800,796.0
1109,2016,52001,Petrol,Manual,First,17.01,17.01,6.45,HYUNDAI,VERNA 1.6,1591.0
1110,2018,9565,Petrol,Manual,First,23.84,23.84,5.88,TATA,TIAGO 1.2,1199.0
1111,2013,32953,Petrol,Manual,First,18.6,18.6,4.65,MARUTI,SWIFT LXI,1197.0
1112,2014,18000,Petrol,Manual,First,21.1,21.1,2.5,HYUNDAI,EON ERA,814.0
1113,2018,20446,Petrol,Automatic,First,12.6,12.6,51.35,MERCEDES-BENZ,E-CLASS E,1950.0
1114,2016,33016,Diesel,Manual,First,22.54,22.54,6.85,HYUNDAI,I20 MAGNA,1396.0
1115,2012,48000,Diesel,Manual,First,23.59,23.59,5.25,TOYOTA,ETIOS VD,1364.0
1116,2014,72022,Diesel,Manual,First,21.43,21.43,9.23,TOYOTA,COROLLA ALTIS,1364.0
1117,2014,34000,Diesel,Automatic,First,20.7,20.7,22.0,MINI,COOPER 5,1496.0
1118,2014,69000,Diesel,Manual,First,20.14,20.14,5.19,VOLKSWAGEN,POLO 1.5,1498.0
1119,2009,108000,Petrol,Automatic,First,13.7,13.7,4.35,SKODA,SUPERB ELEGANCE,1798.0
1120,2013,34700,Diesel,Automatic,First,10.0,10.0,24.5,MERCEDES-BENZ,E-CLASS 2009-2013,2148.0
1121,2015,79000,Diesel,Manual,First,17.8,17.8,5.75,MARUTI,SWIFT VDI,1248.0
1122,2016,58197,Petrol,Automatic,First,18.0,18.0,9.19,HONDA,CITY I,1497.0
1123,2008,66000,Petrol,Automatic,Second,8.45,8.45,10.75,BMW,7 SERIES,2979.0
1124,2009,60000,Petrol,Automatic,First,19.2,19.2,2.99,HYUNDAI,I10 MAGNA,1197.0
1125,2014,57000,Diesel,Manual,First,26.59,26.59,3.89,MARUTI,SWIFT DZIRE,1248.0
1126,2018,45555,Diesel,Manual,First,26.0,26.0,11.73,HONDA,CITY I,1498.0
1127,2016,55137,Petrol,Manual,First,14.0,14.0,3.11,MARUTI,OMNI 8,796.0
1128,2014,93325,Diesel,Manual,Second,17.2,17.2,14.45,SKODA,SUPERB 2009-2014,1968.0
1129,2018,38000,Diesel,Manual,First,24.52,24.52,8.7,MARUTI,ERTIGA SHVS,1248.0
1130,2016,57738,Diesel,Manual,First,24.0,24.0,5.04,HYUNDAI,GRAND I10,1120.0
1131,2017,38282,Diesel,Manual,First,28.09,28.09,8.5,MARUTI,CIAZ VDI,1248.0
1132,2014,64000,Diesel,Automatic,First,19.27,19.27,15.65,MERCEDES-BENZ,NEW C-CLASS,2143.0
1133,2015,32000,Diesel,Manual,First,20.5,20.5,5.65,FIAT,AVVENTURA MULTIJET,1248.0
1134,2010,83000,Petrol,Automatic,First,10.93,10.93,16.5,MERCEDES-BENZ,E-CLASS 2009-2013,2497.0
1135,2011,76000,CNG,Manual,First,26.3,26.3,2.0,MARUTI,ZEN ESTILO,998.0
1136,2012,67200,Petrol,Manual,First,15.04,15.04,3.9,VOLKSWAGEN,VENTO PETROL,1598.0
1137,2013,62655,Diesel,Automatic,First,18.88,18.88,14.5,BMW,3 SERIES,1995.0
1138,2015,16900,Diesel,Automatic,First,14.69,14.69,44.0,BMW,5 SERIES,2993.0
1139,2017,8471,Petrol,Manual,First,18.9,18.9,5.0,HYUNDAI,GRAND I10,1197.0
1140,2016,69000,Diesel,Automatic,First,11.36,11.36,19.75,TOYOTA,INNOVA CRYSTA,2755.0
1141,2017,30090,Diesel,Automatic,First,19.6,19.6,11.44,RENAULT,DUSTER 110PS,1461.0
1142,2011,120000,Diesel,Manual,First,18.0,18.0,1.75,TATA,INDICA VISTA,1248.0
1143,2013,23000,Diesel,Manual,First,17.8,17.8,5.6,MARUTI,SWIFT VDI,1248.0
1144,2016,35939,Petrol,Manual,First,12.3,12.3,30.42,MERCEDES-BENZ,E-CLASS 2009-2013,1796.0
1145,2013,116694,Diesel,Manual,First,15.1,15.1,9.57,MAHINDRA,XUV500 W8,2179.0
1146,2016,40448,Diesel,Manual,First,15.96,15.96,3.5,MAHINDRA,BOLERO ZLX,2523.0
1147,2018,64456,Diesel,Manual,First,24.3,24.3,10.46,MARUTI,VITARA BREZZA,1248.0
1148,2014,52782,Diesel,Manual,First,20.5,20.5,4.85,FIAT,AVVENTURA MULTIJET,1248.0
1149,2016,51672,Petrol,Manual,First,19.5,19.5,5.68,HONDA,AMAZE S,1199.0
1150,2015,56073,Petrol,Automatic,First,13.7,13.7,13.25,SKODA,SUPERB ELEGANCE,1798.0
1151,2011,65000,Diesel,Automatic,First,14.74,14.74,16.0,JAGUAR,XF 3.0,2993.0
1152,2013,79000,Petrol,Manual,First,18.9,18.9,3.0,MARUTI,WAGON R,998.0
1153,2007,43206,Petrol,Manual,First,17.0,17.0,0.99,HYUNDAI,SANTRO XING,1086.0
1154,2010,70200,Petrol,Automatic,First,14.53,14.53,5.0,TOYOTA,COROLLA ALTIS,1798.0
1155,2016,42000,Petrol,Manual,First,16.1,16.1,4.75,MARUTI,SWIFT VXI,1197.0
1156,2014,62000,Petrol,Manual,First,16.47,16.47,5.35,VOLKSWAGEN,POLO 1.2,1198.0
1157,2017,20000,Petrol,Manual,First,18.9,18.9,5.98,HYUNDAI,GRAND I10,1197.0
1158,2011,80000,Diesel,Manual,Third,21.5,21.5,3.5,MARUTI,SX4 ZDI,1248.0
1159,2018,50234,Petrol,Manual,First,18.9,18.9,4.77,HYUNDAI,GRAND I10,1197.0
1160,2016,50003,Petrol,Manual,First,21.4,21.4,5.45,MARUTI,BALENO DELTA,1197.0
1161,2018,1000,Petrol,Automatic,First,20.3,20.3,6.85,TATA,TIGOR 1.2,1199.0
1162,2016,54897,Diesel,Automatic,First,26.59,26.59,7.3,MARUTI,SWIFT DZIRE,1248.0
1163,2007,108995,Petrol,Manual,First,15.3,15.3,1.25,TATA,INDICA GLS,1193.0
1164,2015,73000,Diesel,Manual,First,22.7,22.7,8.25,MARUTI,SX4 S,1598.0
1165,2008,65000,Petrol,Manual,First,16.1,16.1,2.71,MARUTI,SWIFT VXI,1298.0
1166,2016,32000,Petrol,Manual,First,19.1,19.1,3.6,HYUNDAI,XCENT 1.2,1197.0
1167,2010,65000,Petrol,Manual,First,18.5,18.5,3.0,HYUNDAI,I20 1.2,1197.0
1168,2016,21600,Petrol,Automatic,First,23.1,23.1,4.65,MARUTI,CELERIO VXI,998.0
1169,2010,39000,Diesel,Automatic,First,14.84,14.84,9.5,MERCEDES-BENZ,NEW C-CLASS,2143.0
1170,2011,58075,Petrol,Manual,First,17.5,17.5,2.95,MARUTI,SWIFT DZIRE,1298.0
1171,2011,58000,Petrol,Manual,First,15.04,15.04,3.0,VOLKSWAGEN,VENTO PETROL,1598.0
1172,2015,58000,Diesel,Manual,First,25.2,25.2,5.95,MARUTI,SWIFT ZDI,1248.0
1173,2008,89000,Petrol,Automatic,First,14.53,14.53,4.0,TOYOTA,COROLLA ALTIS,1798.0
1174,2008,72000,Petrol,Manual,First,13.5,13.5,2.5,HONDA,CIVIC 2006-2010,1799.0
1175,2017,1800,Petrol,Automatic,First,16.05,16.05,11.37,FORD,ECOSPORT 1.5,1499.0
1176,2010,172050,Diesel,Manual,Second,19.0,19.0,2.25,FIAT,LINEA EMOTION,1248.0
1177,2013,46230,Petrol,Manual,First,19.81,19.81,3.1,HYUNDAI,I10 ERA,1086.0
1178,2014,86925,Diesel,Automatic,First,11.2,11.2,17.18,VOLVO,XC60 D5,2400.0
1179,2018,5000,Petrol,Manual,First,18.6,18.6,6.5,HYUNDAI,I20 1.2,1197.0
1180,2014,66000,Diesel,Manual,First,26.0,26.0,5.7,HONDA,CITY I,1498.0
1181,2013,119000,Diesel,Manual,First,12.99,12.99,8.0,TOYOTA,INNOVA 2.5,2494.0
1182,2016,45000,Petrol,Manual,First,25.17,25.17,2.6,RENAULT,KWID RXT,799.0
1183,2009,66149,Petrol,Manual,First,19.0,19.0,2.45,MARUTI,A-STAR VXI,998.0
1184,2014,42070,Petrol,Automatic,First,14.8,14.8,11.57,MERCEDES-BENZ,B CLASS,1595.0
1185,2012,35503,Petrol,Manual,First,18.9,18.9,2.3,MARUTI,WAGON R,998.0
1186,2016,41460,Diesel,Manual,First,25.2,25.2,5.9,MARUTI,SWIFT VDI,1248.0
1187,2015,40600,Petrol,Automatic,First,17.0,17.0,7.2,HYUNDAI,VERNA VTVT,1591.0
1188,2013,87000,Diesel,Automatic,First,22.0,22.0,5.9,HYUNDAI,VERNA CRDI,1582.0
1189,2014,30000,Petrol,Manual,Second,16.8,16.8,6.0,HONDA,CITY V,1497.0
1190,2010,27089,Petrol,Manual,First,16.0,16.0,1.95,HYUNDAI,I10 MAGNA,1086.0
1191,2016,53702,Diesel,Manual,First,23.59,23.59,6.55,TOYOTA,ETIOS GD,1364.0
1192,2015,51000,Diesel,Automatic,First,27.03,27.03,25.0,VOLVO,S60 D4,1969.0
1193,2012,36542,Diesel,Manual,First,20.0,20.0,2.65,FORD,FIGO DIESEL,1399.0
1194,2017,15000,Diesel,Automatic,First,13.0,13.0,69.5,MERCEDES-BENZ,E-CLASS 2015-2017,2987.0
1195,2012,65000,Diesel,Automatic,First,22.69,22.69,14.0,BMW,3 SERIES,1995.0
1196,2014,32000,Petrol,Manual,Second,22.74,22.74,2.1,MARUTI,ALTO 800,796.0
1197,2017,24393,Diesel,Manual,First,13.68,13.68,20.4,TOYOTA,INNOVA CRYSTA,2393.0
1198,2019,1000,Petrol,Manual,First,18.78,18.78,5.68,VOLKSWAGEN,POLO 1.0,999.0
1199,2014,28238,Petrol,Manual,First,13.24,13.24,5.55,NISSAN,TERRANO XL,1598.0
1200,2013,59000,Diesel,Manual,First,13.5,13.5,12.75,MITSUBISHI,PAJERO SPORT,2477.0
1201,2012,92000,Petrol,Manual,Second,14.8,14.8,3.35,HONDA,CIVIC 2010-2013,1799.0
1202,2013,56840,Petrol,Manual,First,22.74,22.74,1.55,MARUTI,ALTO 800,796.0
1203,2013,62746,Diesel,Manual,Second,20.54,20.54,5.9,VOLKSWAGEN,VENTO DIESEL,1598.0
1204,2012,96000,Diesel,Automatic,First,12.35,12.35,18.98,LAND,ROVER FREELANDER,2179.0
1205,2014,24000,Petrol,Manual,First,13.7,13.7,11.51,HONDA,CR-V 2.0L,1997.0
1206,2016,54000,Diesel,Manual,First,20.77,20.77,7.75,MARUTI,ERTIGA VDI,1248.0
1207,2016,90000,Diesel,Manual,First,12.99,12.99,13.9,TOYOTA,INNOVA 2.5,2494.0
1208,2010,40000,Petrol,Manual,First,15.0,15.0,1.35,TATA,MANZA AURA,1368.0
1209,2015,65938,Diesel,Automatic,Second,12.07,12.07,38.0,AUDI,Q7 35,2967.0
1210,2017,16100,Petrol,Automatic,First,17.1,17.1,11.6,HYUNDAI,VERNA 1.6,1591.0
1211,2017,3600,Diesel,Automatic,First,21.5,21.5,12.25,VOLKSWAGEN,VENTO 1.5,1498.0
1212,2011,52000,Petrol,Manual,First,17.0,17.0,3.8,HONDA,CITY 1.5,1497.0
1213,2014,54000,Diesel,Manual,First,20.0,20.0,3.25,FORD,FIGO DIESEL,1399.0
1214,2016,15399,Petrol,Manual,First,18.7,18.7,6.4,HONDA,JAZZ 1.2,1199.0
1215,2012,75000,Petrol,Manual,Second,16.47,16.47,3.95,VOLKSWAGEN,POLO PETROL,1198.0
1216,2010,76752,Petrol,Manual,First,17.4,17.4,3.57,HONDA,CITY I-VTEC,1497.0
1217,2005,56000,Petrol,Manual,Second,17.7,17.7,1.25,HONDA,CITY ZX,1497.0
1218,2015,70000,CNG,Manual,First,26.2,26.2,3.65,MARUTI,WAGON R,998.0
1219,2013,46125,Petrol,Automatic,Second,12.0,12.0,12.5,HONDA,CR-V 2.4L,2354.0
1220,2014,35000,Diesel,Automatic,Second,18.12,18.12,23.0,BMW,5 SERIES,1995.0
1221,2003,80000,Diesel,Manual,Third,12.8,12.8,1.35,AMBASSADOR,CLASSIC NOVA,1489.0
1222,2012,62729,Diesel,Manual,First,12.05,12.05,6.32,MAHINDRA,SCORPIO VLX,2179.0
1223,2012,34000,Diesel,Manual,First,20.54,20.54,3.4,VOLKSWAGEN,VENTO DIESEL,1598.0
1224,1999,70000,Petrol,Manual,Second,17.3,17.3,0.77,MARUTI,ZEN VX,993.0
1225,2009,32000,Petrol,Manual,First,16.1,16.1,0.9,MARUTI,800 DX,796.0
1226,2017,21000,Petrol,Automatic,First,14.28,14.28,18.0,TOYOTA,COROLLA ALTIS,1798.0
1227,2013,49000,Petrol,Automatic,First,14.59,14.59,19.0,BMW,3 SERIES,1997.0
1228,2007,40000,Petrol,Manual,Third,13.8,13.8,1.1,FORD,IKON 1.3,1299.0
1229,2012,78000,Petrol,Manual,Second,18.6,18.6,2.0,CHEVROLET,BEAT LT,1199.0
1230,2012,52000,Diesel,Manual,First,21.43,21.43,6.5,TOYOTA,COROLLA ALTIS,1364.0
1231,2014,65213,Diesel,Manual,First,16.0,16.0,9.45,MAHINDRA,XUV500 W4,2179.0
1232,2016,170000,Diesel,Manual,First,24.4,24.4,4.0,HYUNDAI,XCENT 1.1,1120.0
1233,2017,36884,Diesel,Automatic,First,13.0,13.0,32.25,MERCEDES-BENZ,E-CLASS 2015-2017,2143.0
1234,2009,62500,Petrol,Manual,First,20.36,20.36,2.1,HYUNDAI,I10 SPORTZ,1197.0
1235,2015,68000,Petrol,Automatic,Second,14.28,14.28,9.75,TOYOTA,COROLLA ALTIS,1798.0
1236,2014,40748,Petrol,Manual,First,14.53,14.53,6.3,TOYOTA,COROLLA 1.8,1798.0
1237,2013,60000,Diesel,Automatic,First,17.32,17.32,21.0,AUDI,Q3 2.0,1968.0
1238,2014,12400,Diesel,Manual,First,21.9,21.9,4.65,HYUNDAI,I20 MAGNA,1396.0
1239,2013,87000,Diesel,Automatic,Second,19.27,19.27,17.0,MERCEDES-BENZ,NEW C-CLASS,2143.0
1240,2013,20248,Diesel,Manual,First,21.1,21.1,4.35,MARUTI,RITZ VDI,1248.0
1241,2017,52383,Diesel,Manual,First,19.67,19.67,14.82,HYUNDAI,CRETA 1.6,1582.0
1242,2018,1000,Diesel,Automatic,First,13.6,13.6,40.0,JAGUAR,XE 2.0L,1999.0
1243,2016,85000,Diesel,Manual,First,14.95,14.95,6.15,MAHINDRA,XYLO D4,2489.0
1244,2014,47000,Diesel,Manual,First,12.99,12.99,11.25,TOYOTA,INNOVA 2.5,2494.0
1245,2018,17585,Petrol,Automatic,First,19.16,19.16,32.0,TOYOTA,CAMRY 2.5,2494.0
1246,2018,32496,Diesel,Automatic,First,13.22,13.22,45.62,AUDI,Q5 3.0,2967.0
1247,2017,34613,Diesel,Manual,First,28.4,28.4,6.24,MARUTI,SWIFT VDI,1248.0
1248,2015,153000,Diesel,Manual,First,20.77,20.77,4.8,MARUTI,ERTIGA VDI,1248.0
1249,2014,54000,Petrol,Manual,Second,16.1,16.1,4.5,MARUTI,SWIFT VXI,1197.0
1250,2015,16900,Petrol,Manual,First,20.36,20.36,3.87,HYUNDAI,I10 SPORTZ,1197.0
1251,2013,62334,Petrol,Manual,First,20.36,20.36,2.75,HYUNDAI,I10 SPORTZ,1197.0
1252,2018,23714,Petrol,Manual,First,21.4,21.4,6.57,MARUTI,BALENO SIGMA,1197.0
1253,2010,52325,Petrol,Manual,First,16.36,16.36,2.0,HYUNDAI,ACCENT EXECUTIVE,1495.0
1254,2012,50000,Petrol,Manual,First,19.4,19.4,3.65,HONDA,BRIO S,1198.0
1255,2016,55746,Diesel,Manual,First,22.9,22.9,6.95,MARUTI,SWIFT ZDI,1248.0
1256,2014,54000,Petrol,Manual,First,20.14,20.14,5.5,HYUNDAI,XCENT 1.2,1197.0
1257,2013,43000,Diesel,Manual,First,16.0,16.0,7.0,MAHINDRA,XUV500 W8,2179.0
1258,2014,40000,Diesel,Automatic,First,13.0,13.0,24.0,MERCEDES-BENZ,E-CLASS E250,2143.0
1259,2010,125000,Diesel,Automatic,Second,0.0,0.0,11.0,LAND,ROVER FREELANDER,2179.0
1260,2016,51944,Diesel,Automatic,First,19.27,19.27,32.5,MERCEDES-BENZ,NEW C-CLASS,2143.0
1261,2015,46950,Diesel,Manual,First,21.27,21.27,6.45,HYUNDAI,I20 ASTA,1396.0
1262,2015,23000,Diesel,Automatic,First,19.3,19.3,15.75,SKODA,OCTAVIA ELEGANCE,1968.0
1263,2014,54546,Petrol,Manual,First,17.0,17.0,5.5,HONDA,CITY 1.5,1497.0
1264,2015,51535,Diesel,Automatic,First,12.55,12.55,19.03,TOYOTA,FORTUNER 4X2,2982.0
1265,2013,45000,Diesel,Automatic,First,17.32,17.32,15.25,AUDI,Q3 2.0,1968.0
1266,2012,46004,Petrol,Manual,First,20.92,20.92,2.4,MARUTI,ALTO K10,998.0
1267,2011,124000,Diesel,Manual,First,23.03,23.03,2.3,TATA,INDIGO ECS,1396.0
1268,2014,77395,Diesel,Automatic,First,17.11,17.11,14.35,AUDI,A4 2.0,1968.0
1269,2018,10600,CNG,Manual,First,33.44,33.44,3.5,MARUTI,ALTO 800,796.0
1270,2018,22974,Petrol,Automatic,First,18.0,18.0,11.97,HONDA,CITY I-VTEC,1497.0
1271,2009,89000,Petrol,Manual,Second,0.0,0.0,1.6,HYUNDAI,SANTRO GLS,999.0
1272,2015,65012,Diesel,Manual,First,14.24,14.24,18.9,TOYOTA,FORTUNER 2.8,2755.0
1273,2017,17125,Petrol,Manual,First,18.9,18.9,5.4,HYUNDAI,GRAND I10,1197.0
1274,2015,90413,Petrol,Manual,First,15.1,15.1,2.95,MARUTI,EECO 7,1196.0
1275,2013,37000,Petrol,Manual,First,16.47,16.47,5.1,VOLKSWAGEN,POLO PETROL,1198.0
1276,2006,65000,Petrol,Manual,First,18.9,18.9,1.5,MARUTI,WAGON R,1061.0
1277,2011,66000,Petrol,Manual,First,17.0,17.0,4.9,HONDA,CITY 1.5,1497.0
1278,2010,86000,Petrol,Manual,First,14.8,14.8,2.9,HONDA,CIVIC 2010-2013,1799.0
1279,2005,98437,Petrol,Manual,First,13.0,13.0,1.15,HONDA,CITY 1.5,1493.0
1280,2010,18000,Petrol,Manual,First,18.5,18.5,2.3,HYUNDAI,I20 1.2,1197.0
1281,2018,35070,Diesel,Manual,First,24.0,24.0,5.99,HYUNDAI,GRAND I10,1120.0
1282,2011,42000,Petrol,Automatic,Third,14.4,14.4,3.4,VOLKSWAGEN,VENTO PETROL,1598.0
1283,2009,40000,Petrol,Manual,First,20.36,20.36,1.7,HYUNDAI,I10 SPORTZ,1197.0
1284,2009,43000,Petrol,Manual,First,17.0,17.0,1.99,HYUNDAI,I20 ASTA,1197.0
1285,2012,65000,Petrol,Manual,First,18.6,18.6,2.5,CHEVROLET,BEAT LS,1199.0
1286,2013,74000,Diesel,Manual,First,22.07,22.07,4.85,VOLKSWAGEN,POLO DIESEL,1199.0
1287,2010,51192,Petrol,Manual,First,15.6,15.6,2.65,FORD,FIGO PETROL,1196.0
1288,2014,14262,Petrol,Automatic,First,9.9,9.9,27.35,AUDI,TT 2.0,1984.0
1289,2015,66339,Diesel,Manual,Second,25.1,25.1,6.9,HONDA,CITY I,1498.0
1290,2013,90200,Diesel,Manual,First,20.0,20.0,3.5,FORD,FIGO DIESEL,1399.0
1291,2015,57854,Diesel,Manual,First,12.99,12.99,12.5,TOYOTA,INNOVA 2.5,2494.0
1292,2017,32000,Petrol,Automatic,First,19.12,19.12,9.2,MARUTI,CIAZ 1.4,1373.0
1293,2015,29631,Petrol,Automatic,First,18.9,18.9,4.9,HYUNDAI,GRAND I10,1197.0
1295,2014,54173,Petrol,Manual,First,18.88,18.88,5.55,FORD,ECOSPORT 1.0,999.0
1296,2014,50000,Petrol,Automatic,First,14.7,14.7,13.5,SKODA,OCTAVIA AMBITION,1798.0
1297,2010,145000,Diesel,Manual,First,20.4,20.4,2.6,FIAT,LINEA EMOTION,1248.0
1298,2015,78000,Petrol,Manual,First,16.1,16.1,4.5,MARUTI,SWIFT LXI,1298.0
1299,2013,65000,Diesel,Automatic,Second,11.8,11.8,34.0,LAND,ROVER DISCOVERY,2993.0
1300,2012,120000,Diesel,Manual,First,12.8,12.8,12.0,TOYOTA,INNOVA 2.5,2494.0
1301,2015,14000,Diesel,Manual,First,28.4,28.4,5.25,MARUTI,SWIFT LDI,1248.0
1302,2014,57456,Diesel,Automatic,First,17.68,17.68,21.56,AUDI,A6 2011-2015,1968.0
1303,2012,44450,Diesel,Automatic,First,22.48,22.48,24.68,BMW,5 SERIES,1995.0
1304,2013,63777,Petrol,Manual,First,18.5,18.5,3.67,HYUNDAI,I20 MAGNA,1197.0
1305,2016,31000,Diesel,Automatic,First,17.05,17.05,29.5,BMW,X1 M,1995.0
1306,2012,60000,Petrol,Manual,First,17.6,17.6,3.1,TOYOTA,ETIOS G,1496.0
1307,2015,78008,Diesel,Manual,First,17.0,17.0,2.9,TATA,INDIGO LX,1405.0
1308,2014,33000,Diesel,Automatic,Second,0.0,0.0,43.0,MERCEDES-BENZ,M-CLASS ML,2987.0
1309,2009,27078,Petrol,Automatic,First,10.98,10.98,15.95,VOLKSWAGEN,BEETLE 2.0,1984.0
1310,2011,57275,Diesel,Manual,First,19.7,19.7,4.5,VOLKSWAGEN,POLO GT,1598.0
1311,2014,45000,Diesel,Manual,First,24.0,24.0,3.49,HYUNDAI,GRAND I10,1120.0
1312,2014,57319,Diesel,Manual,First,25.2,25.2,4.25,MARUTI,SWIFT VDI,1248.0
1313,2008,121097,Diesel,Manual,Second,24.0,24.0,1.9,HYUNDAI,VERNA CRDI,1396.0
1314,2011,89000,Diesel,Automatic,First,16.73,16.73,16.57,BMW,5 SERIES,1995.0
1315,2012,72000,Petrol,Manual,First,17.0,17.0,5.75,HONDA,CITY 1.5,1497.0
1316,2013,36000,Diesel,Automatic,Second,16.55,16.55,14.0,AUDI,A4 2.0,1968.0
1317,2013,86000,Diesel,Manual,Second,19.5,19.5,2.5,FIAT,LINEA CLASSIC,1248.0
1318,2002,85000,Petrol,Manual,First,13.0,13.0,1.2,HONDA,CITY 1.3,1343.0
1319,2005,120000,Petrol,Manual,Second,15.5,15.5,0.85,FIAT,PETRA 1.2,1242.0
1320,2013,37613,Diesel,Automatic,First,22.69,22.69,13.95,BMW,3 SERIES,1995.0
1321,2007,100000,Petrol,Manual,First,16.6,16.6,1.6,FORD,FIESTA 1.4,1388.0
1322,2016,5240,Petrol,Automatic,First,21.9,21.9,3.6,TATA,NANO XTA,624.0
1323,2018,20000,CNG,Manual,First,15.1,15.1,4.5,MARUTI,EECO 5,1196.0
1324,2019,16862,Petrol,Manual,First,20.89,20.89,6.06,MARUTI,IGNIS 1.2,1197.0
1325,2013,59254,Petrol,Manual,Second,17.5,17.5,5.29,MARUTI,SWIFT DZIRE,1298.0
1326,2014,60000,Diesel,Manual,First,22.7,22.7,5.75,FORD,ECOSPORT 1.5,1498.0
1328,2014,47674,Petrol,Manual,First,19.1,19.1,5.72,MARUTI,SWIFT DZIRE,1197.0
1329,2014,61517,Petrol,Automatic,First,16.95,16.95,4.39,HYUNDAI,I10 SPORTZ,1197.0
1330,2016,62946,Diesel,Manual,First,15.1,15.1,11.05,MAHINDRA,XUV500 W6,2179.0
1331,2015,66823,Diesel,Manual,Second,22.54,22.54,4.83,HYUNDAI,I20 MAGNA,1396.0
1332,2013,79494,CNG,Manual,First,33.54,33.54,2.96,MARUTI,WAGON R,998.0
1333,2012,107000,Diesel,Manual,Second,21.27,21.27,4.5,HYUNDAI,I20 ASTA,1396.0
1334,2011,55000,Diesel,Automatic,Second,16.46,16.46,19.5,BMW,7 SERIES,2993.0
1335,2017,24000,Petrol,Automatic,First,14.3,14.3,8.75,SKODA,RAPID 1.6,1598.0
1336,2016,20002,Diesel,Automatic,First,14.75,14.75,67.0,AUDI,Q7 45,2967.0
1337,2016,54317,Petrol,Manual,First,17.4,17.4,8.4,HONDA,CITY I,1497.0
1338,2016,10200,Petrol,Manual,First,19.1,19.1,4.99,HYUNDAI,XCENT 1.2,1197.0
1339,2016,24337,Diesel,Manual,First,26.0,26.0,8.18,HONDA,CITY I,1498.0
1340,2012,79000,Petrol,Manual,First,18.4,18.4,2.9,HONDA,BRIO S,1198.0
1341,2015,40500,Diesel,Manual,First,28.09,28.09,7.1,MARUTI,CIAZ ZDI,1248.0
1342,2016,23000,Diesel,Manual,First,26.59,26.59,7.05,MARUTI,SWIFT DZIRE,1248.0
1343,2015,63050,Petrol,Automatic,First,11.1,11.1,17.5,HONDA,CR-V 2.4L,2354.0
1344,2008,78000,Petrol,Automatic,Second,14.53,14.53,3.41,TOYOTA,COROLLA ALTIS,1794.0
1345,2005,70000,Petrol,Manual,First,0.0,0.0,1.3,MARUTI,BALENO VXI,1590.0
1346,2012,66245,Petrol,Manual,First,17.0,17.0,5.68,HONDA,CITY 1.5,1497.0
1347,2007,74112,Diesel,Manual,First,12.05,12.05,4.1,MAHINDRA,SCORPIO LX,2179.0
1348,2011,87670,Petrol,Manual,First,13.4,13.4,4.0,SKODA,LAURA 1.8,1798.0
1349,2015,10000,Diesel,Automatic,First,18.88,18.88,30.0,BMW,3 SERIES,1995.0
1350,2007,62493,Petrol,Manual,First,15.0,15.0,1.8,MARUTI,SX4 ZXI,1586.0
1351,2015,44620,Petrol,Manual,First,20.73,20.73,6.93,MARUTI,CIAZ VXI,1373.0
1352,2012,66538,Diesel,Automatic,First,10.2,10.2,70.0,LAND,ROVER RANGE,4367.0
1353,2013,60000,Diesel,Manual,First,12.99,12.99,7.9,TOYOTA,INNOVA 2.5,2494.0
1354,2011,20842,Petrol,Manual,First,0.0,0.0,2.78,HYUNDAI,SANTRO XING,1086.0
1355,2014,110000,Diesel,Automatic,First,13.01,13.01,14.4,HYUNDAI,SANTA FE,2199.0
1356,2011,45000,Petrol,Automatic,Second,11.74,11.74,13.5,MERCEDES-BENZ,NEW C-CLASS,1796.0
1357,2014,40000,CNG,Manual,Second,26.6,26.6,3.15,MARUTI,WAGON R,998.0
1358,2012,49008,Petrol,Manual,First,19.7,19.7,2.88,MARUTI,ALTO LXI,796.0
1359,2016,31000,Petrol,Manual,First,24.7,24.7,2.15,MARUTI,ALTO 800,796.0
1360,2013,8000,Petrol,Manual,First,16.95,16.95,3.75,NISSAN,SUNNY 2011-2014,1498.0
1361,2019,171,Petrol,Manual,First,24.7,24.7,3.6,MARUTI,ALTO 800,796.0
1362,2018,2100,Petrol,Manual,First,24.07,24.07,3.6,MARUTI,ALTO K10,998.0
1363,2018,20667,Petrol,Automatic,First,18.9,18.9,7.55,HYUNDAI,GRAND I10,1197.0
1364,2015,50000,Diesel,Manual,First,24.2,24.2,4.7,HONDA,MOBILIO S,1498.0
1365,2010,100030,Diesel,Manual,Second,18.8,18.8,1.6,TATA,MANZA AQUA,1248.0
1366,2011,75372,Diesel,Manual,First,16.52,16.52,3.34,CHEVROLET,OPTRA MAGNUM,1991.0
1367,2016,60475,Petrol,Automatic,First,18.0,18.0,9.1,HONDA,CITY I,1497.0
1368,2019,18453,Petrol,Manual,First,18.9,18.9,6.17,HYUNDAI,GRAND I10,1197.0
1369,2008,96578,Diesel,Manual,First,22.0,22.0,2.5,HYUNDAI,VERNA CRDI,1582.0
1370,2016,31001,Petrol,Manual,First,18.44,18.44,3.0,NISSAN,MICRA XL,1198.0
1371,2012,65900,Diesel,Manual,First,22.32,22.32,5.75,HYUNDAI,VERNA 1.6,1582.0
1372,2017,26246,Petrol,Manual,First,15.29,15.29,10.75,HYUNDAI,CRETA 1.6,1591.0
1373,2013,62700,Petrol,Manual,Second,20.51,20.51,2.85,MARUTI,WAGON R,998.0
1374,2008,90000,Petrol,Automatic,First,10.2,10.2,6.5,HONDA,ACCORD 2.4,2354.0
1375,2016,36000,Petrol,Automatic,First,16.8,16.8,9.45,HONDA,CITY 1.5,1497.0
1376,2016,46000,Diesel,Manual,First,27.39,27.39,6.75,MARUTI,BALENO ALPHA,1248.0
1377,2017,73003,Diesel,Manual,First,26.0,26.0,7.75,HONDA,CITY I,1498.0
1378,2014,46566,Diesel,Manual,First,22.54,22.54,4.4,HYUNDAI,I20 ERA,1396.0
1379,2015,41493,Diesel,Automatic,First,13.0,13.0,42.0,MERCEDES-BENZ,E-CLASS 2015-2017,2987.0
1380,2014,103788,Diesel,Manual,First,19.01,19.01,5.67,NISSAN,TERRANO XV,1461.0
1381,2016,45000,Diesel,Automatic,First,19.6,19.6,11.5,RENAULT,DUSTER 110PS,1461.0
1382,2009,120000,Petrol,Manual,First,18.9,18.9,1.69,MARUTI,WAGON R,998.0
1383,2009,97359,Diesel,Manual,Second,17.1,17.1,1.8,HYUNDAI,GETZ 1.5,1493.0
1384,2016,62000,Petrol,Manual,First,18.5,18.5,3.2,MARUTI,RITZ LXI,1197.0
1386,2019,18373,Diesel,Automatic,First,22.48,22.48,45.86,BMW,5 SERIES,1995.0
1387,2016,60453,Petrol,Manual,First,16.47,16.47,5.1,VOLKSWAGEN,POLO 1.2,1198.0
1388,2013,37000,Diesel,Manual,First,17.8,17.8,4.85,MARUTI,SWIFT VDI,1248.0
1389,2010,69009,Petrol,Manual,Second,15.6,15.6,2.4,FORD,FIGO PETROL,1196.0
1390,2013,30000,Diesel,Automatic,First,18.88,18.88,22.0,BMW,3 SERIES,1995.0
1391,2012,70707,Diesel,Manual,First,22.32,22.32,4.28,HYUNDAI,VERNA 1.6,1582.0
1392,2015,64677,Diesel,Manual,First,20.45,20.45,5.67,RENAULT,DUSTER 85PS,1461.0
1393,2018,3000,Petrol,Automatic,First,18.9,18.9,6.2,HYUNDAI,GRAND I10,1197.0
1394,2013,49000,Diesel,Automatic,Second,17.05,17.05,14.49,BMW,X1 SDRIVE20D,1995.0
1395,2010,71000,Diesel,Manual,First,21.1,21.1,3.0,MARUTI,RITZ VDI,1248.0
1396,2010,52000,Petrol,Manual,Second,19.81,19.81,2.25,HYUNDAI,I10 ERA,1086.0
1397,2016,35659,Diesel,Automatic,First,15.97,15.97,43.78,BMW,X5 2014-2019,2993.0
1398,2019,5377,Petrol,Manual,First,16.8,16.8,11.45,HONDA,CITY V,1497.0
1399,2014,65000,Diesel,Automatic,First,11.18,11.18,10.5,MAHINDRA,SSANGYONG REXTON,2696.0
1400,2015,92708,Diesel,Manual,First,22.7,22.7,7.48,FORD,ECOSPORT 1.5,1498.0
1401,2010,48105,Petrol,Manual,First,19.7,19.7,3.1,MARUTI,ALTO LXI,796.0
1402,2011,46759,Petrol,Manual,First,16.47,16.47,2.55,VOLKSWAGEN,POLO 1.2,1198.0
1403,2013,62000,Diesel,Manual,First,22.07,22.07,3.5,VOLKSWAGEN,POLO DIESEL,1199.0
1404,2012,35175,Diesel,Manual,First,22.07,22.07,2.59,VOLKSWAGEN,POLO DIESEL,1199.0
1405,2013,70000,Diesel,Manual,First,20.77,20.77,5.45,MARUTI,ERTIGA ZDI,1248.0
1406,2017,30000,Diesel,Manual,First,22.77,22.77,6.0,FORD,ECOSPORT 1.5,1498.0
1407,2016,66618,Diesel,Automatic,First,11.36,11.36,15.49,TOYOTA,INNOVA CRYSTA,2755.0
1408,2010,69300,Petrol,Automatic,Second,10.8,10.8,12.5,BMW,5 SERIES,2497.0
1409,2017,148000,Diesel,Manual,First,23.4,23.4,4.75,MARUTI,SWIFT DZIRE,1248.0
1410,2017,22000,Petrol,Manual,First,18.88,18.88,7.85,FORD,ECOSPORT 1.0,999.0
1411,2013,75000,Diesel,Manual,First,16.8,16.8,6.0,HYUNDAI,VERNA CRDI,1493.0
1412,2016,43706,Petrol,Manual,First,17.57,17.57,4.0,TATA,ZEST REVOTRON,1193.0
1413,2011,42000,Diesel,Automatic,First,14.4,14.4,28.75,AUDI,A7 2011-2015,2967.0
1414,2012,65000,Diesel,Manual,First,22.3,22.3,2.5,TATA,INDICA VISTA,1248.0
1415,2015,76128,Diesel,Manual,First,26.59,26.59,5.5,MARUTI,SWIFT DZIRE,1248.0
1416,2010,39852,Petrol,Manual,First,16.0,16.0,1.59,FIAT,LINEA EMOTION,1368.0
1417,2017,18673,Petrol,Manual,First,18.6,18.6,6.22,HYUNDAI,I20 1.2,1197.0
1418,2016,11583,Petrol,Manual,First,21.1,21.1,2.75,HYUNDAI,EON ERA,814.0
1419,2007,82000,Petrol,Manual,Second,0.0,0.0,1.35,HYUNDAI,SANTRO XING,1086.0
1420,2017,50000,Diesel,Automatic,First,17.9,17.9,25.0,MERCEDES-BENZ,GLA CLASS,2143.0
1421,2014,77000,Petrol,Manual,First,23.1,23.1,2.8,MARUTI,CELERIO VXI,998.0
1422,2014,54890,Petrol,Manual,Second,17.8,17.8,2.45,CHEVROLET,BEAT LT,1199.0
1423,2016,21000,Petrol,Automatic,First,19.0,19.0,6.35,HONDA,JAZZ 1.2,1199.0
1424,2009,58557,Diesel,Automatic,Third,16.07,16.07,8.0,BMW,3 SERIES,1995.0
1425,2014,70000,Diesel,Manual,First,19.01,19.01,8.25,RENAULT,DUSTER 110PS,1461.0
1426,2017,16000,Petrol,Automatic,First,17.01,17.01,5.95,FORD,FIGO 2015-2019,1499.0
1427,2018,8899,Diesel,Manual,First,13.68,13.68,19.92,TOYOTA,INNOVA CRYSTA,2393.0
1428,2016,83629,Diesel,Manual,First,25.44,25.44,3.15,CHEVROLET,BEAT DIESEL,936.0
1429,2014,35059,Petrol,Automatic,First,17.21,17.21,5.75,VOLKSWAGEN,POLO GTI,1798.0
1430,2018,30552,Diesel,Automatic,First,10.91,10.91,32.44,FORD,ENDEAVOUR 3.2,3198.0
1431,2016,44875,Diesel,Automatic,Second,22.32,22.32,8.01,HYUNDAI,VERNA 1.6,1582.0
1432,2017,25095,Petrol,Manual,First,18.16,18.16,6.48,FORD,FIGO 2015-2019,1196.0
1433,2007,59000,Petrol,Manual,First,16.1,16.1,0.75,MARUTI,800 AC,796.0
1434,2014,36000,Diesel,Manual,First,26.0,26.0,5.0,HONDA,CITY I,1498.0
1435,2012,37000,Diesel,Manual,First,16.0,16.0,7.75,MAHINDRA,XUV500 W8,2179.0
1436,2010,90000,Diesel,Manual,First,20.0,20.0,2.6,FORD,FIGO DIESEL,1399.0
1437,2018,17000,Petrol,Manual,First,17.0,17.0,9.2,FORD,ECOSPORT 1.5,1497.0
1438,2015,42575,Petrol,Manual,First,18.6,18.6,5.05,HYUNDAI,I20 ASTA,1197.0
1439,2012,131000,Diesel,Manual,First,12.99,12.99,9.6,TOYOTA,INNOVA 2.5,2494.0
1440,2013,74000,Diesel,Manual,First,20.46,20.46,5.5,RENAULT,DUSTER 85PS,1461.0
1441,2013,47234,Diesel,Manual,First,12.99,12.99,9.35,TOYOTA,INNOVA 2.5,2494.0
1442,2009,231673,Petrol,Manual,First,17.0,17.0,2.6,HONDA,CITY 1.5,1497.0
1443,2016,10000,Petrol,Manual,First,24.07,24.07,3.5,MARUTI,ALTO K10,998.0
1444,2016,49389,Petrol,Manual,First,19.49,19.49,4.26,NISSAN,MICRA ACTIVE,1198.0
1445,2016,12000,Petrol,Automatic,Second,23.1,23.1,4.25,MARUTI,CELERIO VXI,998.0
1446,2010,65000,Petrol,Manual,Second,11.7,11.7,11.75,MERCEDES-BENZ,NEW C-CLASS,1796.0
1447,2013,177000,Diesel,Manual,First,23.5,23.5,3.5,FORD,FIESTA DIESEL,1498.0
1448,2015,89000,Petrol,Manual,First,17.01,17.01,7.5,HYUNDAI,VERNA 1.6,1591.0
1449,2009,72000,Petrol,Automatic,Third,15.0,15.0,3.25,HYUNDAI,I20 1.4,1396.0
1450,2012,49000,Petrol,Manual,First,17.5,17.5,4.9,MARUTI,SWIFT DZIRE,1298.0
1451,2014,51355,Diesel,Automatic,First,14.84,14.84,27.0,MERCEDES-BENZ,NEW C-CLASS,2143.0
1452,2017,13460,Petrol,Manual,First,18.6,18.6,8.91,HYUNDAI,ELITE I20,1197.0
1453,2014,35642,Petrol,Automatic,First,17.01,17.01,6.69,HYUNDAI,VERNA 1.6,1591.0
1454,2014,52895,Diesel,Manual,First,17.3,17.3,6.02,CHEVROLET,CRUZE LTZ,1998.0
1455,2010,93000,Petrol,Manual,First,14.28,14.28,4.5,TOYOTA,COROLLA ALTIS,1798.0
1456,2011,70000,Petrol,Manual,First,19.0,19.0,2.0,MARUTI,A-STAR VXI,998.0
1457,2012,32048,Diesel,Manual,First,23.08,23.08,2.4,NISSAN,MICRA DIESEL,1461.0
1458,2013,4700,Petrol,Manual,First,25.4,25.4,1.2,TATA,NANO LX,624.0
1459,2014,71800,Diesel,Manual,First,23.4,23.4,2.9,MARUTI,SWIFT DZIRE,1248.0
1461,2016,45000,Diesel,Automatic,First,17.32,17.32,27.0,AUDI,Q3 2.0,1968.0
1462,2016,15388,Diesel,Manual,First,25.8,25.8,7.5,HONDA,AMAZE VX,1498.0
1463,2004,98798,Petrol,Manual,First,14.7,14.7,1.5,CHEVROLET,OPTRA 1.6,1599.0
1464,2016,43000,Diesel,Automatic,First,14.16,14.16,39.5,AUDI,Q5 2.0,1968.0
1465,2012,85112,Diesel,Manual,First,23.2,23.2,3.39,MARUTI,RITZ VDI,1248.0
1466,2018,37804,Diesel,Manual,First,15.4,15.4,12.4,MAHINDRA,SCORPIO S6,2179.0
1467,2014,45000,Diesel,Manual,First,28.09,28.09,6.85,MARUTI,CIAZ ZDI,1248.0
1468,2011,116000,Diesel,Manual,Second,21.43,21.43,5.75,TOYOTA,COROLLA ALTIS,1364.0
1469,2015,100073,Diesel,Manual,Second,25.0,25.0,2.0,TATA,INDICA V2,1396.0
1470,2006,165000,Petrol,Manual,First,16.1,16.1,0.9,MARUTI,800 STD,796.0
1471,2015,22000,Petrol,Manual,First,16.47,16.47,3.8,VOLKSWAGEN,POLO 1.2,1198.0
1472,2017,9500,Petrol,Automatic,First,14.62,14.62,16.35,HYUNDAI,ELANTRA 2.0,1999.0
1473,2012,152000,Diesel,Automatic,First,11.5,11.5,16.5,TOYOTA,FORTUNER 4X2,2982.0
1474,2019,17705,Petrol,Manual,First,21.4,21.4,8.7,MARUTI,BALENO ZETA,1197.0
1475,2016,12000,Petrol,Manual,First,21.4,21.4,6.1,MARUTI,BALENO ZETA,1197.0
1476,2013,51000,Diesel,Automatic,First,23.8,23.8,21.94,MINI,COOPER COUNTRYMAN,1998.0
1477,2009,42000,Diesel,Automatic,Second,13.0,13.0,22.0,MERCEDES-BENZ,S CLASS,2987.0
1478,2015,51000,Petrol,Manual,First,20.92,20.92,2.65,MARUTI,ALTO K10,998.0
1479,2017,42527,Petrol,Manual,First,20.4,20.4,5.27,MARUTI,SWIFT VXI,1197.0
1480,2014,45000,Diesel,Manual,First,22.1,22.1,2.48,CHEVROLET,SAIL LT,1248.0
1481,2011,70000,Diesel,Manual,First,12.8,12.8,6.0,TOYOTA,INNOVA 2.5,2494.0
1482,2009,92000,Diesel,Manual,First,11.5,11.5,8.9,TOYOTA,FORTUNER 3.0,2982.0
1483,2012,57156,Diesel,Automatic,Second,18.88,18.88,18.0,BMW,3 SERIES,1995.0
1484,2016,53211,Petrol,Manual,First,16.8,16.8,11.64,SKODA,OCTAVIA AMBITION,1395.0
1485,2019,80000,Diesel,Manual,First,11.5,11.5,8.99,TOYOTA,FORTUNER 3.0,2982.0
1486,2009,74000,Diesel,Automatic,First,15.5,15.5,5.25,VOLKSWAGEN,JETTA 2007-2011,1896.0
1487,2011,37000,Diesel,Manual,First,23.0,23.0,2.95,HYUNDAI,I20 1.4,1396.0
1488,2013,64000,Diesel,Manual,Second,21.02,21.02,2.65,TATA,MANZA CLUB,1248.0
1489,2013,57197,Petrol,Manual,First,15.04,15.04,4.0,VOLKSWAGEN,VENTO PETROL,1598.0
1490,2016,55000,Diesel,Automatic,First,17.6,17.6,12.5,HYUNDAI,CRETA 1.6,1582.0
1491,2014,33000,Petrol,Manual,First,21.1,21.1,3.25,MARUTI,RITZ VXI,1197.0
1492,2008,70000,Petrol,Manual,First,13.1,13.1,4.0,HONDA,CR-V 2.0L,1997.0
1493,2012,75000,Diesel,Manual,Second,15.1,15.1,6.25,MAHINDRA,XUV500 W8,2179.0
1494,2016,58095,Diesel,Manual,First,21.66,21.66,5.8,VOLKSWAGEN,AMEO 1.5,1498.0
1495,2015,7445,Petrol,Manual,First,17.57,17.57,5.0,TATA,ZEST REVOTRON,1193.0
1496,2016,17652,Diesel,Automatic,First,12.9,12.9,58.73,JAGUAR,XJ 3.0L,2993.0
1497,2018,28321,Petrol,Automatic,First,14.28,14.28,17.49,TOYOTA,COROLLA ALTIS,1798.0
1498,2011,69000,Petrol,Manual,Second,19.0,19.0,1.95,MARUTI,A-STAR VXI,998.0
1499,2007,80000,Petrol,Automatic,First,11.1,11.1,3.0,HONDA,ACCORD VTI-L,2354.0
1500,2014,42365,Petrol,Manual,First,17.0,17.0,5.5,HYUNDAI,I20 ASTA,1197.0
1501,2013,123000,Diesel,Automatic,First,12.55,12.55,16.5,TOYOTA,FORTUNER 4X2,2982.0
1502,2011,40000,Petrol,Automatic,Second,11.74,11.74,14.5,MERCEDES-BENZ,NEW C-CLASS,1796.0
1503,2016,30112,Diesel,Manual,First,27.39,27.39,7.79,MARUTI,BALENO ALPHA,1248.0
1504,2017,43775,Diesel,Manual,First,20.77,20.77,8.27,MARUTI,ERTIGA VDI,1248.0
1505,2019,26013,Diesel,Automatic,First,12.65,12.65,97.07,LAND,ROVER RANGE,2993.0
1506,2012,56000,Petrol,Manual,First,12.9,12.9,2.15,CHEVROLET,OPTRA MAGNUM,1598.0
1507,2008,95000,Petrol,Automatic,Second,12.9,12.9,3.0,HONDA,CIVIC 2006-2010,1799.0
1508,2014,41089,Diesel,Automatic,First,16.09,16.09,28.79,BMW,X3 XDRIVE20D,1995.0
1509,2011,41988,Diesel,Automatic,First,20.0,20.0,5.45,SKODA,LAURA AMBITION,1968.0
1510,2013,72486,Diesel,Manual,First,23.4,23.4,3.95,MARUTI,SWIFT DZIRE,1248.0
1511,2013,92000,Diesel,Automatic,First,23.3,23.3,16.0,VOLVO,V40 CROSS,1984.0
1512,2013,40000,Petrol,Manual,First,17.5,17.5,4.25,MARUTI,SWIFT DZIRE,1298.0
1513,2014,56000,Diesel,Automatic,First,12.7,12.7,34.5,LAND,ROVER RANGE,2179.0
1514,2008,125000,Petrol,Automatic,Third,11.7,11.7,2.6,HONDA,ACCORD 2.4,2354.0
1515,2017,29219,Diesel,Manual,First,12.99,12.99,13.48,TOYOTA,INNOVA 2.5,2494.0
1516,2018,39927,Diesel,Manual,First,12.55,12.55,32.1,TOYOTA,FORTUNER 4X4,2982.0
1517,2018,38593,Petrol,Manual,First,18.7,18.7,6.17,HONDA,JAZZ 1.2,1199.0
1518,2015,32000,Petrol,Manual,First,17.0,17.0,5.5,HONDA,CITY 1.5,1497.0
1519,2017,28226,Diesel,Automatic,First,28.4,28.4,9.15,MARUTI,DZIRE AMT,1248.0
1520,2014,95000,Diesel,Manual,First,21.64,21.64,4.5,NISSAN,SUNNY 2011-2014,1461.0
1521,2014,194000,Diesel,Manual,First,12.99,12.99,10.5,TOYOTA,INNOVA 2.5,2494.0
1522,2016,14821,Petrol,Manual,First,19.4,19.4,5.37,HONDA,BRIO S,1198.0
1523,2012,52000,Petrol,Manual,First,15.04,15.04,5.45,VOLKSWAGEN,VENTO PETROL,1598.0
1524,2016,33000,Diesel,Manual,First,16.0,16.0,9.25,MAHINDRA,XUV500 W4,2179.0
1525,2016,29200,Diesel,Manual,First,23.0,23.0,7.7,FORD,ECOSPORT 1.5,1498.0
1526,2012,99754,Diesel,Manual,First,17.72,17.72,7.99,SKODA,YETI AMBITION,1968.0
1527,2012,49000,Petrol,Manual,First,20.36,20.36,3.0,HYUNDAI,I10 SPORTZ,1197.0
1528,2005,299322,Diesel,Manual,First,12.8,12.8,4.0,TOYOTA,INNOVA 2.5,2494.0
1529,2018,38310,Diesel,Manual,First,20.65,20.65,6.69,TATA,ZEST QUADRAJET,1248.0
1530,2014,56000,Diesel,Manual,First,22.9,22.9,4.25,MARUTI,SWIFT VDI,1248.0
1531,2017,31300,Diesel,Automatic,First,21.72,21.72,10.5,SKODA,RAPID 1.5,1498.0
1532,2019,11241,Diesel,Manual,First,13.68,13.68,22.55,TOYOTA,INNOVA CRYSTA,2393.0
1533,2014,48000,Petrol,Manual,Second,17.01,17.01,5.2,HYUNDAI,VERNA 1.6,1591.0
1534,2019,23882,Petrol,Manual,First,17.4,17.4,11.87,HONDA,CITY I,1497.0
1535,2014,65000,Diesel,Manual,First,26.0,26.0,6.99,HONDA,CITY I,1498.0
1536,2011,50000,Diesel,Manual,First,20.54,20.54,5.0,VOLKSWAGEN,VENTO DIESEL,1598.0
1537,2014,25000,Diesel,Automatic,First,12.19,12.19,44.0,AUDI,Q5 2008-2012,2967.0
1538,2015,21000,Petrol,Manual,First,22.74,22.74,2.79,MARUTI,ALTO 800,796.0
1539,2012,148000,Diesel,Manual,Second,21.12,21.12,2.9,TATA,MANZA ELAN,1248.0
1540,2016,68000,Petrol,Manual,First,15.29,15.29,9.85,HYUNDAI,CRETA 1.6,1591.0
1541,2014,52000,Diesel,Automatic,First,12.0,12.0,49.0,MERCEDES-BENZ,GL-CLASS 2007,2987.0
1542,2016,19000,Diesel,Manual,First,16.55,16.55,9.25,MAHINDRA,THAR CRDE,2498.0
1543,2011,74000,Diesel,Manual,Second,22.32,22.32,3.75,HYUNDAI,VERNA 1.6,1582.0
1544,2017,30279,Diesel,Manual,First,26.1,26.1,7.29,FORD,ASPIRE TITANIUM,1498.0
1545,2016,20000,Diesel,Automatic,First,20.7,20.7,23.5,MINI,COOPER 3,1496.0
1546,2013,34834,Petrol,Manual,First,14.0,14.0,2.6,MARUTI,OMNI 8,796.0
1547,2015,90000,Diesel,Manual,Second,21.03,21.03,3.1,MAHINDRA,VERITO 1.5,1461.0
1548,2016,38730,Diesel,Automatic,First,14.21,14.21,29.98,MERCEDES-BENZ,E-CLASS 2009-2013,2143.0
1549,2016,57390,Diesel,Manual,First,19.01,19.01,6.73,RENAULT,DUSTER 110PS,1461.0
1550,2016,100000,Diesel,Manual,First,23.4,23.4,3.5,MARUTI,SWIFT DZIRE,1248.0
1551,2011,50000,Petrol,Manual,First,16.47,16.47,2.35,VOLKSWAGEN,POLO PETROL,1198.0
1552,2017,64961,Diesel,Manual,First,16.0,16.0,16.13,MAHINDRA,XUV500 W10,2179.0
1553,2014,72465,Petrol,Manual,First,16.47,16.47,5.9,VOLKSWAGEN,POLO 1.2,1198.0
1554,2012,68776,Petrol,Manual,First,21.1,21.1,3.9,MARUTI,RITZ VXI,1197.0
1555,2005,150000,Petrol,Manual,First,14.7,14.7,1.5,CHEVROLET,OPTRA 1.6,1598.0
1556,2012,68000,Diesel,Manual,First,12.8,12.8,6.95,TOYOTA,INNOVA 2.5,2494.0
1557,2015,33000,Diesel,Manual,First,26.0,26.0,7.0,HONDA,CITY I,1498.0
1558,2017,22389,Petrol,Manual,First,17.0,17.0,7.23,VOLKSWAGEN,AMEO 1.2,1198.0
1559,2012,90000,Diesel,Manual,First,21.5,21.5,3.81,MARUTI,SX4 ZDI,1248.0
1560,2012,42000,Petrol,Manual,Third,18.6,18.6,4.5,MARUTI,SWIFT ZXI,1197.0
1561,2017,38767,Diesel,Manual,First,19.67,19.67,12.6,HYUNDAI,CRETA 1.6,1582.0
1562,2015,21000,Diesel,Automatic,First,12.07,12.07,48.0,AUDI,Q7 35,2967.0
1563,2010,59136,Petrol,Manual,First,19.7,19.7,2.96,MARUTI,ALTO LXI,796.0
1564,2014,36000,Diesel,Manual,First,25.8,25.8,3.25,HONDA,AMAZE SX,1498.0
1565,2011,95000,Diesel,Automatic,Second,18.33,18.33,8.5,VOLKSWAGEN,PASSAT DIESEL,1968.0
1566,2013,51000,Diesel,Automatic,First,19.5,19.5,8.75,HYUNDAI,ELANTRA CRDI,1582.0
1567,2011,36411,Petrol,Manual,First,18.9,18.9,3.08,MARUTI,WAGON R,998.0
1568,2017,40000,Diesel,Automatic,First,12.81,12.81,41.5,LAND,ROVER DISCOVERY,1999.0
1569,2016,27300,Petrol,Manual,First,17.8,17.8,7.0,HONDA,CITY I,1497.0
1570,2011,29813,Petrol,Automatic,Second,14.74,14.74,11.5,MERCEDES-BENZ,NEW C-CLASS,1991.0
1571,2011,71000,Petrol,Manual,First,20.51,20.51,2.6,MARUTI,WAGON R,998.0
1572,2014,32000,Diesel,Manual,First,22.32,22.32,4.3,HYUNDAI,VERNA 1.6,1582.0
1573,2017,19234,CNG,Manual,First,17.5,17.5,8.35,MARUTI,ERTIGA VXI,1373.0
1574,2017,50510,Diesel,Automatic,First,17.06,17.06,24.9,VOLKSWAGEN,TIGUAN 2.0,1968.0
1575,2011,102000,Diesel,Automatic,First,15.06,15.06,13.75,BMW,X1 SDRIVE,1995.0
1576,2014,42277,Diesel,Manual,First,24.0,24.0,3.85,HYUNDAI,GRAND I10,1186.0
1577,2014,46000,Diesel,Automatic,First,13.0,13.0,23.25,MERCEDES-BENZ,E-CLASS E250,2143.0
1578,2012,35000,Diesel,Manual,First,13.6,13.6,7.0,MAHINDRA,BOLERO ZLX,2523.0
1579,2015,50000,Petrol,Manual,First,18.9,18.9,5.75,HYUNDAI,GRAND I10,1197.0
1580,2008,62000,Petrol,Manual,Second,20.36,20.36,1.65,HYUNDAI,I10 MAGNA,1197.0
1581,2012,78000,Diesel,Manual,First,19.33,19.33,6.5,VOLKSWAGEN,JETTA 2012-2014,1968.0
1582,2011,79000,Diesel,Manual,First,17.67,17.67,7.5,SKODA,YETI ELEGANCE,1968.0
1583,2019,6773,Diesel,Automatic,First,14.75,14.75,72.94,AUDI,Q7 45,2967.0
1584,2010,135000,Diesel,Manual,Second,11.5,11.5,11.0,TOYOTA,FORTUNER 3.0,2982.0
1585,2013,36716,Petrol,Manual,First,18.9,18.9,3.02,MARUTI,WAGON R,1061.0
1586,2013,65060,Petrol,Manual,First,21.1,21.1,3.32,HYUNDAI,EON ERA,814.0
1587,2013,33000,Petrol,Manual,First,19.4,19.4,3.24,HONDA,BRIO S,1198.0
1588,2015,11110,Petrol,Manual,First,22.74,22.74,2.35,MARUTI,ALTO 800,796.0
1589,2013,63000,Diesel,Manual,First,15.96,15.96,5.5,MAHINDRA,BOLERO ZLX,2523.0
1590,2015,27030,Petrol,Manual,First,17.8,17.8,6.75,HONDA,CITY I,1497.0
1591,2015,19600,Petrol,Manual,First,15.0,15.0,6.15,SKODA,RAPID 1.6,1598.0
1592,2016,27755,Petrol,Manual,First,22.0,22.0,5.45,MARUTI,SWIFT VVT,1197.0
1593,2013,20000,Petrol,Manual,Second,21.1,21.1,2.3,HYUNDAI,EON MAGNA,814.0
1594,2015,24782,Petrol,Manual,First,20.85,20.85,6.21,MARUTI,SWIFT DZIRE,1197.0
1595,2014,47303,Petrol,Automatic,First,19.34,19.34,5.21,NISSAN,MICRA XV,1198.0
1596,2008,71000,Petrol,Automatic,First,8.3,8.3,11.99,AUDI,Q7 4.2,4134.0
1597,2010,135000,Diesel,Manual,First,17.8,17.8,3.1,MARUTI,SWIFT VDI,1248.0
1598,2017,1000,Diesel,Manual,First,13.49,13.49,7.5,TATA,XENON XT,2179.0
1599,2016,29000,Diesel,Manual,First,20.14,20.14,4.0,VOLKSWAGEN,POLO 1.5,1498.0
1600,2016,36367,Petrol,Manual,First,17.8,17.8,7.73,HONDA,CITY I,1497.0
1601,2015,38000,Petrol,Manual,First,17.4,17.4,7.8,HONDA,CITY I,1497.0
1602,2011,83969,Petrol,Manual,First,16.1,16.1,1.3,MARUTI,800 AC,796.0
1603,2014,82621,Diesel,Manual,First,20.14,20.14,4.42,VOLKSWAGEN,POLO 1.5,1498.0
1604,2009,89000,Diesel,Automatic,First,12.5,12.5,4.0,CHEVROLET,CAPTIVA LTZ,1991.0
1605,2016,54000,Diesel,Manual,First,16.0,16.0,13.0,MAHINDRA,XUV500 W10,2179.0
1606,2015,61691,Diesel,Manual,First,25.8,25.8,5.38,HONDA,AMAZE VX,1498.0
1607,2011,32200,Petrol,Manual,Second,17.0,17.0,3.25,HYUNDAI,I20 1.2,1197.0
1608,2016,68630,Petrol,Automatic,First,20.51,20.51,3.87,MARUTI,WAGON R,998.0
1609,2014,61000,Diesel,Automatic,Second,16.96,16.96,8.25,VOLKSWAGEN,JETTA 2013-2015,1968.0
1610,2018,32644,Petrol,Manual,First,20.73,20.73,9.28,MARUTI,CIAZ 1.4,1373.0
1611,2012,85000,Diesel,Automatic,First,11.79,11.79,6.25,MAHINDRA,SCORPIO 2009-2014,2179.0
1612,2008,75000,Petrol,Manual,Second,15.26,15.26,1.15,CHEVROLET,AVEO U-VA,1150.0
1613,2016,40347,Petrol,Manual,First,20.73,20.73,7.8,MARUTI,CIAZ ZXI,1373.0
1614,2012,60788,Diesel,Manual,First,23.0,23.0,4.5,HYUNDAI,I20 1.4,1396.0
1615,2018,18664,Petrol,Manual,First,18.7,18.7,7.56,HONDA,JAZZ 1.2,1199.0
1616,2017,57847,Diesel,Manual,First,16.0,16.0,16.08,MAHINDRA,XUV500 W10,2179.0
1617,2012,52237,Petrol,Manual,First,17.0,17.0,4.5,HYUNDAI,I20 1.2,1197.0
1618,2012,128000,Diesel,Manual,First,22.32,22.32,5.0,HYUNDAI,VERNA 1.6,1582.0
1619,2011,54000,Petrol,Manual,First,19.81,19.81,2.2,HYUNDAI,I10 ERA,1086.0
1620,2014,49800,Petrol,Automatic,First,23.1,23.1,4.0,MARUTI,CELERIO VXI,998.0
1621,2012,98000,Diesel,Manual,First,20.86,20.86,2.51,SKODA,FABIA 1.2,1199.0
1622,2015,60095,Diesel,Manual,First,25.2,25.2,4.75,MARUTI,SWIFT VDI,1248.0
1623,2008,68000,Petrol,Manual,Second,16.0,16.0,2.0,HYUNDAI,I10 MAGNA(O),1086.0
1624,2010,81402,Petrol,Manual,Second,20.36,20.36,2.1,HYUNDAI,I10 MAGNA,1197.0
1625,2013,38000,Petrol,Automatic,First,16.5,16.5,6.25,FORD,ECOSPORT 1.5,1499.0
1626,2011,92239,Diesel,Automatic,Second,11.5,11.5,10.6,MERCEDES-BENZ,E-CLASS 2009-2013,2987.0
1627,2017,49224,Diesel,Manual,First,25.2,25.2,6.0,MARUTI,SWIFT VDI,1248.0
1628,2004,12000,Petrol,Manual,Second,16.1,16.1,0.45,MARUTI,800 STD,796.0
1629,2010,54898,Petrol,Manual,Third,16.1,16.1,2.5,MARUTI,SWIFT LXI,1298.0
1630,2018,2500,Petrol,Manual,First,15.29,15.29,12.75,HYUNDAI,CRETA 1.6,1591.0
1631,2017,32838,Diesel,Automatic,First,17.05,17.05,30.29,BMW,X1 M,1995.0
1632,2006,27076,Petrol,Manual,First,13.8,13.8,1.6,FORD,IKON 1.3,1299.0
1633,2017,75445,Diesel,Manual,First,22.7,22.7,7.54,FORD,ECOSPORT 1.5,1498.0
1634,2015,46601,Petrol,Manual,First,20.73,20.73,6.84,MARUTI,CIAZ VXI,1373.0
1635,2012,72000,Diesel,Automatic,First,18.33,18.33,6.0,VOLKSWAGEN,PASSAT DIESEL,1968.0
1636,2017,27000,Diesel,Manual,First,27.3,27.3,8.0,HONDA,JAZZ 1.5,1498.0
1637,2016,68193,Diesel,Automatic,First,17.11,17.11,24.74,AUDI,A4 35,1968.0
1638,2017,34429,Diesel,Manual,First,24.0,24.0,5.5,HYUNDAI,GRAND I10,1120.0
1639,2013,46000,Diesel,Automatic,First,12.0,12.0,36.0,MERCEDES-BENZ,GL-CLASS 2007,2987.0
1640,2013,80544,Diesel,Manual,First,12.99,12.99,11.79,TOYOTA,INNOVA 2.5,2494.0
1641,2011,42000,Petrol,Manual,Second,16.95,16.95,3.0,NISSAN,SUNNY 2011-2014,1498.0
1642,2011,94821,Diesel,Automatic,Second,20.0,20.0,6.75,SKODA,LAURA AMBIENTE,1968.0
1643,2006,100000,Petrol,Manual,First,14.49,14.49,1.4,CHEVROLET,AVEO 1.4,1399.0
1644,2014,57000,Diesel,Manual,First,24.2,24.2,5.75,HONDA,MOBILIO V,1498.0
1645,2010,79894,Diesel,Manual,First,21.1,21.1,3.4,MARUTI,RITZ VDI,1248.0
1646,2011,44748,Petrol,Manual,Second,16.47,16.47,4.89,VOLKSWAGEN,POLO PETROL,1198.0
1647,2013,31000,Petrol,Manual,First,13.24,13.24,4.95,NISSAN,TERRANO XL,1598.0
1648,2013,60587,Petrol,Automatic,Second,16.98,16.98,3.49,MARUTI,A-STAR AT,998.0
1649,2011,32000,Diesel,Manual,First,23.59,23.59,3.85,TOYOTA,ETIOS LIVA,1364.0
1650,2014,43772,Petrol,Manual,First,17.0,17.0,6.35,HONDA,CITY 1.5,1497.0
1651,2017,23576,Petrol,Automatic,First,18.9,18.9,7.08,HYUNDAI,GRAND I10,1197.0
1652,2017,4000,Diesel,Automatic,First,13.6,13.6,38.0,JAGUAR,XE 2.0L,1999.0
1653,2012,62000,Diesel,Manual,First,12.05,12.05,6.25,MAHINDRA,SCORPIO VLX,2179.0
1654,2011,36000,Petrol,Automatic,First,11.74,11.74,10.15,MERCEDES-BENZ,NEW C-CLASS,1796.0
1655,2014,80000,Petrol,Automatic,First,13.7,13.7,10.75,SKODA,SUPERB ELEGANCE,1798.0
1656,2012,137008,Diesel,Automatic,First,18.1,18.1,4.65,CHEVROLET,CRUZE LTZ,1991.0
1657,2010,61001,Diesel,Manual,First,12.05,12.05,4.75,MAHINDRA,SCORPIO VLX,2179.0
1658,2015,52191,Petrol,Manual,First,17.1,17.1,7.78,HYUNDAI,VERNA 1.6,1591.0
1659,2016,77076,Diesel,Manual,First,23.0,23.0,6.75,HYUNDAI,I20 1.4,1396.0
1660,2008,56000,Petrol,Automatic,First,16.4,16.4,2.99,HONDA,CITY ZX,1497.0
1661,2013,21000,Petrol,Manual,First,20.36,20.36,2.35,HYUNDAI,I10 MAGNA,1197.0
1662,2013,89429,Diesel,Manual,First,25.8,25.8,3.65,HONDA,AMAZE S,1498.0
1663,2012,45631,Petrol,Manual,Second,22.5,22.5,2.74,MARUTI,WAGON R,998.0
1664,2013,53959,Petrol,Manual,First,19.4,19.4,3.5,HONDA,BRIO S,1198.0
1665,2014,55804,Petrol,Manual,First,17.0,17.0,4.76,HYUNDAI,I20 1.2,1197.0
1666,2016,25899,Petrol,Manual,First,15.04,15.04,6.2,VOLKSWAGEN,VENTO 2013-2015,1598.0
1667,2008,82000,Diesel,Manual,Second,18.7,18.7,2.35,SKODA,OCTAVIA RIDER,1896.0
1668,2014,52000,Diesel,Automatic,First,13.0,13.0,24.5,MERCEDES-BENZ,E-CLASS 2015-2017,2143.0
1669,2013,20000,Petrol,Manual,First,13.24,13.24,6.0,RENAULT,DUSTER PETROL,1598.0
1670,2017,31829,Petrol,Manual,First,21.1,21.1,3.65,HYUNDAI,EON SPORTZ,814.0
1671,2016,18094,Petrol,Manual,Second,18.6,18.6,6.26,MARUTI,SWIFT VXI,1197.0
1672,2011,80000,Diesel,Manual,Second,19.5,19.5,2.1,NISSAN,MICRA DIESEL,1461.0
1673,2015,11964,Diesel,Automatic,First,13.22,13.22,32.95,AUDI,Q5 3.0,2967.0
1674,2018,22684,Petrol,Manual,First,18.6,18.6,7.8,HYUNDAI,I20 1.2,1197.0
1675,2014,43521,Petrol,Manual,First,19.4,19.4,4.25,HONDA,BRIO S,1198.0
1676,2014,49386,Petrol,Manual,First,17.5,17.5,4.86,MARUTI,SWIFT DZIRE,1298.0
1677,2017,12248,Petrol,Manual,First,18.9,18.9,4.9,HYUNDAI,GRAND I10,1197.0
1678,2014,67771,Diesel,Manual,First,11.68,11.68,7.06,MAHINDRA,XYLO E8,2498.0
1679,2015,60007,Petrol,Automatic,First,17.21,17.21,4.5,VOLKSWAGEN,POLO GTI,1798.0
1680,2011,48624,Petrol,Manual,First,24.07,24.07,3.22,MARUTI,ALTO K10,998.0
1681,2014,30000,Diesel,Manual,First,22.07,22.07,3.25,VOLKSWAGEN,POLO DIESEL,1199.0
1682,2016,81605,Petrol,Manual,First,18.9,18.9,4.53,HYUNDAI,GRAND I10,1197.0
1683,2017,32642,Diesel,Automatic,First,14.84,14.84,34.78,MERCEDES-BENZ,NEW C-CLASS,2143.0
1684,2014,34200,Petrol,Automatic,First,15.74,15.74,6.5,HYUNDAI,VERNA 1.6,1591.0
1685,2010,72204,Petrol,Manual,First,15.7,15.7,2.25,FIAT,PUNTO EVO,1172.0
1686,2011,156347,Diesel,Manual,Second,12.99,12.99,8.0,TOYOTA,INNOVA 2.5,2494.0
1687,2017,47357,Diesel,Automatic,First,18.49,18.49,8.37,MAHINDRA,TUV 300,1493.0
1688,2015,61738,Diesel,Manual,First,20.14,20.14,5.39,VOLKSWAGEN,POLO 1.5,1498.0
1689,2018,32586,Diesel,Automatic,First,22.48,22.48,37.3,BMW,5 SERIES,1995.0
1690,2018,40129,Diesel,Automatic,First,11.57,11.57,70.8,MERCEDES-BENZ,GLE 350D,2987.0
1691,2012,51000,Diesel,Automatic,First,11.74,11.74,22.25,MERCEDES-BENZ,M-CLASS ML,2987.0
1692,2018,10393,Petrol,Manual,First,18.9,18.9,6.03,HYUNDAI,GRAND I10,1197.0
1693,2011,46000,Petrol,Automatic,First,13.7,13.7,4.9,SKODA,SUPERB ELEGANCE,1798.0
1694,2013,21000,Petrol,Automatic,First,16.95,16.95,3.96,HYUNDAI,I10 SPORTZ,1197.0
1695,2011,113562,Diesel,Manual,First,23.0,23.0,4.6,HYUNDAI,I20 1.4,1396.0
1696,2011,100010,Diesel,Manual,Second,12.05,12.05,5.5,MAHINDRA,SCORPIO VLX,2179.0
1697,2013,63107,Petrol,Manual,First,19.4,19.4,3.25,HONDA,BRIO V,1198.0
1698,2017,58500,Petrol,Manual,First,18.6,18.6,6.25,HYUNDAI,I20 1.2,1197.0
1699,2007,90000,Diesel,Manual,Fourth & Above,10.9,10.9,3.0,FORD,ENDEAVOUR 4X2,2499.0
1700,2011,108242,Diesel,Manual,First,16.8,16.8,4.25,HYUNDAI,VERNA CRDI,1493.0
1701,2011,146300,Diesel,Manual,First,11.5,11.5,12.25,TOYOTA,FORTUNER 3.0,2982.0
1702,2011,62943,Diesel,Automatic,Second,17.05,17.05,10.95,BMW,X1 SDRIVE20D,1995.0
1703,2013,65000,Diesel,Automatic,First,12.55,12.55,16.5,TOYOTA,FORTUNER 4X2,2982.0
1704,2018,1700,Petrol,Automatic,First,19.0,19.0,7.8,HONDA,AMAZE V,1199.0
1705,2013,34697,Petrol,Manual,First,19.81,19.81,3.7,HYUNDAI,I10 ERA,1086.0
1706,2012,58000,Petrol,Manual,First,17.0,17.0,4.0,HYUNDAI,I20 1.2,1197.0
1707,2015,32500,Diesel,Automatic,First,19.59,19.59,26.75,BMW,3 SERIES,1995.0
1708,2016,58661,Diesel,Automatic,First,15.17,15.17,28.03,AUDI,Q3 35,1968.0
1709,2017,37124,Petrol,Manual,First,20.4,20.4,5.44,MARUTI,SWIFT VXI,1197.0
1710,2017,44000,Petrol,Automatic,First,21.4,21.4,6.2,MARUTI,BALENO DELTA,1197.0
1711,2005,45200,Petrol,Manual,First,13.2,13.2,0.9,HYUNDAI,ACCENT GLE,1495.0
1712,2016,11000,Petrol,Manual,First,18.5,18.5,3.95,MARUTI,RITZ LXI,1197.0
1713,2011,65000,Petrol,Manual,Second,26.0,26.0,0.44,TATA,NANO LX,624.0
1714,2012,55005,Diesel,Manual,First,20.0,20.0,2.75,FORD,FIGO DIESEL,1399.0
1715,2011,81650,Diesel,Automatic,First,18.33,18.33,7.5,VOLKSWAGEN,PASSAT DIESEL,1968.0
1716,2010,160000,Diesel,Manual,Second,19.0,19.0,2.5,FIAT,LINEA EMOTION,1248.0
1717,2015,169000,Diesel,Manual,First,14.95,14.95,5.0,MAHINDRA,XYLO D4,2489.0
1718,2013,67263,Petrol,Manual,First,18.9,18.9,3.6,MARUTI,WAGON R,998.0
1719,2012,44223,Petrol,Manual,First,17.6,17.6,3.99,TOYOTA,ETIOS G,1496.0
1720,2015,36840,Petrol,Manual,First,18.9,18.9,5.64,HYUNDAI,GRAND I10,1197.0
1721,2014,160000,Diesel,Manual,First,12.99,12.99,12.0,TOYOTA,INNOVA 2.5,2494.0
1722,2008,133000,Diesel,Manual,First,16.8,16.8,0.7,TATA,INDICA V2,1405.0
1723,2015,69123,Diesel,Automatic,First,18.88,18.88,19.0,BMW,3 SERIES,1995.0
1724,2017,38000,Diesel,Automatic,First,10.91,10.91,30.48,FORD,ENDEAVOUR 3.2,3198.0
1725,2017,5500,Petrol,Manual,First,21.56,21.56,8.2,MARUTI,CIAZ ZETA,1462.0
1726,2015,1001,Diesel,Manual,First,25.83,25.83,7.55,FORD,FIGO 1.5D,1498.0
1727,2007,59000,Petrol,Manual,Third,15.26,15.26,0.99,CHEVROLET,AVEO U-VA,1150.0
1728,2011,78256,Petrol,Automatic,First,16.8,16.8,4.15,HONDA,CITY 1.5,1497.0
1729,2016,90000,Petrol,Manual,First,16.95,16.95,6.2,NISSAN,SUNNY XL,1498.0
1730,2016,18000,Petrol,Manual,First,19.1,19.1,4.4,MARUTI,SWIFT DZIRE,1197.0
1731,2012,60000,Diesel,Manual,First,20.0,20.0,2.1,FORD,FIGO DIESEL,1399.0
1732,2011,130000,Diesel,Manual,First,20.3,20.3,2.2,FIAT,GRANDE PUNTO,1248.0
1733,2018,32851,Petrol,Manual,First,18.6,18.6,8.34,HYUNDAI,ELITE I20,1197.0
1734,2014,32000,Diesel,Manual,First,23.4,23.4,4.35,MARUTI,SWIFT DZIRE,1248.0
1735,2014,62700,Diesel,Manual,First,22.7,22.7,6.8,FORD,ECOSPORT 1.5,1498.0
1736,2010,71000,Diesel,Manual,First,19.3,19.3,3.3,MARUTI,SWIFT DZIRE,1248.0
1737,2016,19947,Petrol,Manual,First,18.9,18.9,5.04,HYUNDAI,GRAND I10,1197.0
1738,2012,91000,Diesel,Automatic,First,11.4,11.4,9.2,FORD,ENDEAVOUR 3.0L,2953.0
1739,2014,74000,Diesel,Manual,First,22.07,22.07,5.7,VOLKSWAGEN,POLO DIESEL,1199.0
1740,2018,55594,Diesel,Manual,First,18.49,18.49,8.48,MAHINDRA,TUV 300,1493.0
1741,2013,58000,Diesel,Automatic,First,11.2,11.2,48.0,BMW,X6 XDRIVE,2993.0
1742,2012,110224,Diesel,Manual,First,19.01,19.01,6.1,RENAULT,DUSTER 110PS,1461.0
1743,2010,21002,Petrol,Manual,First,22.5,22.5,2.75,MARUTI,WAGON R,998.0
1744,2017,121000,Diesel,Manual,First,24.52,24.52,8.0,MARUTI,ERTIGA SHVS,1248.0
1745,2010,73513,Petrol,Manual,First,19.7,19.7,1.85,MARUTI,ALTO LXI,796.0
1746,2015,34000,Petrol,Automatic,First,20.51,20.51,3.85,MARUTI,WAGON R,998.0
1747,2017,28371,Petrol,Manual,First,15.1,15.1,4.74,MARUTI,EECO 7,1196.0
1748,2013,74755,Diesel,Manual,First,19.6,19.6,5.63,RENAULT,DUSTER 110PS,1461.0
1749,2011,25805,Petrol,Manual,First,18.2,18.2,2.62,MARUTI,ZEN ESTILO,1061.0
1750,2015,82603,Petrol,Manual,First,13.06,13.06,4.9,RENAULT,DUSTER PETROL,1598.0
1751,2006,110000,Petrol,Manual,First,13.5,13.5,2.65,HONDA,CIVIC 2006-2010,1799.0
1752,2012,88000,Diesel,Manual,First,16.0,16.0,5.99,MAHINDRA,XUV500 W8,2179.0
1753,2011,110000,Diesel,Manual,Second,21.0,21.0,2.4,MAHINDRA,VERITO 1.5,1461.0
1754,2017,15000,Petrol,Manual,First,21.7,21.7,4.25,RENAULT,KWID CLIMBER,999.0
1755,2013,70000,Diesel,Automatic,First,15.15,15.15,40.0,PORSCHE,CAYENNE DIESEL,2967.0
1756,2008,150000,Diesel,Manual,Second,28.4,28.4,2.7,MARUTI,SWIFT DDIS,1248.0
1757,2016,19000,Petrol,Manual,First,20.63,20.63,2.99,DATSUN,GO T,1198.0
1758,2011,37442,Petrol,Manual,First,18.5,18.5,3.4,HYUNDAI,I20 1.2,1197.0
1759,2016,63111,Diesel,Automatic,Second,18.12,18.12,30.8,BMW,5 SERIES,1995.0
1760,2012,88000,Diesel,Manual,First,20.77,20.77,5.85,MARUTI,ERTIGA ZDI,1248.0
1761,2014,42355,Petrol,Manual,First,18.9,18.9,4.0,HYUNDAI,GRAND I10,1197.0
1762,2011,75871,Petrol,Automatic,First,9.43,9.43,14.12,BMW,3 SERIES,2996.0
1763,2011,65000,Diesel,Manual,First,17.9,17.9,4.55,CHEVROLET,CRUZE LTZ,1998.0
1764,2015,69000,Diesel,Automatic,First,0.0,0.0,38.0,MERCEDES-BENZ,M-CLASS ML,2987.0
1765,2011,79232,Diesel,Manual,First,21.1,21.1,2.9,MARUTI,RITZ LDI,1248.0
1766,2007,220000,Petrol,Automatic,Second,11.74,11.74,6.0,MERCEDES-BENZ,NEW C-CLASS,1796.0
1767,2016,28470,Petrol,Manual,First,18.6,18.6,6.95,HYUNDAI,I20 1.2,1197.0
1768,2014,9759,Petrol,Manual,First,20.3,20.3,2.75,HYUNDAI,EON 1.0,998.0
1769,2014,75216,Diesel,Manual,First,22.9,22.9,5.1,MARUTI,SWIFT VDI,1248.0
1770,2017,8000,Petrol,Manual,First,18.6,18.6,6.75,HYUNDAI,I20 SPORTZ,1197.0
1771,2014,59451,Petrol,Manual,First,18.5,18.5,3.69,MARUTI,RITZ ZXI,1197.0
1772,2013,53996,Diesel,Manual,First,22.9,22.9,5.45,MARUTI,SWIFT VDI,1248.0
1773,2018,15135,Petrol,Manual,First,17.5,17.5,9.29,HONDA,WRV I-VTEC,1199.0
1774,2015,53000,Petrol,Automatic,Second,16.9,16.9,4.0,HYUNDAI,XCENT 1.2,1197.0
1775,2013,40000,Petrol,Manual,First,18.0,18.0,2.9,HONDA,AMAZE E,1198.0
1776,2013,21107,Petrol,Manual,First,17.1,17.1,5.25,HYUNDAI,VERNA 1.6,1591.0
1777,2014,56000,Petrol,Manual,First,16.8,16.8,5.75,HONDA,CITY V,1497.0
1778,2017,19623,Petrol,Manual,First,15.29,15.29,13.12,HYUNDAI,CRETA 1.6,1591.0
1779,2014,70963,Diesel,Manual,First,15.1,15.1,7.83,MAHINDRA,XUV500 W8,2179.0
1780,2013,25755,CNG,Manual,First,26.6,26.6,3.15,MARUTI,WAGON R,998.0
1781,2013,51450,Diesel,Manual,First,12.8,12.8,10.4,TOYOTA,INNOVA 2.5,2494.0
1782,2012,75000,Diesel,Manual,First,22.9,22.9,4.35,MARUTI,SWIFT VDI,1248.0
1783,2017,37832,Petrol,Automatic,First,22.5,22.5,5.23,MARUTI,WAGON R,998.0
1784,2016,43041,Petrol,Manual,First,18.9,18.9,6.01,HYUNDAI,GRAND I10,1197.0
1785,2014,97236,Diesel,Manual,First,25.8,25.8,4.4,HONDA,AMAZE VX,1498.0
1786,2010,83000,Diesel,Automatic,First,16.07,16.07,12.75,BMW,3 SERIES,1995.0
1787,2011,65000,Petrol,Manual,First,15.6,15.6,2.4,FORD,FIGO PETROL,1196.0
1788,2018,46007,Petrol,Manual,First,17.0,17.0,5.71,VOLKSWAGEN,AMEO 1.2,1198.0
1789,2015,65925,Diesel,Manual,Second,22.7,22.7,5.49,FORD,ECOSPORT 1.5,1498.0
1790,2004,73500,Petrol,Manual,Second,13.0,13.0,1.3,HONDA,CITY 1.3,1343.0
1791,2014,55000,Diesel,Manual,First,16.0,16.0,8.5,MAHINDRA,XUV500 W6,2179.0
1792,2012,115000,Diesel,Manual,First,13.0,13.0,12.99,TOYOTA,FORTUNER 4X2,2982.0
1793,2017,31184,Petrol,Manual,First,18.9,18.9,5.0,HYUNDAI,GRAND I10,1197.0
1794,2017,41747,Diesel,Automatic,First,28.4,28.4,9.0,MARUTI,DZIRE AMT,1248.0
1795,2016,38143,Diesel,Manual,First,22.9,22.9,5.22,MARUTI,SWIFT VDI,1248.0
1796,2012,19030,Petrol,Manual,First,16.47,16.47,3.8,VOLKSWAGEN,POLO PETROL,1198.0
1797,2019,20877,Petrol,Manual,First,18.16,18.16,7.27,TOYOTA,ETIOS LIVA,1197.0
1798,2016,23555,Petrol,Manual,First,22.0,22.0,5.1,MARUTI,SWIFT VXI,1197.0
1799,2013,29000,Diesel,Automatic,First,14.21,14.21,29.0,MERCEDES-BENZ,E-CLASS 2009-2013,2143.0
1800,2013,61000,Petrol,Manual,First,18.9,18.9,2.9,MARUTI,WAGON R,998.0
1801,2012,4187,Petrol,Manual,First,26.0,26.0,1.38,TATA,NANO LX,624.0
1802,2011,46000,Petrol,Manual,First,13.4,13.4,5.5,SKODA,LAURA 1.8,1798.0
1803,2016,28000,Petrol,Automatic,First,17.21,17.21,7.25,VOLKSWAGEN,POLO GT,1197.0
1804,2014,83558,Diesel,Manual,First,22.32,22.32,6.98,HYUNDAI,VERNA 1.6,1582.0
1805,2017,40000,Diesel,Manual,First,22.95,22.95,5.25,TATA,BOLT QUADRAJET,1248.0
1806,2013,36000,Petrol,Manual,First,21.1,21.1,1.95,HYUNDAI,EON D,814.0
1807,2014,21000,Diesel,Automatic,First,17.11,17.11,24.5,AUDI,A4 2.0,1968.0
1808,2013,62162,Diesel,Manual,First,12.99,12.99,8.31,TOYOTA,INNOVA 2.5,2494.0
1809,2012,83000,Diesel,Automatic,First,11.74,11.74,36.0,MERCEDES-BENZ,M-CLASS ML,2987.0
1810,2015,58000,Diesel,Manual,First,24.4,24.4,5.5,HYUNDAI,XCENT 1.1,1120.0
1811,2011,62332,Petrol,Automatic,First,11.7,11.7,5.89,HONDA,ACCORD 2.4,2354.0
1812,2016,50867,Diesel,Manual,First,20.34,20.34,7.95,VOLKSWAGEN,VENTO 1.5,1498.0
1813,2010,73000,Petrol,Manual,First,17.0,17.0,2.75,HYUNDAI,I20 SPORTZ,1197.0
1814,2012,98008,Diesel,Manual,First,22.7,22.7,6.25,HYUNDAI,ELANTRA CRDI,1582.0
1815,2015,36000,Diesel,Manual,First,20.0,20.0,4.95,FORD,FIGO DIESEL,1399.0
1816,2019,27339,Petrol,Manual,First,18.6,18.6,6.27,HYUNDAI,I20 1.2,1197.0
1817,2017,25000,Diesel,Manual,First,23.9,23.9,8.65,HYUNDAI,VERNA 1.6,1582.0
1818,2014,37000,Petrol,Manual,First,18.9,18.9,3.5,HYUNDAI,GRAND I10,1197.0
1819,2015,56000,Diesel,Automatic,First,14.16,14.16,35.0,AUDI,Q5 2.0,1968.0
1820,2015,27000,Petrol,Manual,First,17.5,17.5,4.45,MARUTI,SWIFT DZIRE,1298.0
1821,2012,37000,Petrol,Manual,First,18.5,18.5,2.65,HYUNDAI,I20 MAGNA,1197.0
1822,2017,10500,Diesel,Manual,First,25.32,25.32,4.7,MAHINDRA,KUV 100,1198.0
1823,2014,49000,Diesel,Automatic,First,18.23,18.23,8.9,HYUNDAI,ELANTRA 1.6,1582.0
1824,2017,7000,Diesel,Manual,First,17.1,17.1,17.45,JEEP,COMPASS 2.0,1956.0
1825,2017,71256,Diesel,Manual,First,24.3,24.3,9.58,MARUTI,VITARA BREZZA,1248.0
1826,2012,83184,Petrol,Manual,First,14.28,14.28,6.22,TOYOTA,COROLLA ALTIS,1798.0
1827,2013,87284,Diesel,Manual,First,15.1,15.1,7.8,MAHINDRA,XUV500 W8,2179.0
1828,2016,7000,Diesel,Automatic,First,20.68,20.68,27.75,BMW,X1 XDRIVE,1995.0
1829,2015,29000,Diesel,Manual,Second,22.54,22.54,7.0,HYUNDAI,I20 MAGNA,1396.0
1830,2017,33552,Diesel,Automatic,First,11.57,11.57,64.87,MERCEDES-BENZ,GLE 350D,2987.0
1831,2013,64000,Diesel,Manual,Second,17.3,17.3,6.5,CHEVROLET,CRUZE LTZ,1998.0
1832,2011,82000,Petrol,Manual,Second,18.5,18.5,2.7,HYUNDAI,I20 1.2,1197.0
1833,2012,70000,Petrol,Manual,Second,19.4,19.4,2.5,HONDA,BRIO S,1198.0
1834,2013,166194,Diesel,Manual,First,19.3,19.3,3.9,NISSAN,EVALIA 2013,1461.0
1835,2015,58000,Petrol,Manual,First,16.47,16.47,3.95,VOLKSWAGEN,POLO PETROL,1198.0
1836,2010,77000,Petrol,Manual,Second,20.36,20.36,2.1,HYUNDAI,I10 SPORTZ,1197.0
1837,2009,73204,Diesel,Automatic,Third,18.1,18.1,3.5,CHEVROLET,CRUZE LTZ,1991.0
1838,2007,70000,Petrol,Manual,Second,19.81,19.81,2.0,HYUNDAI,I10 ERA,1086.0
1839,2014,79870,Diesel,Manual,First,20.77,20.77,5.35,MARUTI,ERTIGA VDI,1248.0
1840,2013,90000,Diesel,Manual,First,25.8,25.8,3.8,HONDA,AMAZE S,1498.0
1841,2016,17000,Petrol,Automatic,First,15.5,15.5,17.25,MERCEDES-BENZ,A CLASS,1595.0
1842,2018,46493,Petrol,Manual,First,18.9,18.9,5.53,HYUNDAI,GRAND I10,1197.0
1843,2009,68000,Petrol,Manual,Third,20.36,20.36,1.95,HYUNDAI,I10 SPORTZ,1197.0
1844,2017,2000,Diesel,Manual,First,28.4,28.4,8.2,MARUTI,SWIFT DDIS,1248.0
1845,1999,140000,Petrol,Manual,First,13.0,13.0,0.9,HONDA,CITY 1.3,1343.0
1846,2013,255000,Diesel,Manual,Third,12.99,12.99,6.5,TOYOTA,INNOVA 2.5,2494.0
1847,2014,45535,Diesel,Automatic,First,23.8,23.8,19.41,MINI,COOPER COUNTRYMAN,1998.0
1848,2016,39228,Petrol,Manual,First,15.7,15.7,6.58,FIAT,LINEA T-JET,1368.0
1849,2011,57000,Petrol,Manual,Second,14.49,14.49,2.1,CHEVROLET,AVEO 1.4,1399.0
1850,2008,85445,Petrol,Manual,Second,19.81,19.81,2.0,HYUNDAI,I10 ERA,1086.0
1851,2015,54000,Diesel,Manual,First,24.4,24.4,3.7,HYUNDAI,XCENT 1.1,1120.0
1852,2014,53000,Petrol,Automatic,First,23.1,23.1,3.8,MARUTI,CELERIO VXI,998.0
1853,2014,60000,Petrol,Manual,First,20.36,20.36,3.25,HYUNDAI,I10 SPORTZ,1197.0
1854,2015,65668,Diesel,Manual,First,19.87,19.87,5.53,RENAULT,DUSTER 85PS,1461.0
1855,2011,100000,Diesel,Automatic,Second,22.69,22.69,10.9,BMW,3 SERIES,1995.0
1856,2018,1800,Petrol,Manual,First,18.9,18.9,5.1,HYUNDAI,GRAND I10,1197.0
1857,2007,96000,Petrol,Manual,Second,0.0,0.0,2.2,HYUNDAI,SANTRO DX,999.0
1858,2009,44200,Petrol,Manual,Second,18.0,18.0,1.6,CHEVROLET,SPARK 1.0,995.0
1859,2018,14000,Petrol,Manual,First,17.4,17.4,11.25,HONDA,CITY I,1497.0
1860,2013,720000,Diesel,Manual,First,20.54,20.54,5.9,VOLKSWAGEN,VENTO DIESEL,1598.0
1861,2012,73000,Diesel,Automatic,First,11.5,11.5,14.4,TOYOTA,FORTUNER 4X2,2982.0
1862,2011,68000,Petrol,Manual,First,17.0,17.0,3.6,HONDA,CITY 1.5,1497.0
1863,2017,19543,Diesel,Automatic,First,18.12,18.12,40.5,BMW,5 SERIES,1995.0
1864,2014,38000,Diesel,Automatic,Second,14.16,14.16,38.95,AUDI,Q5 30,1968.0
1865,2014,32805,Diesel,Manual,First,23.2,23.2,3.6,MARUTI,RITZ LDI,1248.0
1866,2016,44782,Diesel,Automatic,First,21.21,21.21,7.12,VOLKSWAGEN,VENTO 1.5,1498.0
1867,2016,55700,Diesel,Manual,First,26.0,26.0,7.52,HONDA,CITY I,1498.0
1868,2012,60000,Diesel,Automatic,Second,15.2,15.2,10.35,AUDI,A4 NEW,1968.0
1869,2014,56000,Petrol,Manual,First,15.0,15.0,7.0,SKODA,RAPID 1.6,1598.0
1870,2011,60000,Diesel,Manual,First,11.5,11.5,10.85,TOYOTA,FORTUNER 3.0,2982.0
1871,2010,78563,Diesel,Manual,First,16.52,16.52,2.35,CHEVROLET,OPTRA MAGNUM,1991.0
1872,2014,34669,Petrol,Manual,First,15.1,15.1,2.9,MARUTI,EECO 7,1196.0
1873,2017,17000,Petrol,Manual,First,20.73,20.73,7.65,MARUTI,CIAZ ZXI,1373.0
1874,2016,66000,Diesel,Manual,First,28.09,28.09,6.4,MARUTI,CIAZ VDI,1248.0
1875,2014,102418,Diesel,Manual,First,12.99,12.99,10.1,TOYOTA,INNOVA 2.5,2494.0
1876,2014,48800,Petrol,Manual,First,19.1,19.1,4.25,MARUTI,SWIFT DZIRE,1197.0
1877,2019,10601,Diesel,Automatic,First,11.36,11.36,19.65,TOYOTA,INNOVA CRYSTA,2755.0
1878,2017,8200,Diesel,Manual,First,25.0,25.0,4.4,TATA,INDICA V2,1396.0
1879,2012,100000,Petrol,Manual,First,18.5,18.5,3.25,HYUNDAI,I20 MAGNA,1197.0
1880,2012,78000,Diesel,Manual,First,17.8,17.8,2.8,FORD,FIESTA 1.4,1399.0
1881,2015,50000,Diesel,Manual,First,18.2,18.2,4.3,CHEVROLET,ENJOY 1.3,1248.0
1882,2006,89327,Diesel,Manual,Third,17.8,17.8,1.55,FORD,FIESTA 1.4,1399.0
1883,2007,98000,Petrol,Manual,Second,10.8,10.8,4.7,HONDA,CR-V 2.4,2354.0
1884,2017,24700,Petrol,Manual,First,18.7,18.7,7.07,HONDA,JAZZ 1.2,1199.0
1885,2018,6000,Diesel,Automatic,First,11.0,11.0,79.0,MERCEDES-BENZ,GLS 350D,2987.0
1886,2018,9434,Petrol,Manual,First,18.9,18.9,5.75,HYUNDAI,GRAND I10,1197.0
1887,2012,29000,Petrol,Manual,First,18.5,18.5,3.25,MARUTI,RITZ VXI,1197.0
1888,2017,22440,Diesel,Automatic,First,22.0,22.0,8.89,VOLKSWAGEN,AMEO 1.5,1498.0
1889,2015,73070,Petrol,Manual,First,17.4,17.4,5.9,HONDA,CITY I,1497.0
1890,2016,21771,Petrol,Manual,First,18.7,18.7,4.95,HONDA,JAZZ 1.2,1199.0
1891,2014,62000,Diesel,Manual,First,17.8,17.8,3.75,MARUTI,SWIFT LDI,1248.0
1892,2017,37024,Diesel,Automatic,First,17.01,17.01,10.97,HYUNDAI,CRETA 1.6,1582.0
1893,2014,60336,Diesel,Automatic,Second,14.4,14.4,24.94,AUDI,A7 2011-2015,2967.0
1894,2014,26008,Petrol,Manual,First,21.1,21.1,1.97,HYUNDAI,EON D,814.0
1895,2010,90000,Diesel,Manual,Second,20.0,20.0,1.4,FORD,FIGO DIESEL,1399.0
1896,2018,35569,Petrol,Manual,First,17.0,17.0,7.27,VOLKSWAGEN,AMEO 1.2,1198.0
1897,2013,40000,Diesel,Manual,First,21.64,21.64,4.0,RENAULT,SCALA DIESEL,1461.0
1898,2015,45000,Petrol,Manual,First,18.7,18.7,4.75,HONDA,JAZZ 1.2,1199.0
1899,2015,42000,Petrol,Manual,First,17.0,17.0,5.1,HYUNDAI,I20 1.2,1197.0
1900,2012,46913,Diesel,Automatic,First,14.94,14.94,16.11,AUDI,A4 3.0,2967.0
1901,2014,62000,Diesel,Automatic,First,11.18,11.18,10.55,MAHINDRA,SSANGYONG REXTON,2696.0
1902,2017,15000,Diesel,Automatic,First,12.9,12.9,30.0,TOYOTA,FORTUNER 2.8,2755.0
1903,2002,69000,Diesel,Manual,First,18.7,18.7,1.6,SKODA,OCTAVIA CLASSIC,1896.0
1904,2012,41367,Diesel,Automatic,First,15.8,15.8,18.49,MERCEDES-BENZ,NEW C-CLASS,2148.0
1905,2018,15982,Petrol,Manual,First,20.73,20.73,9.96,MARUTI,CIAZ 1.4,1373.0
1906,2013,99595,Diesel,Manual,Second,22.9,22.9,4.75,MARUTI,SWIFT ZDI,1248.0
1907,2002,63000,Diesel,Manual,Third,13.1,13.1,3.65,TOYOTA,QUALIS FS,2446.0
1908,2012,49000,Diesel,Automatic,Second,16.73,16.73,15.5,BMW,5 SERIES,2495.0
1909,2013,48272,Diesel,Manual,First,10.5,10.5,11.82,MITSUBISHI,PAJERO 2.8,2835.0
1910,2008,63000,Petrol,Manual,First,13.4,13.4,2.05,TOYOTA,COROLLA H2,1794.0
1911,2016,77000,CNG,Manual,First,26.6,26.6,3.3,MARUTI,WAGON R,998.0
1912,2013,11734,Petrol,Manual,First,16.8,16.8,2.25,MARUTI,OMNI E,796.0
1913,2014,62012,Diesel,Automatic,First,17.68,17.68,20.12,AUDI,A6 2011-2015,1968.0
1914,2017,46000,CNG,Manual,First,25.0,25.0,4.95,HYUNDAI,XCENT 1.2,1197.0
1915,2016,45449,Diesel,Manual,First,27.3,27.3,7.48,HONDA,JAZZ 1.5,1498.0
1916,2004,85000,Petrol,Automatic,Second,10.5,10.5,5.5,MERCEDES-BENZ,E-CLASS 200,1796.0
1917,2005,88000,Petrol,Manual,Second,13.0,13.0,1.7,HONDA,CITY 1.5,1493.0
1918,2013,45330,Diesel,Automatic,First,16.55,16.55,13.19,AUDI,A4 2.0,1968.0
1919,2012,88000,Petrol,Manual,First,19.1,19.1,3.85,MARUTI,SWIFT DZIRE,1197.0
1920,2016,45376,Diesel,Manual,First,28.4,28.4,5.75,MARUTI,DZIRE VDI,1248.0
1921,2014,81000,Diesel,Manual,First,15.1,15.1,9.0,MAHINDRA,XUV500 W8,2179.0
1922,2012,83381,Petrol,Manual,First,18.6,18.6,2.21,CHEVROLET,BEAT LT,1199.0
1923,2017,78526,Diesel,Manual,First,23.0,23.0,8.09,FORD,ECOSPORT 1.5,1498.0
1924,2017,27313,Diesel,Automatic,First,14.69,14.69,48.63,BMW,5 SERIES,2993.0
1925,2015,42747,Diesel,Automatic,Second,14.16,14.16,39.47,AUDI,Q5 30,1968.0
1926,2015,42265,Diesel,Automatic,Second,20.68,20.68,22.24,BMW,X1 SDRIVE,1995.0
1927,2009,21000,Petrol,Automatic,First,19.2,19.2,2.6,HYUNDAI,I10 MAGNA,1197.0
1928,2016,55100,Diesel,Automatic,First,17.01,17.01,12.0,HYUNDAI,CRETA 1.6,1582.0
1929,2014,70000,Diesel,Automatic,First,17.11,17.11,18.0,AUDI,A4 2.0,1968.0
1930,2007,55000,Petrol,Automatic,Third,10.13,10.13,9.99,MERCEDES-BENZ,S CLASS,3498.0
1931,2012,58235,Petrol,Manual,First,20.36,20.36,2.45,HYUNDAI,I10 MAGNA,1197.0
1932,2017,26000,Diesel,Manual,First,23.0,23.0,8.99,FORD,ECOSPORT 1.5,1498.0
1933,2011,35000,Diesel,Manual,First,20.54,20.54,3.15,VOLKSWAGEN,VENTO DIESEL,1598.0
1934,2017,24000,Diesel,Manual,First,28.4,28.4,8.2,MARUTI,DZIRE ZDI,1248.0
1935,2016,98000,Diesel,Manual,First,15.4,15.4,11.5,MAHINDRA,SCORPIO 1.99,1997.0
1936,2016,44487,Diesel,Manual,First,22.54,22.54,7.3,HYUNDAI,I20 ASTA,1396.0
1937,2008,65000,Petrol,Manual,First,19.7,19.7,1.59,MARUTI,ALTO LXI,796.0
1938,2015,34951,Petrol,Manual,Second,20.36,20.36,3.15,HYUNDAI,I10 MAGNA,1197.0
1939,2015,52373,Diesel,Manual,Second,15.4,15.4,8.5,MAHINDRA,SCORPIO S6,2179.0
1940,2010,66285,Diesel,Manual,First,19.5,19.5,3.0,SKODA,FABIA 1.2L,1199.0
1941,2012,66000,Diesel,Automatic,First,15.3,15.3,21.0,BMW,X5 XDRIVE,2993.0
1942,2016,43000,Diesel,Manual,First,27.3,27.3,7.75,HONDA,JAZZ 1.5,1498.0
1943,2013,45200,Diesel,Automatic,First,10.0,10.0,23.0,MERCEDES-BENZ,E-CLASS 2009-2013,2148.0
1944,2016,41000,Diesel,Automatic,First,16.0,16.0,13.75,MAHINDRA,XUV500 AT,2179.0
1945,2017,39430,Petrol,Automatic,First,18.0,18.0,8.29,HONDA,CITY I,1497.0
1946,2014,83274,Diesel,Manual,First,22.9,22.9,5.79,MARUTI,SWIFT VDI,1248.0
1947,2017,32324,Diesel,Automatic,First,14.84,14.84,30.5,MERCEDES-BENZ,NEW C-CLASS,2143.0
1948,2011,49999,Petrol,Manual,First,17.0,17.0,3.8,HONDA,CITY 1.5,1497.0
1949,2014,66000,Diesel,Manual,First,15.3,15.3,4.45,TATA,SUMO EX,2956.0
1950,2012,54000,Petrol,Manual,First,18.5,18.5,3.3,HYUNDAI,I20 MAGNA,1197.0
1951,2009,80000,Diesel,Manual,Second,20.4,20.4,1.75,FIAT,LINEA 1.3,1248.0
1952,2011,72000,Petrol,Automatic,Second,12.9,12.9,5.5,HONDA,CIVIC 2006-2010,1799.0
1953,2017,44865,Diesel,Manual,First,19.67,19.67,13.35,HYUNDAI,CRETA 1.6,1582.0
1954,2017,22000,Diesel,Automatic,Second,20.38,20.38,22.5,AUDI,A3 35,1968.0
1955,2013,57478,Petrol,Manual,Second,17.0,17.0,5.25,HYUNDAI,VERNA VTVT,1591.0
1956,2011,75000,Diesel,Manual,First,21.9,21.9,3.75,HYUNDAI,I20 1.4,1396.0
1957,2015,50624,Diesel,Manual,First,24.2,24.2,6.32,HONDA,MOBILIO S,1498.0
1958,2018,75000,Diesel,Automatic,First,22.32,22.32,7.75,HYUNDAI,VERNA 1.6,1582.0
1959,2006,87000,Petrol,Manual,Second,15.3,15.3,1.37,FORD,FIESTA 1.6,1596.0
1960,2010,62000,Petrol,Manual,First,20.36,20.36,2.1,HYUNDAI,I10 SPORTZ,1197.0
1961,2016,41372,Diesel,Manual,First,24.3,24.3,9.3,MARUTI,VITARA BREZZA,1248.0
1962,2015,70000,Diesel,Manual,First,12.99,12.99,12.0,TOYOTA,INNOVA 2.5,2494.0
1963,2017,35000,Diesel,Automatic,First,17.9,17.9,23.5,MERCEDES-BENZ,GLA CLASS,2143.0
1964,2006,71993,Petrol,Manual,First,19.7,19.7,1.8,MARUTI,ALTO LXI,796.0
1965,2013,62000,Diesel,Automatic,Second,14.84,14.84,12.5,MERCEDES-BENZ,NEW C-CLASS,2143.0
1966,2015,51000,Diesel,Manual,First,22.9,22.9,4.74,MARUTI,SWIFT LDI,1248.0
1967,2016,26038,Petrol,Manual,First,18.9,18.9,5.43,HYUNDAI,GRAND I10,1197.0
1968,2018,37713,Diesel,Automatic,Second,12.55,12.55,31.62,TOYOTA,FORTUNER 4X4,2982.0
1969,2011,78088,Petrol,Manual,First,12.4,12.4,6.3,TOYOTA,INNOVA 2.0,1998.0
1970,2017,30453,Diesel,Manual,First,22.77,22.77,8.45,FORD,ECOSPORT 1.5,1498.0
1971,2016,54000,Petrol,Manual,First,18.16,18.16,5.0,FORD,FIGO 1.2P,1196.0
1972,2011,190000,Diesel,Manual,First,11.5,11.5,13.0,TOYOTA,FORTUNER 3.0,2982.0
1973,2012,65097,Petrol,Manual,First,19.1,19.1,4.7,MARUTI,SWIFT DZIRE,1197.0
1974,2018,28060,Petrol,Automatic,First,12.05,12.05,93.67,BMW,7 SERIES,2979.0
1975,2012,282000,Petrol,Manual,First,13.14,13.14,3.3,SKODA,SUPERB 1.8,1798.0
1976,2009,111000,Petrol,Manual,Second,18.9,18.9,1.51,MARUTI,WAGON R,1061.0
1977,2013,63295,Diesel,Manual,First,19.01,19.01,6.09,RENAULT,DUSTER 110PS,1461.0
1978,2015,35770,Petrol,Manual,First,20.73,20.73,5.95,MARUTI,CIAZ VXI,1373.0
1979,2012,125928,Diesel,Manual,First,22.7,22.7,9.0,HYUNDAI,ELANTRA CRDI,1582.0
1980,2015,45000,Diesel,Automatic,First,21.66,21.66,4.25,SKODA,RAPID 1.5,1498.0
1981,2013,21000,Diesel,Automatic,First,14.84,14.84,23.5,MERCEDES-BENZ,NEW C-CLASS,2143.0
1982,2011,54774,Petrol,Automatic,First,11.7,11.7,6.35,HONDA,ACCORD 2.4,2354.0
1983,2014,41123,Petrol,Manual,First,23.1,23.1,3.4,MARUTI,CELERIO VXI,998.0
1984,2017,17465,Petrol,Automatic,First,12.05,12.05,93.0,BMW,7 SERIES,2979.0
1985,2014,48000,Diesel,Automatic,First,22.69,22.69,21.6,BMW,3 SERIES,1995.0
1986,2011,173000,Diesel,Manual,First,20.54,20.54,4.0,VOLKSWAGEN,VENTO DIESEL,1598.0
1987,2018,12000,Diesel,Manual,First,23.4,23.4,5.5,MARUTI,SWIFT DZIRE,1248.0
1988,2012,34000,Diesel,Automatic,First,12.39,12.39,19.25,LAND,ROVER FREELANDER,2179.0
1989,2012,71360,Diesel,Manual,First,21.9,21.9,3.95,HYUNDAI,I20 1.4,1396.0
1990,2012,74000,Diesel,Manual,Second,28.4,28.4,4.25,MARUTI,DZIRE VDI,1248.0
1991,2018,28937,Diesel,Manual,First,17.1,17.1,17.02,JEEP,COMPASS 2.0,1956.0
1992,2012,82085,Diesel,Manual,First,20.77,20.77,6.5,MARUTI,ERTIGA VDI,1248.0
1993,2011,68465,Petrol,Manual,First,15.6,15.6,2.95,FORD,FIGO PETROL,1196.0
1994,2013,63854,Diesel,Manual,First,21.43,21.43,7.12,TOYOTA,COROLLA ALTIS,1364.0
1995,2018,3000,Diesel,Automatic,First,24.3,24.3,11.25,MARUTI,VITARA BREZZA,1248.0
1996,2009,65055,Petrol,Manual,First,17.0,17.0,2.75,HONDA,CITY 1.5,1497.0
1997,2015,120000,Diesel,Manual,First,15.4,15.4,12.0,MAHINDRA,SCORPIO S10,2179.0
1998,2014,64241,Petrol,Manual,First,20.14,20.14,3.67,HYUNDAI,XCENT 1.2,1197.0
1999,2001,121000,Diesel,Manual,First,15.0,15.0,5.0,MERCEDES-BENZ,E-CLASS 220,2148.0
2000,2008,2200,Petrol,Manual,First,15.7,15.7,2.3,MAHINDRA,RENAULT LOGAN,1390.0
2001,2008,88123,Diesel,Manual,First,18.7,18.7,2.2,SKODA,OCTAVIA 1.9,1896.0
2002,2014,79000,Diesel,Automatic,First,12.0,12.0,41.0,MERCEDES-BENZ,GL-CLASS 2007,2987.0
2003,2016,28143,Diesel,Automatic,First,20.68,20.68,28.5,BMW,X1 SDRIVE,1995.0
2004,2015,23001,Petrol,Manual,First,15.04,15.04,5.49,VOLKSWAGEN,VENTO 2013-2015,1598.0
2005,2013,82002,Diesel,Automatic,Second,16.55,16.55,17.5,AUDI,A4 2.0,1968.0
2006,2009,75000,Diesel,Manual,First,13.8,13.8,1.99,FORD,IKON 1.4,1399.0
2007,2016,37451,Diesel,Manual,First,22.32,22.32,6.64,HYUNDAI,VERNA 1.6,1582.0
2008,2017,67000,Diesel,Manual,First,13.68,13.68,16.5,TOYOTA,INNOVA CRYSTA,2393.0
2009,2016,25000,Petrol,Manual,First,18.9,18.9,5.0,HYUNDAI,GRAND I10,1197.0
2010,2017,12000,Petrol,Manual,First,17.0,17.0,5.4,VOLKSWAGEN,AMEO 1.2,1198.0
2011,2017,25000,Petrol,Manual,First,25.17,25.17,2.99,RENAULT,KWID RXT,799.0
2012,2011,95936,Petrol,Manual,First,17.0,17.0,4.1,HONDA,CITY 1.5,1497.0
2013,2018,5354,Petrol,Automatic,First,18.9,18.9,6.76,HYUNDAI,GRAND I10,1197.0
2014,2016,42000,Petrol,Manual,Second,18.78,18.78,5.5,VOLKSWAGEN,POLO 1.0,999.0
2015,2014,44282,Diesel,Manual,First,25.2,25.2,5.99,MARUTI,SWIFT VDI,1248.0
2016,2012,70000,Diesel,Manual,First,21.64,21.64,2.59,NISSAN,SUNNY 2011-2014,1461.0
2017,2013,31400,Diesel,Automatic,First,16.36,16.36,26.75,JAGUAR,XF 2.2,2179.0
2018,2016,50000,Diesel,Manual,First,28.09,28.09,8.5,MARUTI,CIAZ ZDI,1248.0
2019,2011,53000,Diesel,Automatic,First,12.8,12.8,23.0,AUDI,Q5 2008-2012,1968.0
2020,2014,21727,Petrol,Manual,First,15.6,15.6,3.35,FORD,FIGO PETROL,1196.0
2021,2012,43000,Diesel,Automatic,Second,11.72,11.72,10.75,HYUNDAI,SANTA FE,2199.0
2022,2013,75000,Diesel,Manual,First,12.05,12.05,6.29,MAHINDRA,SCORPIO VLX,2179.0
2023,2014,73557,Diesel,Manual,First,19.6,19.6,7.75,RENAULT,DUSTER 110PS,1461.0
2024,2012,44555,Diesel,Automatic,First,15.2,15.2,13.5,AUDI,A4 NEW,1968.0
2025,2013,54885,Petrol,Manual,First,15.1,15.1,3.75,MARUTI,EECO 7,1196.0
2026,2011,76000,Diesel,Manual,Second,14.0,14.0,3.75,MAHINDRA,XYLO E4,2498.0
2027,2006,101000,Petrol,Manual,Second,18.9,18.9,1.5,MARUTI,WAGON R,998.0
2028,2005,66000,Petrol,Manual,First,14.0,14.0,1.45,MARUTI,WAGON R,1061.0
2029,2013,84360,Petrol,Manual,First,15.5,15.5,4.12,MARUTI,SX4 ZXI,1586.0
2030,2016,25121,Diesel,Manual,First,13.68,13.68,17.11,TOYOTA,INNOVA CRYSTA,2393.0
2031,2015,100000,Diesel,Manual,Second,12.99,12.99,10.25,TOYOTA,INNOVA 2.5,2494.0
2032,2011,66035,Diesel,Manual,First,22.07,22.07,2.49,VOLKSWAGEN,POLO DIESEL,1199.0
2033,2015,190000,Petrol,Manual,Second,16.78,16.78,3.85,TOYOTA,ETIOS G,1496.0
2034,2014,85670,Diesel,Manual,First,22.7,22.7,6.25,FORD,ECOSPORT 1.5,1498.0
2035,2015,35000,Diesel,Manual,First,24.0,24.0,4.88,HYUNDAI,GRAND I10,1120.0
2036,2016,8000,Petrol,Automatic,First,18.0,18.0,9.45,HONDA,CITY I,1497.0
2037,2007,162000,Diesel,Manual,Second,12.8,12.8,4.8,TOYOTA,INNOVA 2.5,2494.0
2038,2012,60000,Petrol,Manual,First,21.1,21.1,1.99,HYUNDAI,EON ERA,814.0
2039,2010,70600,Petrol,Manual,First,20.36,20.36,2.8,HYUNDAI,I10 MAGNA,1197.0
2040,2011,25000,Petrol,Automatic,Second,12.3,12.3,22.0,MERCEDES-BENZ,E-CLASS 2009-2013,1796.0
2041,2012,75000,Diesel,Manual,First,15.96,15.96,4.3,MAHINDRA,BOLERO SLE,2523.0
2042,2014,85071,Diesel,Automatic,First,20.0,20.0,9.75,SKODA,LAURA AMBITION,1968.0
2043,2015,40000,Petrol,Manual,First,20.4,20.4,5.9,MARUTI,SWIFT ZXI,1197.0
2044,2013,67000,Diesel,Automatic,First,16.55,16.55,14.5,AUDI,A4 2.0,1968.0
2045,2009,55000,Diesel,Manual,Second,17.8,17.8,2.4,FORD,FIESTA 1.4,1399.0
2046,2008,62000,Petrol,Manual,Second,15.0,15.0,2.11,MARUTI,SX4 VXI,1586.0
2047,2017,22526,Petrol,Automatic,First,18.9,18.9,7.6,HYUNDAI,GRAND I10,1197.0
2048,2012,57788,Petrol,Automatic,First,17.16,17.16,3.6,MARUTI,RITZ AT,1197.0
2049,2013,72000,Diesel,Manual,First,10.5,10.5,6.0,MAHINDRA,SCORPIO 2.6,2179.0
2050,2014,83128,Diesel,Manual,First,15.4,15.4,7.45,MAHINDRA,SCORPIO S4,2179.0
2051,2011,75000,Petrol,Manual,First,19.7,19.7,2.1,MARUTI,ALTO LXI,796.0
2052,2013,58000,Diesel,Manual,Second,19.01,19.01,5.2,RENAULT,DUSTER 110PS,1461.0
2053,2009,26000,Diesel,Manual,First,0.0,0.0,6.99,MAHINDRA,JEEP MM,2498.0
2054,2017,1000,Petrol,Manual,First,20.89,20.89,6.36,MARUTI,IGNIS 1.2,1197.0
2055,2015,59751,Diesel,Manual,First,12.99,12.99,11.62,TOYOTA,INNOVA 2.5,2494.0
2056,2015,29966,Diesel,Automatic,Second,16.77,16.77,43.6,BMW,7 SERIES,2993.0
2057,2009,65000,Diesel,Manual,Second,13.6,13.6,4.9,HYUNDAI,SONATA EMBERA,1991.0
2058,2015,75863,Diesel,Manual,First,19.01,19.01,6.7,RENAULT,DUSTER ADVENTURE,1461.0
2059,2013,54000,CNG,Manual,First,33.54,33.54,3.05,MARUTI,WAGON R,998.0
2060,2014,24000,Diesel,Automatic,First,17.11,17.11,25.0,AUDI,A4 2.0,1968.0
2061,2018,33218,Diesel,Manual,First,17.1,17.1,19.05,JEEP,COMPASS 2.0,1956.0
2062,2015,33425,Petrol,Manual,First,17.43,17.43,4.5,HYUNDAI,VERNA 1.4,1396.0
2063,2013,47000,Petrol,Manual,First,18.0,18.0,4.15,HONDA,AMAZE VX,1198.0
2064,2015,41000,Diesel,Manual,First,19.67,19.67,11.9,HYUNDAI,CRETA 1.6,1582.0
2065,2011,62000,Petrol,Manual,First,19.81,19.81,2.1,HYUNDAI,I10 MAGNA,1086.0
2066,2016,47035,Diesel,Manual,First,18.49,18.49,6.95,MAHINDRA,TUV 300,1493.0
2067,2008,56230,Petrol,Manual,Second,17.5,17.5,2.4,MARUTI,SWIFT DZIRE,1298.0
2068,2007,55000,Petrol,Manual,First,13.2,13.2,2.65,HYUNDAI,ACCENT GLE,1495.0
2069,2014,70669,Diesel,Manual,First,15.1,15.1,9.0,MAHINDRA,XUV500 W8,2179.0
2070,2012,69000,Petrol,Manual,First,20.92,20.92,2.1,MARUTI,ALTO K10,998.0
2071,2011,65000,Petrol,Manual,Second,18.6,18.6,2.5,CHEVROLET,BEAT LT,1199.0
2072,2009,30000,Diesel,Automatic,First,12.4,12.4,8.95,AUDI,A6 2.7,2698.0
2073,2017,2000,Diesel,Automatic,First,20.7,20.7,34.0,MINI,COOPER 5,1496.0
2075,2015,40000,Petrol,Manual,First,17.57,17.57,4.0,TATA,ZEST REVOTRON,1193.0
2076,2014,40000,Diesel,Manual,First,26.0,26.0,4.45,HONDA,CITY I,1498.0
2077,2010,26000,Petrol,Manual,First,18.6,18.6,1.5,CHEVROLET,BEAT LT,1199.0
2078,2011,105000,Diesel,Automatic,Second,16.55,16.55,14.5,AUDI,A4 2.0,1968.0
2079,2015,2800,Diesel,Manual,First,26.1,26.1,8.41,FORD,ASPIRE TITANIUM,1498.0
2080,2014,71000,Diesel,Automatic,Second,19.08,19.08,5.45,HYUNDAI,VERNA SX,1582.0
2081,2015,32896,Petrol,Automatic,First,18.0,18.0,8.9,HONDA,CITY I,1497.0
2082,2012,45000,Petrol,Manual,First,20.36,20.36,3.65,HYUNDAI,I10 SPORTZ,1197.0
2083,2015,65000,Diesel,Automatic,Second,18.56,18.56,29.0,BMW,X3 XDRIVE20D,1995.0
2084,2013,45200,Diesel,Automatic,First,16.55,16.55,13.5,AUDI,A4 2.0,1968.0
2085,2008,82167,Petrol,Automatic,First,10.1,10.1,5.4,HONDA,CR-V 2.4,2354.0
2086,2016,37429,Petrol,Manual,First,18.9,18.9,5.89,HYUNDAI,GRAND I10,1197.0
2087,2016,46000,Diesel,Manual,First,28.09,28.09,8.45,MARUTI,CIAZ ZDI,1248.0
2088,2011,67031,Petrol,Manual,First,17.4,17.4,4.0,HONDA,CITY I-VTEC,1497.0
2089,2013,30000,Diesel,Automatic,First,9.52,9.52,45.0,BMW,6 SERIES,2993.0
2090,2016,47691,Petrol,Automatic,First,23.1,23.1,3.94,MARUTI,CELERIO VXI,998.0
2091,2011,32531,Diesel,Automatic,Second,13.73,13.73,8.0,RENAULT,KOLEOS 2.0,1995.0
2092,2013,71336,Diesel,Manual,First,20.0,20.0,4.1,FORD,FIGO DIESEL,1399.0
2093,2006,196000,Diesel,Manual,First,12.8,12.8,6.25,TOYOTA,INNOVA 2.5,2494.0
2094,2015,28193,Diesel,Manual,First,28.4,28.4,5.25,MARUTI,DZIRE VDI,1248.0
2095,2019,2526,Petrol,Automatic,First,19.0,19.0,83.96,MERCEDES-BENZ,SLC 43,2996.0
2097,2013,85000,Diesel,Automatic,First,16.1,16.1,21.0,MERCEDES-BENZ,E-CLASS E,1950.0
2098,2015,20780,Petrol,Manual,First,18.9,18.9,4.3,HYUNDAI,GRAND I10,1197.0
2099,2014,43081,Petrol,Manual,First,17.3,17.3,5.25,HONDA,MOBILIO S,1497.0
2100,2010,35000,Petrol,Automatic,Second,11.9,11.9,32.0,PORSCHE,CAYENNE TURBO,4806.0
2101,2013,36000,Diesel,Manual,First,17.21,17.21,3.9,MAHINDRA,QUANTO C8,1493.0
2102,2007,67000,Petrol,Manual,Third,13.4,13.4,2.2,TOYOTA,COROLLA H5,1794.0
2103,2016,34079,Diesel,Manual,First,25.32,25.32,3.7,MAHINDRA,KUV 100,1198.0
2104,2010,77849,Petrol,Automatic,Second,10.9,10.9,11.27,BMW,3 SERIES,2497.0
2105,2013,86000,Petrol,Manual,First,22.74,22.74,2.41,MARUTI,ALTO 800,796.0
2106,2015,110000,Diesel,Automatic,First,15.73,15.73,19.0,AUDI,Q3 35,1968.0
2107,2015,116000,Diesel,Manual,Second,23.59,23.59,5.8,TOYOTA,ETIOS GD,1364.0
2108,2016,41840,Diesel,Manual,First,15.1,15.1,13.52,MAHINDRA,XUV500 W8,2179.0
2109,2015,19317,Diesel,Manual,First,13.0,13.0,24.5,TOYOTA,FORTUNER 4X2,2982.0
2110,2014,41000,CNG,Manual,First,24.6,24.6,3.25,TATA,INDIGO CS,1193.0
2111,2017,25601,Diesel,Automatic,First,17.9,17.9,56.73,MERCEDES-BENZ,GLE 250D,2143.0
2112,2015,83950,Diesel,Manual,First,19.67,19.67,9.95,HYUNDAI,CRETA 1.6,1582.0
2113,2012,60000,Petrol,Automatic,First,16.8,16.8,5.5,HONDA,CITY 1.5,1497.0
2114,2015,50000,Diesel,Automatic,First,17.11,17.11,25.0,AUDI,A4 35,1968.0
2115,2009,37000,Petrol,Manual,First,17.3,17.3,1.0,MARUTI,ZEN VXI,993.0
2116,2011,76976,Petrol,Manual,Second,19.7,19.7,2.15,MARUTI,ALTO LXI,796.0
2117,2018,21684,Petrol,Automatic,First,21.4,21.4,7.89,MARUTI,BALENO DELTA,1197.0
2118,2015,62000,Diesel,Manual,First,16.0,16.0,10.25,MAHINDRA,XUV500 W10,2179.0
2119,2007,1261,Petrol,Manual,First,19.0,19.0,6.0,FORD,FREESTYLE TITANIUM,1194.0
2120,2017,59450,Petrol,Manual,First,18.6,18.6,7.53,HYUNDAI,ELITE I20,1197.0
2121,2018,24465,Diesel,Automatic,First,19.27,19.27,39.45,MERCEDES-BENZ,NEW C-CLASS,2143.0
2122,2014,55000,Petrol,Manual,First,17.8,17.8,5.84,HONDA,CITY I,1497.0
2123,2017,2000,Petrol,Manual,First,18.88,18.88,8.65,FORD,ECOSPORT 1.5,1499.0
2124,2017,25040,Petrol,Manual,First,21.4,21.4,7.74,MARUTI,BALENO ALPHA,1197.0
2125,2008,84000,Petrol,Manual,First,20.36,20.36,2.5,HYUNDAI,I10 SPORTZ,1197.0
2126,2007,170428,Diesel,Manual,Second,12.8,12.8,5.7,TOYOTA,INNOVA 2.5,2494.0
2127,2016,12573,Petrol,Manual,First,21.4,21.4,5.8,MARUTI,BALENO DELTA,1197.0
2128,2012,88000,Diesel,Automatic,First,12.07,12.07,36.5,AUDI,Q7 3.0,2967.0
2129,2012,86000,Diesel,Automatic,Second,13.01,13.01,9.5,HYUNDAI,SANTA FE,2199.0
2130,2012,51019,Petrol,Manual,First,0.0,0.0,3.48,HYUNDAI,SANTRO GLS,999.0
2131,2013,45000,Petrol,Manual,First,17.0,17.0,4.55,HONDA,CITY 1.5,1497.0
2132,2012,51000,Diesel,Manual,First,21.9,21.9,3.9,HYUNDAI,I20 1.4,1396.0
2133,2007,92000,Diesel,Manual,First,13.6,13.6,2.7,MAHINDRA,BOLERO SLE,2523.0
2134,2017,29000,Diesel,Automatic,First,12.9,12.9,31.0,TOYOTA,FORTUNER 2.8,2755.0
2135,2009,70521,Petrol,Automatic,Second,10.9,10.9,10.3,BMW,3 SERIES,2497.0
2136,2010,51000,Diesel,Automatic,First,16.07,16.07,7.75,BMW,3 SERIES,1995.0
2137,2012,52618,Petrol,Manual,First,18.9,18.9,3.2,MARUTI,WAGON R,998.0
2138,2013,68000,Diesel,Manual,First,25.47,25.47,4.85,MARUTI,ERTIGA ZDI,1248.0
2139,2016,29022,Diesel,Automatic,Second,15.68,15.68,34.08,LAND,ROVER RANGE,1999.0
2140,2017,80000,Diesel,Manual,First,24.52,24.52,8.1,MARUTI,ERTIGA SHVS,1248.0
2141,2016,78000,Diesel,Manual,Second,25.0,25.0,2.35,TATA,INDIGO CS,1396.0
2142,2012,100000,Petrol,Manual,First,20.92,20.92,1.8,MARUTI,ALTO K10,998.0
2143,2015,31412,Petrol,Manual,First,21.1,21.1,3.42,HYUNDAI,EON D,814.0
2144,2010,78000,Diesel,Automatic,Second,11.4,11.4,5.34,FORD,ENDEAVOUR 3.0L,2953.0
2145,2018,14000,Diesel,Automatic,First,12.62,12.62,31.99,FORD,ENDEAVOUR 2.2,2198.0
2146,2011,80000,Diesel,Manual,First,20.54,20.54,4.75,VOLKSWAGEN,VENTO DIESEL,1598.0
2147,2014,46738,Petrol,Automatic,First,19.12,19.12,6.1,MARUTI,CIAZ AT,1373.0
2148,2013,54884,Petrol,Manual,Second,21.1,21.1,3.69,HYUNDAI,EON D,814.0
2149,2012,74500,Diesel,Automatic,Second,14.16,14.16,15.0,AUDI,Q5 2.0,1968.0
2150,2016,67472,Diesel,Manual,First,16.0,16.0,14.5,MAHINDRA,XUV500 W10,2179.0
2151,2013,84000,Diesel,Manual,First,28.4,28.4,5.65,MARUTI,SWIFT VDI,1248.0
2152,2011,77400,Diesel,Manual,First,21.1,21.1,2.5,MARUTI,RITZ VDI,1248.0
2153,2017,14470,Diesel,Automatic,First,19.71,19.71,38.5,MERCEDES-BENZ,NEW C-CLASS,2143.0
2154,2014,52108,Diesel,Manual,First,19.01,19.01,5.49,RENAULT,DUSTER 110PS,1461.0
2155,2013,40000,Petrol,Manual,First,19.1,19.1,3.55,MARUTI,SWIFT DZIRE,1197.0
2156,2014,105044,Diesel,Manual,First,12.99,12.99,10.75,TOYOTA,INNOVA 2.5,2494.0
2157,2016,24347,Petrol,Manual,First,15.8,15.8,11.0,HYUNDAI,CRETA 1.6,1591.0
2158,2014,58000,Diesel,Manual,First,21.79,21.79,4.5,MARUTI,SX4 ZDI,1248.0
2159,2014,49663,Diesel,Manual,First,15.1,15.1,8.42,MAHINDRA,XUV500 W8,2179.0
2160,2017,17000,Petrol,Automatic,First,18.0,18.0,11.6,HONDA,CITY I-VTEC,1497.0
2161,2016,13418,Diesel,Automatic,First,16.36,16.36,33.63,JAGUAR,XF 2.2,2179.0
2162,2008,117080,Diesel,Manual,Third,17.8,17.8,2.25,FORD,FIESTA 1.4,1399.0
2163,2010,74000,Petrol,Automatic,First,10.8,10.8,12.95,BMW,5 SERIES,2497.0
2164,2010,86514,Diesel,Manual,First,17.8,17.8,4.25,MARUTI,SWIFT VDI,1248.0
2165,2014,66882,Diesel,Automatic,First,17.68,17.68,25.02,AUDI,A6 2011-2015,1968.0
2166,2014,41460,Petrol,Manual,First,18.5,18.5,3.95,HONDA,BRIO 1.2,1198.0
2167,2011,57000,Petrol,Automatic,First,16.8,16.8,4.4,HONDA,CITY 1.5,1497.0
2168,2015,34010,Petrol,Manual,Third,16.47,16.47,4.95,VOLKSWAGEN,POLO PETROL,1198.0
2169,2010,96813,Diesel,Manual,Second,12.05,12.05,5.5,MAHINDRA,SCORPIO SLE,2179.0
2170,2011,84000,Petrol,Manual,First,16.8,16.8,3.25,HONDA,CITY V,1497.0
2171,2013,50004,Petrol,Manual,First,15.0,15.0,4.02,SKODA,RAPID 1.6,1598.0
2172,2016,67995,Diesel,Manual,First,16.0,16.0,11.73,MAHINDRA,XUV500 W6,2179.0
2173,2012,55000,Diesel,Manual,First,15.0,15.0,9.5,VOLKSWAGEN,JETTA 2007-2011,1896.0
2174,2017,14900,Petrol,Automatic,First,21.4,21.4,8.6,MARUTI,BALENO ALPHA,1197.0
2175,2013,70961,Diesel,Manual,First,25.8,25.8,4.0,HONDA,AMAZE EX,1498.0
2176,2015,40194,Petrol,Manual,First,15.04,15.04,5.55,VOLKSWAGEN,VENTO 1.6,1598.0
2177,2015,96000,Petrol,Manual,First,22.74,22.74,2.5,MARUTI,ALTO 800,796.0
2178,2017,35000,Diesel,Automatic,First,18.0,18.0,41.6,LAND,ROVER DISCOVERY,2993.0
2179,2015,50000,Petrol,Automatic,First,18.0,18.0,7.41,HONDA,CITY I,1497.0
2180,2014,50000,Diesel,Manual,First,19.01,19.01,6.5,NISSAN,TERRANO XL,1461.0
2181,2008,26299,Petrol,Manual,First,19.7,19.7,1.2,MARUTI,ALTO LXI,796.0
2182,2015,150386,Diesel,Manual,First,14.24,14.24,23.0,TOYOTA,FORTUNER 2.8,2755.0
2183,2012,60000,Diesel,Manual,First,21.9,21.9,2.74,HYUNDAI,I20 1.4,1396.0
2184,2013,65000,Diesel,Manual,First,20.0,20.0,3.9,FORD,FIGO DIESEL,1399.0
2185,2017,80000,Diesel,Manual,First,24.3,24.3,8.0,MARUTI,VITARA BREZZA,1248.0
2186,2012,92000,Diesel,Manual,Third,22.32,22.32,4.0,HYUNDAI,VERNA 1.6,1582.0
2187,2016,13000,Petrol,Automatic,First,12.95,12.95,17.75,HYUNDAI,TUCSON 2.0,1999.0
2188,2013,73278,Diesel,Manual,First,21.1,21.1,5.05,MARUTI,RITZ VDI,1248.0
2189,2011,38000,Petrol,Automatic,First,10.8,10.8,12.0,AUDI,A4 2.0,1984.0
2190,2016,46936,Diesel,Automatic,First,13.0,13.0,29.6,MERCEDES-BENZ,E-CLASS E250,2143.0
2191,2015,55000,Diesel,Manual,First,19.87,19.87,6.5,RENAULT,DUSTER 85PS,1461.0
2192,2014,19000,Petrol,Automatic,First,15.5,15.5,4.75,HONDA,AMAZE S,1198.0
2193,2016,42259,Diesel,Automatic,First,9.0,9.0,24.36,VOLVO,S60 D4,1984.0
2194,2011,14000,Petrol,Manual,Second,17.5,17.5,3.2,MARUTI,SWIFT DZIRE,1197.0
2195,2016,16956,Petrol,Manual,First,22.5,22.5,3.6,MARUTI,WAGON R,998.0
2196,2017,15473,Petrol,Manual,First,16.8,16.8,3.58,MARUTI,OMNI MPI,796.0
2197,2011,75000,Diesel,Manual,First,21.5,21.5,2.5,MARUTI,SX4 VDI,1248.0
2198,2013,96000,Diesel,Manual,Second,23.5,23.5,3.5,FORD,FIESTA TITANIUM,1498.0
2199,2015,25000,Petrol,Automatic,First,19.16,19.16,25.0,TOYOTA,CAMRY HYBRID,2494.0
2200,2010,38000,Petrol,Manual,Second,22.5,22.5,1.75,MARUTI,WAGON R,998.0
2201,2005,54000,Diesel,Automatic,First,11.0,11.0,10.0,MERCEDES-BENZ,E-CLASS E270,2987.0
2202,2018,4131,Petrol,Automatic,First,21.4,21.4,7.75,MARUTI,BALENO ZETA,1197.0
2203,2016,31700,Petrol,Manual,First,18.7,18.7,6.45,HONDA,JAZZ 1.2,1199.0
2204,2017,66988,Diesel,Automatic,First,15.4,15.4,10.0,MAHINDRA,SCORPIO S10,2179.0
2205,2014,54230,Petrol,Manual,First,16.47,16.47,4.5,VOLKSWAGEN,POLO 1.2,1198.0
2206,2015,35000,Petrol,Manual,First,17.0,17.0,3.4,HYUNDAI,I20 1.2,1197.0
2207,2010,62714,Petrol,Automatic,First,12.1,12.1,4.5,TOYOTA,CAMRY W4,2362.0
2208,2015,45295,Petrol,Manual,First,18.9,18.9,4.3,MARUTI,WAGON R,998.0
2209,2018,7000,Diesel,Automatic,First,18.12,18.12,46.0,BMW,5 SERIES,1995.0
2210,2016,57000,Petrol,Automatic,First,24.07,24.07,3.4,MARUTI,ALTO K10,998.0
2211,2013,40100,Diesel,Automatic,First,14.84,14.84,14.5,MERCEDES-BENZ,NEW C-CLASS,2143.0
2212,2013,56000,Petrol,Manual,First,24.7,24.7,2.1,MARUTI,ALTO 800,796.0
2213,2012,15000,Petrol,Manual,First,18.6,18.6,3.65,MARUTI,SWIFT VXI,1197.0
2214,2014,14000,Petrol,Manual,First,18.2,18.2,3.0,CHEVROLET,SAIL HATCHBACK,1199.0
2215,2009,68000,Diesel,Manual,Second,23.0,23.0,3.95,HYUNDAI,I20 ASTA,1396.0
2216,2012,83000,Diesel,Automatic,First,11.9,11.9,6.75,SKODA,SUPERB 2.5,2496.0
2217,2013,81504,Diesel,Manual,First,21.43,21.43,6.53,TOYOTA,COROLLA ALTIS,1364.0
2218,2015,73500,Diesel,Manual,First,13.0,13.0,22.0,TOYOTA,FORTUNER 4X2,2982.0
2219,2013,52900,Petrol,Automatic,First,14.3,14.3,4.75,SKODA,RAPID 1.6,1598.0
2220,2017,20000,Petrol,Automatic,First,16.5,16.5,5.99,HONDA,BRIO 1.2,1198.0
2221,2011,46000,Petrol,Manual,First,16.47,16.47,3.05,VOLKSWAGEN,POLO PETROL,1198.0
2222,2010,65000,Petrol,Manual,First,16.47,16.47,2.4,VOLKSWAGEN,POLO PETROL,1198.0
2223,2007,42000,Petrol,Manual,Third,18.2,18.2,1.3,MARUTI,ZEN ESTILO,998.0
2224,2016,36681,Diesel,Manual,First,23.59,23.59,6.71,TOYOTA,ETIOS CROSS,1364.0
2225,2014,67000,Diesel,Manual,Second,15.1,15.1,7.2,MAHINDRA,XUV500 W8,2179.0
2226,2016,18000,Petrol,Automatic,First,18.9,18.9,5.4,HYUNDAI,GRAND I10,1197.0
2227,2015,56409,Diesel,Manual,First,22.7,22.7,6.63,FORD,ECOSPORT 1.5,1498.0
2228,2016,65263,CNG,Manual,First,17.5,17.5,7.5,MARUTI,ERTIGA VXI,1373.0
2229,2018,20300,Petrol,Automatic,First,18.0,18.0,14.21,HONDA,CITY I-VTEC,1497.0
2230,2010,45008,Petrol,Manual,First,17.0,17.0,3.0,HONDA,CITY 1.5,1497.0
2231,2017,21799,Petrol,Manual,First,23.1,23.1,5.11,MARUTI,CELERIO ZXI,998.0
2232,2011,57328,Petrol,Manual,First,15.04,15.04,3.39,VOLKSWAGEN,VENTO PETROL,1598.0
2233,2017,35358,Diesel,Automatic,First,11.36,11.36,22.99,TOYOTA,INNOVA CRYSTA,2755.0
2234,2009,46946,Petrol,Manual,Second,18.5,18.5,2.35,HYUNDAI,I20 MAGNA,1197.0
2235,2012,39772,Diesel,Manual,First,23.2,23.2,2.85,MARUTI,RITZ VDI,1248.0
2236,2014,58000,Diesel,Automatic,First,17.68,17.68,18.5,AUDI,A6 2011-2015,1968.0
2237,2014,52000,Petrol,Manual,First,13.24,13.24,5.99,RENAULT,DUSTER PETROL,1598.0
2238,2008,152000,Petrol,Manual,Second,13.5,13.5,3.0,HONDA,CIVIC 2006-2010,1799.0
2239,2016,42700,Petrol,Manual,First,23.84,23.84,3.6,TATA,TIAGO 1.2,1199.0
2240,2014,60000,Diesel,Automatic,First,16.55,16.55,24.0,AUDI,A4 2.0,1968.0
2241,2015,33195,Petrol,Manual,First,19.1,19.1,6.26,MARUTI,SWIFT DZIRE,1197.0
2242,2010,110000,Diesel,Manual,First,14.24,14.24,13.7,TOYOTA,FORTUNER 2.8,2755.0
2243,2016,52000,Diesel,Automatic,First,15.26,15.26,35.0,MERCEDES-BENZ,M-CLASS ML,2143.0
2244,2015,64399,Diesel,Manual,First,21.9,21.9,5.02,HYUNDAI,I20 MAGNA,1396.0
2245,2015,55000,Petrol,Manual,First,21.5,21.5,3.1,MARUTI,WAGON R,1197.0
2246,2012,50000,Diesel,Manual,First,20.54,20.54,5.5,VOLKSWAGEN,VENTO DIESEL,1598.0
2247,2014,33485,Petrol,Manual,First,19.1,19.1,3.59,MARUTI,SWIFT DZIRE,1197.0
2248,2015,32000,Diesel,Manual,First,20.4,20.4,4.65,FIAT,LINEA EMOTION,1248.0
2249,2009,71400,Petrol,Manual,Third,17.0,17.0,3.8,HONDA,CITY 1.5,1497.0
2250,2016,41713,Diesel,Manual,First,19.67,19.67,12.5,HYUNDAI,CRETA 1.6,1582.0
2251,2017,46000,Diesel,Manual,First,25.6,25.6,12.9,HONDA,CITY I-DTEC,1498.0
2252,2015,52950,Petrol,Manual,First,14.0,14.0,2.35,MARUTI,OMNI 8,796.0
2253,2015,29500,Petrol,Manual,First,20.4,20.4,4.15,MARUTI,SWIFT LXI,1197.0
2254,2012,63888,Diesel,Automatic,First,14.0,14.0,22.58,MERCEDES-BENZ,M-CLASS ML,2987.0
2255,2016,60000,Petrol,Manual,First,24.7,24.7,2.65,MARUTI,ALTO 800,796.0
2256,2010,59196,Petrol,Manual,Second,15.6,15.6,2.25,FORD,FIGO PETROL,1196.0
2257,2016,121362,Diesel,Manual,First,13.68,13.68,16.0,TOYOTA,INNOVA CRYSTA,2393.0
2258,2013,78000,Diesel,Automatic,First,18.48,18.48,19.5,BMW,5 SERIES,1995.0
2259,2015,59000,Diesel,Automatic,First,13.01,13.01,21.0,HYUNDAI,SANTA FE,2199.0
2260,2012,95000,Diesel,Automatic,Second,22.48,22.48,17.5,BMW,5 SERIES,1995.0
2261,2010,84000,Diesel,Manual,Second,17.8,17.8,2.41,FORD,FIESTA EXI,1399.0
2262,2012,58253,Diesel,Manual,Second,23.59,23.59,4.45,TOYOTA,ETIOS GD,1364.0
2263,2014,64557,Diesel,Automatic,Second,12.7,12.7,29.93,LAND,ROVER RANGE,2179.0
2265,2009,68078,Petrol,Manual,First,19.7,19.7,1.02,MARUTI,ALTO LX,796.0
2266,2009,149706,Diesel,Manual,First,11.5,11.5,11.0,TOYOTA,FORTUNER 3.0,2982.0
2267,2004,215750,Diesel,Manual,Second,0.0,0.0,3.5,TOYOTA,QUALIS RS,2446.0
2268,2013,25984,Petrol,Manual,First,15.8,15.8,5.35,FORD,ECOSPORT 1.5,1499.0
2269,2017,15544,Petrol,Manual,First,21.4,21.4,5.65,MARUTI,BALENO SIGMA,1197.0
2270,2015,34000,Diesel,Automatic,First,23.8,23.8,22.0,MINI,COOPER COUNTRYMAN,1998.0
2271,2013,24000,Petrol,Automatic,First,17.01,17.01,5.95,HYUNDAI,VERNA 1.6,1591.0
2272,2011,95000,Diesel,Manual,Third,20.0,20.0,2.35,FORD,FIGO DIESEL,1399.0
2273,2014,52000,Diesel,Manual,Second,25.8,25.8,4.1,HONDA,AMAZE S,1498.0
2274,2012,135000,Diesel,Manual,First,19.01,19.01,5.4,RENAULT,DUSTER 110PS,1461.0
2275,2017,39000,Diesel,Manual,First,23.0,23.0,8.45,FORD,ECOSPORT 1.5,1498.0
2276,2013,45306,Diesel,Automatic,Second,11.2,11.2,42.5,BMW,X6 XDRIVE30D,2993.0
2277,2010,140000,Diesel,Manual,First,14.24,14.24,10.75,TOYOTA,FORTUNER 2.8,2755.0
2278,2010,55000,LPG,Manual,Second,13.45,13.45,1.65,HYUNDAI,SANTRO XING,1086.0
2279,2015,67415,Diesel,Automatic,First,11.18,11.18,11.03,MAHINDRA,SSANGYONG REXTON,2696.0
2280,2016,25562,Petrol,Manual,First,23.1,23.1,3.5,MARUTI,CELERIO VXI,998.0
2281,2016,30292,Petrol,Manual,First,18.6,18.6,6.3,HYUNDAI,I20 SPORTZ,1197.0
2282,2014,84056,Petrol,Manual,First,18.88,18.88,6.75,FORD,ECOSPORT 1.0,999.0
2283,2017,62691,Diesel,Manual,First,26.21,26.21,7.5,MARUTI,CIAZ VDI,1248.0
2284,2013,87000,Diesel,Automatic,First,17.11,17.11,15.5,AUDI,A4 2.0,1968.0
2285,2015,52513,Petrol,Manual,First,18.0,18.0,4.65,HONDA,AMAZE S,1198.0
2286,2016,43983,Petrol,Automatic,First,15.63,15.63,7.58,FORD,ECOSPORT 1.5,1499.0
2287,2013,90121,Petrol,Manual,First,20.92,20.92,2.2,MARUTI,ALTO K10,998.0
2288,2011,50000,Diesel,Automatic,Third,16.77,16.77,21.0,AUDI,A6 3.0,2967.0
2289,2011,42500,Diesel,Automatic,First,18.33,18.33,5.25,VOLKSWAGEN,PASSAT DIESEL,1968.0
2290,2016,62192,Diesel,Manual,First,28.4,28.4,5.22,MARUTI,SWIFT VDI,1248.0
2291,2011,128000,Diesel,Manual,Third,19.2,19.2,2.0,MAHINDRA,LOGAN DIESEL,1461.0
2292,2018,38394,Petrol,Manual,First,21.56,21.56,9.18,MARUTI,CIAZ ALPHA,1462.0
2293,2013,37287,Petrol,Manual,First,26.0,26.0,1.74,TATA,NANO LX,624.0
2294,2011,60000,Petrol,Automatic,First,16.8,16.8,4.45,HONDA,CITY 1.5,1497.0
2295,2017,39419,Petrol,Manual,First,18.16,18.16,4.95,FORD,FIGO 2015-2019,1196.0
2296,2014,55000,Diesel,Manual,First,22.54,22.54,5.64,HYUNDAI,I20 SPORTZ,1396.0
2297,2016,7000,Petrol,Manual,First,18.88,18.88,6.9,FORD,ECOSPORT 1.5,1499.0
2298,2011,85000,Diesel,Automatic,First,16.55,16.55,13.95,AUDI,A4 2.0,1968.0
2299,2013,51000,Diesel,Automatic,Second,20.58,20.58,17.0,BMW,1 SERIES,1995.0
2300,2012,90000,Diesel,Manual,Second,13.93,13.93,4.6,TATA,SAFARI DICOR,2179.0
2301,2010,105000,Diesel,Manual,Second,12.05,12.05,5.21,MAHINDRA,SCORPIO VLX,2179.0
2302,2017,36458,Petrol,Manual,First,15.29,15.29,12.34,HYUNDAI,CRETA 1.6,1591.0
2303,2006,109000,Petrol,Manual,First,16.9,16.9,1.5,HONDA,CITY ZX,1497.0
2304,2015,49000,Diesel,Automatic,First,17.05,17.05,22.99,BMW,X1 SDRIVE,1995.0
2305,2011,8000,Petrol,Automatic,First,9.0,9.0,43.0,PORSCHE,CAYMAN 2009-2012,3436.0
2306,2010,45000,Diesel,Automatic,First,14.7,14.7,40.0,LAND,ROVER RANGE,2993.0
2307,2008,68000,Petrol,Manual,Third,19.7,19.7,1.2,MARUTI,ALTO LXI,796.0
2308,2011,54000,Petrol,Automatic,First,19.2,19.2,2.9,HYUNDAI,I10 ASTA,1197.0
2309,2016,28000,Petrol,Automatic,First,14.62,14.62,13.9,HYUNDAI,ELANTRA 2.0,1999.0
2310,2016,38500,Diesel,Manual,Second,28.09,28.09,7.85,MARUTI,CIAZ RS,1248.0
2311,2016,17738,Diesel,Automatic,First,15.3,15.3,54.45,BMW,X5 XDRIVE,2993.0
2312,2012,67132,Diesel,Manual,First,13.58,13.58,4.75,CHEVROLET,TAVERA LT,2499.0
2313,2011,47000,Diesel,Manual,First,20.64,20.64,3.25,VOLKSWAGEN,VENTO 1.5,1498.0
2314,2015,28005,Petrol,Manual,First,17.8,17.8,7.1,HONDA,CITY I,1497.0
2315,2017,13000,Petrol,Manual,First,20.4,20.4,4.65,MARUTI,SWIFT VXI,1197.0
2316,2012,67000,Diesel,Manual,First,19.33,19.33,5.0,VOLKSWAGEN,JETTA 2012-2014,1968.0
2317,2015,50000,Petrol,Manual,First,18.6,18.6,4.95,HYUNDAI,I20 SPORTZ,1197.0
2318,2014,55000,Diesel,Manual,First,15.1,15.1,9.8,MAHINDRA,XUV500 W8,2179.0
2319,2019,9312,Diesel,Automatic,First,18.0,18.0,78.8,MERCEDES-BENZ,E-CLASS E,2987.0
2320,2015,30458,Petrol,Manual,First,23.1,23.1,2.99,MARUTI,CELERIO LXI,998.0
2321,2014,46000,Petrol,Manual,First,15.04,15.04,4.45,VOLKSWAGEN,VENTO 1.6,1598.0
2322,2011,50000,Petrol,Manual,Second,23.9,23.9,0.75,TATA,NANO XT,624.0
2323,2016,36676,CNG,Manual,First,25.0,25.0,5.0,HYUNDAI,XCENT 1.2,1197.0
2324,2014,72563,Diesel,Manual,Second,22.77,22.77,5.0,FORD,ECOSPORT 1.5,1498.0
2326,2015,58239,Petrol,Automatic,First,14.62,14.62,9.69,HYUNDAI,ELANTRA 2.0,1999.0
2327,2015,57934,Diesel,Manual,First,18.2,18.2,5.5,CHEVROLET,ENJOY 1.3,1248.0
2328,2017,6500000,Diesel,Automatic,First,15.97,15.97,65.0,BMW,X5 XDRIVE,2993.0
2329,2015,63000,Diesel,Manual,First,20.14,20.14,5.11,VOLKSWAGEN,POLO 1.5,1498.0
2330,2012,27014,Petrol,Manual,First,16.25,16.25,2.19,SKODA,FABIA 1.2,1198.0
2331,2012,90906,Diesel,Manual,First,20.54,20.54,4.25,VOLKSWAGEN,VENTO DIESEL,1598.0
2332,2013,61202,Diesel,Automatic,First,11.18,11.18,14.5,MAHINDRA,SSANGYONG REXTON,2696.0
2333,2014,51000,Diesel,Manual,First,19.87,19.87,5.65,NISSAN,TERRANO XL,1461.0
2334,2016,88008,Diesel,Automatic,Second,12.9,12.9,22.5,TOYOTA,FORTUNER 2.8,2755.0
2336,2004,160000,Petrol,Automatic,Second,11.3,11.3,1.5,TOYOTA,COROLLA H4,1794.0
2337,2012,42591,Petrol,Manual,First,20.36,20.36,3.2,HYUNDAI,I10 SPORTZ,1197.0
2338,2012,67000,Diesel,Manual,First,23.0,23.0,4.5,HYUNDAI,I20 1.4,1396.0
2339,2014,48000,Diesel,Manual,Second,25.8,25.8,4.5,HONDA,AMAZE S,1498.0
2340,2014,97000,Diesel,Automatic,First,22.32,22.32,8.0,HYUNDAI,VERNA 1.6,1582.0
2341,2018,10000,Diesel,Automatic,First,17.9,17.9,28.9,MERCEDES-BENZ,GLA CLASS,2143.0
2342,2015,56900,Diesel,Manual,First,20.14,20.14,4.1,VOLKSWAGEN,POLO 1.5,1498.0
2343,2006,74483,Petrol,Automatic,First,0.0,0.0,2.3,HYUNDAI,SANTRO AT,999.0
2344,2017,36152,Petrol,Automatic,First,21.4,21.4,7.22,MARUTI,BALENO ZETA,1197.0
2345,2014,85512,Diesel,Manual,First,22.9,22.9,5.8,MARUTI,SWIFT VDI,1248.0
2346,2013,234000,Diesel,Manual,Second,14.0,14.0,3.5,MAHINDRA,XYLO D2,2489.0
2347,2013,36000,Diesel,Manual,Second,22.7,22.7,6.35,FORD,ECOSPORT 1.5,1498.0
2348,2015,36096,Diesel,Manual,First,15.1,15.1,8.85,MAHINDRA,XUV500 W8,2179.0
2349,2010,111111,Petrol,Manual,Second,18.6,18.6,2.0,CHEVROLET,BEAT LS,1199.0
2350,2012,73000,Petrol,Manual,First,17.01,17.01,5.5,HYUNDAI,VERNA 1.6,1591.0
2351,2014,44300,Petrol,Manual,Second,18.9,18.9,2.3,HYUNDAI,GRAND I10,1197.0
2352,2014,74500,Diesel,Manual,First,19.01,19.01,7.95,RENAULT,DUSTER 110PS,1461.0
2353,2016,21495,Petrol,Manual,First,19.1,19.1,6.16,HYUNDAI,XCENT 1.2,1197.0
2354,2012,59000,Petrol,Manual,First,20.36,20.36,2.85,HYUNDAI,I10 SPORTZ,1197.0
2355,2016,23000,Petrol,Automatic,First,13.7,13.7,25.0,MERCEDES-BENZ,GLA CLASS,1991.0
2356,2008,50135,Diesel,Manual,First,15.8,15.8,10.36,MERCEDES-BENZ,NEW C-CLASS,2148.0
2357,2016,25000,Petrol,Automatic,First,15.04,15.04,26.0,MERCEDES-BENZ,CLA 200,1991.0
2358,2013,47000,Diesel,Manual,First,22.32,22.32,4.35,HYUNDAI,VERNA 1.6,1582.0
2359,2016,150000,Diesel,Manual,First,14.95,14.95,4.5,MAHINDRA,XYLO D2,2489.0
2360,2015,53503,Diesel,Manual,First,26.59,26.59,5.0,MARUTI,SWIFT DZIRE,1248.0
2361,2014,47003,Petrol,Manual,First,20.36,20.36,3.67,HYUNDAI,I10 SPORTZ,1197.0
2362,2014,80000,Diesel,Manual,First,14.0,14.0,6.0,TATA,SAFARI STORME,2179.0
2363,2018,20492,Petrol,Manual,First,18.9,18.9,6.34,HYUNDAI,GRAND I10,1197.0
2364,2012,17000,Petrol,Automatic,Second,16.82,16.82,22.0,MINI,COOPER CONVERTIBLE,1998.0
2365,2006,79000,Petrol,Manual,Second,13.4,13.4,1.67,TOYOTA,COROLLA H5,1794.0
2366,2014,27000,Petrol,Manual,First,14.28,14.28,7.95,TOYOTA,COROLLA ALTIS,1798.0
2367,2018,28786,Petrol,Manual,First,10.4,10.4,9.74,MARUTI,GRAND VITARA,2393.0
2368,2011,143354,Diesel,Manual,Second,16.0,16.0,6.0,MAHINDRA,XUV500 W8,1997.0
2369,2008,56000,Petrol,Manual,Second,19.5,19.5,1.5,MARUTI,ESTILO LXI,1061.0
2370,2013,21000,Petrol,Automatic,First,17.44,17.44,21.5,MINI,COOPER 3,1998.0
2371,2014,29202,CNG,Manual,First,33.54,33.54,3.9,MARUTI,WAGON R,998.0
2372,2009,73000,Diesel,Manual,Second,21.1,21.1,2.35,MARUTI,RITZ VDI,1248.0
2373,2012,74000,Diesel,Manual,Second,22.07,22.07,2.65,VOLKSWAGEN,POLO DIESEL,1199.0
2374,2011,65423,Petrol,Manual,First,20.36,20.36,3.16,HYUNDAI,I10 MAGNA,1197.0
2375,2009,65000,Petrol,Manual,Second,19.0,19.0,2.05,MARUTI,A-STAR VXI,998.0
2376,2013,83875,CNG,Manual,Second,26.6,26.6,2.95,MARUTI,WAGON R,998.0
2377,2014,55277,Petrol,Manual,First,20.51,20.51,3.9,MARUTI,WAGON R,998.0
2378,2017,50808,Diesel,Manual,Second,24.2,24.2,6.68,HONDA,MOBILIO S,1498.0
2379,2017,52000,Petrol,Manual,Second,21.1,21.1,3.5,HYUNDAI,EON ERA,814.0
2380,2017,32000,Petrol,Automatic,First,14.84,14.84,8.11,SKODA,RAPID 1.6,1598.0
2381,2017,25000,Diesel,Manual,First,28.09,28.09,8.3,MARUTI,CIAZ VDI,1248.0
2382,2016,23218,Diesel,Automatic,First,15.26,15.26,45.61,MERCEDES-BENZ,M-CLASS ML,2143.0
2383,2010,84000,Diesel,Automatic,First,20.0,20.0,4.45,SKODA,LAURA ELEGANCE,1968.0
2384,2017,40000,Diesel,Manual,First,24.3,24.3,7.85,MARUTI,VITARA BREZZA,1248.0
2385,2011,17000,LPG,Manual,First,13.45,13.45,3.1,HYUNDAI,SANTRO XING,1086.0
2386,2014,25135,Diesel,Manual,First,24.0,24.0,3.75,HYUNDAI,GRAND I10,1120.0
2387,2017,65000,Diesel,Manual,First,25.47,25.47,7.65,MARUTI,ERTIGA VDI,1248.0
2388,2013,40000,Petrol,Manual,First,17.0,17.0,4.9,HYUNDAI,I20 1.2,1197.0
2389,2018,24500,Diesel,Automatic,First,16.0,16.0,16.52,MAHINDRA,XUV500 AT,2179.0
2390,2016,56674,Petrol,Automatic,First,13.7,13.7,14.05,SKODA,SUPERB ELEGANCE,1798.0
2391,2016,51950,Petrol,Manual,First,20.73,20.73,6.75,MARUTI,CIAZ VXI,1373.0
2392,2016,51000,Diesel,Manual,First,19.67,19.67,9.2,HYUNDAI,CRETA 1.6,1582.0
2393,2012,150000,Diesel,Manual,Third,23.59,23.59,3.0,TOYOTA,ETIOS GD,1364.0
2394,2008,114750,Petrol,Manual,Second,17.0,17.0,2.75,HONDA,CITY 1.5,1497.0
2395,2016,107890,Diesel,Manual,First,13.5,13.5,20.5,FORD,ENDEAVOUR 2.2,2198.0
2396,2012,64000,Diesel,Manual,First,21.9,21.9,4.25,HYUNDAI,I20 2015-2017,1396.0
2397,2016,21460,Petrol,Manual,First,17.0,17.0,6.0,FORD,ECOSPORT 1.5,1497.0
2398,2015,29634,Petrol,Manual,Second,17.0,17.0,6.0,HYUNDAI,I20 1.2,1197.0
2399,2008,52000,Petrol,Manual,First,16.1,16.1,2.41,MARUTI,SWIFT VXI,1298.0
2400,2015,33000,Petrol,Automatic,First,19.0,19.0,7.25,HONDA,JAZZ V,1199.0
2401,2014,89230,Diesel,Manual,First,11.1,11.1,23.65,VOLVO,XC90 2007-2015,2400.0
2402,2016,27000,Petrol,Manual,First,21.4,21.4,6.5,MARUTI,BALENO ALPHA,1197.0
2403,2017,72524,Diesel,Automatic,Second,17.9,17.9,18.06,MERCEDES-BENZ,GLA CLASS,2143.0
2404,2016,73000,Petrol,Manual,First,25.17,25.17,3.2,RENAULT,KWID RXT,799.0
2405,2017,21740,Petrol,Manual,First,18.16,18.16,6.42,FORD,FIGO 2015-2019,1196.0
2406,2015,59000,Diesel,Manual,First,13.0,13.0,23.0,TOYOTA,FORTUNER 4X2,2982.0
2407,2013,83432,Petrol,Manual,First,17.0,17.0,5.9,HONDA,CITY 1.5,1497.0
2408,2014,87200,Diesel,Manual,First,15.4,15.4,7.75,MAHINDRA,SCORPIO S2,2523.0
2409,2012,88000,Diesel,Automatic,First,13.2,13.2,15.0,BMW,3 SERIES,1995.0
2410,2017,48324,Diesel,Manual,First,24.3,24.3,9.0,MARUTI,VITARA BREZZA,1248.0
2411,2011,51000,Petrol,Automatic,First,11.74,11.74,11.5,MERCEDES-BENZ,NEW C-CLASS,1796.0
2412,2012,24000,Petrol,Manual,Second,17.01,17.01,6.2,HYUNDAI,VERNA 1.6,1591.0
2413,2017,20773,Diesel,Manual,First,24.0,24.0,5.92,HYUNDAI,GRAND I10,1186.0
2414,2016,22000,Diesel,Manual,First,20.14,20.14,6.29,VOLKSWAGEN,POLO 1.5,1498.0
2415,2014,66355,Petrol,Manual,First,18.0,18.0,4.12,HONDA,AMAZE S,1198.0
2416,2007,115800,Petrol,Automatic,Third,10.1,10.1,3.8,HONDA,CR-V 2.4,2354.0
2417,2014,41125,Petrol,Manual,First,17.92,17.92,2.7,HYUNDAI,SANTRO XING,1086.0
2418,2017,43812,Diesel,Automatic,First,15.0,15.0,20.28,MERCEDES-BENZ,B CLASS,2143.0
2419,2014,69876,Petrol,Manual,First,18.0,18.0,3.9,HONDA,AMAZE S,1198.0
2420,2014,102000,Diesel,Automatic,Second,12.55,12.55,16.5,TOYOTA,FORTUNER 4X2,2982.0
2421,2011,68000,Petrol,Manual,First,17.01,17.01,3.7,HYUNDAI,VERNA 1.6,1591.0
2422,2016,12000,Diesel,Automatic,First,10.5,10.5,79.0,JAGUAR,XJ 3.0L,2993.0
2423,2013,25000,Diesel,Automatic,First,22.69,22.69,17.99,BMW,3 SERIES,1995.0
2424,2013,51873,Diesel,Manual,First,21.9,21.9,3.9,HYUNDAI,I20 MAGNA,1396.0
2425,2012,72500,Diesel,Manual,First,18.5,18.5,3.12,FORD,FIGO DIESEL,1399.0
2426,2007,83000,Petrol,Manual,First,14.0,14.0,1.65,MARUTI,WAGON R,1061.0
2427,2015,39871,Petrol,Manual,First,19.1,19.1,3.5,HYUNDAI,XCENT 1.2,1197.0
2428,2015,82000,Diesel,Manual,Second,14.02,14.02,4.85,MAHINDRA,XYLO H4,2179.0
2429,2018,23152,Diesel,Automatic,First,19.27,19.27,39.22,MERCEDES-BENZ,NEW C-CLASS,2143.0
2430,2007,71600,Petrol,Manual,Second,20.36,20.36,2.0,HYUNDAI,I10 MAGNA,1197.0
2431,2010,122000,Diesel,Manual,Second,11.5,11.5,10.45,TOYOTA,FORTUNER 3.0,2982.0
2432,2016,29277,Petrol,Automatic,First,19.16,19.16,27.0,TOYOTA,CAMRY HYBRID,2494.0
2433,2011,60000,Diesel,Manual,First,20.0,20.0,2.25,FORD,FIGO DIESEL,1399.0
2434,2014,42000,Petrol,Manual,First,19.1,19.1,3.45,HYUNDAI,XCENT 1.2,1197.0
2435,2016,61823,Petrol,Manual,First,18.6,18.6,6.14,HYUNDAI,I20 SPORTZ,1197.0
2436,2012,53000,LPG,Manual,Second,19.2,19.2,2.85,HYUNDAI,I10 MAGNA,1086.0
2437,2015,75000,CNG,Manual,First,24.6,24.6,3.25,TATA,INDIGO CS,1193.0
2438,2011,110000,Diesel,Manual,First,28.4,28.4,4.0,MARUTI,DZIRE VDI,1248.0
2439,2010,38446,Petrol,Manual,First,17.0,17.0,2.59,HONDA,CITY 1.5,1497.0
2440,2017,33000,Diesel,Manual,First,27.39,27.39,6.96,MARUTI,BALENO DELTA,1248.0
2441,2011,42118,Petrol,Manual,First,18.3,18.3,2.19,TOYOTA,ETIOS LIVA,1197.0
2442,2016,70000,Petrol,Manual,First,21.1,21.1,3.0,HYUNDAI,EON ERA,814.0
2443,2012,68038,Diesel,Manual,First,20.14,20.14,3.6,VOLKSWAGEN,POLO 1.5,1498.0
2444,2014,55012,Diesel,Manual,Second,25.44,25.44,3.7,CHEVROLET,BEAT DIESEL,936.0
2445,2013,55000,Diesel,Automatic,First,22.48,22.48,21.75,BMW,5 SERIES,1995.0
2446,2017,25000,Diesel,Automatic,First,17.9,17.9,45.0,MERCEDES-BENZ,GLC 220D,2143.0
2447,2011,46808,Petrol,Manual,Second,24.07,24.07,3.19,MARUTI,ALTO K10,998.0
2448,2015,65743,Petrol,Manual,First,20.14,20.14,6.2,HYUNDAI,XCENT 1.2,1197.0
2449,2013,64466,Petrol,Manual,First,19.81,19.81,3.96,HYUNDAI,I10 MAGNA,1086.0
2450,2009,75648,Diesel,Manual,First,13.5,13.5,0.82,TATA,INDICA DLS,1405.0
2451,2016,80000,Diesel,Manual,First,23.4,23.4,4.5,MARUTI,SWIFT DZIRE,1248.0
2452,2017,69000,Diesel,Manual,First,25.4,25.4,3.55,HYUNDAI,XCENT 1.2,1186.0
2453,2014,79200,Diesel,Manual,First,22.71,22.71,5.5,NISSAN,SUNNY DIESEL,1461.0
2454,2016,29477,Petrol,Manual,First,15.8,15.8,10.25,HYUNDAI,CRETA 1.6,1591.0
2455,2017,40000,Diesel,Automatic,First,12.9,12.9,30.0,TOYOTA,FORTUNER 2.8,2755.0
2456,2014,25000,Petrol,Manual,Second,18.5,18.5,3.5,MARUTI,RITZ VXI,1197.0
2457,2014,67668,Diesel,Manual,First,23.08,23.08,3.1,RENAULT,PULSE RXL,1461.0
2458,2010,78000,Petrol,Manual,First,17.5,17.5,3.25,SKODA,FABIA 1.2,1198.0
2459,2017,30000,Diesel,Manual,First,23.0,23.0,8.99,FORD,ECOSPORT 1.5,1498.0
2460,2015,70623,Petrol,Manual,First,15.04,15.04,3.99,VOLKSWAGEN,VENTO PETROL,1598.0
2461,2015,54000,Diesel,Manual,Second,19.01,19.01,6.0,NISSAN,TERRANO XV,1461.0
2462,2015,48000,Diesel,Automatic,First,15.73,15.73,18.25,AUDI,Q3 2012-2015,1968.0
2463,2012,62000,Diesel,Manual,First,12.99,12.99,7.75,TOYOTA,INNOVA 2.5,2494.0
2464,2017,47000,Petrol,Manual,Second,17.57,17.57,4.5,TATA,ZEST REVOTRON,1193.0
2465,2014,171000,Diesel,Manual,First,11.5,11.5,16.75,TOYOTA,FORTUNER 3.0,2982.0
2466,2012,108000,Diesel,Automatic,First,16.09,16.09,17.5,BMW,X3 XDRIVE20D,1995.0
2467,2016,41000,Diesel,Manual,First,22.7,22.7,7.7,MARUTI,SX4 S,1598.0
2468,2012,66000,Petrol,Manual,Second,17.0,17.0,4.45,HONDA,CITY 1.5,1497.0
2469,2015,144000,Diesel,Manual,First,26.59,26.59,5.25,MARUTI,SWIFT DZIRE,1248.0
2470,2017,23806,Diesel,Automatic,First,22.69,22.69,33.66,BMW,3 SERIES,1995.0
2471,2013,89000,Petrol,Automatic,Second,19.34,19.34,2.8,NISSAN,MICRA XV,1198.0
2472,2018,38852,Petrol,Automatic,First,21.4,21.4,8.47,MARUTI,BALENO ZETA,1197.0
2473,2018,68737,Diesel,Manual,First,26.21,26.21,9.32,MARUTI,CIAZ ZDI,1248.0
2474,2017,23106,Diesel,Automatic,First,17.9,17.9,27.43,MERCEDES-BENZ,CLA 200,2143.0
2475,2015,31250,Diesel,Manual,First,24.5,24.5,6.5,HONDA,MOBILIO RS,1498.0
2476,2014,77795,Diesel,Manual,First,12.99,12.99,9.5,TOYOTA,INNOVA 2.5,2494.0
2477,2015,47759,Diesel,Automatic,First,14.74,14.74,31.8,JAGUAR,XF 3.0,2993.0
2478,2013,67620,Petrol,Manual,Second,17.6,17.6,4.2,TOYOTA,ETIOS PETROL,1496.0
2479,2013,44378,Diesel,Manual,First,25.44,25.44,3.85,CHEVROLET,BEAT DIESEL,936.0
2480,2012,64709,Petrol,Manual,Second,12.8,12.8,6.0,HONDA,ACCORD 2.4,2354.0
2481,2007,76161,Petrol,Manual,First,19.7,19.7,1.65,MARUTI,ALTO LXI,796.0
2482,2013,58410,Diesel,Automatic,First,19.3,19.3,14.5,SKODA,OCTAVIA AMBITION,1968.0
2483,2011,72000,Diesel,Manual,First,12.8,12.8,7.1,TOYOTA,INNOVA 2.5,2494.0
2484,2016,11000,Diesel,Automatic,First,17.11,17.11,28.0,AUDI,A4 35,1968.0
2485,2017,45362,Diesel,Manual,First,24.3,24.3,9.38,MARUTI,VITARA BREZZA,1248.0
2486,2016,59767,Petrol,Manual,First,18.9,18.9,4.78,HYUNDAI,GRAND I10,1197.0
2487,2003,70000,Petrol,Manual,Second,13.4,13.4,1.7,TOYOTA,COROLLA DX,1794.0
2488,2019,14233,Diesel,Automatic,First,17.6,17.6,17.85,TATA,HEXA XTA,2179.0
2489,2010,72000,Petrol,Manual,Second,17.0,17.0,2.75,HYUNDAI,I20 2015-2017,1197.0
2490,2014,11000,Petrol,Manual,First,17.01,17.01,5.95,HYUNDAI,VERNA 1.6,1591.0
2491,2011,39000,Petrol,Manual,First,14.0,14.0,1.5,MARUTI,OMNI 8,796.0
2492,2019,19855,Petrol,Manual,First,24.7,24.7,3.8,MARUTI,ALTO 800,796.0
2493,2017,20149,Diesel,Automatic,First,19.27,19.27,38.5,MERCEDES-BENZ,NEW C-CLASS,2143.0
2494,2011,70000,Petrol,Manual,First,19.81,19.81,2.15,HYUNDAI,I10 ERA,1086.0
2495,2010,62004,Petrol,Automatic,Second,14.67,14.67,3.75,SKODA,SUPERB STYLE,1798.0
2496,2016,25500,Diesel,Automatic,First,21.5,21.5,8.95,VOLKSWAGEN,VENTO 1.5,1498.0
2497,2013,68800,Diesel,Manual,First,17.8,17.8,5.0,MARUTI,SWIFT VDI,1248.0
2498,2010,61700,Petrol,Manual,First,14.8,14.8,2.95,HONDA,CIVIC 2010-2013,1799.0
2499,2010,59660,Petrol,Automatic,First,12.05,12.05,10.49,BMW,3 SERIES,1995.0
2500,2007,69775,Petrol,Manual,Second,17.92,17.92,1.85,HYUNDAI,SANTRO XING,1086.0
2501,2016,51787,Diesel,Manual,First,17.8,17.8,6.45,MARUTI,SWIFT VDI,1248.0
2502,2009,88000,Petrol,Automatic,First,11.1,11.1,5.25,HONDA,ACCORD 2001-2003,2354.0
2503,2014,47052,Diesel,Manual,First,20.77,20.77,5.99,MARUTI,ERTIGA VDI,1248.0
2504,2015,69749,Diesel,Manual,First,18.6,18.6,3.82,FORD,FIESTA CLASSIC,1388.0
2505,2012,79000,Diesel,Automatic,First,12.07,12.07,39.0,AUDI,Q7 3.0,2967.0
2506,2016,39644,Diesel,Automatic,First,17.11,17.11,25.75,AUDI,A4 35,1968.0
2507,2012,137800,Diesel,Manual,First,22.3,22.3,2.2,TATA,INDICA VISTA,1248.0
2508,2008,120000,Diesel,Manual,Second,18.1,18.1,2.0,HYUNDAI,VERNA CRDI,1493.0
2509,2018,11000,Diesel,Automatic,First,16.1,16.1,56.5,MERCEDES-BENZ,E-CLASS E,1950.0
2510,2014,18600,Diesel,Automatic,Second,22.69,22.69,21.0,BMW,3 SERIES,1995.0
2511,2014,116905,Diesel,Manual,First,24.0,24.0,4.0,HYUNDAI,GRAND I10,1120.0
2512,2011,32824,Petrol,Automatic,First,16.95,16.95,3.83,HYUNDAI,I10 SPORTZ,1197.0
2513,2016,19148,Petrol,Manual,First,16.1,16.1,5.89,MARUTI,SWIFT VXI,1197.0
2514,2010,35008,Petrol,Manual,First,17.92,17.92,1.36,HYUNDAI,SANTRO XING,1086.0
2515,2013,21000,Diesel,Automatic,Second,17.54,17.54,44.0,BMW,6 SERIES,2993.0
2516,2014,53000,CNG,Manual,First,22.1,22.1,3.26,MARUTI,SX4 GREEN,1586.0
2517,2016,36000,Petrol,Manual,First,17.43,17.43,8.0,HYUNDAI,VERNA 1.4,1396.0
2518,2012,56121,Diesel,Manual,First,23.4,23.4,4.25,MARUTI,SWIFT DZIRE,1248.0
2519,2018,30000,Diesel,Manual,First,28.4,28.4,6.0,MARUTI,SWIFT VDI,1248.0
2520,2016,31021,Diesel,Automatic,First,19.5,19.5,16.61,SKODA,OCTAVIA 2.0,1968.0
2521,2013,52600,Diesel,Manual,First,19.6,19.6,7.26,RENAULT,DUSTER 110PS,1461.0
2522,2005,60000,Diesel,Manual,First,10.5,10.5,4.0,MAHINDRA,SCORPIO 2.6,2179.0
2523,2016,44001,Diesel,Automatic,First,18.12,18.12,34.51,BMW,5 SERIES,1995.0
2524,2003,101000,Petrol,Manual,Third,17.3,17.3,0.95,MARUTI,WAGON R,1061.0
2525,2007,84169,Petrol,Manual,First,14.0,14.0,2.2,MARUTI,WAGON R,1061.0
2526,2017,14001,Petrol,Manual,First,18.6,18.6,5.75,HYUNDAI,I20 SPORTZ,1197.0
2527,2005,100000,CNG,Manual,Third,17.0,17.0,1.2,HYUNDAI,SANTRO XING,1086.0
2528,2016,59000,Diesel,Automatic,First,18.0,18.0,36.75,LAND,ROVER DISCOVERY,2993.0
2529,2009,29000,Petrol,Automatic,Second,11.7,11.7,10.0,MERCEDES-BENZ,NEW C-CLASS,1796.0
2531,2012,38800,Diesel,Manual,First,21.64,21.64,4.05,NISSAN,SUNNY 2011-2014,1461.0
2532,2011,98000,Diesel,Automatic,First,12.07,12.07,22.0,AUDI,Q7 3.0,2967.0
2533,2017,20969,Diesel,Automatic,First,17.9,17.9,27.87,MERCEDES-BENZ,CLA 200,2143.0
2534,2018,2900,Diesel,Manual,First,24.3,24.3,8.75,MARUTI,VITARA BREZZA,1248.0
2535,2016,69000,Diesel,Manual,First,19.3,19.3,4.79,MARUTI,SWIFT DZIRE,1248.0
2536,2018,5833,Diesel,Manual,First,21.13,21.13,11.92,SKODA,RAPID 1.5,1498.0
2537,2016,28733,Diesel,Automatic,Second,12.07,12.07,53.11,AUDI,Q7 35,2967.0
2538,2006,145000,Petrol,Manual,First,18.9,18.9,1.15,MARUTI,WAGON R,998.0
2539,2014,71000,Diesel,Manual,First,25.1,25.1,7.45,HONDA,CITY I,1498.0
2540,2017,12000,Petrol,Manual,First,21.1,21.1,3.5,HYUNDAI,EON MAGNA,814.0
2541,2018,21603,Diesel,Automatic,First,13.0,13.0,70.15,MERCEDES-BENZ,E-CLASS 2015-2017,2987.0
2543,2013,58000,Diesel,Automatic,First,13.2,13.2,19.5,BMW,3 SERIES,1995.0
2544,2012,39000,Petrol,Automatic,Second,12.05,12.05,15.0,BMW,3 SERIES,1995.0
2545,2017,37712,Diesel,Manual,First,17.45,17.45,7.57,MAHINDRA,NUVOSPORT N8,1493.0
2546,2012,68000,Petrol,Manual,First,18.5,18.5,4.4,MARUTI,RITZ VXI,1197.0
2547,2016,25000,Diesel,Automatic,First,15.87,15.87,60.0,BMW,X6 XDRIVE,2993.0
2548,2010,30000,Petrol,Manual,First,18.6,18.6,1.6,CHEVROLET,BEAT LT,1199.0
2549,2014,68218,Petrol,Manual,First,19.1,19.1,4.9,MARUTI,SWIFT DZIRE,1197.0
2550,2014,52000,Diesel,Manual,First,20.77,20.77,5.95,MARUTI,ERTIGA ZDI,1248.0
2551,2015,63591,Diesel,Manual,First,20.45,20.45,5.35,RENAULT,DUSTER 85PS,1461.0
2552,2014,57937,Petrol,Automatic,First,15.5,15.5,5.4,HONDA,AMAZE VX,1198.0
2553,2015,21979,Diesel,Automatic,First,17.11,17.11,23.45,AUDI,A4 2.0,1968.0
2554,2002,99000,Diesel,Manual,Second,18.7,18.7,1.9,SKODA,OCTAVIA AMBIENTE,1896.0
2555,2016,62000,Diesel,Manual,First,25.8,25.8,6.1,HONDA,AMAZE E,1498.0
2556,2006,127001,Diesel,Manual,First,12.8,12.8,4.95,TOYOTA,INNOVA 2.5,2494.0
2557,2013,84600,Petrol,Manual,Second,21.1,21.1,2.5,HYUNDAI,EON D,814.0
2558,2018,30953,Petrol,Manual,First,22.7,22.7,3.48,DATSUN,REDI-GO T,799.0
2559,2012,78000,Diesel,Manual,First,22.9,22.9,4.4,MARUTI,SWIFT VDI,1248.0
2560,2008,85000,Diesel,Manual,First,9.5,9.5,7.99,MITSUBISHI,PAJERO 2.8,2835.0
2561,2008,79000,Diesel,Automatic,First,13.1,13.1,10.99,VOLVO,S80 D5,2400.0
2562,2014,79000,Diesel,Automatic,First,12.55,12.55,18.5,TOYOTA,FORTUNER 4X2,2982.0
2563,2018,48188,Diesel,Manual,First,16.3,16.3,21.69,JEEP,COMPASS 2.0,1956.0
2564,2014,67557,Diesel,Manual,First,23.4,23.4,5.17,MARUTI,SWIFT DZIRE,1248.0
2565,2011,103814,Diesel,Manual,Second,22.32,22.32,4.5,HYUNDAI,VERNA 1.6,1582.0
2566,2014,45128,Diesel,Manual,First,12.05,12.05,6.75,MAHINDRA,SCORPIO VLX,2179.0
2567,2013,56075,Petrol,Manual,First,19.81,19.81,3.12,HYUNDAI,I10 ERA,1086.0
2568,2011,166000,Diesel,Manual,First,12.99,12.99,8.25,TOYOTA,INNOVA 2.5,2494.0
2569,2017,65367,Diesel,Automatic,First,11.36,11.36,20.14,TOYOTA,INNOVA CRYSTA,2755.0
2570,2013,114708,Diesel,Manual,First,12.99,12.99,12.6,TOYOTA,INNOVA 2.5,2494.0
2571,2015,35082,Diesel,Manual,First,23.4,23.4,6.61,MARUTI,SWIFT DZIRE,1248.0
2572,2016,38593,Diesel,Automatic,First,17.01,17.01,13.23,HYUNDAI,CRETA 1.6,1582.0
2573,2008,70700,Diesel,Manual,First,12.99,12.99,4.75,TOYOTA,INNOVA 2.5,2494.0
2574,2011,83000,Diesel,Manual,Second,20.54,20.54,2.9,VOLKSWAGEN,VENTO DIESEL,1598.0
2575,2015,120000,Diesel,Manual,First,14.8,14.8,5.5,CHEVROLET,TAVERA LS,2499.0
2576,2014,91586,Diesel,Automatic,Second,11.18,11.18,9.47,MAHINDRA,SSANGYONG REXTON,2696.0
2577,2008,38235,Petrol,Manual,First,20.36,20.36,1.95,HYUNDAI,I10 MAGNA,1197.0
2578,2011,37000,Petrol,Manual,First,20.36,20.36,2.2,HYUNDAI,I10 SPORTZ,1197.0
2579,2006,50888,Petrol,Manual,First,17.0,17.0,1.15,HYUNDAI,SANTRO XING,1086.0
2580,2013,44000,Petrol,Manual,Second,18.0,18.0,4.35,HONDA,AMAZE S,1198.0
2581,2016,54000,Petrol,Automatic,First,23.1,23.1,4.5,MARUTI,CELERIO ZXI,998.0
2582,2013,90000,Petrol,Manual,First,18.9,18.9,3.55,HYUNDAI,GRAND I10,1197.0
2583,2015,35000,Diesel,Manual,First,19.3,19.3,4.75,MARUTI,SWIFT DZIRE,1248.0
2584,2012,47324,Petrol,Manual,Second,20.36,20.36,4.52,HYUNDAI,I10 SPORTZ,1197.0
2585,2012,65148,Diesel,Automatic,First,15.06,15.06,12.75,BMW,X1 SDRIVE,1995.0
2586,2014,57773,Diesel,Automatic,Second,17.11,17.11,20.04,AUDI,A4 2.0,1968.0
2587,2014,87000,Diesel,Manual,First,20.45,20.45,6.5,NISSAN,TERRANO XL,1461.0
2588,2007,179032,Diesel,Manual,First,11.56,11.56,7.5,MITSUBISHI,MONTERO 3.2,3200.0
2589,2016,8000,Petrol,Automatic,First,22.5,22.5,4.15,MARUTI,WAGON R,998.0
2590,2007,77000,Petrol,Manual,First,13.5,13.5,2.5,HONDA,CIVIC 2006-2010,1799.0
2591,2016,20600,Petrol,Manual,First,18.6,18.6,5.4,HYUNDAI,I20 2015-2017,1197.0
2592,2016,13198,Petrol,Manual,First,24.07,24.07,3.15,MARUTI,ALTO K10,998.0
2593,2015,21000,Diesel,Automatic,Second,12.07,12.07,52.5,AUDI,Q7 35,2967.0
2594,2016,38000,Petrol,Manual,First,18.6,18.6,5.95,HYUNDAI,I20 SPORTZ,1197.0
2595,2019,15379,Petrol,Automatic,First,23.84,23.84,6.97,TATA,TIAGO AMT,1199.0
2596,2011,60000,Petrol,Manual,First,20.36,20.36,3.2,HYUNDAI,I10 SPORTZ,1197.0
2597,2007,70000,Petrol,Manual,First,0.0,0.0,1.12,HYUNDAI,SANTRO XING,1086.0
2598,2013,75371,Diesel,Manual,First,20.46,20.46,6.69,RENAULT,DUSTER 85PS,1461.0
2599,2014,60000,Diesel,Manual,Second,13.49,13.49,5.9,TATA,XENON XT,2179.0
2600,2009,30675,Petrol,Manual,First,18.5,18.5,2.25,HYUNDAI,I20 MAGNA,1197.0
2601,2013,22000,Diesel,Manual,First,23.4,23.4,4.5,MARUTI,SWIFT DZIRE,1248.0
2602,2015,55000,Petrol,Manual,First,22.0,22.0,2.61,HYUNDAI,EON MAGNA,814.0
2603,2010,74213,Diesel,Automatic,First,14.84,14.84,11.5,MERCEDES-BENZ,NEW C-CLASS,2143.0
2604,2016,15000,Petrol,Automatic,First,16.82,16.82,35.0,MINI,COOPER CONVERTIBLE,1998.0
2605,2010,57000,Petrol,Manual,First,26.0,26.0,0.5,TATA,NANO CX,624.0
2606,2015,62144,Diesel,Manual,Second,26.21,26.21,5.75,MARUTI,CIAZ ZDI,1248.0
2607,2017,50000,Diesel,Manual,First,22.0,22.0,11.5,HYUNDAI,VERNA CRDI,1582.0
2608,2015,38000,Petrol,Manual,First,21.1,21.1,2.75,HYUNDAI,EON ERA,814.0
2609,2016,30000,Diesel,Automatic,Second,18.12,18.12,31.5,BMW,5 SERIES,1995.0
2610,2016,38735,Petrol,Manual,First,19.4,19.4,4.92,HONDA,BRIO S,1198.0
2611,2012,23598,Diesel,Manual,First,23.2,23.2,3.52,MARUTI,RITZ VDI,1248.0
2612,2014,70000,Diesel,Automatic,First,18.88,18.88,17.55,BMW,3 SERIES,1995.0
2613,2016,39000,Diesel,Manual,First,26.59,26.59,5.8,MARUTI,SWIFT DZIRE,1248.0
2614,2013,84175,Diesel,Manual,First,23.4,23.4,6.95,MARUTI,SWIFT DZIRE,1248.0
2615,2013,45000,Petrol,Manual,First,16.95,16.95,2.4,RENAULT,SCALA RXL,1498.0
2616,2013,59302,Diesel,Automatic,First,14.39,14.39,5.25,CHEVROLET,CRUZE LTZ,1998.0
2617,2012,55002,Petrol,Manual,First,17.5,17.5,4.25,MARUTI,SWIFT DZIRE,1298.0
2618,2008,128813,Diesel,Manual,First,19.09,19.09,1.5,TATA,INDIGO CS,1396.0
2619,2016,46522,Diesel,Manual,First,24.0,24.0,4.5,HYUNDAI,GRAND I10,1120.0
2620,2014,180000,Diesel,Manual,First,22.3,22.3,2.5,TATA,INDICA VISTA,1248.0
2621,2006,89326,Diesel,Manual,Third,17.8,17.8,1.55,FORD,FIESTA 1.4,1399.0
2622,2016,54000,Diesel,Manual,First,19.87,19.87,6.5,RENAULT,DUSTER 85PS,1461.0
2624,2015,66337,Diesel,Manual,First,24.0,24.0,4.96,HYUNDAI,GRAND I10,1120.0
2625,2012,60000,Petrol,Manual,First,19.4,19.4,3.25,HONDA,BRIO S,1198.0
2626,2010,38001,Petrol,Automatic,First,12.3,12.3,8.5,AUDI,A4 1.8,1781.0
2627,2014,73000,Petrol,Manual,Second,24.7,24.7,2.75,MARUTI,ALTO 800,796.0
2628,2011,61000,Petrol,Manual,Second,16.2,16.2,3.4,HYUNDAI,VERNA TRANSFORM,1599.0
2629,2013,120000,Diesel,Manual,First,20.77,20.77,7.0,MARUTI,ERTIGA ZDI,1248.0
2630,2012,71787,Petrol,Manual,First,12.9,12.9,3.21,CHEVROLET,OPTRA MAGNUM,1598.0
2631,2016,11554,Diesel,Manual,First,19.67,19.67,14.25,HYUNDAI,CRETA 1.6,1582.0
2632,2014,90000,Diesel,Manual,First,20.34,20.34,6.5,VOLKSWAGEN,VENTO 1.5,1498.0
2633,2014,48104,Petrol,Manual,First,17.4,17.4,5.49,HONDA,CITY I,1497.0
2634,2005,91000,Petrol,Manual,Third,16.8,16.8,0.8,HYUNDAI,GETZ GLS,1341.0
2635,2007,58815,Petrol,Manual,First,17.0,17.0,1.99,HYUNDAI,SANTRO XING,1086.0
2636,2015,33931,Petrol,Automatic,Second,18.9,18.9,5.91,HYUNDAI,GRAND I10,1197.0
2637,2019,13916,Petrol,Manual,First,18.9,18.9,6.44,HYUNDAI,GRAND I10,1197.0
2638,2012,90400,CNG,Manual,First,26.2,26.2,2.9,MARUTI,WAGON R,998.0
2639,2015,14000,Petrol,Manual,First,18.9,18.9,4.6,HYUNDAI,GRAND I10,1197.0
2640,2007,121000,Diesel,Manual,Second,17.8,17.8,2.35,MARUTI,SWIFT VDI,1248.0
2641,2016,17560,Petrol,Manual,First,18.6,18.6,7.21,HYUNDAI,I20 ASTA,1197.0
2642,2016,60000,Diesel,Manual,First,19.87,19.87,8.0,RENAULT,DUSTER 85PS,1461.0
2643,2009,88096,Diesel,Manual,Second,19.3,19.3,3.5,MARUTI,SWIFT DZIRE,1248.0
2644,2008,178280,Diesel,Manual,First,12.8,12.8,5.9,TOYOTA,INNOVA 2.5,2494.0
2645,2015,19963,Petrol,Manual,Second,25.4,25.4,1.74,TATA,NANO TWIST,624.0
2646,2019,1000,Petrol,Manual,First,18.12,18.12,6.8,FORD,FIGO 2015-2019,1196.0
2647,2017,8000,Petrol,Manual,First,18.6,18.6,7.5,HYUNDAI,I20 1.2,1197.0
2648,2016,9200,Petrol,Manual,First,15.4,15.4,8.0,HONDA,BRV I-VTEC,1497.0
2649,2015,29000,Diesel,Manual,First,27.4,27.4,5.99,HONDA,AMAZE S,1498.0
2650,2017,27000,Diesel,Manual,First,19.67,19.67,12.9,HYUNDAI,CRETA 1.6,1582.0
2651,2018,22900,Petrol,Manual,First,21.4,21.4,7.0,MARUTI,BALENO ZETA,1197.0
2652,2014,50000,Diesel,Automatic,First,14.16,14.16,35.0,AUDI,Q5 2.0,1968.0
2653,2015,60207,Diesel,Manual,First,25.8,25.8,5.5,HONDA,AMAZE S,1498.0
2654,2010,101119,Diesel,Automatic,First,11.0,11.0,18.46,BMW,X5 3.0D,2993.0
2655,2010,42000,Petrol,Manual,First,15.6,15.6,2.4,FORD,FIGO PETROL,1196.0
2656,2002,93000,Petrol,Manual,Third,18.9,18.9,1.0,MARUTI,WAGON R,998.0
2657,2012,60000,Petrol,Manual,Second,19.81,19.81,2.65,HYUNDAI,I10 ERA,1086.0
2658,2015,66122,Diesel,Automatic,First,21.66,21.66,5.96,SKODA,RAPID 1.5,1498.0
2659,2015,25100,Diesel,Automatic,First,17.85,17.85,75.0,PORSCHE,PANAMERA DIESEL,2967.0
2660,2017,24733,Petrol,Automatic,First,15.04,15.04,27.15,MERCEDES-BENZ,CLA 200,1991.0
2661,2008,41000,Petrol,Automatic,Second,10.4,10.4,10.5,AUDI,A6 2.8,2773.0
2662,2015,30000,Petrol,Manual,First,20.73,20.73,6.7,MARUTI,CIAZ ZXI,1373.0
2663,2013,36000,Diesel,Manual,First,22.7,22.7,4.9,FORD,ECOSPORT 1.5,1498.0
2664,2017,40279,Diesel,Manual,First,16.5,16.5,8.0,MAHINDRA,BOLERO MHAWK,1493.0
2665,2018,46805,Petrol,Manual,First,24.07,24.07,3.63,MARUTI,ALTO K10,998.0
2666,2015,60000,Petrol,Manual,First,17.5,17.5,4.8,MARUTI,SWIFT DZIRE,1197.0
2667,2017,100000,Petrol,Manual,First,17.57,17.57,4.25,TATA,ZEST REVOTRON,1193.0
2669,2018,51530,Diesel,Automatic,First,10.91,10.91,30.27,FORD,ENDEAVOUR 3.2,3198.0
2670,2013,81456,Diesel,Manual,First,15.8,15.8,14.25,MERCEDES-BENZ,NEW C-CLASS,2148.0
2671,2012,37229,Petrol,Automatic,First,16.95,16.95,3.41,HYUNDAI,I10 SPORTZ,1197.0
2672,2009,73200,Petrol,Manual,First,17.0,17.0,2.78,HONDA,CITY 1.5,1497.0
2673,2015,71826,Diesel,Automatic,First,19.3,19.3,15.5,SKODA,OCTAVIA ELEGANCE,1968.0
2674,2017,129000,Diesel,Manual,First,25.0,25.0,3.0,TATA,INDICA V2,1396.0
2675,2012,82000,Petrol,Manual,First,18.9,18.9,2.3,MARUTI,WAGON R,998.0
2676,2017,40459,Diesel,Manual,First,19.67,19.67,13.28,HYUNDAI,CRETA 1.6,1582.0
2677,2009,61964,Petrol,Manual,First,19.0,19.0,2.25,MARUTI,A-STAR LXI,998.0
2678,2011,15466,Petrol,Manual,First,22.5,22.5,3.36,MARUTI,WAGON R,998.0
2679,2014,23000,Petrol,Manual,First,17.3,17.3,4.25,HONDA,MOBILIO E,1497.0
2680,2012,43766,Petrol,Manual,First,20.36,20.36,4.3,HYUNDAI,I10 MAGNA,1197.0
2681,2010,54000,Petrol,Automatic,First,0.0,0.0,6.0,SKODA,SUPERB 3.6,3597.0
2682,2018,18521,Diesel,Manual,First,22.54,22.54,9.18,HYUNDAI,I20 1.4,1396.0
2683,2017,26400,Petrol,Manual,First,23.1,23.1,4.99,MARUTI,CELERIO ZXI,998.0
2684,2011,31900,Petrol,Manual,First,13.4,13.4,3.75,SKODA,LAURA 1.8,1798.0
2685,2010,39000,Diesel,Manual,First,20.0,20.0,2.5,FORD,FIGO DIESEL,1399.0
2686,2016,45671,Diesel,Manual,First,27.3,27.3,7.2,HONDA,JAZZ 1.5,1498.0
2687,2016,39500,Diesel,Automatic,First,15.0,15.0,29.5,MERCEDES-BENZ,E-CLASS 2015-2017,2143.0
2688,2015,54000,Diesel,Automatic,First,17.9,17.9,17.55,MERCEDES-BENZ,GLA CLASS,2143.0
2689,2012,20000,Diesel,Automatic,First,18.5,18.5,12.0,VOLVO,S60 D3,1985.0
2690,2009,55000,Diesel,Automatic,First,11.8,11.8,13.5,AUDI,A8 L,2967.0
2691,2014,48000,Diesel,Automatic,First,22.32,22.32,5.1,HYUNDAI,VERNA 1.6,1582.0
2692,2011,70000,Diesel,Automatic,First,22.69,22.69,10.3,BMW,3 SERIES,1995.0
2693,2014,62000,Diesel,Manual,First,22.32,22.32,5.7,HYUNDAI,VERNA 1.6,1582.0
2694,2014,41994,Petrol,Manual,First,22.5,22.5,3.41,MARUTI,WAGON R,998.0
2695,2010,108882,Diesel,Manual,Second,20.0,20.0,2.4,FORD,FIGO DIESEL,1399.0
2696,2017,24806,Petrol,Manual,First,18.15,18.15,5.6,MAHINDRA,KUV 100,1198.0
2697,2006,160000,Diesel,Manual,First,17.0,17.0,1.0,TATA,INDIGO LS,1405.0
2698,2017,30000,Diesel,Automatic,First,18.49,18.49,8.2,MAHINDRA,TUV 300,1493.0
2699,2015,51000,Diesel,Automatic,First,15.17,15.17,27.5,AUDI,Q3 35,1968.0
2700,2015,64876,Petrol,Manual,First,21.5,21.5,3.5,MARUTI,WAGON R,1197.0
2701,2016,70536,CNG,Manual,First,31.79,31.79,4.58,MARUTI,CELERIO CNG,998.0
2702,2017,25299,Diesel,Manual,First,24.3,24.3,10.34,MARUTI,VITARA BREZZA,1248.0
2703,2006,89869,Diesel,Manual,First,12.7,12.7,3.25,MAHINDRA,SCORPIO DX,2609.0
2704,2007,103515,Diesel,Manual,Third,12.6,12.6,5.0,HYUNDAI,TUCSON CRDI,1991.0
2705,2008,68282,Petrol,Manual,First,17.92,17.92,2.25,HYUNDAI,SANTRO XING,1086.0
2706,2014,60033,Diesel,Automatic,First,18.18,18.18,51.52,PORSCHE,PANAMERA DIESEL,2967.0
2707,2018,51921,Diesel,Manual,First,24.3,24.3,8.62,MARUTI,VITARA BREZZA,1248.0
2708,2017,18414,Diesel,Manual,First,23.4,23.4,7.25,MARUTI,SWIFT DZIRE,1248.0
2709,2016,40866,Petrol,Manual,First,19.5,19.5,5.47,HONDA,AMAZE V,1199.0
2710,2014,55001,Diesel,Automatic,First,16.36,16.36,31.0,JAGUAR,XF 2.2,2179.0
2711,2017,20469,Petrol,Automatic,First,16.82,16.82,35.98,MINI,COOPER CONVERTIBLE,1998.0
2712,2017,8500,Petrol,Manual,First,21.1,21.1,3.42,HYUNDAI,EON ERA,814.0
2713,2008,45000,Diesel,Automatic,Second,16.77,16.77,11.5,AUDI,A6 3.0,2967.0
2714,2016,6000,Petrol,Manual,First,17.19,17.19,7.25,HYUNDAI,I20 ACTIVE,1197.0
2715,2018,11000,Diesel,Manual,First,28.4,28.4,8.0,MARUTI,SWIFT AMT,1248.0
2716,2015,80064,Diesel,Manual,First,22.7,22.7,7.33,FORD,ECOSPORT 1.5,1498.0
2717,2016,29930,Petrol,Manual,First,18.9,18.9,3.35,MARUTI,WAGON R,998.0
2718,2013,49105,Diesel,Manual,First,20.34,20.34,4.4,VOLKSWAGEN,VENTO 1.5,1498.0
2719,2012,55000,Petrol,Manual,First,17.6,17.6,2.99,TOYOTA,ETIOS VX,1496.0
2720,2015,23000,Petrol,Manual,First,18.7,18.7,5.6,HONDA,JAZZ 1.2,1199.0
2721,2016,54727,Diesel,Manual,First,20.14,20.14,6.63,VOLKSWAGEN,CROSSPOLO 1.5,1498.0
2722,2018,31426,Diesel,Manual,First,21.66,21.66,7.9,VOLKSWAGEN,AMEO 1.5,1498.0
2723,2015,53442,Petrol,Manual,First,16.8,16.8,7.0,HONDA,CITY V,1497.0
2724,2014,28000,Petrol,Automatic,First,16.5,16.5,4.95,HONDA,BRIO VX,1198.0
2725,2017,13412,Petrol,Automatic,First,14.3,14.3,9.19,SKODA,RAPID 1.6,1598.0
2726,2011,70000,Diesel,Manual,First,16.8,16.8,5.1,HYUNDAI,VERNA CRDI,1493.0
2727,2015,81310,Diesel,Manual,First,21.19,21.19,5.9,HYUNDAI,I20 ACTIVE,1396.0
2728,2019,13574,Petrol,Automatic,First,21.4,21.4,9.51,MARUTI,BALENO ALPHA,1197.0
2729,2008,75000,Petrol,Manual,Second,11.1,11.1,3.9,HONDA,CR-V 2.4L,2354.0
2730,2014,58310,Petrol,Manual,Second,19.1,19.1,5.39,MARUTI,SWIFT DZIRE,1197.0
2731,2009,90000,Diesel,Manual,Second,19.3,19.3,3.0,MARUTI,SWIFT DZIRE,1248.0
2732,2012,83000,Diesel,Manual,First,23.4,23.4,4.3,MARUTI,SWIFT DZIRE,1248.0
2733,2017,37282,Petrol,Manual,First,20.85,20.85,6.75,MARUTI,SWIFT DZIRE,1197.0
2734,2017,23000,Petrol,Manual,First,18.9,18.9,4.5,HYUNDAI,GRAND I10,1197.0
2735,2010,82000,Diesel,Manual,First,17.8,17.8,2.75,FORD,FIESTA 1.4,1399.0
2736,2016,31000,Diesel,Manual,First,23.9,23.9,9.0,HYUNDAI,VERNA 1.6,1582.0
2738,2014,45001,Diesel,Manual,Second,20.0,20.0,2.55,FORD,FIGO DIESEL,1399.0
2739,2014,50446,Diesel,Manual,First,21.12,21.12,3.54,TATA,MANZA AQUA,1248.0
2740,2009,89000,Petrol,Manual,First,13.5,13.5,4.25,HONDA,CIVIC 2006-2010,1799.0
2741,2007,72000,Petrol,Manual,Second,19.7,19.7,1.2,MARUTI,ALTO LX,796.0
2742,2013,90000,Diesel,Automatic,First,22.48,22.48,19.5,BMW,5 SERIES,1995.0
2743,2015,76000,Diesel,Manual,Second,16.0,16.0,12.0,MAHINDRA,XUV500 W8,2179.0
2744,2012,78401,Diesel,Manual,First,23.2,23.2,3.9,MARUTI,RITZ VDI,1248.0
2745,2017,38426,Diesel,Manual,First,24.3,24.3,9.13,MARUTI,VITARA BREZZA,1248.0
2746,2011,45000,Petrol,Manual,First,15.1,15.1,2.25,MARUTI,EECO 7,1196.0
2747,2012,83000,Petrol,Manual,First,17.5,17.5,3.25,MARUTI,SWIFT DZIRE,1197.0
2748,2017,50170,Diesel,Automatic,First,17.01,17.01,14.79,HYUNDAI,CRETA 1.6,1582.0
2749,2010,37822,Petrol,Manual,First,22.5,22.5,2.35,MARUTI,WAGON R,998.0
2750,2015,33517,Diesel,Manual,First,27.62,27.62,3.1,MARUTI,CELERIO ZDI,793.0
2751,2014,110000,Diesel,Automatic,First,13.01,13.01,12.9,HYUNDAI,SANTA FE,2199.0
2752,2017,60000,Petrol,Manual,First,21.1,21.1,2.5,HYUNDAI,EON D,814.0
2753,2013,92408,Petrol,Manual,First,18.5,18.5,3.65,HYUNDAI,I20 SPORTZ,1197.0
2754,2014,45000,Petrol,Manual,First,17.1,17.1,7.5,HYUNDAI,VERNA 1.6,1591.0
2755,2013,33793,Petrol,Manual,First,18.4,18.4,3.74,HONDA,BRIO S,1198.0
2756,2017,26327,Petrol,Manual,First,20.4,20.4,5.86,MARUTI,SWIFT VXI,1197.0
2757,2018,20604,Diesel,Automatic,First,19.27,19.27,39.62,MERCEDES-BENZ,NEW C-CLASS,2143.0
2758,2018,61386,Diesel,Manual,First,25.2,25.2,7.05,MARUTI,SWIFT VDI,1248.0
2759,2018,11500,Diesel,Automatic,First,28.4,28.4,7.5,MARUTI,SWIFT AMT,1248.0
2760,2012,58000,Diesel,Manual,First,25.44,25.44,2.1,CHEVROLET,BEAT DIESEL,936.0
2761,2014,38000,Petrol,Automatic,First,13.7,13.7,11.6,SKODA,SUPERB ELEGANCE,1798.0
2762,2012,49000,Diesel,Automatic,Second,14.84,14.84,19.25,MERCEDES-BENZ,NEW C-CLASS,2143.0
2763,2017,72202,Diesel,Manual,First,13.68,13.68,17.92,TOYOTA,INNOVA CRYSTA,2393.0
2764,2016,7000,Petrol,Manual,First,20.36,20.36,3.6,HYUNDAI,I10 SPORTZ,1197.0
2765,2014,20000,Diesel,Manual,Second,25.8,25.8,4.5,HONDA,AMAZE S,1498.0
2766,2017,14061,Diesel,Manual,First,21.9,21.9,7.4,HYUNDAI,I20 MAGNA,1396.0
2767,2018,30706,Diesel,Automatic,First,11.57,11.57,59.29,MERCEDES-BENZ,GLE 350D,2987.0
2768,2011,51387,Diesel,Manual,First,12.05,12.05,5.5,MAHINDRA,SCORPIO 2009-2014,2179.0
2769,2006,44000,Petrol,Manual,Second,15.3,15.3,1.75,HYUNDAI,GETZ GLE,1341.0
2770,2016,12208,Petrol,Manual,First,21.4,21.4,6.75,MARUTI,BALENO ALPHA,1197.0
2771,2011,55000,Diesel,Manual,First,16.52,16.52,3.95,CHEVROLET,OPTRA MAGNUM,1991.0
2772,2011,61600,Petrol,Manual,First,17.1,17.1,4.2,HYUNDAI,VERNA 1.6,1591.0
2773,2016,28414,Petrol,Manual,First,17.0,17.0,8.4,HONDA,CITY 1.5,1497.0
2774,2017,27853,Petrol,Automatic,First,17.21,17.21,8.25,VOLKSWAGEN,POLO GT,1197.0
2775,2013,55116,Petrol,Manual,First,19.4,19.4,3.31,HONDA,BRIO E,1198.0
2776,2017,26000,Diesel,Manual,First,26.59,26.59,7.5,MARUTI,SWIFT DZIRE,1248.0
2777,2012,45496,Petrol,Manual,First,17.0,17.0,4.75,HONDA,CITY 1.5,1497.0
2778,2013,76000,Diesel,Automatic,Second,11.18,11.18,8.79,MAHINDRA,SSANGYONG REXTON,2696.0
2779,2014,136000,Petrol,Manual,First,13.1,13.1,9.5,SKODA,SUPERB ELEGANCE,1798.0
2781,2010,38127,Petrol,Manual,First,19.7,19.7,1.55,MARUTI,ALTO LXI,796.0
2782,2014,82450,Diesel,Manual,First,23.0,23.0,5.85,HYUNDAI,I20 ASTA,1396.0
2783,2014,62497,Petrol,Manual,First,15.8,15.8,7.52,FORD,ECOSPORT 1.5,1499.0
2784,2011,86732,Diesel,Manual,First,23.08,23.08,3.6,NISSAN,MICRA DIESEL,1461.0
2785,2016,27969,Petrol,Manual,First,19.4,19.4,4.73,HONDA,BRIO E,1198.0
2786,2013,66372,Diesel,Automatic,First,11.18,11.18,10.5,MAHINDRA,SSANGYONG REXTON,2696.0
2787,2013,73525,Diesel,Automatic,First,16.46,16.46,34.54,BMW,7 SERIES,2993.0
2788,2018,20689,Petrol,Manual,First,18.9,18.9,6.07,HYUNDAI,GRAND I10,1197.0
2789,2018,25093,Petrol,Manual,First,21.4,21.4,7.76,MARUTI,BALENO DELTA,1197.0
2790,2016,49176,Diesel,Manual,First,11.68,11.68,7.46,MAHINDRA,XYLO E8,2498.0
2791,2012,87510,Diesel,Manual,First,21.8,21.8,3.49,RENAULT,FLUENCE DIESEL,1461.0
2792,2012,38214,Petrol,Manual,Second,18.5,18.5,4.05,HYUNDAI,I20 1.2,1197.0
2793,2013,48986,Diesel,Manual,First,10.5,10.5,11.88,MITSUBISHI,PAJERO 2.8,2835.0
2794,2011,88000,Petrol,Automatic,First,14.53,14.53,6.45,TOYOTA,COROLLA ALTIS,1794.0
2795,2015,69002,Diesel,Automatic,First,15.97,15.97,50.0,BMW,X5 X5,2993.0
2796,2011,43706,Petrol,Automatic,First,10.9,10.9,9.0,BMW,3 SERIES,2497.0
2797,2016,58671,Diesel,Automatic,First,17.01,17.01,14.25,HYUNDAI,CRETA 1.6,1582.0
2798,2017,49404,Diesel,Manual,First,18.49,18.49,7.36,MAHINDRA,TUV 300,1493.0
2799,2010,72000,Diesel,Manual,First,12.05,12.05,4.4,MAHINDRA,SCORPIO VLX,2179.0
2800,2016,24000,Petrol,Manual,First,25.17,25.17,3.1,RENAULT,KWID RXT,799.0
2801,2017,53285,Petrol,Automatic,First,22.5,22.5,4.28,RENAULT,KWID 1.0,999.0
2802,2017,12000,Petrol,Manual,First,16.1,16.1,5.5,MARUTI,SWIFT VXI,1197.0
2803,2012,45000,Diesel,Automatic,First,17.0,17.0,6.99,SKODA,LAURA 1.9,1896.0
2804,2018,26234,Petrol,Manual,First,24.7,24.7,4.29,MARUTI,ALTO 800,796.0
2805,2014,55000,Petrol,Manual,First,18.6,18.6,4.2,MARUTI,SWIFT VXI,1197.0
2806,2012,90000,Diesel,Manual,First,23.0,23.0,4.11,HYUNDAI,I20 1.4,1396.0
2807,2015,48000,Diesel,Automatic,First,15.73,15.73,18.75,AUDI,Q3 2012-2015,1968.0
2808,2017,19863,Diesel,Automatic,First,11.57,11.57,64.95,MERCEDES-BENZ,GLE 350D,2987.0
2809,2010,55000,Petrol,Manual,Second,19.81,19.81,1.59,HYUNDAI,I10 ERA,1086.0
2810,2016,4800,Petrol,Manual,First,20.51,20.51,3.6,MARUTI,WAGON R,998.0
2811,2017,38607,Petrol,Manual,Second,17.8,17.8,7.87,HONDA,CITY I,1497.0
2812,2018,3958,Petrol,Manual,First,18.9,18.9,5.55,HYUNDAI,GRAND I10,1197.0
2813,2014,74000,Diesel,Manual,Second,25.1,25.1,6.4,HONDA,CITY I,1498.0
2814,2009,54540,Petrol,Manual,Third,17.5,17.5,2.65,MARUTI,SWIFT DZIRE,1298.0
2815,2015,58400,Petrol,Manual,First,17.5,17.5,5.5,MARUTI,SWIFT DZIRE,1298.0
2816,2013,73648,Diesel,Manual,First,15.1,15.1,7.31,MAHINDRA,XUV500 W8,2179.0
2817,2016,83000,Diesel,Manual,First,28.09,28.09,7.1,MARUTI,CIAZ ZDI,1248.0
2818,2016,16159,Diesel,Manual,First,22.32,22.32,7.83,HYUNDAI,VERNA 1.6,1582.0
2819,2005,150000,Diesel,Manual,First,13.1,13.1,0.85,HYUNDAI,ACCENT CRDI,1493.0
2820,2014,22100,Petrol,Manual,First,19.4,19.4,3.55,HONDA,BRIO S,1198.0
2821,2017,35043,Petrol,Manual,First,17.19,17.19,8.19,HYUNDAI,I20 ACTIVE,1197.0
2822,2018,24000,Diesel,Automatic,First,18.88,18.88,28.0,BMW,3 SERIES,1995.0
2823,2015,480000,Diesel,Automatic,First,16.96,16.96,13.0,VOLKSWAGEN,JETTA 2013-2015,1968.0
2824,2011,70000,Petrol,Manual,Second,15.26,15.26,3.29,VOLKSWAGEN,POLO PETROL,1598.0
2825,2015,13769,Petrol,Manual,Second,16.1,16.1,4.41,MARUTI,SWIFT VXI,1197.0
2826,2013,58000,Diesel,Manual,First,19.01,19.01,4.99,RENAULT,DUSTER 110PS,1461.0
2827,2009,58000,Diesel,Automatic,First,18.56,18.56,17.98,BMW,X3 XDRIVE,1995.0
2828,2018,18705,Diesel,Manual,First,20.5,20.5,7.71,FIAT,AVVENTURA MULTIJET,1248.0
2829,2013,32378,Petrol,Manual,First,20.51,20.51,2.8,MARUTI,WAGON R,998.0
2830,2013,45000,Diesel,Manual,First,22.1,22.1,3.0,CHEVROLET,SAIL HATCHBACK,1248.0
2831,2015,36836,Diesel,Manual,First,15.1,15.1,12.49,MAHINDRA,XUV500 W8,2179.0
2832,2016,54199,Diesel,Manual,First,23.0,23.0,5.0,TATA,ZEST QUADRAJET,1248.0
2833,2017,36935,Diesel,Automatic,First,18.56,18.56,32.64,BMW,X3 XDRIVE20D,1995.0
2834,2015,23000,Diesel,Manual,First,25.2,25.2,6.5,MARUTI,SWIFT VDI,1248.0
2835,2015,14000,Diesel,Automatic,First,18.12,18.12,35.0,BMW,5 SERIES,1995.0
2836,2015,100073,Diesel,Manual,Second,25.0,25.0,2.0,TATA,INDIGO CS,1396.0
2837,2015,59182,Diesel,Manual,First,15.1,15.1,9.46,MAHINDRA,XUV500 W8,2179.0
2838,2016,72132,Diesel,Automatic,Second,12.07,12.07,39.0,AUDI,Q7 35,2967.0
2839,2009,79000,Diesel,Automatic,First,18.48,18.48,15.0,BMW,5 SERIES,1995.0
2840,2013,66930,Petrol,Manual,First,17.1,17.1,6.15,HYUNDAI,VERNA 1.6,1591.0
2841,2015,100000,Diesel,Automatic,Second,13.01,13.01,14.5,HYUNDAI,SANTA FE,2199.0
2843,2018,27413,Petrol,Automatic,First,20.51,20.51,5.18,MARUTI,WAGON R,998.0
2844,2007,90000,Petrol,Manual,Second,17.3,17.3,1.24,MARUTI,WAGON R,1061.0
2845,2013,40300,Petrol,Manual,First,18.5,18.5,2.8,HYUNDAI,I20 SPORTZ,1197.0
2846,2011,73783,Petrol,Automatic,Second,13.7,13.7,5.23,SKODA,SUPERB ELEGANCE,1798.0
2847,2005,86000,Petrol,Manual,Second,15.3,15.3,0.45,HYUNDAI,GETZ GLS,1341.0
2848,2014,65694,Petrol,Manual,First,18.9,18.9,3.25,MARUTI,WAGON R,998.0
2849,2015,23000,Petrol,Manual,First,16.8,16.8,1.5,MARUTI,OMNI MPI,796.0
2850,2012,51000,Petrol,Manual,First,20.36,20.36,2.85,HYUNDAI,I10 MAGNA,1197.0
2851,2018,18335,Petrol,Manual,First,21.7,21.7,4.5,RENAULT,KWID 1.0,999.0
2852,2014,36000,Diesel,Automatic,First,15.0,15.0,16.25,MERCEDES-BENZ,B CLASS,2147.0
2853,2017,25000,Petrol,Automatic,First,17.21,17.21,7.75,VOLKSWAGEN,POLO GT,1197.0
2854,2007,81000,Diesel,Manual,Third,12.05,12.05,4.35,MAHINDRA,SCORPIO VLX,2179.0
2855,2019,21719,Diesel,Automatic,First,12.9,12.9,33.13,TOYOTA,FORTUNER 2.8,2755.0
2856,2013,75421,Diesel,Manual,First,25.44,25.44,3.63,CHEVROLET,BEAT DIESEL,936.0
2857,2010,80000,Diesel,Manual,First,12.8,12.8,4.75,TOYOTA,INNOVA 2.5,2494.0
2858,2018,10671,Petrol,Manual,First,20.85,20.85,6.51,MARUTI,SWIFT DZIRE,1197.0
2859,2018,4126,Petrol,Manual,First,21.7,21.7,4.8,RENAULT,KWID CLIMBER,999.0
2860,2017,98500,Diesel,Manual,First,22.95,22.95,6.0,TATA,BOLT QUADRAJET,1248.0
2861,2016,61578,Petrol,Manual,First,18.9,18.9,6.4,HYUNDAI,GRAND I10,1197.0
2862,2014,54000,Diesel,Manual,First,20.34,20.34,4.9,VOLKSWAGEN,VENTO 1.5,1498.0
2863,2013,70998,Diesel,Automatic,First,17.68,17.68,20.57,AUDI,A6 2011-2015,1968.0
2864,2015,40082,Diesel,Manual,First,19.3,19.3,4.76,MARUTI,SWIFT DZIRE,1248.0
2865,2012,50619,Petrol,Manual,First,18.0,18.0,2.0,CHEVROLET,SPARK 1.0,995.0
2866,2009,103905,Diesel,Automatic,First,22.69,22.69,9.92,BMW,3 SERIES,1995.0
2867,2018,15334,Petrol,Manual,First,21.1,21.1,3.69,HYUNDAI,EON ERA,814.0
2868,2013,69000,Diesel,Manual,First,23.4,23.4,5.75,MARUTI,SWIFT DZIRE,1248.0
2869,2014,75160,Diesel,Manual,First,20.14,20.14,5.7,VOLKSWAGEN,CROSSPOLO 1.5,1498.0
2870,2014,44753,Petrol,Manual,First,18.0,18.0,4.94,HONDA,AMAZE E,1198.0
2871,2012,53024,Petrol,Automatic,First,14.4,14.4,4.29,VOLKSWAGEN,VENTO PETROL,1598.0
2872,2014,23840,Petrol,Manual,First,20.51,20.51,3.0,MARUTI,WAGON R,998.0
2873,2014,81298,Diesel,Manual,First,20.14,20.14,6.5,VOLKSWAGEN,POLO 1.5,1498.0
2874,2015,59000,Petrol,Manual,Second,16.47,16.47,4.9,VOLKSWAGEN,POLO PETROL,1198.0
2875,2016,51806,Diesel,Manual,First,25.8,25.8,5.4,HONDA,AMAZE SX,1498.0
2876,2014,56000,Diesel,Automatic,First,18.53,18.53,24.0,AUDI,A6 35,1968.0
2877,2019,29279,Diesel,Manual,First,24.7,24.7,7.46,TATA,TIGOR 1.05,1047.0
2878,2017,33550,Diesel,Automatic,First,21.5,21.5,9.6,VOLKSWAGEN,VENTO 1.5,1498.0
2879,2014,62000,Diesel,Automatic,First,18.53,18.53,25.0,AUDI,A6 35,1968.0
2880,2014,66000,Diesel,Manual,First,19.01,19.01,6.8,NISSAN,TERRANO XL,1461.0
2881,2016,46630,Diesel,Automatic,First,21.66,21.66,8.59,SKODA,RAPID 1.5,1498.0
2882,2016,72566,Diesel,Manual,First,25.83,25.83,5.29,FORD,FIGO ASPIRE,1498.0
2883,2011,51482,Diesel,Manual,First,15.42,15.42,2.5,TATA,VENTURE EX,1405.0
2884,2011,90000,Diesel,Automatic,First,14.84,14.84,13.9,MERCEDES-BENZ,NEW C-CLASS,2143.0
2885,2014,69000,Diesel,Manual,Second,13.0,13.0,20.0,TOYOTA,FORTUNER 4X2,2982.0
2886,2011,90000,Petrol,Manual,Second,17.0,17.0,3.4,HONDA,CITY 1.5,1497.0
2887,2015,39000,Petrol,Manual,First,18.6,18.6,5.5,HYUNDAI,I20 ASTA,1197.0
2888,2012,110000,Diesel,Manual,Second,20.54,20.54,3.65,VOLKSWAGEN,VENTO DIESEL,1598.0
2889,2011,68022,Diesel,Manual,First,13.1,13.1,5.86,FORD,ENDEAVOUR 2.5L,2499.0
2890,2018,27852,Petrol,Automatic,First,14.8,14.8,10.44,FORD,ECOSPORT 1.5,1497.0
2891,2013,58291,Diesel,Manual,First,17.8,17.8,5.0,MARUTI,SWIFT VDI,1248.0
2892,2011,68439,Diesel,Manual,First,23.0,23.0,3.37,HYUNDAI,I20 SPORTZ,1396.0
2893,2011,150000,Diesel,Manual,First,12.99,12.99,6.95,TOYOTA,INNOVA 2.5,2494.0
2894,2018,14000,Diesel,Manual,First,21.5,21.5,9.9,TATA,NEXON 1.5,1497.0
2895,2012,71558,Diesel,Manual,First,20.0,20.0,3.3,FORD,FIGO DIESEL,1399.0
2896,2013,48000,Diesel,Automatic,Second,17.85,17.85,50.5,PORSCHE,PANAMERA DIESEL,2967.0
2897,2015,65800,Diesel,Automatic,First,17.01,17.01,12.5,HYUNDAI,CRETA 1.6,1582.0
2898,2014,53000,Diesel,Automatic,First,16.55,16.55,20.5,AUDI,A4 2.0,1968.0
2899,2017,14600,Diesel,Manual,First,16.0,16.0,14.5,MAHINDRA,XUV500 W8,2179.0
2900,2017,34429,Diesel,Automatic,First,13.8,13.8,20.0,ISUZU,MUX 4WD,2999.0
2901,2014,52000,Diesel,Manual,First,23.4,23.4,5.25,MARUTI,SWIFT DZIRE,1248.0
2902,2015,25470,Petrol,Manual,First,20.73,20.73,5.9,MARUTI,CIAZ ZXI,1373.0
2903,2013,22000,Petrol,Manual,First,21.1,21.1,2.6,HYUNDAI,EON ERA,814.0
2904,2007,75000,Diesel,Automatic,First,11.0,11.0,11.0,MERCEDES-BENZ,E-CLASS 280,2987.0
2905,2011,95995,Diesel,Automatic,First,18.48,18.48,15.5,BMW,5 SERIES,1995.0
2906,2017,26877,Diesel,Manual,First,24.0,24.0,5.75,HYUNDAI,GRAND I10,1186.0
2907,2015,26000,Diesel,Automatic,First,14.47,14.47,75.0,JAGUAR,XJ 3.0L,2993.0
2908,2007,140000,Diesel,Manual,Second,17.8,17.8,2.0,MARUTI,SWIFT LDI,1248.0
2909,2008,95291,Petrol,Manual,First,17.92,17.92,2.3,HYUNDAI,SANTRO XING,1086.0
2910,2009,135000,Diesel,Manual,Second,12.8,12.8,8.2,TOYOTA,INNOVA 2.5,2494.0
2911,2015,32000,Petrol,Manual,First,18.6,18.6,4.8,HYUNDAI,I20 SPORTZ,1197.0
2912,2008,68333,Diesel,Automatic,Second,11.0,11.0,8.5,MERCEDES-BENZ,E-CLASS 280,2987.0
2913,2011,72000,Diesel,Manual,First,20.0,20.0,2.9,FORD,FIGO DIESEL,1399.0
2914,2012,52100,Diesel,Manual,First,21.43,21.43,6.5,TOYOTA,COROLLA ALTIS,1364.0
2915,2018,10000,Petrol,Manual,First,18.9,18.9,5.85,HYUNDAI,GRAND I10,1197.0
2916,2019,6261,Diesel,Manual,First,16.3,16.3,23.91,JEEP,COMPASS 2.0,1956.0
2917,2019,3906,Petrol,Automatic,First,20.89,20.89,7.36,MARUTI,IGNIS 1.2,1197.0
2918,2014,55960,Diesel,Manual,First,11.5,11.5,17.25,TOYOTA,FORTUNER 3.0,2982.0
2919,2013,144000,Diesel,Manual,First,20.54,20.54,7.0,VOLKSWAGEN,VENTO DIESEL,1598.0
2920,2017,38000,Diesel,Manual,First,13.68,13.68,17.65,TOYOTA,INNOVA CRYSTA,2393.0
2921,2013,51000,Diesel,Manual,First,20.0,20.0,2.5,FORD,FIGO DIESEL,1399.0
2922,2015,150000,Diesel,Manual,First,23.59,23.59,6.0,TOYOTA,PLATINUM ETIOS,1364.0
2923,2018,2500,Diesel,Manual,First,18.06,18.06,8.25,MAHINDRA,THAR DI,2523.0
2924,2018,41661,Diesel,Automatic,First,12.7,12.7,44.83,LAND,ROVER RANGE,2179.0
2925,2011,64000,Diesel,Automatic,First,16.07,16.07,10.5,BMW,3 SERIES,1995.0
2926,2008,80000,Petrol,Manual,Second,13.2,13.2,1.9,HYUNDAI,ACCENT GLS,1495.0
2927,2016,30000,Petrol,Automatic,Second,23.1,23.1,4.25,MARUTI,CELERIO ZXI,998.0
2928,2014,43000,Diesel,Automatic,Second,16.36,16.36,26.5,JAGUAR,XF 2.2,2179.0
2929,2013,90000,Diesel,Automatic,Second,12.4,12.4,22.5,AUDI,A6 2.7,2698.0
2930,2011,123880,Diesel,Manual,First,23.08,23.08,3.3,NISSAN,MICRA DIESEL,1461.0
2931,2015,42000,Petrol,Manual,Second,18.0,18.0,4.3,HONDA,AMAZE S,1198.0
2932,2012,79824,Diesel,Manual,First,19.87,19.87,5.25,RENAULT,DUSTER 85PS,1461.0
2933,2015,75000,Diesel,Manual,First,12.99,12.99,11.75,TOYOTA,INNOVA 2.5,2494.0
2934,2014,72411,Petrol,Manual,First,18.0,18.0,4.25,HONDA,AMAZE E,1198.0
2935,2012,63000,Diesel,Automatic,First,14.94,14.94,14.22,MERCEDES-BENZ,NEW C-CLASS,2143.0
2936,2015,53713,Petrol,Manual,First,17.71,17.71,4.2,TOYOTA,ETIOS LIVA,1197.0
2937,2017,18000,Diesel,Automatic,First,11.36,11.36,18.25,TOYOTA,INNOVA CRYSTA,2755.0
2938,2013,51000,Diesel,Manual,First,15.8,15.8,18.5,MERCEDES-BENZ,NEW C-CLASS,2148.0
2939,2008,86700,Petrol,Manual,Second,16.1,16.1,2.4,MARUTI,SWIFT VXI,1298.0
2940,2016,29000,Diesel,Manual,First,27.39,27.39,6.5,MARUTI,BALENO ALPHA,1248.0
2941,2014,56000,LPG,Manual,First,13.45,13.45,3.2,HYUNDAI,SANTRO XING,1086.0
2942,2015,33000,Petrol,Automatic,First,23.1,23.1,3.99,MARUTI,CELERIO VXI,998.0
2943,2014,64394,Diesel,Manual,First,22.7,22.7,5.45,FORD,ECOSPORT 1.5,1498.0
2944,2010,76000,Diesel,Manual,First,18.8,18.8,2.7,TATA,MANZA AURA,1248.0
2945,2016,48719,Diesel,Manual,First,27.3,27.3,6.25,HONDA,JAZZ 1.5,1498.0
2946,2016,59711,Diesel,Manual,First,15.1,15.1,13.28,MAHINDRA,XUV500 W8,2179.0
2947,2012,83000,Diesel,Manual,First,23.08,23.08,3.7,NISSAN,MICRA DIESEL,1461.0
2948,2018,10714,Diesel,Automatic,First,19.27,19.27,39.51,MERCEDES-BENZ,NEW C-CLASS,2143.0
2949,2010,127510,Diesel,Manual,Second,19.0,19.0,1.4,TATA,MANZA AURA,1248.0
2950,2014,35010,Diesel,Manual,First,22.9,22.9,3.5,MARUTI,SWIFT VDI,1248.0
2951,2012,75451,Petrol,Manual,First,17.5,17.5,3.78,MARUTI,SWIFT DZIRE,1197.0
2952,2015,83000,Diesel,Manual,First,19.09,19.09,2.7,TATA,INDIGO ECS,1405.0
2953,2013,38755,Diesel,Manual,First,25.8,25.8,3.2,HONDA,AMAZE S,1498.0
2954,2016,30000,Petrol,Manual,First,20.4,20.4,5.0,MARUTI,SWIFT VXI,1197.0
2955,2012,40000,Diesel,Manual,First,20.77,20.77,7.0,MARUTI,ERTIGA ZDI,1248.0
2956,2014,19500,Petrol,Manual,Second,18.9,18.9,2.85,HYUNDAI,GRAND I10,1197.0
2957,2016,41000,Petrol,Manual,First,19.69,19.69,4.25,NISSAN,MICRA ACTIVE,1198.0
2958,2014,30000,Petrol,Manual,Second,18.9,18.9,4.9,HYUNDAI,GRAND I10,1197.0
2959,2017,37000,Diesel,Manual,First,17.1,17.1,16.9,JEEP,COMPASS 2.0,1956.0
2960,2014,62000,Diesel,Manual,Second,22.07,22.07,4.25,VOLKSWAGEN,POLO DIESEL,1199.0
2961,2015,42023,Petrol,Automatic,First,15.5,15.5,4.34,HONDA,AMAZE S,1198.0
2962,2012,51001,Diesel,Automatic,First,16.09,16.09,17.0,BMW,X3 XDRIVE20D,1995.0
2963,2017,55389,Diesel,Automatic,First,18.88,18.88,28.45,BMW,3 SERIES,1995.0
2964,2014,46728,Petrol,Automatic,First,15.6,15.6,6.15,HONDA,CITY V,1497.0
2965,2014,58995,Diesel,Manual,First,12.83,12.83,9.25,MAHINDRA,SSANGYONG REXTON,2696.0
2966,2015,37857,Diesel,Manual,First,26.59,26.59,4.85,MARUTI,SWIFT DZIRE,1248.0
2967,2014,71000,Diesel,Manual,First,25.2,25.2,4.8,MARUTI,SWIFT VDI,1248.0
2968,2012,49024,Petrol,Manual,First,18.4,18.4,2.3,HONDA,BRIO S,1198.0
2969,2016,10770,Petrol,Manual,First,18.9,18.9,4.75,HYUNDAI,GRAND I10,1197.0
2970,2017,72000,Diesel,Manual,First,22.95,22.95,5.0,TATA,ZEST QUADRAJET,1248.0
2971,2015,91000,Petrol,Manual,First,21.1,21.1,2.5,HYUNDAI,EON ERA,814.0
2972,2017,14000,Petrol,Manual,First,18.6,18.6,5.95,HYUNDAI,I20 1.2,1197.0
2973,2014,48000,Diesel,Automatic,Second,9.0,9.0,16.0,VOLVO,S60 D4,1984.0
2974,2014,75136,Diesel,Manual,First,22.7,22.7,6.15,FORD,ECOSPORT 1.5,1498.0
2975,2014,32500,Petrol,Manual,Second,21.1,21.1,4.05,MARUTI,RITZ VXI,1197.0
2976,2010,94500,Diesel,Manual,Second,21.9,21.9,3.1,HYUNDAI,I20 1.4,1396.0
2977,2013,34900,Petrol,Manual,First,22.0,22.0,5.49,MARUTI,DZIRE VXI,1197.0
2978,2010,42400,Petrol,Automatic,Third,8.0,8.0,42.91,PORSCHE,PANAMERA 2010,4806.0
2979,2015,50000,Diesel,Manual,First,17.8,17.8,5.7,MARUTI,SWIFT VDI,1248.0
2980,2014,35000,Petrol,Manual,First,19.4,19.4,2.85,HONDA,BRIO S,1198.0
2981,2012,37000,Petrol,Manual,Second,18.6,18.6,2.35,CHEVROLET,BEAT LS,1199.0
2982,2018,32807,Petrol,Automatic,First,13.0,13.0,14.76,HYUNDAI,CRETA 1.6,1591.0
2983,2008,119000,Petrol,Manual,Second,17.7,17.7,2.25,HONDA,CITY ZX,1497.0
2984,2016,12000,Petrol,Manual,First,18.5,18.5,3.65,MARUTI,RITZ LXI,1197.0
2985,2016,46727,Diesel,Manual,First,22.77,22.77,7.25,FORD,ECOSPORT 1.5,1498.0
2986,2010,73336,Diesel,Automatic,First,13.2,13.2,10.69,BMW,3 SERIES,1995.0
2987,2014,9000,Petrol,Manual,Second,17.01,17.01,5.5,HYUNDAI,VERNA 1.6,1591.0
2988,2005,240000,Diesel,Manual,Fourth & Above,12.8,12.8,5.1,TOYOTA,INNOVA 2.5,2494.0
2989,2014,25422,Petrol,Manual,First,22.5,22.5,3.25,MARUTI,WAGON R,998.0
2990,2018,14000,Diesel,Manual,First,25.47,25.47,9.25,MARUTI,ERTIGA VDI,1248.0
2991,2008,66000,Petrol,Manual,First,19.7,19.7,1.7,MARUTI,ALTO LXI,796.0
2992,2010,55324,Petrol,Manual,First,19.0,19.0,2.87,MARUTI,A-STAR VXI,998.0
2993,2009,90000,Diesel,Automatic,First,11.0,11.0,17.75,BMW,X5 3.0D,2993.0
2994,2017,43000,Petrol,Manual,First,18.15,18.15,4.5,MAHINDRA,KUV 100,1198.0
2995,2008,58483,Petrol,Automatic,Second,19.2,19.2,2.95,HYUNDAI,I10 MAGNA,1197.0
2996,2007,93000,Petrol,Automatic,Second,12.9,12.9,2.6,HONDA,CIVIC 2006-2010,1799.0
2997,2010,50000,Petrol,Manual,First,20.36,20.36,3.0,HYUNDAI,I10 SPORTZ,1197.0
2998,2014,78616,Diesel,Automatic,Second,14.84,14.84,15.5,MERCEDES-BENZ,NEW C-CLASS,2143.0
2999,2011,37000,Petrol,Manual,First,17.6,17.6,2.8,TOYOTA,ETIOS G,1496.0
3000,2010,54801,Petrol,Manual,First,17.0,17.0,2.5,HONDA,CITY 1.5,1497.0
3001,2014,29000,Diesel,Manual,First,23.4,23.4,5.75,MARUTI,SWIFT DZIRE,1248.0
3002,2010,68000,Petrol,Manual,First,22.0,22.0,2.8,MARUTI,SWIFT VXI,1197.0
3003,2014,58000,Petrol,Manual,First,17.01,17.01,4.59,HYUNDAI,VERNA 1.6,1591.0
3004,2012,64290,Diesel,Manual,First,23.2,23.2,3.65,MARUTI,RITZ VDI,1248.0
3005,2015,31000,Diesel,Manual,First,13.0,13.0,19.85,TOYOTA,FORTUNER 4X2,2982.0
3006,2018,16039,Diesel,Manual,First,17.1,17.1,18.5,JEEP,COMPASS 2.0,1956.0
3007,2017,19860,Petrol,Manual,First,18.6,18.6,6.95,HYUNDAI,I20 ASTA,1197.0
3008,2014,48500,CNG,Manual,Second,26.6,26.6,2.85,MARUTI,WAGON R,998.0
3009,2012,75391,Diesel,Manual,First,13.93,13.93,3.75,TATA,NEW SAFARI,2179.0
3010,2008,78000,Diesel,Manual,Second,19.3,19.3,2.3,MARUTI,SWIFT DZIRE,1248.0
3011,2016,78000,Diesel,Manual,First,25.0,25.0,2.3,TATA,INDIGO ECS,1396.0
3012,2016,52000,Diesel,Manual,First,28.4,28.4,5.95,MARUTI,SWIFT LDI,1248.0
3013,2016,30000,Petrol,Automatic,First,23.1,23.1,3.49,MARUTI,CELERIO VXI,998.0
3014,2016,19254,Diesel,Automatic,First,14.69,14.69,47.7,BMW,5 SERIES,2993.0
3015,2015,29651,Petrol,Manual,First,16.47,16.47,6.43,VOLKSWAGEN,POLO 1.2,1198.0
3016,2011,80000,Diesel,Manual,First,13.93,13.93,4.5,TATA,SAFARI DICOR,2179.0
3017,2018,2971,Petrol,Automatic,First,13.6,13.6,39.75,MINI,COOPER S,1598.0
3018,2015,21400,Petrol,Manual,First,15.6,15.6,4.0,FORD,FIGO PETROL,1196.0
3019,2015,77000,Diesel,Manual,First,26.0,26.0,6.98,HONDA,CITY I,1498.0
3020,2006,80000,Diesel,Manual,Second,12.6,12.6,1.75,HYUNDAI,TUCSON CRDI,1991.0
3021,2013,81755,Diesel,Manual,First,20.0,20.0,4.75,SKODA,LAURA AMBIENTE,1968.0
3022,2016,99593,Diesel,Manual,First,11.5,11.5,23.5,TOYOTA,FORTUNER 3.0,2982.0
3023,2014,39791,Diesel,Manual,First,22.32,22.32,7.49,HYUNDAI,VERNA 1.6,1582.0
3024,2015,113000,Diesel,Manual,First,15.1,15.1,10.85,MAHINDRA,XUV500 W6,2179.0
3025,2017,24000,Petrol,Manual,First,25.17,25.17,3.5,RENAULT,KWID RXT,799.0
3026,2015,39000,Petrol,Manual,Second,18.6,18.6,6.3,HYUNDAI,I20 ASTA,1197.0
3027,2012,37000,Petrol,Automatic,First,15.6,15.6,6.75,HONDA,CITY V,1497.0
3028,2017,61108,Diesel,Automatic,First,10.91,10.91,28.88,FORD,ENDEAVOUR 3.2,3198.0
3029,2016,61648,Petrol,Automatic,First,13.7,13.7,14.23,SKODA,SUPERB ELEGANCE,1798.0
3030,2012,37000,Diesel,Automatic,Third,22.69,22.69,15.0,BMW,3 SERIES,1995.0
3031,2013,53000,CNG,Manual,First,22.8,22.8,5.8,MARUTI,ERTIGA VXI,1373.0
3032,2013,65000,Diesel,Manual,First,23.2,23.2,3.75,MARUTI,RITZ LDI,1248.0
3033,2005,120000,Petrol,Manual,First,0.0,0.0,1.15,HYUNDAI,SANTRO XING,1086.0
3034,2011,148009,Diesel,Manual,Second,11.5,11.5,12.75,TOYOTA,FORTUNER 3.0,2982.0
3035,2009,53001,Petrol,Manual,First,16.1,16.1,1.95,MARUTI,SWIFT LXI,1298.0
3036,2018,22345,Petrol,Manual,First,20.3,20.3,4.95,TATA,TIGOR 1.2,1199.0
3037,2015,50000,Petrol,Automatic,First,18.0,18.0,8.25,HONDA,CITY I,1497.0
3038,2013,48183,Diesel,Automatic,First,13.2,13.2,20.99,BMW,3 SERIES,1995.0
3039,2010,93000,Diesel,Automatic,Second,14.21,14.21,17.5,MERCEDES-BENZ,E-CLASS 2009-2013,2143.0
3040,2015,53500,Diesel,Manual,First,28.4,28.4,5.36,MARUTI,SWIFT VDI,1248.0
3041,2014,17585,Petrol,Manual,First,16.02,16.02,6.35,MARUTI,ERTIGA VXI,1373.0
3042,2011,36226,Petrol,Manual,First,17.01,17.01,2.95,HYUNDAI,VERNA 1.6,1591.0
3043,2019,25899,Diesel,Automatic,First,12.63,12.63,55.7,LAND,ROVER DISCOVERY,2179.0
3044,2009,60170,Petrol,Manual,First,0.0,0.0,1.15,HYUNDAI,SANTRO XING,1086.0
3045,2017,11200,Diesel,Automatic,First,19.27,19.27,37.5,MERCEDES-BENZ,NEW C-CLASS,2143.0
3046,2017,49045,Petrol,Manual,First,20.36,20.36,4.07,HYUNDAI,I10 MAGNA,1197.0
3047,2012,45000,Diesel,Manual,First,22.07,22.07,2.99,VOLKSWAGEN,POLO DIESEL,1199.0
3048,2017,40000,Diesel,Manual,First,24.3,24.3,7.9,MARUTI,VITARA BREZZA,1248.0
3049,2016,36600,Diesel,Manual,First,19.87,19.87,7.49,RENAULT,DUSTER 85PS,1461.0
3050,2009,117000,Diesel,Manual,First,18.0,18.0,1.1,TATA,INDICA VISTA,1248.0
3051,2016,16000,Diesel,Automatic,First,11.3,11.3,56.0,MERCEDES-BENZ,GL-CLASS 350,2987.0
3052,2016,50000,Diesel,Manual,First,25.4,25.4,3.5,HYUNDAI,XCENT 1.2,1186.0
3053,2008,150000,Diesel,Manual,First,18.1,18.1,3.0,HYUNDAI,VERNA CRDI,1493.0
3054,2014,11000,Petrol,Manual,First,17.01,17.01,6.1,HYUNDAI,VERNA 1.6,1591.0
3055,2010,102016,Petrol,Manual,First,15.6,15.6,2.25,FORD,FIGO PETROL,1196.0
3056,2016,38000,Diesel,Manual,First,25.2,25.2,5.95,MARUTI,SWIFT VDI,1248.0
3057,2013,71491,Diesel,Manual,First,23.08,23.08,4.95,RENAULT,PULSE RXL,1461.0
3058,2015,46354,Petrol,Manual,Second,16.47,16.47,5.49,VOLKSWAGEN,POLO 1.2,1198.0
3059,2019,87000,Diesel,Automatic,First,22.69,22.69,6.67,BMW,3 SERIES,1995.0
3060,2015,20765,Petrol,Manual,First,15.0,15.0,6.25,SKODA,RAPID 1.6,1598.0
3061,2005,58000,Petrol,Manual,Second,0.0,0.0,1.51,HYUNDAI,SANTRO GS,999.0
3062,2014,51076,Diesel,Automatic,First,12.07,12.07,34.88,AUDI,Q7 3.0,2967.0
3063,2016,84085,Diesel,Manual,First,26.21,26.21,6.9,MARUTI,CIAZ VDI,1248.0
3064,2014,55000,Diesel,Manual,First,25.1,25.1,5.99,HONDA,CITY I,1498.0
3065,2010,73000,Petrol,Automatic,First,10.93,10.93,10.4,MERCEDES-BENZ,E-CLASS 2009-2013,3498.0
3066,2012,50001,Diesel,Automatic,First,14.57,14.57,29.0,AUDI,A6 2011-2015,2967.0
3067,2016,93166,Diesel,Manual,Second,14.02,14.02,5.85,MAHINDRA,XYLO H4,2179.0
3068,2006,99583,Petrol,Automatic,Third,12.0,12.0,2.21,HONDA,CITY 1.5,1493.0
3069,2010,72000,Petrol,Manual,First,15.5,15.5,2.4,MARUTI,SX4 ZXI,1586.0
3070,2009,70000,Petrol,Manual,Third,14.53,14.53,3.0,TOYOTA,COROLLA ALTIS,1798.0
3071,2012,61000,Petrol,Automatic,Second,14.4,14.4,3.75,VOLKSWAGEN,VENTO PETROL,1598.0
3072,2015,66510,Petrol,Manual,First,21.1,21.1,2.95,HYUNDAI,EON ERA,814.0
3073,2011,84062,Diesel,Manual,First,20.0,20.0,5.8,SKODA,LAURA AMBITION,1968.0
3074,2012,80799,Diesel,Manual,First,22.9,22.9,4.9,MARUTI,SWIFT VDI,1248.0
3075,2018,5000,Petrol,Automatic,First,14.28,14.28,16.95,TOYOTA,COROLLA ALTIS,1798.0
3076,2013,92000,Diesel,Manual,First,12.99,12.99,12.5,TOYOTA,INNOVA 2.5,2494.0
3077,2017,53000,Diesel,Manual,First,27.28,27.28,5.0,TATA,TIAGO WIZZ,1047.0
3078,2015,39822,Petrol,Manual,First,15.41,15.41,4.68,SKODA,RAPID 1.6,1598.0
3079,2016,29000,Diesel,Automatic,First,10.91,10.91,29.8,FORD,ENDEAVOUR 3.2,3198.0
3080,2017,24214,Petrol,Manual,Second,25.17,25.17,3.46,RENAULT,KWID RXL,799.0
3081,2012,75000,Diesel,Manual,First,23.0,23.0,4.0,HYUNDAI,I20 1.4,1396.0
3082,2012,77216,Diesel,Manual,Second,17.5,17.5,4.5,SKODA,LAURA AMBIENTE,1896.0
3083,2013,74290,Diesel,Manual,First,21.43,21.43,5.87,TOYOTA,COROLLA ALTIS,1364.0
3084,2015,61000,Diesel,Manual,First,15.4,15.4,9.5,MAHINDRA,SCORPIO S8,2179.0
3085,2013,44000,Diesel,Automatic,First,14.16,14.16,32.5,AUDI,Q5 2.0,1968.0
3086,2014,74041,Diesel,Manual,First,18.2,18.2,3.88,CHEVROLET,ENJOY TCDI,1248.0
3087,2013,85846,Diesel,Automatic,First,22.69,22.69,13.08,BMW,3 SERIES,1995.0
3088,2012,52000,Diesel,Manual,First,21.64,21.64,3.5,NISSAN,SUNNY 2011-2014,1461.0
3089,2010,47000,Petrol,Manual,Second,12.8,12.8,3.5,HONDA,ACCORD 2.4,2354.0
3090,2010,72010,Diesel,Manual,First,16.8,16.8,4.45,HYUNDAI,VERNA CRDI,1493.0
3091,2015,15000,Petrol,Manual,First,16.8,16.8,2.35,MARUTI,OMNI E,796.0
3092,2015,480000,Petrol,Manual,First,17.4,17.4,5.0,HONDA,CITY I,1497.0
3093,2012,24720,Diesel,Automatic,Second,0.0,0.0,28.0,AUDI,A7 2011-2015,2967.0
3094,2007,75000,Petrol,Manual,Second,16.6,16.6,2.0,FORD,FIESTA 1.4,1388.0
3095,2015,57000,Diesel,Manual,First,22.54,22.54,6.35,HYUNDAI,I20 1.4,1396.0
3096,2015,41057,Diesel,Automatic,First,13.0,13.0,24.63,MERCEDES-BENZ,E-CLASS E250,2143.0
3097,2012,92000,CNG,Manual,Second,26.2,26.2,3.0,MARUTI,WAGON R,998.0
3098,2016,20000,Diesel,Manual,First,22.77,22.77,7.9,FORD,ECOSPORT 1.5,1498.0
3099,2011,52359,Petrol,Manual,First,18.5,18.5,3.25,HYUNDAI,I20 1.2,1197.0
3100,2016,17000,Petrol,Manual,Second,17.8,17.8,8.25,HONDA,CITY I,1497.0
3101,2011,39002,Diesel,Manual,First,23.08,23.08,2.85,NISSAN,MICRA DIESEL,1461.0
3102,2010,129986,Diesel,Manual,Second,20.0,20.0,3.2,FORD,FIGO DIESEL,1399.0
3103,2013,45000,Petrol,Manual,First,18.44,18.44,1.75,NISSAN,MICRA XL,1198.0
3104,2013,41300,Diesel,Manual,First,17.8,17.8,3.38,MARUTI,SWIFT VDI,1248.0
3105,2009,82002,Petrol,Manual,Second,12.8,12.8,5.75,HONDA,ACCORD 2.4,2354.0
3106,2010,67000,Petrol,Automatic,First,13.7,13.7,4.7,SKODA,SUPERB ELEGANCE,1798.0
3107,2017,21260,Petrol,Manual,First,14.0,14.0,2.9,MARUTI,OMNI 8,796.0
3108,2012,55362,Diesel,Manual,First,21.9,21.9,4.25,HYUNDAI,I20 MAGNA,1396.0
3109,2017,13000,Diesel,Automatic,First,17.01,17.01,14.5,HYUNDAI,CRETA 1.6,1582.0
3110,2016,45725,Diesel,Manual,First,25.2,25.2,5.34,MARUTI,SWIFT VDI,1248.0
3111,2014,105000,Diesel,Manual,First,25.2,25.2,3.85,MARUTI,SWIFT LDI,1248.0
3112,2009,156056,Diesel,Manual,First,12.8,12.8,8.5,TOYOTA,INNOVA 2.5,2494.0
3113,2016,135000,Diesel,Manual,First,24.4,24.4,4.2,HYUNDAI,XCENT 1.1,1120.0
3114,2016,67000,Diesel,Manual,First,20.77,20.77,6.75,MARUTI,ERTIGA PASEO,1248.0
3115,2016,90000,Diesel,Automatic,First,10.91,10.91,26.0,FORD,ENDEAVOUR 3.2,3198.0
3116,2019,32251,Diesel,Manual,First,22.54,22.54,8.61,HYUNDAI,I20 1.4,1396.0
3117,2009,47000,Petrol,Manual,First,19.0,19.0,1.46,MARUTI,ZEN ESTILO,998.0
3118,2011,75308,Diesel,Manual,Second,21.1,21.1,2.8,MARUTI,RITZ VDI,1248.0
3119,2018,44202,CNG,Manual,First,32.26,32.26,4.0,MARUTI,ALTO K10,998.0
3120,2014,58000,Petrol,Manual,First,17.0,17.0,5.47,HONDA,CITY 1.5,1497.0
3121,2009,60000,Petrol,Manual,First,17.5,17.5,2.45,MARUTI,SWIFT DZIRE,1298.0
3122,2014,45000,Diesel,Automatic,First,17.05,17.05,21.5,BMW,X1 SDRIVE,1995.0
3123,2010,41195,Petrol,Manual,First,15.0,15.0,1.38,TATA,MANZA AQUA,1368.0
3124,2016,89000,Diesel,Manual,First,16.0,16.0,13.5,MAHINDRA,XUV500 W10,2179.0
3125,2009,60510,Petrol,Automatic,Second,16.95,16.95,3.1,HYUNDAI,I10 SPORTZ,1197.0
3126,2016,8500,Petrol,Manual,First,21.4,21.4,5.49,MARUTI,BALENO SIGMA,1197.0
3127,2017,35981,Diesel,Manual,First,24.3,24.3,9.51,MARUTI,VITARA BREZZA,1248.0
3128,2012,23152,Petrol,Manual,First,15.6,15.6,2.39,FORD,FIGO PETROL,1196.0
3129,2014,74663,CNG,Manual,First,33.54,33.54,3.25,MARUTI,WAGON R,998.0
3130,2014,61529,Petrol,Automatic,First,18.19,18.19,5.65,VOLKSWAGEN,VENTO SPORT,1197.0
3131,2010,91596,Diesel,Manual,First,14.95,14.95,1.85,MAHINDRA,XYLO D2,2489.0
3132,2019,14298,Petrol,Automatic,First,13.33,13.33,2.02,PORSCHE,CAYENNE BASE,2995.0
3133,2013,83327,Diesel,Manual,First,19.3,19.3,5.8,MARUTI,SWIFT DZIRE,1248.0
3134,2017,22857,Petrol,Manual,First,16.2,16.2,6.9,VOLKSWAGEN,POLO 1.2,1199.0
3135,2013,34620,Petrol,Manual,Second,17.01,17.01,5.35,HYUNDAI,VERNA 1.6,1591.0
3136,2010,56000,Petrol,Manual,First,19.81,19.81,2.85,HYUNDAI,I10 ERA,1086.0
3137,2014,81000,Diesel,Automatic,First,13.0,13.0,22.75,MERCEDES-BENZ,E-CLASS E250,2143.0
3138,1998,95150,Petrol,Manual,Third,17.3,17.3,0.45,MARUTI,ZEN LXI,993.0
3139,2013,32776,Petrol,Manual,First,20.36,20.36,4.64,HYUNDAI,I10 SPORTZ,1197.0
3140,2016,51587,Diesel,Manual,First,25.8,25.8,5.27,HONDA,AMAZE S,1498.0
3141,2016,36000,Diesel,Manual,First,14.1,14.1,10.0,TATA,SAFARI STORME,2179.0
3142,2015,22000,Petrol,Manual,First,18.5,18.5,3.95,HONDA,BRIO 1.2,1198.0
3143,2010,30754,Petrol,Manual,First,17.0,17.0,3.38,HYUNDAI,I20 ASTA,1197.0
3144,2018,37109,Petrol,Manual,First,14.69,14.69,16.8,VOLKSWAGEN,JETTA 2012-2014,1390.0
3145,2010,45000,Petrol,Manual,First,16.7,16.7,1.99,HONDA,JAZZ SELECT,1198.0
3146,2017,33284,Petrol,Manual,First,18.9,18.9,5.84,HYUNDAI,GRAND I10,1197.0
3147,2016,55115,Diesel,Automatic,First,14.74,14.74,36.15,JAGUAR,XF DIESEL,2993.0
3148,2014,18000,Diesel,Automatic,First,16.36,16.36,25.7,JAGUAR,XF 2.2,2179.0
3149,2013,130790,Diesel,Manual,First,16.0,16.0,9.24,MAHINDRA,XUV500 W8,2179.0
3150,2015,16607,Diesel,Manual,First,22.7,22.7,7.65,MARUTI,S CROSS,1598.0
3151,2015,32205,Diesel,Automatic,First,17.11,17.11,25.31,AUDI,A4 2.0,1968.0
3152,2013,67000,Diesel,Manual,First,19.01,19.01,4.75,RENAULT,DUSTER 110PS,1461.0
3153,2014,57676,Petrol,Manual,First,19.1,19.1,6.69,MARUTI,SWIFT DZIRE,1197.0
3154,2012,41000,Petrol,Manual,First,16.47,16.47,3.1,VOLKSWAGEN,POLO PETROL,1198.0
3155,2012,65000,Petrol,Manual,First,19.7,19.7,1.55,MARUTI,OMNI 8,796.0
3156,2019,12153,Petrol,Automatic,First,18.9,18.9,6.84,HYUNDAI,GRAND I10,1197.0
3157,2014,16810,Petrol,Manual,First,25.4,25.4,1.6,TATA,NANO TWIST,624.0
3158,2017,61221,Petrol,Automatic,First,17.84,17.84,21.73,AUDI,A4 30,1395.0
3159,2015,22000,Petrol,Manual,First,16.47,16.47,4.75,VOLKSWAGEN,POLO 1.2,1198.0
3160,2015,63714,Petrol,Manual,First,22.74,22.74,2.45,MARUTI,ALTO 800,796.0
3161,2019,14857,Diesel,Automatic,First,20.7,20.7,31.55,MINI,COOPER 5,1496.0
3162,2012,69000,Diesel,Automatic,Second,15.2,15.2,10.25,AUDI,A4 NEW,1968.0
3163,2019,14648,Diesel,Manual,First,12.62,12.62,27.36,FORD,ENDEAVOUR TITANIUM,2198.0
3164,2013,100000,Petrol,Manual,Second,15.8,15.8,6.5,FORD,ECOSPORT 1.5,1499.0
3165,2016,22000,Petrol,Manual,First,18.9,18.9,4.25,HYUNDAI,GRAND I10,1197.0
3166,2014,10000,Petrol,Manual,First,18.2,18.2,5.5,CHEVROLET,SAIL 1.2,1199.0
3167,2015,107000,Petrol,Manual,First,20.85,20.85,4.0,MARUTI,SWIFT DZIRE,1197.0
3168,2017,48198,Petrol,Manual,First,17.57,17.57,4.65,TATA,ZEST REVOTRON,1193.0
3169,2015,15000,Diesel,Automatic,First,19.27,19.27,28.5,MERCEDES-BENZ,NEW C-CLASS,2143.0
3170,2014,80073,Diesel,Manual,First,17.3,17.3,7.11,CHEVROLET,CRUZE LTZ,1998.0
3171,2013,85388,Diesel,Manual,First,21.1,21.1,3.9,MARUTI,RITZ VDI,1248.0
3172,2017,14700,Petrol,Manual,First,18.9,18.9,5.6,HYUNDAI,GRAND I10,1197.0
3173,2012,150000,Diesel,Manual,Third,28.4,28.4,2.25,MARUTI,DZIRE LDI,1248.0
3174,2011,34994,Diesel,Manual,First,22.32,22.32,3.9,HYUNDAI,VERNA 1.6,1582.0
3175,2014,82536,Diesel,Automatic,First,14.74,14.74,28.63,JAGUAR,XF DIESEL,2993.0
3176,2013,82000,Petrol,Automatic,First,13.7,13.7,7.25,SKODA,SUPERB ELEGANCE,1798.0
3177,2006,52000,Petrol,Manual,Second,18.9,18.9,2.0,MARUTI,WAGON R,998.0
3178,2011,20000,Petrol,Manual,First,16.47,16.47,3.5,VOLKSWAGEN,POLO PETROL,1198.0
3179,2011,55000,Petrol,Manual,First,14.8,14.8,5.0,HONDA,CIVIC 2010-2013,1799.0
3180,2015,47001,CNG,Manual,First,20.0,20.0,3.72,MARUTI,EECO CNG,1196.0
3181,2014,52000,Petrol,Manual,First,22.5,22.5,3.45,MARUTI,WAGON R,998.0
3182,2013,43284,Diesel,Manual,First,23.4,23.4,4.5,MARUTI,SWIFT DZIRE,1248.0
3183,2018,23875,Petrol,Automatic,First,13.0,13.0,14.36,HYUNDAI,CRETA 1.6,1591.0
3184,2016,51866,Petrol,Manual,First,18.9,18.9,5.5,HYUNDAI,GRAND I10,1197.0
3185,2013,69000,Diesel,Manual,First,23.08,23.08,3.0,NISSAN,MICRA DIESEL,1461.0
3186,2017,62788,Petrol,Manual,First,18.9,18.9,6.08,HYUNDAI,GRAND I10,1197.0
3187,2013,150000,Diesel,Manual,First,20.54,20.54,5.0,VOLKSWAGEN,VENTO DIESEL,1598.0
3188,2015,47566,Diesel,Automatic,First,12.55,12.55,20.25,TOYOTA,FORTUNER 4X2,2982.0
3189,2002,67000,Petrol,Manual,Third,0.0,0.0,1.2,HYUNDAI,SANTRO GS,999.0
3190,2018,20300,Diesel,Automatic,First,11.36,11.36,18.0,TOYOTA,INNOVA CRYSTA,2755.0
3191,2015,48300,Diesel,Automatic,First,20.0,20.0,17.5,MERCEDES-BENZ,A CLASS,2143.0
3192,2013,30000,Petrol,Manual,First,21.1,21.1,2.1,HYUNDAI,EON D,814.0
3193,2012,36000,Diesel,Manual,Second,22.7,22.7,7.5,HYUNDAI,ELANTRA CRDI,1582.0
3194,2015,27641,Diesel,Automatic,Second,20.7,20.7,24.77,MINI,COOPER 3,1496.0
3195,2015,60000,Diesel,Manual,First,19.64,19.64,8.65,RENAULT,DUSTER 110PS,1461.0
3196,2019,9000,Diesel,Automatic,First,10.91,10.91,35.5,FORD,ENDEAVOUR 3.2,3198.0
3197,2014,60750,Petrol,Manual,First,14.28,14.28,10.5,TOYOTA,COROLLA ALTIS,1798.0
3198,2018,9000,Diesel,Manual,First,14.0,14.0,13.0,MAHINDRA,XUV500 W7,2179.0
3199,2012,41100,Diesel,Automatic,First,16.77,16.77,26.5,BMW,7 SERIES,2993.0
3200,2004,60000,Petrol,Manual,Second,17.3,17.3,1.4,MARUTI,WAGON R,1061.0
3201,2017,38424,Petrol,Manual,First,17.8,17.8,7.51,HONDA,CITY I,1497.0
3202,2014,50000,Diesel,Manual,First,22.9,22.9,4.3,MARUTI,SWIFT VDI,1248.0
3203,2015,19000,Petrol,Automatic,First,18.0,18.0,8.95,HONDA,CITY I-VTEC,1497.0
3204,2015,58734,Diesel,Manual,First,20.77,20.77,6.91,MARUTI,ERTIGA VDI,1248.0
3205,2016,65257,Diesel,Manual,First,19.01,19.01,9.75,RENAULT,DUSTER 110PS,1461.0
3206,2010,130000,Diesel,Manual,Second,19.3,19.3,4.0,MARUTI,SWIFT DZIRE,1248.0
3207,2011,79000,Diesel,Manual,First,23.2,23.2,3.65,MARUTI,RITZ VDI,1248.0
3208,2013,78000,Diesel,Manual,First,15.1,15.1,10.75,MAHINDRA,XUV500 W8,2179.0
3209,2015,49133,Petrol,Manual,First,19.4,19.4,4.51,HONDA,BRIO S,1198.0
3210,2016,22769,Diesel,Automatic,First,0.0,0.0,49.22,MERCEDES-BENZ,M-CLASS ML,2987.0
3211,2014,54448,Diesel,Manual,First,21.02,21.02,3.7,TATA,MANZA CLUB,1248.0
3212,2014,158793,Diesel,Manual,First,12.8,12.8,12.99,TOYOTA,INNOVA 2.5,2494.0
3213,2015,62088,Petrol,Manual,First,18.6,18.6,4.15,MARUTI,SWIFT VXI,1197.0
3214,2012,14800,Petrol,Manual,First,17.01,17.01,4.4,HYUNDAI,VERNA 1.6,1591.0
3215,2015,26000,Petrol,Manual,First,17.3,17.3,4.25,HONDA,MOBILIO S,1497.0
3216,2017,32005,Petrol,Manual,First,18.0,18.0,4.25,HONDA,AMAZE S,1198.0
3217,2017,35000,Petrol,Automatic,First,18.0,18.0,7.7,HONDA,CITY I-VTEC,1497.0
3218,2015,52000,Diesel,Automatic,First,12.7,12.7,39.75,LAND,ROVER RANGE,2179.0
3219,2017,11000,Petrol,Manual,First,17.4,17.4,8.5,HONDA,CITY I-VTEC,1497.0
3220,2008,62000,Petrol,Automatic,First,9.5,9.5,7.0,MERCEDES-BENZ,E-CLASS 280,2997.0
3221,2002,65134,Petrol,Manual,Third,13.8,13.8,0.8,FORD,IKON 1.3,1299.0
3222,2013,71000,Diesel,Manual,First,13.0,13.0,15.25,TOYOTA,FORTUNER 4X2,2982.0
3223,2008,51366,Petrol,Manual,First,19.0,19.0,2.25,MARUTI,A-STAR VXI,998.0
3224,2016,46300,Diesel,Manual,First,14.07,14.07,4.85,TATA,SUMO EX,1948.0
3225,2012,60908,Petrol,Automatic,Second,15.6,15.6,6.42,HONDA,CITY V,1497.0
3226,2012,93450,Diesel,Manual,Second,23.19,23.19,2.5,NISSAN,MICRA XV,1461.0
3227,2011,104000,Diesel,Automatic,First,19.08,19.08,5.75,HYUNDAI,VERNA SX,1582.0
3228,2003,52000,Petrol,Manual,First,16.1,16.1,0.5,MARUTI,800 STD,796.0
3229,2015,42999,Diesel,Manual,First,15.1,15.1,11.52,MAHINDRA,XUV500 W8,2179.0
3230,2014,90000,Diesel,Manual,First,21.5,21.5,4.5,MARUTI,SX4 VDI,1248.0
3231,2013,72000,Petrol,Automatic,First,15.0,15.0,4.75,HYUNDAI,I20 SPORTZ,1396.0
3232,2019,54321,Diesel,Manual,First,19.67,19.67,13.54,HYUNDAI,CRETA 1.6,1582.0
3233,2015,59630,Diesel,Automatic,First,13.0,13.0,23.41,MERCEDES-BENZ,E-CLASS E250,2143.0
3234,2013,116000,Diesel,Automatic,Second,12.55,12.55,19.25,TOYOTA,FORTUNER 4X2,2982.0
3235,2015,34000,Diesel,Automatic,First,9.0,9.0,20.0,VOLVO,S60 D4,1984.0
3236,2011,70000,Diesel,Automatic,First,14.21,14.21,13.0,MERCEDES-BENZ,E-CLASS 2009-2013,2143.0
3237,2010,80000,Petrol,Manual,First,10.2,10.2,3.99,HONDA,ACCORD 2.4,2354.0
3238,2015,110000,Diesel,Manual,First,25.8,25.8,4.65,HONDA,AMAZE S,1498.0
3239,2013,56454,Diesel,Manual,First,28.4,28.4,4.65,MARUTI,DZIRE ZDI,1248.0
3240,2013,60000,Petrol,Manual,First,18.6,18.6,3.15,MARUTI,SWIFT LXI,1197.0
3241,2013,56000,Petrol,Automatic,First,14.53,14.53,8.25,TOYOTA,COROLLA ALTIS,1798.0
3242,2012,63000,Diesel,Automatic,Second,11.49,11.49,65.0,LAND,ROVER RANGE,4367.0
3243,2012,63000,Diesel,Manual,First,22.9,22.9,4.5,MARUTI,SWIFT VDI,1248.0
3244,2017,15050,Diesel,Manual,First,16.3,16.3,17.5,JEEP,COMPASS 2.0,1956.0
3245,2016,29401,Petrol,Manual,First,20.4,20.4,4.31,MARUTI,SWIFT VXI,1197.0
3246,2016,25238,Petrol,Manual,First,18.7,18.7,6.2,HONDA,JAZZ 1.2,1199.0
3247,2011,79000,Diesel,Manual,First,23.59,23.59,4.67,TOYOTA,ETIOS GD,1364.0
3248,2011,58752,Petrol,Manual,First,16.47,16.47,3.32,VOLKSWAGEN,POLO PETROL,1198.0
3249,2011,62000,Petrol,Automatic,First,12.9,12.9,3.75,HONDA,CIVIC 2006-2010,1799.0
3250,2013,132000,Petrol,Manual,First,16.78,16.78,4.7,TOYOTA,ETIOS G,1496.0
3251,2016,51000,Petrol,Manual,First,17.01,17.01,6.5,HYUNDAI,VERNA 1.6,1591.0
3252,2009,185200,Diesel,Manual,First,12.8,12.8,7.25,TOYOTA,INNOVA 2.5,2494.0
3253,2016,61717,Diesel,Manual,First,22.7,22.7,8.94,MARUTI,SX4 S,1598.0
3254,2018,8896,Petrol,Manual,First,19.0,19.0,7.34,FORD,FREESTYLE TITANIUM,1194.0
3255,2016,17000,Petrol,Manual,First,21.4,21.4,6.9,MARUTI,BALENO ALPHA,1197.0
3256,2016,31378,Petrol,Manual,First,18.2,18.2,5.9,HONDA,JAZZ V,1199.0
3257,2013,114000,Diesel,Automatic,First,22.32,22.32,6.75,HYUNDAI,VERNA 1.6,1582.0
3258,2014,81000,Diesel,Manual,First,25.8,25.8,4.1,HONDA,AMAZE VX,1498.0
3259,2017,31000,Diesel,Automatic,First,18.51,18.51,27.0,AUDI,Q3 30,1968.0
3260,2014,35000,Petrol,Manual,First,15.0,15.0,4.5,SKODA,RAPID 2013-2016,1598.0
3261,2013,60001,Diesel,Automatic,First,17.11,17.11,14.5,AUDI,A4 2.0,1968.0
3262,2014,75074,Diesel,Manual,First,23.4,23.4,5.25,MARUTI,SWIFT DZIRE,1248.0
3263,2012,80000,Diesel,Manual,Second,22.3,22.3,1.2,TATA,INDICA VISTA,1248.0
3264,2006,147350,Diesel,Manual,Second,12.99,12.99,4.95,TOYOTA,INNOVA 2.5,2494.0
3265,2013,60000,Diesel,Manual,First,19.64,19.64,7.5,RENAULT,DUSTER 110PS,1461.0
3266,2015,7501,Petrol,Automatic,First,10.0,10.0,48.0,MERCEDES-BENZ,E-CLASS E400,2996.0
3267,2015,58000,Diesel,Manual,First,25.8,25.8,4.45,HONDA,AMAZE S,1498.0
3268,2018,29277,Diesel,Automatic,First,11.57,11.57,59.65,MERCEDES-BENZ,GLE 350D,2987.0
3269,2015,57034,Diesel,Manual,First,23.2,23.2,4.38,MARUTI,RITZ VDI,1248.0
3270,2016,40810,Diesel,Manual,First,28.09,28.09,7.9,MARUTI,CIAZ ZDI,1248.0
3271,2008,35268,Petrol,Manual,Second,0.0,0.0,1.88,HYUNDAI,SANTRO XING,1086.0
3273,2018,34630,Petrol,Automatic,First,21.4,21.4,7.29,MARUTI,BALENO DELTA,1197.0
3274,2012,45122,Diesel,Manual,First,23.5,23.5,6.0,FORD,FIESTA DIESEL,1498.0
3275,2011,126000,Diesel,Manual,Third,16.0,16.0,6.7,MAHINDRA,XUV500 W8,2179.0
3276,2009,63000,Petrol,Manual,First,19.7,19.7,1.5,MARUTI,ALTO LXI,796.0
3277,2016,32298,Diesel,Automatic,First,20.7,20.7,23.8,MINI,COOPER 3,1496.0
3278,2014,63288,Diesel,Manual,First,15.1,15.1,7.77,MAHINDRA,XUV500 W8,2179.0
3279,2012,43337,Petrol,Manual,First,17.92,17.92,3.32,HYUNDAI,SANTRO XING,1086.0
3280,2015,46561,Diesel,Manual,First,22.9,22.9,4.94,MARUTI,SWIFT VDI,1248.0
3281,2013,34000,Diesel,Automatic,Second,20.0,20.0,11.0,MERCEDES-BENZ,A CLASS,2143.0
3282,2016,48000,Petrol,Manual,First,25.17,25.17,3.4,RENAULT,KWID RXT,799.0
3283,2013,56263,Diesel,Manual,First,22.9,22.9,4.17,MARUTI,SWIFT VDI,1248.0
3284,2005,84060,Petrol,Manual,Second,17.3,17.3,1.25,MARUTI,ZEN LXI,993.0
3285,2016,9000,Petrol,Automatic,First,18.9,18.9,5.45,HYUNDAI,GRAND I10,1197.0
3286,2012,79000,Diesel,Manual,First,21.12,21.12,2.59,TATA,MANZA AURA,1248.0
3287,2015,87900,Diesel,Manual,First,16.0,16.0,12.01,MAHINDRA,XUV500 W10,2179.0
3288,2010,72425,Petrol,Manual,Second,17.5,17.5,2.45,MARUTI,SWIFT DZIRE,1197.0
3289,2015,38000,Diesel,Automatic,First,15.73,15.73,29.0,AUDI,Q3 35,1968.0
3290,2008,83000,Diesel,Manual,Second,17.8,17.8,2.4,FORD,FIESTA 1.4,1399.0
3291,2010,107000,Diesel,Automatic,First,14.84,14.84,11.99,MERCEDES-BENZ,NEW C-CLASS,2143.0
3292,2015,51000,Petrol,Automatic,First,18.0,18.0,7.9,HONDA,CITY I,1497.0
3293,2010,140000,Diesel,Manual,Third,12.8,12.8,6.25,TOYOTA,INNOVA 2.5,2494.0
3294,2011,48000,Petrol,Manual,Second,18.6,18.6,1.8,CHEVROLET,BEAT LT,1199.0
3295,2013,62000,CNG,Manual,First,26.6,26.6,2.8,MARUTI,WAGON R,998.0
3296,2015,31000,Petrol,Manual,First,18.7,18.7,4.9,HONDA,JAZZ 1.2,1199.0
3297,2010,75055,Petrol,Manual,First,18.06,18.06,2.25,NISSAN,MICRA XL,1198.0
3298,2017,51210,Petrol,Automatic,First,19.12,19.12,8.89,MARUTI,CIAZ AT,1373.0
3299,2012,87000,Diesel,Automatic,First,12.55,12.55,15.0,TOYOTA,FORTUNER 4X2,2982.0
3300,2018,17000,Diesel,Manual,First,26.1,26.1,5.65,FORD,ASPIRE AMBIENTE,1498.0
3301,2014,57000,Diesel,Manual,First,20.77,20.77,7.0,MARUTI,ERTIGA ZDI,1248.0
3302,2016,9370,Petrol,Manual,First,22.74,22.74,2.95,MARUTI,ALTO 800,796.0
3303,2013,53226,Petrol,Manual,First,19.4,19.4,3.3,HONDA,BRIO V,1198.0
3304,2010,120000,Diesel,Manual,Second,16.2,16.2,3.5,HYUNDAI,VERNA TRANSFORM,1493.0
3305,2007,75055,Petrol,Manual,First,12.8,12.8,2.3,HONDA,CITY 1.5,1493.0
3306,2017,37247,Diesel,Manual,First,19.67,19.67,13.69,HYUNDAI,CRETA 1.6,1582.0
3307,2013,64000,Diesel,Manual,First,23.59,23.59,3.1,TOYOTA,ETIOS LIVA,1364.0
3308,2014,12000,Petrol,Manual,First,13.44,13.44,12.75,HYUNDAI,SONATA TRANSFORM,2359.0
3309,2017,40158,Diesel,Manual,First,19.67,19.67,13.75,HYUNDAI,CRETA 1.6,1582.0
3310,2017,11000,Petrol,Manual,First,18.7,18.7,6.75,HONDA,JAZZ 1.2,1199.0
3311,2014,70010,Diesel,Manual,First,20.54,20.54,5.25,VOLKSWAGEN,VENTO DIESEL,1598.0
3312,2015,82000,Diesel,Manual,First,16.0,16.0,8.75,MAHINDRA,XUV500 W6,2179.0
3313,2017,57259,Diesel,Manual,First,18.49,18.49,8.87,MAHINDRA,TUV 300,1493.0
3314,2010,84000,Petrol,Automatic,Second,11.1,11.1,6.5,HONDA,ACCORD 2001-2003,2354.0
3315,2012,168000,Diesel,Manual,First,20.77,20.77,4.5,MARUTI,ERTIGA VDI,1248.0
3316,2012,73670,Diesel,Manual,First,12.83,12.83,12.5,MAHINDRA,SSANGYONG REXTON,2696.0
3317,2014,89540,Diesel,Automatic,First,12.55,12.55,16.8,TOYOTA,FORTUNER 4X2,2982.0
3318,2016,85423,Diesel,Manual,First,20.77,20.77,8.75,MARUTI,ERTIGA ZDI,1248.0
3319,2013,48823,Diesel,Automatic,First,19.5,19.5,8.5,HYUNDAI,ELANTRA CRDI,1582.0
3320,2011,35082,Petrol,Manual,First,20.36,20.36,2.21,HYUNDAI,I10 MAGNA,1197.0
3321,2012,126000,Petrol,Manual,First,16.8,16.8,1.6,MARUTI,OMNI MPI,796.0
3322,2016,19000,Petrol,Automatic,First,15.5,15.5,6.25,HONDA,AMAZE VX,1198.0
3323,2007,69000,Petrol,Automatic,Second,12.9,12.9,2.25,HONDA,CIVIC 2006-2010,1799.0
3324,2019,29836,Diesel,Automatic,First,17.9,17.9,25.75,MERCEDES-BENZ,CLA 200,2143.0
3325,2010,48002,Petrol,Manual,Second,13.14,13.14,6.75,SKODA,SUPERB 1.8,1798.0
3326,2015,52324,Diesel,Manual,First,28.09,28.09,6.25,MARUTI,CIAZ ZDI,1248.0
3327,2013,65000,Diesel,Manual,First,22.7,22.7,5.1,FORD,ECOSPORT 1.5,1498.0
3328,2009,66000,Diesel,Automatic,Second,8.7,8.7,10.75,MERCEDES-BENZ,M-CLASS ML,2987.0
3329,2016,75700,Diesel,Manual,First,24.0,24.0,5.7,HYUNDAI,GRAND I10,1120.0
3330,2013,43000,Diesel,Manual,First,20.5,20.5,5.95,VOLKSWAGEN,VENTO DIESEL,1598.0
3331,2012,42706,Diesel,Manual,First,25.44,25.44,2.4,CHEVROLET,BEAT DIESEL,936.0
3332,2013,35000,Diesel,Manual,First,17.21,17.21,3.49,MAHINDRA,QUANTO C6,1493.0
3333,2011,54348,Petrol,Automatic,First,19.2,19.2,4.0,HYUNDAI,I10 ASTA,1197.0
3334,2013,84000,Diesel,Manual,First,23.59,23.59,3.85,TOYOTA,ETIOS LIVA,1364.0
3335,2010,63298,Petrol,Automatic,First,14.53,14.53,3.95,TOYOTA,COROLLA ALTIS,1794.0
3336,2013,75049,Petrol,Manual,Second,20.36,20.36,3.0,HYUNDAI,I10 MAGNA,1197.0
3337,2018,24237,Petrol,Manual,First,18.16,18.16,6.7,FORD,FIGO ASPIRE,1196.0
3338,2016,22767,Petrol,Manual,First,18.5,18.5,6.14,MARUTI,RITZ ZXI,1197.0
3339,2012,58000,Petrol,Automatic,Second,15.0,15.0,4.4,HYUNDAI,I20 SPORTZ,1396.0
3340,2017,57000,Diesel,Manual,First,26.59,26.59,4.25,MARUTI,SWIFT DZIRE,1248.0
3341,2010,50161,Petrol,Automatic,First,8.77,8.77,25.93,BMW,7 SERIES,4395.0
3342,2016,45000,Diesel,Manual,First,22.7,22.7,7.0,MARUTI,S CROSS,1598.0
3343,2017,68319,Diesel,Automatic,First,12.55,12.55,25.12,TOYOTA,FORTUNER 4X4,2982.0
3344,2017,30711,Petrol,Manual,First,20.3,20.3,4.45,HYUNDAI,EON 1.0,998.0
3345,2011,38277,Diesel,Manual,First,21.9,21.9,2.4,HYUNDAI,I20 1.4,1396.0
3346,2012,115000,Diesel,Manual,Second,20.54,20.54,4.33,VOLKSWAGEN,VENTO DIESEL,1598.0
3347,2017,46849,Petrol,Automatic,First,18.5,18.5,6.93,MARUTI,SWIFT DZIRE,1197.0
3348,2014,64000,Diesel,Manual,First,21.9,21.9,4.25,HYUNDAI,I20 MAGNA,1396.0
3349,2010,130923,Diesel,Automatic,First,14.21,14.21,12.5,MERCEDES-BENZ,E-CLASS 2009-2013,2143.0
3350,2015,15000,Petrol,Manual,First,18.9,18.9,4.9,HYUNDAI,GRAND I10,1197.0
3351,2014,32720,Diesel,Manual,First,23.0,23.0,4.5,HYUNDAI,I20 1.4,1396.0
3352,2016,12500,Petrol,Manual,First,25.17,25.17,3.0,RENAULT,KWID RXT,799.0
3353,2015,59800,Petrol,Automatic,First,16.9,16.9,5.8,HYUNDAI,XCENT 1.2,1197.0
3354,2011,54211,Petrol,Manual,First,15.04,15.04,3.33,VOLKSWAGEN,VENTO PETROL,1598.0
3355,2015,62242,Diesel,Automatic,First,14.39,14.39,6.62,CHEVROLET,CRUZE LTZ,1998.0
3356,2015,54000,Diesel,Manual,Second,19.01,19.01,5.75,NISSAN,TERRANO XL,1461.0
3357,2012,65000,Diesel,Manual,First,22.32,22.32,6.2,HYUNDAI,VERNA 1.6,1582.0
3358,2015,55000,Petrol,Automatic,First,23.1,23.1,3.5,MARUTI,CELERIO VXI,998.0
3359,2010,71000,Petrol,Manual,First,18.9,18.9,2.0,MARUTI,WAGON R,998.0
3360,2012,70000,Diesel,Manual,First,21.9,21.9,4.0,HYUNDAI,I20 MAGNA,1396.0
3361,2011,53000,Petrol,Automatic,First,12.3,12.3,9.5,AUDI,A4 1.8,1781.0
3362,2013,43000,Diesel,Automatic,First,17.05,17.05,17.5,BMW,X1 SDRIVE20D,1995.0
3363,2015,54000,Petrol,Automatic,First,14.3,14.3,6.11,SKODA,RAPID 1.6,1598.0
3364,2014,51000,Petrol,Manual,First,20.36,20.36,3.75,HYUNDAI,I10 MAGNA,1197.0
3365,2007,78000,Diesel,Manual,Second,10.5,10.5,6.2,MITSUBISHI,PAJERO 2.8,2835.0
3366,2014,25000,Diesel,Manual,First,26.0,26.0,6.15,HONDA,CITY I,1498.0
3367,2012,12600,Petrol,Manual,First,20.92,20.92,2.4,MARUTI,ALTO K10,998.0
3368,2009,80000,Diesel,Manual,Fourth & Above,17.8,17.8,2.15,MARUTI,SWIFT LDI,1248.0
3369,2016,21000,Petrol,Manual,First,18.9,18.9,3.75,HYUNDAI,GRAND I10,1197.0
3370,2011,32000,Petrol,Manual,Second,15.6,15.6,2.15,FORD,FIGO PETROL,1196.0
3371,2015,50000,Petrol,Manual,First,18.9,18.9,4.75,HYUNDAI,GRAND I10,1197.0
3372,2010,47500,Petrol,Manual,First,15.5,15.5,2.45,MARUTI,SX4 VXI,1586.0
3373,2017,7500,Petrol,Manual,First,17.4,17.4,11.15,HONDA,CITY I-VTEC,1497.0
3374,2016,68163,Diesel,Automatic,First,19.6,19.6,8.9,RENAULT,DUSTER 110PS,1461.0
3375,2014,61000,Diesel,Manual,First,25.8,25.8,4.35,HONDA,AMAZE S,1498.0
3376,2015,100000,Diesel,Manual,Second,12.99,12.99,12.0,TOYOTA,INNOVA 2.5,2494.0
3377,2009,61500,Diesel,Automatic,Second,16.07,16.07,8.5,BMW,3 SERIES,1995.0
3378,2017,42883,Petrol,Manual,First,19.81,19.81,4.27,HYUNDAI,I10 MAGNA,1086.0
3379,2012,97000,Diesel,Manual,Second,20.45,20.45,4.25,RENAULT,DUSTER 85PS,1461.0
3380,2010,39525,Petrol,Automatic,First,11.3,11.3,9.25,MITSUBISHI,OUTLANDER 2.4,2360.0
3381,2017,35384,Diesel,Manual,First,24.3,24.3,8.61,MARUTI,VITARA BREZZA,1248.0
3382,2010,46000,Diesel,Automatic,First,11.8,11.8,28.0,MERCEDES-BENZ,R-CLASS R350,2987.0
3383,2018,32189,Diesel,Manual,First,23.0,23.0,9.25,FORD,ECOSPORT 1.5,1498.0
3384,2016,27000,Diesel,Automatic,First,19.08,19.08,8.6,HYUNDAI,VERNA 1.6,1582.0
3385,2018,22734,Petrol,Manual,First,16.47,16.47,7.53,VOLKSWAGEN,POLO 1.2,1198.0
3386,2014,58002,Diesel,Manual,First,19.64,19.64,5.75,RENAULT,DUSTER 110PS,1461.0
3387,2012,31500,Petrol,Automatic,First,16.5,16.5,4.15,HONDA,BRIO S,1198.0
3388,2017,30933,Petrol,Manual,First,18.16,18.16,5.84,FORD,FIGO 2015-2019,1196.0
3389,2012,27090,Diesel,Automatic,First,18.53,18.53,16.5,AUDI,A6 2.0,1968.0
3390,2015,29500,Diesel,Automatic,First,15.97,15.97,43.0,BMW,X5 2014-2019,2993.0
3391,2013,45000,Petrol,Manual,First,20.36,20.36,3.55,HYUNDAI,I10 SPORTZ,1197.0
3392,2018,11691,Petrol,Manual,First,18.6,18.6,8.9,HYUNDAI,I20 1.2,1197.0
3393,2006,121000,Diesel,Manual,Second,16.4,16.4,2.5,SKODA,OCTAVIA L,1896.0
3394,2010,118077,Diesel,Manual,First,16.2,16.2,3.85,HYUNDAI,VERNA TRANSFORM,1493.0
3395,2012,36300,Petrol,Automatic,Third,17.1,17.1,7.5,HYUNDAI,VERNA 1.6,1591.0
3396,2005,90000,Petrol,Manual,Second,15.3,15.3,1.8,HYUNDAI,GETZ GVS,1341.0
3397,2010,78000,Diesel,Manual,First,20.0,20.0,2.25,FORD,FIGO DIESEL,1399.0
3398,2015,42000,Diesel,Automatic,First,17.68,17.68,24.25,AUDI,A6 2011-2015,1968.0
3399,2015,27000,Petrol,Manual,First,16.47,16.47,4.35,VOLKSWAGEN,POLO 1.2,1198.0
3400,2012,22000,Diesel,Automatic,First,17.05,17.05,11.5,BMW,X1 SDRIVE20D,1995.0
3401,2014,49000,Petrol,Manual,First,17.4,17.4,4.75,HONDA,CITY I,1497.0
3402,2012,42600,Diesel,Manual,First,23.0,23.0,4.99,HYUNDAI,I20 SPORTZ,1396.0
3403,2018,12794,Petrol,Automatic,First,19.0,19.0,9.15,HONDA,JAZZ 1.2,1199.0
3405,2014,88046,Petrol,Automatic,First,10.1,10.1,13.99,HONDA,CR-V 2.4,2354.0
3406,2014,8000,Diesel,Automatic,Second,20.0,20.0,19.75,MERCEDES-BENZ,A CLASS,2143.0
3407,2018,82739,Diesel,Automatic,First,16.0,16.0,16.77,MAHINDRA,XUV500 AT,2179.0
3408,2006,193000,Diesel,Manual,Third,13.6,13.6,2.5,MAHINDRA,BOLERO SLX,2523.0
3409,2013,7000,Petrol,Automatic,First,17.97,17.97,3.65,RENAULT,SCALA RXL,1498.0
3410,2012,60000,Diesel,Automatic,Second,12.35,12.35,23.5,LAND,ROVER FREELANDER,2179.0
3411,2017,38000,Petrol,Manual,First,22.74,22.74,3.11,MARUTI,ALTO 800,796.0
3412,2013,56344,Petrol,Manual,First,17.6,17.6,4.57,TOYOTA,ETIOS G,1496.0
3413,2014,17858,Petrol,Manual,First,17.0,17.0,5.32,HYUNDAI,I20 SPORTZ,1197.0
3414,2012,53000,Petrol,Manual,First,20.36,20.36,3.2,HYUNDAI,I10 SPORTZ,1197.0
3415,2016,67906,Diesel,Manual,First,25.2,25.2,5.63,MARUTI,SWIFT VDI,1248.0
3416,2015,19000,Petrol,Manual,First,21.1,21.1,3.0,HYUNDAI,EON MAGNA,814.0
3417,2010,67000,Diesel,Automatic,Second,22.69,22.69,9.25,BMW,3 SERIES,1995.0
3418,2011,80000,Diesel,Manual,First,23.57,23.57,1.2,TATA,INDIGO XL,1396.0
3419,2015,61000,Petrol,Manual,First,22.74,22.74,2.15,MARUTI,ALTO 800,796.0
3420,2010,39000,Diesel,Manual,First,22.07,22.07,3.05,VOLKSWAGEN,POLO DIESEL,1199.0
3421,2014,59000,Petrol,Automatic,First,14.28,14.28,11.5,TOYOTA,COROLLA ALTIS,1798.0
3422,2008,80931,Petrol,Manual,First,17.92,17.92,2.3,HYUNDAI,SANTRO XING,1086.0
3423,2016,34000,Petrol,Manual,First,20.4,20.4,4.95,MARUTI,SWIFT ZXI,1197.0
3424,2013,130000,Diesel,Manual,First,21.64,21.64,4.75,RENAULT,SCALA DIESEL,1461.0
3425,2018,52380,Diesel,Manual,First,24.3,24.3,10.15,MARUTI,VITARA BREZZA,1248.0
3426,2011,44000,Petrol,Manual,First,18.06,18.06,2.65,NISSAN,MICRA XV,1198.0
3427,2015,84000,Diesel,Manual,First,20.0,20.0,3.8,FORD,FIGO DIESEL,1399.0
3428,2017,41697,Petrol,Automatic,First,13.1,13.1,16.68,HONDA,CR-V 2.0,1997.0
3429,2014,163000,Diesel,Manual,First,19.01,19.01,5.0,NISSAN,TERRANO XV,1461.0
3430,2011,42000,Petrol,Manual,Second,17.71,17.71,3.75,TOYOTA,ETIOS LIVA,1197.0
3431,2013,129000,Diesel,Manual,Third,21.27,21.27,4.11,HYUNDAI,I20 ASTA,1396.0
3432,2015,32200,Petrol,Manual,Second,18.16,18.16,4.25,FORD,FIGO ASPIRE,1196.0
3433,2004,129000,Diesel,Manual,First,10.5,10.5,3.45,MITSUBISHI,PAJERO 2.8,2835.0
3434,2014,40000,Diesel,Automatic,First,17.11,17.11,22.5,AUDI,A4 2.0,1968.0
3435,2006,150000,Petrol,Manual,First,12.4,12.4,4.5,TOYOTA,INNOVA 2.0,1998.0
3436,2007,140000,Petrol,Manual,First,15.26,15.26,0.9,CHEVROLET,AVEO U-VA,1150.0
3437,2006,63181,Petrol,Manual,First,15.3,15.3,1.85,HYUNDAI,GETZ GLS,1341.0
3438,2013,39575,Diesel,Manual,First,25.8,25.8,3.25,HONDA,AMAZE S,1498.0
3439,2010,63600,Diesel,Manual,Second,17.8,17.8,3.1,MARUTI,SWIFT VDI,1248.0
3440,2014,70374,Diesel,Manual,First,22.7,22.7,7.34,FORD,ECOSPORT 1.5,1498.0
3441,2015,26256,Diesel,Manual,First,20.14,20.14,4.25,VOLKSWAGEN,CROSSPOLO 1.5,1498.0
3442,2016,13460,Petrol,Manual,First,18.6,18.6,6.45,HYUNDAI,ELITE I20,1197.0
3443,2011,122000,Diesel,Manual,Second,12.8,12.8,10.75,TOYOTA,INNOVA 2.5,2494.0
3444,2015,58589,Diesel,Automatic,First,15.26,15.26,27.75,MERCEDES-BENZ,M-CLASS ML,2143.0
3445,2005,115000,Petrol,Manual,Second,17.3,17.3,0.99,MARUTI,WAGON R,1061.0
3446,2016,75000,Diesel,Automatic,First,12.62,12.62,24.0,FORD,ENDEAVOUR 2.2,2198.0
3447,2016,30292,Petrol,Manual,First,18.6,18.6,6.1,HYUNDAI,ELITE I20,1197.0
3448,2017,32248,Petrol,Manual,First,17.5,17.5,8.25,HONDA,WRV I-VTEC,1199.0
3449,2013,74000,Petrol,Manual,First,16.47,16.47,4.65,VOLKSWAGEN,POLO PETROL,1198.0
3450,2014,56100,Petrol,Manual,First,13.7,13.7,9.75,HONDA,CR-V 2.0L,1997.0
3451,2014,61325,Petrol,Manual,First,18.9,18.9,4.4,HYUNDAI,GRAND I10,1197.0
3452,2014,33000,Petrol,Manual,First,19.1,19.1,3.99,MARUTI,SWIFT DZIRE,1197.0
3453,2016,18090,Diesel,Automatic,First,16.2,16.2,45.73,BMW,5 SERIES,2993.0
3454,2014,71390,Diesel,Manual,First,22.7,22.7,5.27,FORD,ECOSPORT 1.5,1498.0
3455,2014,41000,CNG,Manual,First,26.2,26.2,3.5,MARUTI,WAGON R,998.0
3456,2016,67000,Diesel,Manual,First,26.0,26.0,7.25,HONDA,CITY I,1498.0
3457,2008,99000,Diesel,Manual,Second,17.0,17.0,1.6,TATA,INDIGO LS,1405.0
3458,2014,142000,Diesel,Manual,Second,19.01,19.01,6.0,RENAULT,DUSTER 110PS,1461.0
3459,2010,26966,Petrol,Manual,First,20.36,20.36,3.0,HYUNDAI,I10 SPORTZ,1197.0
3460,2015,27628,Petrol,Manual,First,18.7,18.7,4.95,HONDA,JAZZ 1.2,1199.0
3461,2016,82497,Diesel,Manual,First,23.65,23.65,8.99,MARUTI,SX4 S,1248.0
3462,2007,86000,Petrol,Manual,Third,11.9,11.9,1.85,HONDA,ACCORD VTI-L,2354.0
3463,2016,26981,Petrol,Manual,First,16.47,16.47,6.16,VOLKSWAGEN,POLO PETROL,1198.0
3464,2010,110471,Diesel,Manual,First,21.1,21.1,3.5,MARUTI,RITZ VDI,1248.0
3465,2014,69000,Petrol,Manual,First,19.5,19.5,4.5,HONDA,AMAZE S,1199.0
3466,2017,12000,Petrol,Manual,First,18.6,18.6,7.75,HYUNDAI,I20 1.2,1197.0
3467,2014,77500,Diesel,Manual,First,20.45,20.45,6.6,RENAULT,DUSTER 85PS,1461.0
3468,2014,48031,Petrol,Manual,First,18.9,18.9,4.98,HYUNDAI,GRAND I10,1197.0
3469,2008,170000,Diesel,Automatic,Third,16.07,16.07,9.75,BMW,3 SERIES,1995.0
3470,2014,69565,Diesel,Manual,First,22.7,22.7,5.55,FORD,ECOSPORT 1.5,1498.0
3471,2016,45492,Diesel,Automatic,First,21.5,21.5,10.3,VOLKSWAGEN,VENTO 1.5,1498.0
3472,2011,85000,Petrol,Automatic,Second,11.7,11.7,7.5,HONDA,ACCORD 2.4,2354.0
3473,2008,55902,Petrol,Manual,First,14.49,14.49,1.8,CHEVROLET,AVEO 1.4,1399.0
3474,2017,18500,Petrol,Manual,First,16.2,16.2,6.25,VOLKSWAGEN,POLO 1.2,1199.0
3475,2015,129750,Diesel,Manual,Second,14.95,14.95,6.8,MAHINDRA,XYLO D4,2489.0
3476,2009,50902,Petrol,Automatic,First,19.2,19.2,3.0,HYUNDAI,I10 MAGNA,1197.0
3477,2015,84725,Diesel,Manual,First,15.1,15.1,11.6,MAHINDRA,XUV500 W8,2179.0
3478,2013,40000,Diesel,Manual,Second,22.7,22.7,6.95,HYUNDAI,ELANTRA CRDI,1582.0
3479,2010,60000,Petrol,Manual,Third,14.3,14.3,3.5,VOLKSWAGEN,PASSAT 1.8,1798.0
3480,2014,33496,Petrol,Manual,First,18.9,18.9,5.5,HYUNDAI,GRAND I10,1197.0
3481,2015,25000,Petrol,Manual,First,18.6,18.6,5.65,HYUNDAI,I20 ASTA,1197.0
3482,2013,71000,Diesel,Manual,First,18.2,18.2,3.25,CHEVROLET,ENJOY TCDI,1248.0
3483,2015,20826,Petrol,Automatic,First,14.3,14.3,7.72,SKODA,RAPID 1.6,1598.0
3484,2016,42244,Diesel,Manual,First,19.67,19.67,12.0,HYUNDAI,CRETA 1.6,1582.0
3485,2013,98598,Diesel,Manual,First,25.44,25.44,1.55,CHEVROLET,BEAT DIESEL,936.0
3486,2011,62100,Diesel,Manual,First,11.5,11.5,10.75,TOYOTA,FORTUNER 3.0,2982.0
3487,2016,44238,Petrol,Manual,First,18.6,18.6,6.72,HYUNDAI,I20 SPORTZ,1197.0
3488,2012,91743,Diesel,Automatic,First,12.07,12.07,28.55,AUDI,Q7 3.0,2967.0
3489,2013,19828,Diesel,Automatic,Second,17.85,17.85,75.0,PORSCHE,PANAMERA DIESEL,2967.0
3490,2016,36891,Petrol,Manual,First,17.8,17.8,10.49,HONDA,CITY I,1497.0
3491,2012,90049,Diesel,Manual,First,17.21,17.21,3.8,MAHINDRA,QUANTO C4,1493.0
3492,2012,74002,Diesel,Automatic,First,16.55,16.55,18.5,AUDI,A4 2.0,1968.0
3493,2013,41000,Petrol,Automatic,First,12.37,12.37,6.0,HYUNDAI,SONATA TRANSFORM,2359.0
3494,2012,83678,Diesel,Manual,First,22.32,22.32,5.5,HYUNDAI,VERNA 1.6,1582.0
3495,2010,91000,Petrol,Manual,First,18.9,18.9,2.3,MARUTI,WAGON R,998.0
3496,2016,50000,Diesel,Manual,First,24.52,24.52,8.7,MARUTI,ERTIGA SHVS,1248.0
3497,2015,58000,Diesel,Manual,First,24.4,24.4,4.95,HYUNDAI,XCENT 1.1,1120.0
3498,2012,80000,Diesel,Manual,First,22.9,22.9,4.25,MARUTI,SWIFT VDI,1248.0
3499,2017,41290,Diesel,Manual,Second,16.0,16.0,10.94,MAHINDRA,XUV500 W6,2179.0
3500,2013,65000,Diesel,Automatic,First,22.48,22.48,21.26,BMW,5 SERIES,1995.0
3501,2016,16471,Petrol,Manual,Second,14.28,14.28,11.5,TOYOTA,COROLLA ALTIS,1798.0
3502,2015,54339,Diesel,Manual,Second,22.54,22.54,6.0,HYUNDAI,I20 ASTA,1396.0
3503,2016,24025,Petrol,Manual,First,18.15,18.15,4.1,MAHINDRA,KUV 100,1198.0
3504,2013,24027,Petrol,Manual,First,24.7,24.7,2.01,MARUTI,ALTO 800,796.0
3505,2010,59270,Petrol,Manual,First,15.7,15.7,2.6,FIAT,PUNTO EVO,1172.0
3506,2012,40000,Petrol,Manual,First,18.9,18.9,2.35,MARUTI,WAGON R,998.0
3507,2012,155566,Diesel,Manual,Second,9.5,9.5,9.15,MITSUBISHI,PAJERO 4X4,2835.0
3508,2013,42320,Petrol,Manual,First,19.4,19.4,2.9,HONDA,BRIO EX,1198.0
3509,2017,24153,Diesel,Manual,Second,22.54,22.54,9.18,HYUNDAI,I20 ASTA,1396.0
3510,2016,27000,Petrol,Automatic,First,13.0,13.0,11.45,HYUNDAI,CRETA 1.6,1591.0
3511,2012,92000,CNG,Manual,Second,26.83,26.83,2.1,MARUTI,ALTO GREEN,796.0
3512,2017,61795,Petrol,Manual,First,17.8,17.8,5.53,HONDA,AMAZE S,1198.0
3513,2016,13500,Petrol,Manual,First,18.15,18.15,3.75,MAHINDRA,KUV 100,1198.0
3514,2018,4500,Petrol,Automatic,First,18.0,18.0,12.5,HONDA,CITY I-VTEC,1497.0
3515,2017,23000,Diesel,Automatic,First,16.0,16.0,15.5,MAHINDRA,XUV500 AT,2179.0
3516,2011,65400,Petrol,Manual,First,0.0,0.0,2.1,HYUNDAI,SANTRO GLS,1086.0
3517,2013,80578,Diesel,Automatic,Second,14.84,14.84,14.5,MERCEDES-BENZ,NEW C-CLASS,2143.0
3518,2017,42646,Diesel,Automatic,First,19.6,19.6,12.46,RENAULT,DUSTER 110PS,1461.0
3519,2014,30000,Petrol,Manual,Second,16.47,16.47,5.25,VOLKSWAGEN,POLO 1.2,1198.0
3521,2009,98000,Diesel,Automatic,Second,13.5,13.5,25.0,MERCEDES-BENZ,S CLASS,2987.0
3523,2012,50000,Diesel,Automatic,First,12.9,12.9,45.0,JAGUAR,XJ 3.0L,2993.0
3524,2015,63310,Diesel,Manual,First,28.4,28.4,5.1,MARUTI,SWIFT VDI,1248.0
3525,2014,66000,Diesel,Manual,First,25.8,25.8,3.5,HONDA,AMAZE S,1498.0
3526,2011,74000,Diesel,Automatic,Second,16.07,16.07,12.5,BMW,3 SERIES,1995.0
3527,2012,93000,Diesel,Manual,First,23.5,23.5,5.55,HYUNDAI,VERNA 1.4,1396.0
3528,2015,70000,Diesel,Automatic,First,11.5,11.5,19.48,TOYOTA,FORTUNER 4X2,2982.0
3529,2012,48772,Petrol,Manual,First,18.6,18.6,3.91,MARUTI,SWIFT VXI,1197.0
3530,2010,66000,Petrol,Manual,First,18.6,18.6,2.19,CHEVROLET,BEAT LS,1199.0
3531,2017,27417,Petrol,Automatic,First,18.9,18.9,6.89,HYUNDAI,GRAND I10,1197.0
3532,2011,51593,Petrol,Manual,Second,15.6,15.6,3.47,FORD,FIGO PETROL,1196.0
3533,2008,86340,Petrol,Automatic,Second,9.1,9.1,3.25,NISSAN,TEANA 230JM,2349.0
3534,2010,75000,Petrol,Manual,First,16.1,16.1,2.85,MARUTI,SWIFT VXI,1298.0
3535,2016,39237,Diesel,Automatic,First,17.11,17.11,25.64,AUDI,A4 35,1968.0
3536,2018,11966,Petrol,Manual,First,16.8,16.8,10.28,HONDA,CITY V,1497.0
3537,2015,37000,Petrol,Manual,First,18.2,18.2,6.3,HONDA,JAZZ V,1199.0
3538,2014,70920,Diesel,Manual,First,20.14,20.14,4.75,VOLKSWAGEN,POLO 1.5,1498.0
3539,2013,65280,Diesel,Manual,First,19.87,19.87,5.8,NISSAN,TERRANO XL,1461.0
3540,2016,62000,Diesel,Automatic,First,12.51,12.51,44.5,LAND,ROVER DISCOVERY,2179.0
3541,2014,44525,Petrol,Manual,First,18.5,18.5,4.65,HYUNDAI,I20 MAGNA,1197.0
3542,2009,86863,Petrol,Manual,First,17.0,17.0,3.6,HONDA,CITY 1.5,1497.0
3543,2015,102626,Diesel,Manual,First,16.0,16.0,12.25,MAHINDRA,XUV500 W10,2179.0
3544,2017,45000,Diesel,Manual,First,16.3,16.3,20.0,JEEP,COMPASS 2.0,1956.0
3545,2017,22000,Diesel,Manual,First,16.0,16.0,16.0,MAHINDRA,XUV500 W10,2179.0
3546,2011,108905,Diesel,Automatic,Second,11.79,11.79,6.21,MAHINDRA,SCORPIO VLX,2179.0
3547,2016,12800,Petrol,Manual,First,19.44,19.44,3.25,DATSUN,GO PLUS,1198.0
3548,2016,32000,Diesel,Manual,First,15.4,15.4,9.75,MAHINDRA,SCORPIO S6,2179.0
3549,2014,39000,Petrol,Automatic,First,15.5,15.5,4.45,HONDA,AMAZE S,1198.0
3550,2017,42000,Diesel,Manual,First,25.6,25.6,12.0,HONDA,CITY I-DTEC,1498.0
3551,2008,73000,Petrol,Manual,First,14.4,14.4,0.8,TATA,INDIGO GLE,1396.0
3552,2018,48000,Diesel,Manual,First,24.0,24.0,5.95,HYUNDAI,GRAND I10,1186.0
3553,2015,18000,CNG,Manual,First,33.44,33.44,3.0,MARUTI,ALTO 800,796.0
3554,2014,19000,Petrol,Manual,First,17.43,17.43,5.25,HYUNDAI,VERNA 1.4,1396.0
3555,2019,33598,Diesel,Manual,First,13.68,13.68,22.2,TOYOTA,INNOVA CRYSTA,2393.0
3556,2012,63000,Diesel,Automatic,First,17.05,17.05,13.5,BMW,X1 SDRIVE20D,1995.0
3557,2015,48000,Diesel,Automatic,First,16.96,16.96,13.5,VOLKSWAGEN,JETTA 2013-2015,1968.0
3558,2014,66000,Diesel,Manual,First,20.0,20.0,3.47,FORD,FIGO DIESEL,1399.0
3559,2013,80000,Diesel,Automatic,Second,11.18,11.18,9.5,MAHINDRA,SSANGYONG REXTON,2696.0
3560,2011,37000,Petrol,Manual,First,15.04,15.04,4.8,VOLKSWAGEN,VENTO PETROL,1598.0
3561,2016,35058,Petrol,Manual,First,15.0,15.0,6.54,SKODA,RAPID 1.6,1598.0
3562,2012,52000,Petrol,Manual,First,16.47,16.47,3.1,VOLKSWAGEN,POLO PETROL,1198.0
3563,2015,61313,Diesel,Manual,First,23.65,23.65,7.99,MARUTI,S CROSS,1248.0
3564,2009,45000,Petrol,Manual,Second,14.53,14.53,3.3,TOYOTA,COROLLA ALTIS,1798.0
3565,2015,74000,Diesel,Manual,First,20.77,20.77,8.75,MARUTI,ERTIGA ZDI,1248.0
3566,2013,89000,Petrol,Automatic,First,19.2,19.2,4.19,HYUNDAI,I10 ASTA,1197.0
3567,2019,13414,Diesel,Automatic,First,17.9,17.9,30.77,MERCEDES-BENZ,CLA 200,2143.0
3568,2006,95000,Petrol,Manual,Second,16.9,16.9,2.11,HONDA,CITY ZX,1497.0
3569,2018,15900,Petrol,Manual,First,18.15,18.15,6.25,MAHINDRA,KUV 100,1198.0
3570,2011,151000,Diesel,Manual,First,11.5,11.5,11.4,TOYOTA,FORTUNER 3.0,2982.0
3571,2011,65000,Petrol,Manual,First,17.0,17.0,5.2,HONDA,CITY 1.5,1497.0
3572,2017,36824,Diesel,Automatic,First,18.53,18.53,39.84,AUDI,A6 35,1968.0
3573,2013,65287,Diesel,Manual,First,20.0,20.0,4.45,FORD,FIGO DIESEL,1399.0
3574,2014,52000,Diesel,Automatic,First,17.9,17.9,19.5,MERCEDES-BENZ,GLA CLASS,2143.0
3575,2007,33000,Petrol,Manual,First,15.26,15.26,1.75,CHEVROLET,AVEO U-VA,1150.0
3576,2016,71000,Diesel,Manual,First,25.83,25.83,5.1,FORD,FIGO 2015-2019,1498.0
3577,2013,71000,Diesel,Automatic,First,22.7,22.7,6.8,HYUNDAI,ELANTRA CRDI,1582.0
3578,2016,20000,Petrol,Automatic,First,21.4,21.4,5.74,MARUTI,BALENO ZETA,1197.0
3579,2010,71000,Petrol,Manual,First,16.1,16.1,3.3,MARUTI,SWIFT LXI,1197.0
3580,2010,29000,Diesel,Automatic,First,9.9,9.9,32.0,MERCEDES-BENZ,CLS-CLASS 2006-2010,3498.0
3581,2016,27000,Diesel,Automatic,First,21.76,21.76,35.0,BMW,3 SERIES,1995.0
3582,2017,19000,Diesel,Automatic,First,28.4,28.4,8.9,MARUTI,DZIRE AMT,1248.0
3583,2011,58000,Petrol,Manual,Second,17.01,17.01,4.0,HYUNDAI,VERNA 1.6,1591.0
3584,2018,42203,Diesel,Manual,First,17.1,17.1,19.46,JEEP,COMPASS 2.0,1956.0
3585,2009,94000,Diesel,Automatic,First,11.4,11.4,5.25,HYUNDAI,SONATA EMBERA,1991.0
3586,2013,52000,CNG,Manual,Second,15.1,15.1,2.6,MARUTI,EECO 5,1196.0
3587,2018,4900,Diesel,Manual,First,21.5,21.5,9.22,TATA,NEXON 1.5,1497.0
3588,2013,70000,Petrol,Manual,First,21.1,21.1,1.8,HYUNDAI,EON ERA,814.0
3589,2005,100000,Diesel,Manual,Second,13.5,13.5,1.3,TATA,INDICA DLS,1405.0
3590,2015,65266,Diesel,Automatic,First,14.69,14.69,31.75,BMW,5 SERIES,2993.0
3591,2014,54569,Diesel,Manual,First,20.77,20.77,5.99,MARUTI,ERTIGA VDI,1248.0
3592,2015,51361,Petrol,Manual,First,18.0,18.0,4.94,HONDA,AMAZE E,1198.0
3593,2007,125000,Petrol,Manual,Third,16.6,16.6,1.5,FORD,FIESTA 1.4,1388.0
3594,2008,66000,Petrol,Manual,Third,13.5,13.5,3.25,HONDA,CIVIC 2006-2010,1799.0
3595,2007,65047,LPG,Manual,First,17.3,17.3,1.95,MARUTI,WAGON R,1061.0
3596,2014,22281,Diesel,Manual,First,20.77,20.77,6.5,MARUTI,ERTIGA ZDI,1248.0
3597,2013,63210,Diesel,Manual,First,24.0,24.0,3.71,HYUNDAI,GRAND I10,1120.0
3598,2018,31000,Petrol,Manual,First,20.14,20.14,5.0,HYUNDAI,XCENT 1.2,1197.0
3599,2008,60000,Petrol,Manual,First,19.81,19.81,1.99,HYUNDAI,I10 ERA,1086.0
3600,2017,32006,Petrol,Manual,First,18.0,18.0,4.25,HONDA,AMAZE S,1198.0
3601,2009,78000,Diesel,Automatic,First,12.4,12.4,8.0,AUDI,A6 2.7,2698.0
3602,2011,9489,Petrol,Manual,First,20.36,20.36,2.95,HYUNDAI,I10 MAGNA,1197.0
3603,2018,5000,Petrol,Manual,First,25.17,25.17,3.5,RENAULT,KWID RXT,799.0
3604,2012,60000,Diesel,Automatic,Second,15.2,15.2,16.0,AUDI,A4 NEW,1968.0
3605,2015,50000,Petrol,Manual,First,22.74,22.74,2.75,MARUTI,ALTO 800,796.0
3606,2015,53000,Petrol,Manual,First,17.8,17.8,6.95,HONDA,CITY I,1497.0
3607,2011,64000,Petrol,Automatic,Second,11.74,11.74,12.5,MERCEDES-BENZ,NEW C-CLASS,1796.0
3608,2017,43827,Diesel,Automatic,First,13.22,13.22,36.83,AUDI,Q5 3.0,2967.0
3609,2011,36431,Petrol,Manual,First,16.2,16.2,2.7,VOLKSWAGEN,POLO 1.2,1199.0
3610,2017,35000,Diesel,Manual,First,21.38,21.38,9.9,HYUNDAI,CRETA 1.4,1396.0
3611,2011,94832,Petrol,Manual,First,17.0,17.0,3.83,HONDA,CITY 1.5,1497.0
3612,2012,88381,Petrol,Manual,First,17.0,17.0,5.25,HONDA,CITY 1.5,1497.0
3613,2016,45194,Diesel,Manual,First,22.7,22.7,7.75,MARUTI,S CROSS,1598.0
3614,2010,66000,Petrol,Manual,Second,16.51,16.51,2.46,MARUTI,SX4 VXI,1586.0
3615,2014,38578,Diesel,Manual,First,23.4,23.4,3.96,MARUTI,SWIFT DZIRE,1248.0
3616,2015,40000,Diesel,Manual,First,20.77,20.77,8.25,MARUTI,ERTIGA ZDI,1248.0
3617,2018,20632,Petrol,Manual,First,18.6,18.6,7.58,HYUNDAI,I20 1.2,1197.0
3618,2014,73042,Diesel,Manual,First,24.0,24.0,3.99,HYUNDAI,GRAND I10,1120.0
3619,2014,54257,Petrol,Manual,First,17.4,17.4,6.25,HONDA,CITY I,1497.0
3620,2013,93000,Diesel,Manual,First,20.5,20.5,5.0,SKODA,RAPID 1.6,1598.0
3621,2005,102000,Diesel,Automatic,Second,11.0,11.0,4.65,MERCEDES-BENZ,E-CLASS E270,2987.0
3622,2016,28881,Diesel,Automatic,First,13.01,13.01,21.37,HYUNDAI,SANTA FE,2199.0
3623,2007,52195,Petrol,Manual,First,19.7,19.7,1.75,MARUTI,ALTO LXI,796.0
3624,2018,20422,Diesel,Manual,First,12.4,12.4,16.09,ISUZU,D-MAX V-CROSS,2499.0
3625,2012,38000,Diesel,Manual,First,24.8,24.8,4.1,HYUNDAI,VERNA 1.4,1396.0
3626,2015,92885,Diesel,Manual,First,20.0,20.0,3.56,FORD,FIGO DIESEL,1399.0
3627,2010,43000,Petrol,Manual,Second,17.0,17.0,4.21,HONDA,CITY 1.5,1497.0
3628,2016,70478,Diesel,Manual,First,17.8,17.8,6.86,MARUTI,SWIFT VDI,1248.0
3629,2015,57000,Diesel,Manual,First,23.9,23.9,6.6,HYUNDAI,VERNA 1.6,1582.0
3630,2018,32434,Petrol,Automatic,First,13.0,13.0,14.35,HYUNDAI,CRETA 1.6,1591.0
3631,2017,32000,Diesel,Manual,First,22.7,22.7,9.5,FORD,ECOSPORT 1.5,1498.0
3632,2011,59000,Diesel,Automatic,First,11.2,11.2,21.9,BMW,X6 XDRIVE30D,2993.0
3633,2016,76467,Diesel,Automatic,First,18.12,18.12,30.45,BMW,5 SERIES,1995.0
3634,2016,100000,Diesel,Manual,First,25.83,25.83,5.1,FORD,FIGO ASPIRE,1498.0
3635,2013,37086,Petrol,Automatic,First,17.0,17.0,5.44,HYUNDAI,VERNA VTVT,1591.0
3636,2010,135000,Diesel,Manual,First,13.8,13.8,1.6,FORD,IKON 1.4,1399.0
3637,2014,54862,Diesel,Automatic,First,17.68,17.68,16.67,AUDI,A6 2011-2015,1968.0
3638,2010,67758,Petrol,Manual,First,10.8,10.8,9.5,HONDA,CR-V SPORT,2354.0
3639,2012,56200,Petrol,Automatic,First,15.0,15.0,3.85,HYUNDAI,I20 2015-2017,1396.0
3640,2011,169006,Diesel,Manual,First,14.24,14.24,10.64,TOYOTA,FORTUNER 2.8,2755.0
3641,2016,20229,Petrol,Manual,First,25.17,25.17,3.5,RENAULT,KWID RXT,799.0
3642,2008,62000,Petrol,Manual,Third,18.0,18.0,1.1,CHEVROLET,SPARK 1.0,995.0
3643,2011,51500,Petrol,Manual,Second,16.2,16.2,2.6,HYUNDAI,VERNA TRANSFORM,1599.0
3644,2012,69000,Diesel,Automatic,First,18.88,18.88,18.5,BMW,3 SERIES,1995.0
3645,2004,167000,Petrol,Manual,First,0.0,0.0,1.35,HYUNDAI,SANTRO XING,1086.0
3646,2015,62476,Diesel,Manual,First,26.59,26.59,7.95,MARUTI,SWIFT DZIRE,1248.0
3647,2017,60500,Diesel,Manual,First,25.4,25.4,5.49,HYUNDAI,XCENT 1.2,1186.0
3648,2017,17978,Petrol,Automatic,First,19.0,19.0,6.95,HONDA,JAZZ V,1199.0
3649,2008,300000,Diesel,Manual,First,17.0,17.0,1.0,TATA,INDIGO LS,1405.0
3650,2013,123000,Diesel,Manual,Second,17.8,17.8,4.45,FORD,FIESTA CLASSIC,1399.0
3651,2016,45296,Diesel,Manual,First,25.1,25.1,6.99,MARUTI,S-CROSS ALPHA,1248.0
3652,2008,77325,Petrol,Manual,First,15.6,15.6,3.51,MARUTI,SX4 ZXI,1586.0
3653,2018,25858,Petrol,Automatic,First,21.4,21.4,7.54,MARUTI,BALENO ZETA,1197.0
3654,2016,120000,Diesel,Manual,First,23.2,23.2,3.65,MARUTI,RITZ LDI,1248.0
3655,2016,22000,Diesel,Automatic,First,19.5,19.5,16.0,HYUNDAI,ELANTRA CRDI,1582.0
3656,2012,11000,Petrol,Manual,First,16.2,16.2,1.4,CHEVROLET,SPARK 1.0,995.0
3657,2017,3900,Petrol,Manual,First,18.6,18.6,6.45,HYUNDAI,I20 1.2,1197.0
3658,2016,106092,Diesel,Manual,First,24.4,24.4,4.4,HYUNDAI,XCENT 1.1,1120.0
3659,2015,27000,Petrol,Automatic,First,19.0,19.0,5.95,HONDA,JAZZ 1.2,1199.0
3660,2013,11000,Petrol,Manual,First,19.4,19.4,3.9,HONDA,BRIO S,1198.0
3661,2016,39753,Diesel,Automatic,First,13.0,13.0,35.28,MERCEDES-BENZ,E-CLASS E250,2143.0
3662,2017,39800,Diesel,Manual,First,17.6,17.6,14.25,TATA,HEXA XT,2179.0
3663,2017,73000,Diesel,Manual,First,24.4,24.4,4.5,HYUNDAI,XCENT 1.1,1120.0
3664,2015,55000,Diesel,Manual,First,22.7,22.7,7.5,FORD,ECOSPORT 1.5,1498.0
3665,2017,18351,Petrol,Automatic,First,21.9,21.9,3.41,TATA,NANO XTA,624.0
3666,2013,45000,Petrol,Manual,Second,19.4,19.4,3.25,HONDA,BRIO VX,1198.0
3667,2016,112200,Diesel,Manual,First,24.52,24.52,8.3,MARUTI,ERTIGA SHVS,1248.0
3668,2010,29000,Petrol,Manual,First,20.36,20.36,3.45,HYUNDAI,I10 SPORTZ,1197.0
3669,2007,57309,Petrol,Manual,First,17.0,17.0,2.1,HYUNDAI,SANTRO XING,1086.0
3670,2015,53392,Diesel,Manual,First,16.0,16.0,11.95,MAHINDRA,XUV500 W10,2179.0
3671,2010,71000,Diesel,Manual,First,20.54,20.54,4.25,VOLKSWAGEN,VENTO DIESEL,1598.0
3672,2014,93000,Diesel,Manual,First,14.0,14.0,8.25,TATA,SAFARI STORME,2179.0
3673,2010,119000,Petrol,Manual,First,10.2,10.2,5.95,HONDA,ACCORD 2.4,2354.0
3674,2016,42225,Petrol,Manual,First,15.1,15.1,4.3,MARUTI,EECO 7,1196.0
3675,2012,65000,Diesel,Manual,First,22.9,22.9,3.9,MARUTI,SWIFT VDI,1248.0
3676,2016,27809,Petrol,Automatic,First,21.4,21.4,6.41,MARUTI,BALENO ZETA,1197.0
3677,2015,65100,Diesel,Manual,First,15.1,15.1,8.36,MAHINDRA,XUV500 W8,2179.0
3678,2014,51000,Petrol,Manual,First,19.1,19.1,3.85,HYUNDAI,XCENT 1.2,1197.0
3679,2017,10000,Diesel,Automatic,First,19.27,19.27,36.0,MERCEDES-BENZ,NEW C-CLASS,2143.0
3680,2011,54895,Petrol,Manual,First,13.14,13.14,7.5,SKODA,SUPERB 1.8,1798.0
3681,2015,80768,Diesel,Manual,First,20.14,20.14,5.7,VOLKSWAGEN,CROSSPOLO 1.5,1498.0
3682,2019,12076,Petrol,Manual,First,20.89,20.89,5.5,MARUTI,IGNIS 1.2,1197.0
3683,2016,49000,Diesel,Manual,First,25.2,25.2,5.9,MARUTI,SWIFT VDI,1248.0
3684,2015,42366,Petrol,Manual,First,17.8,17.8,7.75,HONDA,CITY I,1497.0
3685,2010,68000,Diesel,Automatic,First,11.5,11.5,18.0,BMW,5 SERIES,2993.0
3686,2008,122397,Diesel,Manual,First,17.5,17.5,4.4,SKODA,LAURA AMBIENTE,1896.0
3687,2017,50534,Petrol,Automatic,First,17.21,17.21,8.27,VOLKSWAGEN,POLO GT,1197.0
3688,2014,55300,Diesel,Manual,First,19.87,19.87,4.75,RENAULT,DUSTER 85PS,1461.0
3689,2008,73095,Petrol,Automatic,First,16.8,16.8,3.8,HONDA,CITY 1.5,1497.0
3690,2011,51100,Diesel,Manual,First,20.54,20.54,3.4,VOLKSWAGEN,VENTO DIESEL,1598.0
3691,2016,13436,Petrol,Manual,Second,18.9,18.9,4.7,HYUNDAI,GRAND I10,1197.0
3692,2008,76000,Petrol,Manual,Second,16.6,16.6,1.49,FORD,FIESTA 1.4,1388.0
3693,2016,63141,Diesel,Manual,Second,24.4,24.4,4.5,HYUNDAI,XCENT 1.1,1120.0
3694,2014,74885,Diesel,Manual,First,25.8,25.8,5.4,HONDA,AMAZE VX,1498.0
3695,2016,14000,Petrol,Automatic,First,18.0,18.0,11.5,HONDA,CITY I,1497.0
3696,2012,56000,Diesel,Manual,Second,20.4,20.4,3.5,RENAULT,FLUENCE 1.5,1461.0
3697,2010,46000,Diesel,Automatic,First,22.48,22.48,16.5,BMW,5 SERIES,1995.0
3698,2012,51800,Petrol,Manual,First,15.5,15.5,3.9,MARUTI,SX4 ZXI,1586.0
3699,2007,81000,Petrol,Automatic,First,16.4,16.4,3.25,HONDA,CITY ZX,1497.0
3700,2018,17370,Petrol,Manual,First,17.0,17.0,5.84,VOLKSWAGEN,AMEO 1.2,1198.0
3701,2016,18456,Petrol,Manual,First,17.0,17.0,5.75,VOLKSWAGEN,AMEO 1.2,1198.0
3702,2010,59000,Diesel,Automatic,First,16.55,16.55,10.0,AUDI,A4 2.0,1968.0
3703,2006,141537,Petrol,Manual,Second,18.9,18.9,1.05,MARUTI,WAGON R,998.0
3704,2013,51000,Diesel,Automatic,First,19.08,19.08,5.64,HYUNDAI,VERNA SX,1582.0
3705,2019,29311,Diesel,Automatic,First,17.9,17.9,50.97,MERCEDES-BENZ,GLC 220D,2143.0
3706,2016,31000,Diesel,Automatic,First,21.76,21.76,29.95,BMW,3 SERIES,1995.0
3707,2014,80000,Diesel,Manual,Second,24.2,24.2,4.85,HONDA,MOBILIO V,1498.0
3708,2016,33000,Diesel,Automatic,First,17.01,17.01,14.5,HYUNDAI,CRETA 1.6,1582.0
3709,2011,71556,Petrol,Manual,First,17.0,17.0,5.5,HONDA,CITY 1.5,1497.0
3710,2011,85000,Diesel,Manual,First,17.8,17.8,3.2,FORD,FIESTA 1.4,1399.0
3711,2016,91000,Diesel,Manual,First,26.59,26.59,4.5,MARUTI,SWIFT DZIRE,1248.0
3712,2015,73187,Diesel,Automatic,First,13.0,13.0,30.72,MERCEDES-BENZ,E-CLASS E250,2143.0
3713,2009,232000,Diesel,Manual,First,11.5,11.5,3.5,CHEVROLET,CAPTIVA LT,1991.0
3714,2007,127079,Diesel,Manual,First,12.8,12.8,6.99,TOYOTA,INNOVA 2.5,2494.0
3715,2014,58816,Diesel,Manual,First,17.21,17.21,3.45,MAHINDRA,QUANTO C8,1493.0
3716,2015,63818,Petrol,Manual,First,17.4,17.4,6.57,HONDA,CITY I,1497.0
3717,2014,40000,Diesel,Automatic,First,17.11,17.11,17.5,AUDI,A4 2.0,1968.0
3718,2013,77445,Diesel,Manual,First,22.07,22.07,3.75,VOLKSWAGEN,POLO DIESEL,1199.0
3719,2017,14000,Petrol,Automatic,First,14.8,14.8,9.99,FORD,ECOSPORT 1.5,1497.0
3720,2012,85122,Diesel,Manual,First,12.99,12.99,8.2,TOYOTA,INNOVA 2.5,2494.0
3721,2005,123000,Petrol,Manual,Third,13.0,13.0,1.1,HONDA,CITY 1.5,1493.0
3722,2015,61000,CNG,Manual,First,22.1,22.1,3.89,MARUTI,SX4 GREEN,1586.0
3723,2015,63714,Petrol,Manual,First,24.7,24.7,2.45,MARUTI,ALTO 800,796.0
3724,2009,53000,Diesel,Automatic,First,8.7,8.7,13.75,MERCEDES-BENZ,M-CLASS ML,2987.0
3725,2017,60000,Diesel,Manual,First,26.59,26.59,3.0,MARUTI,SWIFT DZIRE,1248.0
3726,2017,33000,Diesel,Manual,First,24.3,24.3,9.25,MARUTI,VITARA BREZZA,1248.0
3727,2013,31000,Diesel,Automatic,First,13.2,13.2,17.65,VOLVO,S60 D5,2400.0
3728,2014,79000,Diesel,Automatic,First,12.55,12.55,18.25,TOYOTA,FORTUNER 4X2,2982.0
3729,2013,67914,Diesel,Manual,First,23.0,23.0,3.45,HYUNDAI,I20 SPORTZ,1396.0
3730,2015,58970,Diesel,Automatic,First,17.11,17.11,23.75,AUDI,A4 35,1968.0
3731,2013,60000,Diesel,Manual,Second,19.64,19.64,5.45,NISSAN,TERRANO XV,1461.0
3732,2017,35225,Petrol,Automatic,First,23.1,23.1,5.25,MARUTI,CELERIO ZXI,998.0
3733,2005,69496,Petrol,Manual,First,15.9,15.9,1.1,MARUTI,ESTEEM VXI,1298.0
3734,2012,62282,Petrol,Automatic,First,16.95,16.95,2.9,HYUNDAI,I10 SPORTZ,1197.0
3735,2010,80000,Diesel,Automatic,First,22.69,22.69,14.2,BMW,3 SERIES,1995.0
3736,2018,43698,Petrol,Manual,First,18.9,18.9,5.8,HYUNDAI,GRAND I10,1197.0
3737,2017,28052,Petrol,Automatic,First,18.9,18.9,7.22,HYUNDAI,GRAND I10,1197.0
3738,2016,29091,Petrol,Manual,First,18.9,18.9,4.87,HYUNDAI,GRAND I10,1197.0
3739,2013,63000,Petrol,Manual,First,16.47,16.47,3.3,VOLKSWAGEN,POLO 1.2,1198.0
3740,2007,91000,Petrol,Manual,Second,17.7,17.7,3.0,HONDA,CITY ZX,1497.0
3741,2014,30000,Diesel,Automatic,First,17.9,17.9,26.0,MERCEDES-BENZ,GLA CLASS,2143.0
3742,2017,24571,Petrol,Manual,First,14.0,14.0,2.9,MARUTI,OMNI 8,796.0
3743,2014,45000,Petrol,Automatic,First,15.74,15.74,7.5,HYUNDAI,VERNA 1.6,1591.0
3744,2015,24617,Petrol,Manual,First,22.74,22.74,2.36,MARUTI,ALTO 800,796.0
3745,2017,26927,Diesel,Manual,First,24.3,24.3,11.39,MARUTI,VITARA BREZZA,1248.0
3746,2013,87736,Diesel,Manual,First,15.1,15.1,7.02,MAHINDRA,XUV500 W8,2179.0
3747,2016,35299,Diesel,Manual,First,24.3,24.3,8.0,MARUTI,VITARA BREZZA,1248.0
3748,2017,51612,Petrol,Manual,First,18.6,18.6,7.11,HYUNDAI,I20 1.2,1197.0
3749,1998,55300,Diesel,Automatic,First,10.0,10.0,3.9,MERCEDES-BENZ,E-CLASS 250,1796.0
3750,2009,65090,Petrol,Manual,First,19.7,19.7,2.15,MARUTI,ALTO LXI,796.0
3751,2013,40000,Petrol,Manual,First,18.0,18.0,3.25,HONDA,AMAZE S,1198.0
3752,2015,38467,Diesel,Automatic,First,12.65,12.65,70.66,LAND,ROVER RANGE,2993.0
3753,2013,71904,Diesel,Manual,First,24.0,24.0,4.61,HYUNDAI,GRAND I10,1120.0
3754,2008,87000,Petrol,Manual,First,13.5,13.5,2.35,HONDA,CIVIC 2006-2010,1799.0
3755,2014,33000,Diesel,Manual,Second,24.0,24.0,4.05,HYUNDAI,GRAND I10,1120.0
3756,2009,22100,Petrol,Manual,Second,16.1,16.1,0.8,MARUTI,800 AC,796.0
3757,2014,59589,Diesel,Manual,First,23.59,23.59,5.6,TOYOTA,ETIOS LIVA,1364.0
3758,2015,44000,Diesel,Manual,First,22.54,22.54,5.35,HYUNDAI,I20 MAGNA,1396.0
3759,2017,12000,Petrol,Manual,First,24.07,24.07,3.25,MARUTI,ALTO K10,998.0
3760,2012,66000,Diesel,Automatic,Second,17.05,17.05,11.5,BMW,X1 SDRIVE20D,1995.0
3761,2016,38009,Petrol,Automatic,First,23.1,23.1,4.25,MARUTI,CELERIO VXI,998.0
3762,2009,35000,Petrol,Automatic,Second,13.7,13.7,4.45,SKODA,SUPERB ELEGANCE,1798.0
3763,2009,70000,Diesel,Manual,First,14.0,14.0,2.85,MAHINDRA,XYLO E4,2498.0
3764,2014,86000,Diesel,Manual,First,15.1,15.1,7.85,MAHINDRA,XUV500 W8,2179.0
3765,2016,32000,Petrol,Manual,First,19.1,19.1,5.3,MARUTI,SWIFT DZIRE,1197.0
3766,2017,15000,Petrol,Manual,First,18.88,18.88,8.0,FORD,ECOSPORT 1.0,999.0
3767,2014,69918,Diesel,Manual,First,21.43,21.43,9.43,TOYOTA,COROLLA ALTIS,1364.0
3768,2012,39000,Petrol,Manual,First,18.5,18.5,2.75,HYUNDAI,I20 2015-2017,1197.0
3769,2018,1011,Diesel,Manual,First,20.37,20.37,13.5,RENAULT,CAPTUR 1.5,1461.0
3770,2009,85000,Diesel,Automatic,First,11.0,11.0,9.99,MERCEDES-BENZ,E-CLASS 280,2987.0
3771,2017,46663,Petrol,Manual,First,21.1,21.1,6.95,MARUTI,BALENO RS,998.0
3772,2015,27000,Petrol,Automatic,First,17.97,17.97,6.75,NISSAN,SUNNY 2011-2014,1498.0
3773,2015,15000,Petrol,Automatic,First,18.9,18.9,5.5,HYUNDAI,GRAND I10,1197.0
3774,2018,10575,Petrol,Manual,First,21.56,21.56,9.18,MARUTI,CIAZ ZETA,1462.0
3775,2014,12500,Petrol,Manual,First,19.1,19.1,4.15,HYUNDAI,XCENT 1.2,1197.0
3776,2012,52000,Diesel,Manual,First,22.32,22.32,6.5,HYUNDAI,VERNA 1.6,1582.0
3777,2015,49818,Petrol,Manual,First,21.5,21.5,4.11,MARUTI,WAGON R,1197.0
3778,2008,90000,Diesel,Manual,Second,16.8,16.8,2.25,HYUNDAI,VERNA CRDI,1493.0
3779,2015,52207,Petrol,Manual,First,17.71,17.71,4.56,TOYOTA,ETIOS LIVA,1197.0
3780,2013,167362,Diesel,Manual,First,11.68,11.68,4.0,MAHINDRA,XYLO E4,2498.0
3781,2015,49894,Diesel,Manual,First,23.59,23.59,5.27,TOYOTA,ETIOS LIVA,1364.0
3782,2019,13024,Diesel,Manual,First,18.06,18.06,9.11,MAHINDRA,THAR DI,2523.0
3783,2010,128000,Diesel,Manual,Second,14.42,14.42,6.2,NISSAN,X-TRAIL SLX,1995.0
3784,2017,26023,Diesel,Automatic,First,11.36,11.36,19.97,TOYOTA,INNOVA CRYSTA,2755.0
3785,2016,42784,Diesel,Manual,First,21.38,21.38,10.17,HYUNDAI,CRETA 1.4,1396.0
3786,2014,115000,Diesel,Manual,First,28.4,28.4,4.5,MARUTI,SWIFT VDI,1248.0
3787,2019,30529,Diesel,Manual,First,23.9,23.9,14.28,HYUNDAI,VERNA 1.6,1582.0
3788,2012,14814,Petrol,Manual,Second,19.7,19.7,2.47,MARUTI,ALTO LXI,796.0
3789,2016,58000,Diesel,Manual,First,23.65,23.65,7.9,MARUTI,S CROSS,1248.0
3790,2011,68128,Petrol,Manual,First,21.1,21.1,2.3,HYUNDAI,EON ERA,814.0
3791,2013,63220,Petrol,Manual,First,13.24,13.24,6.5,NISSAN,TERRANO XL,1598.0
3792,2016,30000,Petrol,Manual,First,21.1,21.1,3.25,HYUNDAI,EON ERA,814.0
3793,2017,27768,Diesel,Manual,First,20.65,20.65,5.85,TATA,ZEST QUADRAJET,1248.0
3794,2014,53000,Diesel,Automatic,Second,14.21,14.21,29.0,MERCEDES-BENZ,E-CLASS 2009-2013,2143.0
3795,2014,87652,Diesel,Automatic,Second,14.16,14.16,25.71,AUDI,Q5 2.0,1968.0
3796,2008,94873,Petrol,Manual,Second,15.3,15.3,1.85,FORD,FIESTA 1.6,1596.0
3797,2015,56000,Diesel,Automatic,First,18.88,18.88,22.75,BMW,3 SERIES,1995.0
3798,2018,18678,Petrol,Manual,First,21.1,21.1,8.32,MARUTI,BALENO RS,998.0
3799,2014,30000,Diesel,Automatic,First,14.21,14.21,26.0,MERCEDES-BENZ,E-CLASS 2009-2013,2143.0
3800,2012,129000,Diesel,Automatic,First,12.8,12.8,7.0,FORD,ENDEAVOUR HURRICANE,2953.0
3801,2013,59000,Petrol,Manual,First,20.36,20.36,3.45,HYUNDAI,I10 SPORTZ,1197.0
3802,2017,13000,Petrol,Manual,First,18.9,18.9,5.15,HYUNDAI,GRAND I10,1197.0
3803,2014,74325,Petrol,Manual,First,19.4,19.4,3.51,HONDA,BRIO S,1198.0
3804,2015,45000,Diesel,Manual,First,21.9,21.9,3.45,HYUNDAI,I20 MAGNA,1396.0
3805,2013,57000,Petrol,Manual,First,16.47,16.47,3.75,VOLKSWAGEN,POLO PETROL,1198.0
3806,2001,125943,Petrol,Manual,Second,13.0,13.0,1.45,HONDA,CITY 1.5,1493.0
3807,2008,80000,Diesel,Manual,First,18.7,18.7,2.2,SKODA,OCTAVIA AMBIENTE,1896.0
3808,2010,154000,Diesel,Manual,First,13.1,13.1,7.99,FORD,ENDEAVOUR 2.5L,2499.0
3809,2013,62000,Diesel,Manual,Second,18.3,18.3,6.75,CHEVROLET,CRUZE LTZ,1991.0
3811,2014,45000,Diesel,Manual,First,24.2,24.2,5.0,HONDA,MOBILIO V,1498.0
3812,2012,105000,Diesel,Manual,Second,20.77,20.77,5.9,MARUTI,ERTIGA VDI,1248.0
3813,2013,26000,Petrol,Manual,First,18.9,18.9,3.75,HYUNDAI,GRAND I10,1197.0
3814,2014,30900,Diesel,Automatic,First,14.74,14.74,29.5,JAGUAR,XF 3.0,2993.0
3815,2014,48000,Petrol,Manual,First,18.0,18.0,4.75,HONDA,AMAZE VX,1198.0
3816,2011,112719,Diesel,Automatic,First,12.4,12.4,11.5,AUDI,A6 2.7,2698.0
3817,2017,5000,Petrol,Manual,First,18.6,18.6,6.95,HYUNDAI,I20 1.2,1197.0
3818,2016,16000,Petrol,Manual,First,17.0,17.0,5.4,VOLKSWAGEN,AMEO 1.2,1198.0
3819,2011,63000,Petrol,Automatic,First,13.4,13.4,4.75,RENAULT,FLUENCE 2.0,1997.0
3820,2011,28300,Petrol,Manual,First,24.07,24.07,2.15,MARUTI,ALTO K10,998.0
3821,2005,49000,Petrol,Manual,First,19.7,19.7,0.9,MARUTI,ALTO STD,796.0
3822,2016,12501,Petrol,Manual,First,20.51,20.51,3.5,MARUTI,WAGON R,998.0
3823,2016,56628,Diesel,Manual,First,20.4,20.4,5.85,FIAT,LINEA 1.3,1248.0
3824,2010,105000,Diesel,Manual,First,19.3,19.3,3.15,MARUTI,SWIFT DZIRE,1248.0
3825,2016,52126,Diesel,Manual,First,21.64,21.64,6.0,RENAULT,SCALA DIESEL,1461.0
3826,2010,38000,Petrol,Manual,First,18.5,18.5,2.23,HYUNDAI,I20 MAGNA,1197.0
3827,2016,50000,Petrol,Manual,First,19.1,19.1,2.5,HYUNDAI,XCENT 1.2,1197.0
3828,2015,50230,Petrol,Manual,First,18.9,18.9,3.87,MARUTI,WAGON R,998.0
3829,2014,31000,Diesel,Manual,First,15.1,15.1,9.5,MAHINDRA,XUV500 W8,2179.0
3830,2014,79000,Diesel,Automatic,First,12.55,12.55,17.75,TOYOTA,FORTUNER 4X2,2982.0
3831,2012,130000,Diesel,Manual,First,19.64,19.64,3.75,RENAULT,DUSTER 110PS,1461.0
3832,2010,115000,Petrol,Manual,Second,17.92,17.92,1.5,HYUNDAI,SANTRO XING,1086.0
3833,2013,41500,Petrol,Manual,Second,17.01,17.01,5.0,HYUNDAI,VERNA 1.6,1591.0
3834,2014,54385,Diesel,Automatic,Second,15.06,15.06,17.0,BMW,X1 SDRIVE,1995.0
3835,2011,56361,Petrol,Automatic,First,12.9,12.9,4.38,HONDA,CIVIC 2006-2010,1799.0
3836,2018,22000,Petrol,Automatic,First,15.26,15.26,41.5,AUDI,A6 35,1798.0
3837,2017,8000,Petrol,Manual,First,20.51,20.51,3.0,MARUTI,WAGON R,998.0
3838,2018,28741,Diesel,Manual,First,24.3,24.3,11.0,MARUTI,VITARA BREZZA,1248.0
3839,2012,117236,Diesel,Automatic,Second,11.8,11.8,14.0,LAND,ROVER DISCOVERY,2720.0
3840,2016,30500,Diesel,Automatic,First,26.59,26.59,7.65,MARUTI,DZIRE NEW,1248.0
3841,2018,5000,Petrol,Manual,First,17.0,17.0,8.7,HYUNDAI,VERNA VTVT,1591.0
3842,2016,42000,Diesel,Manual,First,25.47,25.47,9.9,MARUTI,ERTIGA ZDI,1248.0
3843,2010,32773,Petrol,Manual,First,13.2,13.2,2.05,HYUNDAI,ACCENT GLE,1495.0
3844,2016,19008,Petrol,Manual,First,17.0,17.0,5.25,HYUNDAI,I20 1.2,1197.0
3845,2012,32542,Petrol,Manual,First,17.0,17.0,5.77,HYUNDAI,VERNA VTVT,1591.0
3846,2010,94753,Petrol,Manual,First,19.7,19.7,1.95,MARUTI,ALTO LX,796.0
3847,2011,70000,Diesel,Manual,Second,12.05,12.05,7.45,MAHINDRA,SCORPIO VLX,2179.0
3848,2012,68347,Petrol,Manual,First,18.9,18.9,2.6,MARUTI,WAGON R,998.0
3849,2011,72000,Petrol,Manual,Second,17.0,17.0,3.25,HYUNDAI,I20 1.2,1197.0
3850,2010,75014,Diesel,Manual,First,21.1,21.1,3.85,MARUTI,RITZ VDI,1248.0
3851,2013,65000,Diesel,Automatic,Second,13.73,13.73,7.5,RENAULT,KOLEOS 2.0,1995.0
3852,2012,55598,Diesel,Automatic,First,22.69,22.69,11.5,BMW,3 SERIES,1995.0
3853,2013,50000,Petrol,Manual,First,19.4,19.4,3.25,HONDA,BRIO V,1198.0
3854,2003,44200,Petrol,Manual,Second,11.7,11.7,1.5,HYUNDAI,SONATA GOLD,1997.0
3855,2014,65000,Diesel,Manual,First,19.3,19.3,5.31,MARUTI,SWIFT DZIRE,1248.0
3856,2013,49000,Diesel,Manual,First,16.0,16.0,9.0,MAHINDRA,XUV500 W8,2179.0
3857,2016,7200,Petrol,Manual,First,19.81,19.81,3.59,HYUNDAI,I10 SPORTZ,1086.0
3858,2016,43152,Petrol,Manual,First,20.73,20.73,7.35,MARUTI,CIAZ ZXI,1373.0
3859,2013,112000,Diesel,Manual,First,12.8,12.8,12.0,TOYOTA,INNOVA 2.5,2494.0
3860,2017,23540,Petrol,Manual,First,18.9,18.9,6.02,HYUNDAI,GRAND I10,1197.0
3861,2008,82160,Diesel,Manual,First,16.52,16.52,2.57,CHEVROLET,OPTRA MAGNUM,1991.0
3862,2013,57000,Diesel,Manual,First,12.83,12.83,12.45,MAHINDRA,SSANGYONG REXTON,2696.0
3863,2015,39335,Diesel,Manual,First,15.1,15.1,12.63,MAHINDRA,XUV500 W8,2179.0
3864,2014,62000,Petrol,Manual,Second,17.4,17.4,7.75,HONDA,CITY I,1497.0
3865,2014,60000,Diesel,Manual,First,22.7,22.7,5.5,FORD,ECOSPORT 1.5,1498.0
3866,2015,35000,Petrol,Manual,First,18.6,18.6,4.43,HYUNDAI,I20 SPORTZ,1197.0
3867,2016,32345,Diesel,Automatic,First,17.9,17.9,24.51,MERCEDES-BENZ,CLA 200,2143.0
3868,2014,47000,Petrol,Manual,First,22.0,22.0,2.65,HYUNDAI,EON MAGNA,814.0
3869,2012,65537,CNG,Manual,Second,33.44,33.44,2.1,MARUTI,ALTO 800,796.0
3870,2011,36000,Petrol,Manual,First,17.6,17.6,3.2,TOYOTA,ETIOS G,1496.0
3871,2016,75000,Diesel,Manual,First,23.4,23.4,4.25,MARUTI,SWIFT DZIRE,1248.0
3872,2008,38000,Petrol,Manual,First,19.7,19.7,1.1,MARUTI,ALTO LXI,796.0
3873,2015,57818,Petrol,Manual,First,23.1,23.1,4.3,MARUTI,CELERIO ZXI,998.0
3874,2015,45000,Diesel,Manual,First,22.7,22.7,8.9,FORD,ECOSPORT 1.5,1498.0
3875,2015,75055,Diesel,Manual,First,19.01,19.01,6.5,NISSAN,TERRANO XV,1461.0
3876,2009,65462,Petrol,Automatic,Third,11.1,11.1,3.5,HONDA,ACCORD VTI-L,2354.0
3877,2008,76206,Diesel,Manual,First,17.8,17.8,4.25,MARUTI,SWIFT LDI,1248.0
3878,2018,25948,Diesel,Automatic,First,16.0,16.0,16.46,MAHINDRA,XUV500 AT,2179.0
3879,2016,28500,Petrol,Manual,First,18.7,18.7,5.95,HONDA,JAZZ 1.2,1199.0
3880,2015,28004,Petrol,Manual,First,17.8,17.8,7.1,HONDA,CITY I,1497.0
3881,2011,25000,Petrol,Manual,Second,15.7,15.7,1.25,FIAT,GRANDE PUNTO,1172.0
3882,2010,40000,Petrol,Manual,Second,19.5,19.5,2.5,MARUTI,ESTILO LXI,1061.0
3883,2013,82543,Petrol,Manual,First,16.02,16.02,5.5,MARUTI,ERTIGA ZXI,1373.0
3884,2013,30000,Petrol,Manual,First,18.44,18.44,3.25,NISSAN,MICRA XL,1198.0
3885,2010,27800,Petrol,Manual,First,17.0,17.0,5.0,HONDA,CITY 1.5,1497.0
3886,2016,33415,Petrol,Manual,First,16.78,16.78,6.58,TOYOTA,ETIOS VX,1496.0
3887,2013,38000,Diesel,Automatic,First,18.88,18.88,19.5,BMW,3 SERIES,1995.0
3888,2017,41981,Petrol,Manual,First,18.7,18.7,6.14,HONDA,JAZZ 1.2,1199.0
3889,2013,77084,Diesel,Manual,First,28.4,28.4,4.95,MARUTI,DZIRE VDI,1248.0
3890,2013,71803,Diesel,Manual,First,20.5,20.5,5.75,SKODA,RAPID 1.6,1598.0
3891,2013,73314,Diesel,Manual,First,15.1,15.1,6.6,MAHINDRA,XUV500 W6,2179.0
3892,2015,69053,Petrol,Automatic,First,18.9,18.9,5.72,HYUNDAI,GRAND I10,1197.0
3893,2009,79782,Petrol,Manual,Second,17.0,17.0,2.6,HONDA,CITY 1.5,1497.0
3894,2010,250000,Diesel,Manual,Second,12.8,12.8,6.5,TOYOTA,INNOVA 2.5,2494.0
3895,2011,90000,Diesel,Manual,Second,15.1,15.1,6.1,MAHINDRA,XUV500 W8,2179.0
3896,2010,130000,Diesel,Manual,First,19.3,19.3,3.85,MARUTI,SWIFT DZIRE,1248.0
3897,2013,65000,Petrol,Manual,Second,15.04,15.04,4.5,VOLKSWAGEN,VENTO PETROL,1598.0
3898,2013,46496,Diesel,Manual,First,23.59,23.59,5.3,TOYOTA,ETIOS GD,1364.0
3899,2013,76000,Diesel,Automatic,Second,16.55,16.55,18.25,AUDI,A4 2.0,1968.0
3900,2012,28002,Petrol,Manual,First,16.02,16.02,5.75,MARUTI,ERTIGA LXI,1373.0
3901,2010,63000,CNG,Manual,Second,14.53,14.53,3.35,TOYOTA,COROLLA ALTIS,1798.0
3902,2010,70000,Petrol,Manual,Second,16.1,16.1,0.9,MARUTI,800 AC,796.0
3903,2011,66276,Petrol,Manual,First,17.0,17.0,5.5,HONDA,CITY 1.5,1497.0
3904,2014,45000,Petrol,Manual,First,19.1,19.1,3.99,MARUTI,SWIFT DZIRE,1197.0
3905,2014,67000,Petrol,Automatic,First,19.16,19.16,18.75,TOYOTA,CAMRY HYBRID,2494.0
3906,2014,43068,Diesel,Manual,First,24.0,24.0,3.5,HYUNDAI,GRAND I10,1120.0
3907,2016,40000,Diesel,Automatic,First,11.36,11.36,16.45,TOYOTA,INNOVA CRYSTA,2755.0
3908,2011,50436,Petrol,Manual,First,20.36,20.36,3.65,HYUNDAI,I10 MAGNA,1197.0
3909,2014,21000,Petrol,Automatic,First,18.9,18.9,5.4,HYUNDAI,GRAND I10,1197.0
3910,2018,2000,Diesel,Manual,First,27.39,27.39,8.7,MARUTI,BALENO ALPHA,1248.0
3911,2016,14500,Petrol,Automatic,First,14.67,14.67,20.75,SKODA,SUPERB STYLE,1798.0
3912,2010,68782,Diesel,Automatic,First,14.84,14.84,12.5,MERCEDES-BENZ,NEW C-CLASS,2143.0
3913,2011,35888,Diesel,Manual,First,21.1,21.1,1.89,MARUTI,RITZ VDI,1248.0
3914,2015,168205,Diesel,Manual,First,23.4,23.4,4.0,MARUTI,SWIFT DZIRE,1248.0
3915,2012,47000,Petrol,Manual,First,14.8,14.8,3.95,HONDA,CIVIC 2010-2013,1799.0
3916,2015,93700,Diesel,Manual,First,24.52,24.52,7.85,MARUTI,ERTIGA SHVS,1248.0
3917,2014,45000,Diesel,Manual,First,22.7,22.7,7.0,HYUNDAI,ELANTRA CRDI,1582.0
3918,2016,55547,Diesel,Automatic,First,12.55,12.55,24.99,TOYOTA,FORTUNER 4X2,2982.0
3919,2013,69000,Petrol,Automatic,First,17.21,17.21,4.5,VOLKSWAGEN,POLO GT,1197.0
3920,2005,88000,Diesel,Manual,Third,18.7,18.7,1.25,SKODA,OCTAVIA CLASSIC,1896.0
3921,2014,32400,Diesel,Manual,First,20.14,20.14,3.95,VOLKSWAGEN,POLO 1.5,1498.0
3922,2012,79000,Petrol,Manual,Second,17.92,17.92,1.6,HYUNDAI,SANTRO XING,1086.0
3923,2004,110000,Petrol,Manual,First,13.2,13.2,0.6,HYUNDAI,ACCENT GLE,1495.0
3924,2014,45407,Petrol,Manual,Second,21.1,21.1,3.39,HYUNDAI,EON D,814.0
3925,2011,136490,Diesel,Manual,First,12.8,12.8,9.8,TOYOTA,INNOVA 2.5,2494.0
3926,2017,19000,Diesel,Manual,First,26.8,26.8,5.91,MARUTI,IGNIS 1.3,1248.0
3927,2017,19416,Petrol,Manual,First,21.56,21.56,8.25,MARUTI,CIAZ ALPHA,1462.0
3928,2012,15500,Petrol,Manual,First,17.5,17.5,3.75,MARUTI,SWIFT DZIRE,1298.0
3929,2017,12538,Petrol,Automatic,First,18.0,18.0,12.5,HONDA,CITY I,1497.0
3930,2015,62588,Diesel,Manual,First,17.8,17.8,5.95,MARUTI,SWIFT VDI,1248.0
3931,2015,44328,Petrol,Manual,First,19.4,19.4,3.8,HONDA,BRIO S,1198.0
3932,2014,63000,Diesel,Manual,First,23.59,23.59,4.35,TOYOTA,ETIOS LIVA,1364.0
3933,2015,100000,Diesel,Automatic,First,13.5,13.5,32.5,VOLVO,XC60 D5,2400.0
3934,2015,103000,Petrol,Manual,First,15.64,15.64,3.0,TATA,INDIGO CS,1193.0
3935,2016,50296,Diesel,Automatic,Second,11.36,11.36,19.0,TOYOTA,INNOVA CRYSTA,2755.0
3936,2013,95500,Diesel,Manual,First,20.54,20.54,5.0,VOLKSWAGEN,VENTO DIESEL,1598.0
3937,2014,72100,Diesel,Manual,First,22.7,22.7,5.45,FORD,ECOSPORT 1.5,1498.0
3938,2010,19119,Petrol,Manual,First,18.9,18.9,2.7,MARUTI,WAGON R,998.0
3939,2006,30000,Petrol,Manual,First,13.0,13.0,10.75,MERCEDES-BENZ,S-CLASS 320,2987.0
3940,2015,75600,Diesel,Manual,First,20.14,20.14,5.8,VOLKSWAGEN,POLO 1.5,1498.0
3941,2007,137000,Petrol,Manual,Second,15.3,15.3,0.95,TATA,INDICA GLS,1193.0
3942,2002,53500,Petrol,Manual,Second,16.1,16.1,0.63,MARUTI,800 STD,796.0
3943,2018,26101,Diesel,Manual,First,17.1,17.1,17.55,JEEP,COMPASS 2.0,1956.0
3944,2016,7000,Petrol,Manual,First,24.07,24.07,3.0,MARUTI,ALTO K10,998.0
3945,2013,50000,Diesel,Automatic,First,19.3,19.3,15.0,SKODA,OCTAVIA ELEGANCE,1968.0
3946,2016,30000,Diesel,Manual,First,26.59,26.59,6.0,MARUTI,SWIFT DZIRE,1248.0
3947,2016,38151,Diesel,Manual,First,28.09,28.09,7.65,MARUTI,CIAZ VDI,1248.0
3948,2009,116000,Diesel,Manual,Second,15.8,15.8,8.5,MERCEDES-BENZ,NEW C-CLASS,2148.0
3949,2013,22000,Diesel,Manual,First,20.0,20.0,2.25,FORD,FIGO DIESEL,1399.0
3950,2010,60000,Petrol,Automatic,Second,14.53,14.53,4.65,TOYOTA,COROLLA ALTIS,1798.0
3951,2016,38000,Diesel,Manual,First,22.7,22.7,7.85,MARUTI,SX4 S,1598.0
3952,2011,51928,Petrol,Manual,First,15.6,15.6,3.46,FORD,FIGO PETROL,1196.0
3953,2018,3000,Petrol,Automatic,First,19.0,19.0,8.25,HONDA,JAZZ EXCLUSIVE,1199.0
3954,2006,67196,Petrol,Manual,First,17.3,17.3,1.25,MARUTI,ZEN LXI,993.0
3955,2012,100000,Diesel,Manual,Third,11.5,11.5,16.0,TOYOTA,FORTUNER 3.0,2982.0
3956,2015,65218,Diesel,Manual,First,26.21,26.21,7.4,MARUTI,CIAZ ZDI,1248.0
3957,2016,53886,Petrol,Manual,First,25.17,25.17,3.07,RENAULT,KWID RXT,799.0
3958,2011,50058,Petrol,Automatic,First,19.2,19.2,3.84,HYUNDAI,I10 MAGNA,1197.0
3959,2016,64000,Petrol,Automatic,First,23.1,23.1,4.2,MARUTI,CELERIO ZXI,998.0
3960,2018,41641,Diesel,Manual,First,21.38,21.38,10.82,HYUNDAI,CRETA 1.4,1396.0
3961,2016,44345,Diesel,Manual,First,27.3,27.3,6.1,HONDA,JAZZ 1.5,1498.0
3962,2011,45501,Petrol,Manual,First,17.0,17.0,3.1,HONDA,CITY 1.5,1497.0
3963,2001,104000,Petrol,Manual,Third,13.7,13.7,1.0,MITSUBISHI,LANCER 1.5,1468.0
3964,2012,50297,Petrol,Manual,First,16.95,16.95,4.69,NISSAN,SUNNY XE,1498.0
3965,2011,87000,Petrol,Automatic,First,11.7,11.7,5.4,HONDA,ACCORD 2.4,2354.0
3966,2016,120000,Diesel,Manual,First,15.1,15.1,12.0,MAHINDRA,XUV500 W8,2179.0
3967,2018,17000,Petrol,Manual,First,18.6,18.6,6.5,HYUNDAI,I20 1.2,1197.0
3968,2014,100000,Diesel,Manual,First,23.08,23.08,3.0,NISSAN,MICRA DIESEL,1461.0
3969,2015,50979,Petrol,Automatic,First,19.12,19.12,6.9,MARUTI,CIAZ AT,1373.0
3970,2011,41000,Diesel,Manual,First,20.54,20.54,4.0,VOLKSWAGEN,VENTO DIESEL,1598.0
3971,2011,24000,Petrol,Manual,First,17.0,17.0,4.25,HYUNDAI,I20 ASTA,1197.0
3972,2008,44738,Petrol,Manual,First,14.53,14.53,5.1,TOYOTA,COROLLA ALTIS,1798.0
3973,2014,37298,Diesel,Manual,First,25.1,25.1,4.9,HONDA,CITY I,1498.0
3974,2014,42000,Petrol,Manual,Second,20.4,20.4,3.6,MARUTI,SWIFT VXI,1197.0
3975,2016,45000,Diesel,Automatic,First,14.21,14.21,34.0,MERCEDES-BENZ,E-CLASS 2009-2013,2143.0
3976,2015,102000,Diesel,Manual,First,12.99,12.99,8.25,TOYOTA,INNOVA 2.5,2494.0
3977,2011,70000,Petrol,Manual,First,16.1,16.1,1.3,MARUTI,SWIFT LXI,1298.0
3978,2018,27467,Diesel,Automatic,First,19.27,19.27,39.05,MERCEDES-BENZ,NEW C-CLASS,2143.0
3979,2015,15305,Petrol,Manual,First,18.9,18.9,3.75,HYUNDAI,GRAND I10,1197.0
3980,2010,70000,Petrol,Manual,First,18.9,18.9,2.1,MARUTI,WAGON R,998.0
3981,2016,36778,Diesel,Manual,First,22.77,22.77,8.8,FORD,ECOSPORT 1.5,1498.0
3982,2015,25845,Petrol,Manual,First,16.47,16.47,5.84,VOLKSWAGEN,POLO 1.2,1198.0
3983,2018,33858,Petrol,Automatic,First,17.01,17.01,9.03,HYUNDAI,VERNA 1.6,1591.0
3984,2017,12000,Petrol,Automatic,Second,24.04,24.04,3.25,RENAULT,KWID AMT,999.0
3985,2013,33709,Petrol,Automatic,First,16.5,16.5,4.9,HONDA,BRIO S,1198.0
3986,2018,32709,Petrol,Manual,First,18.16,18.16,6.46,FORD,FIGO ASPIRE,1196.0
3987,2014,72000,Diesel,Manual,Second,11.5,11.5,18.5,TOYOTA,FORTUNER 3.0,2982.0
3988,2013,31000,Diesel,Manual,First,25.0,25.0,2.7,TATA,INDIGO ECS,1396.0
3989,2016,70000,Diesel,Manual,First,25.83,25.83,4.6,FORD,FIGO 2015-2019,1498.0
3990,2014,61000,Diesel,Manual,First,23.4,23.4,5.35,MARUTI,SWIFT DZIRE,1248.0
3991,2011,72000,Diesel,Manual,First,23.08,23.08,2.3,NISSAN,MICRA DIESEL,1461.0
3992,2016,49000,Diesel,Automatic,First,19.3,19.3,15.45,SKODA,OCTAVIA STYLE,1968.0
3993,2014,42939,Diesel,Automatic,First,16.96,16.96,12.49,VOLKSWAGEN,JETTA 2013-2015,1968.0
3994,2016,32545,Diesel,Automatic,First,12.07,12.07,48.76,AUDI,Q7 35,2967.0
3995,2011,54000,Petrol,Manual,First,17.0,17.0,3.2,HYUNDAI,I20 1.2,1197.0
3996,2012,76000,Diesel,Automatic,First,16.07,16.07,8.75,BMW,3 SERIES,1995.0
3997,2015,27000,Diesel,Manual,First,21.19,21.19,5.99,HYUNDAI,I20 ACTIVE,1396.0
3998,2005,120000,Diesel,Manual,Second,12.7,12.7,2.9,MAHINDRA,SCORPIO 2.6,2609.0
3999,2012,125000,Petrol,Automatic,First,10.5,10.5,18.0,AUDI,A4 3.2,3197.0
4000,2011,37000,Diesel,Manual,First,20.0,20.0,1.8,FORD,FIGO DIESEL,1399.0
4001,2012,42000,Petrol,Manual,First,9.8,9.8,6.25,HONDA,ACCORD 2.4,2354.0
4002,2013,60000,Diesel,Manual,First,21.9,21.9,5.45,HYUNDAI,I20 SPORTZ,1396.0
4003,2018,3000,Diesel,Automatic,First,16.36,16.36,52.5,JAGUAR,XF 2.2,2179.0
4004,2013,44000,Petrol,Automatic,First,17.1,17.1,5.6,HYUNDAI,VERNA 1.6,1591.0
4005,2014,37000,Petrol,Manual,First,17.4,17.4,6.45,HONDA,CITY I,1497.0
4006,2012,50000,Petrol,Manual,First,18.5,18.5,3.7,HYUNDAI,I20 ASTA,1197.0
4007,2013,58581,Petrol,Manual,First,19.4,19.4,3.49,HONDA,BRIO S,1198.0
4008,2013,25500,Diesel,Manual,First,21.9,21.9,3.55,HYUNDAI,I20 SPORTZ,1396.0
4009,2017,25000,Petrol,Manual,First,10.4,10.4,9.0,MARUTI,GRAND VITARA,2393.0
4010,2011,53766,Petrol,Manual,First,19.0,19.0,2.7,MARUTI,A-STAR VXI,998.0
4012,2006,68000,Petrol,Manual,First,19.7,19.7,1.5,MARUTI,ALTO LXI,796.0
4013,2017,40000,Diesel,Manual,First,16.0,16.0,15.9,MAHINDRA,XUV500 W10,2179.0
4014,2013,73212,Diesel,Manual,First,22.9,22.9,5.2,MARUTI,SWIFT RS,1248.0
4015,2014,69000,Diesel,Automatic,First,17.05,17.05,16.25,BMW,X1 SDRIVE20D,1995.0
4016,2007,61932,Diesel,Automatic,Second,14.3,14.3,3.31,VOLKSWAGEN,PASSAT 2.0,1968.0
4017,2012,52000,Diesel,Automatic,First,16.09,16.09,24.0,BMW,X3 XDRIVE20D,1995.0
4018,2011,150000,Petrol,Manual,First,18.5,18.5,2.5,MARUTI,RITZ VXI,1197.0
4019,2013,70933,Diesel,Manual,Second,21.9,21.9,3.9,HYUNDAI,I20 SPORTZ,1396.0
4020,2013,115195,Diesel,Manual,First,25.2,25.2,3.85,MARUTI,SWIFT VDI,1248.0
4021,2011,62148,Petrol,Manual,First,11.7,11.7,8.8,MERCEDES-BENZ,NEW C-CLASS,1796.0
4022,2009,32000,Petrol,Manual,Second,14.28,14.28,4.95,TOYOTA,COROLLA ALTIS,1798.0
4023,2014,58000,Diesel,Manual,First,22.32,22.32,5.75,HYUNDAI,VERNA 1.6,1582.0
4024,2014,68598,Diesel,Manual,First,19.01,19.01,6.17,RENAULT,DUSTER 110PS,1461.0
4025,2010,84072,Diesel,Manual,First,17.8,17.8,3.45,MARUTI,SWIFT LDI,1248.0
4026,2016,51264,Petrol,Manual,First,24.07,24.07,3.2,MARUTI,ALTO K10,998.0
4027,2017,21363,Petrol,Automatic,First,13.0,13.0,13.49,HYUNDAI,CRETA 1.6,1591.0
4028,2016,40000,Petrol,Automatic,First,15.04,15.04,24.5,MERCEDES-BENZ,CLA 200,1991.0
4029,2015,35000,Petrol,Automatic,First,10.1,10.1,14.7,HONDA,CR-V 2.4,2354.0
4030,2014,55000,Diesel,Manual,First,22.7,22.7,6.0,FORD,ECOSPORT 1.5,1498.0
4031,2016,43252,Diesel,Automatic,First,13.0,13.0,34.18,MERCEDES-BENZ,E-CLASS 2015-2017,2143.0
4032,2014,42000,Diesel,Manual,First,24.0,24.0,3.5,HYUNDAI,GRAND I10,1120.0
4033,2006,69000,Petrol,Manual,First,16.6,16.6,2.15,FORD,FIESTA 1.4,1388.0
4034,2018,14000,Diesel,Automatic,First,17.6,17.6,11.25,HYUNDAI,CRETA 1.6,1582.0
4035,2010,70000,Petrol,Manual,First,19.0,19.0,2.0,MARUTI,A-STAR LXI,998.0
4036,2015,35314,Diesel,Manual,First,23.2,23.2,4.27,MARUTI,RITZ LDI,1248.0
4037,2017,38691,Petrol,Manual,First,17.8,17.8,7.68,HONDA,CITY I,1497.0
4038,2017,72717,Diesel,Manual,First,12.99,12.99,14.52,TOYOTA,INNOVA 2.5,2494.0
4039,2011,82000,Petrol,Automatic,Second,11.8,11.8,16.85,MERCEDES-BENZ,R-CLASS R350,3498.0
4040,2015,44000,Diesel,Manual,First,21.14,21.14,5.75,SKODA,RAPID 1.5,1498.0
4041,2017,27000,Petrol,Manual,First,15.8,15.8,8.3,FORD,ECOSPORT 1.5,1499.0
4042,2014,18500,Petrol,Automatic,First,23.1,23.1,3.95,MARUTI,CELERIO VXI,998.0
4043,2014,45000,Petrol,Manual,First,15.04,15.04,4.8,VOLKSWAGEN,VENTO PETROL,1598.0
4044,2011,173000,Diesel,Automatic,First,13.5,13.5,12.0,VOLVO,XC60 D5,2400.0
4045,2017,42000,Diesel,Manual,First,23.59,23.59,6.25,TOYOTA,ETIOS CROSS,1364.0
4046,2012,90000,Diesel,Manual,First,19.4,19.4,2.5,TATA,INDICA VISTA,1405.0
4047,2014,82329,Petrol,Automatic,First,18.0,18.0,7.5,HONDA,CITY I,1497.0
4048,2010,80302,Petrol,Manual,First,17.0,17.0,3.5,HONDA,CITY 1.5,1497.0
4049,2005,105000,Diesel,Manual,First,18.7,18.7,1.99,SKODA,OCTAVIA RIDER,1896.0
4050,2009,60000,Petrol,Manual,First,14.53,14.53,2.25,TOYOTA,COROLLA 1.8,1798.0
4051,2014,70000,Petrol,Manual,First,16.78,16.78,3.25,TOYOTA,ETIOS G,1496.0
4052,2016,45000,Diesel,Automatic,First,17.05,17.05,28.5,BMW,X1 SDRIVE20D,1995.0
4053,2006,44000,Petrol,Automatic,First,16.4,16.4,1.5,HONDA,CITY ZX,1497.0
4054,2017,25500,Diesel,Manual,First,22.54,22.54,7.0,HYUNDAI,I20 SPORTZ,1396.0
4055,2014,68000,Diesel,Automatic,First,13.0,13.0,27.5,MERCEDES-BENZ,E-CLASS E350,2987.0
4056,2015,61786,Diesel,Manual,First,19.67,19.67,10.5,HYUNDAI,CRETA 1.6,1582.0
4057,2014,65000,Diesel,Automatic,Second,15.73,15.73,21.5,AUDI,Q3 2012-2015,1968.0
4058,2016,77000,Diesel,Automatic,First,12.63,12.63,35.0,LAND,ROVER DISCOVERY,2179.0
4059,2015,34000,Diesel,Automatic,First,21.66,21.66,7.99,SKODA,RAPID 1.5,1498.0
4060,2015,59751,Petrol,Automatic,First,23.1,23.1,4.88,MARUTI,CELERIO VXI,998.0
4061,2013,23312,Petrol,Automatic,First,11.05,11.05,40.5,AUDI,RS5 COUPE,2894.0
4062,2015,30000,Petrol,Manual,First,20.73,20.73,6.55,MARUTI,CIAZ ZXI,1373.0
4063,2015,60146,Diesel,Automatic,First,14.16,14.16,29.64,AUDI,Q5 2.0,1968.0
4064,2013,44731,Diesel,Manual,Second,20.0,20.0,4.34,FORD,FIGO DIESEL,1399.0
4065,2014,43316,Petrol,Manual,First,18.88,18.88,6.22,FORD,ECOSPORT 1.0,999.0
4066,2009,92000,Petrol,Manual,Second,17.0,17.0,2.25,HONDA,CITY 1.5,1497.0
4067,2015,50000,Diesel,Automatic,First,16.36,16.36,38.0,JAGUAR,XF 2.2,2179.0
4068,2008,69000,Petrol,Manual,Second,20.4,20.4,2.15,MARUTI,SWIFT VXI,1197.0
4069,2014,60280,Diesel,Automatic,First,22.48,22.48,22.45,BMW,5 SERIES,1995.0
4070,2017,48161,Diesel,Automatic,First,15.0,15.0,20.87,MERCEDES-BENZ,B CLASS,2143.0
4071,2013,41000,Petrol,Manual,First,19.4,19.4,3.1,HONDA,BRIO S,1198.0
4072,2016,6000,Petrol,Manual,First,18.6,18.6,5.95,HYUNDAI,I20 SPORTZ,1197.0
4073,2006,133000,Diesel,Manual,Second,16.8,16.8,0.86,TATA,INDICA V2,1405.0
4074,2010,76000,Diesel,Manual,First,11.5,11.5,9.25,TOYOTA,FORTUNER 3.0,2982.0
4075,2011,15590,Petrol,Manual,First,19.81,19.81,2.25,HYUNDAI,I10 SPORTZ,1086.0
4076,2016,69681,Petrol,Manual,First,17.0,17.0,6.13,HYUNDAI,I20 1.2,1197.0
4077,2006,70362,Petrol,Manual,Second,15.4,15.4,1.81,MARUTI,BALENO LXI,1590.0
4078,2014,49112,Petrol,Automatic,Second,15.5,15.5,3.79,HONDA,AMAZE S,1198.0
4079,2017,25000,Diesel,Automatic,First,13.33,13.33,160.0,LAND,ROVER RANGE,2993.0
4080,2011,74000,Diesel,Manual,First,23.59,23.59,3.6,TOYOTA,ETIOS LIVA,1364.0
4081,2013,15200,Petrol,Automatic,Second,16.95,16.95,3.85,HYUNDAI,I10 SPORTZ,1197.0
4082,2013,86300,Diesel,Manual,First,22.07,22.07,4.5,VOLKSWAGEN,POLO DIESEL,1199.0
4083,2018,26731,Petrol,Manual,First,21.1,21.1,8.61,MARUTI,BALENO RS,998.0
4084,2016,74000,Diesel,Manual,First,21.9,21.9,6.5,HYUNDAI,I20 SPORTZ,1396.0
4085,2005,83929,Petrol,Automatic,First,11.3,11.3,2.6,TOYOTA,COROLLA H4,1794.0
4086,2015,65000,Diesel,Manual,First,12.99,12.99,15.0,TOYOTA,INNOVA 2.5,2494.0
4087,2017,20000,Petrol,Automatic,First,23.1,23.1,4.7,MARUTI,CELERIO VXI,998.0
4088,2015,122086,Diesel,Automatic,First,19.3,19.3,12.99,SKODA,OCTAVIA ELEGANCE,1968.0
4089,2018,35442,Petrol,Manual,First,17.3,17.3,7.32,HONDA,MOBILIO S,1497.0
4090,2015,62542,Diesel,Manual,Second,23.9,23.9,6.5,HYUNDAI,VERNA 1.6,1582.0
4091,2012,26671,Petrol,Manual,Second,17.0,17.0,5.67,HONDA,CITY 1.5,1497.0
4092,2014,83500,Diesel,Manual,Second,19.68,19.68,3.0,FORD,CLASSIC 1.4,1399.0
4093,2015,46166,Diesel,Manual,Second,26.21,26.21,5.5,MARUTI,CIAZ ZDI,1248.0
4094,2015,25200,Petrol,Manual,First,18.9,18.9,3.35,MARUTI,WAGON R,998.0
4095,2015,35463,Diesel,Automatic,First,14.94,14.94,25.02,AUDI,A4 3.0,2967.0
4096,2017,23249,Petrol,Automatic,First,19.16,19.16,26.11,TOYOTA,CAMRY HYBRID,2487.0
4097,2016,40310,Petrol,Manual,First,18.6,18.6,7.09,HYUNDAI,I20 ASTA,1197.0
4098,2012,82069,CNG,Manual,First,21.4,21.4,2.65,MARUTI,SX4 GREEN,1586.0
4099,2018,10000,Petrol,Manual,First,18.9,18.9,6.5,HYUNDAI,GRAND I10,1197.0
4100,2012,94000,Diesel,Manual,First,22.07,22.07,4.5,VOLKSWAGEN,POLO DIESEL,1199.0
4101,2016,45000,Diesel,Automatic,First,15.97,15.97,57.0,BMW,X5 XDRIVE,2993.0
4102,2012,52818,Petrol,Manual,First,16.47,16.47,3.82,VOLKSWAGEN,POLO PETROL,1198.0
4103,2013,61238,Diesel,Manual,First,20.45,20.45,5.25,RENAULT,DUSTER 85PS,1461.0
4104,2016,54253,Petrol,Automatic,First,14.67,14.67,16.81,SKODA,SUPERB STYLE,1798.0
4105,2013,71000,Diesel,Automatic,First,14.16,14.16,21.5,AUDI,Q5 2.0,1968.0
4106,2017,20000,Diesel,Manual,First,27.39,27.39,8.5,MARUTI,BALENO DELTA,1248.0
4107,2013,75000,Petrol,Manual,First,16.47,16.47,3.25,VOLKSWAGEN,POLO PETROL,1198.0
4108,2019,11827,Diesel,Automatic,First,13.5,13.5,27.11,MITSUBISHI,PAJERO SPORT,2477.0
4109,2015,51579,Petrol,Manual,First,20.73,20.73,5.95,MARUTI,CIAZ VXI,1373.0
4110,2015,65178,Diesel,Manual,First,19.87,19.87,6.79,RENAULT,DUSTER 85PS,1461.0
4111,2016,25350,Petrol,Manual,First,21.1,21.1,2.55,HYUNDAI,EON D,814.0
4112,2008,92000,Petrol,Manual,Second,10.8,10.8,3.7,HONDA,CR-V 2.4,2354.0
4113,2014,45000,Petrol,Manual,Second,17.01,17.01,6.75,HYUNDAI,VERNA 1.6,1591.0
4114,2015,46000,Petrol,Manual,First,14.28,14.28,6.95,TOYOTA,COROLLA ALTIS,1798.0
4115,2011,79940,Petrol,Manual,First,15.5,15.5,2.78,MARUTI,SX4 ZXI,1586.0
4116,2016,28851,Petrol,Manual,First,16.47,16.47,6.18,VOLKSWAGEN,POLO PETROL,1198.0
4117,2015,63000,Diesel,Automatic,First,14.16,14.16,36.0,AUDI,Q5 30,1968.0
4118,2012,77283,Petrol,Manual,First,17.0,17.0,5.81,HONDA,CITY 1.5,1497.0
4119,2014,38958,Petrol,Manual,First,22.5,22.5,3.41,MARUTI,WAGON R,998.0
4120,2018,8900,Diesel,Automatic,First,13.5,13.5,26.5,MITSUBISHI,PAJERO SPORT,2477.0
4121,2015,38000,Petrol,Automatic,First,14.7,14.7,16.0,SKODA,OCTAVIA ELEGANCE,1798.0
4122,2017,44887,Diesel,Manual,First,19.67,19.67,12.13,HYUNDAI,CRETA 1.6,1582.0
4123,2009,85000,Petrol,Manual,Second,19.7,19.7,1.8,MARUTI,ALTO LXI,796.0
4124,2013,100000,Petrol,Manual,First,16.8,16.8,6.25,HONDA,CITY V,1497.0
4125,2016,26239,Petrol,Manual,First,22.7,22.7,2.75,DATSUN,REDI-GO S,799.0
4126,2011,97000,Diesel,Manual,First,17.67,17.67,6.0,SKODA,YETI AMBITION,1968.0
4127,2013,28000,Petrol,Automatic,First,14.8,14.8,11.56,MERCEDES-BENZ,B CLASS,1595.0
4128,2014,20364,Petrol,Automatic,Second,17.21,17.21,5.2,VOLKSWAGEN,POLO GT,1197.0
4129,2014,64637,Diesel,Manual,First,22.77,22.77,7.52,FORD,ECOSPORT 1.5,1498.0
4130,2017,15731,Petrol,Manual,First,15.29,15.29,12.49,HYUNDAI,CRETA 1.6,1591.0
4131,2019,56251,Diesel,Manual,First,14.24,14.24,35.82,TOYOTA,FORTUNER 2.8,2755.0
4132,2017,28000,Petrol,Manual,First,20.85,20.85,6.25,MARUTI,SWIFT DZIRE,1197.0
4133,2015,20045,Petrol,Manual,First,17.0,17.0,6.22,HYUNDAI,I20 1.2,1197.0
4134,2016,34004,Petrol,Manual,First,15.4,15.4,8.02,HONDA,BR-V I-VTEC,1497.0
4135,2014,21000,Petrol,Manual,First,23.1,23.1,3.75,MARUTI,CELERIO ZXI,998.0
4136,2009,68001,Petrol,Automatic,Second,10.93,10.93,11.75,MERCEDES-BENZ,E-CLASS 2009-2013,3498.0
4137,2012,31000,Petrol,Manual,First,20.36,20.36,2.25,HYUNDAI,I10 MAGNA,1197.0
4138,2013,8950,Petrol,Manual,First,17.71,17.71,3.55,TOYOTA,ETIOS LIVA,1197.0
4139,2017,43477,Diesel,Automatic,First,15.0,15.0,38.15,MERCEDES-BENZ,E-CLASS 2015-2017,2143.0
4140,2015,20000,Petrol,Manual,First,21.1,21.1,2.66,HYUNDAI,EON D,814.0
4141,2014,47200,CNG,Manual,First,33.54,33.54,2.85,MARUTI,WAGON R,998.0
4142,2011,60000,Petrol,Manual,First,17.0,17.0,4.95,HONDA,CITY 1.5,1497.0
4143,2003,111000,Petrol,Automatic,First,13.0,13.0,6.5,MERCEDES-BENZ,S-CLASS 280,2987.0
4144,2016,52000,Diesel,Manual,Second,25.0,25.0,2.4,TATA,INDIGO CS,1396.0
4145,2016,26000,Petrol,Manual,First,15.29,15.29,12.5,HYUNDAI,CRETA 1.6,1591.0
4146,2013,32425,Petrol,Manual,First,20.51,20.51,3.0,MARUTI,WAGON R,998.0
4147,2017,54758,Diesel,Manual,First,28.4,28.4,6.67,MARUTI,DZIRE VDI,1248.0
4148,2008,59833,Petrol,Manual,Fourth & Above,13.8,13.8,1.97,FORD,IKON 1.3,1299.0
4149,2013,30000,Petrol,Manual,First,16.47,16.47,2.8,VOLKSWAGEN,POLO PETROL,1198.0
4150,2011,40496,Petrol,Manual,First,20.36,20.36,2.65,HYUNDAI,I10 MAGNA,1197.0
4151,2014,45000,Diesel,Manual,First,18.2,18.2,4.75,CHEVROLET,ENJOY 1.3,1248.0
4153,2011,34000,Petrol,Automatic,Second,10.5,10.5,19.0,MERCEDES-BENZ,E-CLASS 200,1796.0
4154,2012,62000,Diesel,Manual,First,17.8,17.8,4.5,MARUTI,SWIFT VDI,1248.0
4155,2012,123600,Diesel,Manual,First,15.1,15.1,8.25,MAHINDRA,XUV500 W8,2179.0
4156,2014,80102,Petrol,Manual,First,17.71,17.71,3.5,TOYOTA,ETIOS LIVA,1197.0
4157,2013,55000,Diesel,Manual,First,15.1,15.1,8.5,MAHINDRA,XUV500 W8,2179.0
4158,2015,48200,Petrol,Manual,First,15.29,15.29,9.0,HYUNDAI,CRETA 1.6,1591.0
4159,2014,90000,Diesel,Manual,First,26.0,26.0,6.75,HONDA,CITY I,1498.0
4160,2014,123900,Diesel,Manual,First,19.3,19.3,5.4,MARUTI,SWIFT DZIRE,1248.0
4161,2015,13008,Petrol,Manual,First,20.51,20.51,3.5,MARUTI,WAGON R,998.0
4162,2012,60500,Petrol,Manual,First,21.1,21.1,2.6,HYUNDAI,EON ERA,814.0
4163,2017,53841,Diesel,Automatic,First,11.36,11.36,20.5,TOYOTA,INNOVA CRYSTA,2755.0
4164,2017,47183,Petrol,Manual,Second,15.8,15.8,11.31,HYUNDAI,CRETA 1.6,1591.0
4165,2018,10000,Petrol,Manual,First,20.51,20.51,4.5,MARUTI,WAGON R,998.0
4166,2015,45000,Diesel,Automatic,First,11.3,11.3,56.0,MERCEDES-BENZ,GL-CLASS 350,2987.0
4167,2017,3923,Petrol,Manual,First,23.1,23.1,5.2,MARUTI,CELERIO VXI,998.0
4168,2011,85000,Diesel,Manual,First,12.05,12.05,5.25,MAHINDRA,SCORPIO SLE,2179.0
4169,2018,6279,Petrol,Manual,First,22.7,22.7,3.6,DATSUN,REDI-GO T,799.0
4170,2014,74500,Diesel,Manual,First,21.2,21.2,3.3,FIAT,GRANDE PUNTO,1248.0
4171,2013,42000,Diesel,Manual,First,22.7,22.7,5.85,HYUNDAI,ELANTRA CRDI,1582.0
4172,2014,56510,Petrol,Manual,First,19.1,19.1,3.9,MARUTI,SWIFT DZIRE,1197.0
4173,2009,88000,Diesel,Automatic,First,16.55,16.55,7.98,AUDI,A4 2.0,1968.0
4174,2014,36631,Petrol,Automatic,First,16.5,16.5,4.3,HONDA,BRIO VX,1198.0
4175,2011,34000,Petrol,Manual,First,18.9,18.9,2.25,MARUTI,WAGON R,998.0
4176,2013,49000,Petrol,Manual,First,19.81,19.81,3.2,HYUNDAI,I10 MAGNA,1086.0
4177,2012,65254,Diesel,Manual,First,22.32,22.32,6.55,HYUNDAI,VERNA 1.6,1582.0
4178,2014,95000,Diesel,Manual,Second,22.32,22.32,6.9,HYUNDAI,VERNA 1.6,1582.0
4179,2009,83000,Diesel,Manual,First,23.2,23.2,2.95,MARUTI,RITZ VDI,1248.0
4180,2017,101065,Diesel,Manual,First,20.5,20.5,11.45,HYUNDAI,CRETA 1.6,1582.0
4181,2017,15134,Petrol,Manual,First,21.4,21.4,6.37,MARUTI,BALENO DELTA,1197.0
4182,2011,72000,Diesel,Manual,First,22.32,22.32,5.0,HYUNDAI,VERNA 1.6,1582.0
4183,2012,120000,Diesel,Manual,Second,22.3,22.3,2.6,TATA,INDICA VISTA,1248.0
4184,2010,45000,Petrol,Manual,First,18.5,18.5,1.9,HYUNDAI,I20 1.2,1197.0
4185,2015,54996,Diesel,Automatic,First,17.85,17.85,60.95,PORSCHE,PANAMERA DIESEL,2967.0
4186,2017,22874,Petrol,Manual,First,15.1,15.1,4.44,MARUTI,EECO SMILES,1196.0
4187,2012,58000,Diesel,Automatic,Second,22.69,22.69,15.3,BMW,3 SERIES,1995.0
4188,2016,86000,Diesel,Manual,Second,25.47,25.47,8.2,MARUTI,ERTIGA VDI,1248.0
4189,2014,69000,Petrol,Automatic,First,16.9,16.9,5.25,HYUNDAI,XCENT 1.2,1197.0
4190,2016,55001,Petrol,Automatic,Second,16.93,16.93,8.5,VOLKSWAGEN,VENTO 1.2,1197.0
4191,2015,28000,Diesel,Automatic,First,15.73,15.73,23.75,AUDI,Q3 35,1968.0
4192,2013,53213,Petrol,Manual,First,19.81,19.81,2.74,HYUNDAI,I10 MAGNA,1086.0
4193,2016,44340,Diesel,Automatic,First,16.96,16.96,13.83,VOLKSWAGEN,JETTA 2013-2015,1968.0
4194,2017,16900,Petrol,Manual,First,21.1,21.1,6.99,MARUTI,BALENO RS,998.0
4195,2009,57000,Petrol,Manual,First,19.81,19.81,2.25,HYUNDAI,I10 ERA,1086.0
4196,2013,83165,Diesel,Manual,First,12.8,12.8,11.49,TOYOTA,INNOVA 2.5,2494.0
4197,2012,24735,Petrol,Manual,Second,18.6,18.6,2.87,CHEVROLET,BEAT LT,1199.0
4198,2005,65175,Diesel,Manual,First,12.8,12.8,3.25,TOYOTA,INNOVA 2.5,2494.0
4199,2009,60000,Petrol,Manual,Second,9.8,9.8,3.5,HONDA,ACCORD 2.4,2354.0
4200,2017,60357,Diesel,Manual,First,25.32,25.32,4.49,MAHINDRA,KUV 100,1198.0
4201,2011,77000,Diesel,Manual,First,22.07,22.07,2.9,VOLKSWAGEN,POLO DIESEL,1199.0
4202,2014,85301,Petrol,Manual,First,12.4,12.4,12.36,TOYOTA,INNOVA 2.0,1998.0
4203,2011,50000,Diesel,Automatic,First,11.79,11.79,6.0,MAHINDRA,SCORPIO VLX,2179.0
4204,2010,58000,Diesel,Automatic,First,16.46,16.46,31.0,BMW,7 SERIES,2993.0
4205,2015,39000,Diesel,Manual,First,25.6,25.6,5.49,HONDA,CITY I-DTEC,1498.0
4206,2015,46190,Diesel,Manual,First,22.07,22.07,5.86,VOLKSWAGEN,POLO DIESEL,1199.0
4207,2015,83000,Diesel,Manual,First,16.0,16.0,9.0,MAHINDRA,XUV500 W8,2179.0
4208,2016,33000,Petrol,Manual,First,16.09,16.09,7.7,VOLKSWAGEN,VENTO 1.6,1598.0
4209,2017,27279,Petrol,Manual,First,17.4,17.4,9.47,HONDA,CITY I,1497.0
4210,2014,53900,Diesel,Automatic,First,14.16,14.16,29.0,AUDI,Q5 2.0,1968.0
4211,2012,63998,Petrol,Automatic,First,17.0,17.0,5.42,HONDA,CITY 1.5,1497.0
4212,2016,57932,Petrol,Manual,First,20.4,20.4,6.39,MARUTI,SWIFT VXI,1197.0
4213,2015,25000,Petrol,Manual,First,22.74,22.74,2.75,MARUTI,ALTO 800,796.0
4214,2011,169000,Diesel,Manual,First,20.0,20.0,2.5,FORD,FIGO DIESEL,1399.0
4215,2012,53000,Petrol,Manual,First,17.92,17.92,2.35,HYUNDAI,SANTRO XING,1086.0
4216,2015,43053,Petrol,Manual,First,18.9,18.9,4.65,MARUTI,WAGON R,998.0
4217,2014,75000,Diesel,Manual,First,26.0,26.0,6.0,HONDA,CITY I,1498.0
4218,2012,89000,Petrol,Manual,Second,16.8,16.8,3.5,HONDA,CITY V,1497.0
4219,2014,75578,Diesel,Manual,First,25.1,25.1,7.0,HONDA,CITY I,1498.0
4220,2014,46676,Petrol,Manual,First,17.0,17.0,7.75,HYUNDAI,VERNA VTVT,1591.0
4221,2014,51349,Petrol,Manual,First,24.07,24.07,2.93,MARUTI,ALTO K10,998.0
4222,2014,34233,Diesel,Automatic,First,14.21,14.21,22.5,MERCEDES-BENZ,E-CLASS 2009-2013,2143.0
4223,2014,39626,Diesel,Automatic,First,11.2,11.2,40.66,BMW,X6 XDRIVE30D,2993.0
4224,2008,82500,Petrol,Manual,First,14.0,14.0,1.75,MARUTI,WAGON R,1061.0
4225,2015,63000,Diesel,Manual,Second,19.72,19.72,8.2,RENAULT,DUSTER RXZ,1461.0
4226,2011,77001,Diesel,Manual,First,12.05,12.05,4.49,MAHINDRA,SCORPIO VLX,2179.0
4227,2016,43000,Diesel,Automatic,First,10.91,10.91,26.5,FORD,ENDEAVOUR 3.2,3198.0
4228,2011,61111,Petrol,Manual,First,19.0,19.0,2.6,MARUTI,ZEN ESTILO,998.0
4230,2011,43000,Petrol,Manual,First,20.36,20.36,2.49,HYUNDAI,I10 ASTA,1197.0
4231,2013,47000,Petrol,Automatic,First,16.5,16.5,5.4,HONDA,BRIO VX,1198.0
4232,2017,34000,Petrol,Automatic,First,20.51,20.51,4.35,MARUTI,WAGON R,998.0
4233,2018,22060,Diesel,Automatic,First,18.51,18.51,32.73,AUDI,Q3 30,1968.0
4234,2012,63000,Diesel,Automatic,First,0.0,0.0,26.0,MERCEDES-BENZ,M-CLASS ML,2987.0
4235,2011,80000,Petrol,Manual,First,18.9,18.9,2.5,MARUTI,WAGON R,998.0
4236,2015,13506,Diesel,Automatic,First,18.25,18.25,21.66,AUDI,A4 35,1968.0
4237,2016,16000,Petrol,Manual,First,25.17,25.17,2.99,RENAULT,KWID RXT,799.0
4238,2016,31006,Petrol,Manual,First,24.7,24.7,2.61,MARUTI,ALTO 800,796.0
4239,2013,91200,Diesel,Manual,First,12.99,12.99,8.25,TOYOTA,INNOVA 2.5,2494.0
4240,2015,43000,Petrol,Automatic,First,14.53,14.53,12.5,TOYOTA,COROLLA ALTIS,1794.0
4241,2015,45000,Diesel,Manual,First,25.83,25.83,5.5,FORD,FIGO 2015-2019,1498.0
4242,2014,28637,Petrol,Manual,First,19.4,19.4,5.53,HONDA,BRIO S,1198.0
4243,2004,69870,Petrol,Manual,Second,14.2,14.2,1.1,FORD,IKON 1.6,1597.0
4244,2014,84000,Diesel,Manual,First,12.05,12.05,6.85,MAHINDRA,SCORPIO 2009-2014,2179.0
4245,2007,84143,Petrol,Manual,First,13.0,13.0,17.09,MERCEDES-BENZ,S-CLASS 320,2987.0
4246,2012,77000,Diesel,Manual,Second,12.05,12.05,4.93,MAHINDRA,SCORPIO SLE,2179.0
4247,2012,75000,Diesel,Automatic,Second,12.39,12.39,17.5,LAND,ROVER FREELANDER,2179.0
4248,2011,76155,Petrol,Manual,First,18.6,18.6,1.95,CHEVROLET,BEAT LS,1199.0
4249,2014,98000,Diesel,Manual,First,22.9,22.9,6.1,MARUTI,SWIFT ZDI,1248.0
4250,2008,48233,Petrol,Manual,Second,13.4,13.4,1.8,TOYOTA,COROLLA H2,1794.0
4251,2015,63000,Diesel,Automatic,First,13.22,13.22,34.5,AUDI,Q5 3.0,2967.0
4252,2015,34063,Petrol,Manual,First,21.1,21.1,4.01,HYUNDAI,EON ERA,814.0
4253,2013,32576,Petrol,Manual,First,19.5,19.5,3.15,HONDA,AMAZE S,1199.0
4254,2015,28843,Petrol,Automatic,First,17.01,17.01,5.49,FORD,FIGO ASPIRE,1499.0
4255,2016,26000,Diesel,Automatic,Second,19.6,19.6,10.0,RENAULT,DUSTER 110PS,1461.0
4256,2013,39000,Petrol,Automatic,First,15.6,15.6,4.55,HONDA,CITY V,1497.0
4257,2010,66000,Petrol,Manual,First,19.7,19.7,1.5,MARUTI,ALTO LXI,796.0
4258,2011,38002,Petrol,Manual,First,20.36,20.36,2.15,HYUNDAI,I10 MAGNA,1197.0
4259,2010,49000,Petrol,Manual,Second,18.0,18.0,1.4,CHEVROLET,SPARK 1.0,995.0
4260,2014,52000,Diesel,Manual,First,21.14,21.14,6.2,SKODA,RAPID 1.5,1498.0
4261,2013,56500,Diesel,Automatic,First,17.68,17.68,19.8,AUDI,A6 2011-2015,1968.0
4262,2015,20568,Petrol,Manual,First,18.7,18.7,5.6,HONDA,JAZZ 1.2,1199.0
4263,2015,26000,Petrol,Manual,First,15.29,15.29,9.5,HYUNDAI,CRETA 1.6,1591.0
4264,2012,56000,Petrol,Manual,First,18.6,18.6,2.21,CHEVROLET,BEAT LS,1199.0
4265,2017,27509,Petrol,Manual,First,22.7,22.7,3.31,DATSUN,REDI-GO T,799.0
4266,2016,36216,Petrol,Manual,First,19.1,19.1,5.44,HYUNDAI,XCENT 1.2,1197.0
4267,2009,28888,Petrol,Automatic,First,10.0,10.0,7.56,MERCEDES-BENZ,E-CLASS 230,2496.0
4268,2011,120000,Diesel,Manual,Second,22.9,22.9,3.2,MARUTI,SWIFT ZDI,1248.0
4269,2018,31396,Petrol,Manual,First,23.1,23.1,5.53,MARUTI,CELERIO ZXI,998.0
4270,2015,79000,Diesel,Automatic,First,19.3,19.3,17.0,SKODA,OCTAVIA ELEGANCE,1968.0
4271,2010,62000,Petrol,Automatic,First,16.8,16.8,3.55,HONDA,CITY 1.5,1497.0
4272,2006,120000,Petrol,Automatic,Second,9.0,9.0,2.65,HONDA,ACCORD V6,2997.0
4273,2016,53000,Petrol,Automatic,First,14.67,14.67,17.85,SKODA,SUPERB STYLE,1798.0
4274,2010,124313,Diesel,Manual,First,12.99,12.99,7.96,TOYOTA,INNOVA 2.5,2494.0
4275,2015,26725,Petrol,Automatic,First,23.1,23.1,4.25,MARUTI,CELERIO VXI,998.0
4276,2014,45617,Diesel,Manual,First,20.77,20.77,5.85,MARUTI,ERTIGA VDI,1248.0
4277,2013,37000,Diesel,Automatic,First,20.0,20.0,13.0,MERCEDES-BENZ,A CLASS,2143.0
4278,2010,109147,Diesel,Manual,First,14.0,14.0,2.65,MAHINDRA,XYLO E2,2498.0
4279,2014,59000,Diesel,Manual,First,25.8,25.8,4.75,HONDA,AMAZE E,1498.0
4280,2015,28000,Petrol,Manual,First,25.17,25.17,2.65,RENAULT,KWID RXT,799.0
4281,2017,4700,Petrol,Manual,First,25.17,25.17,3.0,RENAULT,KWID RXT,799.0
4282,2014,72469,Diesel,Automatic,First,12.07,12.07,32.52,AUDI,Q7 3.0,2967.0
4283,2014,57539,Diesel,Automatic,First,22.32,22.32,7.75,HYUNDAI,VERNA 1.6,1582.0
4284,2016,42000,Diesel,Automatic,First,11.36,11.36,19.6,TOYOTA,INNOVA CRYSTA,2755.0
4285,2010,62489,Petrol,Manual,First,17.0,17.0,2.6,HYUNDAI,I20 SPORTZ,1197.0
4286,2013,51167,Petrol,Manual,First,16.47,16.47,3.76,VOLKSWAGEN,POLO PETROL,1198.0
4287,2012,130000,Diesel,Manual,First,20.54,20.54,4.75,VOLKSWAGEN,VENTO DIESEL,1598.0
4288,2007,63000,Petrol,Manual,Second,17.7,17.7,1.75,HONDA,CITY ZX,1497.0
4289,2011,60000,Petrol,Manual,First,16.2,16.2,3.95,HYUNDAI,VERNA TRANSFORM,1599.0
4290,2005,123200,Petrol,Manual,Second,13.2,13.2,1.0,HYUNDAI,ACCENT GLE,1495.0
4291,2011,115692,Diesel,Automatic,First,20.0,20.0,4.5,SKODA,LAURA AMBIENTE,1968.0
4292,2011,87073,Petrol,Automatic,First,10.93,10.93,17.23,MERCEDES-BENZ,E-CLASS 2009-2013,2497.0
4293,2015,40901,Petrol,Manual,First,18.6,18.6,5.76,HYUNDAI,I20 SPORTZ,1197.0
4294,2013,36264,Petrol,Manual,First,20.36,20.36,4.32,HYUNDAI,I10 MAGNA,1197.0
4295,2009,60000,Petrol,Manual,Second,19.81,19.81,1.9,HYUNDAI,I10 MAGNA,1086.0
4296,2018,20000,Petrol,Manual,First,17.0,17.0,5.5,VOLKSWAGEN,AMEO 1.2,1198.0
4297,2014,68400,Petrol,Automatic,First,12.98,12.98,13.5,TOYOTA,CAMRY 2.5,2494.0
4298,2013,71231,Diesel,Manual,Second,16.0,16.0,9.75,MAHINDRA,XUV500 W8,2179.0
4299,2011,75000,Diesel,Automatic,First,17.2,17.2,9.44,SKODA,SUPERB ELEGANCE,1968.0
4300,2018,1997,Petrol,Automatic,First,22.5,22.5,4.45,MARUTI,WAGON R,998.0
4301,2016,47300,Diesel,Manual,First,24.3,24.3,8.85,MARUTI,VITARA BREZZA,1248.0
4302,2012,61449,Petrol,Manual,First,0.0,0.0,2.15,HYUNDAI,SANTRO XING,1086.0
4303,2013,47910,Diesel,Manual,First,20.54,20.54,4.89,VOLKSWAGEN,VENTO DIESEL,1598.0
4304,2015,62000,Diesel,Manual,First,20.14,20.14,6.25,VOLKSWAGEN,POLO 1.5,1498.0
4305,2012,65060,Diesel,Manual,First,22.9,22.9,4.8,MARUTI,SWIFT ZDI,1248.0
4306,2008,82203,Petrol,Manual,First,19.81,19.81,1.8,HYUNDAI,I10 ERA,1086.0
4307,2013,44000,Diesel,Manual,First,16.0,16.0,7.25,MAHINDRA,XUV500 W8,2179.0
4308,2014,53817,Diesel,Manual,First,25.47,25.47,7.56,MARUTI,ERTIGA VDI,1248.0
4309,2013,61591,Diesel,Manual,First,16.0,16.0,6.82,MAHINDRA,XUV500 W8,2179.0
4310,2011,86500,Diesel,Manual,Second,21.12,21.12,1.8,TATA,MANZA AURA,1248.0
4311,2009,100000,Diesel,Automatic,First,11.0,11.0,11.5,MERCEDES-BENZ,E-CLASS 280,2987.0
4312,2010,87000,Petrol,Manual,First,15.6,15.6,2.8,MARUTI,SX4 ZXI,1586.0
4313,2016,35000,Petrol,Automatic,First,20.51,20.51,5.5,MARUTI,WAGON R,998.0
4314,2016,6000,Petrol,Manual,First,20.63,20.63,2.7,DATSUN,GO NXT,1198.0
4315,2014,59327,Diesel,Manual,First,20.0,20.0,3.25,FORD,FIGO DIESEL,1399.0
4316,2014,81001,Diesel,Automatic,First,17.2,17.2,10.9,SKODA,SUPERB ELEGANCE,1968.0
4317,2014,44612,Petrol,Manual,First,18.5,18.5,4.07,HYUNDAI,I20 1.2,1197.0
4318,2016,42388,Diesel,Automatic,First,11.36,11.36,18.0,TOYOTA,INNOVA CRYSTA,2755.0
4319,2012,54000,Petrol,Manual,First,19.4,19.4,2.95,HONDA,BRIO V,1198.0
4320,2011,83010,Diesel,Automatic,First,17.2,17.2,7.5,SKODA,SUPERB ELEGANCE,1968.0
4321,2016,65405,Diesel,Automatic,First,13.0,13.0,32.73,MERCEDES-BENZ,E-CLASS 2015-2017,2143.0
4322,2015,36000,Diesel,Automatic,Second,12.55,12.55,21.5,TOYOTA,FORTUNER 4X2,2982.0
4323,2008,85000,Petrol,Manual,First,16.51,16.51,2.5,MARUTI,SX4 ZXI,1586.0
4324,2016,35000,Diesel,Manual,First,27.3,27.3,5.5,HONDA,JAZZ 1.5,1498.0
4325,2012,54000,Petrol,Automatic,First,14.53,14.53,7.5,TOYOTA,COROLLA ALTIS,1794.0
4326,2007,70000,Petrol,Manual,First,16.9,16.9,1.55,HONDA,CITY ZX,1497.0
4327,2017,27001,Diesel,Automatic,First,20.68,20.68,29.0,BMW,X1 XDRIVE,1995.0
4328,2019,41075,Diesel,Manual,First,28.4,28.4,8.4,MARUTI,SWIFT DDIS,1248.0
4329,2016,26000,Diesel,Manual,First,25.32,25.32,6.5,MAHINDRA,KUV 100,1198.0
4330,2010,55000,Petrol,Manual,First,16.0,16.0,2.35,HONDA,JAZZ MODE,1198.0
4331,2016,19000,Petrol,Manual,First,20.4,20.4,5.55,MARUTI,SWIFT ZXI,1197.0
4332,2016,15000,Petrol,Automatic,First,18.9,18.9,5.35,HYUNDAI,GRAND I10,1197.0
4333,2016,37000,Petrol,Manual,First,17.8,17.8,5.25,HONDA,AMAZE SX,1198.0
4334,2017,38712,Petrol,Manual,First,18.9,18.9,5.87,HYUNDAI,GRAND I10,1197.0
4335,2014,52400,Diesel,Manual,First,20.54,20.54,5.36,VOLKSWAGEN,VENTO DIESEL,1598.0
4336,2016,23988,Diesel,Manual,First,28.09,28.09,7.75,MARUTI,CIAZ 1.3,1248.0
4337,2014,32283,Petrol,Automatic,Second,14.4,14.4,5.41,VOLKSWAGEN,VENTO PETROL,1598.0
4338,2010,52000,Petrol,Manual,First,18.5,18.5,3.65,HYUNDAI,I20 1.2,1197.0
4339,2016,32000,Petrol,Automatic,First,16.5,16.5,5.25,HONDA,BRIO VX,1198.0
4340,2014,39000,Petrol,Manual,First,17.4,17.4,6.25,HONDA,CITY I,1497.0
4341,2017,14149,Petrol,Manual,First,23.9,23.9,3.47,TATA,NANO XT,624.0
4342,2006,103000,Petrol,Automatic,First,10.13,10.13,8.85,MERCEDES-BENZ,S CLASS,3498.0
4343,2004,82000,Petrol,Manual,First,14.0,14.0,0.85,MARUTI,WAGON R,1061.0
4344,2015,34000,Petrol,Automatic,First,13.7,13.7,13.65,SKODA,SUPERB ELEGANCE,1798.0
4345,2016,45180,Diesel,Automatic,First,12.07,12.07,50.22,AUDI,Q7 35,2967.0
4346,2018,2000,Petrol,Manual,First,22.0,22.0,7.75,MARUTI,SWIFT ZXI,1197.0
4347,2011,82321,Diesel,Manual,First,12.8,12.8,10.05,TOYOTA,INNOVA 2.5,2494.0
4348,2011,7000,Petrol,Automatic,First,12.05,12.05,9.75,BMW,3 SERIES,1995.0
4349,2015,27000,Diesel,Automatic,First,17.9,17.9,23.0,MERCEDES-BENZ,GLA CLASS,2143.0
4350,2019,31271,Diesel,Manual,First,13.68,13.68,21.42,TOYOTA,INNOVA CRYSTA,2393.0
4351,2003,55000,Petrol,Manual,Third,15.9,15.9,0.7,MARUTI,ESTEEM LX,1298.0
4352,2014,24000,Diesel,Manual,First,25.2,25.2,5.21,MARUTI,SWIFT VDI,1248.0
4353,2009,147000,Diesel,Manual,First,12.99,12.99,7.5,TOYOTA,INNOVA 2.5,2494.0
4354,2012,72351,Diesel,Manual,First,23.59,23.59,2.65,TOYOTA,ETIOS LIVA,1364.0
4355,2010,115000,Petrol,Manual,First,18.6,18.6,1.75,CHEVROLET,BEAT LT,1199.0
4356,2010,82000,Diesel,Manual,Second,13.8,13.8,1.0,FORD,IKON 1.4,1399.0
4357,2016,20000,Diesel,Automatic,First,19.27,19.27,33.0,MERCEDES-BENZ,NEW C-CLASS,2143.0
4358,2011,45560,Petrol,Manual,First,17.6,17.6,2.2,TOYOTA,ETIOS G,1496.0
4359,2017,57539,Diesel,Manual,First,12.8,12.8,12.83,TOYOTA,INNOVA 2.5,2494.0
4360,2018,20004,Diesel,Automatic,First,17.54,17.54,68.94,BMW,6 SERIES,2993.0
4361,2012,54500,Diesel,Manual,First,21.13,21.13,4.1,SKODA,RAPID 1.5,1498.0
4362,2016,27886,Petrol,Manual,First,22.0,22.0,2.85,HYUNDAI,EON MAGNA,814.0
4363,2007,66000,Petrol,Automatic,First,11.1,11.1,3.7,HONDA,CR-V 2.4L,2354.0
4364,2013,72202,Diesel,Automatic,First,20.0,20.0,9.06,SKODA,LAURA ELEGANCE,1968.0
4365,2011,70000,Petrol,Manual,Second,13.4,13.4,4.75,SKODA,LAURA RS,1798.0
4366,2015,78233,Diesel,Manual,First,26.0,26.0,6.6,HONDA,CITY I,1498.0
4367,2007,120203,Diesel,Manual,Second,13.93,13.93,3.5,TATA,NEW SAFARI,2179.0
4368,2011,20575,Petrol,Manual,First,19.0,19.0,2.0,MARUTI,ZEN ESTILO,998.0
4369,2013,39879,Petrol,Manual,First,17.8,17.8,3.89,HONDA,AMAZE S,1198.0
4370,2017,31056,Petrol,Manual,First,23.01,23.01,3.6,RENAULT,KWID 1.0,999.0
4371,2015,50940,Petrol,Automatic,First,19.12,19.12,6.95,MARUTI,CIAZ AT,1373.0
4372,2016,99362,Diesel,Manual,First,22.54,22.54,7.03,HYUNDAI,I20 ASTA,1396.0
4373,2016,54000,Diesel,Manual,First,13.68,13.68,16.5,TOYOTA,INNOVA CRYSTA,2393.0
4374,2016,54268,Diesel,Manual,First,28.09,28.09,7.67,MARUTI,CIAZ ZDI,1248.0
4375,2012,94521,Diesel,Automatic,First,14.74,14.74,23.19,JAGUAR,XF DIESEL,2993.0
4376,2017,38932,Petrol,Manual,First,19.1,19.1,6.21,HYUNDAI,XCENT 1.2,1197.0
4377,2015,60395,Diesel,Automatic,First,16.12,16.12,45.82,PORSCHE,CAYENNE DIESEL,2967.0
4378,2016,29000,Diesel,Manual,First,24.4,24.4,5.95,HYUNDAI,XCENT 1.1,1120.0
4379,2011,58000,Diesel,Automatic,First,16.55,16.55,11.0,AUDI,A4 2.0,1968.0
4380,2016,60913,Petrol,Manual,First,20.73,20.73,7.19,MARUTI,CIAZ RS,1373.0
4381,2011,65000,Diesel,Manual,First,12.8,12.8,6.4,TOYOTA,INNOVA 2.5,2494.0
4382,2015,26000,Diesel,Manual,First,15.8,15.8,26.0,MERCEDES-BENZ,NEW C-CLASS,2148.0
4383,2016,19947,Petrol,Manual,First,20.36,20.36,4.5,HYUNDAI,I10 SPORTZ,1197.0
4384,2011,70816,Petrol,Automatic,First,16.95,16.95,3.1,HYUNDAI,I10 SPORTZ,1197.0
4385,2015,54000,Diesel,Manual,First,27.39,27.39,5.95,MARUTI,BALENO ZETA,1248.0
4386,2008,138000,Petrol,Manual,First,18.2,18.2,1.2,MARUTI,ZEN ESTILO,1061.0
4387,2014,35000,Diesel,Automatic,First,16.46,16.46,52.0,BMW,7 SERIES,2993.0
4388,2015,50000,Diesel,Automatic,First,11.33,11.33,48.0,AUDI,Q7 4.2,4134.0
4389,2011,124652,Diesel,Automatic,First,11.7,11.7,21.99,BMW,X5 XDRIVE,2993.0
4390,2013,80264,Petrol,Manual,First,21.1,21.1,4.3,MARUTI,RITZ LXI,1197.0
4391,2013,125600,Diesel,Manual,First,21.64,21.64,3.75,NISSAN,SUNNY 2011-2014,1461.0
4392,2015,49000,Petrol,Manual,First,14.28,14.28,8.95,TOYOTA,COROLLA ALTIS,1798.0
4393,2012,111000,Diesel,Manual,First,23.59,23.59,4.75,TOYOTA,ETIOS VXD,1364.0
4394,2016,33690,Petrol,Manual,First,14.28,14.28,14.6,TOYOTA,COROLLA ALTIS,1798.0
4395,2012,50000,Diesel,Automatic,First,17.68,17.68,17.5,AUDI,A6 2011-2015,1968.0
4396,2012,38092,Diesel,Manual,First,20.77,20.77,5.2,MARUTI,ERTIGA ZDI,1248.0
4397,2017,47774,Petrol,Manual,First,18.9,18.9,6.04,HYUNDAI,GRAND I10,1197.0
4398,2009,167000,Diesel,Manual,Second,19.09,19.09,2.7,TATA,INDIGO CS,1396.0
4399,2019,65000,Diesel,Automatic,First,26.59,26.59,6.75,MARUTI,SWIFT DZIRE,1248.0
4400,2011,46000,Petrol,Manual,First,15.26,15.26,2.35,VOLKSWAGEN,POLO PETROL,1598.0
4401,2017,16500,Petrol,Manual,First,23.84,23.84,5.0,TATA,TIAGO 1.2,1199.0
4402,2016,39000,Petrol,Manual,First,17.8,17.8,6.95,HONDA,CITY I,1497.0
4403,2018,6000,Petrol,Manual,First,19.5,19.5,6.7,HONDA,AMAZE V,1199.0
4404,2015,60000,Diesel,Automatic,First,17.11,17.11,25.0,AUDI,A4 35,1968.0
4405,2011,97320,Petrol,Automatic,First,14.4,14.4,3.75,VOLKSWAGEN,VENTO PETROL,1598.0
4406,2011,99807,Diesel,Manual,First,20.54,20.54,3.75,VOLKSWAGEN,VENTO DIESEL,1598.0
4407,2013,46000,Petrol,Manual,First,17.0,17.0,5.1,HONDA,CITY 1.5,1497.0
4408,2010,12000,Petrol,Manual,First,22.5,22.5,2.45,MARUTI,WAGON R,998.0
4409,2005,13002,Petrol,Automatic,First,9.3,9.3,3.25,SKODA,SUPERB 2.8,2771.0
4410,2014,26000,Diesel,Manual,First,26.0,26.0,5.5,HONDA,CITY I,1498.0
4411,2014,68365,CNG,Manual,First,26.6,26.6,3.77,MARUTI,WAGON R,998.0
4412,2016,27833,Diesel,Automatic,First,0.0,0.0,49.24,MERCEDES-BENZ,M-CLASS ML,2987.0
4413,2016,51639,Petrol,Manual,First,22.74,22.74,3.04,MARUTI,ALTO 800,796.0
4414,2015,21000,Petrol,Manual,First,18.6,18.6,4.9,HYUNDAI,I20 MAGNA,1197.0
4415,2013,90000,Diesel,Manual,First,22.7,22.7,6.25,FORD,ECOSPORT 1.5,1498.0
4416,2015,36255,Diesel,Automatic,First,19.59,19.59,33.0,BMW,3 SERIES,1995.0
4417,2011,58000,Diesel,Automatic,Second,11.7,11.7,27.0,BMW,X5 XDRIVE,2993.0
4418,2014,48997,Petrol,Manual,Second,18.0,18.0,5.21,HONDA,AMAZE S,1198.0
4419,2014,31130,Petrol,Manual,First,15.85,15.85,5.75,FORD,ECOSPORT 1.5,1499.0
4420,2012,75668,Diesel,Automatic,First,14.74,14.74,16.58,JAGUAR,XF 3.0,2993.0
4421,2015,12000,Petrol,Manual,First,14.53,14.53,11.0,TOYOTA,COROLLA 1.8,1798.0
4422,2014,90000,Petrol,Manual,Second,20.36,20.36,2.8,HYUNDAI,I10 SPORTZ,1197.0
4423,2019,17320,Diesel,Automatic,First,15.8,15.8,37.99,MERCEDES-BENZ,NEW C-CLASS,2148.0
4424,2011,85000,Diesel,Manual,Second,20.0,20.0,3.65,SKODA,LAURA AMBIENTE,1968.0
4425,2007,130000,Diesel,Manual,First,13.1,13.1,6.0,FORD,ENDEAVOUR 4X2,2499.0
4426,2013,60328,Petrol,Manual,First,15.6,15.6,4.54,FORD,FIGO PETROL,1196.0
4427,2015,34327,Petrol,Manual,First,18.0,18.0,5.4,HONDA,AMAZE S,1198.0
4428,2014,75000,Diesel,Manual,First,19.1,19.1,3.3,TATA,INDICA VISTA,1405.0
4429,2012,86000,Diesel,Automatic,Second,14.7,14.7,18.25,VOLVO,XC60 D4,1985.0
4430,2017,12000,Petrol,Manual,First,22.7,22.7,3.1,DATSUN,REDI GO,799.0
4431,2013,57759,Petrol,Manual,First,21.1,21.1,3.84,HYUNDAI,EON ERA,814.0
4432,2016,24300,Petrol,Manual,First,22.74,22.74,2.44,MARUTI,ALTO 800,796.0
4433,2011,66000,Petrol,Manual,Second,16.47,16.47,3.6,VOLKSWAGEN,POLO PETROL,1198.0
4434,2015,75915,Petrol,Manual,First,20.36,20.36,3.9,HYUNDAI,I10 ASTA,1197.0
4435,2013,107000,Petrol,Manual,Second,16.95,16.95,2.9,NISSAN,SUNNY 2011-2014,1498.0
4436,2008,86000,Petrol,Manual,Second,14.53,14.53,3.5,TOYOTA,COROLLA ALTIS,1798.0
4437,2009,160000,Diesel,Manual,Second,18.1,18.1,3.5,HYUNDAI,VERNA CRDI,1493.0
4438,2019,3000,Petrol,Manual,First,24.7,24.7,3.5,MARUTI,ALTO 800,796.0
4439,2015,72495,Diesel,Manual,First,21.9,21.9,7.0,HYUNDAI,I20 SPORTZ,1396.0
4440,2016,33000,Diesel,Automatic,First,19.08,19.08,8.7,HYUNDAI,VERNA 1.6,1582.0
4441,2014,60000,Diesel,Automatic,First,12.07,12.07,45.0,AUDI,Q7 3.0,2967.0
4442,2016,80103,Diesel,Manual,First,25.0,25.0,1.8,TATA,INDICA V2,1396.0
4443,2007,42100,Petrol,Manual,First,18.0,18.0,0.99,CHEVROLET,SPARK 1.0,995.0
4444,2018,4500,Petrol,Manual,First,18.9,18.9,4.8,HYUNDAI,GRAND I10,1197.0
4445,2014,97000,Diesel,Manual,First,12.55,12.55,17.95,TOYOTA,FORTUNER 4X4,2982.0
4446,2016,50000,Electric,Automatic,First,,,13.0,MAHINDRA,E VERITO,72.0
4447,2017,51223,Petrol,Manual,First,18.9,18.9,5.66,HYUNDAI,GRAND I10,1197.0
4448,2009,64000,Petrol,Manual,First,17.0,17.0,3.1,HONDA,CITY 1.5,1497.0
4449,2016,56911,Petrol,Manual,First,18.6,18.6,6.54,HYUNDAI,ELITE I20,1197.0
4450,2015,147848,Diesel,Manual,First,12.8,12.8,13.2,TOYOTA,INNOVA 2.5,2494.0
4451,2018,21290,Petrol,Automatic,First,13.0,13.0,56.8,FORD,MUSTANG V8,4951.0
4452,2019,14076,Diesel,Automatic,First,11.36,11.36,19.4,TOYOTA,INNOVA CRYSTA,2755.0
4453,2007,75180,Petrol,Manual,First,18.2,18.2,1.65,MARUTI,ZEN ESTILO,1061.0
4454,2013,92000,Diesel,Manual,Second,22.9,22.9,4.35,MARUTI,SWIFT ZDI,1248.0
4455,2015,57266,Diesel,Manual,First,20.5,20.5,6.5,FIAT,AVVENTURA MULTIJET,1248.0
4456,2007,64000,Petrol,Manual,First,18.2,18.2,1.11,MARUTI,ZEN ESTILO,998.0
4457,2013,41000,Diesel,Manual,First,19.87,19.87,5.5,RENAULT,DUSTER 85PS,1461.0
4458,2012,45999,Diesel,Manual,First,10.5,10.5,11.0,MITSUBISHI,PAJERO 2.8,2835.0
4459,2015,50000,Petrol,Automatic,First,23.1,23.1,3.9,MARUTI,CELERIO VXI,998.0
4460,2013,70000,Diesel,Manual,First,17.88,17.88,1.8,TATA,INDICA V2,1405.0
4461,2016,37540,Petrol,Manual,First,18.6,18.6,6.22,HYUNDAI,ELITE I20,1197.0
4462,2014,44000,Petrol,Automatic,First,23.1,23.1,4.3,MARUTI,CELERIO VXI,998.0
4463,2017,22500,Petrol,Manual,First,18.9,18.9,5.99,HYUNDAI,GRAND I10,1197.0
4464,2017,17431,Petrol,Manual,First,18.6,18.6,6.0,HYUNDAI,I20 1.2,1197.0
4465,2014,61566,Petrol,Manual,First,17.1,17.1,5.85,HYUNDAI,VERNA 1.6,1591.0
4466,2014,61730,Diesel,Automatic,First,12.39,12.39,19.94,LAND,ROVER FREELANDER,2179.0
4467,2009,68000,Petrol,Manual,First,16.1,16.1,2.9,MARUTI,SWIFT VXI,1298.0
4468,2014,29000,Petrol,Manual,First,18.0,18.0,4.25,HONDA,AMAZE SX,1198.0
4469,2010,156210,Diesel,Manual,First,21.43,21.43,5.99,TOYOTA,COROLLA ALTIS,1364.0
4470,2013,46500,Diesel,Manual,First,27.4,27.4,3.3,HONDA,AMAZE S,1498.0
4471,2009,52830,Diesel,Automatic,Second,16.77,16.77,8.08,AUDI,A6 3.0,2967.0
4472,2017,39867,Petrol,Manual,First,22.5,22.5,4.5,MARUTI,WAGON R,998.0
4473,2014,58972,Diesel,Manual,First,24.2,24.2,6.5,HONDA,MOBILIO E,1498.0
4474,2006,66000,Petrol,Automatic,Second,10.1,10.1,3.9,HONDA,CR-V 2.4,2354.0
4475,2013,52000,Petrol,Manual,First,17.1,17.1,5.25,HYUNDAI,VERNA 1.6,1591.0
4476,2014,58000,Diesel,Automatic,First,11.72,11.72,17.0,HYUNDAI,SANTA FE,2199.0
4477,2012,58000,Petrol,Automatic,First,16.95,16.95,3.5,HYUNDAI,I10 SPORTZ,1197.0
4478,2008,75000,Diesel,Manual,Second,17.7,17.7,3.0,FORD,FUSION PLUS,1399.0
4479,2015,41008,Petrol,Manual,Second,20.36,20.36,4.87,HYUNDAI,I10 SPORTZ,1197.0
4480,2014,65000,Diesel,Manual,First,24.4,24.4,6.0,HYUNDAI,XCENT 1.1,1120.0
4481,2015,19000,Diesel,Automatic,First,18.19,18.19,15.5,SKODA,SUPERB STYLE,1968.0
4482,2008,74000,Petrol,Manual,Second,16.6,16.6,1.6,FORD,FIESTA 1.4,1388.0
4483,2017,33000,Petrol,Automatic,First,21.4,21.4,7.25,MARUTI,BALENO ZETA,1197.0
4484,2010,95000,Diesel,Manual,Second,17.0,17.0,3.25,SKODA,LAURA 1.9,1896.0
4485,2012,34000,Diesel,Manual,First,20.64,20.64,3.4,VOLKSWAGEN,VENTO 1.5,1498.0
4486,2014,102865,Diesel,Automatic,First,12.07,12.07,30.5,AUDI,Q7 3.0,2967.0
4487,2016,52378,Petrol,Manual,First,17.0,17.0,7.97,HYUNDAI,VERNA VTVT,1591.0
4488,2012,38000,Diesel,Automatic,First,14.84,14.84,13.51,MERCEDES-BENZ,NEW C-CLASS,2143.0
4489,2015,60334,Diesel,Manual,First,25.8,25.8,5.43,HONDA,AMAZE S,1498.0
4490,2010,107000,Petrol,Manual,First,16.6,16.6,2.6,FORD,FIESTA 1.4,1388.0
4491,2013,445000,Petrol,Manual,First,18.5,18.5,4.45,HYUNDAI,I20 MAGNA,1197.0
4492,2017,2196,Petrol,Manual,First,22.74,22.74,2.75,MARUTI,ALTO 800,796.0
4493,2010,24000,Petrol,Automatic,First,10.6,10.6,8.75,BMW,5 SERIES,2996.0
4494,2015,44846,Petrol,Manual,Second,14.6,14.6,5.41,FIAT,GRANDE PUNTO,1368.0
4495,2018,64035,Diesel,Automatic,First,28.4,28.4,8.55,MARUTI,DZIRE AMT,1248.0
4496,2014,45600,Diesel,Manual,First,15.1,15.1,8.25,MAHINDRA,XUV500 W6,2179.0
4497,2014,102001,Diesel,Automatic,First,11.1,11.1,23.58,VOLVO,XC90 2007-2015,2400.0
4498,2014,47439,Petrol,Manual,First,20.36,20.36,4.49,HYUNDAI,I10 SPORTZ,1197.0
4499,2010,193254,Diesel,Manual,First,11.5,11.5,12.99,TOYOTA,FORTUNER 3.0,2982.0
4500,2016,29000,Petrol,Automatic,First,21.9,21.9,2.8,TATA,NANO XTA,624.0
4501,2016,51681,Diesel,Manual,First,19.98,19.98,8.43,RENAULT,LODGY 110PS,1461.0
4502,2015,50000,Diesel,Automatic,First,12.07,12.07,47.5,AUDI,Q7 3.0,2967.0
4503,2016,42666,Petrol,Automatic,First,18.0,18.0,8.95,HONDA,CITY I,1497.0
4504,2013,65000,Diesel,Manual,Second,19.01,19.01,5.5,RENAULT,DUSTER 110PS,1461.0
4505,2014,18776,Petrol,Manual,First,17.8,17.8,4.75,HONDA,AMAZE S,1198.0
4506,2016,6714,Petrol,Manual,First,18.0,18.0,4.75,HONDA,AMAZE S,1198.0
4507,2009,40000,Petrol,Automatic,Second,12.05,12.05,9.5,BMW,3 SERIES,1995.0
4508,2011,88539,Diesel,Manual,First,23.2,23.2,3.77,MARUTI,RITZ LDI,1248.0
4509,2012,65055,Petrol,Manual,Second,17.0,17.0,4.25,HONDA,CITY 1.5,1497.0
4510,2014,23000,Diesel,Automatic,First,18.88,18.88,19.9,BMW,3 SERIES,1995.0
4511,2009,60000,Diesel,Manual,First,15.0,15.0,4.0,VOLKSWAGEN,JETTA 2007-2011,1896.0
4512,2013,59350,Petrol,Manual,First,19.1,19.1,4.16,MARUTI,SWIFT DZIRE,1197.0
4513,2015,19000,Diesel,Automatic,Second,16.36,16.36,38.0,JAGUAR,XF 2.2,2179.0
4514,2016,45560,Petrol,Automatic,First,16.9,16.9,6.34,HYUNDAI,XCENT 1.2,1197.0
4515,2009,118000,Diesel,Manual,First,12.8,12.8,4.5,TOYOTA,INNOVA 2.5,2494.0
4516,2016,55000,Petrol,Manual,First,15.1,15.1,3.75,MARUTI,EECO 7,1196.0
4517,2012,60000,Diesel,Automatic,Second,15.2,15.2,10.2,AUDI,A4 NEW,1968.0
4518,2007,145000,Diesel,Manual,First,12.8,12.8,5.0,TOYOTA,INNOVA 2.5,2494.0
4519,2008,46810,Petrol,Manual,First,9.8,9.8,3.95,MARUTI,GRAND VITARA,1995.0
4520,2016,62767,Diesel,Manual,First,20.34,20.34,9.75,VOLKSWAGEN,VENTO 1.5,1498.0
4521,2018,18553,Petrol,Manual,First,18.6,18.6,7.93,HYUNDAI,ELITE I20,1197.0
4522,2011,143143,Diesel,Manual,First,17.8,17.8,2.1,FORD,FIESTA CLASSIC,1399.0
4523,2015,53497,Diesel,Manual,First,13.5,13.5,16.42,MITSUBISHI,PAJERO SPORT,2477.0
4524,2011,148000,Diesel,Manual,Second,14.66,14.66,8.9,HYUNDAI,SANTA FE,2199.0
4525,2012,95000,Diesel,Manual,First,15.1,15.1,7.21,MAHINDRA,XUV500 W8,2179.0
4526,2015,100000,Diesel,Manual,First,12.8,12.8,13.5,TOYOTA,INNOVA 2.5,2494.0
4527,2016,29000,Diesel,Automatic,First,11.57,11.57,65.0,MERCEDES-BENZ,GLE 350D,2987.0
4528,2014,87000,Diesel,Manual,First,12.05,12.05,7.4,MAHINDRA,SCORPIO 2009-2014,2179.0
4529,2014,56838,Petrol,Automatic,First,16.8,16.8,5.15,HONDA,CITY 1.5,1497.0
4530,2013,100000,Diesel,Automatic,First,12.0,12.0,32.0,MERCEDES-BENZ,GL-CLASS 2007,2987.0
4531,2011,125000,Petrol,Manual,First,17.0,17.0,3.25,HONDA,CITY 1.5,1497.0
4532,2017,17000,Petrol,Automatic,First,22.5,22.5,3.95,MARUTI,WAGON R,998.0
4533,2013,70000,Petrol,Manual,Second,15.4,15.4,1.5,TATA,INDIGO ECS,1193.0
4534,2010,50000,Petrol,Manual,Second,17.0,17.0,3.0,HYUNDAI,I20 2015-2017,1197.0
4535,2010,39800,Petrol,Manual,First,16.0,16.0,1.99,HONDA,JAZZ ACTIVE,1198.0
4536,2010,60000,Petrol,Manual,First,19.0,19.0,1.35,MARUTI,A-STAR LXI,998.0
4537,2009,58000,Diesel,Automatic,First,16.07,16.07,13.5,BMW,3 SERIES,1995.0
4538,2010,110009,Diesel,Manual,First,17.67,17.67,6.99,SKODA,YETI ELEGANCE,1968.0
4539,2013,85000,Diesel,Manual,First,19.01,19.01,8.5,NISSAN,TERRANO XV,1461.0
4540,2010,84000,Diesel,Manual,Second,22.07,22.07,2.89,VOLKSWAGEN,POLO DIESEL,1199.0
4541,2011,51000,Diesel,Automatic,First,22.69,22.69,10.5,BMW,3 SERIES,1995.0
4542,2013,68880,Petrol,Manual,First,16.95,16.95,3.97,NISSAN,SUNNY 2011-2014,1498.0
4543,2017,5500,Petrol,Automatic,First,24.07,24.07,4.25,MARUTI,ALTO K10,998.0
4544,2016,40052,Petrol,Manual,First,21.1,21.1,6.17,MARUTI,RITZ ZXI,1197.0
4545,2016,47293,Diesel,Automatic,First,14.16,14.16,38.72,AUDI,Q5 30,1968.0
4546,2013,79663,Diesel,Manual,First,16.8,16.8,6.5,HYUNDAI,VERNA CRDI,1493.0
4547,2013,63000,Diesel,Manual,Second,25.8,25.8,4.25,HONDA,AMAZE S,1498.0
4548,2014,45000,Diesel,Manual,First,26.0,26.0,4.75,HONDA,CITY I,1498.0
4549,2014,56501,Diesel,Automatic,First,12.9,12.9,17.71,TOYOTA,FORTUNER TRD,2755.0
4550,2015,58000,Diesel,Manual,First,20.34,20.34,5.85,VOLKSWAGEN,VENTO 1.5,1498.0
4551,2011,51602,Diesel,Automatic,First,22.48,22.48,17.27,BMW,5 SERIES,1995.0
4552,2007,74199,Diesel,Automatic,First,16.07,16.07,9.25,BMW,3 SERIES,1995.0
4553,2017,25000,Petrol,Automatic,First,13.0,13.0,12.75,HYUNDAI,CRETA 1.6,1591.0
4554,2016,70000,Diesel,Automatic,Second,21.76,21.76,27.0,BMW,3 SERIES,1995.0
4555,2013,25000,Diesel,Automatic,Second,14.84,14.84,21.0,MERCEDES-BENZ,NEW C-CLASS,2143.0
4556,2017,22000,Diesel,Manual,First,26.59,26.59,7.95,MARUTI,SWIFT DZIRE,1248.0
4557,2015,47020,Petrol,Manual,Second,23.1,23.1,4.5,MARUTI,CELERIO ZXI,998.0
4558,2017,8000,Diesel,Automatic,First,19.59,19.59,33.75,BMW,3 SERIES,1995.0
4559,2010,73000,Diesel,Automatic,First,11.33,11.33,17.51,AUDI,Q7 4.2,4134.0
4560,2017,36973,Petrol,Manual,First,18.2,18.2,6.8,HONDA,JAZZ V,1199.0
4561,2014,42083,Petrol,Manual,First,25.4,25.4,1.68,TATA,NANO CX,624.0
4562,2016,61000,Petrol,Manual,First,24.7,24.7,2.9,MARUTI,ALTO 800,796.0
4563,2014,43628,Petrol,Manual,First,22.5,22.5,3.16,MARUTI,WAGON R,998.0
4564,2014,60000,Diesel,Manual,First,24.4,24.4,3.9,HYUNDAI,XCENT 1.1,1120.0
4565,2010,54000,Petrol,Manual,Second,17.8,17.8,1.95,CHEVROLET,BEAT LT,1199.0
4566,2015,27001,Diesel,Automatic,First,16.36,16.36,26.52,JAGUAR,XF 2.2,2179.0
4567,2010,52000,Diesel,Automatic,First,18.33,18.33,9.0,VOLKSWAGEN,PASSAT DIESEL,1968.0
4568,2012,80000,Diesel,Manual,First,21.27,21.27,4.5,HYUNDAI,I20 ASTA,1396.0
4569,2008,160000,Diesel,Manual,First,10.5,10.5,8.75,MITSUBISHI,PAJERO 2.8,2835.0
4570,2018,3300,Diesel,Automatic,First,24.3,24.3,11.5,MARUTI,VITARA BREZZA,1248.0
4571,2016,35027,Petrol,Manual,First,24.07,24.07,3.0,MARUTI,ALTO K10,998.0
4572,2015,26568,Petrol,Manual,First,21.1,21.1,3.79,HYUNDAI,EON MAGNA,814.0
4573,2015,59000,Diesel,Manual,First,28.09,28.09,6.0,MARUTI,CIAZ VDI,1248.0
4574,2016,51000,Diesel,Manual,First,19.67,19.67,13.25,HYUNDAI,CRETA 1.6,1582.0
4575,2012,56400,Diesel,Automatic,First,17.2,17.2,8.0,SKODA,SUPERB AMBITION,1968.0
4576,2015,80000,Diesel,Manual,First,20.14,20.14,5.8,VOLKSWAGEN,POLO 1.5,1498.0
4578,2013,107000,Diesel,Manual,Second,12.99,12.99,13.5,TOYOTA,INNOVA 2.5,2494.0
4579,2014,100000,Diesel,Automatic,First,14.21,14.21,25.0,MERCEDES-BENZ,E-CLASS 2009-2013,2143.0
4580,2016,59998,Diesel,Manual,First,20.14,20.14,5.49,VOLKSWAGEN,POLO 1.5,1498.0
4581,2013,105000,Diesel,Automatic,First,17.32,17.32,19.0,AUDI,Q3 2.0,1968.0
4582,2011,36000,Petrol,Manual,First,18.5,18.5,2.5,HYUNDAI,I20 1.2,1197.0
4583,2015,24350,Petrol,Manual,Second,19.81,19.81,3.0,HYUNDAI,I10 SPORTZ,1086.0
4584,2018,28973,Diesel,Manual,First,24.7,24.7,6.64,TATA,TIGOR 1.05,1047.0
4585,2017,8243,Petrol,Manual,First,21.1,21.1,3.21,HYUNDAI,EON ERA,814.0
4586,2009,136642,Petrol,Manual,Second,17.92,17.92,1.55,HYUNDAI,SANTRO XING,1086.0
4587,2011,60000,Petrol,Manual,First,17.92,17.92,2.59,HYUNDAI,SANTRO XING,1086.0
4588,2008,100000,Diesel,Manual,Second,12.7,12.7,4.0,MAHINDRA,SCORPIO SLX,2609.0
4589,2010,48689,Petrol,Manual,First,17.4,17.4,3.87,HONDA,CITY I-VTEC,1497.0
4590,2017,45000,Diesel,Manual,First,24.3,24.3,9.75,MARUTI,VITARA BREZZA,1248.0
4591,2019,38163,Diesel,Automatic,First,17.11,17.11,32.91,AUDI,A4 35,1968.0
4592,2011,43800,Diesel,Automatic,Second,14.21,14.21,16.75,MERCEDES-BENZ,E-CLASS 2009-2013,2143.0
4593,2007,92000,Petrol,Manual,First,13.5,13.5,1.9,HONDA,CIVIC 2006-2010,1799.0
4594,2017,14064,Petrol,Manual,First,18.6,18.6,6.59,HYUNDAI,I20 MAGNA,1197.0
4595,2017,42366,Diesel,Automatic,First,15.73,15.73,31.93,AUDI,Q3 35,1968.0
4596,2014,76551,Diesel,Manual,First,25.1,25.1,7.25,HONDA,CITY I,1498.0
4597,2008,72672,Petrol,Manual,First,19.81,19.81,1.9,HYUNDAI,I10 ERA,1086.0
4598,2015,45000,Diesel,Manual,First,25.2,25.2,3.55,MARUTI,SWIFT VDI,1248.0
4599,2012,91696,Diesel,Automatic,First,11.4,11.4,9.25,FORD,ENDEAVOUR 3.0L,2953.0
4600,2009,66484,Petrol,Manual,First,13.8,13.8,1.65,FORD,IKON 1.3,1299.0
4601,2019,15456,Diesel,Automatic,First,20.68,20.68,36.64,BMW,X1 SDRIVE,1995.0
4602,2011,55000,Diesel,Automatic,Second,14.21,14.21,16.0,MERCEDES-BENZ,E-CLASS 2009-2013,2143.0
4603,2019,21112,CNG,Manual,First,15.1,15.1,5.38,MARUTI,EECO 5,1196.0
4605,2014,61297,Diesel,Manual,First,25.8,25.8,4.35,HONDA,AMAZE S,1498.0
4606,2006,80000,Petrol,Manual,Second,17.3,17.3,1.2,MARUTI,ZEN LXI,993.0
4607,2013,59000,Petrol,Manual,Second,18.5,18.5,4.1,HYUNDAI,I20 MAGNA,1197.0
4608,2009,150000,Diesel,Automatic,First,11.0,11.0,18.75,BMW,X5 3.0D,2993.0
4609,2017,60083,Diesel,Manual,First,19.67,19.67,13.78,HYUNDAI,CRETA 1.6,1582.0
4610,2016,85450,Diesel,Manual,First,26.59,26.59,4.0,MARUTI,SWIFT DZIRE,1248.0
4611,2013,88000,Diesel,Manual,First,22.9,22.9,4.33,MARUTI,SWIFT VDI,1248.0
4612,2015,81828,Diesel,Manual,First,24.0,24.0,5.43,HYUNDAI,GRAND I10,1186.0
4613,2016,18000,Petrol,Manual,First,18.16,18.16,4.9,FORD,FIGO ASPIRE,1196.0
4614,2017,15000,Diesel,Automatic,First,15.97,15.97,70.0,BMW,X5 X5,2993.0
4615,2016,34000,Diesel,Automatic,First,11.78,11.78,25.5,MERCEDES-BENZ,NEW C-CLASS,2143.0
4616,2015,46000,Petrol,Automatic,First,18.9,18.9,5.1,HYUNDAI,GRAND I10,1197.0
4617,2013,48158,Diesel,Manual,First,22.32,22.32,6.7,HYUNDAI,VERNA 1.6,1582.0
4618,2013,93000,Diesel,Automatic,First,16.73,16.73,26.5,BMW,5 SERIES,2993.0
4619,2013,71007,Diesel,Manual,First,23.08,23.08,3.9,NISSAN,MICRA DIESEL,1461.0
4620,2010,63067,Petrol,Manual,Second,15.5,15.5,2.7,MARUTI,SX4 ZXI,1586.0
4621,2011,70259,Diesel,Manual,First,21.12,21.12,2.95,TATA,MANZA AURA,1248.0
4622,2015,13000,Diesel,Automatic,First,16.55,16.55,23.0,AUDI,A4 2.0,1968.0
4623,2009,140000,Diesel,Manual,Second,17.8,17.8,2.49,MARUTI,SWIFT LDI,1248.0
4624,2015,130000,Diesel,Manual,First,25.2,25.2,4.5,MARUTI,SWIFT LDI,1248.0
4625,2011,89401,Diesel,Manual,First,21.43,21.43,4.5,TOYOTA,COROLLA ALTIS,1364.0
4626,2015,67000,Diesel,Manual,First,27.3,27.3,6.9,HONDA,JAZZ 1.5,1498.0
4627,2010,65329,Petrol,Automatic,First,7.94,7.94,20.72,BMW,6 SERIES,4395.0
4628,2010,72000,Petrol,Manual,First,16.25,16.25,2.21,SKODA,FABIA 1.2,1198.0
4629,2001,70000,Petrol,Manual,Third,0.0,0.0,0.55,FIAT,SIENA 1.2,1242.0
4630,2011,82000,Diesel,Automatic,Second,12.35,12.35,13.9,LAND,ROVER FREELANDER,2179.0
4631,2010,85000,Petrol,Manual,First,15.3,15.3,1.46,FORD,FIESTA 1.6,1596.0
4632,2012,83000,Diesel,Automatic,First,19.08,19.08,6.0,HYUNDAI,VERNA SX,1582.0
4633,2016,26000,Petrol,Manual,First,21.7,21.7,3.0,RENAULT,KWID 1.0,999.0
4634,2012,27000,Diesel,Manual,First,22.3,22.3,3.5,TATA,INDICA VISTA,1248.0
4635,2018,37746,Diesel,Manual,First,21.19,21.19,7.59,HYUNDAI,I20 ACTIVE,1396.0
4636,2009,63274,Petrol,Manual,Second,15.0,15.0,1.99,MARUTI,SX4 ZXI,1586.0
4637,2016,25000,Petrol,Manual,First,25.17,25.17,3.8,RENAULT,KWID RXT,799.0
4638,2013,197000,Diesel,Manual,First,11.68,11.68,4.0,MAHINDRA,XYLO E4,2498.0
4639,2013,45010,Petrol,Manual,Second,21.1,21.1,2.95,HYUNDAI,EON D,814.0
4640,2013,75348,Diesel,Manual,First,25.8,25.8,3.75,HONDA,AMAZE VX,1498.0
4641,2010,90110,Diesel,Manual,First,22.07,22.07,2.5,VOLKSWAGEN,POLO DIESEL,1199.0
4642,2011,102013,Petrol,Manual,First,17.0,17.0,3.75,HONDA,CITY 1.5,1497.0
4643,2015,36000,Diesel,Automatic,First,12.55,12.55,22.0,TOYOTA,FORTUNER 4X2,2982.0
4644,2017,37578,Petrol,Manual,First,18.0,18.0,6.14,HONDA,AMAZE E,1198.0
4645,2015,46001,Diesel,Automatic,First,20.58,20.58,16.0,BMW,1 SERIES,1995.0
4646,2014,46559,Petrol,Automatic,First,23.1,23.1,3.75,MARUTI,CELERIO VXI,998.0
4647,2015,48000,Diesel,Manual,First,12.99,12.99,11.75,TOYOTA,INNOVA 2.5,2494.0
4648,2013,46000,Diesel,Automatic,Second,16.36,16.36,24.0,JAGUAR,XF 2.2,2179.0
4649,2017,15000,Petrol,Manual,First,17.5,17.5,8.9,HONDA,WRV I-VTEC,1199.0
4650,2012,85000,Diesel,Automatic,Third,17.05,17.05,10.0,BMW,X1 SDRIVE20D,1995.0
4651,2014,32000,Petrol,Automatic,First,14.3,14.3,5.55,SKODA,RAPID 1.6,1598.0
4652,2012,60818,Petrol,Manual,First,16.09,16.09,3.59,VOLKSWAGEN,VENTO 1.6,1598.0
4653,2019,35188,Diesel,Manual,First,22.77,22.77,11.13,FORD,ECOSPORT 1.5,1498.0
4654,2012,110000,Diesel,Manual,First,15.1,15.1,7.2,MAHINDRA,XUV500 W6,2179.0
4655,2014,61000,Diesel,Manual,First,18.6,18.6,2.98,FORD,FIESTA CLASSIC,1388.0
4656,2010,75000,Petrol,Manual,Second,17.92,17.92,1.7,HYUNDAI,SANTRO XING,1086.0
4657,2015,55000,Diesel,Automatic,First,12.0,12.0,52.0,MERCEDES-BENZ,GL-CLASS 2007,2987.0
4658,2003,69966,Petrol,Manual,First,19.7,19.7,0.95,MARUTI,ALTO LXI,796.0
4659,2016,42000,Petrol,Manual,First,17.8,17.8,9.25,HONDA,CITY I,1497.0
4660,2014,48000,Diesel,Automatic,First,13.01,13.01,16.25,HYUNDAI,SANTA FE,2199.0
4661,2015,35000,Diesel,Automatic,First,17.9,17.9,20.99,MERCEDES-BENZ,GLA CLASS,2143.0
4662,2005,128000,Diesel,Manual,Second,12.8,12.8,4.25,TOYOTA,INNOVA 2.5,2494.0
4663,2008,78000,Diesel,Automatic,Second,16.07,16.07,7.2,BMW,3 SERIES,1995.0
4664,2011,53080,Petrol,Manual,First,18.6,18.6,4.4,MARUTI,SWIFT ZXI,1197.0
4665,2011,66000,Petrol,Manual,Second,15.04,15.04,4.25,VOLKSWAGEN,VENTO PETROL,1598.0
4666,2012,25000,Petrol,Manual,First,16.02,16.02,5.35,MARUTI,ERTIGA VXI,1373.0
4667,2016,36139,Petrol,Automatic,Second,18.9,18.9,6.3,HYUNDAI,GRAND I10,1197.0
4668,2017,44000,Diesel,Manual,First,19.67,19.67,12.5,HYUNDAI,CRETA 1.6,1582.0
4669,2008,50000,Diesel,Automatic,Second,16.77,16.77,7.5,AUDI,A6 3.0,2967.0
4670,2016,81177,Diesel,Manual,First,16.0,16.0,11.25,MAHINDRA,XUV500 W8,1997.0
4671,2016,26000,Petrol,Automatic,First,16.05,16.05,7.65,FORD,ECOSPORT 1.5,1499.0
4672,2016,100000,Diesel,Manual,First,24.4,24.4,4.5,HYUNDAI,XCENT 1.1,1120.0
4673,2014,75000,Diesel,Automatic,First,21.21,21.21,7.5,VOLKSWAGEN,VENTO 1.5,1498.0
4674,2004,119859,Petrol,Automatic,First,13.0,13.0,7.1,MERCEDES-BENZ,S-CLASS 280,2987.0
4675,2010,55980,Petrol,Manual,First,20.36,20.36,2.25,HYUNDAI,I10 MAGNA,1197.0
4676,2015,30000,Diesel,Automatic,First,17.11,17.11,27.0,AUDI,A4 35,1968.0
4677,2012,49700,Diesel,Manual,Second,21.9,21.9,4.18,HYUNDAI,I20 SPORTZ,1396.0
4678,2013,79000,Diesel,Manual,First,23.5,23.5,6.5,HYUNDAI,VERNA 1.4,1396.0
4679,2010,65100,Petrol,Manual,First,17.0,17.0,3.15,HONDA,CITY 1.5,1497.0
4680,2016,54161,Diesel,Manual,First,25.47,25.47,7.64,MARUTI,ERTIGA VDI,1248.0
4681,2011,28619,Petrol,Manual,First,19.7,19.7,2.4,MARUTI,ALTO LXI,796.0
4682,2016,9000,Petrol,Automatic,First,20.51,20.51,4.25,MARUTI,WAGON R,998.0
4683,2016,42876,Diesel,Automatic,First,19.08,19.08,9.31,HYUNDAI,VERNA 1.6,1582.0
4684,2011,64000,Petrol,Manual,First,19.7,19.7,2.39,MARUTI,ALTO LXI,796.0
4685,2018,20488,Petrol,Manual,Second,16.09,16.09,7.64,VOLKSWAGEN,VENTO 1.6,1598.0
4686,2016,21000,Petrol,Manual,First,21.4,21.4,6.21,MARUTI,BALENO ZETA,1197.0
4687,2012,119203,Diesel,Automatic,First,0.0,0.0,16.5,LAND,ROVER FREELANDER,2179.0
4688,2011,55987,Petrol,Automatic,First,13.7,13.7,8.22,HONDA,CR-V 2.0L,1997.0
4689,2017,72668,Diesel,Manual,First,14.24,14.24,28.85,TOYOTA,FORTUNER 2.8,2755.0
4690,2015,32000,Petrol,Automatic,First,15.6,15.6,8.5,HONDA,CITY V,1497.0
4691,2014,3000,Petrol,Automatic,Second,12.0,12.0,90.0,MERCEDES-BENZ,SLK-CLASS 55,5461.0
4692,2015,10400,Petrol,Manual,First,17.4,17.4,6.51,HONDA,CITY I-VTEC,1497.0
4693,2013,35000,Diesel,Manual,First,22.9,22.9,4.65,MARUTI,SWIFT VDI,1248.0
4694,2013,55101,Petrol,Automatic,First,14.53,14.53,8.4,TOYOTA,COROLLA ALTIS,1794.0
4695,2014,57464,Diesel,Manual,First,23.59,23.59,5.75,TOYOTA,ETIOS CROSS,1364.0
4696,2006,110000,Petrol,Manual,First,18.9,18.9,1.11,MARUTI,WAGON R,998.0
4698,2014,72000,Petrol,Automatic,First,12.0,12.0,17.25,MERCEDES-BENZ,E-CLASS 2015-2017,1991.0
4699,2012,16000,Diesel,Automatic,First,16.36,16.36,32.0,JAGUAR,XF AERO,2179.0
4700,2011,62020,Petrol,Manual,First,17.0,17.0,3.45,HYUNDAI,I20 SPORTZ,1197.0
4701,2014,85000,Diesel,Automatic,Second,12.39,12.39,23.0,LAND,ROVER FREELANDER,2179.0
4702,2018,14223,Petrol,Manual,First,18.6,18.6,7.32,HYUNDAI,ELITE I20,1197.0
4703,2014,41210,Petrol,Manual,First,18.0,18.0,4.4,HONDA,AMAZE S,1198.0
4704,2015,20000,Diesel,Automatic,First,0.0,0.0,47.35,MERCEDES-BENZ,M-CLASS ML,2987.0
4705,2016,18043,Petrol,Manual,First,22.74,22.74,4.12,MARUTI,ALTO 800,796.0
4706,2016,80000,Diesel,Automatic,First,11.36,11.36,19.5,TOYOTA,INNOVA CRYSTA,2755.0
4707,2016,21000,Petrol,Automatic,First,18.9,18.9,6.2,HYUNDAI,GRAND I10,1197.0
4708,2016,49000,Diesel,Automatic,First,16.55,16.55,45.0,BMW,X3 XDRIVE30D,2993.0
4709,1998,104000,Petrol,Manual,Second,15.0,15.0,0.85,MARUTI,1000 AC,970.0
4710,2010,95000,Petrol,Manual,Second,18.5,18.5,2.8,HYUNDAI,I20 MAGNA,1197.0
4711,2015,32000,Petrol,Automatic,First,18.9,18.9,4.8,HYUNDAI,GRAND I10,1197.0
4713,2014,122800,Diesel,Manual,First,25.01,25.01,5.65,FORD,FIESTA 1.5,1498.0
4714,2011,78000,Diesel,Manual,Second,15.0,15.0,14.5,MERCEDES-BENZ,E-CLASS 220,2148.0
4715,2015,69000,Diesel,Manual,First,26.59,26.59,5.9,MARUTI,SWIFT DZIRE,1248.0
4716,2015,65000,Diesel,Manual,Second,23.59,23.59,5.0,TOYOTA,ETIOS VXD,1364.0
4717,2015,23000,Petrol,Manual,First,19.1,19.1,4.9,HYUNDAI,XCENT 1.2,1197.0
4718,2009,70000,Petrol,Manual,First,13.5,13.5,4.25,HONDA,CIVIC 2006-2010,1799.0
4719,2014,250000,Diesel,Manual,First,12.99,12.99,10.9,TOYOTA,INNOVA 2.5,2494.0
4720,2012,56000,Petrol,Manual,First,13.2,13.2,2.45,HYUNDAI,ACCENT GLE,1495.0
4721,2013,30000,Petrol,Manual,First,22.74,22.74,2.5,MARUTI,ALTO 800,796.0
4722,2010,35000,Petrol,Automatic,First,8.1,8.1,29.5,MERCEDES-BENZ,SL-CLASS SL,5461.0
4723,2013,92250,Diesel,Manual,Second,22.7,22.7,5.75,FORD,ECOSPORT 1.5,1498.0
4724,2018,40000,Petrol,Manual,First,20.14,20.14,5.0,HYUNDAI,XCENT 1.2,1197.0
4725,2014,96848,Petrol,Automatic,First,14.3,14.3,4.62,SKODA,RAPID 1.6,1598.0
4726,2016,42000,Diesel,Automatic,First,15.73,15.73,23.5,AUDI,Q3 2012-2015,1968.0
4727,2013,55886,Diesel,Manual,First,16.0,16.0,7.25,MAHINDRA,XUV500 W8,2179.0
4728,2019,12336,Petrol,Manual,First,17.0,17.0,11.88,HYUNDAI,VERNA VTVT,1591.0
4729,2009,60000,Petrol,Manual,Third,13.9,13.9,2.25,HYUNDAI,VERNA XI,1599.0
4730,2003,83000,Petrol,Manual,Second,14.2,14.2,0.85,FORD,IKON 1.6,1597.0
4731,2018,24000,Petrol,Manual,First,19.69,19.69,4.0,NISSAN,MICRA ACTIVE,1198.0
4732,2016,32198,Petrol,Automatic,First,16.5,16.5,5.1,HONDA,BRIO VX,1198.0
4733,2014,92247,Diesel,Manual,First,12.99,12.99,12.5,TOYOTA,INNOVA 2.5,2494.0
4734,2011,121311,Diesel,Manual,First,20.64,20.64,2.9,VOLKSWAGEN,VENTO 1.5,1498.0
4735,2016,66296,Diesel,Manual,First,16.0,16.0,15.96,MAHINDRA,XUV500 W10,2179.0
4736,2015,41000,Petrol,Automatic,First,16.9,16.9,5.45,HYUNDAI,XCENT 1.2,1197.0
4737,2017,38681,Diesel,Manual,First,13.5,13.5,23.86,FORD,ENDEAVOUR 2.2,2198.0
4738,2008,43761,Petrol,Manual,First,18.0,18.0,1.75,CHEVROLET,SPARK 1.0,995.0
4739,2017,17400,Diesel,Manual,First,24.52,24.52,9.75,MARUTI,ERTIGA SHVS,1248.0
4740,2013,61510,Diesel,Manual,First,25.8,25.8,4.75,HONDA,AMAZE S,1498.0
4741,2014,60000,Petrol,Manual,First,17.4,17.4,6.25,HONDA,CITY I,1497.0
4742,2014,35165,Diesel,Automatic,Second,23.8,23.8,22.0,MINI,COOPER COUNTRYMAN,1998.0
4743,2016,41617,Petrol,Automatic,First,14.53,14.53,14.14,TOYOTA,COROLLA ALTIS,1794.0
4744,2005,45000,Petrol,Manual,First,17.0,17.0,0.95,HYUNDAI,SANTRO XING,1086.0
4745,2014,65000,Petrol,Automatic,First,13.7,13.7,11.95,SKODA,SUPERB ELEGANCE,1798.0
4746,2011,68000,Petrol,Manual,First,18.9,18.9,2.5,MARUTI,WAGON R,998.0
4747,2013,49000,Petrol,Manual,First,19.81,19.81,2.75,HYUNDAI,I10 ERA,1086.0
4748,2019,16698,Petrol,Manual,First,23.84,23.84,5.85,TATA,TIAGO 1.2,1199.0
4749,2016,30965,Petrol,Manual,First,21.4,21.4,6.25,MARUTI,BALENO ZETA,1197.0
4750,2014,56058,Petrol,Manual,First,15.04,15.04,4.95,VOLKSWAGEN,VENTO 1.6,1598.0
4751,2017,15356,Petrol,Manual,First,18.9,18.9,4.75,HYUNDAI,GRAND I10,1197.0
4752,2013,54000,Diesel,Manual,First,20.0,20.0,2.55,FORD,FIGO DIESEL,1399.0
4753,2011,47000,Petrol,Automatic,Second,13.9,13.9,4.5,HONDA,CIVIC 2010-2013,1799.0
4754,2015,21652,Petrol,Manual,First,22.74,22.74,3.01,MARUTI,ALTO 800,796.0
4755,2016,52000,Diesel,Automatic,First,15.68,15.68,42.0,LAND,ROVER RANGE,1999.0
4756,2010,35010,Diesel,Automatic,First,12.4,12.4,11.5,AUDI,A6 2.7,2698.0
4757,2006,76662,Diesel,Automatic,First,11.0,11.0,10.99,MERCEDES-BENZ,E-CLASS 280,2987.0
4758,2009,89000,Petrol,Automatic,First,17.0,17.0,3.71,HONDA,CITY 1.5,1497.0
4759,2006,80000,Petrol,Automatic,Third,10.1,10.1,2.0,HONDA,CR-V 2.4,2354.0
4760,2018,39023,Diesel,Manual,First,28.09,28.09,9.48,MARUTI,CIAZ 1.3,1248.0
4761,2004,62000,Petrol,Manual,Second,18.9,18.9,1.25,MARUTI,WAGON R,998.0
4762,2015,78046,Diesel,Manual,First,19.67,19.67,10.9,HYUNDAI,CRETA 1.6,1582.0
4763,2015,34400,Diesel,Manual,First,28.09,28.09,5.5,MARUTI,CIAZ VDI,1248.0
4764,2016,64624,Petrol,Manual,First,21.1,21.1,3.71,HYUNDAI,EON D,814.0
4765,2014,69192,Petrol,Manual,First,16.02,16.02,6.25,MARUTI,ERTIGA VXI,1373.0
4766,2012,55000,Diesel,Manual,First,20.54,20.54,4.9,VOLKSWAGEN,VENTO DIESEL,1598.0
4767,2005,81000,Petrol,Manual,Second,12.8,12.8,1.1,HONDA,CITY 1.5,1493.0
4768,2016,36733,Petrol,Manual,First,16.47,16.47,4.72,VOLKSWAGEN,POLO PETROL,1198.0
4769,2017,24310,CNG,Manual,First,33.44,33.44,3.7,MARUTI,ALTO 800,796.0
4770,2016,43022,Diesel,Automatic,First,17.9,17.9,24.85,MERCEDES-BENZ,GLA CLASS,2143.0
4771,2013,74000,Diesel,Manual,First,14.66,14.66,12.25,HYUNDAI,SANTA FE,2199.0
4772,2014,47000,Diesel,Manual,First,22.9,22.9,3.9,MARUTI,SWIFT VDI,1248.0
4773,2017,37460,Petrol,Manual,First,18.6,18.6,6.28,HYUNDAI,ELITE I20,1197.0
4774,2011,130000,Diesel,Manual,First,14.0,14.0,2.75,MAHINDRA,XYLO E8,2498.0
4775,2017,31576,Petrol,Manual,First,18.9,18.9,7.85,HYUNDAI,GRAND I10,1197.0
4776,2011,66000,Petrol,Manual,First,15.04,15.04,2.95,VOLKSWAGEN,VENTO PETROL,1598.0
4777,2008,79000,Petrol,Automatic,Second,11.7,11.7,4.85,HONDA,ACCORD 2.4,2354.0
4778,2011,47140,Diesel,Automatic,Second,13.5,13.5,30.0,MERCEDES-BENZ,S-CLASS S,2925.0
4779,2016,36610,Diesel,Automatic,First,15.0,15.0,19.9,MERCEDES-BENZ,B CLASS,2143.0
4780,2016,93000,Diesel,Manual,First,20.5,20.5,10.8,HYUNDAI,CRETA 1.6,1582.0
4781,2007,52195,Petrol,Manual,First,19.7,19.7,1.75,MARUTI,ALTO LXI,796.0
4782,2016,20003,Diesel,Automatic,First,20.38,20.38,19.25,AUDI,A3 35,1968.0
4783,2013,66314,Diesel,Manual,First,19.87,19.87,5.5,RENAULT,DUSTER 85PS,1461.0
4784,2009,76000,Diesel,Manual,First,17.8,17.8,2.75,FORD,FIESTA 1.4,1399.0
4785,2015,29000,Diesel,Manual,First,19.67,19.67,13.0,HYUNDAI,CRETA 1.6,1582.0
4786,2011,30000,Diesel,Manual,First,20.0,20.0,3.2,FORD,FIGO DIESEL,1399.0
4787,2013,56526,Petrol,Manual,First,15.26,15.26,5.84,VOLKSWAGEN,POLO PETROL,1598.0
4788,2015,38000,Diesel,Automatic,Second,16.8,16.8,24.0,VOLVO,V40 D3,1969.0
4789,2012,41000,Diesel,Automatic,First,19.08,19.08,6.25,HYUNDAI,VERNA SX,1582.0
4790,2009,53000,Diesel,Automatic,First,14.49,14.49,36.0,BMW,7 SERIES,2993.0
4791,2003,125000,Diesel,Manual,Third,14.8,14.8,3.0,MITSUBISHI,LANCER GLXD,1998.0
4792,2010,242000,Diesel,Manual,First,11.5,11.5,11.0,TOYOTA,FORTUNER 3.0,2982.0
4793,2015,90000,Diesel,Manual,First,26.21,26.21,6.5,MARUTI,CIAZ VDI,1248.0
4794,2018,11000,Diesel,Manual,First,24.3,24.3,9.4,MARUTI,VITARA BREZZA,1248.0
4795,2018,21936,Diesel,Automatic,First,21.76,21.76,37.92,BMW,3 SERIES,1995.0
4796,2013,41000,Petrol,Automatic,First,14.4,14.4,5.25,VOLKSWAGEN,VENTO PETROL,1598.0
4797,2011,47000,Petrol,Manual,First,17.0,17.0,4.5,HYUNDAI,I20 1.2,1197.0
4798,2009,110000,Diesel,Automatic,First,11.0,11.0,18.0,BMW,X5 3.0D,2993.0
4799,2015,45960,Petrol,Manual,First,19.1,19.1,5.56,HYUNDAI,XCENT 1.2,1197.0
4800,2013,48000,Diesel,Automatic,First,14.21,14.21,22.0,MERCEDES-BENZ,E-CLASS 2009-2013,2143.0
4801,2011,68000,Diesel,Automatic,First,12.39,12.39,22.0,LAND,ROVER FREELANDER,2179.0
4802,2011,41000,Petrol,Manual,First,20.36,20.36,2.65,HYUNDAI,I10 MAGNA,1197.0
4803,2013,69573,Diesel,Manual,Second,22.32,22.32,5.85,HYUNDAI,VERNA 1.6,1582.0
4804,2012,115000,Diesel,Manual,First,19.33,19.33,6.95,VOLKSWAGEN,JETTA 2012-2014,1968.0
4805,2012,47629,Diesel,Manual,First,15.1,15.1,6.5,MAHINDRA,XUV500 W8,2179.0
4806,2004,66624,Petrol,Manual,Third,19.7,19.7,0.85,MARUTI,OMNI 8,796.0
4807,2013,80000,Petrol,Automatic,Second,14.67,14.67,7.25,SKODA,SUPERB STYLE,1798.0
4808,2012,94868,Diesel,Manual,First,22.9,22.9,4.5,MARUTI,SWIFT VDI,1248.0
4809,2010,76477,Diesel,Manual,First,10.5,10.5,4.25,MAHINDRA,SCORPIO 2.6,2179.0
4810,2016,28000,Petrol,Automatic,First,13.7,13.7,26.0,MERCEDES-BENZ,GLA CLASS,1991.0
4811,2017,28599,Diesel,Manual,First,16.55,16.55,9.66,MAHINDRA,THAR CRDE,2498.0
4812,2013,45348,Diesel,Manual,Second,19.01,19.01,6.85,RENAULT,DUSTER 110PS,1461.0
4813,2013,80127,Diesel,Automatic,First,12.8,12.8,23.68,AUDI,Q5 2008-2012,1968.0
4814,2013,68000,Diesel,Automatic,Second,12.39,12.39,15.75,LAND,ROVER FREELANDER,2179.0
4815,2012,75000,Diesel,Manual,Third,20.54,20.54,3.5,VOLKSWAGEN,VENTO DIESEL,1598.0
4816,2006,48000,Petrol,Automatic,Second,11.62,11.62,6.99,BMW,5 SERIES,2979.0
4817,2019,41871,Diesel,Manual,First,22.7,22.7,15.57,HYUNDAI,ELANTRA CRDI,1582.0
4818,2015,84931,Diesel,Manual,First,15.3,15.3,5.29,TATA,SUMO EX,2956.0
4819,2016,15000,Petrol,Manual,First,22.7,22.7,2.25,DATSUN,REDI-GO T,799.0
4820,2009,110000,Diesel,Automatic,First,11.7,11.7,20.0,BMW,X5 XDRIVE,2993.0
4821,2011,5900,Petrol,Automatic,First,7.94,7.94,47.5,BMW,6 SERIES,4395.0
4822,2002,103653,Petrol,Manual,Second,18.9,18.9,1.22,MARUTI,ALTO VXI,1061.0
4823,2012,64806,Petrol,Manual,First,16.47,16.47,3.65,VOLKSWAGEN,POLO PETROL,1198.0
4824,2016,35000,Petrol,Manual,First,20.62,20.62,3.1,DATSUN,GO PLUS,1198.0
4825,2016,40000,Petrol,Manual,First,15.29,15.29,11.5,HYUNDAI,CRETA 1.6,1591.0
4826,2015,23876,Petrol,Manual,First,24.07,24.07,3.46,MARUTI,ALTO K10,998.0
4827,2013,67901,Diesel,Manual,First,14.66,14.66,8.38,HYUNDAI,SANTA FE,2199.0
4828,2014,68865,Diesel,Manual,First,15.11,15.11,4.8,VOLKSWAGEN,POLO GT,1598.0
4829,2014,71000,Diesel,Manual,Second,25.8,25.8,4.5,HONDA,AMAZE S,1498.0
4830,2004,95000,Petrol,Manual,First,15.9,15.9,0.8,MARUTI,ESTEEM VXI,1298.0
4831,2014,25000,Diesel,Manual,First,22.9,22.9,3.95,MARUTI,SWIFT VDI,1248.0
4832,2012,180000,Diesel,Manual,First,20.5,20.5,3.65,SKODA,RAPID 1.6,1598.0
4833,2005,131000,Diesel,Automatic,First,11.0,11.0,10.0,MERCEDES-BENZ,E-CLASS 280,2987.0
4834,2011,65000,Diesel,Manual,Second,12.05,12.05,4.0,MAHINDRA,SCORPIO SLE,2179.0
4835,2012,117777,Diesel,Manual,First,21.64,21.64,4.75,NISSAN,SUNNY 2011-2014,1461.0
4836,2009,65000,Petrol,Manual,Second,17.5,17.5,3.1,MARUTI,SWIFT DZIRE,1298.0
4837,2017,46897,Petrol,Manual,First,21.1,21.1,3.61,HYUNDAI,EON SPORTZ,814.0
4838,2015,36695,Petrol,Manual,First,19.4,19.4,4.29,HONDA,BRIO S,1198.0
4839,2011,43000,Petrol,Manual,First,18.06,18.06,2.13,NISSAN,MICRA XV,1198.0
4840,2008,54000,Petrol,Manual,First,19.7,19.7,1.1,MARUTI,ALTO LXI,796.0
4841,2011,89000,Diesel,Automatic,First,22.69,22.69,13.95,BMW,3 SERIES,1995.0
4842,2014,7000,Petrol,Manual,First,16.47,16.47,5.35,VOLKSWAGEN,POLO 1.2,1198.0
4843,2014,58470,Petrol,Manual,First,23.1,23.1,3.9,MARUTI,CELERIO LXI,998.0
4844,2014,37000,Petrol,Manual,First,21.5,21.5,2.8,MARUTI,WAGON R,1197.0
4845,2016,29000,Diesel,Manual,First,26.21,26.21,8.75,MARUTI,CIAZ ZDI,1248.0
4846,2013,52000,Diesel,Automatic,First,16.55,16.55,19.5,AUDI,A4 2.0,1968.0
4847,2013,32807,Petrol,Manual,First,19.4,19.4,2.75,HONDA,BRIO S,1198.0
4848,2013,86000,Diesel,Automatic,First,11.79,11.79,8.0,MAHINDRA,SCORPIO VLX,2179.0
4849,2014,66500,Diesel,Manual,First,26.0,26.0,5.7,HONDA,CITY I,1498.0
4850,2012,94000,Diesel,Automatic,First,17.05,17.05,12.5,BMW,X1 SDRIVE20D,1995.0
4851,2011,29000,Petrol,Manual,Second,18.0,18.0,1.75,CHEVROLET,SPARK 1.0,995.0
4852,2010,107389,Diesel,Manual,Second,20.0,20.0,1.9,FORD,FIGO DIESEL,1399.0
4853,2015,36100,Petrol,Manual,First,20.4,20.4,4.5,MARUTI,SWIFT VXI,1197.0
4854,2015,16329,Diesel,Automatic,First,19.27,19.27,30.3,MERCEDES-BENZ,NEW C-CLASS,2143.0
4855,2014,36000,Diesel,Automatic,First,19.3,19.3,16.0,SKODA,OCTAVIA ELEGANCE,1968.0
4856,2017,41816,Diesel,Automatic,First,18.56,18.56,32.78,BMW,X3 XDRIVE20D,1995.0
4857,2015,54680,Petrol,Manual,First,21.1,21.1,2.5,HYUNDAI,EON ERA,814.0
4858,2017,14000,Diesel,Automatic,First,18.25,18.25,43.0,AUDI,A4 35,1968.0
4859,2017,23977,Petrol,Manual,First,18.16,18.16,5.38,FORD,FIGO 2015-2019,1196.0
4860,2013,30131,Petrol,Manual,First,20.92,20.92,2.65,MARUTI,ALTO K10,998.0
4861,2017,2530,Petrol,Manual,First,24.7,24.7,3.3,MARUTI,ALTO 800,796.0
4862,2015,39000,Diesel,Automatic,First,19.27,19.27,34.0,MERCEDES-BENZ,NEW C-CLASS,2143.0
4863,2001,140000,Petrol,Manual,Third,20.3,20.3,0.7,HYUNDAI,SANTRO D,1086.0
4864,2017,32257,Diesel,Manual,First,24.4,24.4,6.83,HYUNDAI,XCENT 1.1,1120.0
4865,2016,46983,Diesel,Manual,First,25.8,25.8,5.77,HONDA,AMAZE S,1498.0
4866,2008,107000,Diesel,Manual,Second,17.8,17.8,3.1,MARUTI,SWIFT VDI,1248.0
4867,2017,19000,Petrol,Manual,First,16.2,16.2,4.95,VOLKSWAGEN,POLO 1.2,1199.0
4868,2013,88000,Diesel,Automatic,First,17.11,17.11,16.25,AUDI,A4 2.0,1968.0
4869,2012,84384,Diesel,Automatic,First,10.2,10.2,52.54,LAND,ROVER RANGE,4367.0
4870,2011,128000,Diesel,Manual,Third,16.0,16.0,6.4,MAHINDRA,XUV500 W8,2179.0
4871,2011,71000,Diesel,Manual,Third,13.1,13.1,6.95,FORD,ENDEAVOUR 2.5L,2499.0
4872,2008,50000,Diesel,Manual,First,17.2,17.2,0.85,TATA,INDICA V2,1396.0
4873,2016,16000,Petrol,Manual,First,21.4,21.4,6.95,MARUTI,BALENO ALPHA,1197.0
4874,2017,82000,Diesel,Manual,First,24.4,24.4,3.45,HYUNDAI,XCENT 1.1,1120.0
4875,2008,80000,Petrol,Manual,First,13.5,13.5,2.75,HONDA,CIVIC 2006-2010,1799.0
4876,2015,36000,Petrol,Manual,Second,18.6,18.6,4.95,HYUNDAI,I20 SPORTZ,1197.0
4877,2018,17477,Petrol,Manual,First,17.0,17.0,9.62,TATA,NEXON 1.2,1198.0
4878,2016,16725,Petrol,Manual,First,18.6,18.6,6.79,HYUNDAI,I20 SPORTZ,1197.0
4879,2014,48241,Petrol,Manual,First,19.1,19.1,4.5,MARUTI,SWIFT DZIRE,1197.0
4880,2014,52431,Petrol,Manual,First,22.5,22.5,3.01,MARUTI,WAGON R,998.0
4881,2012,68000,Diesel,Manual,First,21.9,21.9,4.4,HYUNDAI,I20 SPORTZ,1396.0
4882,2012,158000,Diesel,Automatic,First,12.55,12.55,17.49,TOYOTA,FORTUNER 4X2,2982.0
4883,2014,31446,Petrol,Manual,First,20.36,20.36,4.66,HYUNDAI,I10 SPORTZ,1197.0
4884,2015,25000,Petrol,Manual,First,18.9,18.9,5.5,HYUNDAI,GRAND I10,1197.0
4885,2016,57000,Petrol,Manual,First,18.6,18.6,6.0,HYUNDAI,I20 ASTA,1197.0
4886,2007,76000,Petrol,Automatic,First,17.0,17.0,2.4,HYUNDAI,SANTRO XING,1086.0
4887,2018,57078,Diesel,Manual,First,24.3,24.3,10.19,MARUTI,VITARA BREZZA,1248.0
4888,2016,47471,Diesel,Manual,First,25.8,25.8,5.25,HONDA,AMAZE S,1498.0
4889,2014,50000,Diesel,Automatic,First,15.26,15.26,45.0,MERCEDES-BENZ,M-CLASS ML,2143.0
4890,2010,62000,Diesel,Manual,First,23.0,23.0,2.7,HYUNDAI,I20 SPORTZ,1396.0
4891,2013,65807,Petrol,Manual,First,19.81,19.81,3.39,HYUNDAI,I10 ERA,1086.0
4892,2014,81768,Diesel,Manual,First,26.59,26.59,5.69,MARUTI,SWIFT DZIRE,1248.0
4893,2018,9952,Petrol,Automatic,First,10.37,10.37,58.54,BMW,Z4 2009-2013,2979.0
4894,2017,24000,Diesel,Manual,First,27.39,27.39,8.4,MARUTI,BALENO ALPHA,1248.0
4895,2012,72921,Diesel,Manual,First,25.44,25.44,2.5,CHEVROLET,BEAT DIESEL,936.0
4896,2012,59000,Petrol,Manual,First,19.4,19.4,3.25,HONDA,BRIO V,1198.0
4897,2014,33000,Diesel,Manual,Second,20.0,20.0,3.25,FORD,FIGO DIESEL,1399.0
4898,2016,36789,Petrol,Automatic,First,23.1,23.1,4.25,MARUTI,CELERIO VXI,998.0
4899,2014,41000,Diesel,Automatic,First,14.84,14.84,18.5,MERCEDES-BENZ,NEW C-CLASS,2143.0
4900,2007,71000,Petrol,Automatic,First,17.0,17.0,2.4,HYUNDAI,SANTRO XING,1086.0
4901,2015,46650,Petrol,Manual,First,19.4,19.4,4.25,HONDA,BRIO S,1198.0
4902,2018,3000,Petrol,Automatic,First,21.4,21.4,8.85,MARUTI,BALENO ALPHA,1197.0
4903,2014,14799,Petrol,Manual,First,21.1,21.1,4.14,HYUNDAI,EON SPORTZ,814.0
4904,2011,44000,Electric,Automatic,First,,,12.75,TOYOTA,PRIUS 2009-2016,1798.0
4905,2015,68525,Diesel,Manual,First,23.0,23.0,7.0,HYUNDAI,I20 1.4,1396.0
4906,2018,15000,Diesel,Automatic,First,10.91,10.91,33.0,FORD,ENDEAVOUR 3.2,3198.0
4907,2017,29000,Petrol,Manual,First,17.4,17.4,10.0,HONDA,CITY I-VTEC,1497.0
4908,2012,77407,Diesel,Manual,Second,21.5,21.5,3.53,MARUTI,SX4 ZDI,1248.0
4909,2007,118000,Petrol,Manual,First,12.9,12.9,1.35,CHEVROLET,OPTRA MAGNUM,1598.0
4910,2013,75000,Diesel,Manual,First,20.54,20.54,4.5,VOLKSWAGEN,VENTO DIESEL,1598.0
4911,2012,69000,Petrol,Manual,First,16.8,16.8,4.9,HONDA,CITY V,1497.0
4912,2016,52553,Diesel,Manual,First,19.67,19.67,12.26,HYUNDAI,CRETA 1.6,1582.0
4913,2014,58000,Diesel,Manual,Second,24.4,24.4,3.99,HYUNDAI,XCENT 1.1,1120.0
4914,2017,24000,Diesel,Automatic,First,17.9,17.9,46.95,MERCEDES-BENZ,GLC 220D,2143.0
4915,2015,65542,Diesel,Manual,First,20.0,20.0,3.8,FORD,FIGO DIESEL,1399.0
4916,2013,68008,Diesel,Manual,Second,15.0,15.0,6.75,VOLKSWAGEN,JETTA 2007-2011,1896.0
4917,2017,22251,Diesel,Manual,First,18.49,18.49,8.75,MAHINDRA,TUV 300,1493.0
4918,2013,55000,Petrol,Manual,Second,15.8,15.8,5.2,FORD,ECOSPORT 1.5,1499.0
4919,2017,19387,Petrol,Manual,First,17.1,17.1,8.42,HYUNDAI,VERNA 1.6,1591.0
4920,2014,58000,CNG,Manual,First,26.6,26.6,3.0,MARUTI,WAGON R,998.0
4921,2016,24001,Petrol,Manual,First,18.6,18.6,5.75,HYUNDAI,I20 SPORTZ,1197.0
4922,2008,17000,Diesel,Automatic,First,15.2,15.2,9.75,AUDI,A4 NEW,1968.0
4923,2015,28500,Petrol,Manual,First,19.49,19.49,3.5,NISSAN,MICRA ACTIVE,1198.0
4924,2014,66000,Diesel,Automatic,First,15.26,15.26,30.0,MERCEDES-BENZ,M-CLASS ML,2143.0
4925,2017,22000,Diesel,Automatic,First,12.83,12.83,35.0,LAND,ROVER DISCOVERY,2179.0
4926,2018,44383,Petrol,Manual,First,15.8,15.8,13.25,HYUNDAI,CRETA 1.6,1591.0
4927,2013,45000,Diesel,Manual,First,20.5,20.5,3.65,SKODA,RAPID 1.6,1598.0
4928,2015,58000,Diesel,Manual,First,23.4,23.4,5.25,MARUTI,SWIFT DZIRE,1248.0
4929,2016,69000,Petrol,Manual,First,15.8,15.8,9.7,HYUNDAI,CRETA 1.6,1591.0
4930,2017,60993,Diesel,Manual,First,24.0,24.0,5.21,HYUNDAI,GRAND I10,1120.0
4931,2016,67000,Diesel,Manual,First,18.49,18.49,6.3,MAHINDRA,TUV 300,1493.0
4932,2014,51134,Diesel,Manual,First,24.0,24.0,4.72,HYUNDAI,GRAND I10,1120.0
4933,2011,55000,Diesel,Automatic,Second,11.7,11.7,28.0,BMW,X5 XDRIVE,2993.0
4934,2018,25082,Diesel,Automatic,First,28.4,28.4,8.37,MARUTI,DZIRE AMT,1248.0
4935,2012,68350,Diesel,Manual,First,12.55,12.55,14.0,TOYOTA,FORTUNER 4X4,2982.0
4936,2015,50000,Diesel,Automatic,First,17.68,17.68,36.0,AUDI,A6 2011-2015,1968.0
4937,2015,97000,Diesel,Manual,First,27.3,27.3,6.4,HONDA,JAZZ 1.5,1498.0
4938,2015,56238,Diesel,Automatic,First,11.33,11.33,51.69,AUDI,Q7 4.2,4134.0
4939,2014,72618,Diesel,Manual,First,12.05,12.05,8.0,MAHINDRA,SCORPIO 2009-2014,2179.0
4940,2012,62005,Diesel,Manual,First,18.3,18.3,9.8,CHEVROLET,CRUZE LTZ,1991.0
4941,2012,61250,Diesel,Manual,First,25.44,25.44,2.7,CHEVROLET,BEAT DIESEL,936.0
4942,2014,28469,Diesel,Automatic,First,18.25,18.25,24.37,AUDI,A4 35,1968.0
4943,2018,21488,Petrol,Automatic,First,14.3,14.3,9.72,SKODA,RAPID 1.6,1598.0
4944,2014,197000,Diesel,Manual,First,23.4,23.4,5.0,MARUTI,SWIFT DZIRE,1248.0
4945,2009,138205,Diesel,Manual,Second,11.5,11.5,10.5,TOYOTA,FORTUNER 3.0,2982.0
4946,2012,160000,Diesel,Manual,Second,22.9,22.9,3.9,MARUTI,SWIFT VDI,1248.0
4947,2012,67590,Petrol,Manual,First,17.0,17.0,5.65,HONDA,CITY 1.5,1497.0
4948,2012,52000,Diesel,Automatic,First,15.26,15.26,29.95,MERCEDES-BENZ,M-CLASS ML,2143.0
4949,2008,100000,Diesel,Manual,Second,17.8,17.8,3.0,MARUTI,SWIFT LDI,1248.0
4950,2017,60048,Diesel,Manual,First,26.1,26.1,6.0,FORD,ASPIRE TITANIUM,1498.0
4951,2009,48000,Petrol,Manual,First,20.36,20.36,2.11,HYUNDAI,I10 SPORTZ,1197.0
4953,2011,100000,Petrol,Manual,First,19.7,19.7,1.5,MARUTI,ALTO LXI,796.0
4954,2013,62601,Diesel,Manual,First,23.59,23.59,4.67,TOYOTA,ETIOS LIVA,1364.0
4955,2006,80010,Petrol,Manual,Second,20.4,20.4,2.85,MARUTI,SWIFT VXI,1197.0
4956,2017,26493,Diesel,Automatic,First,19.27,19.27,33.64,MERCEDES-BENZ,NEW C-CLASS,2143.0
4957,2011,96000,Diesel,Manual,Second,17.88,17.88,0.91,TATA,INDICA V2,1396.0
4958,2014,45700,Petrol,Manual,Second,22.74,22.74,2.42,MARUTI,ALTO 800,796.0
4959,2005,13000,Petrol,Automatic,First,9.3,9.3,3.25,SKODA,SUPERB 2.8,2771.0
4960,2013,38000,Petrol,Manual,First,16.47,16.47,2.8,VOLKSWAGEN,POLO PETROL,1198.0
4961,2019,8018,Petrol,Automatic,First,22.0,22.0,8.3,MARUTI,DZIRE AMT,1197.0
4962,2010,144400,Diesel,Manual,Third,12.05,12.05,5.25,MAHINDRA,SCORPIO VLX,2179.0
4963,2010,152000,Diesel,Manual,First,17.8,17.8,2.9,MARUTI,SWIFT VDI,1248.0
4964,2013,71000,Diesel,Automatic,First,18.88,18.88,15.0,BMW,3 SERIES,1995.0
4965,2012,80000,Petrol,Manual,Second,25.4,25.4,0.53,TATA,NANO STD,624.0
4966,2014,87143,Diesel,Manual,First,12.99,12.99,12.5,TOYOTA,INNOVA 2.5,2494.0
4967,2012,25000,Petrol,Manual,First,18.4,18.4,2.75,HONDA,BRIO S,1198.0
4968,2018,2000,Petrol,Automatic,First,23.84,23.84,5.0,TATA,TIAGO AMT,1199.0
4969,2014,45239,Diesel,Manual,First,12.05,12.05,7.09,MAHINDRA,SCORPIO SLE,2179.0
4970,2011,101999,Diesel,Automatic,First,16.73,16.73,19.99,BMW,5 SERIES,1995.0
4971,2014,74219,Diesel,Manual,First,21.43,21.43,10.75,TOYOTA,COROLLA ALTIS,1364.0
4972,2016,25000,Petrol,Automatic,First,18.0,18.0,9.45,HONDA,CITY I,1497.0
4973,2008,109606,Diesel,Manual,First,22.0,22.0,2.9,HYUNDAI,VERNA CRDI,1582.0
4974,2015,36000,Diesel,Manual,First,26.59,26.59,4.7,MARUTI,SWIFT DZIRE,1248.0
4975,2016,41810,Petrol,Manual,First,20.73,20.73,7.11,MARUTI,CIAZ ZXI,1373.0
4976,2014,93321,Diesel,Manual,First,22.7,22.7,6.25,FORD,ECOSPORT 1.5,1498.0
4977,2011,81000,Petrol,Manual,First,20.92,20.92,2.2,MARUTI,ALTO K10,998.0
4978,2019,25717,Petrol,Automatic,First,19.0,19.0,8.86,HONDA,AMAZE V,1199.0
4979,2015,37000,Diesel,Manual,First,15.1,15.1,9.3,MAHINDRA,XUV500 W6,2179.0
4980,2017,56380,Diesel,Manual,First,18.49,18.49,7.57,MAHINDRA,TUV 300,1493.0
4981,2017,8000,Petrol,Manual,First,18.2,18.2,7.9,HONDA,JAZZ VX,1199.0
4982,2018,14589,Petrol,Manual,First,16.1,16.1,5.65,MARUTI,SWIFT VXI,1298.0
4983,2013,65088,Petrol,Manual,First,16.47,16.47,3.25,VOLKSWAGEN,POLO PETROL,1198.0
4984,2019,24864,Diesel,Manual,First,20.5,20.5,16.27,HYUNDAI,CRETA 1.6,1582.0
4985,2011,64831,Petrol,Manual,First,18.6,18.6,3.21,CHEVROLET,BEAT LS,1199.0
4986,2013,38001,Diesel,Manual,First,25.8,25.8,3.9,HONDA,AMAZE VX,1498.0
4987,2008,77000,Petrol,Automatic,Second,10.0,10.0,6.5,MERCEDES-BENZ,E-CLASS 230,2496.0
4988,2016,27000,Diesel,Automatic,First,18.59,18.59,48.0,BMW,5 SERIES,2993.0
4989,2016,39000,Diesel,Automatic,First,20.38,20.38,18.9,AUDI,A3 35,1968.0
4990,2015,131000,Diesel,Manual,First,26.59,26.59,3.6,MARUTI,SWIFT DZIRE,1248.0
4991,2015,43000,Diesel,Manual,First,26.59,26.59,5.5,MARUTI,SWIFT DZIRE,1248.0
4992,2011,68000,Diesel,Manual,Second,12.8,12.8,7.0,TOYOTA,INNOVA 2.5,2494.0
4993,2016,45165,Diesel,Automatic,First,16.09,16.09,41.75,BMW,X3 XDRIVE20D,1995.0
4994,2007,120000,Diesel,Automatic,First,16.73,16.73,10.5,BMW,5 SERIES,1995.0
4995,2014,86091,Diesel,Manual,First,15.1,15.1,10.09,MAHINDRA,XUV500 W8,2179.0
4996,2009,71499,Petrol,Manual,First,17.0,17.0,3.0,HONDA,CITY 1.5,1497.0
4997,2014,50000,Diesel,Manual,First,17.0,17.0,12.0,FORCE,ONE LX,2200.0
4998,2015,66000,Diesel,Manual,First,20.14,20.14,4.91,VOLKSWAGEN,POLO 1.5,1498.0
4999,2010,45000,Petrol,Manual,First,16.0,16.0,2.0,HONDA,JAZZ S,1198.0
5000,2015,69189,Diesel,Manual,First,23.59,23.59,5.3,TOYOTA,ETIOS LIVA,1364.0
5001,2014,40206,Diesel,Manual,First,19.01,19.01,7.22,NISSAN,TERRANO XV,1461.0
5002,2017,36723,Diesel,Automatic,First,18.56,18.56,32.57,BMW,X3 XDRIVE,1995.0
5003,2010,57500,Petrol,Manual,First,18.5,18.5,2.75,HYUNDAI,I20 1.2,1197.0
5004,2018,43912,CNG,Manual,First,15.1,15.1,4.33,MARUTI,EECO 5,1196.0
5005,2011,52000,Diesel,Manual,First,17.8,17.8,3.75,FORD,FIESTA EXI,1399.0
5006,2014,60952,Petrol,Automatic,First,16.8,16.8,5.91,HONDA,CITY 1.5,1497.0
5007,2013,87192,Diesel,Manual,First,25.2,25.2,4.35,MARUTI,SWIFT VDI,1248.0
5008,2014,58000,Diesel,Manual,First,24.0,24.0,3.25,HYUNDAI,GRAND I10,1120.0
5009,2017,59500,Diesel,Automatic,First,14.75,14.75,68.0,AUDI,Q7 45,2967.0
5010,2016,16650,Petrol,Manual,First,17.0,17.0,5.5,VOLKSWAGEN,AMEO 1.2,1198.0
5011,2018,34696,Petrol,Automatic,First,18.0,18.0,12.08,HONDA,CITY I,1497.0
5012,2018,42243,Diesel,Manual,First,27.39,27.39,7.48,MARUTI,BALENO ALPHA,1248.0
5013,2016,57824,Diesel,Manual,First,24.0,24.0,5.5,HYUNDAI,GRAND I10,1120.0
5014,2011,110000,Diesel,Manual,First,19.3,19.3,3.5,MARUTI,SWIFT DZIRE,1248.0
5016,2013,72000,Diesel,Automatic,First,0.0,0.0,15.5,LAND,ROVER FREELANDER,2179.0
5017,2013,63455,Diesel,Manual,First,11.5,11.5,19.0,TOYOTA,FORTUNER 3.0,2982.0
5018,2017,17151,Diesel,Manual,First,27.3,27.3,8.4,HONDA,JAZZ VX,1498.0
5019,2016,31001,Diesel,Manual,First,24.3,24.3,7.25,MARUTI,VITARA BREZZA,1248.0
5020,2014,42109,Diesel,Manual,First,23.4,23.4,4.25,MARUTI,SWIFT DZIRE,1248.0
5021,2015,55000,Diesel,Automatic,Second,21.66,21.66,5.7,SKODA,RAPID 1.5,1498.0
5022,2013,46000,Diesel,Automatic,Second,0.0,0.0,26.0,LAND,ROVER FREELANDER,2179.0
5023,2013,30852,Petrol,Manual,First,22.74,22.74,2.49,MARUTI,ALTO 800,796.0
5024,2011,65000,Petrol,Manual,Second,16.47,16.47,3.0,VOLKSWAGEN,POLO PETROL,1198.0
5025,2015,65000,Diesel,Manual,First,26.0,26.0,5.95,HONDA,CITY I,1498.0
5026,2013,72000,Diesel,Manual,First,23.4,23.4,2.69,MARUTI,SWIFT DZIRE,1248.0
5027,2014,29000,Diesel,Automatic,First,17.11,17.11,26.0,AUDI,A4 2.0,1968.0
5028,2015,32000,Petrol,Manual,First,17.8,17.8,5.5,HONDA,CITY I,1497.0
5029,2016,29875,Petrol,Manual,First,18.16,18.16,4.85,FORD,FIGO ASPIRE,1196.0
5030,2018,32539,Diesel,Manual,First,24.3,24.3,8.39,MARUTI,VITARA BREZZA,1248.0
5031,2015,83090,Diesel,Manual,First,19.01,19.01,7.99,RENAULT,DUSTER 110PS,1461.0
5032,2016,62679,Diesel,Manual,First,21.19,21.19,6.95,HYUNDAI,I20 ACTIVE,1396.0
5033,2010,93000,Petrol,Manual,First,15.7,15.7,1.5,MAHINDRA,LOGAN PETROL,1390.0
5034,2006,44000,Petrol,Manual,First,17.7,17.7,1.55,HONDA,CITY ZX,1497.0
5035,2010,78400,Petrol,Manual,Second,15.6,15.6,2.75,FORD,FIGO PETROL,1196.0
5036,2014,71300,Petrol,Manual,First,13.06,13.06,4.25,RENAULT,DUSTER PETROL,1598.0
5037,2015,18000,Petrol,Manual,First,20.36,20.36,2.85,HYUNDAI,I10 SPORTZ,1197.0
5038,2019,24013,Diesel,Automatic,First,12.81,12.81,56.14,LAND,ROVER DISCOVERY,1999.0
5039,2009,99100,Petrol,Automatic,Second,9.74,9.74,10.0,AUDI,Q5 2008-2012,1984.0
5040,2003,62000,Petrol,Manual,Second,11.3,11.3,1.25,MARUTI,VERSA DX2,1298.0
5041,2017,14000,Diesel,Manual,First,26.59,26.59,7.5,MARUTI,SWIFT DZIRE,1248.0
5042,2015,44811,Diesel,Automatic,First,17.11,17.11,25.81,AUDI,A4 2.0,1968.0
5043,2014,44000,Petrol,Manual,First,16.47,16.47,4.3,VOLKSWAGEN,POLO 1.2,1198.0
5044,2010,136000,Diesel,Manual,Second,11.5,11.5,11.0,TOYOTA,FORTUNER 3.0,2982.0
5045,2010,144113,Diesel,Manual,Second,11.5,11.5,11.75,TOYOTA,FORTUNER 3.0,2982.0
5046,2012,94989,Petrol,Manual,First,12.8,12.8,6.58,HONDA,ACCORD 2.4,2354.0
5047,2012,58133,Diesel,Manual,First,22.9,22.9,4.8,MARUTI,SWIFT ZDI,1248.0
5048,2008,61000,Petrol,Manual,Second,17.5,17.5,1.65,SKODA,FABIA 1.2,1198.0
5049,2017,27000,Diesel,Manual,First,17.1,17.1,15.0,JEEP,COMPASS 2.0,1956.0
5050,2014,18050,Petrol,Manual,Second,25.4,25.4,1.0,TATA,NANO TWIST,624.0
5051,2007,145277,Petrol,Manual,First,15.3,15.3,1.65,FORD,FIESTA 1.6,1596.0
5052,2015,42000,Diesel,Manual,First,27.62,27.62,3.6,MARUTI,CELERIO ZDI,793.0
5053,2011,86000,Diesel,Manual,First,11.5,11.5,11.5,TOYOTA,FORTUNER 3.0,2982.0
5054,2015,42150,Diesel,Manual,First,27.62,27.62,3.6,MARUTI,CELERIO ZDI,793.0
5055,2015,30158,Petrol,Manual,First,21.1,21.1,3.05,HYUNDAI,EON ERA,814.0
5056,2011,47000,Diesel,Manual,Second,23.5,23.5,6.0,FORD,FIESTA DIESEL,1498.0
5057,2013,39000,Petrol,Manual,First,16.47,16.47,3.75,VOLKSWAGEN,POLO 1.2,1198.0
5058,2016,32125,Petrol,Manual,First,16.2,16.2,6.17,VOLKSWAGEN,POLO 1.2,1199.0
5059,2017,58829,Diesel,Manual,First,24.3,24.3,9.05,MARUTI,VITARA BREZZA,1248.0
5060,2013,67559,Petrol,Manual,First,19.4,19.4,4.05,HONDA,BRIO S,1198.0
5061,2013,55000,Petrol,Manual,First,17.5,17.5,4.25,MARUTI,SWIFT DZIRE,1298.0
5062,2018,30000,Petrol,Manual,First,23.1,23.1,3.75,MARUTI,CELERIO LXI,998.0
5063,2016,28000,Petrol,Automatic,First,13.0,13.0,11.85,HYUNDAI,CRETA 1.6,1591.0
5064,2016,31826,Diesel,Manual,First,22.7,22.7,8.24,FORD,ECOSPORT 1.5,1498.0
5065,2016,64000,Diesel,Manual,First,17.8,17.8,5.99,MARUTI,SWIFT VDI,1248.0
5066,2008,100009,Petrol,Manual,Second,13.1,13.1,6.5,HONDA,CR-V RVI,1997.0
5067,2019,17201,Diesel,Automatic,First,12.51,12.51,58.91,LAND,ROVER DISCOVERY,2179.0
5068,2014,74345,Diesel,Manual,First,15.1,15.1,8.0,MAHINDRA,XUV500 W8,2179.0
5069,2015,58134,Petrol,Manual,First,16.47,16.47,4.64,VOLKSWAGEN,POLO 1.2,1198.0
5070,2010,30566,Petrol,Automatic,First,19.2,19.2,3.32,HYUNDAI,I10 MAGNA,1197.0
5071,2012,55231,Petrol,Manual,Second,20.36,20.36,2.78,HYUNDAI,I10 MAGNA,1197.0
5072,2016,67774,Diesel,Automatic,First,14.81,14.81,8.95,CHEVROLET,CRUZE LTZ,1998.0
5073,2013,50319,Petrol,Automatic,First,12.0,12.0,21.95,MERCEDES-BENZ,E-CLASS E,1991.0
5074,2013,45000,Petrol,Manual,First,11.7,11.7,7.9,HYUNDAI,SONATA 2.4,2359.0
5075,2007,43627,Petrol,Automatic,First,11.74,11.74,29.0,MERCEDES-BENZ,NEW C-CLASS,1796.0
5076,2013,45000,Diesel,Manual,First,22.07,22.07,3.25,VOLKSWAGEN,POLO DIESEL,1199.0
5077,2014,10500,Petrol,Manual,First,17.4,17.4,5.9,HONDA,CITY I,1497.0
5078,2017,21789,Diesel,Manual,First,24.3,24.3,9.88,MARUTI,VITARA BREZZA,1248.0
5079,2019,21134,Petrol,Manual,First,18.6,18.6,8.78,HYUNDAI,ELITE I20,1197.0
5080,2011,90000,Diesel,Manual,Second,13.93,13.93,2.75,TATA,NEW SAFARI,2179.0
5081,2014,51553,Diesel,Manual,First,21.64,21.64,5.98,NISSAN,SUNNY 2011-2014,1461.0
5082,2011,31000,Petrol,Automatic,First,10.9,10.9,31.0,BMW,3 SERIES,2497.0
5083,2011,67422,Petrol,Manual,Second,14.53,14.53,3.55,TOYOTA,COROLLA 1.8,1798.0
5084,2015,60519,Diesel,Manual,First,22.32,22.32,6.24,HYUNDAI,VERNA 1.6,1582.0
5085,2009,34000,Diesel,Manual,First,19.3,19.3,2.19,MARUTI,SWIFT DZIRE,1248.0
5086,2013,68434,Diesel,Manual,First,28.4,28.4,5.5,MARUTI,DZIRE VDI,1248.0
5087,2014,17000,Petrol,Manual,First,24.07,24.07,2.1,MARUTI,ALTO K10,998.0
5088,2011,43686,Petrol,Automatic,First,10.5,10.5,50.66,JAGUAR,XJ 5.0,5000.0
5089,2012,22000,Diesel,Automatic,First,14.84,14.84,14.0,MERCEDES-BENZ,NEW C-CLASS,2143.0
5090,2013,79225,Diesel,Manual,First,22.0,22.0,5.5,HYUNDAI,VERNA CRDI,1582.0
5091,2007,63000,Petrol,Manual,Third,14.2,14.2,1.2,CHEVROLET,AVEO 1.6,1598.0
5092,2014,61922,Petrol,Manual,First,20.4,20.4,5.3,MARUTI,SWIFT VXI,1197.0
5093,2015,85000,Diesel,Manual,First,23.9,23.9,6.3,HYUNDAI,VERNA 1.6,1582.0
5094,2017,26192,Diesel,Automatic,First,17.9,17.9,40.47,MERCEDES-BENZ,GLC 220D,2143.0
5095,2013,65000,Diesel,Manual,First,13.0,13.0,16.1,TOYOTA,FORTUNER 4X2,2982.0
5096,2014,44999,Diesel,Automatic,First,12.8,12.8,25.0,AUDI,Q5 2008-2012,1968.0
5097,2008,81308,Diesel,Automatic,Second,13.2,13.2,7.95,BMW,3 SERIES,1995.0
5098,2016,35000,Petrol,Manual,First,24.7,24.7,2.65,MARUTI,ALTO 800,796.0
5099,2012,65349,Petrol,Manual,First,20.92,20.92,2.81,MARUTI,ALTO K10,998.0
5100,2012,80000,Petrol,Automatic,First,15.64,15.64,17.5,AUDI,A4 1.8,1798.0
5101,2012,61000,Petrol,Manual,First,16.1,16.1,3.3,MARUTI,SWIFT VXI,1197.0
5102,2019,31817,Petrol,Manual,First,22.5,22.5,5.34,MARUTI,WAGON R,998.0
5103,2016,41000,Diesel,Manual,First,21.14,21.14,8.5,SKODA,RAPID 1.5,1498.0
5104,2010,82606,Petrol,Manual,Second,16.0,16.0,2.69,HONDA,JAZZ S,1198.0
5105,2015,52000,Diesel,Manual,First,16.0,16.0,11.5,MAHINDRA,XUV500 W10,2179.0
5106,2011,50318,Petrol,Manual,First,18.5,18.5,4.06,MARUTI,RITZ VXI,1197.0
5107,2016,50000,Diesel,Automatic,First,17.9,17.9,49.0,MERCEDES-BENZ,GLE 250D,2143.0
5108,2012,72000,Diesel,Manual,First,20.5,20.5,4.6,SKODA,RAPID 1.6,1598.0
5109,2015,63776,Diesel,Manual,First,24.0,24.0,3.96,HYUNDAI,GRAND I10,1120.0
5110,2015,28133,Petrol,Manual,First,18.6,18.6,5.6,HYUNDAI,ELITE I20,1197.0
5111,2017,45000,Diesel,Manual,First,22.95,22.95,3.75,TATA,ZEST QUADRAJET,1248.0
5112,2015,55697,Diesel,Manual,First,22.54,22.54,5.5,HYUNDAI,I20 MAGNA,1396.0
5113,2012,62000,Diesel,Manual,Second,20.5,20.5,3.0,SKODA,RAPID 1.6,1598.0
5114,2011,48000,Petrol,Manual,First,16.0,16.0,3.0,FIAT,LINEA EMOTION,1368.0
5115,2010,90246,Petrol,Manual,First,16.1,16.1,2.95,MARUTI,SWIFT VXI,1298.0
5116,2015,80500,Diesel,Manual,First,25.0,25.0,2.45,TATA,INDICA V2,1396.0
5117,2012,119000,Diesel,Automatic,First,14.84,14.84,13.99,MERCEDES-BENZ,NEW C-CLASS,2143.0
5118,2016,28541,Diesel,Automatic,First,11.57,11.57,60.75,MERCEDES-BENZ,GLE 350D,2987.0
5119,2008,45500,Petrol,Manual,Second,0.0,0.0,1.17,HYUNDAI,SANTRO XING,1086.0
5120,2012,41000,Petrol,Manual,Second,16.8,16.8,4.5,HONDA,CITY V,1497.0
5121,2010,58000,Petrol,Manual,Second,18.5,18.5,2.5,HYUNDAI,I20 MAGNA,1197.0
5122,2015,99000,Diesel,Manual,First,13.0,13.0,20.5,TOYOTA,FORTUNER 4X2,2982.0
5123,2014,31200,Petrol,Manual,First,18.9,18.9,3.9,HYUNDAI,GRAND I10,1197.0
5124,2009,85000,Diesel,Manual,Second,15.0,15.0,3.5,VOLKSWAGEN,JETTA 2007-2011,1896.0
5125,2016,60924,Petrol,Automatic,First,15.63,15.63,8.3,FORD,ECOSPORT 1.5,1499.0
5126,2012,45000,Petrol,Manual,First,21.1,21.1,2.5,HYUNDAI,EON MAGNA,814.0
5127,2011,44000,Petrol,Automatic,First,19.15,19.15,2.65,NISSAN,MICRA XV,1198.0
5128,2016,30534,Petrol,Automatic,First,19.0,19.0,7.42,HONDA,JAZZ 1.2,1199.0
5129,2016,46399,Petrol,Manual,First,16.47,16.47,4.63,VOLKSWAGEN,POLO 1.2,1198.0
5130,2008,42000,Petrol,Manual,First,19.7,19.7,1.09,MARUTI,ALTO LXI,796.0
5131,2011,67000,Diesel,Manual,First,22.32,22.32,3.8,HYUNDAI,VERNA 1.6,1582.0
5132,2013,58000,Diesel,Automatic,First,10.0,10.0,15.75,MERCEDES-BENZ,E-CLASS 2009-2013,2148.0
5133,2015,27000,Petrol,Manual,First,17.57,17.57,5.27,TATA,ZEST REVOTRON,1193.0
5134,2012,39566,Petrol,Manual,Second,18.4,18.4,2.75,HONDA,BRIO S,1198.0
5135,2016,14980,Diesel,Manual,First,27.3,27.3,7.4,HONDA,JAZZ VX,1498.0
5136,2017,18491,Petrol,Automatic,First,24.07,24.07,3.9,MARUTI,ALTO K10,998.0
5137,2000,90000,Petrol,Manual,Second,17.3,17.3,0.7,MARUTI,ZEN VXI,993.0
5138,2015,118211,Diesel,Manual,First,22.54,22.54,5.9,HYUNDAI,I20 SPORTZ,1396.0
5139,2016,63316,Diesel,Manual,First,22.7,22.7,9.58,MARUTI,SX4 S,1598.0
5140,2014,42000,Diesel,Automatic,First,14.21,14.21,24.95,MERCEDES-BENZ,E-CLASS 2009-2013,2143.0
5141,2015,25648,Petrol,Manual,First,13.7,13.7,4.29,CHEVROLET,ENJOY PETROL,1399.0
5142,2011,67612,Diesel,Automatic,Second,14.21,14.21,11.5,MERCEDES-BENZ,E-CLASS 2009-2013,2143.0
5143,2016,33000,Diesel,Manual,First,16.0,16.0,9.65,MAHINDRA,XUV500 W4,2179.0
5144,2015,20000,Petrol,Manual,First,20.36,20.36,3.75,HYUNDAI,I10 SPORTZ,1197.0
5145,2007,143000,Petrol,Manual,Second,14.2,14.2,1.1,HYUNDAI,GETZ 1.3,1341.0
5146,2014,118218,Diesel,Automatic,First,12.07,12.07,31.41,AUDI,Q7 3.0,2967.0
5147,2012,99000,Diesel,Manual,Third,12.05,12.05,6.0,MAHINDRA,SCORPIO SLE,2179.0
5148,2016,22700,Petrol,Manual,First,18.7,18.7,5.55,HONDA,JAZZ 1.2,1199.0
5149,2017,28000,Diesel,Manual,First,14.0,14.0,10.91,TATA,SAFARI STORME,2179.0
5150,2014,62000,Diesel,Manual,First,15.1,15.1,7.25,MAHINDRA,XUV500 W6,2179.0
5151,2012,107023,Diesel,Manual,First,22.07,22.07,3.9,VOLKSWAGEN,POLO DIESEL,1199.0
5152,2012,71082,Diesel,Manual,First,19.3,19.3,3.95,MARUTI,SWIFT DZIRE,1248.0
5153,2013,60000,Diesel,Automatic,First,15.73,15.73,22.0,AUDI,Q3 2.0,1968.0
5154,2014,21701,Petrol,Manual,First,23.1,23.1,3.38,MARUTI,CELERIO ZXI,998.0
5155,2011,56000,Petrol,Manual,First,16.8,16.8,3.45,HONDA,CITY V,1497.0
5156,2016,32450,Petrol,Manual,First,18.6,18.6,5.75,HYUNDAI,I20 1.2,1197.0
5157,2016,12500,Petrol,Manual,First,25.17,25.17,2.75,RENAULT,KWID RXT,799.0
5158,2019,20483,Diesel,Automatic,First,17.9,17.9,30.3,MERCEDES-BENZ,CLA 200,2143.0
5159,2014,45800,Diesel,Manual,First,22.7,22.7,7.5,FORD,ECOSPORT 1.5,1498.0
5160,2015,35441,Petrol,Manual,First,18.6,18.6,6.87,HYUNDAI,I20 ASTA,1197.0
5161,2015,86398,Diesel,Manual,First,12.99,12.99,15.2,TOYOTA,INNOVA 2.5,2494.0
5162,2012,150000,Diesel,Manual,First,21.64,21.64,3.5,NISSAN,SUNNY 2011-2014,1461.0
5163,2014,89000,Diesel,Manual,First,25.2,25.2,5.85,MARUTI,SWIFT VDI,1248.0
5164,2010,68375,Petrol,Manual,First,19.0,19.0,2.5,MARUTI,A-STAR VXI,998.0
5165,2013,52000,Petrol,Manual,First,18.6,18.6,3.95,MARUTI,SWIFT ZXI,1197.0
5166,2017,39000,Diesel,Automatic,First,17.9,17.9,27.0,MERCEDES-BENZ,CLA 200,2143.0
5167,2014,68000,Petrol,Manual,Second,16.02,16.02,6.75,MARUTI,ERTIGA ZXI,1373.0
5168,2007,71000,Petrol,Manual,Second,18.9,18.9,1.5,MARUTI,WAGON R,998.0
5169,2012,72003,Diesel,Manual,First,22.07,22.07,3.9,VOLKSWAGEN,POLO DIESEL,1199.0
5170,2014,135670,Diesel,Manual,First,22.7,22.7,6.55,FORD,ECOSPORT 1.5,1498.0
5171,2017,65850,Diesel,Manual,First,25.1,25.1,9.44,HONDA,CITY I,1498.0
5172,2015,53920,Petrol,Manual,First,14.28,14.28,10.77,TOYOTA,COROLLA ALTIS,1798.0
5173,2014,58000,Diesel,Manual,First,15.1,15.1,7.5,MAHINDRA,XUV500 W8,2179.0
5174,2016,4000,Petrol,Manual,First,24.7,24.7,3.0,MARUTI,ALTO 800,796.0
5175,2010,58000,Diesel,Automatic,First,18.59,18.59,11.75,BMW,5 SERIES,2993.0
5176,2016,29832,Petrol,Manual,First,21.1,21.1,3.29,HYUNDAI,EON D,814.0
5177,2016,71156,Diesel,Manual,First,26.59,26.59,6.5,MARUTI,SWIFT DZIRE,1248.0
5178,2015,64687,CNG,Manual,First,31.79,31.79,3.8,MARUTI,CELERIO CNG,998.0
5179,2011,54000,Diesel,Automatic,First,16.55,16.55,18.0,AUDI,A4 2.0,1968.0
5180,2009,75000,Petrol,Automatic,Second,13.7,13.7,4.95,SKODA,SUPERB ELEGANCE,1798.0
5181,2015,39208,Petrol,Manual,First,17.57,17.57,4.52,TATA,ZEST REVOTRON,1193.0
5182,2014,41000,Diesel,Manual,First,17.0,17.0,8.0,FORCE,ONE LX,2149.0
5183,2013,38622,Petrol,Manual,First,17.4,17.4,6.26,HONDA,CITY I-VTEC,1497.0
5184,2016,18000,Petrol,Manual,First,16.95,16.95,7.5,NISSAN,SUNNY 2011-2014,1498.0
5186,2011,45000,Petrol,Automatic,First,14.4,14.4,3.35,VOLKSWAGEN,VENTO PETROL,1598.0
5187,2014,48656,Petrol,Automatic,First,15.74,15.74,5.5,HYUNDAI,VERNA 1.6,1591.0
5188,2012,79000,Diesel,Automatic,First,22.0,22.0,5.25,HYUNDAI,VERNA CRDI,1582.0
5189,2012,88000,Diesel,Automatic,First,16.55,16.55,16.25,AUDI,A4 2.0,1968.0
5190,2009,92000,Petrol,Manual,First,15.5,15.5,2.7,MARUTI,SX4 VXI,1586.0
5191,2019,9000,Diesel,Automatic,First,12.62,12.62,32.9,FORD,ENDEAVOUR 2.2,2198.0
5192,2008,50121,Petrol,Manual,First,20.4,20.4,3.41,MARUTI,SWIFT LXI,1197.0
5193,2014,79000,Diesel,Manual,First,24.0,24.0,4.15,HYUNDAI,GRAND I10,1120.0
5194,2014,46000,Diesel,Manual,Second,20.14,20.14,5.9,VOLKSWAGEN,POLO 1.5,1498.0
5195,2012,100000,Petrol,Automatic,First,10.0,10.0,11.5,MERCEDES-BENZ,E-CLASS 230,2496.0
5196,2015,41000,Petrol,Manual,First,18.6,18.6,4.75,HYUNDAI,I20 ASTA,1197.0
5197,2015,25000,Petrol,Automatic,First,24.07,24.07,3.5,MARUTI,ALTO K10,998.0
5198,2014,71899,Diesel,Manual,First,20.77,20.77,7.25,MARUTI,ERTIGA VDI,1248.0
5199,2016,7100,Petrol,Automatic,First,23.1,23.1,4.35,MARUTI,CELERIO VXI,998.0
5200,2018,38171,Petrol,Automatic,Second,22.5,22.5,4.99,RENAULT,KWID CLIMBER,999.0
5201,2013,70359,Diesel,Manual,First,12.05,12.05,7.65,MAHINDRA,SCORPIO SLE,2179.0
5202,2011,200000,Diesel,Manual,First,12.8,12.8,9.0,TOYOTA,INNOVA 2.5,2494.0
5203,2017,26969,Diesel,Manual,First,22.07,22.07,6.9,VOLKSWAGEN,POLO DIESEL,1199.0
5204,2011,56500,Diesel,Manual,First,20.0,20.0,2.9,FORD,FIGO DIESEL,1399.0
5205,2014,40000,Diesel,Manual,First,20.45,20.45,5.75,NISSAN,TERRANO XL,1461.0
5206,2014,41000,Diesel,Manual,First,17.0,17.0,8.0,FORCE,ONE LX,2200.0
5207,2017,53105,Petrol,Automatic,First,22.5,22.5,4.41,RENAULT,KWID 1.0,999.0
5208,2013,23000,Diesel,Manual,First,21.14,21.14,4.95,SKODA,RAPID 1.5,1498.0
5209,2016,80999,Diesel,Automatic,First,16.0,16.0,14.4,MAHINDRA,XUV500 AT,2179.0
5210,2012,82000,Diesel,Manual,First,20.0,20.0,2.95,FORD,FIGO DIESEL,1399.0
5211,2017,68557,Diesel,Manual,First,15.96,15.96,8.14,MAHINDRA,BOLERO ZLX,2523.0
5212,2016,34000,Diesel,Manual,First,20.64,20.64,8.45,VOLKSWAGEN,VENTO 1.5,1498.0
5213,2015,77000,Diesel,Manual,First,12.99,12.99,12.5,TOYOTA,INNOVA 2.5,2494.0
5214,2012,48000,Diesel,Manual,First,15.1,15.1,6.5,MAHINDRA,XUV500 W8,2179.0
5215,2015,28232,Petrol,Manual,Second,15.8,15.8,7.72,FORD,ECOSPORT 1.5,1499.0
5216,2011,110000,Diesel,Automatic,First,16.96,16.96,8.0,VOLKSWAGEN,JETTA 2012-2014,1968.0
5217,2009,120000,Diesel,Manual,Second,13.93,13.93,3.0,TATA,NEW SAFARI,2179.0
5218,2013,49000,Diesel,Automatic,First,8.2,8.2,29.0,BMW,3 SERIES,2993.0
5219,2014,22000,Petrol,Manual,First,16.47,16.47,4.11,VOLKSWAGEN,POLO 1.2,1198.0
5220,2015,14925,Petrol,Manual,First,18.5,18.5,5.37,HYUNDAI,I20 MAGNA,1197.0
5221,2013,75000,Diesel,Manual,First,20.77,20.77,6.55,MARUTI,ERTIGA ZDI,1248.0
5222,2015,23000,Petrol,Manual,First,17.4,17.4,7.0,HONDA,CITY I,1497.0
5223,2014,57000,Petrol,Manual,First,17.0,17.0,5.48,HONDA,CITY 1.5,1497.0
5224,2013,76718,Diesel,Automatic,First,16.96,16.96,6.51,VOLKSWAGEN,JETTA 2013-2015,1968.0
5225,2016,138000,Diesel,Manual,First,25.8,25.8,5.15,HONDA,AMAZE VX,1498.0
5226,2013,140000,Diesel,Manual,Second,15.1,15.1,9.0,MAHINDRA,XUV500 W8,2179.0
5227,2008,110000,Petrol,Automatic,Second,14.53,14.53,2.75,TOYOTA,COROLLA ALTIS,1798.0
5228,2005,126000,Petrol,Manual,Second,17.0,17.0,1.2,HYUNDAI,SANTRO XING,1086.0
5229,2012,73000,Diesel,Automatic,First,22.69,22.69,12.5,BMW,3 SERIES,1995.0
5230,2017,63423,Diesel,Manual,First,23.0,23.0,7.69,FORD,ECOSPORT 1.5,1498.0
5231,2013,62132,Petrol,Manual,First,18.5,18.5,4.57,HYUNDAI,I20 ASTA,1197.0
5232,2013,51000,Petrol,Automatic,First,16.8,16.8,4.5,HONDA,CITY 1.5,1497.0
5233,2015,75000,Diesel,Manual,First,23.2,23.2,4.9,MARUTI,RITZ VDI,1248.0
5234,2008,55410,Petrol,Manual,First,19.81,19.81,1.65,HYUNDAI,I10 ERA,1086.0
5235,2015,41000,Petrol,Manual,First,18.2,18.2,3.25,CHEVROLET,SAIL 1.2,1199.0
5236,2012,45000,Diesel,Manual,First,22.32,22.32,6.25,HYUNDAI,VERNA 1.6,1582.0
5237,2018,53322,Petrol,Manual,First,15.8,15.8,12.13,HYUNDAI,CRETA 1.6,1591.0
5238,2013,48000,Petrol,Manual,First,18.2,18.2,3.25,CHEVROLET,SAIL 1.2,1199.0
5239,2013,72000,Diesel,Automatic,First,14.16,14.16,29.0,AUDI,Q5 2.0,1968.0
5240,2013,50266,Petrol,Manual,First,17.0,17.0,5.53,HONDA,CITY 1.5,1497.0
5241,2017,21800,Petrol,Manual,First,17.0,17.0,8.75,FORD,ECOSPORT 1.5,1497.0
5242,2014,45000,Diesel,Automatic,Second,12.07,12.07,37.9,AUDI,Q7 3.0,2967.0
5243,2010,62000,Petrol,Manual,First,20.36,20.36,2.4,HYUNDAI,I10 MAGNA,1197.0
5244,2014,41681,Petrol,Manual,First,17.0,17.0,4.55,HYUNDAI,I20 1.2,1197.0
5245,2011,69313,Petrol,Manual,Second,17.5,17.5,2.65,MARUTI,SWIFT DZIRE,1197.0
5246,2017,49000,Diesel,Manual,Second,25.0,25.0,1.6,TATA,INDICA V2,1396.0
5247,2012,40471,Diesel,Automatic,Second,16.2,16.2,25.72,BMW,5 SERIES,2993.0
5248,2013,60000,Diesel,Manual,First,22.9,22.9,4.15,MARUTI,SWIFT VDI,1248.0
5249,2018,1001,Petrol,Manual,First,19.0,19.0,7.23,FORD,FREESTYLE TITANIUM,1194.0
5250,2008,38000,Petrol,Manual,Second,13.9,13.9,2.6,HYUNDAI,VERNA XXI,1599.0
5251,2008,66000,Diesel,Automatic,Second,16.07,16.07,7.25,BMW,3 SERIES,1995.0
5252,2017,33901,Diesel,Manual,First,12.8,12.8,14.29,TOYOTA,INNOVA 2.5,2494.0
5253,2011,57000,Diesel,Automatic,Second,14.94,14.94,17.25,MERCEDES-BENZ,NEW C-CLASS,2143.0
5254,2013,170000,Diesel,Manual,First,22.54,22.54,7.5,HYUNDAI,ELANTRA 1.6,1582.0
5255,2014,60000,Diesel,Manual,First,23.2,23.2,4.35,MARUTI,RITZ ZDI,1248.0
5256,2016,85000,Diesel,Manual,First,24.3,24.3,8.9,MARUTI,VITARA BREZZA,1248.0
5257,2016,146000,Petrol,Manual,Second,19.1,19.1,3.5,HYUNDAI,XCENT 1.2,1197.0
5258,2014,56002,Diesel,Manual,First,26.0,26.0,6.1,HONDA,CITY I,1498.0
5259,2016,8554,Petrol,Manual,First,25.17,25.17,3.2,RENAULT,KWID RXT,799.0
5260,2014,62322,Diesel,Manual,First,23.59,23.59,4.9,TOYOTA,ETIOS CROSS,1364.0
5261,2015,37929,Petrol,Manual,First,24.07,24.07,3.69,MARUTI,ALTO K10,998.0
5262,2016,5400,Petrol,Manual,First,23.84,23.84,3.98,TATA,TIAGO 1.2,1199.0
5263,2013,60000,Diesel,Manual,First,21.9,21.9,2.95,HYUNDAI,I20 1.4,1396.0
5264,2014,55730,Diesel,Automatic,First,16.55,16.55,15.21,AUDI,A4 2.0,1968.0
5265,2015,62000,Diesel,Manual,First,28.4,28.4,6.3,MARUTI,SWIFT VDI,1248.0
5266,2017,14576,Petrol,Manual,First,17.0,17.0,6.69,VOLKSWAGEN,AMEO 1.2,1198.0
5267,2017,17000,Petrol,Automatic,First,16.0,16.0,9.5,HONDA,BRV I-VTEC,1497.0
5268,2009,28000,Petrol,Manual,First,17.0,17.0,2.65,HYUNDAI,I20 ASTA,1197.0
5269,2012,58200,Diesel,Manual,First,14.66,14.66,7.5,HYUNDAI,SANTA FE,2199.0
5271,2018,12278,Petrol,Automatic,First,23.1,23.1,5.63,MARUTI,CELERIO ZXI,998.0
5272,2018,17665,Petrol,Manual,First,15.8,15.8,11.78,HYUNDAI,CRETA 1.6,1591.0
5273,2004,200000,Diesel,Manual,Second,17.88,17.88,0.85,TATA,INDICA V2,1396.0
5274,2011,55893,Petrol,Manual,First,15.04,15.04,3.35,VOLKSWAGEN,VENTO PETROL,1598.0
5275,2015,60586,Petrol,Manual,First,23.1,23.1,4.11,MARUTI,CELERIO VXI,998.0
5276,2015,13500,Diesel,Automatic,First,17.9,17.9,25.51,MERCEDES-BENZ,CLA 200,2143.0
5277,2017,30000,Petrol,Manual,First,22.74,22.74,3.1,MARUTI,ALTO 800,796.0
5278,2018,12000,Diesel,Automatic,First,10.91,10.91,33.5,FORD,ENDEAVOUR 3.2,3198.0
5279,2017,65000,Petrol,Manual,First,17.57,17.57,4.8,TATA,ZEST REVOTRON,1193.0
5280,2014,38000,Petrol,Manual,First,16.09,16.09,3.49,VOLKSWAGEN,VENTO 1.6,1598.0
5281,2012,25000,Petrol,Manual,Second,17.5,17.5,5.15,MARUTI,ERTIGA ZXI,1373.0
5282,2011,100000,Diesel,Automatic,First,14.0,14.0,14.41,MERCEDES-BENZ,M-CLASS ML,2987.0
5283,2014,13710,Petrol,Manual,First,16.2,16.2,4.75,VOLKSWAGEN,POLO 1.2,1199.0
5284,2015,100000,Diesel,Automatic,First,12.55,12.55,19.0,TOYOTA,FORTUNER 4X2,2982.0
5285,2017,17000,Petrol,Manual,First,23.1,23.1,4.9,MARUTI,CELERIO VXI,998.0
5286,2008,89000,Diesel,Automatic,Second,16.07,16.07,6.3,BMW,3 SERIES,1995.0
5287,2006,100173,Petrol,Manual,Second,16.9,16.9,2.4,HONDA,CITY ZX,1497.0
5288,2009,97000,Petrol,Manual,First,13.17,13.17,3.0,MITSUBISHI,CEDIA SPORTS,1999.0
5289,2016,40190,Petrol,Manual,First,18.06,18.06,4.25,RENAULT,PULSE PETROL,1198.0
5290,2016,29647,Diesel,Manual,First,20.14,20.14,6.3,VOLKSWAGEN,POLO 1.5,1498.0
5291,2018,43639,Petrol,Manual,First,21.1,21.1,8.15,MARUTI,BALENO RS,998.0
5292,2012,37333,Petrol,Manual,First,20.36,20.36,3.22,HYUNDAI,I10 MAGNA,1197.0
5293,2018,48407,Petrol,Manual,First,18.6,18.6,7.65,HYUNDAI,I20 1.2,1197.0
5294,2011,25000,Petrol,Automatic,First,10.37,10.37,30.0,BMW,Z4 2009-2013,2979.0
5295,2010,72400,Petrol,Manual,Second,20.36,20.36,2.3,HYUNDAI,I10 SPORTZ,1197.0
5296,2012,18000,Petrol,Automatic,First,13.6,13.6,22.0,MINI,COOPER S,1598.0
5297,2012,65167,Petrol,Manual,First,19.4,19.4,3.28,HONDA,BRIO V,1198.0
5298,2016,25418,Petrol,Manual,First,20.73,20.73,7.09,MARUTI,CIAZ ZXI,1373.0
5299,2013,38995,Diesel,Manual,First,19.3,19.3,6.46,MARUTI,SWIFT DZIRE,1248.0
5300,2012,60000,Diesel,Manual,First,22.07,22.07,4.0,VOLKSWAGEN,POLO DIESEL,1199.0
5301,2011,72000,Diesel,Automatic,First,17.05,17.05,11.0,BMW,X1 SDRIVE20D,1995.0
5302,2016,31075,Diesel,Automatic,Second,12.07,12.07,49.79,AUDI,Q7 3.0,2967.0
5303,2015,4311,Diesel,Manual,First,25.83,25.83,4.8,FORD,FIGO 1.5D,1498.0
5304,2017,21000,Diesel,Automatic,First,21.76,21.76,35.0,BMW,3 SERIES,1995.0
5305,2011,54000,Diesel,Automatic,First,14.0,14.0,21.99,MERCEDES-BENZ,M-CLASS ML,2987.0
5306,2007,50000,Petrol,Manual,Second,17.3,17.3,1.1,MARUTI,WAGON R,1061.0
5307,2018,13000,Petrol,Manual,First,21.4,21.4,6.6,MARUTI,BALENO ZETA,1197.0
5308,2013,74000,Petrol,Manual,First,22.0,22.0,4.5,MARUTI,DZIRE VXI,1197.0
5309,2009,75000,Petrol,Manual,Second,14.7,14.7,1.0,CHEVROLET,AVEO U-VA,1150.0
5310,2017,25000,Diesel,Manual,First,20.14,20.14,6.9,VOLKSWAGEN,POLO 1.5,1498.0
5311,2012,139000,Diesel,Automatic,First,0.0,0.0,16.75,LAND,ROVER FREELANDER,2179.0
5312,2015,52000,Diesel,Automatic,First,14.16,14.16,25.49,AUDI,Q5 30,1968.0
5313,2015,20000,Diesel,Automatic,First,18.53,18.53,35.5,AUDI,A6 35,1968.0
5314,2018,32663,Diesel,Manual,First,24.0,24.0,6.28,HYUNDAI,GRAND I10,1186.0
5315,2012,76777,Diesel,Manual,Second,12.05,12.05,4.88,MAHINDRA,SCORPIO SLE,2179.0
5316,2016,100303,Diesel,Manual,First,22.95,22.95,3.7,TATA,BOLT QUADRAJET,1248.0
5317,2015,43993,Petrol,Manual,First,21.1,21.1,3.45,HYUNDAI,EON ERA,814.0
5318,2016,72118,Diesel,Manual,First,15.4,15.4,10.23,MAHINDRA,SCORPIO S8,2179.0
5319,2010,83000,Petrol,Automatic,Second,11.1,11.1,6.5,HONDA,ACCORD 2001-2003,2354.0
5320,2016,7523,Petrol,Manual,First,16.2,16.2,6.15,VOLKSWAGEN,POLO 1.2,1199.0
5321,2014,34670,Petrol,Manual,First,15.1,15.1,2.9,MARUTI,EECO 7,1196.0
5322,2016,30000,Diesel,Manual,First,24.0,24.0,5.5,HYUNDAI,GRAND I10,1120.0
5323,2017,17000,Diesel,Automatic,First,10.91,10.91,31.0,FORD,ENDEAVOUR 3.2,3198.0
5324,2015,59261,Diesel,Manual,First,24.0,24.0,4.25,HYUNDAI,GRAND I10,1186.0
5325,2016,65210,Diesel,Manual,First,22.9,22.9,5.48,MARUTI,SWIFT VDI,1248.0
5326,2016,19000,Petrol,Manual,First,18.6,18.6,7.25,HYUNDAI,I20 1.2,1197.0
5327,2012,50000,Petrol,Manual,First,17.5,17.5,3.0,MARUTI,SWIFT DZIRE,1298.0
5328,2015,47000,Diesel,Automatic,First,22.69,22.69,29.5,BMW,3 SERIES,1995.0
5329,2007,75000,Petrol,Manual,Second,17.7,17.7,1.49,HONDA,CITY ZX,1497.0
5330,2013,54534,Petrol,Automatic,First,16.95,16.95,3.65,HYUNDAI,I10 SPORTZ,1197.0
5331,2018,13000,Diesel,Manual,First,23.0,23.0,10.9,FORD,ECOSPORT SIGNATURE,1498.0
5332,2015,48808,Petrol,Manual,First,23.1,23.1,4.3,MARUTI,CELERIO ZXI,998.0
5333,2012,63001,Diesel,Manual,Second,20.77,20.77,6.11,MARUTI,ERTIGA VDI,1248.0
5334,2015,64771,Diesel,Manual,First,12.8,12.8,15.5,TOYOTA,INNOVA 2.5,2494.0
5335,2016,34634,Petrol,Manual,First,17.8,17.8,6.9,HONDA,CITY I,1497.0
5336,2012,69242,Petrol,Manual,First,19.1,19.1,4.69,MARUTI,SWIFT DZIRE,1197.0
5337,2011,33292,Petrol,Manual,First,18.5,18.5,3.19,MARUTI,RITZ LXI,1197.0
5338,2012,55000,Petrol,Automatic,Second,15.0,15.0,3.75,HYUNDAI,I20 SPORTZ,1396.0
5339,2019,1000,Petrol,Manual,First,17.19,17.19,8.6,HYUNDAI,I20 ACTIVE,1197.0
5340,2011,80000,Petrol,Manual,Second,17.0,17.0,3.85,HONDA,CITY 1.5,1497.0
5341,2016,65003,Diesel,Automatic,First,13.6,13.6,67.83,PORSCHE,CAYENNE S,4134.0
5342,2019,16573,Petrol,Manual,First,17.8,17.8,9.31,HONDA,AMAZE VX,1198.0
5343,2008,152633,Petrol,Automatic,First,12.9,12.9,3.0,HONDA,CIVIC 2006-2010,1799.0
5344,2015,53000,Petrol,Manual,First,18.6,18.6,5.5,HYUNDAI,I20 MAGNA,1197.0
5345,2017,50129,Diesel,Manual,First,19.67,19.67,13.3,HYUNDAI,CRETA 1.6,1582.0
5346,2013,63716,Diesel,Automatic,First,15.73,15.73,23.0,AUDI,Q3 2012-2015,1968.0
5347,2018,11000,Petrol,Manual,First,24.7,24.7,3.35,MARUTI,ALTO 800,796.0
5348,2012,115000,Diesel,Automatic,Third,15.06,15.06,10.0,BMW,X1 SDRIVE,1995.0
5349,2013,63265,Petrol,Manual,First,20.36,20.36,2.95,HYUNDAI,I10 MAGNA,1197.0
5350,2016,20000,Diesel,Manual,First,21.66,21.66,6.75,VOLKSWAGEN,AMEO 1.5,1498.0
5351,2010,79000,Petrol,Manual,Third,16.47,16.47,2.44,VOLKSWAGEN,POLO PETROL,1198.0
5352,2015,41000,Petrol,Manual,First,20.73,20.73,5.85,MARUTI,CIAZ VXI,1373.0
5353,2015,26323,Petrol,Automatic,First,17.21,17.21,7.4,VOLKSWAGEN,POLO GT,1197.0
5354,2016,76000,Diesel,Manual,First,24.4,24.4,3.8,HYUNDAI,XCENT 1.1,1120.0
5355,2008,69972,Petrol,Manual,First,13.5,13.5,3.8,HONDA,CIVIC 2006-2010,1799.0
5356,2008,69000,Petrol,Manual,First,17.7,17.7,2.7,HONDA,CITY ZX,1497.0
5357,2016,65000,Diesel,Manual,First,15.96,15.96,7.21,MAHINDRA,BOLERO ZLX,2523.0
5358,2016,29512,Petrol,Manual,First,17.4,17.4,7.9,HONDA,CITY I,1497.0
5359,2017,51000,Diesel,Manual,First,25.4,25.4,4.2,HYUNDAI,XCENT 1.2,1186.0
5360,2014,58003,Diesel,Manual,First,19.01,19.01,5.75,RENAULT,DUSTER 110PS,1461.0
5361,2013,56500,Petrol,Automatic,First,16.98,16.98,3.45,MARUTI,A-STAR AT,998.0
5362,2014,29063,Diesel,Automatic,First,17.11,17.11,25.75,AUDI,A4 2.0,1968.0
5363,2018,46811,Diesel,Manual,First,16.0,16.0,16.59,MAHINDRA,XUV500 W8,2179.0
5364,2014,31897,Petrol,Manual,First,18.06,18.06,4.69,RENAULT,PULSE PETROL,1198.0
5365,2009,52100,Diesel,Automatic,Second,13.2,13.2,7.5,BMW,3 SERIES,1995.0
5366,2016,73000,Diesel,Manual,First,13.68,13.68,16.5,TOYOTA,INNOVA CRYSTA,2393.0
5367,2009,31423,Petrol,Manual,First,17.0,17.0,1.99,HONDA,CITY 1.5,1497.0
5368,2014,75180,Diesel,Manual,First,22.9,22.9,5.25,MARUTI,SWIFT VDI,1248.0
5369,2013,75000,Diesel,Manual,Second,19.64,19.64,5.4,RENAULT,DUSTER 110PS,1461.0
5370,2014,15000,Petrol,Manual,First,16.47,16.47,3.9,VOLKSWAGEN,POLO 1.2,1198.0
5371,2015,12000,Petrol,Manual,First,17.19,17.19,5.8,HYUNDAI,I20 ACTIVE,1197.0
5372,2014,32000,Diesel,Automatic,First,18.12,18.12,30.5,BMW,5 SERIES,1995.0
5373,2017,44504,Diesel,Manual,First,23.4,23.4,5.6,MARUTI,SWIFT DZIRE,1248.0
5374,2012,66000,Diesel,Automatic,First,0.0,0.0,23.0,MERCEDES-BENZ,M-CLASS ML,2987.0
5375,2015,39437,Diesel,Manual,First,28.4,28.4,5.15,MARUTI,SWIFT LDI,1248.0
5376,2017,36931,Diesel,Automatic,First,19.08,19.08,9.48,HYUNDAI,VERNA 1.6,1582.0
5377,2016,17800,Petrol,Automatic,Second,21.9,21.9,2.38,TATA,NANO XTA,624.0
5378,2009,71346,Petrol,Manual,First,17.5,17.5,3.8,MARUTI,SWIFT DZIRE,1298.0
5379,2015,45000,Petrol,Manual,Second,18.6,18.6,5.5,HYUNDAI,I20 ASTA,1197.0
5380,2010,85155,Petrol,Manual,First,17.0,17.0,3.55,HYUNDAI,I20 1.2,1197.0
5381,2015,48823,Petrol,Manual,First,20.73,20.73,6.35,MARUTI,CIAZ ZXI,1373.0
5382,2015,37000,Diesel,Automatic,First,12.7,12.7,36.0,LAND,ROVER RANGE,2179.0
5383,2005,92000,Diesel,Manual,Second,16.1,16.1,1.1,TATA,INDIGO LX,1405.0
5384,2014,36000,Petrol,Manual,First,17.57,17.57,3.7,TATA,ZEST REVOTRON,1193.0
5385,2016,24569,Diesel,Manual,First,16.0,16.0,13.5,MAHINDRA,XUV500 W10,1997.0
5386,2008,95000,Petrol,Automatic,Third,11.7,11.7,2.85,HONDA,ACCORD 2.4,2354.0
5387,2015,25811,Petrol,Manual,Second,25.4,25.4,2.13,TATA,NANO TWIST,624.0
5388,2015,65000,Diesel,Manual,First,22.7,22.7,7.75,HYUNDAI,ELANTRA CRDI,1582.0
5389,2017,100400,Diesel,Manual,First,25.0,25.0,2.85,TATA,INDICA V2,1396.0
5390,2014,76414,Diesel,Manual,First,25.8,25.8,4.95,HONDA,AMAZE S,1498.0
5391,2012,82103,Diesel,Manual,First,15.1,15.1,6.2,MAHINDRA,XUV500 W8,2179.0
5392,2013,98000,Diesel,Automatic,First,18.56,18.56,17.5,BMW,X3 XDRIVE,1995.0
5393,2010,45252,Petrol,Manual,First,18.9,18.9,2.25,HYUNDAI,GRAND I10,1197.0
5394,2017,10300,Petrol,Manual,First,21.4,21.4,6.75,MARUTI,BALENO ZETA,1197.0
5395,2016,42024,Diesel,Automatic,First,19.08,19.08,9.73,HYUNDAI,VERNA 1.6,1582.0
5396,2018,51236,Diesel,Manual,First,25.47,25.47,8.49,MARUTI,ERTIGA VDI,1248.0
5397,2013,52000,Petrol,Automatic,First,13.6,13.6,25.0,MINI,COOPER S,1598.0
5398,2015,42894,Diesel,Manual,First,23.2,23.2,5.59,MARUTI,RITZ ZDI,1248.0
5399,2011,68000,Diesel,Automatic,First,15.6,15.6,4.8,SKODA,LAURA L,1896.0
5400,2014,69000,Diesel,Manual,First,22.7,22.7,5.45,FORD,ECOSPORT 1.5,1498.0
5401,2017,10000,Petrol,Manual,First,18.6,18.6,6.5,HYUNDAI,I20 2015-2017,1197.0
5402,2015,16000,Petrol,Manual,First,19.4,19.4,4.35,HONDA,BRIO E,1198.0
5403,2013,46992,Diesel,Manual,First,25.8,25.8,3.75,HONDA,AMAZE S,1498.0
5404,2010,170000,Diesel,Automatic,Third,18.48,18.48,12.0,BMW,5 SERIES,1995.0
5405,2014,58000,Diesel,Automatic,First,12.07,12.07,32.0,AUDI,Q7 3.0,2967.0
5406,2015,50000,Diesel,Manual,Second,24.0,24.0,4.0,HYUNDAI,GRAND I10,1120.0
5407,2011,39010,Diesel,Manual,First,23.08,23.08,2.6,NISSAN,MICRA DIESEL,1461.0
5408,2016,26946,Petrol,Manual,First,18.9,18.9,4.45,HYUNDAI,GRAND I10,1197.0
5409,2015,28700,Petrol,Manual,First,21.1,21.1,2.6,HYUNDAI,EON ERA,814.0
5410,2011,60000,Petrol,Automatic,First,11.74,11.74,16.0,MERCEDES-BENZ,NEW C-CLASS,1796.0
5411,2014,38999,Diesel,Automatic,First,12.7,12.7,32.5,LAND,ROVER RANGE,2179.0
5412,2016,39000,Diesel,Automatic,First,11.18,11.18,13.85,MAHINDRA,SSANGYONG REXTON,2696.0
5413,2018,7784,Petrol,Manual,First,20.73,20.73,8.76,MARUTI,CIAZ 1.4,1373.0
5414,2014,45710,Petrol,Automatic,First,11.8,11.8,23.68,MERCEDES-BENZ,R-CLASS R350,3498.0
5415,2017,42000,Petrol,Automatic,First,22.0,22.0,5.5,MARUTI,DZIRE AMT,1197.0
5416,2013,75995,Diesel,Automatic,Second,11.49,11.49,65.81,LAND,ROVER RANGE,4367.0
5417,2013,57000,Diesel,Manual,First,19.01,19.01,4.99,RENAULT,DUSTER 110PS,1461.0
5418,2013,85350,Diesel,Manual,Second,22.32,22.32,5.7,HYUNDAI,VERNA 1.6,1582.0
5419,2016,82725,Petrol,Automatic,First,14.28,14.28,11.99,TOYOTA,COROLLA ALTIS,1798.0
5420,2016,19000,Diesel,Automatic,Second,21.76,21.76,29.99,BMW,3 SERIES,1995.0
5421,2018,13900,Petrol,Manual,First,18.88,18.88,9.5,FORD,ECOSPORT 1.5,1499.0
5422,2014,108000,Diesel,Manual,First,25.2,25.2,5.5,MARUTI,SWIFT VDI,1248.0
5423,2016,36000,Diesel,Automatic,First,11.72,11.72,23.0,HYUNDAI,SANTA FE,2199.0
5424,2013,62188,Diesel,Manual,First,17.2,17.2,2.95,TATA,INDICA V2,1396.0
5425,2015,58397,Diesel,Manual,First,24.0,24.0,4.9,HYUNDAI,GRAND I10,1120.0
5426,2006,85000,Petrol,Manual,Third,0.0,0.0,1.3,HYUNDAI,SANTRO XING,1086.0
5427,2016,30000,Petrol,Automatic,First,22.5,22.5,4.25,MARUTI,WAGON R,998.0
5428,2018,29907,Diesel,Manual,First,16.0,16.0,16.36,MAHINDRA,XUV500 W10,2179.0
5429,2009,46000,Diesel,Automatic,First,16.55,16.55,9.95,AUDI,A4 2.0,1968.0
5430,2012,65000,Diesel,Manual,First,20.54,20.54,5.5,VOLKSWAGEN,VENTO DIESEL,1598.0
5431,2016,22000,Diesel,Manual,First,24.3,24.3,8.25,MARUTI,VITARA BREZZA,1248.0
5432,2002,99024,Petrol,Manual,First,17.3,17.3,0.95,MARUTI,ZEN LX,993.0
5433,2016,34952,Petrol,Manual,First,19.81,19.81,4.01,HYUNDAI,I10 ERA,1086.0
5434,2019,13913,Petrol,Manual,First,17.5,17.5,8.2,HONDA,WR-V EDGE,1199.0
5435,2014,71000,Diesel,Manual,Second,25.1,25.1,6.2,HONDA,CITY I,1498.0
5436,2012,97000,Diesel,Automatic,First,11.5,11.5,16.75,TOYOTA,FORTUNER 4X2,2982.0
5437,2017,21000,Diesel,Automatic,First,16.0,16.0,16.5,MAHINDRA,XUV500 AT,2179.0
5438,2007,116000,Diesel,Manual,Third,10.9,10.9,3.75,FORD,ENDEAVOUR XLT,2499.0
5439,2012,110438,Diesel,Manual,First,20.0,20.0,3.5,FORD,FIGO DIESEL,1399.0
5440,2017,66507,Petrol,Automatic,Second,19.0,19.0,5.43,HONDA,JAZZ 1.2,1199.0
5441,2017,54650,Diesel,Automatic,First,10.91,10.91,30.35,FORD,ENDEAVOUR 3.2,3198.0
5442,2014,32000,Petrol,Automatic,First,17.97,17.97,7.99,NISSAN,SUNNY XL,1498.0
5443,2011,75378,Diesel,Manual,First,18.7,18.7,3.59,SKODA,OCTAVIA AMBIENTE,1896.0
5444,2012,82697,Diesel,Manual,First,25.44,25.44,1.9,CHEVROLET,BEAT DIESEL,936.0
5445,2009,135000,Petrol,Automatic,First,12.1,12.1,4.7,TOYOTA,CAMRY W2,2362.0
5446,2012,149000,Diesel,Manual,First,19.01,19.01,7.25,RENAULT,DUSTER 110PS,1461.0
5447,2016,26212,Diesel,Automatic,First,17.9,17.9,24.46,MERCEDES-BENZ,GLA CLASS,2143.0
5448,2014,23500,Petrol,Manual,Second,17.57,17.57,3.9,TATA,ZEST REVOTRON,1193.0
5449,2013,56127,Petrol,Manual,First,18.5,18.5,5.15,HYUNDAI,I20 1.2,1197.0
5450,2015,26000,Petrol,Automatic,First,21.5,21.5,3.65,MARUTI,WAGON R,1197.0
5451,2016,26000,Diesel,Manual,First,25.4,25.4,5.0,HYUNDAI,XCENT 1.2,1186.0
5452,2009,42000,Petrol,Manual,First,17.0,17.0,2.3,HONDA,CITY 1.5,1497.0
5453,2001,130000,Petrol,Manual,Second,13.2,13.2,0.75,HYUNDAI,ACCENT GLE,1495.0
5454,2009,137148,Petrol,Manual,Second,13.9,13.9,1.85,HYUNDAI,VERNA XI,1599.0
5455,2010,114703,Petrol,Manual,First,15.6,15.6,1.8,FORD,FIGO PETROL,1196.0
5456,2014,97439,Diesel,Manual,First,25.8,25.8,4.41,HONDA,AMAZE S,1498.0
5457,2006,40000,Petrol,Manual,First,18.9,18.9,2.0,MARUTI,WAGON R,998.0
5458,2014,81609,Diesel,Manual,First,17.8,17.8,5.55,MARUTI,SWIFT VDI,1248.0
5459,2014,28000,Diesel,Automatic,First,13.0,13.0,31.75,MERCEDES-BENZ,E-CLASS FACELIFT,2987.0
5460,2015,37500,Diesel,Automatic,First,17.68,17.68,32.0,AUDI,A6 2011-2015,1968.0
5461,2010,37000,Diesel,Automatic,First,13.5,13.5,21.0,MERCEDES-BENZ,S CLASS,2987.0
5462,2010,83000,Diesel,Manual,First,19.3,19.3,2.75,MARUTI,SWIFT DZIRE,1248.0
5463,2005,79012,Petrol,Manual,First,13.4,13.4,2.64,TOYOTA,COROLLA H2,1794.0
5464,2018,27395,Diesel,Manual,First,15.4,15.4,14.19,MAHINDRA,SCORPIO S10,2179.0
5465,2017,35362,Petrol,Manual,First,22.5,22.5,3.85,MARUTI,WAGON R,998.0
5466,2014,117000,Diesel,Manual,First,13.0,13.0,15.5,TOYOTA,FORTUNER 4X2,2982.0
5467,2010,23000,Petrol,Manual,First,18.2,18.2,1.9,MARUTI,ZEN ESTILO,1061.0
5468,2014,59508,Petrol,Manual,First,25.4,25.4,1.26,TATA,NANO CX,624.0
5469,2009,69000,Petrol,Manual,Second,18.5,18.5,2.4,HYUNDAI,I20 MAGNA,1197.0
5470,2010,58000,Diesel,Automatic,First,22.69,22.69,11.5,BMW,3 SERIES,1995.0
5471,2014,88511,Diesel,Manual,First,16.0,16.0,8.25,MAHINDRA,XUV500 W6,2179.0
5472,2011,66000,Petrol,Manual,First,15.8,15.8,2.75,VOLKSWAGEN,VENTO IPL,1598.0
5473,2009,65000,Petrol,Manual,Second,17.5,17.5,1.4,SKODA,FABIA 1.2,1198.0
5474,2015,30676,Petrol,Manual,First,25.4,25.4,2.9,TATA,NANO TWIST,624.0
5475,2011,76000,Diesel,Manual,First,20.0,20.0,2.4,FORD,FIGO DIESEL,1399.0
5476,2013,23627,Petrol,Automatic,First,14.8,14.8,4.75,VOLKSWAGEN,VENTO IPL,1598.0
5477,2018,52827,Diesel,Automatic,First,12.7,12.7,44.76,LAND,ROVER RANGE,2179.0
5478,2015,64465,Diesel,Manual,First,26.0,26.0,6.22,HONDA,CITY I,1498.0
5479,2018,14000,Petrol,Automatic,First,22.5,22.5,4.5,RENAULT,KWID CLIMBER,999.0
5480,2015,26000,Petrol,Manual,First,18.9,18.9,4.25,HYUNDAI,GRAND I10,1197.0
5481,2011,78203,Diesel,Automatic,First,18.1,18.1,5.5,CHEVROLET,CRUZE LTZ,1991.0
5482,2017,27000,Diesel,Manual,First,22.54,22.54,6.95,HYUNDAI,I20 1.4,1396.0
5483,2018,31919,Petrol,Automatic,First,24.07,24.07,4.56,MARUTI,ALTO K10,998.0
5484,2016,47392,Diesel,Manual,First,20.5,20.5,13.82,HYUNDAI,CRETA 1.6,1582.0
5485,2016,17362,Petrol,Manual,First,18.0,18.0,5.65,HONDA,AMAZE VX,1198.0
5486,2016,49716,Diesel,Manual,First,21.19,21.19,6.2,HYUNDAI,I20 ACTIVE,1396.0
5487,2014,48000,Petrol,Manual,First,23.1,23.1,3.25,MARUTI,CELERIO VXI,998.0
5488,2009,46000,Diesel,Automatic,First,16.55,16.55,8.5,AUDI,A4 2.0,1968.0
5489,2016,79000,Diesel,Manual,First,24.8,24.8,7.25,HYUNDAI,VERNA 1.4,1396.0
5490,2013,57000,Diesel,Manual,First,21.8,21.8,4.61,RENAULT,FLUENCE DIESEL,1461.0
5491,2016,29754,Petrol,Manual,First,16.2,16.2,5.3,VOLKSWAGEN,POLO 1.2,1199.0
5492,2012,50123,Diesel,Manual,First,17.0,17.0,1.9,TATA,INDIGO LX,1405.0
5493,2012,57184,Petrol,Manual,First,20.36,20.36,3.09,HYUNDAI,I10 SPORTZ,1197.0
5494,2007,75000,Diesel,Automatic,Second,16.46,16.46,9.5,BMW,7 SERIES,2993.0
5495,2015,26000,Diesel,Automatic,First,17.01,17.01,12.65,HYUNDAI,CRETA 1.6,1582.0
5496,2016,22129,Petrol,Manual,First,18.9,18.9,4.25,HYUNDAI,GRAND I10,1197.0
5497,2011,127887,Diesel,Manual,First,21.1,21.1,2.95,MARUTI,RITZ VDI,1248.0
5498,2006,92000,Diesel,Manual,First,10.5,10.5,3.45,MAHINDRA,SCORPIO 2.6,2179.0
5499,2011,60634,Petrol,Manual,First,19.81,19.81,3.3,HYUNDAI,I10 ERA,1086.0
5500,2014,90000,Diesel,Manual,First,14.0,14.0,8.0,TATA,SAFARI STORME,2179.0
5501,2009,59000,Petrol,Manual,First,13.5,13.5,2.71,HONDA,CIVIC 2006-2010,1799.0
5502,2012,59293,Petrol,Manual,First,18.2,18.2,2.7,MARUTI,ZEN ESTILO,998.0
5503,2012,80753,Diesel,Manual,Second,23.4,23.4,4.5,MARUTI,SWIFT DZIRE,1248.0
5504,2015,40000,Diesel,Manual,Second,13.0,13.0,18.75,TOYOTA,FORTUNER 4X2,2982.0
5505,2014,103000,Diesel,Manual,Second,28.4,28.4,5.25,MARUTI,SWIFT VDI,1248.0
5506,2012,72389,LPG,Manual,First,26.2,26.2,3.2,MARUTI,WAGON R,998.0
5507,2017,48000,Diesel,Manual,First,28.4,28.4,6.0,MARUTI,DZIRE LDI,1248.0
5508,2014,41000,Petrol,Manual,First,18.9,18.9,3.14,HYUNDAI,GRAND I10,1197.0
5509,2016,26000,Petrol,Manual,First,25.17,25.17,2.55,RENAULT,KWID RXL,799.0
5510,2012,30000,Petrol,Manual,Second,15.64,15.64,2.3,TATA,INDIGO CS,1193.0
5511,2014,74624,Diesel,Manual,First,20.0,20.0,5.65,FORD,FIGO DIESEL,1399.0
5512,2015,47877,Diesel,Automatic,First,15.15,15.15,48.22,PORSCHE,CAYENNE 2009-2014,2967.0
5513,2016,35000,Petrol,Manual,First,24.07,24.07,3.0,MARUTI,ALTO K10,998.0
5514,2015,52123,Diesel,Manual,First,20.34,20.34,7.5,VOLKSWAGEN,VENTO 1.5,1498.0
5515,2005,90000,Diesel,Manual,First,10.5,10.5,2.6,MAHINDRA,SCORPIO 2.6,2179.0
5516,2018,1400,Diesel,Automatic,First,18.56,18.56,61.25,BMW,X3 XDRIVE,1995.0
5517,2009,122000,Petrol,Manual,Second,17.0,17.0,3.5,HONDA,CITY 1.5,1497.0
5518,2016,21110,Petrol,Automatic,First,17.44,17.44,28.95,MINI,COOPER 3,1998.0
5519,2015,78000,Diesel,Automatic,First,13.5,13.5,15.0,MITSUBISHI,PAJERO SPORT,2477.0
5520,2012,72000,Diesel,Manual,First,19.3,19.3,4.25,MARUTI,SWIFT DZIRE,1248.0
5521,2006,48000,Petrol,Automatic,First,8.6,8.6,59.0,BENTLEY,CONTINENTAL FLYING,5998.0
5522,2013,43486,Diesel,Manual,First,20.77,20.77,6.6,MARUTI,ERTIGA VDI,1248.0
5523,2007,199000,Diesel,Manual,Second,12.8,12.8,5.2,TOYOTA,INNOVA 2.5,2494.0
5524,2010,34000,Petrol,Manual,First,11.7,11.7,10.0,MERCEDES-BENZ,NEW C-CLASS,1796.0
5525,2016,37944,Diesel,Automatic,First,14.84,14.84,35.0,MERCEDES-BENZ,NEW C-CLASS,2143.0
5526,2017,30000,Diesel,Manual,First,22.7,22.7,8.75,FORD,ECOSPORT 1.5,1498.0
5527,2015,64005,Petrol,Manual,First,17.71,17.71,4.57,TOYOTA,ETIOS LIVA,1197.0
5528,2012,62000,Petrol,Manual,First,20.36,20.36,2.5,HYUNDAI,I10 MAGNA,1197.0
5529,2005,105000,Petrol,Manual,First,0.0,0.0,1.75,HYUNDAI,SANTRO LP,999.0
5530,2014,59885,Diesel,Automatic,First,12.39,12.39,20.11,LAND,ROVER FREELANDER,2179.0
5531,2011,144471,Diesel,Manual,First,12.8,12.8,7.8,TOYOTA,INNOVA 2.5,2494.0
5532,2011,63991,Petrol,Manual,First,18.5,18.5,3.61,HYUNDAI,I20 1.2,1197.0
5533,2007,72000,Petrol,Manual,Second,17.0,17.0,1.11,HYUNDAI,SANTRO XING,1086.0
5534,2015,34895,Petrol,Automatic,First,19.15,19.15,4.6,NISSAN,MICRA XV,1198.0
5535,2015,97003,Diesel,Automatic,First,15.87,15.87,85.0,BMW,X6 XDRIVE,2993.0
5536,2015,45000,Petrol,Automatic,First,16.8,16.8,5.25,HONDA,CITY 1.5,1497.0
5537,2013,45000,Diesel,Manual,Second,25.8,25.8,3.3,HONDA,AMAZE E,1498.0
5538,2013,100000,Diesel,Manual,Second,11.5,11.5,17.75,TOYOTA,FORTUNER 3.0,2982.0
5539,2016,70000,Diesel,Automatic,First,12.97,12.97,35.0,LAND,ROVER DISCOVERY,2179.0
5540,2016,37023,Diesel,Manual,First,19.67,19.67,13.39,HYUNDAI,CRETA 1.6,1582.0
5541,2012,81000,Diesel,Manual,First,25.44,25.44,2.5,CHEVROLET,BEAT DIESEL,936.0
5542,2017,20789,Diesel,Automatic,First,11.36,11.36,18.36,TOYOTA,INNOVA CRYSTA,2755.0
5543,2015,68310,Diesel,Manual,First,23.4,23.4,5.95,MARUTI,SWIFT DZIRE,1248.0
5544,2015,47250,Diesel,Manual,Second,19.67,19.67,11.0,HYUNDAI,CRETA 1.6,1582.0
5545,2014,47000,Diesel,Automatic,Second,12.65,12.65,64.75,LAND,ROVER RANGE,2993.0
5546,2017,128000,Diesel,Manual,First,25.8,25.8,6.3,HONDA,AMAZE VX,1498.0
5547,2017,17702,Petrol,Manual,First,15.29,15.29,11.94,HYUNDAI,CRETA 1.6,1591.0
5548,2014,34987,Petrol,Automatic,First,18.19,18.19,5.95,VOLKSWAGEN,VENTO SPORT,1197.0
5549,2017,37000,Diesel,Manual,First,26.0,26.0,11.0,HONDA,CITY I,1498.0
5550,2017,38271,Petrol,Manual,First,15.29,15.29,12.53,HYUNDAI,CRETA 1.6,1591.0
5551,2012,32510,Diesel,Manual,Second,20.0,20.0,3.75,FORD,FIGO DIESEL,1399.0
5552,2014,88000,Diesel,Automatic,First,14.69,14.69,27.0,BMW,5 SERIES,2993.0
5553,2012,116000,Diesel,Manual,First,10.5,10.5,9.95,MITSUBISHI,PAJERO 2.8,2835.0
5554,2013,156000,Diesel,Manual,First,19.87,19.87,4.2,RENAULT,DUSTER 85PS,1461.0
5555,2010,75319,Petrol,Manual,Second,21.1,21.1,2.0,MARUTI,RITZ VXI,1197.0
5556,2013,28000,Petrol,Manual,First,18.9,18.9,3.25,HYUNDAI,GRAND I10,1197.0
5557,2017,16500,Diesel,Automatic,First,17.9,17.9,34.0,MERCEDES-BENZ,GLA CLASS,2143.0
5558,2016,75637,Diesel,Automatic,First,22.48,22.48,30.37,BMW,5 SERIES,1995.0
5559,2018,32854,Petrol,Automatic,First,13.0,13.0,12.6,HYUNDAI,CRETA 1.6,1591.0
5560,2019,6568,Petrol,Manual,First,25.17,25.17,5.09,RENAULT,KWID RXT,799.0
5561,2014,30000,Diesel,Automatic,First,14.94,14.94,24.5,AUDI,A4 3.0,2967.0
5562,2018,17804,Diesel,Manual,Second,28.09,28.09,7.97,MARUTI,CIAZ VDI,1248.0
5563,2011,69768,Petrol,Manual,First,16.0,16.0,2.9,HONDA,JAZZ S,1198.0
5564,2016,62404,Diesel,Automatic,First,22.69,22.69,21.33,BMW,3 SERIES,1995.0
5565,2012,97000,Diesel,Automatic,Second,19.08,19.08,6.5,HYUNDAI,VERNA SX,1582.0
5566,2016,55687,Diesel,Manual,First,21.38,21.38,12.15,HYUNDAI,CRETA 1.4,1396.0
5567,2014,17000,Petrol,Manual,First,15.04,15.04,4.25,VOLKSWAGEN,VENTO 2013-2015,1598.0
5568,2017,34232,Diesel,Automatic,First,21.76,21.76,35.84,BMW,3 SERIES,1995.0
5569,2004,135000,Petrol,Automatic,Third,14.4,14.4,3.0,HONDA,CR-V PETROL,1997.0
5570,2012,80000,Diesel,Manual,First,19.72,19.72,6.75,RENAULT,DUSTER 110PS,1461.0
5571,2014,31045,Petrol,Manual,Second,18.6,18.6,5.65,HYUNDAI,I20 ASTA,1197.0
5572,2013,58000,Diesel,Automatic,Second,16.96,16.96,7.5,VOLKSWAGEN,JETTA 2013-2015,1968.0
5573,2018,35480,Diesel,Manual,First,19.67,19.67,13.34,HYUNDAI,CRETA 1.6,1582.0
5574,2016,62287,Diesel,Manual,First,28.09,28.09,7.9,MARUTI,CIAZ VDI,1248.0
5575,2015,46162,Diesel,Manual,First,22.54,22.54,6.98,HYUNDAI,I20 ASTA,1396.0
5576,2014,9200,Petrol,Manual,First,17.01,17.01,5.75,HYUNDAI,VERNA 1.6,1591.0
5577,2012,55339,Diesel,Manual,First,22.07,22.07,2.65,VOLKSWAGEN,POLO DIESEL,1199.0
5578,2011,55476,Diesel,Manual,First,22.07,22.07,2.49,VOLKSWAGEN,POLO DIESEL,1199.0
5579,2007,68553,Petrol,Manual,Second,15.0,15.0,1.5,MARUTI,SX4 VXI,1586.0
5580,2016,67376,Diesel,Manual,First,24.5,24.5,6.5,HONDA,MOBILIO RS,1498.0
5581,2013,42000,Diesel,Manual,First,19.64,19.64,8.0,RENAULT,DUSTER 110PS,1461.0
5582,2019,28069,Diesel,Automatic,First,12.9,12.9,30.85,TOYOTA,FORTUNER 2.8,2755.0
5583,2014,93144,Diesel,Automatic,First,14.7,14.7,17.15,VOLVO,XC60 D4,1984.0
5584,2014,24300,Petrol,Automatic,First,23.1,23.1,4.55,MARUTI,CELERIO VXI,998.0
5585,2015,47883,Diesel,Manual,Second,26.21,26.21,7.4,MARUTI,CIAZ ZDI,1248.0
5586,2013,12467,Diesel,Automatic,First,12.8,12.8,25.64,AUDI,Q5 2008-2012,1968.0
5587,2013,56683,Diesel,Automatic,Second,17.05,17.05,13.5,BMW,X1 SDRIVE,1995.0
5588,2013,38000,Petrol,Manual,First,15.6,15.6,3.55,FORD,FIGO PETROL,1196.0
5589,2018,35000,Diesel,Manual,First,22.7,22.7,15.0,HYUNDAI,ELANTRA CRDI,1582.0
5590,2007,80000,Petrol,Manual,Second,13.9,13.9,1.95,HYUNDAI,VERNA 1.6,1599.0
5591,2006,125000,Petrol,Manual,Second,13.5,13.5,2.3,HONDA,CIVIC 2006-2010,1799.0
5592,2013,123000,Diesel,Manual,Second,12.55,12.55,15.0,TOYOTA,FORTUNER 4X4,2982.0
5593,2012,70000,Petrol,Manual,First,20.36,20.36,3.15,HYUNDAI,I10 SPORTZ,1197.0
5594,2012,87982,Diesel,Manual,First,21.64,21.64,5.0,NISSAN,SUNNY 2011-2014,1461.0
5595,2013,40714,Diesel,Automatic,Second,18.12,18.12,24.75,BMW,5 SERIES,1995.0
5596,2008,83000,Diesel,Manual,Second,16.52,16.52,2.6,CHEVROLET,OPTRA MAGNUM,1991.0
5597,2011,86000,Petrol,Manual,First,20.36,20.36,3.75,HYUNDAI,I10 ASTA,1197.0
5598,2009,60002,Diesel,Manual,Second,17.5,17.5,4.85,SKODA,LAURA AMBIENTE,1896.0
5599,2013,60000,Diesel,Automatic,First,10.0,10.0,27.0,MERCEDES-BENZ,E-CLASS 2009-2013,2148.0
5600,2014,84677,Diesel,Manual,First,25.8,25.8,3.0,HONDA,AMAZE SX,1498.0
5601,2017,23000,Diesel,Automatic,First,20.68,20.68,28.75,BMW,X1 XDRIVE,1995.0
5602,2016,81424,Diesel,Manual,First,12.99,12.99,14.49,TOYOTA,INNOVA 2.5,2494.0
5603,2013,36400,Diesel,Automatic,First,7.5,7.5,72.0,PORSCHE,PANAMERA 2010,4806.0
5604,2012,70000,Diesel,Manual,Second,22.71,22.71,4.0,NISSAN,SUNNY XV,1461.0
5605,2015,40000,Diesel,Manual,Second,26.59,26.59,4.5,MARUTI,SWIFT DZIRE,1248.0
5606,2019,600,Petrol,Automatic,First,21.5,21.5,6.25,MARUTI,WAGON R,1197.0
5607,2015,65320,Diesel,Automatic,Second,16.96,16.96,11.5,VOLKSWAGEN,JETTA 2013-2015,1968.0
5608,2009,79000,Petrol,Manual,Third,9.8,9.8,3.1,HONDA,ACCORD 2.4,2354.0
5609,2018,5000,Petrol,Manual,First,17.8,17.8,10.11,HONDA,CITY I,1497.0
5610,2019,6028,Petrol,Manual,First,17.01,17.01,11.54,HYUNDAI,VERNA 1.6,1591.0
5611,2006,86000,Petrol,Manual,Second,18.9,18.9,1.0,MARUTI,WAGON R,998.0
5612,2013,160000,Diesel,Manual,Second,23.4,23.4,2.5,MARUTI,SWIFT DZIRE,1248.0
5613,2011,59967,Petrol,Automatic,First,9.74,9.74,18.0,AUDI,Q5 2008-2012,1984.0
5614,2018,43127,Diesel,Manual,First,23.59,23.59,6.85,TOYOTA,ETIOS CROSS,1364.0
5615,2012,65727,Petrol,Manual,First,19.81,19.81,2.97,HYUNDAI,I10 ERA,1086.0
5616,2013,70000,Petrol,Manual,First,17.01,17.01,4.75,HYUNDAI,VERNA 1.6,1591.0
5617,2018,39861,Diesel,Manual,First,20.14,20.14,7.38,VOLKSWAGEN,POLO 1.5,1498.0
5618,2017,16485,Diesel,Automatic,First,22.48,22.48,42.75,BMW,5 SERIES,1995.0
5619,2010,77332,Diesel,Manual,Second,23.0,23.0,3.65,HYUNDAI,I20 1.4,1396.0
5620,2017,17489,Petrol,Automatic,First,18.9,18.9,5.99,HYUNDAI,GRAND I10,1197.0
5621,2012,125000,Diesel,Automatic,First,11.5,11.5,13.5,TOYOTA,FORTUNER 4X2,2982.0
5622,2016,35129,Petrol,Automatic,First,21.4,21.4,7.0,MARUTI,BALENO ZETA,1197.0
5623,2016,22982,Petrol,Automatic,First,13.0,13.0,10.95,HYUNDAI,CRETA 1.6,1591.0
5624,2013,54500,Petrol,Manual,Third,20.36,20.36,2.95,HYUNDAI,I10 SPORTZ,1197.0
5625,2017,16235,Diesel,Manual,First,24.7,24.7,5.5,TATA,TIGOR XE,1047.0
5626,2017,73641,Petrol,Automatic,First,14.67,14.67,17.08,SKODA,SUPERB STYLE,1798.0
5627,2015,59572,Diesel,Manual,First,26.59,26.59,6.85,MARUTI,SWIFT DZIRE,1248.0
5628,2014,112827,Petrol,Automatic,First,13.1,13.1,10.5,HONDA,CR-V 2.0,1997.0
5629,2010,118000,Diesel,Manual,First,12.8,12.8,8.75,TOYOTA,INNOVA 2.5,2494.0
5630,2010,60000,Petrol,Manual,First,17.0,17.0,2.7,HONDA,CITY 1.5,1497.0
5631,2012,75059,Petrol,Automatic,First,17.0,17.0,4.25,HYUNDAI,VERNA VTVT,1591.0
5632,2018,3000,Diesel,Manual,First,23.59,23.59,7.9,TOYOTA,ETIOS 1.4,1364.0
5633,2011,78000,Petrol,Automatic,Second,13.7,13.7,4.5,SKODA,SUPERB ELEGANCE,1798.0
5634,2012,47000,Diesel,Manual,First,21.64,21.64,4.0,NISSAN,SUNNY 2011-2014,1461.0
5635,2012,42000,Petrol,Manual,First,17.0,17.0,4.75,HONDA,CITY 1.5,1497.0
5636,2018,6820,Diesel,Manual,First,22.54,22.54,7.65,HYUNDAI,ELITE I20,1396.0
5637,2013,55176,Petrol,Manual,Second,17.4,17.4,3.47,CHEVROLET,OPTRA 1.6,1599.0
5638,2016,39854,Petrol,Manual,First,18.0,18.0,5.64,HONDA,AMAZE S,1198.0
5639,2013,24000,Petrol,Manual,First,16.47,16.47,2.95,VOLKSWAGEN,POLO PETROL,1198.0
5640,2016,55000,Diesel,Manual,First,22.9,22.9,5.65,MARUTI,SWIFT VDI,1248.0
5641,2012,45840,Diesel,Automatic,First,11.4,11.4,8.41,FORD,ENDEAVOUR 3.0L,2953.0
5642,2006,155000,Petrol,Manual,Third,15.4,15.4,0.85,MARUTI,BALENO LXI,1590.0
5643,2003,125000,Petrol,Manual,Second,18.9,18.9,0.8,MARUTI,WAGON R,998.0
5644,2014,52951,Diesel,Manual,First,20.14,20.14,5.65,VOLKSWAGEN,POLO 1.5,1498.0
5645,2013,49000,Petrol,Manual,First,17.1,17.1,4.5,HYUNDAI,VERNA 1.6,1591.0
5646,2015,52000,Diesel,Manual,First,28.09,28.09,6.9,MARUTI,CIAZ ZDI,1248.0
5647,2001,227000,Diesel,Manual,Fourth & Above,0.0,0.0,2.2,TOYOTA,QUALIS FLEET,2446.0
5648,2013,120005,Diesel,Manual,First,21.64,21.64,4.0,NISSAN,SUNNY 2011-2014,1461.0
5649,2015,33000,Petrol,Manual,First,15.0,15.0,5.6,SKODA,RAPID 1.6,1598.0
5650,2016,126000,Petrol,Manual,First,15.1,15.1,2.2,MARUTI,EECO 7,1196.0
5651,2013,66700,Petrol,Manual,First,15.0,15.0,4.0,SKODA,RAPID ULTIMA,1598.0
5652,2014,122000,Diesel,Manual,Second,12.55,12.55,16.0,TOYOTA,FORTUNER 4X4,2982.0
5653,2016,29000,Diesel,Manual,First,19.67,19.67,12.6,HYUNDAI,CRETA 1.6,1582.0
5654,2014,42315,Petrol,Manual,First,18.5,18.5,4.79,HYUNDAI,I20 MAGNA,1197.0
5655,2015,22001,CNG,Manual,First,26.6,26.6,3.65,MARUTI,WAGON R,998.0
5656,2016,84580,Diesel,Manual,First,26.0,26.0,6.83,HONDA,CITY I,1498.0
5657,2002,75000,Petrol,Manual,First,16.1,16.1,0.51,MARUTI,800 STD,796.0
5658,2006,85000,Petrol,Manual,Second,13.8,13.8,0.69,FORD,IKON 1.3,1299.0
5659,2015,24296,Petrol,Manual,First,20.85,20.85,4.65,MARUTI,SWIFT DZIRE,1197.0
5660,2014,40000,Petrol,Manual,First,16.8,16.8,6.49,HONDA,CITY 1.5,1497.0
5661,2009,64514,Diesel,Manual,First,16.8,16.8,2.9,HYUNDAI,VERNA CRDI,1493.0
5662,2016,35000,Petrol,Manual,First,17.01,17.01,7.4,HYUNDAI,VERNA 1.6,1591.0
5663,2016,41000,Petrol,Manual,Second,25.17,25.17,3.25,RENAULT,KWID RXT,799.0
5664,2008,60123,Petrol,Manual,Second,18.9,18.9,1.95,MARUTI,WAGON R,998.0
5665,2015,53000,Petrol,Manual,Second,18.9,18.9,4.0,HYUNDAI,GRAND I10,1197.0
5666,2017,9000,Petrol,Manual,First,18.6,18.6,6.85,HYUNDAI,I20 1.2,1197.0
5667,2015,53497,Petrol,Manual,First,18.0,18.0,5.45,HONDA,AMAZE S,1198.0
5668,2007,68000,Diesel,Manual,First,17.8,17.8,1.99,FORD,FIESTA 1.4,1399.0
5669,2014,65000,Diesel,Automatic,First,19.08,19.08,8.99,HYUNDAI,VERNA SX,1582.0
5670,2014,45155,Diesel,Manual,First,23.59,23.59,6.5,TOYOTA,ETIOS VD,1364.0
5671,2018,20026,Petrol,Automatic,First,19.0,19.0,9.27,HONDA,JAZZ 1.2,1199.0
5672,2015,60000,Diesel,Manual,First,23.9,23.9,6.99,HYUNDAI,VERNA 1.6,1582.0
5673,2019,15976,Diesel,Automatic,First,17.9,17.9,36.76,MERCEDES-BENZ,CLA 200,2143.0
5674,2017,30523,Petrol,Automatic,First,14.7,14.7,17.08,SKODA,OCTAVIA ELEGANCE,1798.0
5675,2013,26300,Diesel,Manual,First,25.44,25.44,2.8,CHEVROLET,BEAT DIESEL,936.0
5676,2011,66000,Diesel,Manual,First,22.07,22.07,2.49,VOLKSWAGEN,POLO DIESEL,1199.0
5677,2016,70000,Diesel,Manual,First,23.65,23.65,8.85,MARUTI,SX4 S,1248.0
5678,2011,46000,Petrol,Manual,First,16.8,16.8,4.15,HONDA,CITY V,1497.0
5679,2017,28000,Diesel,Manual,First,20.64,20.64,10.0,VOLKSWAGEN,VENTO 1.5,1498.0
5680,2017,46000,Petrol,Manual,First,18.9,18.9,4.75,HYUNDAI,GRAND I10,1197.0
5681,2017,33000,Petrol,Automatic,First,24.04,24.04,3.2,RENAULT,KWID AMT,999.0
5682,2017,27718,Petrol,Manual,First,22.74,22.74,3.28,MARUTI,ALTO 800,796.0
5683,2013,58000,Petrol,Manual,First,15.8,15.8,7.5,FORD,ECOSPORT 1.5,1499.0
5684,2018,33150,Petrol,Manual,First,21.4,21.4,7.39,MARUTI,BALENO ZETA,1197.0
5685,2013,77000,Diesel,Manual,First,23.2,23.2,3.65,MARUTI,RITZ VDI,1248.0
5686,2007,70000,Diesel,Automatic,First,11.0,11.0,11.0,MERCEDES-BENZ,E-CLASS 280,2987.0
5687,2012,97000,Diesel,Manual,First,23.2,23.2,3.0,MARUTI,RITZ VDI,1248.0
5688,2012,75300,Diesel,Manual,Second,25.44,25.44,2.25,CHEVROLET,BEAT DIESEL,936.0
5689,2010,69918,Petrol,Manual,First,15.5,15.5,2.83,MARUTI,SX4 VXI,1586.0
5690,2019,4721,Petrol,Manual,First,14.0,14.0,4.11,MARUTI,OMNI 5,796.0
5691,2014,39163,Diesel,Manual,First,13.5,13.5,14.7,MITSUBISHI,PAJERO SPORT,2477.0
5692,2013,80000,Petrol,Automatic,First,13.0,13.0,25.0,MERCEDES-BENZ,S CLASS,2987.0
5693,2015,66000,Diesel,Manual,First,25.44,25.44,2.35,CHEVROLET,BEAT DIESEL,936.0
5694,2017,36154,Diesel,Manual,Second,25.83,25.83,6.41,FORD,FIGO 2015-2019,1498.0
5695,2012,34000,Petrol,Manual,First,17.4,17.4,5.75,HONDA,CITY I-VTEC,1497.0
5696,2016,60000,Diesel,Automatic,Second,17.9,17.9,17.55,MERCEDES-BENZ,GLA CLASS,2143.0
5697,2015,32000,Diesel,Manual,First,21.38,21.38,10.25,HYUNDAI,CRETA 1.4,1396.0
5698,2012,79985,Diesel,Manual,First,17.8,17.8,3.16,FORD,FIESTA CLASSIC,1399.0
5699,2014,37600,Diesel,Automatic,Second,16.55,16.55,22.5,AUDI,A4 2.0,1968.0
5700,2015,31965,Petrol,Manual,First,19.81,19.81,3.55,HYUNDAI,I10 MAGNA,1086.0
5701,2010,70749,Petrol,Automatic,First,12.05,12.05,9.86,BMW,3 SERIES,1995.0
5702,2013,38000,Diesel,Automatic,First,16.46,16.46,45.0,BMW,7 SERIES,2993.0
5703,2017,41534,Petrol,Manual,First,17.01,17.01,7.99,HYUNDAI,VERNA 1.6,1591.0
5704,2017,54455,Diesel,Automatic,First,22.0,22.0,6.5,VOLKSWAGEN,AMEO 1.5,1498.0
5705,2007,42000,Petrol,Manual,First,14.49,14.49,0.75,CHEVROLET,AVEO 1.4,1399.0
5706,2018,52073,Diesel,Manual,Second,18.3,18.3,9.87,CHEVROLET,CRUZE LTZ,1991.0
5707,2018,40175,Diesel,Manual,Second,22.54,22.54,6.36,HYUNDAI,I20 1.4,1396.0
5708,2017,16503,Petrol,Automatic,First,16.0,16.0,9.5,HONDA,BRV I-VTEC,1497.0
5709,2017,15029,Petrol,Manual,First,19.1,19.1,6.05,HYUNDAI,XCENT 1.2,1197.0
5710,2013,26200,CNG,Manual,First,30.46,30.46,2.15,MARUTI,ALTO 800,796.0
5711,2015,76362,Diesel,Manual,First,24.0,24.0,5.5,HYUNDAI,GRAND I10,1120.0
5712,2007,18700,Petrol,Manual,Second,19.7,19.7,1.25,MARUTI,ALTO LXI,796.0
5713,2015,67585,Diesel,Manual,First,12.99,12.99,11.99,TOYOTA,INNOVA 2.5,2494.0
5714,2010,57000,Petrol,Automatic,Second,16.95,16.95,2.5,HYUNDAI,I10 SPORTZ,1197.0
5715,2019,22321,Petrol,Automatic,First,18.0,18.0,11.66,HONDA,CITY I-VTEC,1497.0
5716,1998,95150,Petrol,Manual,Third,17.3,17.3,0.53,MARUTI,ZEN LX,993.0
5717,2015,36428,Petrol,Manual,First,20.51,20.51,3.1,MARUTI,WAGON R,998.0
5718,2012,73500,Diesel,Manual,Second,20.0,20.0,2.6,FORD,FIGO DIESEL,1399.0
5719,2015,47234,Petrol,Manual,First,18.0,18.0,5.09,HONDA,AMAZE S,1198.0
5720,2008,62364,Petrol,Manual,First,13.2,13.2,2.3,HYUNDAI,ACCENT GLE,1495.0
5721,2012,89000,Diesel,Manual,First,22.32,22.32,6.0,HYUNDAI,VERNA 1.6,1582.0
5722,2013,58653,Diesel,Manual,First,25.2,25.2,4.4,MARUTI,SWIFT ZDI,1248.0
5723,2013,30000,Petrol,Automatic,Second,14.8,14.8,11.0,MERCEDES-BENZ,B CLASS,1595.0
5724,2014,64042,Diesel,Manual,First,17.3,17.3,5.7,CHEVROLET,CRUZE LTZ,1998.0
5725,2013,120000,Diesel,Automatic,First,20.0,20.0,6.95,SKODA,LAURA AMBIENTE,1968.0
5726,2014,90000,Diesel,Manual,First,12.05,12.05,7.9,MAHINDRA,SCORPIO VLX,2179.0
5727,2018,30733,Diesel,Automatic,First,20.68,20.68,29.3,BMW,X1 XDRIVE,1995.0
5728,2009,43600,Petrol,Automatic,First,10.93,10.93,10.24,MERCEDES-BENZ,E-CLASS 2009-2013,3498.0
5729,2010,71473,Petrol,Automatic,Second,13.7,13.7,5.35,SKODA,SUPERB ELEGANCE,1798.0
5730,2014,39000,Petrol,Automatic,Second,16.5,16.5,3.49,HONDA,BRIO VX,1198.0
5731,2009,84045,Petrol,Manual,First,20.36,20.36,2.85,HYUNDAI,I10 MAGNA,1197.0
5732,2014,57004,Petrol,Manual,First,17.4,17.4,5.35,HONDA,CITY I,1497.0
5733,2012,75464,Petrol,Manual,First,15.6,15.6,3.62,FORD,FIGO PETROL,1196.0
5734,2006,142000,Diesel,Manual,First,12.8,12.8,6.25,TOYOTA,INNOVA 2.5,2494.0
5735,2012,118683,Diesel,Manual,Second,21.0,21.0,3.19,MAHINDRA,VERITO 1.5,1461.0
5736,2018,42000,Petrol,Manual,First,18.15,18.15,5.5,MAHINDRA,KUV 100,1198.0
5737,2019,12800,Petrol,Manual,First,18.6,18.6,7.67,HYUNDAI,I20 SPORTZ,1197.0
5738,2011,80000,Petrol,Manual,First,12.0,12.0,5.5,TATA,NEW SAFARI,2092.0
5739,2014,76126,Diesel,Manual,First,19.3,19.3,6.6,MARUTI,SWIFT DZIRE,1248.0
5740,2017,21000,Diesel,Automatic,Second,15.97,15.97,55.0,BMW,X5 XDRIVE,2993.0
5741,2013,85000,Diesel,Automatic,First,17.68,17.68,21.0,AUDI,A6 2011-2015,1968.0
5742,2017,27000,Petrol,Manual,First,21.4,21.4,4.5,MARUTI,BALENO DELTA,1197.0
5743,2016,45794,Diesel,Automatic,First,13.01,13.01,20.67,HYUNDAI,SANTA FE,2199.0
5744,2013,57352,Diesel,Automatic,First,14.39,14.39,6.5,CHEVROLET,CRUZE LTZ,1998.0
5745,2018,41467,Diesel,Automatic,First,15.0,15.0,37.98,MERCEDES-BENZ,E-CLASS 2015-2017,2143.0
5746,2009,42000,Petrol,Manual,First,17.92,17.92,1.45,HYUNDAI,SANTRO XING,1086.0
5747,2014,62549,CNG,Manual,First,26.6,26.6,2.95,MARUTI,WAGON R,998.0
5748,2015,67048,Diesel,Manual,First,28.09,28.09,7.9,MARUTI,CIAZ VDI,1248.0
5749,2018,11732,Petrol,Manual,First,17.4,17.4,10.07,HONDA,CITY I-VTEC,1497.0
5750,2016,37000,Diesel,Manual,First,20.45,20.45,6.5,NISSAN,TERRANO XL,1461.0
5751,2015,30000,Diesel,Automatic,First,18.88,18.88,22.0,BMW,3 SERIES,1995.0
5752,2016,53000,Diesel,Manual,First,26.0,26.0,9.75,HONDA,CITY I,1498.0
5753,2014,60000,Diesel,Manual,First,20.45,20.45,6.0,NISSAN,TERRANO XL,1461.0
5754,2014,65000,Diesel,Manual,First,24.0,24.0,3.99,HYUNDAI,GRAND I10,1120.0
5755,2008,51000,Petrol,Manual,First,17.0,17.0,1.75,HYUNDAI,SANTRO XING,1086.0
5756,2015,92000,Diesel,Automatic,First,12.55,12.55,19.75,TOYOTA,FORTUNER 4X2,2982.0
5757,2017,31000,Diesel,Manual,First,13.68,13.68,16.95,TOYOTA,INNOVA CRYSTA,2393.0
5758,2017,43917,Petrol,Manual,First,21.4,21.4,6.8,MARUTI,BALENO ZETA,1197.0
5759,2007,46707,Petrol,Manual,First,17.0,17.0,0.99,HYUNDAI,SANTRO XING,1086.0
5760,2013,84000,Petrol,Manual,First,19.81,19.81,2.95,HYUNDAI,I10 SPORTZ,1086.0
5761,2015,55662,Diesel,Automatic,First,12.07,12.07,42.83,AUDI,Q7 3.0,2967.0
5762,2014,51000,Diesel,Automatic,First,27.03,27.03,21.5,VOLVO,S60 D4,1969.0
5763,2015,24398,Petrol,Manual,First,17.8,17.8,7.9,HONDA,CITY I,1497.0
5764,2011,78000,Petrol,Manual,Second,20.92,20.92,2.3,MARUTI,ALTO K10,998.0
5765,2012,40315,Petrol,Manual,First,18.5,18.5,2.75,HONDA,BRIO 1.2,1198.0
5766,2011,83000,Diesel,Manual,First,12.05,12.05,6.71,MAHINDRA,SCORPIO VLX,2179.0
5767,2017,58151,Diesel,Automatic,First,19.6,19.6,9.6,RENAULT,DUSTER 110PS,1461.0
5768,2017,30519,Diesel,Manual,First,19.67,19.67,12.81,HYUNDAI,CRETA 1.6,1582.0
5769,2019,20712,Petrol,Manual,First,23.84,23.84,6.94,TATA,TIAGO 1.2,1199.0
5770,2015,48000,Diesel,Manual,First,16.0,16.0,9.45,MAHINDRA,XUV500 W6,2179.0
5771,2015,85000,Diesel,Manual,First,20.34,20.34,6.0,VOLKSWAGEN,VENTO 1.5,1498.0
5772,2013,32000,Petrol,Automatic,First,14.8,14.8,11.0,MERCEDES-BENZ,B CLASS,1595.0
5773,2011,52000,Petrol,Manual,First,15.5,15.5,2.6,MARUTI,SX4 VXI,1586.0
5774,2007,58307,Petrol,Manual,First,15.3,15.3,1.95,HYUNDAI,GETZ GLE,1341.0
5775,2013,30000,Diesel,Automatic,First,17.54,17.54,45.0,BMW,6 SERIES,2993.0
5776,2014,40000,Diesel,Automatic,First,17.11,17.11,22.0,AUDI,A4 2.0,1968.0
5777,2015,36000,Petrol,Manual,First,18.6,18.6,4.9,HYUNDAI,I20 ASTA,1197.0
5778,2015,58817,Diesel,Manual,First,19.87,19.87,6.25,NISSAN,TERRANO XL,1461.0
5779,2013,55000,Diesel,Manual,Second,20.54,20.54,6.1,VOLKSWAGEN,VENTO KONEKT,1598.0
5780,2011,39000,Petrol,Manual,First,20.36,20.36,2.6,HYUNDAI,I10 SPORTZ,1197.0
5781,2011,6500,Petrol,Automatic,Third,6.4,6.4,120.0,LAMBORGHINI,GALLARDO COUPE,5204.0
5782,2012,35000,Diesel,Automatic,First,14.74,14.74,29.0,JAGUAR,XF 3.0,2993.0
5783,2010,49900,Petrol,Manual,Second,17.5,17.5,3.3,MARUTI,SWIFT DZIRE,1298.0
5784,2013,99500,Diesel,Manual,Second,22.3,22.3,3.05,TATA,INDICA VISTA,1248.0
5785,2012,33249,Diesel,Manual,First,21.27,21.27,3.25,HYUNDAI,I20 ASTA,1396.0
5786,2014,52000,Petrol,Manual,First,19.1,19.1,3.75,HYUNDAI,XCENT 1.2,1197.0
5787,2015,45000,Diesel,Manual,First,12.99,12.99,13.25,TOYOTA,INNOVA 2.5,2494.0
5788,2017,22000,Petrol,Manual,First,23.84,23.84,4.8,TATA,TIAGO 1.2,1199.0
5789,2019,7858,Petrol,Manual,First,25.17,25.17,3.8,RENAULT,KWID RXL,799.0
5790,2011,112000,Diesel,Manual,First,12.8,12.8,8.5,TOYOTA,INNOVA 2.5,2494.0
5791,2016,41082,Diesel,Automatic,First,13.0,13.0,38.76,MERCEDES-BENZ,E-CLASS 2015-2017,2143.0
5792,2009,72000,Petrol,Automatic,First,16.8,16.8,3.2,HONDA,CITY 1.5,1497.0
5793,2011,84912,Petrol,Manual,First,20.36,20.36,3.5,HYUNDAI,I10 SPORTZ,1197.0
5794,2015,70000,Diesel,Manual,First,19.67,19.67,12.25,HYUNDAI,CRETA 1.6,1582.0
5795,2014,21000,Petrol,Manual,First,19.5,19.5,4.75,HONDA,AMAZE VX,1199.0
5796,2016,27000,Petrol,Manual,First,18.78,18.78,4.5,VOLKSWAGEN,POLO 1.2,999.0
5797,2012,29000,Petrol,Manual,First,20.36,20.36,2.35,HYUNDAI,I10 MAGNA,1197.0
5798,2014,48425,Diesel,Manual,First,23.08,23.08,3.4,RENAULT,PULSE RXL,1461.0
5799,2016,19000,Diesel,Automatic,First,21.5,21.5,10.0,VOLKSWAGEN,VENTO 1.5,1498.0
5800,2012,210000,Diesel,Manual,First,12.99,12.99,9.0,TOYOTA,INNOVA 2.5,2494.0
5801,2013,64000,Petrol,Manual,Second,14.53,14.53,5.2,TOYOTA,COROLLA ALTIS,1798.0
5802,2006,200000,Diesel,Manual,Second,16.8,16.8,1.85,HYUNDAI,VERNA CRDI,1493.0
5803,2013,100000,Diesel,Automatic,Second,11.3,11.3,38.0,MERCEDES-BENZ,GL-CLASS 350,2987.0
5804,2013,69140,Diesel,Manual,First,20.46,20.46,5.11,RENAULT,DUSTER 85PS,1461.0
5805,2019,21214,Petrol,Manual,First,15.41,15.41,9.66,SKODA,RAPID 1.6,1598.0
5806,2015,28000,Petrol,Manual,First,20.36,20.36,3.4,HYUNDAI,I10 SPORTZ,1197.0
5807,2017,29085,Petrol,Manual,First,18.15,18.15,5.84,MAHINDRA,KUV 100,1198.0
5808,2016,30000,Petrol,Automatic,First,23.1,23.1,3.8,MARUTI,CELERIO VXI,998.0
5809,2012,32910,Petrol,Automatic,First,16.98,16.98,2.5,MARUTI,A-STAR AT,998.0
5810,2015,30000,Diesel,Manual,First,25.1,25.1,6.95,HONDA,CITY I,1498.0
5811,2010,35102,Petrol,Automatic,First,12.6,12.6,5.5,SKODA,SUPERB 1.8,1798.0
5812,2017,22831,Petrol,Manual,First,18.9,18.9,6.19,HYUNDAI,GRAND I10,1197.0
5813,2013,74911,Diesel,Manual,First,20.45,20.45,6.0,RENAULT,DUSTER 85PS,1461.0
5814,2015,21000,Petrol,Manual,First,18.9,18.9,3.75,HYUNDAI,GRAND I10,1197.0
5815,2018,37160,Diesel,Manual,First,22.77,22.77,9.46,FORD,ECOSPORT 1.5,1498.0
5816,2011,41000,Petrol,Manual,Second,16.95,16.95,3.0,NISSAN,SUNNY 2011-2014,1498.0
5817,2016,37294,Diesel,Manual,First,25.83,25.83,5.75,FORD,FIGO ASPIRE,1498.0
5818,2009,56927,Petrol,Manual,First,13.5,13.5,4.41,HONDA,CIVIC 2006-2010,1799.0
5819,2017,21954,Petrol,Manual,First,25.17,25.17,3.7,RENAULT,KWID RXT,799.0
5820,2014,50000,Petrol,Manual,Second,19.4,19.4,2.5,HONDA,BRIO EX,1198.0
5821,2012,78212,Petrol,Manual,First,16.1,16.1,5.35,MARUTI,SWIFT ZXI,1298.0
5822,2013,64500,Diesel,Manual,First,21.9,21.9,3.65,HYUNDAI,I20 MAGNA,1396.0
5823,2014,51000,Diesel,Automatic,First,17.2,17.2,13.0,SKODA,SUPERB ELEGANCE,1968.0
5824,2012,52000,Petrol,Manual,First,18.9,18.9,2.45,MARUTI,WAGON R,998.0
5825,2015,120000,Diesel,Automatic,First,21.21,21.21,5.75,VOLKSWAGEN,VENTO 1.5,1498.0
5826,2017,65792,Diesel,Manual,First,26.0,26.0,8.11,HONDA,CITY I,1498.0
5827,2018,30000,Diesel,Manual,First,22.54,22.54,7.75,HYUNDAI,I20 1.4,1396.0
5828,2017,54387,Petrol,Automatic,First,19.15,19.15,5.85,NISSAN,MICRA XV,1198.0
5829,2018,1617,Petrol,Manual,First,25.17,25.17,4.29,RENAULT,KWID RXT,799.0
5830,2015,82000,Diesel,Manual,First,25.6,25.6,8.0,HONDA,CITY I-DTEC,1498.0
5831,2017,20000,Diesel,Manual,First,13.68,13.68,16.5,TOYOTA,INNOVA CRYSTA,2393.0
5832,2015,98000,Diesel,Manual,First,27.39,27.39,5.5,MARUTI,BALENO ALPHA,1248.0
5833,2015,57000,Diesel,Manual,First,22.77,22.77,6.35,FORD,ECOSPORT 1.5,1498.0
5834,2013,250000,Diesel,Manual,Second,12.99,12.99,7.9,TOYOTA,INNOVA 2.5,2494.0
5835,2014,56549,Diesel,Manual,First,22.7,22.7,7.2,FORD,ECOSPORT 1.5,1498.0
5836,2012,78500,Diesel,Manual,First,22.07,22.07,3.65,VOLKSWAGEN,POLO DIESEL,1199.0
5837,2016,55036,Diesel,Manual,First,22.54,22.54,6.35,HYUNDAI,I20 SPORTZ,1396.0
5838,2016,55000,Diesel,Manual,First,19.87,19.87,7.8,RENAULT,DUSTER 85PS,1461.0
5839,2007,90000,Petrol,Manual,Second,13.8,13.8,1.4,FORD,IKON 1.3,1299.0
5840,2007,155000,Diesel,Manual,First,13.1,13.1,5.5,FORD,ENDEAVOUR XLT,2499.0
5841,2018,17810,Diesel,Manual,First,27.39,27.39,8.5,MARUTI,BALENO DELTA,1248.0
5842,2011,42408,Diesel,Automatic,First,14.84,14.84,10.48,MERCEDES-BENZ,NEW C-CLASS,2143.0
5843,2005,81000,Petrol,Manual,Second,15.9,15.9,0.75,MARUTI,ESTEEM VXI,1298.0
5844,2008,52000,Petrol,Manual,Second,12.85,12.85,1.3,TATA,INDIGO XL,1396.0
5845,2013,35000,Diesel,Automatic,First,16.73,16.73,21.0,BMW,5 SERIES,2993.0
5846,2013,60000,Petrol,Manual,First,17.92,17.92,2.3,HYUNDAI,SANTRO XING,1086.0
5847,2015,27000,Diesel,Automatic,First,19.5,19.5,14.95,SKODA,OCTAVIA 2.0,1968.0
5848,2017,55975,Diesel,Automatic,Second,17.68,17.68,35.92,AUDI,A6 2011-2015,1968.0
5849,2016,115000,Diesel,Manual,First,25.83,25.83,4.5,FORD,FIGO 1.5D,1498.0
5850,2016,132000,Diesel,Manual,First,14.95,14.95,5.5,MAHINDRA,XYLO D4,2489.0
5851,2015,40337,Petrol,Automatic,First,23.1,23.1,4.45,MARUTI,CELERIO ZXI,998.0
5852,2008,192000,Diesel,Manual,First,12.8,12.8,6.85,TOYOTA,INNOVA 2.5,2494.0
5853,2016,50000,Diesel,Manual,First,24.0,24.0,5.5,HYUNDAI,GRAND I10,1120.0
5854,2016,28147,Petrol,Manual,First,18.9,18.9,5.07,HYUNDAI,GRAND I10,1197.0
5855,2015,20000,Petrol,Manual,First,18.9,18.9,3.85,HYUNDAI,GRAND I10,1197.0
5856,2016,11000,Petrol,Manual,First,18.6,18.6,7.95,HYUNDAI,ELITE I20,1197.0
5857,2009,63000,Petrol,Manual,Second,18.2,18.2,1.25,MARUTI,ZEN ESTILO,998.0
5858,2014,36967,Petrol,Manual,First,20.92,20.92,3.64,MARUTI,ALTO K10,998.0
5859,2016,73053,Diesel,Manual,First,13.0,13.0,20.0,TOYOTA,FORTUNER 4X2,2982.0
5860,2019,16392,Diesel,Manual,First,16.55,16.55,10.36,MAHINDRA,THAR CRDE,2498.0
5861,2007,79000,Petrol,Manual,First,17.0,17.0,1.85,HYUNDAI,SANTRO XING,1086.0
5862,2013,67000,Petrol,Manual,Second,16.78,16.78,4.05,TOYOTA,ETIOS G,1496.0
5863,2015,48600,Diesel,Automatic,First,12.0,12.0,48.5,MERCEDES-BENZ,GL-CLASS 2007,2987.0
5864,2014,70000,Diesel,Manual,First,19.6,19.6,8.25,RENAULT,DUSTER 110PS,1461.0
5865,2014,84000,Diesel,Manual,First,22.9,22.9,5.25,MARUTI,SWIFT VDI,1248.0
5866,2013,49106,Petrol,Manual,First,15.04,15.04,4.4,VOLKSWAGEN,VENTO MAGNIFIC,1598.0
5867,2017,35000,Diesel,Automatic,First,18.19,18.19,25.75,SKODA,SUPERB L&K,1968.0
5868,2014,51240,Diesel,Automatic,First,8.2,8.2,29.52,BMW,3 SERIES,2993.0
5869,2011,37000,Petrol,Manual,Second,18.9,18.9,2.1,MARUTI,WAGON R,998.0
5870,2017,32587,Petrol,Manual,First,25.17,25.17,3.71,RENAULT,KWID RXT,799.0
5871,2009,180000,Diesel,Manual,First,10.9,10.9,7.5,FORD,ENDEAVOUR 4X2,2499.0
5872,2017,21248,Diesel,Manual,First,24.3,24.3,9.44,MARUTI,VITARA BREZZA,1248.0
5873,2006,47200,Petrol,Manual,Second,17.0,17.0,1.2,HYUNDAI,SANTRO XING,1086.0
5874,2014,40000,Petrol,Automatic,First,10.5,10.5,24.0,MERCEDES-BENZ,E-CLASS 200,1796.0
5875,2019,4000,Diesel,Automatic,First,0.0,0.0,35.0,MERCEDES-BENZ,C-CLASS PROGRESSIVE,1950.0
5876,2017,23700,CNG,Manual,First,17.5,17.5,8.25,MARUTI,ERTIGA VXI,1373.0
5877,2011,57000,Diesel,Automatic,Second,16.55,16.55,9.75,AUDI,A4 2.0,1968.0
5878,2014,37000,Petrol,Manual,First,18.9,18.9,3.45,HYUNDAI,GRAND I10,1197.0
5879,2014,70000,Diesel,Manual,Second,13.5,13.5,11.85,MITSUBISHI,PAJERO SPORT,2477.0
5880,2012,92469,Diesel,Automatic,Second,19.71,19.71,16.14,MERCEDES-BENZ,NEW C-CLASS,2143.0
5881,2015,55000,CNG,Manual,First,26.6,26.6,3.7,MARUTI,WAGON R,998.0
5882,2017,20000,Petrol,Automatic,First,24.07,24.07,4.0,MARUTI,ALTO K10,998.0
5883,2015,42000,Petrol,Manual,Second,18.6,18.6,5.8,HYUNDAI,I20 SPORTZ,1197.0
5884,2014,28000,Diesel,Manual,First,23.4,23.4,4.65,MARUTI,SWIFT DZIRE,1248.0
5885,2010,93000,Petrol,Automatic,Second,11.8,11.8,15.0,MERCEDES-BENZ,R-CLASS R350,3498.0
5886,2015,23000,Petrol,Automatic,First,15.63,15.63,6.8,FORD,ECOSPORT 1.5,1499.0
5887,2016,36000,Diesel,Manual,First,25.1,25.1,10.25,HONDA,CITY I,1498.0
5888,2014,52000,Petrol,Manual,First,20.92,20.92,2.7,MARUTI,ALTO K10,998.0
5889,2015,59245,Diesel,Manual,First,20.77,20.77,8.5,MARUTI,ERTIGA ZDI,1248.0
5890,2018,31000,Diesel,Manual,First,22.54,22.54,7.75,HYUNDAI,I20 DIESEL,1396.0
5891,2015,83000,Petrol,Manual,First,15.64,15.64,2.7,TATA,INDIGO CS,1193.0
5892,2004,81500,Petrol,Manual,Second,19.7,19.7,1.3,MARUTI,ALTO STD,796.0
5893,2008,51000,Petrol,Manual,Second,19.5,19.5,1.75,MARUTI,ESTILO LXI,1061.0
5894,2018,9900,Petrol,Manual,First,15.8,15.8,13.2,HYUNDAI,CRETA 1.6,1591.0
5895,2004,94000,Petrol,Manual,Second,18.9,18.9,1.0,MARUTI,WAGON R,998.0
5896,2017,27100,Petrol,Manual,First,16.78,16.78,6.37,TOYOTA,ETIOS V,1496.0
5897,2015,12000,Petrol,Manual,First,16.78,16.78,4.5,TOYOTA,ETIOS V,1496.0
5898,2013,29000,Diesel,Manual,First,19.01,19.01,6.5,RENAULT,DUSTER 110PS,1461.0
5899,2013,65000,Diesel,Manual,Second,19.3,19.3,4.99,MARUTI,SWIFT DZIRE,1248.0
5900,2017,50794,Diesel,Automatic,First,17.9,17.9,43.3,MERCEDES-BENZ,GLC 220,2143.0
5901,2014,59000,Diesel,Manual,First,22.7,22.7,6.5,FORD,ECOSPORT 1.5,1498.0
5902,2012,72000,CNG,Manual,First,26.2,26.2,2.25,MARUTI,WAGON R,998.0
5903,2017,15234,Petrol,Automatic,First,19.12,19.12,9.95,MARUTI,CIAZ 1.4,1373.0
5904,2015,44000,Diesel,Manual,First,22.7,22.7,7.35,FORD,ECOSPORT 1.5,1498.0
5905,2016,125000,Diesel,Manual,First,22.95,22.95,4.6,TATA,ZEST QUADRAJET,1248.0
5906,2011,100000,Diesel,Automatic,First,11.4,11.4,8.5,FORD,ENDEAVOUR 3.0L,2953.0
5907,2017,34686,Diesel,Automatic,First,19.6,19.6,11.86,RENAULT,DUSTER 110PS,1461.0
5908,2011,98000,Diesel,Manual,First,14.42,14.42,8.0,NISSAN,X-TRAIL SLX,1995.0
5909,2015,90000,Diesel,Automatic,First,12.55,12.55,21.5,TOYOTA,FORTUNER 4X4,2982.0
5910,2007,81000,Petrol,Manual,First,15.26,15.26,1.3,CHEVROLET,AVEO U-VA,1150.0
5911,2012,55000,Diesel,Manual,First,20.5,20.5,5.9,SKODA,RAPID 1.6,1598.0
5912,2013,52910,Diesel,Manual,Second,15.1,15.1,9.5,MAHINDRA,XUV500 W8,2179.0
5913,2010,100000,Diesel,Manual,First,19.3,19.3,4.5,MARUTI,SWIFT DZIRE,1248.0
5914,2003,132000,Diesel,Manual,First,18.7,18.7,2.25,SKODA,OCTAVIA ELEGANCE,1896.0
5915,2014,18000,Petrol,Manual,First,13.7,13.7,3.35,CHEVROLET,ENJOY PETROL,1399.0
5916,2005,50000,Petrol,Manual,First,13.2,13.2,0.7,HYUNDAI,ACCENT GLE,1495.0
5917,2012,33000,Petrol,Automatic,First,14.74,14.74,16.0,MERCEDES-BENZ,NEW C-CLASS,1991.0
5918,2014,30000,Diesel,Manual,First,20.45,20.45,8.0,RENAULT,DUSTER 85PS,1461.0
5919,2015,8000,Petrol,Automatic,First,12.5,12.5,100.0,JAGUAR,F TYPE,5000.0
5920,2012,58646,Diesel,Manual,First,22.32,22.32,4.74,HYUNDAI,VERNA 1.6,1582.0
5921,2016,21000,Diesel,Automatic,First,13.0,13.0,36.0,MERCEDES-BENZ,E-CLASS 2015-2017,2143.0
5922,2015,57026,Petrol,Manual,First,15.04,15.04,5.54,VOLKSWAGEN,VENTO PETROL,1598.0
5923,2017,42000,Diesel,Automatic,First,18.19,18.19,22.99,SKODA,SUPERB STYLE,1968.0
5924,2017,26741,Diesel,Manual,First,15.4,15.4,10.08,MAHINDRA,SCORPIO 1.99,1997.0
5925,2010,85000,Petrol,Manual,First,17.5,17.5,2.85,SKODA,LAURA CLASSIC,1798.0
5926,2000,78000,Petrol,Manual,First,16.1,16.1,0.55,MARUTI,800 DX,796.0
5927,2018,29091,Diesel,Automatic,First,13.22,13.22,45.52,AUDI,Q5 3.0,2967.0
5928,2018,37323,Diesel,Manual,Second,17.45,17.45,7.29,MAHINDRA,NUVOSPORT N6,1493.0
5929,2011,55595,Diesel,Manual,Second,20.54,20.54,4.3,VOLKSWAGEN,VENTO DIESEL,1598.0
5930,2015,49900,Petrol,Manual,First,20.85,20.85,4.8,MARUTI,SWIFT DZIRE,1197.0
5931,2012,52500,Petrol,Manual,Second,16.02,16.02,5.25,MARUTI,ERTIGA VXI,1373.0
5932,2016,5700,Petrol,Manual,First,24.7,24.7,2.8,MARUTI,ALTO 800,796.0
5933,2014,53340,Diesel,Manual,First,21.9,21.9,4.35,HYUNDAI,I20 MAGNA,1396.0
5934,2014,57000,Diesel,Manual,First,22.7,22.7,5.49,FORD,ECOSPORT 1.5,1498.0
5935,2015,59525,CNG,Manual,Second,32.26,32.26,3.1,MARUTI,ALTO K10,998.0
5936,2014,58000,Diesel,Manual,First,20.34,20.34,6.5,VOLKSWAGEN,VENTO 1.5,1498.0
5937,2011,73000,Diesel,Manual,First,12.05,12.05,6.4,MAHINDRA,SCORPIO VLX,2179.0
5938,2016,33554,Diesel,Manual,First,25.83,25.83,6.22,FORD,FIGO ASPIRE,1498.0
5939,2012,106000,Diesel,Manual,First,12.99,12.99,8.4,TOYOTA,INNOVA 2.5,2494.0
5940,2018,27000,Diesel,Manual,First,28.4,28.4,5.9,MARUTI,DZIRE LDI,1248.0
5941,2018,1000,Petrol,Manual,First,25.17,25.17,3.4,RENAULT,KWID RXL,799.0
5942,2011,119000,Diesel,Manual,Third,13.1,13.1,6.5,FORD,ENDEAVOUR 2.5L,2499.0
5943,2002,75000,Diesel,Manual,First,0.0,0.0,1.7,MAHINDRA,JEEP MM,2112.0
5944,2015,64000,Petrol,Manual,First,18.88,18.88,6.0,FORD,ECOSPORT 1.0,999.0
5945,2016,63738,Diesel,Manual,First,19.67,19.67,11.9,HYUNDAI,CRETA 1.6,1582.0
5946,2016,16000,Diesel,Automatic,First,14.69,14.69,48.0,BMW,5 SERIES,2993.0
5947,2017,28000,Petrol,Automatic,First,18.69,18.69,8.0,MARUTI,ERTIGA VXI,1462.0
5948,2007,91000,Diesel,Automatic,Second,15.6,15.6,2.45,SKODA,LAURA L,1896.0
5949,2013,25000,Petrol,Manual,First,18.6,18.6,1.75,CHEVROLET,BEAT LS,1199.0
5950,2014,65630,Diesel,Automatic,First,15.73,15.73,21.75,AUDI,Q3 2.0,1968.0
5951,2014,48094,Petrol,Manual,First,17.0,17.0,7.25,HONDA,CITY 1.5,1497.0
5952,2009,90456,Petrol,Manual,Second,16.1,16.1,3.0,MARUTI,SWIFT LXI,1298.0
5953,2012,140000,Diesel,Manual,First,20.0,20.0,2.51,FORD,FIGO DIESEL,1399.0
5954,2015,95000,Diesel,Automatic,First,12.55,12.55,19.6,TOYOTA,FORTUNER 4X4,2982.0
5955,2013,79000,Diesel,Manual,Second,15.8,15.8,15.5,MERCEDES-BENZ,NEW C-CLASS,2148.0
5956,2012,96000,Diesel,Manual,First,12.99,12.99,11.5,TOYOTA,INNOVA 2.5,2494.0
5957,2004,186679,Petrol,Manual,Second,13.0,13.0,1.76,HONDA,CITY 1.5,1493.0
5958,2015,91000,Diesel,Manual,First,25.8,25.8,4.68,HONDA,AMAZE S,1498.0
5959,2010,109703,Petrol,Automatic,Second,14.28,14.28,4.0,TOYOTA,COROLLA ALTIS,1798.0
5960,2012,110000,Diesel,Manual,First,22.3,22.3,2.8,TATA,INDICA VISTA,1248.0
5961,2012,35000,Diesel,Manual,First,16.0,16.0,8.25,MAHINDRA,XUV500 W8,2179.0
5962,2010,47722,Diesel,Manual,First,21.1,21.1,1.7,MARUTI,RITZ VDI,1248.0
5963,2013,25000,Petrol,Automatic,First,14.74,14.74,14.85,MERCEDES-BENZ,NEW C-CLASS,1991.0
5964,2018,8000,Petrol,Automatic,First,17.0,17.0,12.85,HYUNDAI,VERNA VTVT,1591.0
5965,2012,65000,Diesel,Automatic,First,14.94,14.94,16.0,MERCEDES-BENZ,NEW C-CLASS,2143.0
5966,2018,1048,Petrol,Manual,First,18.9,18.9,4.7,MARUTI,WAGON R,998.0
5967,2014,42000,Petrol,Manual,Second,16.02,16.02,5.94,MARUTI,ERTIGA VXI,1373.0
5968,2013,55000,Diesel,Manual,First,20.5,20.5,8.0,SKODA,RAPID ULTIMA,1598.0
5969,2010,72000,Diesel,Manual,First,12.8,12.8,5.45,TOYOTA,INNOVA 2.5,2494.0
5970,2018,17773,Petrol,Automatic,First,13.7,13.7,26.76,MERCEDES-BENZ,GLA CLASS,1991.0
5971,2013,65000,Diesel,Manual,Second,20.14,20.14,3.5,VOLKSWAGEN,POLO 1.5,1498.0
5972,2008,65000,Petrol,Manual,Second,0.0,0.0,1.39,HYUNDAI,SANTRO XING,1086.0
5973,2013,53280,Diesel,Manual,First,22.32,22.32,4.7,HYUNDAI,VERNA 1.6,1582.0
5974,2016,34005,Petrol,Manual,First,17.0,17.0,5.75,VOLKSWAGEN,AMEO 1.2,1198.0
5975,2017,14618,Petrol,Manual,First,18.6,18.6,8.11,HYUNDAI,I20 ASTA,1197.0
5976,2006,65771,Petrol,Manual,Second,17.3,17.3,0.75,MARUTI,WAGON R,1061.0
5977,2006,78000,Petrol,Manual,Second,13.5,13.5,1.0,TATA,INDICA LEI,1405.0
5978,2016,105545,Diesel,Manual,First,14.0,14.0,5.3,MAHINDRA,XYLO D4,2498.0
5979,2017,25000,Diesel,Manual,First,12.4,12.4,8.0,ISUZU,D-MAX V-CROSS,2499.0
5980,2010,80561,Petrol,Manual,First,18.5,18.5,2.74,HYUNDAI,I20 2015-2017,1197.0
5981,2017,6000,Petrol,Manual,First,21.4,21.4,7.5,MARUTI,BALENO ALPHA,1197.0
5982,2016,39000,Diesel,Automatic,First,17.6,17.6,13.5,TATA,HEXA XTA,2179.0
5983,2011,55001,Petrol,Manual,First,16.47,16.47,2.2,VOLKSWAGEN,POLO PETROL,1198.0
5984,2012,63720,Petrol,Automatic,First,11.74,11.74,13.25,MERCEDES-BENZ,NEW C-CLASS,1796.0
5985,2013,70000,Diesel,Manual,First,23.59,23.59,3.88,TOYOTA,ETIOS GD,1364.0
5986,2005,100000,Petrol,Manual,Second,15.3,15.3,0.85,HYUNDAI,GETZ GLS,1341.0
5987,2017,15386,Petrol,Manual,First,23.84,23.84,5.11,TATA,TIAGO 1.2,1199.0
5988,2013,102486,Diesel,Manual,First,19.87,19.87,4.25,RENAULT,DUSTER 85PS,1461.0
5989,2013,58629,Diesel,Automatic,Second,18.25,18.25,16.52,AUDI,A4 35,1968.0
5990,2008,86000,Diesel,Manual,Third,13.93,13.93,0.6,TATA,NEW SAFARI,2179.0
5991,2012,68238,Diesel,Manual,First,22.9,22.9,4.8,MARUTI,SWIFT VDI,1248.0
5992,2011,42036,Petrol,Automatic,First,13.7,13.7,6.25,SKODA,SUPERB ELEGANCE,1798.0
5993,2014,55619,Petrol,Manual,First,16.3,16.3,8.3,HYUNDAI,ELANTRA SX,1797.0
5994,2009,60000,Petrol,Manual,Third,17.0,17.0,3.25,HONDA,CITY 1.5,1497.0
5995,2015,30000,Diesel,Manual,First,19.87,19.87,7.75,RENAULT,DUSTER 85PS,1461.0
5996,2016,31150,Diesel,Automatic,First,16.36,16.36,30.54,JAGUAR,XF 2.2,2179.0
5997,2010,70000,LPG,Manual,First,26.2,26.2,2.27,MARUTI,WAGON R,998.0
5998,2010,70290,Petrol,Manual,Second,17.24,17.24,2.96,VOLKSWAGEN,POLO IPL,1198.0
5999,2016,10000,Petrol,Manual,First,17.57,17.57,4.0,TATA,BOLT REVOTRON,1193.0
6000,2014,68010,Petrol,Manual,Second,18.5,18.5,5.25,HYUNDAI,I20 SPORTZ,1197.0
6001,2013,91903,Diesel,Automatic,First,17.68,17.68,17.56,AUDI,A6 2011-2015,1968.0
6002,2011,38000,Petrol,Manual,First,16.09,16.09,3.25,VOLKSWAGEN,VENTO 1.6,1598.0
6003,2015,67600,Petrol,Manual,First,23.1,23.1,4.0,MARUTI,CELERIO VXI,998.0
6004,2007,66800,Petrol,Manual,First,15.3,15.3,2.2,HYUNDAI,GETZ GLE,1341.0
6005,2016,37208,Diesel,Manual,First,24.3,24.3,7.43,MARUTI,VITARA BREZZA,1248.0
6006,2009,102002,Diesel,Automatic,First,8.7,8.7,10.75,MERCEDES-BENZ,M-CLASS ML,2987.0
6007,2011,68000,Diesel,Manual,First,19.3,19.3,2.75,MARUTI,SWIFT DZIRE,1248.0
6008,2013,40000,Diesel,Automatic,Second,17.85,17.85,45.0,PORSCHE,PANAMERA DIESEL,2967.0
6009,2015,33500,Petrol,Automatic,First,19.16,19.16,19.75,TOYOTA,CAMRY HYBRID,2494.0
6010,2013,33746,Petrol,Manual,First,18.5,18.5,3.2,HONDA,BRIO 1.2,1198.0
6011,2009,53000,Petrol,Automatic,First,0.0,0.0,4.75,SKODA,SUPERB 3.6,3597.0
6012,2011,45004,Diesel,Manual,First,12.8,12.8,9.48,TOYOTA,INNOVA 2.5,2494.0
6013,2015,70602,Diesel,Manual,First,25.8,25.8,4.83,HONDA,AMAZE VX,1498.0
6014,2014,27365,Diesel,Manual,First,28.4,28.4,4.75,MARUTI,SWIFT VDI,1248.0
6015,2015,100000,Diesel,Manual,First,24.4,24.4,4.0,HYUNDAI,XCENT 1.1,1120.0
6016,2012,55000,Diesel,Manual,Second,14.0,14.0,2.9,MAHINDRA,XYLO D4,2498.0
6017,2013,46000,Petrol,Manual,First,18.9,18.9,2.65,MARUTI,WAGON R,998.0
6018,2011,47000,Diesel,Manual,First,25.44,25.44,2.5,CHEVROLET,BEAT DIESEL,936.0
