,Year,Kilometers_Driven,Fuel_Type,Transmission,Owner_Type,Mileage,Engine,Power,Seats,Price,brand,model
0,2010,72000,CNG,Manual,First,26.6,998,58.16,5.0,1.75,MARUTI,WAGON R LXI CNG
1,2015,41000,Diesel,Manual,First,19.67,1582,126.2,5.0,12.5,HYUNDAI,CRETA 1.6 CRDI SX OPTION
2,2011,46000,Petrol,Manual,First,18.2,1199,88.7,5.0,4.5,HONDA,JAZZ V
3,2012,87000,Diesel,Manual,First,20.77,1248,88.76,7.0,6.0,MARUTI,ERTIGA VDI
4,2013,40670,Diesel,Automatic,Second,15.2,1968,140.8,5.0,17.74,AUDI,A4 NEW 2.0 TDI MULTITRONIC
5,2012,75000,LPG,Manual,First,21.1,814,55.2,5.0,2.35,HYUNDAI,EON LPG ERA PLUS OPTION
6,2013,86999,Diesel,Manual,First,23.08,1461,63.1,5.0,3.5,NISSAN,MICRA DIESEL XV
7,2016,36000,Diesel,Automatic,First,11.36,2755,171.5,8.0,17.5,TOYOTA,INNOVA CRYSTA 2.8 GX AT 8S
8,2013,64430,Diesel,Manual,First,20.54,1598,103.6,5.0,5.2,VOLKSWAGEN,VENTO DIESEL COMFORTLINE
9,2012,65932,Diesel,Manual,Second,22.3,1248,74,5.0,1.95,TATA,INDICA VISTA QUADRAJET LS
10,2018,25692,Petrol,Manual,First,21.56,1462,103.25,5.0,9.95,MARUTI,CIAZ ZETA
11,2012,60000,Petrol,Automatic,First,16.8,1497,116.3,5.0,4.49,HONDA,CITY 1.5 V AT SUNROOF
12,2015,64424,Diesel,Manual,First,25.2,1248,74,5.0,5.6,MARUTI,SWIFT VDI BSIV
13,2014,72000,Diesel,Automatic,First,12.7,2179,187.7,5.0,27.0,LAND,ROVER RANGE ROVER 2.2L PURE
14,2012,85000,Diesel,Automatic,Second,0.0,2179,115,5.0,17.5,LAND,ROVER FREELANDER 2 TD4 SE
15,2014,110000,Diesel,Manual,First,13.5,2477,175.56,7.0,15.0,MITSUBISHI,PAJERO SPORT 4X4
16,2016,58950,Diesel,Manual,First,25.8,1498,98.6,5.0,5.4,HONDA,AMAZE S I-DTECH
17,2017,25000,Diesel,Manual,First,28.4,1248,74,5.0,5.99,MARUTI,SWIFT DDIS VDI
18,2014,77469,Diesel,Manual,First,20.45,1461,83.8,5.0,6.34,RENAULT,DUSTER 85PS DIESEL RXL PLUS
19,2014,78500,Diesel,Automatic,First,14.84,2143,167.62,5.0,28.0,MERCEDES-BENZ,NEW C-CLASS C 220 CDI BE AVANTGARE
20,2014,32982,Diesel,Automatic,First,22.69,1995,190,5.0,18.55,BMW,3 SERIES 320D
21,2015,55392,Diesel,Manual,Second,23.65,1248,88.5,5.0,8.25,MARUTI,S CROSS DDIS 200 ALPHA
22,2015,55985,Petrol,Automatic,First,13.53,1984,177.01,5.0,23.5,AUDI,A6 2011-2015 35 TFSI TECHNOLOGY
23,2010,45807,Petrol,Manual,First,18.5,1197,80,5.0,1.87,HYUNDAI,I20 1.2 MAGNA
24,2010,33000,Petrol,Automatic,First,14.4,1598,103.6,5.0,2.85,VOLKSWAGEN,VENTO PETROL HIGHLINE AT
25,2012,51920,Petrol,Manual,First,16.8,1497,116.3,5.0,4.25,HONDA,CITY CORPORATE EDITION
26,2012,54000,Diesel,Manual,First,23.08,1461,63.1,5.0,4.25,NISSAN,MICRA DIESEL XV
27,2013,54000,Petrol,Manual,Second,20.92,998,67.1,5.0,2.75,MARUTI,ALTO K10 2010-2014 VXI
28,2018,37430,Petrol,Manual,First,17.5,1199,88.7,5.0,9.9,HONDA,WRV I-VTEC VX
29,2007,262000,Diesel,Manual,Fourth & Above,12.8,2494,102,7.0,4.0,TOYOTA,INNOVA 2.5 V DIESEL 7-SEATER
30,2013,62000,Diesel,Manual,First,19.01,1461,108.45,5.0,7.75,RENAULT,DUSTER 110PS DIESEL RXZ PACK
31,2012,87615,Petrol,Manual,First,14.53,1798,138.1,5.0,6.75,TOYOTA,COROLLA ALTIS G
32,2013,72000,Diesel,Automatic,Second,11.18,2696,184,7.0,12.5,MAHINDRA,SSANGYONG REXTON RX7
33,2010,35000,Diesel,Automatic,First,12.4,2698,179.5,5.0,11.5,AUDI,A6 2.7 TDI
34,2014,55431,Petrol,Manual,Second,16.09,1598,103.5,5.0,6.98,VOLKSWAGEN,VENTO 1.6 HIGHLINE
35,2009,83816,Petrol,Manual,Second,14.0,1061,64,5.0,1.85,MARUTI,WAGON R LXI BSIII
36,2018,50075,Diesel,Manual,First,24.3,1248,88.5,5.0,8.63,MARUTI,VITARA BREZZA ZDI PLUS
37,2017,52000,Petrol,Manual,First,18.15,1198,82,5.0,4.85,MAHINDRA,KUV 100 MFALCON G80 K6 5STR AW
38,2013,85000,Diesel,Automatic,First,11.74,2987,254.8,5.0,28.0,MERCEDES-BENZ,M-CLASS ML 350 CDI
39,2013,62000,Diesel,Manual,First,22.07,1199,73.9,5.0,5.0,VOLKSWAGEN,POLO DIESEL TRENDLINE 1.2L
40,2008,90000,Petrol,Manual,Second,19.7,796,46.3,5.0,1.25,MARUTI,ALTO LXI
41,2014,19698,Petrol,Manual,First,25.4,624,37.5,4.0,1.53,TATA,NANO LX SE
42,2017,22033,Diesel,Manual,First,25.32,1198,77,6.0,5.58,MAHINDRA,KUV 100 MFALCON D75 K8 DUAL TONE
43,2014,35487,Petrol,Manual,First,18.5,1197,82.9,5.0,4.74,HYUNDAI,I20 MAGNA OPTIONAL 1.2
44,2014,46374,Petrol,Automatic,First,14.62,1999,149.92,5.0,8.85,HYUNDAI,ELANTRA 2.0 SX OPTION AT
45,2016,52001,Petrol,Automatic,First,14.28,1798,138.03,5.0,10.11,TOYOTA,COROLLA ALTIS G AT
46,2008,58005,Diesel,Manual,Second,14.9,1991,112.2,5.0,4.25,HYUNDAI,ELANTRA CRDI
47,2012,70704,Petrol,Manual,First,11.25,2694,163.7,7.0,10.95,TOYOTA,INNOVA CRYSTA 2.7 GX MT
48,2014,75000,Diesel,Manual,First,24.4,1120,71,5.0,3.85,HYUNDAI,XCENT 1.1 CRDI S
49,2012,75800,Diesel,Manual,Second,16.55,2498,105,6.0,5.5,MAHINDRA,THAR CRDE AC
50,2015,13648,Diesel,Automatic,First,17.11,1968,174.33,5.0,21.43,AUDI,A4 2.0 TDI 177 BHP PREMIUM PLUS
51,2014,52000,Diesel,Manual,First,22.9,1248,74,5.0,4.25,MARUTI,SWIFT LDI
52,2014,53000,Diesel,Manual,First,17.8,1248,75,5.0,3.3,MARUTI,SWIFT LDI BSIV
53,2013,65650,Diesel,Manual,First,28.4,1248,74,5.0,3.85,MARUTI,SWIFT VDI
54,2015,54000,Petrol,Manual,Third,18.9,1197,82,5.0,3.6,HYUNDAI,GRAND I10 SPORTZ
55,2015,39000,Petrol,Manual,First,15.04,1598,103.2,5.0,3.99,VOLKSWAGEN,VENTO 2013-2015 1.6 COMFORTLINE
56,2017,16542,Petrol,Manual,First,25.17,799,53.3,5.0,3.3,RENAULT,KWID RXT
57,2010,32000,Petrol,Manual,First,20.36,1197,78.9,5.0,2.07,HYUNDAI,I10 ASTA
58,2010,121812,Diesel,Automatic,First,13.29,1995,147.6,5.0,7.75,NISSAN,X-TRAIL SLX AT
59,2010,39300,Petrol,Manual,First,18.2,998,67.1,5.0,2.25,MARUTI,ZEN ESTILO VXI BSIII
60,2017,22000,Diesel,Manual,First,13.68,2393,147.8,8.0,16.5,TOYOTA,INNOVA CRYSTA 2.4 GX MT 8S
61,2010,72000,Diesel,Manual,First,20.0,1399,68,5.0,2.75,FORD,FIGO DIESEL TITANIUM
62,2015,58000,Petrol,Automatic,First,11.74,1796,186,5.0,26.7,MERCEDES-BENZ,NEW C-CLASS C 200 CGI AVANTGARDE
63,2011,65000,Diesel,Manual,Second,15.8,2148,170,5.0,10.0,MERCEDES-BENZ,NEW C-CLASS 200 CDI CLASSIC
64,2016,178000,Diesel,Manual,First,25.0,1396,69,5.0,2.5,TATA,INDICA V2 ELS
65,2012,65664,Diesel,Automatic,First,16.55,1968,140,5.0,13.5,AUDI,A4 2.0 TDI MULTITRONIC
66,2007,63000,Petrol,Automatic,Second,16.4,1497,78,5.0,1.85,HONDA,CITY ZX CVT
67,2019,15369,Diesel,Automatic,First,0.0,1950,194,5.0,35.67,MERCEDES-BENZ,C-CLASS PROGRESSIVE C 220D
68,2016,63000,Diesel,Manual,First,24.52,1248,88.5,7.0,8.15,MARUTI,ERTIGA SHVS VDI
69,2018,13000,Diesel,Manual,First,22.1,1396,88.7,5.0,10.5,HYUNDAI,CRETA 1.4 E PLUS DIESEL
70,2008,73000,Petrol,Automatic,First,8.5,4806,500,5.0,14.5,PORSCHE,CAYENNE 2009-2014 TURBO
71,2015,55729,Diesel,Manual,First,15.1,2179,140,7.0,9.65,MAHINDRA,XUV500 W8 4WD
72,2012,45178,Petrol,Automatic,First,16.95,1197,78.9,5.0,3.48,HYUNDAI,I10 SPORTZ 1.2 AT
73,2015,56066,Diesel,Manual,First,19.64,1461,108.5,5.0,6.92,NISSAN,TERRANO XV D PRE
74,2016,37300,Petrol,Automatic,Second,16.5,1198,86.8,5.0,6.46,HONDA,BRIO VX AT
75,2014,56000,Diesel,Automatic,Second,18.53,1968,187.74,5.0,29.5,AUDI,A6 2.0 TDI DESIGN EDITION
76,2008,111111,Diesel,Manual,First,17.8,1399,,5.0,2.0,FORD,FIESTA 1.4 SXI TDCI
77,2006,230000,Petrol,Manual,Third,12.4,1998,132,8.0,4.5,TOYOTA,INNOVA 2.0 G1
78,2012,104000,Diesel,Manual,First,12.8,2494,102,7.0,11.75,TOYOTA,INNOVA 2.5 VX 7 STR BSIV
79,2005,87591,Petrol,Manual,First,0.0,1086,,5.0,1.3,HYUNDAI,SANTRO XING XL
80,2012,95100,Diesel,Manual,First,22.9,1248,74,5.0,3.75,MARUTI,SWIFT VDI
81,2017,70000,Petrol,Manual,First,17.57,1193,88.7,5.0,4.5,TATA,ZEST REVOTRON 1.2T XE
82,2016,54944,Petrol,Manual,First,18.0,1198,86.7,5.0,4.82,HONDA,AMAZE SX I-VTEC
83,2012,70337,Diesel,Manual,First,20.0,1399,68,5.0,2.8,FORD,FIGO DIESEL ZXI
84,2013,99638,Diesel,Manual,First,23.2,1248,73.94,5.0,3.11,MARUTI,RITZ VDI
85,2009,52000,Petrol,Manual,First,17.8,1497,117.3,5.0,3.25,HONDA,CITY I VTEC E
86,2011,75000,Diesel,Automatic,Second,16.73,1995,218,5.0,13.9,BMW,5 SERIES 2003-2012 525D
87,2009,95980,Petrol,Manual,First,20.36,1197,78.9,5.0,2.25,HYUNDAI,I10 SPORTZ 1.2
88,2016,16000,Petrol,Manual,First,18.9,1197,82,5.0,5.75,HYUNDAI,GRAND I10 SPORTZ
89,2007,73745,Petrol,Manual,First,17.0,1086,,5.0,2.1,HYUNDAI,SANTRO XING XO
90,2016,18949,Petrol,Manual,First,17.8,1198,86.7,5.0,5.0,HONDA,AMAZE SX I-VTEC
91,2014,107000,Diesel,Manual,First,13.0,2982,168.5,7.0,16.5,TOYOTA,FORTUNER 4X2 MANUAL
92,2018,48367,Diesel,Automatic,First,17.68,1968,174.33,5.0,39.58,AUDI,A6 2011-2015 35 TDI PREMIUM
93,2013,57000,Diesel,Manual,First,22.7,1498,89.84,5.0,5.5,FORD,ECOSPORT 1.5 DV5 MT TITANIUM OPTIONAL
94,2014,58000,Diesel,Manual,First,15.1,2179,140,7.0,8.1,MAHINDRA,XUV500 W8 2WD
95,2015,30000,Diesel,Manual,First,25.8,1498,98.6,5.0,3.5,HONDA,AMAZE SX I-DTEC
96,2013,34212,Diesel,Manual,First,22.07,1199,73.9,5.0,2.79,VOLKSWAGEN,POLO DIESEL HIGHLINE 1.2L
97,2010,70002,Diesel,Manual,First,16.2,1493,110,5.0,3.45,HYUNDAI,VERNA TRANSFORM SX VGT CRDI
98,2016,62000,Petrol,Manual,First,18.9,998,67.1,5.0,4.45,MARUTI,WAGON R VXI BS IV
99,2010,62001,Petrol,Manual,First,15.26,1598,103.5,5.0,2.65,VOLKSWAGEN,POLO PETROL HIGHLINE 1.6L
100,2011,78958,Diesel,Manual,Second,23.0,1396,90,5.0,3.8,HYUNDAI,I20 1.4 CRDI SPORTZ
101,2014,30180,Petrol,Manual,First,18.5,1197,82.85,5.0,4.65,HYUNDAI,I20 ASTA 1.2
102,2017,32851,Petrol,Manual,First,19.83,1198,67,7.0,3.95,DATSUN,GO PLUS T PETROL
103,2010,30000,Diesel,Automatic,First,14.94,2967,241.4,5.0,9.8,AUDI,A4 3.0 TDI QUATTRO PREMIUM
104,2009,66000,Petrol,Manual,Second,17.0,1197,80,5.0,2.7,HYUNDAI,I20 2015-2017 ASTA
105,2010,93850,Petrol,Manual,First,14.0,796,35,5.0,2.41,MARUTI,OMNI 5 STR STD
106,2014,53000,Petrol,Manual,First,17.71,1197,78.9,5.0,3.9,TOYOTA,ETIOS LIVA 1.2 G
107,2011,78000,Diesel,Automatic,Second,14.74,2993,270.9,5.0,24.0,JAGUAR,XF 3.0 LITRE S PREMIUM LUXURY
108,2012,65000,Diesel,Manual,Second,16.0,2179,140,7.0,5.75,MAHINDRA,XUV500 W8 2WD
109,2014,40000,Diesel,Automatic,First,22.32,1582,126.32,5.0,5.25,HYUNDAI,VERNA 1.6 SX CRDI (O) AT
110,2017,30000,Diesel,Automatic,First,11.36,2755,171.5,7.0,19.25,TOYOTA,INNOVA CRYSTA 2.8 ZX AT
111,2017,38053,Petrol,Manual,First,15.1,1196,73,5.0,3.91,MARUTI,EECO 5 SEATER AC
112,2014,25500,Petrol,Manual,First,25.4,624,37.5,4.0,2.15,TATA,NANO TWIST XT
113,2015,56087,Diesel,Automatic,First,22.69,1995,190,5.0,20.75,BMW,3 SERIES 320D LUXURY LINE
114,2010,71088,Petrol,Manual,First,13.5,1799,130,5.0,3.35,HONDA,CIVIC 2006-2010 1.8 V MT
115,2014,55000,Diesel,Manual,First,12.99,2494,100.6,7.0,11.11,TOYOTA,INNOVA 2.5 VX (DIESEL) 7 SEATER
116,2014,32700,Diesel,Automatic,First,23.3,1984,150,5.0,20.0,VOLVO,V40 CROSS COUNTRY D3
117,2016,39882,Petrol,Automatic,First,19.15,1198,75.94,5.0,6.55,NISSAN,MICRA XV CVT
118,2009,128000,Petrol,Automatic,First,10.8,2497,215,5.0,7.0,BMW,5 SERIES 2010-2013 525I
119,2016,55000,Diesel,Manual,First,24.3,1248,88.5,5.0,7.5,MARUTI,VITARA BREZZA VDI
120,2005,102000,Petrol,Manual,Second,17.0,1086,,5.0,0.85,HYUNDAI,SANTRO XING XL ERLX EURO III
121,2014,53753,Diesel,Automatic,Second,15.0,2143,107.3,5.0,16.75,MERCEDES-BENZ,B CLASS B200 CDI
122,2018,10250,Diesel,Manual,First,22.0,1582,126.2,5.0,10.95,HYUNDAI,VERNA CRDI 1.6 SX OPTION
123,2011,43874,Petrol,Manual,First,18.9,998,67.1,5.0,2.45,MARUTI,WAGON R LXI BS IV
124,2017,32684,Petrol,Automatic,First,21.9,624,37.48,4.0,3.23,TATA,NANO XTA
125,2014,42000,Diesel,Manual,First,12.05,2179,120,8.0,7.75,MAHINDRA,SCORPIO VLX
126,2009,28352,Petrol,Automatic,First,11.7,1796,178,5.0,9.35,MERCEDES-BENZ,NEW C-CLASS 200 K AT
127,2013,89900,CNG,Manual,First,26.6,998,58.16,5.0,3.25,MARUTI,WAGON R LXI CNG
128,2007,47700,Petrol,Manual,Second,10.8,2354,152,5.0,5.25,HONDA,CR-V 2.4 MT
129,2015,55000,Diesel,Automatic,First,21.21,1498,103.2,5.0,7.25,VOLKSWAGEN,VENTO 1.5 TDI COMFORTLINE AT
130,2017,44285,Petrol,Manual,First,20.73,1373,91.1,5.0,7.47,MARUTI,CIAZ VXI PLUS
131,2016,54000,Diesel,Automatic,First,16.0,2179,140,7.0,13.25,MAHINDRA,XUV500 AT W10 FWD
132,2016,30232,Petrol,Manual,First,21.1,1197,85.80,5.0,5.81,MARUTI,RITZ VXI ABS
133,2014,88500,Petrol,Manual,First,24.07,998,67.1,5.0,2.6,MARUTI,ALTO K10 VXI
134,2017,13372,Petrol,Automatic,First,19.0,2996,362.07,2.0,54.0,MERCEDES-BENZ,SLC 43 AMG
135,2019,12645,Petrol,Automatic,First,17.0,1591,121.3,5.0,11.5,HYUNDAI,VERNA VTVT 1.6 AT SX PLUS
136,2010,94385,Petrol,Manual,Second,19.7,796,46.3,5.0,1.6,MARUTI,ALTO LXI BSIII
137,2015,31821,Diesel,Automatic,First,20.58,1995,143,5.0,17.22,BMW,1 SERIES 118D BASE
138,2015,12000,Petrol,Automatic,First,19.0,1199,88.7,5.0,6.0,HONDA,JAZZ 1.2 V CVT I VTEC
139,2012,88578,Petrol,Manual,First,13.5,1799,130,5.0,3.95,HONDA,CIVIC 2006-2010 1.8 V MT
140,2014,44965,Diesel,Automatic,First,19.27,2143,170,5.0,17.95,MERCEDES-BENZ,NEW C-CLASS C 220 CDI AVANTGARDE
141,2014,45044,Diesel,Manual,First,25.8,1498,98.6,5.0,3.7,HONDA,AMAZE SX I-DTEC
142,2016,34204,Petrol,Manual,First,22.0,1197,81.80,5.0,5.43,MARUTI,SWIFT VVT VXI
143,2008,80759,Petrol,Manual,Third,17.0,1086,,5.0,1.67,HYUNDAI,SANTRO XING XO ERLX EURO II
144,2012,91235,Diesel,Manual,First,11.5,2982,171,7.0,13.49,TOYOTA,FORTUNER 3.0 DIESEL
145,2014,38800,Petrol,Manual,First,18.6,1199,76.8,5.0,2.85,CHEVROLET,BEAT LT OPTION
146,2013,83000,Diesel,Manual,First,21.14,1498,103.52,5.0,4.75,SKODA,RAPID 1.5 TDI ELEGANCE
147,2018,41283,Petrol,Manual,First,20.73,1373,91.1,5.0,9.9,MARUTI,CIAZ 1.4 ALPHA
148,2013,23000,Petrol,Automatic,First,11.05,2894,444,4.0,37.0,AUDI,RS5 COUPE
149,2014,48000,Diesel,Automatic,First,21.76,1995,190,5.0,26.5,BMW,3 SERIES LUXURY LINE
150,2015,48214,Diesel,Automatic,First,17.11,1968,174.33,5.0,23.32,AUDI,A4 2.0 TDI 177 BHP PREMIUM PLUS
151,2016,35000,Diesel,Manual,First,22.9,1248,74,5.0,6.25,MARUTI,SWIFT VDI
152,2010,35277,Petrol,Automatic,First,7.81,5461,362.9,5.0,30.0,MERCEDES-BENZ,S CLASS 2005 2013 S 500
153,2016,54620,Diesel,Automatic,First,21.66,1498,103.52,5.0,9.86,SKODA,RAPID 1.5 TDI AT ELEGANCE PLUS BLACK PACKAGE
154,2012,136997,Diesel,Automatic,First,17.2,1968,138.1,5.0,8.5,SKODA,SUPERB ELEGANCE 2.0 TDI CR AT
155,2019,14322,Petrol,Manual,First,21.1,814,55.2,5.0,4.23,HYUNDAI,EON MAGNA PLUS
156,2012,65634,Diesel,Manual,First,22.07,1199,73.9,5.0,3.5,VOLKSWAGEN,POLO DIESEL TRENDLINE 1.2L
157,2016,6000,Petrol,Manual,First,20.63,1198,67.06,5.0,2.5,DATSUN,GO NXT
158,2013,33280,Petrol,Manual,First,19.4,1198,86.8,5.0,2.39,HONDA,BRIO S MT
159,2013,29000,Petrol,Automatic,First,14.8,1595,120.7,5.0,11.25,MERCEDES-BENZ,B CLASS B180
160,2015,42831,Diesel,Manual,First,26.0,1498,98.6,5.0,7.11,HONDA,CITY I DTEC V
161,2016,90000,Diesel,Manual,First,12.99,2494,100.6,7.0,10.9,TOYOTA,INNOVA 2.5 G (DIESEL) 7 SEATER
162,2017,24005,Petrol,Manual,First,20.4,1197,81.80,5.0,6.2,MARUTI,SWIFT VXI OPTIONAL
163,2012,32792,Diesel,Manual,First,15.1,2179,140,7.0,7.9,MAHINDRA,XUV500 W8 2WD
164,2014,147898,Diesel,Manual,First,22.7,1498,89.84,5.0,4.42,FORD,ECOSPORT 1.5 DV5 MT AMBIENTE
165,2012,131765,Diesel,Manual,First,13.0,2982,168.5,7.0,13.5,TOYOTA,FORTUNER 4X2 MANUAL
166,2013,65000,Diesel,Automatic,First,21.5,1498,108.5,5.0,6.25,VOLKSWAGEN,VENTO 1.5 HIGHLINE PLUS AT 16 ALLOY
167,2010,66123,Diesel,Manual,Second,20.0,1399,68,5.0,2.1,FORD,FIGO DIESEL TITANIUM
168,2015,41000,Diesel,Automatic,First,15.3,2993,258,5.0,45.0,BMW,X5 XDRIVE 30D
169,2017,23550,Diesel,Automatic,First,19.27,2143,167.62,5.0,33.66,MERCEDES-BENZ,NEW C-CLASS C 220 CDI STYLE
170,2012,45000,Petrol,Manual,Second,19.4,1198,86.8,5.0,3.65,HONDA,BRIO V MT
171,2013,60000,Petrol,Manual,First,20.36,1197,78.9,5.0,2.75,HYUNDAI,I10 MAGNA 1.2
172,2016,44414,Diesel,Automatic,First,17.9,2143,170,5.0,42.5,MERCEDES-BENZ,GLC 220
173,2019,1000,Petrol,Manual,First,18.9,1197,81.86,5.0,6.5,HYUNDAI,GRAND I10 1.2 KAPPA ASTA
174,2012,62500,Diesel,Automatic,Second,17.68,1968,174.33,5.0,19.0,AUDI,A6 2011-2015 2.0 TDI PREMIUM PLUS
175,2013,21000,Petrol,Automatic,Second,14.4,1598,103.6,5.0,4.45,VOLKSWAGEN,VENTO PETROL HIGHLINE AT
176,2017,8525,Diesel,Automatic,Second,16.6,1998,112,5.0,23.0,MINI,COUNTRYMAN COOPER D
177,2014,29000,Diesel,Manual,First,22.54,1396,88.73,5.0,8.35,HYUNDAI,I20 ASTA 1.4 CRDI
178,2014,40000,Diesel,Automatic,First,17.68,1968,174.33,5.0,22.95,AUDI,A6 2011-2015 2.0 TDI PREMIUM PLUS
179,2012,88000,Diesel,Manual,First,25.44,936,57.6,5.0,1.5,CHEVROLET,BEAT DIESEL LT
180,2012,53537,Petrol,Automatic,First,13.7,1798,157.75,5.0,6.89,SKODA,SUPERB ELEGANCE 1.8 TSI AT
181,2006,216000,Diesel,Manual,Second,17.8,1399,68,5.0,1.45,FORD,FIESTA 1.4 TDCI EXI LIMITED EDITION
182,2014,51000,Diesel,Automatic,First,22.48,1995,190,5.0,33.5,BMW,5 SERIES 520D LUXURY LINE
183,2007,118500,Petrol,Manual,First,12.9,1598,102.5,5.0,1.25,CHEVROLET,OPTRA MAGNUM 1.6 LS BS3
184,2012,63000,Diesel,Manual,First,22.07,1199,73.9,5.0,4.2,VOLKSWAGEN,POLO DIESEL HIGHLINE 1.2L
185,2015,25000,Diesel,Manual,First,19.98,1461,108.5,8.0,6.75,RENAULT,LODGY 110PS RXZ 8 SEATER
186,2014,37382,Diesel,Automatic,First,13.0,2143,201.1,5.0,32.0,MERCEDES-BENZ,E-CLASS E250 CDI AVANTGRADE
187,2017,24773,Petrol,Manual,First,21.4,1197,83.1,5.0,7.5,MARUTI,BALENO ALPHA
188,2012,62000,Diesel,Manual,First,22.32,1582,126.32,5.0,4.6,HYUNDAI,VERNA 1.6 SX
189,2017,52340,Petrol,Manual,First,19.81,1086,68.05,5.0,4.04,HYUNDAI,I10 MAGNA 1.1
190,2016,56739,Diesel,Manual,First,15.4,1997,120,7.0,10.31,MAHINDRA,SCORPIO 1.99 S10 4WD
191,2018,36091,Diesel,Automatic,First,12.7,2179,187.7,5.0,55.76,LAND,ROVER RANGE ROVER 2.2L DYNAMIC
192,2010,120000,Diesel,Manual,First,20.0,1399,68,5.0,2.6,FORD,FIGO DIESEL ZXI
193,2016,33000,Diesel,Manual,First,25.47,1248,88.50,7.0,8.5,MARUTI,ERTIGA ZDI
194,2007,60006,Petrol,Manual,First,0.0,,,,2.95,HONDA,CITY 1.5 GXI
195,2014,52000,Diesel,Manual,First,25.8,1498,98.6,5.0,3.5,HONDA,AMAZE S I-DTECH
196,2015,43571,Petrol,Manual,First,20.36,1197,78.9,5.0,3.55,HYUNDAI,I10 MAGNA
197,2013,50000,Diesel,Manual,First,25.8,1498,98.6,5.0,3.25,HONDA,AMAZE S I-DTECH
198,2008,113000,Diesel,Manual,First,17.5,1896,106,5.0,4.5,SKODA,LAURA AMBIENTE
199,2014,90000,Diesel,Manual,First,19.87,1461,83.8,5.0,5.35,RENAULT,DUSTER 85PS DIESEL RXL
200,2017,29000,Diesel,Manual,Second,17.45,1493,100,7.0,6.5,MAHINDRA,NUVOSPORT N6
201,2016,20000,Diesel,Manual,First,24.3,1248,88.5,5.0,9.0,MARUTI,VITARA BREZZA ZDI PLUS DUAL TONE
202,2016,61012,Petrol,Manual,First,18.6,1197,81.83,5.0,6.0,HYUNDAI,I20 ASTA OPTION 1.2
203,2009,87459,Petrol,Manual,First,14.7,1390,85,5.0,2.75,SKODA,FABIA 1.4 MPI AMBIENTE
204,2010,70500,Petrol,Manual,First,15.64,1193,64.1,5.0,1.5,TATA,INDIGO ECS GLX
205,2015,64103,Diesel,Automatic,First,15.73,1968,174.33,5.0,19.9,AUDI,Q3 2012-2015 35 TDI QUATTRO PREMIUM PLUS
206,2014,76000,Petrol,Automatic,First,14.7,1798,177.5,5.0,10.0,SKODA,OCTAVIA ELEGANCE 1.8 TSI AT
207,2014,104000,Diesel,Manual,First,23.59,1364,67.06,5.0,3.0,TOYOTA,ETIOS LIVA GD SP
208,2010,42001,Petrol,Manual,First,16.1,,,,2.11,MARUTI,SWIFT 1.3 VXI
209,2014,37245,Petrol,Automatic,First,14.8,1595,120.7,5.0,11.96,MERCEDES-BENZ,B CLASS B180
210,2013,45000,Diesel,Manual,First,27.4,1498,98.6,5.0,3.25,HONDA,AMAZE S DIESEL
211,2012,117837,Diesel,Manual,Second,22.32,1582,126.32,5.0,4.75,HYUNDAI,VERNA 1.6 SX
212,2014,30000,Diesel,Manual,First,20.46,1461,83.8,5.0,5.95,RENAULT,DUSTER 85PS DIESEL RXL OPTIONAL
213,2015,27057,Petrol,Manual,Second,15.29,1591,121.3,5.0,8.15,HYUNDAI,CRETA 1.6 VTVT S
214,2016,8500,Petrol,Automatic,First,20.51,998,67,5.0,4.22,MARUTI,WAGON R AMT VXI
215,2010,30500,Petrol,Automatic,First,11.74,1796,186,5.0,10.5,MERCEDES-BENZ,NEW C-CLASS C250 AVANTGARDE
216,2012,56000,Diesel,Automatic,First,11.8,2967,246.7,5.0,45.0,AUDI,A8 L 3.0 TDI QUATTRO
217,2012,44000,Petrol,Manual,Second,19.81,1086,68.05,5.0,2.9,HYUNDAI,I10 MAGNA 1.1
218,2017,10500,Petrol,Automatic,First,14.3,1598,103.52,5.0,8.9,SKODA,RAPID 1.6 MPI AT STYLE BLACK PACKAGE
219,2017,26000,Petrol,Automatic,First,14.67,1798,177.46,5.0,26.0,SKODA,SUPERB STYLE 1.8 TSI AT
220,2018,25166,Petrol,Manual,First,17.19,1197,81.86,5.0,8.22,HYUNDAI,I20 ACTIVE 1.2 SX
221,2014,64000,Diesel,Manual,Second,25.8,1498,98.6,5.0,3.5,HONDA,AMAZE VX I-DTEC
222,2004,61000,Petrol,Manual,Second,18.9,998,67.1,5.0,1.25,MARUTI,WAGON R LXI
223,2013,107000,Diesel,Manual,First,21.03,1461,65,5.0,3.7,MAHINDRA,VERITO 1.5 D4 BSIV
224,2018,29161,Diesel,Automatic,First,19.27,2143,167.62,5.0,39.41,MERCEDES-BENZ,NEW C-CLASS C 220D AVANTGARDE EDITION C
225,2013,32000,Petrol,Manual,First,22.5,998,67.04,5.0,2.65,MARUTI,WAGON R VXI
226,2015,46173,Diesel,Manual,Second,19.01,1461,108.5,5.0,8.92,NISSAN,TERRANO XV PREMIUM 110 PS ANNIVERSARY EDITION
227,2013,47000,Diesel,Manual,First,17.8,1248,,5.0,4.1,MARUTI,SWIFT VDI BSIV
228,2017,26327,Petrol,Automatic,First,16.82,1998,189.08,4.0,35.67,MINI,COOPER CONVERTIBLE S
229,2015,70436,Diesel,Manual,First,0.0,1498,99,,3.6,FORD,FIGO DIESEL
230,2007,200000,Diesel,Manual,Second,17.2,1396,53.5,5.0,0.85,TATA,INDICA V2 DLS BSII
231,2016,60813,Petrol,Manual,Second,18.6,1199,76.8,5.0,3.32,CHEVROLET,BEAT LT
232,2012,45000,Diesel,Manual,First,22.07,1199,73.9,5.0,3.6,VOLKSWAGEN,POLO DIESEL COMFORTLINE 1.2L
233,2016,64000,Diesel,Manual,First,22.9,1248,74,5.0,6.8,MARUTI,SWIFT ZDI
234,2012,41284,Diesel,Manual,First,20.0,1399,68.05,5.0,2.5,FORD,FIGO DIESEL EXI
235,2019,14165,Diesel,Automatic,First,11.36,2755,171.5,7.0,19.64,TOYOTA,INNOVA CRYSTA 2.8 GX AT
236,2011,67000,Diesel,Automatic,Second,11.72,2199,194.3,7.0,7.0,HYUNDAI,SANTA FE 4X4 AT
237,2011,32572,Petrol,Manual,First,17.4,1497,117.3,5.0,3.87,HONDA,CITY I-VTEC V
238,2018,14960,Petrol,Manual,First,18.6,1197,81.83,5.0,6.27,HYUNDAI,I20 1.2 MAGNA EXECUTIVE
239,2015,55980,Diesel,Automatic,First,19.27,2143,167.62,5.0,18.12,MERCEDES-BENZ,NEW C-CLASS C 220D AVANTGARDE EDITION C
240,2013,74000,Diesel,Manual,First,25.44,936,57.6,5.0,2.65,CHEVROLET,BEAT DIESEL LT
241,2015,56847,Diesel,Manual,First,22.54,1396,88.73,5.0,7.2,HYUNDAI,I20 SPORTZ 1.4 CRDI
242,2015,121374,Diesel,Manual,First,12.99,2494,100.6,7.0,14.3,TOYOTA,INNOVA 2.5 Z DIESEL 7 SEATER
243,2013,52000,Diesel,Manual,First,20.77,1248,88.76,7.0,6.9,MARUTI,ERTIGA VDI
244,2014,118000,Diesel,Manual,First,12.8,2494,102,7.0,10.75,TOYOTA,INNOVA 2.5 V DIESEL 7-SEATER
245,2007,72000,Petrol,Manual,Third,17.0,1086,,5.0,0.95,HYUNDAI,SANTRO XING XO ERLX EURO II
246,2016,33915,Petrol,Manual,First,17.8,1497,117.3,5.0,8.09,HONDA,CITY I VTEC V
247,2014,82002,Diesel,Automatic,First,17.05,1995,184,5.0,18.5,BMW,X1 SDRIVE20D
248,2017,33000,Diesel,Manual,First,24.0,1120,70,5.0,4.75,HYUNDAI,GRAND I10 CRDI ERA
249,2016,34000,Diesel,Manual,First,28.09,1248,88.5,5.0,8.45,MARUTI,CIAZ 1.3 ALPHA
250,2012,55000,Diesel,Manual,First,20.5,1598,103.6,5.0,3.5,SKODA,RAPID LEISURE 1.6 TDI MT
251,2006,160538,Diesel,Manual,First,13.1,1493,82,5.0,1.8,HYUNDAI,ACCENT CRDI
252,2014,60000,Diesel,Manual,Second,19.91,1498,103.6,5.0,3.7,VOLKSWAGEN,POLO GT 1.5 TDI
253,2017,49575,Petrol,Manual,First,18.7,1199,88.7,5.0,7.17,HONDA,JAZZ 1.2 VX I VTEC
254,2010,83000,Petrol,Manual,First,19.81,1086,68.05,5.0,1.75,HYUNDAI,I10 ERA
255,2018,51346,Diesel,Automatic,First,16.38,1995,183,5.0,21.99,HYUNDAI,TUCSON 2.0 E-VGT 2WD AT GLS
256,2017,43000,Diesel,Manual,First,13.68,2393,147.8,7.0,18.65,TOYOTA,INNOVA CRYSTA 2.4 ZX MT
257,2011,35000,Petrol,Manual,Third,19.7,796,35,5.0,1.85,MARUTI,OMNI MPI CARGO BSIII W/ IMMOBILISER
258,2017,27872,Petrol,Manual,Second,20.4,1197,81.80,5.0,5.95,MARUTI,SWIFT VXI BSIV
259,2014,16514,Petrol,Manual,First,18.9,1197,82,5.0,3.75,HYUNDAI,GRAND I10 MAGNA
260,2012,120000,Diesel,Manual,First,22.9,1248,74,5.0,3.75,MARUTI,SWIFT VDI
261,2008,143275,Diesel,Manual,First,22.0,1582,126.2,5.0,2.6,HYUNDAI,VERNA CRDI 1.6 SX
262,2006,99000,Petrol,Manual,First,0.0,1086,,5.0,1.75,HYUNDAI,SANTRO XING XL
263,2010,52000,Petrol,Manual,First,17.0,1197,80,5.0,2.8,HYUNDAI,I20 1.2 SPORTZ
264,2017,29819,Diesel,Automatic,First,11.57,2987,254.79,5.0,61.29,MERCEDES-BENZ,GLE 350D
265,2014,57000,Diesel,Manual,Second,15.8,2148,170,5.0,18.0,MERCEDES-BENZ,NEW C-CLASS C 220 CDI CLASSIC
266,2014,88500,Diesel,Manual,First,23.2,1248,73.94,5.0,4.35,MARUTI,RITZ ZDI
267,2016,28000,Diesel,Manual,First,19.67,1582,126.2,5.0,13.75,HYUNDAI,CRETA 1.6 CRDI SX
268,2010,67000,Petrol,Manual,First,19.0,998,66.1,5.0,2.0,MARUTI,A-STAR VXI
269,2016,26000,Diesel,Manual,First,19.64,1461,108.45,5.0,10.0,RENAULT,DUSTER 110PS DIESEL RXZ OPTION
270,2010,120000,Diesel,Manual,First,17.8,1248,76,5.0,1.65,FIAT,GRANDE PUNTO 1.3 EMOTION PACK (DIESEL)
271,2017,51982,Diesel,Automatic,First,16.55,2993,258,5.0,45.77,BMW,X3 XDRIVE30D M SPORT
272,2010,36000,Petrol,Manual,Second,20.36,1197,78.9,5.0,3.25,HYUNDAI,I10 SPORTZ
273,2016,47000,Diesel,Manual,First,12.8,2494,102,7.0,12.8,TOYOTA,INNOVA 2.5 G4 DIESEL 7-SEATER
274,2002,60000,Petrol,Manual,Third,17.3,993,60,5.0,0.55,MARUTI,ZEN VXI BSII
275,2018,31025,Diesel,Manual,First,28.4,1248,74,5.0,7.15,MARUTI,SWIFT VDI
276,2013,105000,Diesel,Manual,Second,12.05,2179,120,8.0,7.0,MAHINDRA,SCORPIO VLX 2.2 MHAWK AIRBAG BSIV
277,2017,121900,Diesel,Manual,First,22.95,1248,74,5.0,3.75,TATA,ZEST QUADRAJET 1.3 75PS XE
278,2017,22695,Petrol,Manual,First,18.88,999,123.24,5.0,8.5,FORD,ECOSPORT 1.0 ECOBOOST TITANIUM PLUS
279,2012,73000,Diesel,Manual,First,23.4,1248,74,5.0,4.35,MARUTI,SWIFT DZIRE ZDI
280,2016,32227,Petrol,Manual,First,22.74,796,47.3,5.0,3.26,MARUTI,ALTO 800 LXI
281,2011,55000,Petrol,Manual,First,17.0,1497,118,5.0,4.21,HONDA,CITY 1.5 S MT
282,2018,11287,Diesel,Automatic,First,12.07,2967,241.4,7.0,70.36,AUDI,Q7 3.0 TDI QUATTRO TECHNOLOGY
283,2009,48000,Diesel,Automatic,Second,17.0,1896,105,5.0,2.95,SKODA,LAURA 1.9 TDI AT AMBIENTE
284,2012,54308,Petrol,Manual,First,17.1,1591,121.3,5.0,4.28,HYUNDAI,VERNA 1.6 SX VTVT (O)
285,2009,78442,Petrol,Automatic,First,16.8,1497,118,5.0,3.57,HONDA,CITY 1.5 V AT
286,2013,46000,Diesel,Manual,First,21.9,1396,88.8,5.0,3.11,HYUNDAI,I20 MAGNA OPTIONAL 1.4 CRDI
287,2014,45051,Petrol,Automatic,First,15.0,1396,98.6,5.0,5.96,HYUNDAI,I20 SPORTZ AT 1.4
288,2011,69000,Diesel,Manual,First,20.54,1598,103.6,5.0,4.7,VOLKSWAGEN,VENTO DIESEL HIGHLINE
289,2014,49000,Petrol,Manual,First,17.4,1497,117.3,5.0,6.9,HONDA,CITY I VTEC VX
290,2018,45000,Diesel,Manual,First,22.95,1248,74,5.0,5.25,TATA,ZEST QUADRAJET 1.3 75PS XE
291,2015,64000,Diesel,Automatic,First,18.48,1995,177,5.0,28.0,BMW,5 SERIES 2003-2012 520D
292,2009,60000,Petrol,Manual,First,18.9,1061,67,5.0,1.35,MARUTI,WAGON R LXI MINOR
293,2015,62178,Petrol,Manual,First,18.2,1199,88.7,5.0,4.85,HONDA,JAZZ VX
294,2012,58006,Diesel,Manual,First,15.0,1896,105,5.0,6.7,VOLKSWAGEN,JETTA 2007-2011 2.0 TDI COMFORTLINE
295,2010,74000,Petrol,Manual,First,20.36,1197,78.9,5.0,3.1,HYUNDAI,I10 MAGNA 1.2
296,2015,77771,Diesel,Automatic,First,19.27,2143,170,5.0,18.64,MERCEDES-BENZ,NEW C-CLASS C 220 CDI AVANTGARDE
297,2012,45275,Petrol,Manual,First,20.36,1197,78.9,5.0,2.8,HYUNDAI,I10 MAGNA 1.2 ITECH SE
298,2016,48000,Diesel,Manual,First,13.68,2393,147.8,7.0,20.25,TOYOTA,INNOVA CRYSTA 2.4 ZX MT
299,2015,31652,Diesel,Automatic,First,17.68,1968,174.33,5.0,26.78,AUDI,A6 2011-2015 2.0 TDI TECHNOLOGY
300,2010,109000,Diesel,Manual,Second,12.99,2494,100.6,7.0,8.26,TOYOTA,INNOVA 2.5 VX (DIESEL) 7 SEATER
301,2015,31978,Petrol,Manual,First,16.47,1198,73.9,5.0,3.89,VOLKSWAGEN,POLO PETROL TRENDLINE 1.2L
302,2011,70000,Petrol,Manual,First,20.92,998,67.1,5.0,2.1,MARUTI,ALTO K10 LXI
303,2017,15000,Petrol,Automatic,First,18.0,1497,117.3,5.0,12.69,HONDA,CITY I-VTEC CVT ZX
304,2013,59138,Diesel,Manual,First,17.0,1405,70,5.0,2.58,TATA,INDIGO LX
305,2014,61726,Diesel,Automatic,First,17.68,1968,174.33,5.0,20.77,AUDI,A6 2011-2015 2.0 TDI PREMIUM PLUS
306,2015,48000,Diesel,Automatic,First,17.9,2143,136,5.0,20.26,MERCEDES-BENZ,GLA CLASS 200 CDI SPORT
307,2006,58000,Petrol,Manual,Second,0.0,1086,,5.0,1.5,HYUNDAI,SANTRO XING XL
308,2011,60020,Diesel,Manual,First,17.8,1248,,5.0,2.5,MARUTI,SWIFT VDI BSIV
309,2014,77815,Petrol,Automatic,First,23.1,998,67.04,5.0,4.25,MARUTI,CELERIO VXI AT
310,2017,29000,Diesel,Automatic,First,17.9,2143,201.15,5.0,57.0,MERCEDES-BENZ,GLE 250D
311,2017,44000,Diesel,Automatic,First,12.7,2179,187.7,5.0,44.0,LAND,ROVER RANGE ROVER HSE DYNAMIC
312,2011,108626,Diesel,Manual,First,20.54,1598,103.6,5.0,3.65,VOLKSWAGEN,VENTO DIESEL TRENDLINE
313,2012,71791,Petrol,Manual,First,14.0,796,35,5.0,2.05,MARUTI,OMNI 8 SEATER BSIV
314,2012,91931,Petrol,Manual,First,18.5,1198,86.8,5.0,3.13,HONDA,BRIO 1.2 VX MT
315,2000,158000,Diesel,Manual,Second,14.07,2956,83.1,7.0,1.5,TATA,SUMO DELUX
316,2012,91183,Diesel,Manual,First,18.0,1248,75,5.0,2.85,TATA,INDICA VISTA AURA 1.3 QUADRAJET
317,2012,65000,Petrol,Manual,First,18.9,998,67.1,5.0,2.65,MARUTI,WAGON R LXI BS IV
318,2015,88428,Diesel,Manual,First,16.0,2179,140,7.0,10.6,MAHINDRA,XUV500 W8 4WD
319,2008,138000,Diesel,Manual,Second,17.1,1396,70,5.0,1.25,TATA,INDIGO LS DICOR
320,2018,18000,Petrol,Manual,First,16.02,1373,93.7,7.0,8.25,MARUTI,ERTIGA PASEO VXI
321,2011,60000,Petrol,Automatic,First,11.7,2354,177.6,5.0,4.45,HONDA,ACCORD 2.4 A/T
322,2012,48000,Diesel,Manual,First,19.3,1248,73.9,5.0,3.7,MARUTI,SWIFT DZIRE VDI
323,2009,160000,Diesel,Manual,First,17.8,1399,68,5.0,2.8,FORD,FIESTA EXI 1.4 TDCI LTD
324,2008,40000,Petrol,Manual,First,17.7,1497,78,5.0,1.8,HONDA,CITY ZX GXI
325,2014,51495,Diesel,Automatic,First,17.68,1968,174.33,5.0,21.95,AUDI,A6 2011-2015 2.0 TDI PREMIUM PLUS
326,2011,30000,Diesel,Automatic,First,9.52,2993,313,4.0,49.0,BMW,6 SERIES 640D GRAN COUPE
327,2017,97430,Diesel,Automatic,First,14.75,2967,245,7.0,62.67,AUDI,Q7 45 TDI QUATTRO TECHNOLOGY
328,2008,42496,CNG,Manual,First,26.3,998,67.1,5.0,1.4,MARUTI,ZEN ESTILO LXI GREEN (CNG)
329,2012,83000,Diesel,Manual,First,23.0,1396,90,5.0,5.5,HYUNDAI,I20 1.4 CRDI ASTA
330,2009,37000,Petrol,Automatic,Third,16.95,1197,78.9,5.0,2.95,HYUNDAI,I10 SPORTZ AT
331,2016,28503,Petrol,Automatic,First,19.0,1199,88.7,5.0,6.86,HONDA,JAZZ 1.2 V CVT I VTEC
332,2015,76496,Diesel,Manual,First,25.2,1248,74,5.0,6.15,MARUTI,SWIFT VDI BSIV
333,2011,79152,Petrol,Manual,Second,18.5,1197,82.85,5.0,3.3,HYUNDAI,I20 ASTA 1.2
334,2011,32000,Petrol,Manual,First,16.47,1198,73.9,5.0,2.55,VOLKSWAGEN,POLO PETROL COMFORTLINE 1.2L
335,2009,35000,Petrol,Manual,First,19.7,796,46.3,5.0,1.5,MARUTI,ALTO LXI
336,2004,105000,Petrol,Automatic,Second,11.3,1794,125,5.0,2.5,TOYOTA,COROLLA H4
337,2006,56000,Petrol,Manual,Second,19.7,796,46.3,5.0,1.4,MARUTI,ALTO LXI
338,2012,73000,Diesel,Manual,First,21.12,1248,88.8,5.0,3.4,TATA,MANZA ELAN QUADRAJET BS IV
339,2012,38000,Petrol,Manual,First,19.7,796,46.3,5.0,2.25,MARUTI,ALTO LXI
340,2013,775000,Diesel,Automatic,First,19.3,1968,141,5.0,7.5,SKODA,OCTAVIA AMBITION PLUS 2.0 TDI AT
341,2008,80000,Petrol,Automatic,First,11.3,1794,125,5.0,2.8,TOYOTA,COROLLA H4
342,2016,24973,Petrol,Manual,First,18.6,1197,81.83,5.0,7.66,HYUNDAI,I20 ASTA OPTION 1.2
343,2016,45000,Diesel,Manual,First,24.3,1248,88.5,5.0,7.15,MARUTI,VITARA BREZZA LDI
344,2010,87430,Petrol,Manual,First,17.0,1497,118,5.0,3.5,HONDA,CITY 1.5 V MT
345,2014,133944,Diesel,Manual,Second,18.0,1248,75,5.0,3.5,TATA,INDICA VISTA AQUA 1.3 QUADRAJET
346,2013,57000,Diesel,Manual,First,25.8,1498,98.6,5.0,3.45,HONDA,AMAZE S I-DTECH
347,2016,27904,Petrol,Manual,First,21.1,814,55.2,5.0,3.55,HYUNDAI,EON D LITE PLUS
348,2015,30717,Diesel,Automatic,Second,21.76,1995,190,5.0,25.99,BMW,3 SERIES LUXURY LINE
349,2012,80000,Diesel,Manual,First,22.32,1582,126.32,5.0,5.25,HYUNDAI,VERNA 1.6 SX
350,2013,47304,Diesel,Manual,First,21.02,1248,88.8,5.0,2.9,TATA,MANZA CLUB CLASS QUADRAJET90 LS
351,2005,100000,Petrol,Automatic,First,14.45,1984,227,5.0,2.05,SKODA,OCTAVIA RS
352,2017,30000,Petrol,Manual,First,24.07,998,67.1,5.0,3.75,MARUTI,ALTO K10 VXI
353,2014,68000,Diesel,Manual,First,22.7,1498,89.84,5.0,6.75,FORD,ECOSPORT 1.5 DV5 MT TITANIUM OPTIONAL
354,2011,21000,Petrol,Manual,Second,18.0,995,62,5.0,0.95,CHEVROLET,SPARK 1.0 LS
355,2017,21000,Diesel,Automatic,First,19.33,1999,177,5.0,52.0,JAGUAR,XF 2.0 DIESEL PORTFOLIO
356,2007,119000,Petrol,Manual,Third,13.1,1997,141.1,5.0,3.91,HONDA,CR-V RVI MT
357,2019,13747,Petrol,Automatic,First,14.67,1798,177.46,5.0,27.3,SKODA,SUPERB L&K 1.8 TSI AT
358,2009,620000,Petrol,Manual,First,20.36,1197,78.9,5.0,2.7,HYUNDAI,I10 MAGNA 1.2
359,2013,70000,Diesel,Manual,First,22.9,1248,74,5.0,3.5,MARUTI,SWIFT LDI
360,2016,18000,Petrol,Automatic,First,18.5,1197,83.14,5.0,6.2,MARUTI,SWIFT DZIRE VXI AT
361,2011,83000,Diesel,Manual,First,23.08,1461,63.1,5.0,2.75,NISSAN,MICRA DIESEL XV
362,2015,130000,Diesel,Manual,First,23.4,1248,74,5.0,3.25,MARUTI,SWIFT DZIRE TOUR LDI
363,2012,63400,Diesel,Manual,First,17.8,1399,67,5.0,3.25,FORD,FIESTA CLASSIC 1.4 DURATORQ CLXI
364,2003,65000,Petrol,Manual,First,17.3,993,60,5.0,0.65,MARUTI,ZEN LX
365,2017,8350,Petrol,Manual,First,13.8,1998,192,5.0,35.0,MINI,CLUBMAN COOPER S
366,2014,45000,Diesel,Manual,First,23.59,1364,67.05,5.0,3.25,TOYOTA,ETIOS GD
367,2018,26200,Petrol,Manual,First,24.7,796,47.3,5.0,2.9,MARUTI,ALTO 800 2016-2019 LXI
368,2011,11000,Petrol,Manual,Third,18.9,796,47,5.0,2.9,MARUTI,ALTO VXI
369,2009,90000,Diesel,Automatic,Second,11.0,2993,235,5.0,17.75,BMW,X5 3.0D
370,2015,74000,Petrol,Automatic,Second,11.07,2496,179.5,5.0,8.25,NISSAN,TEANA XV
371,2015,37081,Petrol,Automatic,First,18.9,1197,82,5.0,5.77,HYUNDAI,GRAND I10 AT ASTA
372,2017,39000,Diesel,Manual,First,24.3,1248,88.5,5.0,9.49,MARUTI,VITARA BREZZA ZDI PLUS
373,2008,99000,Diesel,Automatic,Third,12.07,2967,241.4,7.0,12.95,AUDI,Q7 3.0 TDI QUATTRO PREMIUM PLUS
374,2015,38000,Diesel,Automatic,First,17.9,2143,136,5.0,20.0,MERCEDES-BENZ,GLA CLASS 200 CDI
375,2007,72000,Petrol,Manual,Third,16.1,796,37,4.0,1.0,MARUTI,800 AC
376,2015,93000,Diesel,Manual,Second,20.45,1461,83.8,5.0,7.1,RENAULT,DUSTER 85PS DIESEL RXL
377,2017,5900,Diesel,Manual,First,21.43,1364,87.2,5.0,16.5,TOYOTA,COROLLA ALTIS D-4D GL
378,2014,25000,Diesel,Manual,First,15.8,2148,170,5.0,26.0,MERCEDES-BENZ,NEW C-CLASS 220
379,2010,68000,Diesel,Manual,Second,21.1,1248,73.9,5.0,3.2,MARUTI,RITZ VDI
380,2017,35676,Petrol,Automatic,First,16.0,1497,117.3,7.0,9.48,HONDA,BRV I-VTEC V CVT
381,2015,74310,Diesel,Manual,First,24.4,1120,71,5.0,4.0,HYUNDAI,XCENT 1.1 CRDI BASE
382,2014,59364,Diesel,Automatic,First,14.21,2143,203,5.0,26.5,MERCEDES-BENZ,E-CLASS 2009-2013 E250 CDI AVANTGARDE
383,2014,41380,Petrol,Automatic,Second,14.8,1595,120.7,5.0,11.77,MERCEDES-BENZ,B CLASS B180
384,2017,33900,Diesel,Automatic,First,15.0,2143,204,5.0,37.0,MERCEDES-BENZ,E-CLASS 2015-2017 E250 EDITION E
385,2016,28000,Petrol,Manual,First,17.8,1497,117.3,5.0,8.75,HONDA,CITY I VTEC VX OPTION
386,2007,50958,Petrol,Manual,First,17.0,1086,,5.0,1.95,HYUNDAI,SANTRO XING XL ERLX EURO III
387,2011,93982,Petrol,Manual,First,17.0,1497,118,5.0,3.75,HONDA,CITY 1.5 S MT
388,2010,95000,Petrol,Manual,First,16.2,1599,103.2,5.0,2.5,HYUNDAI,VERNA TRANSFORM VTVT
389,2017,9000,Petrol,Automatic,First,13.5,1999,246.74,5.0,34.5,JAGUAR,XE PORTFOLIO
390,2015,52516,Petrol,Manual,First,18.0,1198,86.7,5.0,4.65,HONDA,AMAZE S I-VTECH
391,2015,20000,Petrol,Automatic,First,18.86,1598,122,4.0,32.0,MINI,COOPER CONVERTIBLE 1.6
392,2017,56451,Diesel,Automatic,First,13.5,2987,282,5.0,62.81,MERCEDES-BENZ,S CLASS 2005 2013 S 350 CDI
393,2014,37000,Petrol,Manual,First,21.1,814,55.2,5.0,3.25,HYUNDAI,EON MAGNA PLUS
394,2014,17400,Petrol,Manual,First,20.51,998,67.04,5.0,3.1,MARUTI,WAGON R VXI BS IV
395,2011,90207,Diesel,Manual,First,21.1,1248,73.9,5.0,3.91,MARUTI,RITZ LDI
396,2011,89616,Diesel,Automatic,First,16.07,1995,181,5.0,11.0,BMW,3 SERIES 320D SEDAN
397,2014,85000,Diesel,Manual,First,13.49,2179,138.03,5.0,3.5,TATA,XENON XT EX 4X2
398,2014,79271,Diesel,Automatic,First,20.38,1968,143,5.0,16.5,AUDI,A3 35 TDI ATTRACTION
399,2012,56000,Diesel,Automatic,First,12.7,2179,187.7,5.0,30.0,LAND,ROVER RANGE ROVER 2.2L DYNAMIC
400,2010,85001,Diesel,Automatic,Second,12.0,2987,224,7.0,28.0,MERCEDES-BENZ,GL-CLASS 2007 2012 350 CDI LUXURY
401,2018,12000,Diesel,Automatic,First,13.5,2477,175.56,7.0,28.0,MITSUBISHI,PAJERO SPORT 4X2 AT DUALTONE BLACKTOP
402,2010,125000,Petrol,Manual,First,19.7,796,46.3,5.0,0.92,MARUTI,ALTO LX
403,2013,53000,Petrol,Manual,First,14.0,1061,64,5.0,2.75,MARUTI,WAGON R LXI BSIII
404,2017,34990,Diesel,Automatic,First,12.7,2179,187.7,5.0,53.83,LAND,ROVER RANGE ROVER 2.2L PRESTIGE
405,2011,49768,Petrol,Manual,Second,17.01,1591,121.3,5.0,4.95,HYUNDAI,VERNA 1.6 SX VTVT
406,2013,56000,Diesel,Automatic,First,16.73,2993,218,5.0,33.5,BMW,5 SERIES 525D SEDAN
407,2013,75000,Diesel,Automatic,First,14.74,2993,270.9,5.0,27.95,JAGUAR,XF DIESEL
408,2010,57000,Petrol,Automatic,First,13.7,1798,157.75,5.0,7.25,SKODA,SUPERB ELEGANCE 1.8 TSI AT
409,2017,37542,Diesel,Automatic,First,15.73,1968,174.33,5.0,25.71,AUDI,Q3 35 TDI QUATTRO PREMIUM
410,2014,95649,Diesel,Automatic,First,12.7,2179,187.7,5.0,29.67,LAND,ROVER RANGE ROVER 2.2L PURE
411,2013,35299,Diesel,Automatic,First,14.84,2143,170,5.0,19.0,MERCEDES-BENZ,NEW C-CLASS 220 CDI AT
412,2017,28464,Diesel,Manual,First,15.4,2179,120,7.0,13.05,MAHINDRA,SCORPIO S10 4WD
413,2015,41000,Diesel,Automatic,First,21.76,1995,190,5.0,25.5,BMW,3 SERIES LUXURY LINE
414,2017,9000,Petrol,Manual,First,15.4,1497,117.3,7.0,8.5,HONDA,BR-V I-VTEC S MT
415,2010,92098,Diesel,Automatic,Second,16.0,2400,215,5.0,7.25,VOLVO,S80 2006-2013 D5
416,2005,5834,Petrol,Manual,First,13.2,1495,94,5.0,0.8,HYUNDAI,ACCENT GLE
417,2017,40250,Petrol,Manual,First,17.19,1197,81.86,5.0,6.9,HYUNDAI,I20 ACTIVE SX PETROL
418,2018,22397,Petrol,Automatic,First,11.5,2996,367,5.0,70.99,MERCEDES-BENZ,GLC 43 AMG COUPE
419,2015,20800,Petrol,Manual,Second,21.1,814,55.2,5.0,2.25,HYUNDAI,EON MAGNA PLUS
420,2018,40322,Petrol,Manual,First,18.9,1197,81.86,5.0,5.5,HYUNDAI,GRAND I10 SPORTZ EDITION
421,2013,52576,Petrol,Manual,First,13.0,1493,100,5.0,4.35,HONDA,CITY 1.5 EXI S
422,2010,55000,Petrol,Manual,First,16.47,1198,73.9,5.0,2.25,VOLKSWAGEN,POLO PETROL TRENDLINE 1.2L
423,2016,47000,Petrol,Automatic,First,15.26,1798,187.74,5.0,24.5,AUDI,A6 35 TFSI MATRIX
424,2010,42021,Diesel,Manual,First,0.0,1968,,5.0,5.45,VOLKSWAGEN,JETTA 2007-2011 1.9 L TDI
425,2017,23163,Petrol,Manual,First,15.29,1591,121.3,5.0,12.03,HYUNDAI,CRETA 1.6 SX PLUS DUAL TONE PETROL
426,2011,50000,Petrol,Automatic,Second,11.74,1796,186,5.0,8.5,MERCEDES-BENZ,NEW C-CLASS C 200 CGI AVANTGARDE
427,2014,11900,Petrol,Automatic,First,16.82,1998,189.08,4.0,28.5,MINI,COOPER CONVERTIBLE S
428,2006,108000,Petrol,Manual,Second,17.0,1086,,5.0,1.2,HYUNDAI,SANTRO XING XO ERLX EURO II
429,2013,37000,Diesel,Manual,First,23.59,1364,67.04,5.0,5.75,TOYOTA,ETIOS VD
430,2014,30000,Petrol,Manual,Second,19.4,1198,86.8,5.0,3.2,HONDA,BRIO S MT
431,2018,12831,Petrol,Automatic,First,21.4,1197,83.1,5.0,9.89,MARUTI,BALENO ALPHA AUTOMATIC
432,2012,143017,Diesel,Automatic,First,20.0,1968,138.1,5.0,6.58,SKODA,LAURA AMBIENTE 2.0 TDI CR AT
433,2018,13102,Petrol,Manual,First,21.1,814,55.2,5.0,4.06,HYUNDAI,EON ERA PLUS
434,2019,24950,Diesel,Manual,First,20.37,1461,108.45,5.0,13.37,RENAULT,CAPTUR 1.5 DIESEL RXL
435,2011,57832,Diesel,Automatic,First,16.2,2993,258,5.0,25.82,BMW,5 SERIES 2003-2012 GT 530D LE
436,2016,34267,Petrol,Manual,First,22.74,796,47.3,5.0,3.74,MARUTI,ALTO 800 LXI
437,2015,33000,Diesel,Automatic,Second,16.8,1984,150,5.0,22.0,VOLVO,V40 D3
438,2007,55100,Petrol,Manual,First,18.9,998,67.1,5.0,1.45,MARUTI,WAGON R LXI BSII
439,2008,40000,Petrol,Manual,First,17.7,1497,78,5.0,2.0,HONDA,CITY ZX GXI
440,2017,31841,CNG,Manual,First,15.1,1196,73,5.0,4.7,MARUTI,EECO 5 STR WITH AC PLUS HTR CNG
441,2014,15000,Petrol,Manual,First,13.7,1399,98.79,8.0,3.75,CHEVROLET,ENJOY 1.4 LS 8
442,2016,82756,Diesel,Manual,First,15.96,2523,62.1,7.0,7.7,MAHINDRA,BOLERO ZLX
443,2012,50243,Petrol,Manual,First,0.0,1086,,5.0,3.35,HYUNDAI,SANTRO GLS I - EURO I
444,2014,20600,Petrol,Manual,First,21.1,814,55.2,5.0,2.6,HYUNDAI,EON D LITE
445,2017,29952,Petrol,Automatic,First,13.0,1591,121.3,5.0,13.77,HYUNDAI,CRETA 1.6 SX PLUS PETROL AUTOMATIC
446,2017,15000,Petrol,Manual,Second,16.09,1598,103.5,5.0,7.1,VOLKSWAGEN,VENTO 1.6 COMFORTLINE
447,2008,61938,Petrol,Automatic,Second,12.9,1799,130,5.0,2.65,HONDA,CIVIC 2006-2010 1.8 S AT
448,2014,67000,Diesel,Manual,First,22.3,1248,74,5.0,2.5,TATA,INDICA VISTA QUADRAJET LS
449,2013,61672,Diesel,Manual,First,16.0,2179,140,7.0,7.53,MAHINDRA,XUV500 W8 2WD
450,2017,26185,Petrol,Manual,First,18.6,1197,81.83,5.0,7.98,HYUNDAI,I20 1.2 ASTA OPTION
451,2014,38000,Diesel,Automatic,Second,14.16,1968,174.3,5.0,39.0,AUDI,Q5 30 TDI QUATTRO PREMIUM PLUS
452,2011,67000,Petrol,Manual,Second,18.5,1197,85.80,5.0,2.25,MARUTI,RITZ VXI
453,2010,66000,Petrol,Manual,Second,13.17,1999,114,5.0,3.85,MITSUBISHI,CEDIA SPORTS
454,2015,80883,Diesel,Manual,First,12.8,2494,102,7.0,13.5,TOYOTA,INNOVA 2.5 V DIESEL 7-SEATER
455,2016,80219,Diesel,Manual,First,27.62,793,47,5.0,3.5,MARUTI,CELERIO LDI
456,2018,12923,Diesel,Manual,First,25.1,1248,88.5,5.0,8.92,MARUTI,S-CROSS DELTA DDIS 200 SH
457,2016,86642,Diesel,Automatic,First,15.17,1968,181,5.0,20.37,AUDI,Q3 35 TDI QUATTRO PREMIUM PLUS
458,2016,19235,Diesel,Automatic,First,21.76,1995,190,5.0,36.5,BMW,3 SERIES LUXURY LINE
459,2016,51002,Diesel,Automatic,First,11.33,4134,335.2,7.0,48.91,AUDI,Q7 4.2 TDI QUATTRO TECHNOLOGY
460,2016,6800,Petrol,Manual,First,18.6,1197,81.83,5.0,7.2,HYUNDAI,I20 2015-2017 ASTA 1.2
461,2012,82749,Diesel,Manual,First,19.01,1461,108.45,5.0,5.99,RENAULT,DUSTER 110PS DIESEL RXL
462,2016,51000,Diesel,Manual,First,24.4,1120,71,5.0,5.25,HYUNDAI,XCENT 1.1 CRDI S CELEBRATION EDITION
463,2014,31465,Diesel,Manual,First,22.7,1498,89.84,5.0,6.5,FORD,ECOSPORT 1.5 DV5 MT TITANIUM
464,2013,76476,Petrol,Manual,First,16.47,1198,73.9,5.0,4.4,VOLKSWAGEN,POLO PETROL TRENDLINE 1.2L
465,2017,14000,Diesel,Manual,First,24.0,1120,70,5.0,4.6,HYUNDAI,GRAND I10 CRDI MAGNA
466,2013,47000,Diesel,Manual,First,21.12,1248,88.8,5.0,2.95,TATA,MANZA AQUA QUADRAJET BS IV
467,2011,48466,Petrol,Manual,First,17.0,1497,118,5.0,3.26,HONDA,CITY 1.5 V MT
468,2008,46000,Petrol,Manual,Second,17.92,1086,62.1,5.0,2.22,HYUNDAI,SANTRO XING GLS
469,2012,162663,Diesel,Manual,First,12.99,2494,100,7.0,10.5,TOYOTA,INNOVA 2.5 VX (DIESEL) 7 SEATER
470,2017,25142,Diesel,Manual,First,28.09,1248,88.5,5.0,8.26,MARUTI,CIAZ 1.3 S
471,2013,69000,Diesel,Manual,First,12.55,2982,169,7.0,14.45,TOYOTA,FORTUNER 4X4 MT TRD SPORTIVO
472,2009,80524,Petrol,Manual,Second,15.3,1596,,5.0,2.5,FORD,FIESTA 1.6 SXI ABS DURATEC
473,2018,26405,Petrol,Automatic,First,12.6,1950,191.34,5.0,51.43,MERCEDES-BENZ,E-CLASS E 220 D
474,2014,45000,Diesel,Manual,First,15.8,2148,170,5.0,23.0,MERCEDES-BENZ,NEW C-CLASS 220 CDI MT
475,2012,64284,Diesel,Manual,First,17.72,1968,108.49,5.0,5.5,SKODA,YETI AMBITION 4X2
476,2015,27000,Petrol,Manual,First,18.9,1197,82,5.0,4.5,HYUNDAI,GRAND I10 SPORTZ
477,2018,3678,Petrol,Manual,First,18.16,1196,86.8,5.0,6.8,FORD,FIGO 2015-2019 1.2P TITANIUM MT
478,2013,21000,Petrol,Manual,First,16.8,1395,138.02,5.0,8.75,SKODA,OCTAVIA AMBITION 1.4 TSI MT
479,2015,67000,Diesel,Manual,Second,19.87,1461,83.8,5.0,7.0,RENAULT,DUSTER 85PS DIESEL RXL OPTION
480,2015,24000,Diesel,Automatic,Second,15.68,1999,177,5.0,33.5,LAND,ROVER RANGE ROVER EVOQUE 2.0 TD4 PURE
481,2011,75000,Diesel,Manual,Second,20.0,1399,68,5.0,2.25,FORD,FIGO DIESEL EXI
482,2008,179000,Diesel,Automatic,Second,12.8,2953,156,7.0,4.24,FORD,ENDEAVOUR HURRICANE LIMITED EDITION
483,2017,47198,Diesel,Manual,First,12.55,2982,168.5,7.0,28.42,TOYOTA,FORTUNER 4X4 MT
484,2012,52000,Diesel,Manual,First,22.07,1199,73.9,5.0,2.75,VOLKSWAGEN,POLO DIESEL COMFORTLINE 1.2L
485,2011,91000,Diesel,Manual,First,23.2,1248,73.94,5.0,3.0,MARUTI,RITZ VDI
486,2013,60000,Diesel,Manual,First,23.08,1461,63.1,5.0,3.55,NISSAN,MICRA DIESEL XV PREMIUM
487,2013,37873,Diesel,Manual,First,22.32,1582,126.32,5.0,4.8,HYUNDAI,VERNA 1.6 SX
488,2011,31000,Petrol,Automatic,First,10.8,2497,150,5.0,13.5,BMW,5 SERIES 2003-2012 523I
489,2017,129000,Diesel,Automatic,First,11.0,2987,258,7.0,56.0,MERCEDES-BENZ,GLS 350D 4MATIC
490,2004,78000,Petrol,Automatic,First,12.0,2354,187.4,5.0,3.99,HONDA,CR-V 2.4L 4WD AT
491,2016,32000,Diesel,Automatic,First,17.01,1582,126.2,5.0,15.5,HYUNDAI,CRETA 1.6 CRDI AT SX PLUS
492,2010,59000,Petrol,Manual,Second,19.81,1086,68.05,5.0,2.32,HYUNDAI,I10 ERA
493,2016,35437,Diesel,Automatic,First,20.0,2143,136,5.0,18.58,MERCEDES-BENZ,A CLASS A200 CDI SPORT
494,2014,98000,Petrol,Manual,First,16.02,1373,93.7,7.0,5.5,MARUTI,ERTIGA VXI
495,2006,72000,Diesel,Manual,Second,18.7,1896,66,5.0,3.2,SKODA,OCTAVIA CLASSIC 1.9 TDI MT
496,2015,79000,Petrol,Manual,First,18.0,1198,86.7,5.0,4.0,HONDA,AMAZE VX I-VTECH
497,2004,29000,Petrol,Manual,First,17.3,993,60,5.0,1.6,MARUTI,ZEN LXI BSII
498,2013,66012,Petrol,Manual,First,15.5,1586,103.3,5.0,4.15,MARUTI,SX4 ZXI MT BSIV
499,2014,35000,Petrol,Automatic,First,16.5,1198,86.8,5.0,4.25,HONDA,BRIO VX AT
500,2011,75000,Petrol,Manual,First,18.9,998,67.1,5.0,2.6,MARUTI,WAGON R VXI
501,2008,80000,Petrol,Automatic,Second,12.1,2362,164.7,5.0,3.43,TOYOTA,CAMRY A/T
502,2012,32717,Petrol,Manual,First,18.6,1199,79.4,5.0,2.55,CHEVROLET,BEAT LS
503,2017,25000,Diesel,Automatic,First,12.55,2982,168.5,7.0,32.0,TOYOTA,FORTUNER 4X4 AT
504,2014,79000,Diesel,Manual,First,22.7,1498,89.84,5.0,6.25,FORD,ECOSPORT 1.5 DV5 MT TITANIUM OPTIONAL
505,2010,86000,Diesel,Manual,Second,17.8,1248,75,5.0,3.6,MARUTI,SWIFT VDI BSIII
506,2010,137000,Diesel,Automatic,First,13.5,2987,282,5.0,18.5,MERCEDES-BENZ,S CLASS 2005 2013 S 350 CDI
507,2015,25000,Petrol,Manual,Second,17.3,1497,117.3,7.0,4.25,HONDA,MOBILIO S I VTEC
508,2017,8500,Petrol,Manual,Second,18.9,1197,82,5.0,4.8,HYUNDAI,GRAND I10 SPORTZ
509,2015,34000,Diesel,Automatic,First,16.0,2179,140,7.0,13.0,MAHINDRA,XUV500 AT W8 FWD
510,2012,41629,Petrol,Manual,Second,14.83,1598,105,5.0,2.25,SKODA,FABIA 1.6 MPI ELEGANCE
511,2009,80227,Petrol,Manual,First,17.92,1086,62.1,5.0,2.3,HYUNDAI,SANTRO XING GLS
512,2019,8587,Petrol,Manual,First,15.29,1591,121.3,5.0,13.56,HYUNDAI,CRETA 1.6 SX PLUS DUAL TONE PETROL
513,2017,30000,Diesel,Manual,First,15.4,1997,120,7.0,12.25,MAHINDRA,SCORPIO 1.99 S8
514,2013,64186,Diesel,Manual,First,20.5,1598,103.5,5.0,3.76,SKODA,RAPID 1.6 TDI AMBITION
515,2015,76427,Diesel,Manual,First,19.01,1461,108.45,5.0,8.58,RENAULT,DUSTER 110PS DIESEL RXZ
516,2011,75000,Diesel,Automatic,First,11.7,2993,245,5.0,27.5,BMW,X5 XDRIVE 30D
517,2013,27075,Petrol,Manual,First,17.6,1496,88.73,5.0,4.95,TOYOTA,ETIOS G
518,2012,30000,Petrol,Manual,First,22.5,998,67.04,5.0,3.3,MARUTI,WAGON R LXI
519,2016,69434,Petrol,Manual,First,15.8,1591,121.3,5.0,8.0,HYUNDAI,CRETA 1.6 SX
520,2014,56000,Petrol,Manual,First,23.1,998,67.04,5.0,2.79,MARUTI,CELERIO VXI
521,2017,49275,Diesel,Automatic,First,12.7,2179,187.7,5.0,45.64,LAND,ROVER RANGE ROVER HSE DYNAMIC
522,2014,8700,Petrol,Manual,First,18.6,1199,76.8,5.0,2.55,CHEVROLET,BEAT LT
523,2014,18000,Petrol,Manual,Second,25.4,624,37.5,4.0,1.0,TATA,NANO TWIST XT
524,2017,41041,Diesel,Automatic,First,17.68,1968,174.33,5.0,37.56,AUDI,A6 2011-2015 35 TDI TECHNOLOGY
525,2009,80464,Diesel,Automatic,Second,11.0,2987,198.5,5.0,9.29,MERCEDES-BENZ,E-CLASS 280 CDI
526,2019,20667,Petrol,Manual,First,22.0,1197,81.80,5.0,6.37,MARUTI,SWIFT VXI
527,2013,60283,Petrol,Manual,First,14.6,1368,112,5.0,2.98,FIAT,LINEA T JET
528,2017,31696,Petrol,Manual,First,20.4,1197,81.80,5.0,5.75,MARUTI,SWIFT VXI OPTIONAL
529,2010,100000,Diesel,Manual,First,11.5,2982,171,7.0,13.0,TOYOTA,FORTUNER 3.0 DIESEL
530,2014,13361,Petrol,Manual,First,16.02,1373,93.7,7.0,6.8,MARUTI,ERTIGA ZXI
531,2010,48394,Petrol,Automatic,First,12.05,1995,154,5.0,10.49,BMW,3 SERIES 320I SEDAN
532,2014,47399,Petrol,Manual,First,16.02,1373,93.7,7.0,5.6,MARUTI,ERTIGA VXI
533,2010,69000,Petrol,Automatic,Second,16.8,1497,118,5.0,2.85,HONDA,CITY 1.5 V AT
534,2013,65278,Diesel,Manual,First,14.66,2199,194.3,7.0,8.36,HYUNDAI,SANTA FE 4X4
535,2005,108000,Diesel,Manual,First,17.0,1405,70,5.0,1.0,TATA,INDIGO LS
536,2010,50645,Petrol,Automatic,Second,10.93,2497,204,5.0,10.75,MERCEDES-BENZ,E-CLASS 2009-2013 E 250 ELEGANCE
537,2011,130002,Diesel,Manual,First,19.3,1248,73.9,5.0,3.85,MARUTI,SWIFT DZIRE LDI
538,2012,107000,Diesel,Manual,First,17.8,1399,67,5.0,3.0,FORD,FIESTA CLASSIC 1.4 DURATORQ CLXI
539,2015,41950,Petrol,Automatic,First,18.0,1497,117.3,5.0,9.6,HONDA,CITY I VTEC CVT VX
540,2012,109000,Diesel,Manual,First,13.0,2982,168.5,7.0,13.25,TOYOTA,FORTUNER 4X2 MANUAL
541,2016,9000,Petrol,Manual,First,18.0,1198,86.7,5.0,5.75,HONDA,AMAZE VX O I VTEC
542,2014,43900,Diesel,Manual,First,22.54,1396,88.73,5.0,6.75,HYUNDAI,I20 ASTA 1.4 CRDI
543,2013,64000,Diesel,Manual,Second,18.2,1248,73.8,7.0,4.85,CHEVROLET,ENJOY TCDI LTZ 7 SEATER
544,2019,13190,Petrol,Automatic,First,0.0,1950,181.43,5.0,38.99,MERCEDES-BENZ,NEW C-CLASS PROGRESSIVE C 200
545,2009,77652,Petrol,Automatic,First,12.6,1586,103.2,5.0,2.85,MARUTI,SX4 ZXI AT LEATHER
546,2012,55000,Diesel,Manual,First,12.99,2494,100,7.0,9.51,TOYOTA,INNOVA 2.5 VX (DIESEL) 7 SEATER
547,2012,59900,Diesel,Automatic,Second,18.48,1995,177,5.0,18.5,BMW,5 SERIES 2003-2012 520D
548,2015,73539,Diesel,Manual,First,19.01,1461,108.45,5.0,6.75,RENAULT,DUSTER 110PS DIESEL RXZ
549,2017,31645,Diesel,Automatic,First,20.68,1995,190,5.0,29.4,BMW,X1 SDRIVE 20D XLINE
550,2009,69690,Petrol,Manual,First,17.7,1497,78,5.0,3.29,HONDA,CITY ZX GXI
551,2016,41000,Diesel,Manual,First,28.09,1248,88.5,5.0,9.5,MARUTI,CIAZ RS ZDI PLUS SHVS
552,2010,109200,Petrol,Manual,Second,17.5,1298,85.8,5.0,2.2,MARUTI,SWIFT DZIRE VXI
553,2012,80000,Diesel,Manual,First,15.1,2179,140,7.0,6.5,MAHINDRA,XUV500 W6 2WD
554,2007,51000,Petrol,Manual,First,13.5,1799,130,5.0,4.9,HONDA,CIVIC 2006-2010 1.8 S MT
555,2013,105000,Diesel,Manual,Second,25.47,1248,88.50,7.0,6.75,MARUTI,ERTIGA ZDI
556,2013,179000,Diesel,Manual,First,23.59,1364,67.04,5.0,3.8,TOYOTA,ETIOS LIVA GD
557,2013,12100,Petrol,Automatic,First,9.9,1984,207.8,2.0,29.5,AUDI,TT 2.0 TFSI
558,2017,31000,Diesel,Manual,First,21.13,1498,108.4,5.0,10.5,SKODA,RAPID 1.5 TDI STYLE
559,2015,50000,Diesel,Manual,First,20.14,1498,88.8,5.0,6.2,VOLKSWAGEN,POLO 1.5 TDI HIGHLINE
560,2009,48000,Diesel,Automatic,First,17.0,1896,105,5.0,5.0,SKODA,LAURA 1.9 TDI AT ELEGANCE
561,2007,35000,Diesel,Manual,First,19.2,1461,65,5.0,2.3,MAHINDRA,RENAULT LOGAN 1.5 DLE DIESEL
562,2016,100200,Diesel,Automatic,First,11.36,2755,171.5,7.0,17.0,TOYOTA,INNOVA CRYSTA 2.8 GX AT
563,2014,47000,Diesel,Automatic,First,18.88,1995,184,5.0,25.5,BMW,3 SERIES 320D LUXURY LINE
564,2015,63642,Diesel,Manual,First,27.3,1498,98.6,5.0,5.65,HONDA,JAZZ 1.5 S I DTEC
565,2015,62550,Diesel,Manual,First,25.8,1498,98.6,5.0,5.6,HONDA,AMAZE VX I-DTEC
566,2015,37340,Diesel,Automatic,First,16.36,2179,187.7,5.0,29.98,JAGUAR,XF 2.2 LITRE LUXURY
567,2016,38461,Diesel,Manual,First,26.59,1248,74,5.0,7.39,MARUTI,SWIFT DZIRE VDI
568,2018,29000,Diesel,Manual,First,17.1,1956,170,5.0,19.0,JEEP,COMPASS 2.0 LIMITED
569,2010,31000,Petrol,Manual,First,12.5,1794,132,5.0,5.0,TOYOTA,COROLLA ALTIS 1.8 SPORT
570,2011,42086,Petrol,Manual,First,17.0,1497,118,5.0,3.35,HONDA,CITY 1.5 V MT
571,2013,49000,Petrol,Manual,First,18.6,1197,85.8,5.0,4.45,MARUTI,SWIFT ZXI
572,2019,77240,Diesel,Automatic,First,22.32,1582,126.32,5.0,8.31,HYUNDAI,VERNA 1.6 SX CRDI (O) AT
573,2012,105000,Diesel,Manual,Second,15.96,2523,62.1,7.0,6.0,MAHINDRA,BOLERO ZLX
574,2014,35000,Diesel,Manual,First,22.9,1248,74,5.0,5.25,MARUTI,SWIFT VDI
575,2006,83072,Petrol,Manual,First,17.0,1086,,5.0,1.4,HYUNDAI,SANTRO XING XO
576,2012,202082,Diesel,Automatic,First,17.68,1968,174.33,5.0,12.3,AUDI,A6 2011-2015 2.0 TDI PREMIUM PLUS
577,2004,129000,Petrol,Manual,Third,13.8,1299,70,5.0,1.5,FORD,IKON 1.3 LXI NXT
578,2018,33558,Diesel,Manual,First,20.14,1498,88,5.0,8.12,VOLKSWAGEN,POLO 1.5 TDI HIGHLINE
579,2012,60271,Diesel,Manual,First,13.6,2523,63,7.0,6.12,MAHINDRA,BOLERO VLX CRDE
580,2017,45366,Diesel,Manual,First,25.1,1498,98.6,5.0,10.88,HONDA,CITY I DTEC VX OPTION
581,2014,9500,Petrol,Manual,First,18.2,1199,82.5,5.0,3.5,CHEVROLET,SAIL HATCHBACK 1.2 LS
582,2016,42362,Petrol,Manual,First,18.6,1197,81.83,5.0,6.15,HYUNDAI,I20 1.2 SPOTZ
583,2016,21000,Diesel,Automatic,First,17.05,1995,184,5.0,33.0,BMW,X1 SDRIVE 20D SPORTLINE
584,2012,15200,Diesel,Automatic,First,15.06,1995,177,5.0,13.5,BMW,X1 SDRIVE 20D EXCLUSIVE
585,2015,43690,Diesel,Automatic,First,12.55,2982,168.5,7.0,17.11,TOYOTA,FORTUNER 4X2 AT
586,2014,79926,Diesel,Automatic,First,11.33,4134,335.2,7.0,29.77,AUDI,Q7 4.2 TDI QUATTRO TECHNOLOGY
587,2013,53073,Diesel,Manual,First,20.77,1248,88.76,7.0,5.95,MARUTI,ERTIGA VDI
588,2015,59000,Petrol,Manual,First,18.5,1197,80,5.0,5.75,HYUNDAI,I20 1.2 MAGNA
589,2006,47088,Petrol,Automatic,Second,10.13,3498,364.9,5.0,19.0,MERCEDES-BENZ,S CLASS 2005 2013 S 350 L
590,2014,55000,Diesel,Manual,First,20.45,1461,83.8,5.0,4.75,RENAULT,DUSTER 85PS DIESEL RXL
591,2013,80430,Diesel,Manual,Second,17.21,1493,100,7.0,3.3,MAHINDRA,QUANTO C2
592,2013,71932,Diesel,Automatic,First,12.55,2982,168.5,7.0,16.5,TOYOTA,FORTUNER 4X2 AT
593,2014,19000,Diesel,Automatic,First,15.97,2993,258,7.0,44.0,BMW,X5 2014-2019 XDRIVE 30D DESIGN PURE EXPERIENCE 7 SEATER
594,2011,81759,Diesel,Manual,First,19.3,1248,73.9,5.0,4.39,MARUTI,SWIFT DZIRE VDI
595,2018,52010,Diesel,Manual,First,25.2,1248,74,5.0,6.2,MARUTI,SWIFT LDI OPTIONAL
596,2016,58953,Petrol,Automatic,First,13.53,1984,177.01,5.0,24.22,AUDI,A6 2011-2015 35 TFSI TECHNOLOGY
597,2008,93000,Diesel,Manual,Third,10.5,2835,107.2,6.0,5.45,MITSUBISHI,PAJERO 2.8 SFX BSIV DUAL TONE
598,2016,10000,Diesel,Automatic,First,16.36,2179,187.7,5.0,44.0,JAGUAR,XF 2.2 LITRE EXECUTIVE
599,2019,40674,Diesel,Automatic,First,11.36,2755,171.5,7.0,24.82,TOYOTA,INNOVA CRYSTA 2.8 ZX AT
600,2015,50000,Diesel,Automatic,First,19.3,1968,141,5.0,11.69,SKODA,OCTAVIA AMBITION 2.0 TDI AT
601,2018,1331,Petrol,Automatic,First,14.28,1798,138.03,5.0,20.0,TOYOTA,COROLLA ALTIS VL AT
602,2010,60000,Petrol,Manual,First,19.7,796,35,8.0,1.45,MARUTI,OMNI 8 SEATER BSII
603,2018,10003,Diesel,Automatic,First,17.9,2143,170,5.0,48.5,MERCEDES-BENZ,GLC 220D 4MATIC STYLE
604,2016,25000,Diesel,Automatic,First,21.5,1498,108.5,5.0,9.45,VOLKSWAGEN,VENTO 1.5 TDI HIGHLINE AT
605,2015,73000,Diesel,Manual,First,16.0,2179,140,7.0,12.5,MAHINDRA,XUV500 W10 2WD
606,2014,59962,Diesel,Manual,First,20.45,1461,83.8,5.0,6.9,NISSAN,TERRANO XL 85 PS
607,2012,72000,Diesel,Manual,Second,22.32,1582,126.32,5.0,5.8,HYUNDAI,VERNA 1.6 SX CRDI (O)
608,2016,20967,Diesel,Automatic,First,14.69,2993,258,5.0,44.56,BMW,5 SERIES 2013-2017 530D M SPORT
609,2015,35000,Diesel,Manual,Second,15.4,2179,120,7.0,8.5,MAHINDRA,SCORPIO S4 PLUS
610,2017,38056,Diesel,Manual,First,23.9,1582,126.2,5.0,10.7,HYUNDAI,VERNA 1.6 CRDI SX
611,2009,94000,Diesel,Automatic,Second,12.07,2967,241.4,7.0,12.0,AUDI,Q7 3.0 TDI QUATTRO PREMIUM PLUS
612,2010,64236,Petrol,Manual,First,14.7,1150,76,5.0,2.44,CHEVROLET,AVEO U-VA 1.2 LT
613,2000,124000,Diesel,Manual,First,13.6,2523,63,7.0,1.95,MAHINDRA,BOLERO ZLX BSIII
614,2014,7400,Petrol,Manual,First,19.1,1197,82,5.0,4.35,HYUNDAI,XCENT 1.2 KAPPA S
615,2017,52000,Diesel,Manual,First,13.68,2393,147.8,8.0,17.5,TOYOTA,INNOVA CRYSTA 2.4 GX MT 8S
616,2015,68764,Petrol,Manual,First,21.1,814,55.2,5.0,2.9,HYUNDAI,EON ERA PLUS
617,2013,64000,Diesel,Manual,First,22.07,1199,73.9,5.0,2.9,VOLKSWAGEN,POLO DIESEL COMFORTLINE 1.2L
618,2016,21558,Diesel,Manual,First,24.3,1248,88.5,5.0,8.9,MARUTI,VITARA BREZZA ZDI
619,2013,37500,Diesel,Automatic,First,18.88,1995,184,5.0,16.75,BMW,3 SERIES 320D PRESTIGE
620,2016,14077,Petrol,Manual,First,21.1,814,55.2,5.0,3.95,HYUNDAI,EON SPORTZ
621,2009,70000,Petrol,Manual,First,17.0,1497,118,5.0,2.1,HONDA,CITY 1.5 S MT
622,2011,54316,Petrol,Manual,Second,12.8,2354,177.6,5.0,4.29,HONDA,ACCORD 2.4 MT
623,2009,90764,Diesel,Manual,First,14.0,2498,112,8.0,3.85,MAHINDRA,XYLO E8
624,2009,137000,Diesel,Automatic,Second,13.2,1995,170,5.0,9.0,BMW,3 SERIES 320D
625,2013,127000,Petrol,Manual,Second,16.8,1497,116.3,5.0,4.5,HONDA,CITY V MT
626,2016,51884,Diesel,Manual,First,16.0,2179,140,7.0,12.46,MAHINDRA,XUV500 W10 2WD
627,2014,67407,Diesel,Manual,First,21.27,1396,88.76,5.0,4.65,HYUNDAI,I20 ASTA 1.4 CRDI
628,2014,107825,Diesel,Manual,First,13.0,2982,168.5,7.0,20.5,TOYOTA,FORTUNER 4X2 MANUAL
629,2006,82453,Diesel,Manual,First,13.6,2523,63,8.0,2.9,MAHINDRA,BOLERO DI BSII
630,2007,30441,Petrol,Manual,First,15.9,1298,85,5.0,1.45,MARUTI,ESTEEM VXI - BSIII
631,2002,70000,Petrol,Manual,Third,0.0,1086,,5.0,0.65,HYUNDAI,SANTRO LS ZIPPLUS
632,2016,11000,Diesel,Automatic,First,20.7,1496,113.98,5.0,29.5,MINI,COOPER 5 DOOR D
633,2015,61000,Diesel,Automatic,First,15.73,1968,174.33,5.0,25.0,AUDI,Q3 35 TDI QUATTRO PREMIUM
634,2013,48454,Petrol,Manual,Second,17.0,1197,80,5.0,3.5,HYUNDAI,I20 SPORTZ OPTION
635,2017,37000,Diesel,Manual,First,14.1,2179,154,7.0,11.25,TATA,SAFARI STORME VX VARICOR 400
636,2017,32249,Diesel,Manual,First,21.9,1498,98.6,7.0,10.79,HONDA,BR-V I-DTEC VX MT
637,2013,58000,Diesel,Manual,First,19.33,1968,138.03,5.0,5.9,VOLKSWAGEN,JETTA 2013-2015 2.0L TDI HIGHLINE
638,2017,28360,Petrol,Manual,First,19.1,1197,81.86,5.0,5.12,HYUNDAI,XCENT 1.2 KAPPA S OPTION
639,2017,7000,Petrol,Manual,First,20.89,1197,81.80,5.0,5.7,MARUTI,IGNIS 1.2 ALPHA
640,2016,19658,Diesel,Automatic,First,18.12,1995,190,5.0,35.84,BMW,5 SERIES 2013-2017 520D LUXURY LINE
641,2007,92000,Petrol,Manual,First,13.8,1299,70,5.0,1.25,FORD,IKON 1.3 CLXI
642,2013,25000,Petrol,Manual,First,20.36,1197,78.9,5.0,2.65,HYUNDAI,I10 SPORTZ
643,2016,37882,Diesel,Manual,First,22.32,1582,126.3,5.0,9.19,HYUNDAI,VERNA 1.6 CRDI
644,2014,69330,Diesel,Automatic,First,16.07,1995,181,5.0,23.5,BMW,3 SERIES 320D HIGHLINE
645,2011,61000,Petrol,Automatic,First,12.3,1796,185,5.0,12.5,MERCEDES-BENZ,E-CLASS 2009-2013 E200 CGI BLUE EFFICIENCY
646,2010,35000,Petrol,Manual,Second,18.6,1199,79.4,5.0,1.5,CHEVROLET,BEAT OPTION PACK
647,2004,200000,Petrol,Manual,First,0.0,1086,,5.0,0.8,HYUNDAI,SANTRO XING XP
648,2009,82000,Diesel,Manual,Second,13.5,1405,,5.0,0.75,TATA,INDICA DLS
649,2012,72450,Diesel,Manual,First,15.1,2179,140,7.0,8.1,MAHINDRA,XUV500 W8 2WD
650,2017,36381,Diesel,Manual,First,28.09,1248,88.5,5.0,9.75,MARUTI,CIAZ ZDI PLUS SHVS
651,2017,25559,Diesel,Automatic,First,19.71,2143,201.15,5.0,37.93,MERCEDES-BENZ,NEW C-CLASS C 250 CDI AVANTGARDE
652,2005,100000,Petrol,Automatic,Third,16.4,1497,78,5.0,1.96,HONDA,CITY ZX CVT
653,2015,94000,Diesel,Automatic,First,11.5,2982,169,7.0,20.5,TOYOTA,FORTUNER 4X2 4 SPEED AT
654,2011,64357,Petrol,Manual,First,24.07,998,67.1,5.0,2.75,MARUTI,ALTO K10 VXI
655,2017,10501,Petrol,Automatic,First,9.43,1999,237.4,5.0,75.0,JAGUAR,XJ 2.0L PORTFOLIO
656,2009,47000,Diesel,Manual,First,21.9,1396,90,5.0,2.8,HYUNDAI,I20 1.4 MAGNA ABS
657,2017,18000,Petrol,Automatic,First,16.0,1497,117.3,7.0,9.25,HONDA,BRV I-VTEC V CVT
658,2007,89000,Petrol,Manual,First,13.4,1794,125,5.0,3.0,TOYOTA,COROLLA EXECUTIVE (HE)
659,2014,49964,Diesel,Automatic,First,17.68,1968,174.33,5.0,23.89,AUDI,A6 2011-2015 2.0 TDI PREMIUM PLUS
660,2014,35000,Diesel,Manual,First,12.99,2494,100.6,7.0,12.75,TOYOTA,INNOVA 2.5 ZX DIESEL 7 SEATER BSIII
661,2014,64000,Diesel,Manual,First,24.0,1120,70,5.0,4.15,HYUNDAI,GRAND I10 CRDI SPORTZ
662,2013,36000,Petrol,Automatic,First,14.8,1598,105,5.0,4.65,VOLKSWAGEN,VENTO IPL II PETROL HIGHLINE AT
663,2012,78600,Diesel,Manual,First,12.8,2494,102,7.0,8.9,TOYOTA,INNOVA 2.5 VX (DIESEL) 7 SEATER BS IV
664,2008,170000,Diesel,Manual,Second,16.8,1493,110,5.0,1.5,HYUNDAI,VERNA CRDI SX
665,2015,65000,Diesel,Manual,Second,23.2,1248,73.94,5.0,3.27,MARUTI,RITZ VDI
666,2008,120300,Diesel,Automatic,Second,12.07,2967,241.4,7.0,18.0,AUDI,Q7 3.0 TDI QUATTRO TECHNOLOGY
667,2016,21000,Petrol,Manual,First,18.6,1197,81.83,5.0,6.3,HYUNDAI,I20 ASTA OPTION 1.2
668,2017,18108,Diesel,Manual,First,24.3,1248,88.5,5.0,11.31,MARUTI,VITARA BREZZA ZDI PLUS DUAL TONE
669,2014,58407,Petrol,Manual,First,17.4,1497,117.3,5.0,6.16,HONDA,CITY I VTEC S
670,2014,49500,Petrol,Manual,First,20.73,1373,91.1,5.0,6.0,MARUTI,CIAZ ZXI
671,2013,37199,Petrol,Automatic,First,17.5,1498,99.6,5.0,5.43,NISSAN,SUNNY XV CVT
672,2012,62000,Diesel,Manual,First,22.07,1199,73.9,5.0,4.65,VOLKSWAGEN,POLO DIESEL HIGHLINE 1.2L
673,2015,59000,Diesel,Manual,First,20.77,1248,88.8,7.0,7.5,MARUTI,ERTIGA ZDI
674,2015,60000,Diesel,Manual,First,26.59,1248,74,5.0,6.25,MARUTI,SWIFT DZIRE VDI
675,2007,39037,Diesel,Automatic,First,14.84,2143,170,5.0,9.25,MERCEDES-BENZ,NEW C-CLASS C 220 CDI ELEGANCE AT
676,2013,17003,Petrol,Manual,First,19.4,1198,86.8,5.0,3.15,HONDA,BRIO S MT
677,2008,80400,Petrol,Manual,First,16.0,1086,66.7,5.0,2.3,HYUNDAI,I10 MAGNA OPTIONAL 1.1L
678,2012,75200,Diesel,Manual,First,22.32,1582,126.32,5.0,5.25,HYUNDAI,VERNA 1.6 SX CRDI (O)
679,2017,41217,Diesel,Manual,First,28.09,1248,88.5,5.0,7.4,MARUTI,CIAZ VDI SHVS
680,2006,98293,Petrol,Manual,Second,13.8,1299,70,5.0,1.55,FORD,IKON 1.3 FLAIR
681,2017,54000,Petrol,Manual,Second,16.2,1199,74,5.0,6.0,VOLKSWAGEN,POLO 1.2 MPI HIGHLINE
682,2016,17377,Petrol,Manual,First,18.7,1199,88.7,5.0,5.9,HONDA,JAZZ 1.2 V I VTEC
683,2013,33800,Diesel,Manual,Second,25.8,1498,98.6,5.0,4.7,HONDA,AMAZE EX I-DTECH
684,2015,86157,Diesel,Manual,First,22.54,1396,88.73,5.0,6.5,HYUNDAI,I20 ASTA 1.4 CRDI
685,2012,146824,Diesel,Manual,First,21.1,1248,73.9,5.0,3.55,MARUTI,RITZ VDI
686,2014,55000,Petrol,Manual,First,16.8,1497,116.3,5.0,7.1,HONDA,CITY V MT
687,2010,53293,Petrol,Manual,First,13.14,1798,160,5.0,6.0,SKODA,SUPERB 1.8 TSI MT
688,2017,38000,Diesel,Manual,First,24.3,1248,88.5,5.0,7.99,MARUTI,VITARA BREZZA LDI OPTION
689,2009,64000,Petrol,Manual,Second,17.0,1197,80,5.0,4.1,HYUNDAI,I20 ASTA
690,2017,25058,Petrol,Automatic,First,24.07,998,67.1,5.0,3.95,MARUTI,ALTO K10 VXI AGS
691,2016,36700,Petrol,Manual,First,21.1,814,55.2,5.0,4.38,HYUNDAI,EON ERA PLUS
692,2011,35000,Petrol,Manual,First,20.36,1197,78.9,5.0,2.75,HYUNDAI,I10 SPORTZ
693,2016,22732,Petrol,Automatic,First,18.1,3498,306,2.0,55.54,MERCEDES-BENZ,SLK-CLASS SLK 350
694,2014,48000,Diesel,Automatic,First,18.53,1968,187.74,5.0,29.0,AUDI,A6 2.0 TDI DESIGN EDITION
695,2013,62084,Diesel,Manual,First,22.77,1498,98.59,5.0,6.6,FORD,ECOSPORT 1.5 TDCI TITANIUM
696,2012,39273,Diesel,Automatic,First,14.3,1968,140,5.0,6.99,VOLKSWAGEN,PASSAT HIGHLINE DSG
697,2017,64798,Diesel,Manual,First,13.68,2393,147.8,7.0,18.75,TOYOTA,INNOVA CRYSTA 2.4 ZX MT
698,2010,100002,Diesel,Manual,Third,20.0,1399,68,5.0,1.28,FORD,FIGO DIESEL ZXI
699,2006,78000,Petrol,Manual,Third,14.49,1399,92.7,5.0,1.2,CHEVROLET,AVEO 1.4
700,2013,57717,Petrol,Manual,First,18.5,1197,85.80,5.0,4.31,MARUTI,RITZ LXI
701,2011,109000,Diesel,Automatic,First,12.39,2179,147.51,5.0,16.5,LAND,ROVER FREELANDER 2 SE
702,2017,74515,Petrol,Manual,First,18.9,1197,82,5.0,5.64,HYUNDAI,GRAND I10 ASTA
703,2017,50484,Diesel,Automatic,First,10.91,3198,197.2,7.0,31.12,FORD,ENDEAVOUR 3.2 TREND AT 4X4
704,2013,13452,Diesel,Automatic,First,12.8,1968,167.6,5.0,25.46,AUDI,Q5 2008-2012 2.0 TDI
705,2017,37688,Petrol,Manual,First,17.01,1591,121.3,5.0,7.88,HYUNDAI,VERNA 1.6 VTVT
706,2017,34000,Diesel,Automatic,First,13.0,2143,204,5.0,36.0,MERCEDES-BENZ,E-CLASS 2015-2017 E250 CDI AVANTGARDE
707,2014,120000,Diesel,Automatic,First,0.0,2987,165,5.0,30.0,MERCEDES-BENZ,M-CLASS ML 350 4MATIC
708,2008,64000,Petrol,Manual,Second,17.5,1298,85.8,5.0,2.85,MARUTI,SWIFT DZIRE ZXI
709,2011,100000,Petrol,Manual,First,13.0,1343,90,5.0,3.5,HONDA,CITY 1.3 EXI S
710,2014,75000,Diesel,Manual,First,20.46,1461,83.8,5.0,7.5,RENAULT,DUSTER 85PS DIESEL RXL OPTIONAL
711,2012,86000,Diesel,Automatic,First,14.84,2143,170,5.0,19.0,MERCEDES-BENZ,NEW C-CLASS 220 CDI AT
712,2015,69000,Diesel,Automatic,First,15.97,2993,258,5.0,54.0,BMW,X5 XDRIVE 30D DESIGN PURE EXPERIENCE 5 SEATER
713,2015,41721,Petrol,Manual,First,19.1,1197,82,5.0,4.7,HYUNDAI,XCENT 1.2 KAPPA SX OPTION
714,2017,13000,Petrol,Automatic,First,22.0,1197,81.80,5.0,8.5,MARUTI,DZIRE AMT ZXI PLUS
715,2013,38998,Diesel,Automatic,First,16.07,1995,181,4.0,17.0,BMW,3 SERIES 320D CORPORATE EDITION
716,2017,54250,Petrol,Manual,First,22.74,796,47.3,5.0,3.51,MARUTI,ALTO 800 LXI
717,2013,45979,Diesel,Automatic,Second,17.11,1968,174.33,5.0,19.5,AUDI,A4 2.0 TDI 177 BHP PREMIUM PLUS
718,2012,37000,Petrol,Automatic,Second,13.6,1598,181,4.0,17.0,MINI,COOPER S
719,2015,46983,Diesel,Automatic,Second,12.07,2967,241.4,7.0,43.35,AUDI,Q7 3.0 TDI QUATTRO PREMIUM PLUS
720,2012,40700,Diesel,Manual,First,25.44,936,57.6,5.0,2.65,CHEVROLET,BEAT DIESEL LT
721,2015,43828,Petrol,Manual,First,20.51,998,67.04,5.0,3.52,MARUTI,WAGON R LXI BS IV
722,2016,53000,Diesel,Manual,First,19.01,1461,108.5,5.0,6.25,NISSAN,TERRANO XV PREMIUM 110 PS
723,2015,100000,Diesel,Automatic,First,18.88,1995,184,5.0,24.75,BMW,3 SERIES 320D LUXURY PLUS
724,2015,19000,Petrol,Manual,First,20.85,1197,83.14,5.0,5.25,MARUTI,SWIFT DZIRE VXI
725,2016,84000,Diesel,Manual,First,17.72,1968,108.5,5.0,11.0,SKODA,YETI ELEGANCE 4X2
726,2018,37630,Petrol,Automatic,First,15.63,1499,110.4,5.0,9.1,FORD,ECOSPORT 1.5 TI VCT AT TITANIUM
727,2010,67714,Petrol,Manual,First,18.5,1197,80,5.0,3.25,HYUNDAI,I20 1.2 MAGNA
728,2017,32000,Diesel,Manual,First,15.0,1248,88.5,5.0,8.5,MARUTI,S CROSS DDIS 200 SIGMA OPTION
729,2010,51000,Petrol,Manual,First,16.2,1599,103.2,5.0,3.1,HYUNDAI,VERNA TRANSFORM VTVT
730,2015,58390,Diesel,Automatic,First,18.88,1995,184,5.0,19.86,BMW,3 SERIES 320D LUXURY LINE
731,2017,14000,Diesel,Manual,First,24.0,1186,73.97,5.0,4.9,HYUNDAI,GRAND I10 1.2 CRDI MAGNA
732,2014,55818,Petrol,Manual,Second,17.4,1497,117.3,5.0,5.7,HONDA,CITY I-VTEC V
733,2006,97800,Petrol,Manual,Third,16.1,,,,1.75,MARUTI,SWIFT 1.3 VXI
734,2012,52241,Diesel,Manual,First,25.2,1248,74,5.0,2.9,MARUTI,SWIFT VDI BSIV
735,2018,25433,Diesel,Manual,First,27.39,1248,74,5.0,7.83,MARUTI,BALENO ZETA 1.3
736,2015,40611,Diesel,Manual,First,14.0,2179,138.1,7.0,8.15,TATA,SAFARI STORME 2012-2015 LX
737,2008,72000,Petrol,Manual,Second,13.2,1495,94,5.0,2.0,HYUNDAI,ACCENT GLS
738,2016,54631,Diesel,Manual,First,25.2,1248,74,5.0,6.25,MARUTI,SWIFT LDI SP LIMITED EDITION
739,2007,60000,Diesel,Manual,Second,17.8,1248,,5.0,3.4,MARUTI,SWIFT VDI BSIV
740,2016,24941,Petrol,Automatic,First,21.9,624,37.48,4.0,3.19,TATA,NANO XTA
741,2017,63939,Diesel,Manual,First,25.47,1248,88.50,7.0,7.75,MARUTI,ERTIGA VDI
742,2014,35214,Petrol,Automatic,Second,23.1,998,67.04,5.0,3.2,MARUTI,CELERIO VXI AMT
743,2015,63000,Diesel,Manual,First,25.2,1248,74,5.0,4.9,MARUTI,SWIFT VDI BSIV
744,2012,121377,Petrol,Manual,First,15.04,1598,103.6,5.0,3.8,VOLKSWAGEN,VENTO PETROL HIGHLINE
745,2009,100970,Diesel,Automatic,First,15.5,1896,105,5.0,4.0,VOLKSWAGEN,JETTA 2007-2011 1.9 HIGHLINE TDI
746,2014,60000,Diesel,Automatic,Second,20.7,1496,113.98,5.0,23.5,MINI,COOPER 5 DOOR D
747,2008,77650,Diesel,Manual,First,17.2,1396,53.5,5.0,1.15,TATA,INDICA V2 DLS
748,2007,71297,Petrol,Manual,First,17.0,1086,,5.0,2.2,HYUNDAI,SANTRO XING XO
749,2008,55001,Diesel,Automatic,Second,0.0,,,,26.5,LAND,ROVER RANGE ROVER 3.0 D
750,2015,18955,Petrol,Automatic,First,18.0,1497,117.3,5.0,10.65,HONDA,CITY I-VTEC CVT VX
751,2016,47877,Diesel,Automatic,First,16.36,2179,187.7,5.0,35.68,JAGUAR,XF 2.2 LITRE LUXURY
752,2017,43368,Diesel,Automatic,First,15.0,2143,204,5.0,31.94,MERCEDES-BENZ,E-CLASS 2015-2017 E250 EDITION E
753,2011,73000,Diesel,Manual,Third,18.3,1991,147.9,5.0,4.2,CHEVROLET,CRUZE LTZ
754,2015,72007,Diesel,Manual,First,15.1,2179,140,7.0,9.9,MAHINDRA,XUV500 W8 2WD
755,2014,56778,Petrol,Automatic,First,11.74,1796,186,5.0,15.46,MERCEDES-BENZ,NEW C-CLASS C 200 CGI AVANTGARDE
756,2018,20024,Petrol,Manual,First,18.2,1199,88.7,5.0,8.46,HONDA,JAZZ VX
757,2013,42103,Petrol,Manual,First,16.78,1496,88.73,5.0,3.25,TOYOTA,ETIOS G
758,2012,67147,Petrol,Manual,First,19.7,796,46.3,5.0,2.6,MARUTI,ALTO LXI BSIII
759,2016,37806,Petrol,Manual,First,20.4,1197,81.80,5.0,5.2,MARUTI,SWIFT VXI BSIV
760,2009,85000,Petrol,Manual,Third,19.0,998,66.1,5.0,1.8,MARUTI,A-STAR VXI
761,2011,35000,Petrol,Manual,First,25.4,624,37.48,4.0,1.6,TATA,NANO LX BSIV
762,2015,72035,Diesel,Manual,First,25.5,1498,99,5.0,2.5,FORD,FIGO TITANIUM DIESEL
763,2011,48500,Petrol,Manual,First,16.0,1368,90,5.0,2.5,FIAT,LINEA EMOTION
764,2017,28854,Petrol,Manual,First,18.16,1196,86.8,5.0,6.7,FORD,FIGO ASPIRE 1.2 TI-VCT TREND
765,2005,92450,Petrol,Manual,First,15.4,1590,94,5.0,1.2,MARUTI,BALENO LXI
766,2016,14351,Diesel,Automatic,First,18.88,1995,184,5.0,35.55,BMW,3 SERIES 320D LUXURY LINE
767,2017,51087,Diesel,Manual,First,17.9,1998,163.7,5.0,7.75,CHEVROLET,CRUZE LTZ
768,2005,50000,Diesel,Manual,First,12.7,2609,116.6,8.0,1.94,MAHINDRA,SCORPIO 2.6 DX
769,2016,73000,Diesel,Manual,First,25.0,1396,69,5.0,2.2,TATA,INDICA V2 ELS
770,2011,60000,Diesel,Automatic,First,18.1,1991,147.9,4.0,3.8,CHEVROLET,CRUZE LTZ AT
771,2016,50000,Diesel,Manual,First,12.8,2494,102,8.0,15.65,TOYOTA,INNOVA 2.5 V DIESEL 8-SEATER
772,2018,36797,Diesel,Automatic,First,19.27,2143,167.62,5.0,39.47,MERCEDES-BENZ,NEW C-CLASS C 220D AVANTGARDE EDITION C
773,2011,50000,Petrol,Manual,Second,18.5,1197,85.80,5.0,1.5,MARUTI,RITZ VXI
774,2013,94000,Diesel,Manual,First,12.8,2494,102,8.0,8.85,TOYOTA,INNOVA 2.5 GX (DIESEL) 8 SEATER BS IV
775,2013,74000,Diesel,Manual,Second,12.55,2982,168.5,7.0,17.9,TOYOTA,FORTUNER 4X4 MT
776,2014,41016,Petrol,Automatic,Second,16.95,1197,78.9,5.0,5.08,HYUNDAI,I10 SPORTZ AT
777,2012,67000,Diesel,Manual,First,22.32,1582,126.32,5.0,6.25,HYUNDAI,VERNA 1.6 SX
778,2015,76927,Diesel,Automatic,First,15.73,1968,174.33,5.0,22.75,AUDI,Q3 2012-2015 35 TDI QUATTRO PREMIUM PLUS
779,2010,17088,Petrol,Manual,First,18.6,1199,79.4,5.0,1.46,CHEVROLET,BEAT LS
780,2007,112808,Diesel,Manual,Second,17.8,1399,68,5.0,2.05,FORD,FIESTA 1.4 DURATORQ ZXI
781,2014,74980,Diesel,Manual,First,20.0,1399,68,5.0,4.08,FORD,FIGO DIESEL EXI
782,2014,44600,Petrol,Automatic,First,23.1,998,67.04,5.0,4.55,MARUTI,CELERIO VXI AT
783,2013,37000,Diesel,Automatic,First,20.0,2143,107.3,5.0,14.0,MERCEDES-BENZ,A CLASS A180 CDI
784,2016,21000,Petrol,Manual,First,15.8,1591,121.3,5.0,10.9,HYUNDAI,CRETA 1.6 SX
785,2010,81245,Petrol,Manual,First,18.9,998,67.1,5.0,2.45,MARUTI,WAGON R VXI BS IV
786,2013,70000,Diesel,Automatic,First,10.0,2148,170,5.0,15.8,MERCEDES-BENZ,E-CLASS 2009-2013 E 220 CDI AVANTGARDE
787,2017,4018,Petrol,Manual,First,18.88,1499,110.4,5.0,8.25,FORD,ECOSPORT 1.5 TI VCT MT TITANIUM BE
788,2013,70000,Diesel,Automatic,Second,13.73,1995,148,5.0,8.5,RENAULT,KOLEOS 2.0 DIESEL
789,2016,56532,Diesel,Manual,First,16.0,2179,140,7.0,15.54,MAHINDRA,XUV500 W10 2WD
790,2013,26875,Petrol,Manual,First,16.8,796,34.2,8.0,2.35,MARUTI,OMNI E 8 STR STD
791,2015,72599,Petrol,Manual,First,22.5,998,67.04,5.0,4.32,MARUTI,WAGON R VXI
792,2008,205000,Diesel,Manual,Second,13.1,2499,141,7.0,3.9,FORD,ENDEAVOUR XLT TDCI 4X2
793,2011,98000,Diesel,Manual,Second,22.32,1582,126.32,5.0,5.2,HYUNDAI,VERNA 1.6 SX
794,2018,19500,Petrol,Manual,First,18.6,1197,81.83,5.0,5.85,HYUNDAI,I20 MAGNA 1.2
795,2013,68000,Petrol,Manual,Second,16.02,1373,93.7,7.0,6.25,MARUTI,ERTIGA ZXI
796,2019,19654,Diesel,Automatic,First,14.0,2179,155,7.0,17.63,MAHINDRA,XUV500 W9 AT
797,2017,26000,Diesel,Manual,First,23.65,1248,88.5,5.0,9.75,MARUTI,SX4 S CROSS DDIS 200 ZETA
798,2015,10000,Petrol,Automatic,First,18.1,3498,306,2.0,55.0,MERCEDES-BENZ,SLK-CLASS SLK 350
799,2011,75020,Diesel,Manual,First,22.07,1199,73.9,5.0,4.1,VOLKSWAGEN,POLO DIESEL COMFORTLINE 1.2L
800,2011,157000,Diesel,Manual,First,12.55,2982,168.5,7.0,11.99,TOYOTA,FORTUNER 4X4 MT
801,2017,43773,Diesel,Manual,First,16.0,2179,140,7.0,13.54,MAHINDRA,XUV500 W10 2WD
802,2016,21000,Diesel,Automatic,First,17.9,2143,201.15,5.0,56.0,MERCEDES-BENZ,GLE 250D
803,2016,23280,Petrol,Manual,First,18.7,1199,88.7,5.0,6.5,HONDA,JAZZ 1.2 VX I VTEC
804,2013,88000,Diesel,Manual,First,23.4,1248,74,5.0,4.75,MARUTI,SWIFT DZIRE VDI
805,2014,67000,Petrol,Manual,First,17.01,1591,121.3,5.0,5.6,HYUNDAI,VERNA 1.6 SX VTVT
806,2017,59636,Diesel,Automatic,First,10.91,3198,197,7.0,29.2,FORD,ENDEAVOUR 3.2 TITANIUM AT 4X4
807,2018,11000,Petrol,Manual,First,18.6,1197,81.83,5.0,6.35,HYUNDAI,I20 1.2 ASTA OPTION
808,2013,60669,Petrol,Manual,First,16.8,1497,116.3,5.0,4.95,HONDA,CITY 1.5 V MT SUNROOF
809,2018,12000,Diesel,Manual,First,27.4,1498,98.6,5.0,8.5,HONDA,AMAZE VX DIESEL
810,2013,35000,Petrol,Manual,First,17.1,1591,121.3,5.0,4.5,HYUNDAI,VERNA 1.6 SX VTVT (O)
811,2015,65000,Diesel,Manual,First,24.2,1498,98.6,7.0,5.5,HONDA,MOBILIO S I DTEC
812,2013,39929,Diesel,Manual,First,20.77,1248,88.8,7.0,6.56,MARUTI,ERTIGA ZDI
813,2014,49000,Petrol,Manual,First,24.07,998,67.1,5.0,2.3,MARUTI,ALTO K10 LXI
814,2004,77757,Diesel,Manual,Second,13.1,2446,75,10.0,3.5,TOYOTA,QUALIS FS B2
815,2016,21456,Petrol,Manual,First,20.36,1197,78.9,5.0,4.55,HYUNDAI,I10 SPORTZ
816,2009,74000,Diesel,Automatic,Second,17.0,1896,105,5.0,7.75,SKODA,LAURA 1.9 TDI AT AMBIENTE
817,2015,37000,Petrol,Manual,Second,18.6,1197,81.83,5.0,5.25,HYUNDAI,I20 ASTA OPTION 1.2
818,2013,108640,Diesel,Automatic,First,11.5,2993,235,5.0,23.29,BMW,5 SERIES 2003-2012 530D HIGHLINE
819,2016,38000,Diesel,Automatic,First,22.69,1995,190,5.0,23.99,BMW,3 SERIES 320D M SPORT
820,2010,80000,Petrol,Manual,First,14.49,1399,92.7,5.0,1.79,CHEVROLET,AVEO 1.4 LT ABS BSIV
821,2011,47000,Diesel,Automatic,Second,14.21,2143,203,5.0,13.9,MERCEDES-BENZ,E-CLASS 2009-2013 E250 CDI ELEGANCE
822,2013,31000,Diesel,Automatic,First,17.68,1968,174.33,5.0,18.95,AUDI,A6 2011-2015 2.0 TDI PREMIUM PLUS
823,2014,40000,Petrol,Manual,First,20.51,998,67.04,5.0,2.49,MARUTI,WAGON R LXI BS IV
824,2016,4152,Petrol,Manual,First,25.17,799,53.3,5.0,3.15,RENAULT,KWID RXT
825,2017,51000,Diesel,Manual,First,21.66,1498,108.62,5.0,6.45,VOLKSWAGEN,AMEO 1.5 TDI HIGHLINE
826,2013,55000,Diesel,Manual,First,22.07,1199,73.9,5.0,4.25,VOLKSWAGEN,POLO DIESEL COMFORTLINE 1.2L
827,2014,58500,Petrol,Manual,First,22.74,796,47.3,5.0,2.75,MARUTI,ALTO 800 LXI
828,2017,58620,Petrol,Manual,First,18.6,1197,81.83,5.0,7.14,HYUNDAI,I20 ASTA OPTION 1.2
829,2012,29605,Petrol,Manual,First,18.3,1197,,5.0,2.44,TOYOTA,ETIOS LIVA G
830,2012,71172,Petrol,Manual,Third,17.0,1197,80,5.0,3.5,HYUNDAI,I20 1.2 SPORTZ
831,2017,12000,Diesel,Manual,First,22.54,1396,88.73,5.0,7.3,HYUNDAI,I20 1.4 ASTA
832,2014,25000,Petrol,Manual,First,20.51,998,67.04,5.0,2.75,MARUTI,WAGON R LXI OPTIONAL
833,2017,43000,Diesel,Manual,Second,22.54,1396,88.73,5.0,8.2,HYUNDAI,I20 1.4 ASTA OPTION
834,2015,57022,Petrol,Automatic,First,17.21,1197,103.6,5.0,6.51,VOLKSWAGEN,POLO GT TSI
835,2015,92000,Diesel,Manual,First,20.0,1399,68.05,5.0,4.25,FORD,FIGO DIESEL TITANIUM
836,2014,33372,Petrol,Manual,Second,18.6,1197,85.8,5.0,6.21,MARUTI,SWIFT ZXI
837,2016,52625,Diesel,Manual,First,24.0,1120,70,5.0,4.58,HYUNDAI,GRAND I10 CRDI MAGNA
838,2016,215000,Diesel,Manual,First,14.02,2179,118.3,7.0,7.5,MAHINDRA,XYLO H4
839,2012,65537,CNG,Manual,First,26.83,796,38.4,5.0,2.1,MARUTI,ALTO GREEN LXI (CNG)
840,2014,60138,Petrol,Manual,First,19.81,1086,68.05,5.0,4.09,HYUNDAI,I10 MAGNA 1.1
841,2014,84000,Diesel,Automatic,First,19.3,1968,141,5.0,10.75,SKODA,OCTAVIA ELEGANCE 2.0 TDI AT
842,2014,47000,Diesel,Automatic,First,15.97,2993,258,7.0,41.5,BMW,X5 2014-2019 XDRIVE 30D DESIGN PURE EXPERIENCE 7 SEATER
843,2014,33450,Petrol,Automatic,First,23.1,998,67.04,5.0,4.4,MARUTI,CELERIO VXI AT
844,2013,125000,Diesel,Manual,Second,20.54,1598,103.6,5.0,6.25,VOLKSWAGEN,VENTO DIESEL COMFORTLINE
845,2011,99606,Diesel,Automatic,Second,16.07,1995,181,5.0,10.5,BMW,3 SERIES 320D HIGHLINE
846,2014,64000,Diesel,Manual,First,20.77,1248,88.8,7.0,7.25,MARUTI,ERTIGA ZDI
847,2013,51000,Diesel,Manual,First,20.0,1399,68.05,5.0,3.2,FORD,FIGO DIESEL ZXI
848,2014,57000,Petrol,Manual,First,16.47,1198,74,5.0,3.95,VOLKSWAGEN,POLO 1.2 MPI HIGHLINE
849,2009,48040,Diesel,Automatic,Second,16.77,2967,241.38,5.0,12.07,AUDI,A6 3.0 TDI QUATTRO
850,2017,43200,Diesel,Manual,First,13.68,2393,147.8,7.0,18.6,TOYOTA,INNOVA CRYSTA 2.4 ZX MT
851,2013,66000,Diesel,Automatic,First,22.32,1582,126.3,5.0,5.7,HYUNDAI,VERNA 1.6 CRDI EX AT
852,2013,31000,Petrol,Manual,First,17.92,1086,62.1,5.0,1.75,HYUNDAI,SANTRO XING GL PLUS
853,2011,46000,Diesel,Automatic,Second,16.55,1968,147.51,5.0,10.99,AUDI,A4 2.0 TDI
854,2012,47346,Diesel,Automatic,First,16.55,1968,147.51,5.0,14.5,AUDI,A4 2.0 TDI
855,2009,100000,Diesel,Manual,First,17.0,1896,105,5.0,3.11,SKODA,LAURA 1.9 TDI MT AMBIENTE
856,2015,63856,Petrol,Automatic,First,13.7,1997,153.86,5.0,13.96,HONDA,CR-V 2.0L 2WD AT
857,2015,72996,Diesel,Manual,First,22.32,1582,126.32,5.0,7.11,HYUNDAI,VERNA 1.6 SX CRDI (O)
858,2014,23000,Diesel,Manual,First,24.5,1498,98.6,7.0,6.9,HONDA,MOBILIO RS I DTEC
859,2018,15985,Petrol,Manual,First,18.6,1197,81.83,5.0,7.77,HYUNDAI,I20 1.2 ASTA OPTION
860,2011,98000,Diesel,Manual,Second,12.8,2494,102,8.0,5.5,TOYOTA,INNOVA 2.5 G (DIESEL) 7 SEATER BS IV
861,2014,70089,Petrol,Manual,First,18.6,1197,81.83,5.0,5.35,HYUNDAI,I20 MAGNA 1.2
862,2011,99000,Diesel,Manual,Second,13.6,2523,63,7.0,4.5,MAHINDRA,BOLERO VLX BS IV
863,2014,72000,Diesel,Manual,First,20.34,1498,103.2,5.0,4.75,VOLKSWAGEN,VENTO 1.5 TDI COMFORTLINE
864,2015,44194,Diesel,Automatic,First,16.36,2179,187.7,5.0,32.8,JAGUAR,XF 2.2 LITRE LUXURY
865,2005,102000,Petrol,Manual,First,17.3,993,60,5.0,0.7,MARUTI,ZEN LXI - BS III
866,2018,56652,Diesel,Automatic,First,13.0,2987,258,5.0,50.29,MERCEDES-BENZ,E-CLASS FACELIFT
867,2010,41650,Diesel,Manual,Second,11.5,2982,171,7.0,10.99,TOYOTA,FORTUNER 3.0 DIESEL
868,2015,61717,Petrol,Automatic,First,18.9,1197,82,5.0,5.57,HYUNDAI,GRAND I10 AT ASTA
869,2018,25302,Diesel,Manual,First,25.4,1186,73.97,5.0,5.9,HYUNDAI,XCENT 1.2 CRDI S
870,2016,47016,Petrol,Manual,First,15.29,1591,121.3,5.0,9.43,HYUNDAI,CRETA 1.6 VTVT S
871,2010,69000,Petrol,Manual,First,20.36,1197,78.9,5.0,2.9,HYUNDAI,I10 SPORTZ
872,2016,32700,Petrol,Manual,First,19.4,1198,86.8,5.0,3.68,HONDA,BRIO S MT
873,2015,101337,Diesel,Automatic,First,12.55,2982,168.5,7.0,21.67,TOYOTA,FORTUNER 4X2 AT
874,2011,59000,Diesel,Automatic,First,16.55,1968,140,5.0,12.5,AUDI,A4 2.0 TDI MULTITRONIC
875,2018,41736,Diesel,Automatic,First,11.36,2755,171.5,7.0,19.92,TOYOTA,INNOVA CRYSTA 2.8 ZX AT
876,2014,71649,Diesel,Manual,First,25.1,1498,98.6,5.0,6.75,HONDA,CITY I DTEC VX
877,2015,80606,Diesel,Manual,First,25.1,1498,98.6,5.0,6.96,HONDA,CITY I DTEC VX
878,2017,63262,Petrol,Manual,First,21.7,999,67,5.0,3.25,RENAULT,KWID 1.0 RXT OPTIONAL
879,2018,5456,Diesel,Manual,First,28.4,1248,74,5.0,8.65,MARUTI,SWIFT DDIS ZDI PLUS
880,2017,7500,Petrol,Automatic,First,23.1,998,67.04,5.0,5.0,MARUTI,CELERIO VXI OPTIONAL AMT
881,2011,66000,Diesel,Manual,First,15.1,2179,140,7.0,5.5,MAHINDRA,XUV500 W8 2WD
882,2010,66770,Petrol,Manual,Second,20.36,1197,78.9,5.0,2.6,HYUNDAI,I10 MAGNA
883,2014,58472,Petrol,Manual,First,19.81,1086,68.05,5.0,3.41,HYUNDAI,I10 MAGNA 1.1
884,2011,46687,Petrol,Manual,First,22.0,1197,81.80,5.0,2.7,MARUTI,DZIRE VXI
885,2008,77000,Petrol,Automatic,Fourth & Above,9.7,1995,163.5,5.0,5.5,MARUTI,GRAND VITARA AT
886,2012,7000,Petrol,Automatic,First,14.33,1984,226.6,4.0,35.0,AUDI,TT 40 TFSI
887,2011,48000,Petrol,Automatic,Second,14.74,1991,184,5.0,9.75,MERCEDES-BENZ,NEW C-CLASS C 200 CGI
888,2013,47000,Diesel,Manual,First,21.64,1461,84.8,5.0,4.25,NISSAN,SUNNY 2011-2014 DIESEL XV
889,2015,51530,Petrol,Manual,First,18.9,998,67.1,5.0,3.2,MARUTI,WAGON R LXI
890,2014,25789,Diesel,Manual,Second,23.4,1248,74,5.0,6.85,MARUTI,SWIFT DZIRE ZDI
891,2015,48000,Diesel,Manual,First,25.8,1498,98.6,5.0,4.5,HONDA,AMAZE S I-DTECH
892,2012,52000,Diesel,Manual,First,28.4,1248,74,5.0,3.55,MARUTI,SWIFT ZDI
893,2010,95637,CNG,Manual,Second,13.2,1495,93.7,5.0,1.9,HYUNDAI,ACCENT EXECUTIVE CNG
894,2008,131000,Diesel,Manual,First,10.5,2609,120,7.0,3.6,MAHINDRA,SCORPIO LX 2.6 TURBO
895,2015,42076,Diesel,Automatic,First,13.0,2143,201.1,5.0,21.8,MERCEDES-BENZ,E-CLASS E250 CDI AVANTGRADE
896,2012,76000,Diesel,Manual,Second,13.0,2982,168.5,7.0,13.5,TOYOTA,FORTUNER 4X2 MANUAL
897,2016,20487,Petrol,Manual,First,22.7,799,53.64,5.0,2.66,DATSUN,REDI-GO T OPTION
898,2010,43000,Petrol,Manual,Second,16.8,1497,116.3,5.0,3.75,HONDA,CITY V MT
899,2018,17000,Petrol,Automatic,First,19.16,2494,158.2,5.0,32.0,TOYOTA,CAMRY HYBRID
900,2016,60805,Diesel,Manual,First,26.0,1498,98.6,5.0,8.07,HONDA,CITY I DTEC V
901,2012,58775,Diesel,Manual,First,19.33,1968,138.1,5.0,5.64,VOLKSWAGEN,JETTA 2012-2014 2.0L TDI TRENDLINE
902,2013,70181,Diesel,Automatic,First,17.68,1968,174.33,5.0,23.99,AUDI,A6 2011-2015 2.0 TDI
903,2016,85827,Diesel,Manual,First,20.77,1248,88.76,7.0,7.5,MARUTI,ERTIGA VDI
904,2016,58205,Diesel,Automatic,First,19.27,2143,167.62,5.0,27.0,MERCEDES-BENZ,NEW C-CLASS C 220 CDI STYLE
905,2008,91000,Diesel,Manual,Second,19.3,1248,73.9,5.0,2.85,MARUTI,SWIFT DZIRE VDI BSIV
906,2012,74000,Diesel,Manual,First,19.01,1461,108.45,5.0,6.35,RENAULT,DUSTER 110PS DIESEL RXZ PACK
907,2010,79324,Diesel,Manual,First,21.1,1248,73.9,5.0,3.3,MARUTI,RITZ VDI
908,2013,38623,Petrol,Manual,First,19.1,1197,85.8,5.0,5.0,MARUTI,SWIFT DZIRE VXI
909,2014,59923,Diesel,Manual,First,22.9,1248,74,5.0,6.46,MARUTI,SWIFT ZDI
910,2017,23360,Petrol,Manual,First,21.1,814,55.2,5.0,3.75,HYUNDAI,EON SPORTZ
911,2003,61495,Petrol,Manual,Third,17.3,993,60,5.0,1.52,MARUTI,ZEN VXI BSII
912,2012,56661,Petrol,Manual,First,15.1,1196,73,7.0,3.61,MARUTI,EECO 7 SEATER STANDARD
913,2017,40318,Diesel,Automatic,First,14.16,1968,174.3,5.0,43.74,AUDI,Q5 30 TDI QUATTRO PREMIUM
914,2014,60000,Diesel,Automatic,First,15.73,1968,174.33,5.0,20.0,AUDI,Q3 2.0 TDI
915,2008,103000,Diesel,Automatic,Second,0.0,799,,2.0,3.0,SMART,FORTWO CDI AT
916,2010,130000,Diesel,Manual,First,19.3,1248,73.9,5.0,3.65,MARUTI,SWIFT DZIRE VDI
917,2013,20000,Diesel,Manual,First,14.07,1978,83.1,10.0,5.25,TATA,SUMO DX
918,2016,76000,Diesel,Automatic,First,15.97,2993,258,7.0,58.0,BMW,X5 2014-2019 XDRIVE 30D DESIGN PURE EXPERIENCE 7 SEATER
919,2015,30000,Petrol,Automatic,First,18.0,1497,117.3,5.0,8.65,HONDA,CITY I-VTEC CVT VX
920,2015,150000,Diesel,Manual,First,25.0,1396,69.01,5.0,2.5,TATA,INDIGO ECS ELX BS IV
921,2014,28000,Petrol,Automatic,First,16.93,1197,103.6,5.0,7.75,VOLKSWAGEN,VENTO TSI
922,2015,74000,Petrol,Manual,First,23.1,998,67.04,5.0,4.15,MARUTI,CELERIO VXI
923,2011,75000,Diesel,Manual,First,11.5,2982,171,7.0,10.85,TOYOTA,FORTUNER 3.0 DIESEL
924,2010,76000,Petrol,Automatic,Second,11.3,2360,170,5.0,5.53,MITSUBISHI,OUTLANDER 2.4
925,2014,64889,Diesel,Automatic,First,15.5,1896,105,5.0,11.5,VOLKSWAGEN,JETTA 2007-2011 1.9 HIGHLINE TDI
926,2010,10000,Petrol,Manual,First,9.0,3436,,2.0,40.0,PORSCHE,CAYMAN 2009-2012 S
927,2015,43000,Diesel,Manual,First,19.67,1582,126.2,5.0,9.25,HYUNDAI,CRETA 1.6 CRDI SX
928,2011,47490,Petrol,Manual,First,17.5,1198,75,5.0,2.29,SKODA,FABIA 1.2 MPI AMBIENTE PETROL
929,2015,80000,Diesel,Manual,First,22.77,1498,98.59,5.0,7.0,FORD,ECOSPORT 1.5 TDCI TITANIUM
930,2007,60000,Petrol,Manual,Second,18.2,1061,64,5.0,1.65,MARUTI,ZEN ESTILO 1.1 LXI BSIII
931,2017,6006,Petrol,Manual,First,20.73,1373,91.1,5.0,8.25,MARUTI,CIAZ 1.4 DELTA
932,2011,71703,Petrol,Automatic,First,14.74,1991,181.03,5.0,9.14,MERCEDES-BENZ,NEW C-CLASS C 200 AVANTGARDE EDITION C
933,2016,33000,Petrol,Manual,First,17.8,1198,86.7,5.0,6.5,HONDA,AMAZE SX I-VTEC
934,2012,60000,Diesel,Manual,First,23.59,1364,,5.0,2.95,TOYOTA,ETIOS GD
935,2015,91000,Diesel,Manual,First,19.87,1461,83.8,5.0,5.75,RENAULT,DUSTER 85PS DIESEL RXL
936,2012,72000,LPG,Manual,First,26.2,998,58.2,5.0,2.85,MARUTI,WAGON R LXI LPG BSIV
937,2011,43000,Petrol,Manual,Second,16.47,1198,73.9,5.0,2.1,VOLKSWAGEN,POLO PETROL HIGHLINE 1.2L
938,2017,63770,Diesel,Manual,First,19.67,1582,126.2,5.0,13.55,HYUNDAI,CRETA 1.6 SX PLUS DIESEL
939,2012,43510,Diesel,Automatic,First,14.74,2993,270.9,5.0,20.5,JAGUAR,XF DIESEL
940,2017,52000,Diesel,Manual,First,16.3,1956,170,5.0,20.0,JEEP,COMPASS 2.0 LIMITED 4X4
941,2018,31427,Diesel,Automatic,First,15.68,1999,177,5.0,59.72,LAND,ROVER RANGE ROVER EVOQUE 2.0 TD4 HSE DYNAMIC
942,2016,29000,Diesel,Manual,First,27.39,1248,74,5.0,6.5,MARUTI,BALENO ALPHA DIESEL
943,2016,56000,Diesel,Manual,First,28.09,1248,88.5,5.0,7.5,MARUTI,CIAZ ZDI SHVS
944,2007,76000,Petrol,Manual,Second,15.0,1586,104.68,5.0,2.15,MARUTI,SX4 VXI BSIII
945,2015,53615,Diesel,Manual,First,22.7,1582,126.24,5.0,8.44,HYUNDAI,ELANTRA CRDI SX
946,2013,132000,Diesel,Manual,First,13.5,2477,175.56,7.0,12.49,MITSUBISHI,PAJERO SPORT 4X4
947,2017,14800,Petrol,Manual,First,17.0,1198,73.75,5.0,5.48,VOLKSWAGEN,AMEO 1.2 MPI COMFORTLINE
948,2013,35433,Petrol,Manual,First,18.5,1197,85.80,5.0,4.2,MARUTI,RITZ VXI
949,2013,82966,Diesel,Manual,First,16.8,1493,110,5.0,7.2,HYUNDAI,VERNA CRDI SX
950,2014,96000,Diesel,Manual,First,23.4,1248,74,5.0,4.8,MARUTI,SWIFT DZIRE TOUR LDI
951,2017,39528,Diesel,Manual,First,25.32,1198,77,6.0,5.83,MAHINDRA,KUV 100 MFALCON D75 K6
952,2018,92056,Diesel,Manual,First,13.68,2393,147.8,7.0,18.39,TOYOTA,INNOVA CRYSTA 2.4 ZX MT
953,2016,14930,Petrol,Manual,First,21.4,1197,83.1,5.0,5.85,MARUTI,BALENO DELTA 1.2
954,2016,38000,Diesel,Manual,First,27.3,1498,98.6,5.0,6.21,HONDA,JAZZ VX DIESEL
955,2013,71000,Petrol,Manual,First,17.0,1197,80,5.0,3.65,HYUNDAI,I20 1.2 ASTA
956,2012,71000,Diesel,Manual,First,23.0,1396,90,5.0,3.7,HYUNDAI,I20 SPORTZ DIESEL
957,2015,50000,Diesel,Automatic,First,19.27,2143,167.62,5.0,30.0,MERCEDES-BENZ,NEW C-CLASS C 220D AVANTGARDE EDITION C
958,2016,48163,Petrol,Manual,First,19.1,1197,82,5.0,4.85,HYUNDAI,XCENT 1.2 KAPPA BASE
959,2017,19168,Petrol,Automatic,First,18.9,1197,82,5.0,6.93,HYUNDAI,GRAND I10 AT ASTA
960,2016,26000,Petrol,Manual,First,22.74,796,47.3,5.0,2.6,MARUTI,ALTO 800 VXI
961,2014,37400,Petrol,Manual,First,18.2,1199,82.5,5.0,1.89,CHEVROLET,SAIL HATCHBACK 1.2 LS
962,2018,8682,Diesel,Automatic,First,0.0,1950,194,5.0,39.5,MERCEDES-BENZ,C-CLASS PROGRESSIVE C 220D
963,2012,95000,Petrol,Automatic,First,13.7,1798,157.75,5.0,10.0,SKODA,SUPERB ELEGANCE 1.8 TSI AT
964,2009,34000,Diesel,Automatic,First,16.55,1968,147.51,5.0,9.95,AUDI,A4 2.0 TDI
965,2014,95000,Diesel,Manual,Second,12.8,2494,102,8.0,9.45,TOYOTA,INNOVA 2.5 G (DIESEL) 7 SEATER BS IV
966,2017,13689,Diesel,Automatic,First,17.9,2143,136,5.0,28.25,MERCEDES-BENZ,CLA 200 CDI SPORT
967,2008,84000,Petrol,Manual,Second,19.81,1086,68.05,5.0,1.8,HYUNDAI,I10 ERA
968,2008,47000,Petrol,Manual,Second,17.5,1298,85.8,5.0,1.4,MARUTI,SWIFT DZIRE VXI
969,2015,60001,Diesel,Automatic,First,21.66,1498,103.52,5.0,7.25,SKODA,RAPID 1.5 TDI AT AMBITION
970,2012,96000,Diesel,Manual,First,21.1,1248,73.9,5.0,3.6,MARUTI,RITZ VDI
971,2004,47300,Petrol,Manual,Second,14.4,1599,94,5.0,1.2,HYUNDAI,ACCENT GLS 1.6
972,2014,28246,Petrol,Manual,Second,17.8,1198,86.7,5.0,4.94,HONDA,AMAZE SX I-VTEC
973,2007,65000,Petrol,Manual,Second,18.9,998,67.1,5.0,1.25,MARUTI,WAGON R LXI
974,2013,68000,Diesel,Manual,Second,22.07,1199,73.9,5.0,4.8,VOLKSWAGEN,POLO DIESEL COMFORTLINE 1.2L
975,2019,11209,Diesel,Automatic,First,12.62,2198,158,7.0,31.15,FORD,ENDEAVOUR 2.2 TREND AT 4X2
976,2011,41980,Petrol,Manual,Second,17.0,1197,80,5.0,3.3,HYUNDAI,I20 1.2 SPORTZ
977,2012,65000,Diesel,Manual,First,25.44,936,57.6,5.0,2.4,CHEVROLET,BEAT DIESEL PS
978,2010,38000,Petrol,Manual,First,14.8,1799,130.2,5.0,2.0,HONDA,CIVIC 2010-2013 1.8 V MT
979,2014,51000,Petrol,Manual,First,20.51,998,67.04,5.0,3.1,MARUTI,WAGON R VXI BS IV
980,2014,33855,Petrol,Manual,First,15.0,1598,103.6,5.0,5.09,SKODA,RAPID 1.6 MPI AMBITION PLUS
981,2006,146000,Petrol,Manual,Second,15.4,1590,94,5.0,1.05,MARUTI,BALENO VXI - BSIII
982,2015,47037,Diesel,Manual,Second,22.77,1498,98.59,5.0,7.0,FORD,ECOSPORT 1.5 TDCI TITANIUM
983,2010,58000,Petrol,Manual,Second,13.2,1495,94,5.0,2.5,HYUNDAI,ACCENT GLE
984,2012,61240,Diesel,Automatic,First,22.48,1995,190,5.0,17.5,BMW,5 SERIES 520D LUXURY LINE
985,2011,91211,Petrol,Manual,First,20.92,998,67.1,5.0,2.1,MARUTI,ALTO K10 2010-2014 VXI
986,2013,84000,Diesel,Automatic,First,15.73,1968,174.33,5.0,17.75,AUDI,Q3 2012-2015 2.0 TDI QUATTRO PREMIUM PLUS
987,2008,64226,LPG,Manual,First,17.3,1061,57.5,5.0,1.45,MARUTI,WAGON R LXI DUO BSIII
988,2005,67000,Petrol,Automatic,Second,11.3,1794,125,5.0,2.45,TOYOTA,COROLLA H4
989,2011,106976,Diesel,Automatic,First,13.5,2400,215,5.0,13.8,VOLVO,XC60 D5
990,2016,27210,Diesel,Manual,First,27.3,1498,98.6,5.0,5.85,HONDA,JAZZ 1.5 VX I DTEC
991,2017,26322,Diesel,Manual,First,28.09,1248,88.5,5.0,8.9,MARUTI,CIAZ 1.3 ALPHA
992,2016,9107,Petrol,Manual,First,20.4,1197,81.80,5.0,5.15,MARUTI,SWIFT VXI BSIV
993,2015,63983,Diesel,Automatic,First,19.27,2143,170,5.0,16.56,MERCEDES-BENZ,NEW C-CLASS C 220 CDI AVANTGARDE
994,2010,134000,Petrol,Manual,Second,18.9,1061,67,5.0,1.65,MARUTI,WAGON R VXI MINOR
995,2015,11000,Petrol,Automatic,First,15.5,1595,120.7,5.0,16.0,MERCEDES-BENZ,A CLASS A180 SPORT
996,2008,93000,Petrol,Manual,First,0.0,1086,62,5.0,1.45,HYUNDAI,SANTRO XING GL
997,2017,24852,Diesel,Automatic,First,26.59,1248,74,5.0,8.08,MARUTI,SWIFT DZIRE AMT ZDI
998,2014,37632,Petrol,Automatic,First,18.9,1197,82,5.0,4.5,HYUNDAI,GRAND I10 AT ASTA
999,2013,55000,Petrol,Manual,Second,16.95,1498,97.7,5.0,4.3,NISSAN,SUNNY 2011-2014 XV SPECIAL EDITION
1000,2010,81448,Petrol,Manual,First,19.0,998,66.1,5.0,2.6,MARUTI,A-STAR LXI
1001,2018,1900,Petrol,Manual,First,25.17,799,53.3,5.0,4.45,RENAULT,KWID RXT OPTIONAL
1002,2012,54957,Petrol,Automatic,First,17.1,1591,121.4,5.0,5.37,HYUNDAI,VERNA 1.6 SX VTVT (O) AT
1003,2008,55000,Petrol,Manual,Second,18.9,1061,67,5.0,1.75,MARUTI,WAGON R LXI MINOR
1004,2013,21983,Diesel,Automatic,First,18.88,1995,184,5.0,16.5,BMW,3 SERIES 320D SPORT LINE
1005,2013,76000,Diesel,Automatic,First,18.48,1995,177,5.0,19.0,BMW,5 SERIES 2003-2012 520D
1006,2016,65000,Diesel,Manual,First,25.0,1396,69.01,5.0,2.8,TATA,INDIGO CS EVX
1007,2015,26000,Diesel,Manual,First,22.54,1396,88.73,5.0,6.2,HYUNDAI,I20 SPORTZ 1.4 CRDI
1008,2019,11571,Petrol,Manual,First,16.8,796,34.2,8.0,3.8,MARUTI,OMNI E MPI STD BS IV
1009,2014,81000,Diesel,Manual,First,25.2,1248,74,5.0,6.1,MARUTI,SWIFT ZDI
1010,2019,23154,Diesel,Manual,First,23.0,1498,98.96,5.0,11.65,FORD,ECOSPORT SIGNATURE EDITION DIESEL
1011,2014,26856,Petrol,Automatic,First,16.5,1198,86.8,5.0,4.15,HONDA,BRIO VX AT
1012,2017,67489,Diesel,Manual,First,13.68,2393,147.8,7.0,16.5,TOYOTA,INNOVA CRYSTA 2.4 GX MT
1013,2008,176000,Diesel,Manual,Second,10.5,2179,120,8.0,4.3,MAHINDRA,SCORPIO 2.6 LX
1014,2010,18000,Petrol,Manual,First,18.5,1197,80,5.0,2.25,HYUNDAI,I20 1.2 MAGNA
1015,2014,63003,Diesel,Manual,First,22.32,1582,126.32,5.0,6.75,HYUNDAI,VERNA 1.6 SX
1016,2014,80000,Diesel,Manual,First,15.1,2179,140,7.0,9.4,MAHINDRA,XUV500 W6 2WD
1017,2014,56658,Diesel,Manual,First,20.64,1498,108.5,5.0,5.39,VOLKSWAGEN,VENTO 1.5 TDI COMFORTLINE
1018,2019,18592,Diesel,Manual,First,26.59,1248,74,5.0,8.51,MARUTI,SWIFT DZIRE VDI OPTIONAL
1019,2010,75695,Petrol,Manual,First,13.7,1368,88.8,5.0,1.85,TATA,MANZA AURA SAFIRE BS IV
1020,2012,82000,Diesel,Manual,Second,22.9,1248,74,5.0,2.5,MARUTI,SWIFT VDI
1021,2013,60000,Diesel,Manual,First,22.07,1199,73.9,5.0,4.75,VOLKSWAGEN,POLO DIESEL HIGHLINE 1.2L
1022,2009,138000,Petrol,Manual,Second,17.0,1497,118,5.0,3.5,HONDA,CITY 1.5 V MT
1023,2014,67000,Diesel,Manual,First,23.0,1396,90,5.0,5.5,HYUNDAI,I20 ASTA (O) 1.4 CRDI (DIESEL)
1024,2012,42750,Petrol,Manual,First,17.0,1497,118,5.0,6.33,HONDA,CITY 1.5 V MT
1025,2014,52398,Diesel,Manual,First,25.44,936,57.6,5.0,2.47,CHEVROLET,BEAT DIESEL
1026,2014,36657,Petrol,Manual,First,16.2,995,62.1,5.0,3.3,CHEVROLET,SPARK 1.0 LS
1027,2011,77000,Diesel,Manual,Second,11.57,2179,138.1,7.0,3.5,TATA,NEW SAFARI DICOR 2.2 EX 4X2
1028,2014,85000,Diesel,Automatic,First,11.3,2987,254.8,7.0,38.75,MERCEDES-BENZ,GL-CLASS 350 CDI BLUE EFFICIENCY
1029,2008,112500,Diesel,Automatic,First,11.5,2993,235,5.0,7.99,BMW,5 SERIES 2003-2012 530D HIGHLINE
1030,2013,105072,Diesel,Manual,First,14.24,2755,174.5,7.0,13.28,TOYOTA,FORTUNER 2.8 4WD MT
1031,2012,80000,Petrol,Automatic,First,11.25,1995,150,5.0,9.5,BMW,X1 SDRIVE 18I
1032,2019,3102,Diesel,Manual,First,20.37,1461,108.45,5.0,14.01,RENAULT,CAPTUR 1.5 DIESEL PLATINE MONO
1033,2016,14656,Diesel,Manual,First,24.4,1120,71,5.0,6.99,HYUNDAI,XCENT 1.1 CRDI S
1034,2010,105000,Diesel,Automatic,Second,13.2,1995,170,5.0,11.0,BMW,3 SERIES 320D
1035,2008,61000,Petrol,Automatic,Second,10.8,2497,215,5.0,11.0,BMW,5 SERIES 2010-2013 525I
1036,2010,85046,Petrol,Manual,Second,18.06,1198,75,5.0,2.3,NISSAN,MICRA XE
1037,2014,48000,Diesel,Automatic,First,16.36,2179,187.7,5.0,26.5,JAGUAR,XF 2.2 LITRE LUXURY
1038,2011,55000,Diesel,Automatic,First,10.2,4367,308,7.0,67.0,LAND,ROVER RANGE ROVER TDV8 (DIESEL)
1039,2017,4000,Petrol,Automatic,First,16.0,1368,160,5.0,17.75,JEEP,COMPASS 1.4 LIMITED OPTION
1040,2010,94000,Petrol,Automatic,Second,10.1,2354,152,5.0,4.8,HONDA,CR-V 2.4 AT
1041,2013,61110,Petrol,Manual,First,18.6,1197,85.8,5.0,4.57,MARUTI,SWIFT VXI
1042,2016,80000,Diesel,Manual,First,24.4,1120,71,5.0,3.5,HYUNDAI,XCENT 1.1 CRDI S
1043,2015,43190,Diesel,Manual,First,19.01,1461,108.5,5.0,7.61,NISSAN,TERRANO XV PREMIUM 110 PS
1044,2015,45000,Diesel,Automatic,First,18.25,1968,187.74,5.0,25.0,AUDI,A4 35 TDI TECHNOLOGY
1045,2016,44178,Petrol,Manual,First,18.9,1197,82,5.0,5.88,HYUNDAI,GRAND I10 ASTA OPTION
1046,2015,84415,Diesel,Manual,First,12.99,2494,100.6,8.0,13.5,TOYOTA,INNOVA 2.5 G (DIESEL) 8 SEATER
1047,2015,35000,Petrol,Manual,First,18.5,1197,80,5.0,4.6,HYUNDAI,I20 1.2 MAGNA
1048,2013,44000,Diesel,Manual,First,22.77,1498,98.59,5.0,4.9,FORD,ECOSPORT 1.5 TDCI TITANIUM
1049,2012,67635,Petrol,Manual,First,17.0,1497,118,5.0,5.25,HONDA,CITY 1.5 S MT
1050,2018,18385,Petrol,Automatic,First,14.8,1497,121.36,5.0,12.41,FORD,ECOSPORT 1.5 PETROL TITANIUM PLUS AT
1051,2014,35000,Diesel,Manual,First,22.07,1199,73.9,5.0,3.8,VOLKSWAGEN,POLO DIESEL HIGHLINE 1.2L
1052,2010,49000,Diesel,Automatic,First,19.27,2143,170,5.0,8.95,MERCEDES-BENZ,NEW C-CLASS C 220 CDI AVANTGARDE
1053,2013,69000,Diesel,Manual,First,22.7,1498,89.84,5.0,7.2,FORD,ECOSPORT 1.5 DV5 MT TITANIUM
1054,2017,23228,Petrol,Manual,First,14.4,1396,65,5.0,4.5,TATA,INDIGO GLE
1055,2014,68462,Diesel,Manual,First,26.59,1248,74,5.0,4.15,MARUTI,SWIFT DZIRE LDI
1056,2016,74611,Diesel,Manual,First,25.1,1248,88.5,5.0,7.94,MARUTI,S-CROSS ZETA DDIS 200 SH
1057,2014,90000,Diesel,Manual,First,19.01,1461,108.45,5.0,7.25,RENAULT,DUSTER 110PS DIESEL RXZ PACK
1058,2016,22000,Petrol,Manual,First,18.9,998,67.1,5.0,3.7,MARUTI,WAGON R VXI
1059,2010,58163,Petrol,Manual,First,0.0,1086,62,5.0,2.45,HYUNDAI,SANTRO XING GL
1060,2011,109500,Diesel,Manual,Third,25.44,936,57.6,5.0,1.5,CHEVROLET,BEAT DIESEL LT
1061,2017,13363,Diesel,Manual,First,16.0,1997,140,7.0,12.0,MAHINDRA,XUV500 W4 1.99 MHAWK
1062,2012,51000,Petrol,Manual,Second,19.81,1086,68.05,5.0,2.2,HYUNDAI,I10 ERA 1.1
1063,2007,103000,Diesel,Manual,First,13.93,2179,138,7.0,3.6,TATA,NEW SAFARI DICOR 2.2 EX 4X4
1064,2009,43002,Petrol,Manual,First,20.36,1197,78.9,5.0,1.92,HYUNDAI,I10 SPORTZ
1065,2016,108000,Diesel,Automatic,First,11.36,2755,171.5,7.0,20.5,TOYOTA,INNOVA CRYSTA 2.8 ZX AT
1066,2010,82407,Diesel,Manual,First,17.5,1896,106,5.0,4.25,SKODA,LAURA ELEGANCE MT
1067,2013,29000,Petrol,Manual,First,18.9,1197,82,5.0,3.2,HYUNDAI,GRAND I10 SPORTZ
1068,2012,225000,Diesel,Manual,Second,23.59,1364,,5.0,2.6,TOYOTA,ETIOS LIVA GD
1069,2014,45000,Diesel,Manual,First,23.4,1248,74,5.0,3.85,MARUTI,SWIFT DZIRE VDI
1070,2010,93401,Diesel,Manual,First,23.0,1396,90,5.0,3.48,HYUNDAI,I20 ASTA 1.4 CRDI (DIESEL)
1071,2017,95802,Diesel,Manual,Second,25.83,1498,99,5.0,4.55,FORD,FIGO 2015-2019 1.5D TREND MT
1072,2016,130000,Diesel,Manual,First,25.47,1248,88.50,7.0,7.0,MARUTI,ERTIGA VDI
1073,2013,67443,Diesel,Manual,First,20.77,1248,88.8,7.0,5.75,MARUTI,ERTIGA ZDI
1074,2016,47681,Petrol,Automatic,First,16.8,1497,116.3,5.0,8.73,HONDA,CITY 1.5 V AT SUNROOF
1075,2009,35000,Petrol,Manual,First,19.7,796,46.3,5.0,1.7,MARUTI,ALTO LXI BSIII
1076,2016,68000,Diesel,Automatic,First,10.91,3198,197,7.0,29.5,FORD,ENDEAVOUR 3.2 TITANIUM AT 4X4
1077,2019,34688,Diesel,Manual,First,24.3,1248,88.5,5.0,10.49,MARUTI,VITARA BREZZA ZDI PLUS
1078,2015,10512,Petrol,Automatic,First,8.6,2706,265,2.0,64.0,PORSCHE,BOXSTER S TIPTRONIC
1079,2016,58000,Diesel,Manual,First,22.9,1248,74,5.0,7.55,MARUTI,SWIFT ZDI
1080,2014,40000,Petrol,Manual,First,17.57,1193,88.7,5.0,3.95,TATA,ZEST REVOTRON 1.2 XT
1081,2010,61000,Petrol,Manual,Fourth & Above,17.0,1197,80,5.0,3.25,HYUNDAI,I20 1.2 SPORTZ OPTION
1082,2009,86000,Diesel,Manual,First,19.4,1422,70,5.0,2.75,SKODA,FABIA 1.4 TDI ACTIVE
1083,2015,45000,Diesel,Manual,First,21.43,1364,87.2,5.0,7.35,TOYOTA,COROLLA ALTIS D-4D J
1084,2017,55000,Petrol,Manual,First,17.0,1198,73.75,5.0,4.7,VOLKSWAGEN,AMEO 1.2 MPI COMFORTLINE
1085,2016,36855,Petrol,Manual,Second,15.29,1591,121.3,5.0,8.77,HYUNDAI,CRETA 1.6 VTVT S
1086,2013,46821,Petrol,Manual,First,20.36,1197,78.9,5.0,3.42,HYUNDAI,I10 MAGNA 1.2
1087,2015,120000,Petrol,Manual,First,18.6,1199,76.8,5.0,2.5,CHEVROLET,BEAT LS
1088,2012,29000,Diesel,Automatic,First,14.74,2993,270.9,5.0,20.0,JAGUAR,XF 3.0 LITRE S PREMIUM LUXURY
1089,2014,40000,Petrol,Manual,First,13.24,1598,102.5,5.0,5.25,NISSAN,TERRANO XL
1090,2013,60000,Diesel,Automatic,Second,15.73,1968,174.33,5.0,14.5,AUDI,Q3 2012-2015 2.0 TDI QUATTRO PREMIUM PLUS
1091,2011,64984,Petrol,Automatic,First,16.95,1197,78.9,5.0,3.45,HYUNDAI,I10 ASTA AT
1092,2015,73204,Petrol,Automatic,First,24.07,998,67.1,5.0,3.3,MARUTI,ALTO K10 VXI AGS
1093,2014,50000,Diesel,Automatic,First,11.33,4134,335.2,7.0,51.0,AUDI,Q7 4.2 TDI QUATTRO TECHNOLOGY
1094,2017,35000,Diesel,Manual,First,24.3,1248,88.5,5.0,6.5,MARUTI,VITARA BREZZA VDI
1095,2013,17729,Petrol,Manual,First,21.1,814,55.2,5.0,3.65,HYUNDAI,EON D LITE PLUS
1096,2012,97000,Diesel,Manual,First,20.0,1497,115,5.0,7.25,MAHINDRA,XUV300 W8 DIESEL
1097,2014,89614,Diesel,Manual,First,22.0,1582,126.2,5.0,6.01,HYUNDAI,VERNA CRDI 1.6 SX OPTION
1098,2015,14000,Petrol,Manual,First,18.9,998,67.1,5.0,2.8,MARUTI,WAGON R VXI
1099,2012,50000,Petrol,Manual,First,17.0,1197,80,5.0,4.0,HYUNDAI,I20 SPORTZ OPTION
1100,2014,62505,Petrol,Manual,First,17.4,1497,117.3,5.0,5.95,HONDA,CITY I VTEC V
1101,2011,248000,Diesel,Manual,Second,12.8,2494,102,7.0,9.2,TOYOTA,INNOVA 2.5 V DIESEL 7-SEATER
1102,2012,94900,Diesel,Manual,First,16.8,1493,110,5.0,5.35,HYUNDAI,VERNA CRDI SX
1103,2017,55000,Diesel,Manual,First,17.6,2179,153.86,7.0,12.0,TATA,HEXA XT
1104,2015,53735,Diesel,Automatic,Second,12.07,2967,241.4,7.0,38.94,AUDI,Q7 3.0 TDI QUATTRO PREMIUM PLUS
1105,2008,53934,Petrol,Manual,Second,18.9,998,67.1,5.0,2.69,MARUTI,WAGON R VXI
1106,2013,58500,Diesel,Automatic,Second,17.09,1995,218,5.0,27.5,BMW,5 SERIES 2013-2017 525D LUXURY LINE
1107,2014,48000,Petrol,Manual,First,18.0,1198,86.7,5.0,2.75,HONDA,AMAZE EX I-VTECH
1108,2016,24000,Petrol,Manual,First,24.7,796,47.3,5.0,2.8,MARUTI,ALTO 800 2016-2019 LXI
1109,2016,52001,Petrol,Manual,First,17.01,1591,121.3,5.0,6.45,HYUNDAI,VERNA 1.6 SX VTVT
1110,2018,9565,Petrol,Manual,First,23.84,1199,84,5.0,5.88,TATA,TIAGO 1.2 REVOTRON XZ
1111,2013,32953,Petrol,Manual,First,18.6,1197,85.8,5.0,4.65,MARUTI,SWIFT LXI
1112,2014,18000,Petrol,Manual,First,21.1,814,55.2,5.0,2.5,HYUNDAI,EON ERA
1113,2018,20446,Petrol,Automatic,First,12.6,1950,191.34,5.0,51.35,MERCEDES-BENZ,E-CLASS E 220 D
1114,2016,33016,Diesel,Manual,First,22.54,1396,88.73,5.0,6.85,HYUNDAI,I20 MAGNA 1.4 CRDI
1115,2012,48000,Diesel,Manual,First,23.59,1364,67.05,5.0,5.25,TOYOTA,ETIOS VD
1116,2014,72022,Diesel,Manual,First,21.43,1364,87.2,5.0,9.23,TOYOTA,COROLLA ALTIS DIESEL D4DG
1117,2014,34000,Diesel,Automatic,First,20.7,1496,113.98,5.0,22.0,MINI,COOPER 5 DOOR D
1118,2014,69000,Diesel,Manual,First,20.14,1498,88.8,5.0,5.19,VOLKSWAGEN,POLO 1.5 TDI HIGHLINE
1119,2009,108000,Petrol,Automatic,First,13.7,1798,157.75,5.0,4.35,SKODA,SUPERB ELEGANCE 1.8 TSI AT
1120,2013,34700,Diesel,Automatic,First,10.0,2148,170,5.0,24.5,MERCEDES-BENZ,E-CLASS 2009-2013 E 220 CDI AVANTGARDE
1121,2015,79000,Diesel,Manual,First,17.8,1248,75,5.0,5.75,MARUTI,SWIFT VDI BSIII W/ ABS
1122,2016,58197,Petrol,Automatic,First,18.0,1497,117.3,5.0,9.19,HONDA,CITY I VTEC CVT VX
1123,2008,66000,Petrol,Automatic,Second,8.45,2979,321,5.0,10.75,BMW,7 SERIES 2007-2012 740LI
1124,2009,60000,Petrol,Automatic,First,19.2,1197,80,5.0,2.99,HYUNDAI,I10 MAGNA AT
1125,2014,57000,Diesel,Manual,First,26.59,1248,74,5.0,3.89,MARUTI,SWIFT DZIRE VDI
1126,2018,45555,Diesel,Manual,First,26.0,1498,98.6,5.0,11.73,HONDA,CITY I DTEC VX
1127,2016,55137,Petrol,Manual,First,14.0,796,35,5.0,3.11,MARUTI,OMNI 8 SEATER BSIV
1128,2014,93325,Diesel,Manual,Second,17.2,1968,138.1,5.0,14.45,SKODA,SUPERB 2009-2014 ELEGANCE 2.0 TDI MT
1129,2018,38000,Diesel,Manual,First,24.52,1248,88.5,7.0,8.7,MARUTI,ERTIGA SHVS VDI
1130,2016,57738,Diesel,Manual,First,24.0,1120,70,5.0,5.04,HYUNDAI,GRAND I10 CRDI MAGNA
1131,2017,38282,Diesel,Manual,First,28.09,1248,88.5,5.0,8.5,MARUTI,CIAZ VDI PLUS SHVS
1132,2014,64000,Diesel,Automatic,First,19.27,2143,170,5.0,15.65,MERCEDES-BENZ,NEW C-CLASS C 220 CDI AVANTGARDE
1133,2015,32000,Diesel,Manual,First,20.5,1248,91.72,5.0,5.65,FIAT,AVVENTURA MULTIJET EMOTION
1134,2010,83000,Petrol,Automatic,First,10.93,2497,204,5.0,16.5,MERCEDES-BENZ,E-CLASS 2009-2013 E 250 ELEGANCE
1135,2011,76000,CNG,Manual,First,26.3,998,67.1,5.0,2.0,MARUTI,ZEN ESTILO LXI GREEN (CNG)
1136,2012,67200,Petrol,Manual,First,15.04,1598,103.6,5.0,3.9,VOLKSWAGEN,VENTO PETROL HIGHLINE
1137,2013,62655,Diesel,Automatic,First,18.88,1995,184,5.0,14.5,BMW,3 SERIES 320D LUXURY LINE
1138,2015,16900,Diesel,Automatic,First,14.69,2993,258,5.0,44.0,BMW,5 SERIES 2013-2017 530D M SPORT
1139,2017,8471,Petrol,Manual,First,18.9,1197,81.86,5.0,5.0,HYUNDAI,GRAND I10 1.2 KAPPA MAGNA
1140,2016,69000,Diesel,Automatic,First,11.36,2755,171.5,7.0,19.75,TOYOTA,INNOVA CRYSTA 2.8 ZX AT
1141,2017,30090,Diesel,Automatic,First,19.6,1461,108.45,5.0,11.44,RENAULT,DUSTER 110PS DIESEL RXZ AMT
1142,2011,120000,Diesel,Manual,First,18.0,1248,75,5.0,1.75,TATA,INDICA VISTA AURA 1.3 QUADRAJET
1143,2013,23000,Diesel,Manual,First,17.8,1248,,5.0,5.6,MARUTI,SWIFT VDI BSIV
1144,2016,35939,Petrol,Manual,First,12.3,1796,185,5.0,30.42,MERCEDES-BENZ,E-CLASS 2009-2013 E 200 CGI AVANTGARDE
1145,2013,116694,Diesel,Manual,First,15.1,2179,140,7.0,9.57,MAHINDRA,XUV500 W8 4WD
1146,2016,40448,Diesel,Manual,First,15.96,2523,62.1,7.0,3.5,MAHINDRA,BOLERO ZLX
1147,2018,64456,Diesel,Manual,First,24.3,1248,88.5,5.0,10.46,MARUTI,VITARA BREZZA ZDI
1148,2014,52782,Diesel,Manual,First,20.5,1248,91.72,5.0,4.85,FIAT,AVVENTURA MULTIJET EMOTION
1149,2016,51672,Petrol,Manual,First,19.5,1199,88.76,5.0,5.68,HONDA,AMAZE S PETROL
1150,2015,56073,Petrol,Automatic,First,13.7,1798,157.75,5.0,13.25,SKODA,SUPERB ELEGANCE 1.8 TSI AT
1151,2011,65000,Diesel,Automatic,First,14.74,2993,270.9,5.0,16.0,JAGUAR,XF 3.0 LITRE S PREMIUM LUXURY
1152,2013,79000,Petrol,Manual,First,18.9,998,67.1,5.0,3.0,MARUTI,WAGON R VXI BSIII
1153,2007,43206,Petrol,Manual,First,17.0,1086,,5.0,0.99,HYUNDAI,SANTRO XING XL ERLX EURO III
1154,2010,70200,Petrol,Automatic,First,14.53,1798,138.1,5.0,5.0,TOYOTA,COROLLA ALTIS VL
1155,2016,42000,Petrol,Manual,First,16.1,1197,85,5.0,4.75,MARUTI,SWIFT VXI BSIV
1156,2014,62000,Petrol,Manual,First,16.47,1198,74,5.0,5.35,VOLKSWAGEN,POLO 1.2 MPI HIGHLINE
1157,2017,20000,Petrol,Manual,First,18.9,1197,81.86,5.0,5.98,HYUNDAI,GRAND I10 1.2 KAPPA ASTA
1158,2011,80000,Diesel,Manual,Third,21.5,1248,88.8,5.0,3.5,MARUTI,SX4 ZDI
1159,2018,50234,Petrol,Manual,First,18.9,1197,81.86,5.0,4.77,HYUNDAI,GRAND I10 1.2 KAPPA MAGNA
1160,2016,50003,Petrol,Manual,First,21.4,1197,83.1,5.0,5.45,MARUTI,BALENO DELTA 1.2
1161,2018,1000,Petrol,Automatic,First,20.3,1199,84,5.0,6.85,TATA,TIGOR 1.2 REVOTRON XTA
1162,2016,54897,Diesel,Automatic,First,26.59,1248,74,5.0,7.3,MARUTI,SWIFT DZIRE AMT ZDI
1163,2007,108995,Petrol,Manual,First,15.3,1193,65.3,5.0,1.25,TATA,INDICA GLS BS IV
1164,2015,73000,Diesel,Manual,First,22.7,1598,118,5.0,8.25,MARUTI,SX4 S CROSS DDIS 320 ZETA
1165,2008,65000,Petrol,Manual,First,16.1,1298,88.2,5.0,2.71,MARUTI,SWIFT VXI BSIII
1166,2016,32000,Petrol,Manual,First,19.1,1197,82,5.0,3.6,HYUNDAI,XCENT 1.2 KAPPA SX
1167,2010,65000,Petrol,Manual,First,18.5,1197,80,5.0,3.0,HYUNDAI,I20 1.2 MAGNA
1168,2016,21600,Petrol,Automatic,First,23.1,998,67.04,5.0,4.65,MARUTI,CELERIO VXI AT
1169,2010,39000,Diesel,Automatic,First,14.84,2143,170,5.0,9.5,MERCEDES-BENZ,NEW C-CLASS C 220 CDI ELEGANCE AT
1170,2011,58075,Petrol,Manual,First,17.5,1298,85.8,5.0,2.95,MARUTI,SWIFT DZIRE VXI
1171,2011,58000,Petrol,Manual,First,15.04,1598,103.6,5.0,3.0,VOLKSWAGEN,VENTO PETROL TRENDLINE
1172,2015,58000,Diesel,Manual,First,25.2,1248,74,5.0,5.95,MARUTI,SWIFT ZDI
1173,2008,89000,Petrol,Automatic,First,14.53,1798,138.1,5.0,4.0,TOYOTA,COROLLA ALTIS VL
1174,2008,72000,Petrol,Manual,First,13.5,1799,130,5.0,2.5,HONDA,CIVIC 2006-2010 1.8 V MT
1175,2017,1800,Petrol,Automatic,First,16.05,1499,110.4,5.0,11.37,FORD,ECOSPORT 1.5 TI VCT AT TITANIUM BE
1176,2010,172050,Diesel,Manual,Second,19.0,1248,93,5.0,2.25,FIAT,LINEA EMOTION PACK (DIESEL)
1177,2013,46230,Petrol,Manual,First,19.81,1086,68.05,5.0,3.1,HYUNDAI,I10 ERA
1178,2014,86925,Diesel,Automatic,First,11.2,2400,215,5.0,17.18,VOLVO,XC60 D5 INSCRIPTION
1179,2018,5000,Petrol,Manual,First,18.6,1197,81.83,5.0,6.5,HYUNDAI,I20 1.2 ASTA
1180,2014,66000,Diesel,Manual,First,26.0,1498,98.6,5.0,5.7,HONDA,CITY I DTEC S
1181,2013,119000,Diesel,Manual,First,12.99,2494,100,8.0,8.0,TOYOTA,INNOVA 2.5 VX (DIESEL) 8 SEATER BS IV
1182,2016,45000,Petrol,Manual,First,25.17,799,53.3,5.0,2.6,RENAULT,KWID RXT
1183,2009,66149,Petrol,Manual,First,19.0,998,66.1,5.0,2.45,MARUTI,A-STAR VXI
1184,2014,42070,Petrol,Automatic,First,14.8,1595,120.7,5.0,11.57,MERCEDES-BENZ,B CLASS B180
1185,2012,35503,Petrol,Manual,First,18.9,998,67.1,5.0,2.3,MARUTI,WAGON R LXI BS IV
1186,2016,41460,Diesel,Manual,First,25.2,1248,74,5.0,5.9,MARUTI,SWIFT VDI BSIV
1187,2015,40600,Petrol,Automatic,First,17.0,1591,121.3,5.0,7.2,HYUNDAI,VERNA VTVT 1.6 AT SX OPTION
1188,2013,87000,Diesel,Automatic,First,22.0,1582,126.2,5.0,5.9,HYUNDAI,VERNA CRDI 1.6 AT SX OPTION
1189,2014,30000,Petrol,Manual,Second,16.8,1497,116.3,5.0,6.0,HONDA,CITY V MT
1190,2010,27089,Petrol,Manual,First,16.0,1086,66.7,5.0,1.95,HYUNDAI,I10 MAGNA OPTIONAL 1.1L
1191,2016,53702,Diesel,Manual,First,23.59,1364,67.04,5.0,6.55,TOYOTA,ETIOS GD SP
1192,2015,51000,Diesel,Automatic,First,27.03,1969,190,5.0,25.0,VOLVO,S60 D4 MOMENTUM
1193,2012,36542,Diesel,Manual,First,20.0,1399,68.05,5.0,2.65,FORD,FIGO DIESEL EXI
1194,2017,15000,Diesel,Automatic,First,13.0,2987,265,5.0,69.5,MERCEDES-BENZ,E-CLASS 2015-2017 E350 CDI AVANTGRADE
1195,2012,65000,Diesel,Automatic,First,22.69,1995,190,5.0,14.0,BMW,3 SERIES 320D LUXURY LINE
1196,2014,32000,Petrol,Manual,Second,22.74,796,47.3,5.0,2.1,MARUTI,ALTO 800 VXI
1197,2017,24393,Diesel,Manual,First,13.68,2393,147.8,7.0,20.4,TOYOTA,INNOVA CRYSTA 2.4 VX MT
1198,2019,1000,Petrol,Manual,First,18.78,999,75,5.0,5.68,VOLKSWAGEN,POLO 1.0 MPI TRENDLINE
1199,2014,28238,Petrol,Manual,First,13.24,1598,102.5,5.0,5.55,NISSAN,TERRANO XL
1200,2013,59000,Diesel,Manual,First,13.5,2477,175.56,7.0,12.75,MITSUBISHI,PAJERO SPORT 4X4
1201,2012,92000,Petrol,Manual,Second,14.8,1799,130.2,5.0,3.35,HONDA,CIVIC 2010-2013 1.8 S MT
1202,2013,56840,Petrol,Manual,First,22.74,796,47.3,5.0,1.55,MARUTI,ALTO 800 LXI
1203,2013,62746,Diesel,Manual,Second,20.54,1598,103.6,5.0,5.9,VOLKSWAGEN,VENTO DIESEL HIGHLINE
1204,2012,96000,Diesel,Automatic,First,12.35,2179,187.74,5.0,18.98,LAND,ROVER FREELANDER 2 HSE
1205,2014,24000,Petrol,Manual,First,13.7,1997,153.86,5.0,11.51,HONDA,CR-V 2.0L 2WD MT
1206,2016,54000,Diesel,Manual,First,20.77,1248,88.76,7.0,7.75,MARUTI,ERTIGA VDI
1207,2016,90000,Diesel,Manual,First,12.99,2494,100.6,7.0,13.9,TOYOTA,INNOVA 2.5 GX (DIESEL) 7 SEATER
1208,2010,40000,Petrol,Manual,First,15.0,1368,90,5.0,1.35,TATA,MANZA AURA SAFIRE
1209,2015,65938,Diesel,Automatic,Second,12.07,2967,241.4,7.0,38.0,AUDI,Q7 35 TDI QUATTRO PREMIUM PLUS
1210,2017,16100,Petrol,Automatic,First,17.1,1591,121.4,5.0,11.6,HYUNDAI,VERNA 1.6 SX VTVT (O) AT
1211,2017,3600,Diesel,Automatic,First,21.5,1498,108.5,5.0,12.25,VOLKSWAGEN,VENTO 1.5 HIGHLINE PLUS AT 16 ALLOY
1212,2011,52000,Petrol,Manual,First,17.0,1497,118,5.0,3.8,HONDA,CITY 1.5 S MT
1213,2014,54000,Diesel,Manual,First,20.0,1399,68.05,5.0,3.25,FORD,FIGO DIESEL TITANIUM
1214,2016,15399,Petrol,Manual,First,18.7,1199,88.7,5.0,6.4,HONDA,JAZZ 1.2 VX I VTEC
1215,2012,75000,Petrol,Manual,Second,16.47,1198,73.9,5.0,3.95,VOLKSWAGEN,POLO PETROL HIGHLINE 1.2L
1216,2010,76752,Petrol,Manual,First,17.4,1497,117.3,5.0,3.57,HONDA,CITY I-VTEC S
1217,2005,56000,Petrol,Manual,Second,17.7,1497,78,5.0,1.25,HONDA,CITY ZX GXI
1218,2015,70000,CNG,Manual,First,26.2,998,58.2,5.0,3.65,MARUTI,WAGON R LXI CNG
1219,2013,46125,Petrol,Automatic,Second,12.0,2354,187.4,5.0,12.5,HONDA,CR-V 2.4L 4WD AT AVN
1220,2014,35000,Diesel,Automatic,Second,18.12,1995,190,5.0,23.0,BMW,5 SERIES 2013-2017 520D LUXURY LINE
1221,2003,80000,Diesel,Manual,Third,12.8,1489,35.5,5.0,1.35,AMBASSADOR,CLASSIC NOVA DIESEL
1222,2012,62729,Diesel,Manual,First,12.05,2179,120,8.0,6.32,MAHINDRA,SCORPIO VLX 2.2 MHAWK BSIII
1223,2012,34000,Diesel,Manual,First,20.54,1598,103.6,5.0,3.4,VOLKSWAGEN,VENTO DIESEL COMFORTLINE
1224,1999,70000,Petrol,Manual,Second,17.3,993,60,5.0,0.77,MARUTI,ZEN VX
1225,2009,32000,Petrol,Manual,First,16.1,796,37,4.0,0.9,MARUTI,800 DX BSII
1226,2017,21000,Petrol,Automatic,First,14.28,1798,138.03,5.0,18.0,TOYOTA,COROLLA ALTIS 1.8 VL CVT
1227,2013,49000,Petrol,Automatic,First,14.59,1997,245,5.0,19.0,BMW,3 SERIES 328I SPORT LINE
1228,2007,40000,Petrol,Manual,Third,13.8,1299,70,5.0,1.1,FORD,IKON 1.3 FLAIR
1229,2012,78000,Petrol,Manual,Second,18.6,1199,79.4,5.0,2.0,CHEVROLET,BEAT LT
1230,2012,52000,Diesel,Manual,First,21.43,1364,86.79,5.0,6.5,TOYOTA,COROLLA ALTIS 1.4 DG
1231,2014,65213,Diesel,Manual,First,16.0,2179,140,7.0,9.45,MAHINDRA,XUV500 W4
1232,2016,170000,Diesel,Manual,First,24.4,1120,71,5.0,4.0,HYUNDAI,XCENT 1.1 CRDI BASE
1233,2017,36884,Diesel,Automatic,First,13.0,2143,204,5.0,32.25,MERCEDES-BENZ,E-CLASS 2015-2017 E250 CDI AVANTGARDE
1234,2009,62500,Petrol,Manual,First,20.36,1197,78.9,5.0,2.1,HYUNDAI,I10 SPORTZ
1235,2015,68000,Petrol,Automatic,Second,14.28,1798,138.03,5.0,9.75,TOYOTA,COROLLA ALTIS VL AT
1236,2014,40748,Petrol,Manual,First,14.53,1798,138,5.0,6.3,TOYOTA,COROLLA 1.8 J
1237,2013,60000,Diesel,Automatic,First,17.32,1968,184,5.0,21.0,AUDI,Q3 2.0 TDI QUATTRO
1238,2014,12400,Diesel,Manual,First,21.9,1396,88.8,5.0,4.65,HYUNDAI,I20 MAGNA OPTIONAL 1.4 CRDI
1239,2013,87000,Diesel,Automatic,Second,19.27,2143,167.62,5.0,17.0,MERCEDES-BENZ,NEW C-CLASS C 220D AVANTGARDE EDITION C
1240,2013,20248,Diesel,Manual,First,21.1,1248,73.9,5.0,4.35,MARUTI,RITZ VDI
1241,2017,52383,Diesel,Manual,First,19.67,1582,126.2,5.0,14.82,HYUNDAI,CRETA 1.6 SX PLUS DIESEL
1242,2018,1000,Diesel,Automatic,First,13.6,1999,177,5.0,40.0,JAGUAR,XE 2.0L DIESEL PRESTIGE
1243,2016,85000,Diesel,Manual,First,14.95,2489,93.7,7.0,6.15,MAHINDRA,XYLO D4
1244,2014,47000,Diesel,Manual,First,12.99,2494,100.6,7.0,11.25,TOYOTA,INNOVA 2.5 G (DIESEL) 7 SEATER
1245,2018,17585,Petrol,Automatic,First,19.16,2494,157.7,5.0,32.0,TOYOTA,CAMRY 2.5 HYBRID
1246,2018,32496,Diesel,Automatic,First,13.22,2967,241.4,5.0,45.62,AUDI,Q5 3.0 TDI QUATTRO
1247,2017,34613,Diesel,Manual,First,28.4,1248,74,5.0,6.24,MARUTI,SWIFT VDI
1248,2015,153000,Diesel,Manual,First,20.77,1248,88.76,7.0,4.8,MARUTI,ERTIGA VDI LIMITED EDITION
1249,2014,54000,Petrol,Manual,Second,16.1,1197,85,5.0,4.5,MARUTI,SWIFT VXI BSIV
1250,2015,16900,Petrol,Manual,First,20.36,1197,78.9,5.0,3.87,HYUNDAI,I10 SPORTZ
1251,2013,62334,Petrol,Manual,First,20.36,1197,78.9,5.0,2.75,HYUNDAI,I10 SPORTZ
1252,2018,23714,Petrol,Manual,First,21.4,1197,83.1,5.0,6.57,MARUTI,BALENO SIGMA 1.2
1253,2010,52325,Petrol,Manual,First,16.36,1495,93.7,5.0,2.0,HYUNDAI,ACCENT EXECUTIVE
1254,2012,50000,Petrol,Manual,First,19.4,1198,86.8,5.0,3.65,HONDA,BRIO S MT
1255,2016,55746,Diesel,Manual,First,22.9,1248,74,5.0,6.95,MARUTI,SWIFT ZDI
1256,2014,54000,Petrol,Manual,First,20.14,1197,81.86,5.0,5.5,HYUNDAI,XCENT 1.2 VTVT S
1257,2013,43000,Diesel,Manual,First,16.0,2179,140,7.0,7.0,MAHINDRA,XUV500 W8 2WD
1258,2014,40000,Diesel,Automatic,First,13.0,2143,201.1,5.0,24.0,MERCEDES-BENZ,E-CLASS E250 CDI AVANTGRADE
1259,2010,125000,Diesel,Automatic,Second,0.0,2179,115,5.0,11.0,LAND,ROVER FREELANDER 2 TD4 S
1260,2016,51944,Diesel,Automatic,First,19.27,2143,170,5.0,32.5,MERCEDES-BENZ,NEW C-CLASS C 220 CDI AVANTGARDE
1261,2015,46950,Diesel,Manual,First,21.27,1396,88.76,5.0,6.45,HYUNDAI,I20 ASTA 1.4 CRDI
1262,2015,23000,Diesel,Automatic,First,19.3,1968,141,5.0,15.75,SKODA,OCTAVIA ELEGANCE 2.0 TDI AT
1263,2014,54546,Petrol,Manual,First,17.0,1497,118,5.0,5.5,HONDA,CITY 1.5 S MT
1264,2015,51535,Diesel,Automatic,First,12.55,2982,168.5,7.0,19.03,TOYOTA,FORTUNER 4X2 AT
1265,2013,45000,Diesel,Automatic,First,17.32,1968,184,5.0,15.25,AUDI,Q3 2.0 TDI QUATTRO
1266,2012,46004,Petrol,Manual,First,20.92,998,67.1,5.0,2.4,MARUTI,ALTO K10 2010-2014 VXI
1267,2011,124000,Diesel,Manual,First,23.03,1396,69,5.0,2.3,TATA,INDIGO ECS LX BSIV
1268,2014,77395,Diesel,Automatic,First,17.11,1968,174.33,5.0,14.35,AUDI,A4 2.0 TDI 177 BHP PREMIUM PLUS
1269,2018,10600,CNG,Manual,First,33.44,796,40.3,4.0,3.5,MARUTI,ALTO 800 2016-2019 CNG LXI
1270,2018,22974,Petrol,Automatic,First,18.0,1497,117.3,5.0,11.97,HONDA,CITY I-VTEC CVT VX
1271,2009,89000,Petrol,Manual,Second,0.0,999,,5.0,1.6,HYUNDAI,SANTRO GLS I - EURO II
1272,2015,65012,Diesel,Manual,First,14.24,2755,174.5,7.0,18.9,TOYOTA,FORTUNER 2.8 2WD MT
1273,2017,17125,Petrol,Manual,First,18.9,1197,82,5.0,5.4,HYUNDAI,GRAND I10 SPORTZ
1274,2015,90413,Petrol,Manual,First,15.1,1196,73,7.0,2.95,MARUTI,EECO 7 SEATER STANDARD
1275,2013,37000,Petrol,Manual,First,16.47,1198,73.9,5.0,5.1,VOLKSWAGEN,POLO PETROL HIGHLINE 1.2L
1276,2006,65000,Petrol,Manual,First,18.9,1061,67,5.0,1.5,MARUTI,WAGON R LXI MINOR
1277,2011,66000,Petrol,Manual,First,17.0,1497,118,5.0,4.9,HONDA,CITY 1.5 V MT
1278,2010,86000,Petrol,Manual,First,14.8,1799,130.2,5.0,2.9,HONDA,CIVIC 2010-2013 1.8 S MT
1279,2005,98437,Petrol,Manual,First,13.0,1493,100,5.0,1.15,HONDA,CITY 1.5 EXI
1280,2010,18000,Petrol,Manual,First,18.5,1197,80,5.0,2.3,HYUNDAI,I20 1.2 MAGNA
1281,2018,35070,Diesel,Manual,First,24.0,1120,70,5.0,5.99,HYUNDAI,GRAND I10 CRDI SPORTZ CELEBRATION EDITION
1282,2011,42000,Petrol,Automatic,Third,14.4,1598,103.6,5.0,3.4,VOLKSWAGEN,VENTO PETROL HIGHLINE AT
1283,2009,40000,Petrol,Manual,First,20.36,1197,78.9,5.0,1.7,HYUNDAI,I10 SPORTZ 1.2
1284,2009,43000,Petrol,Manual,First,17.0,1197,80,5.0,1.99,HYUNDAI,I20 ASTA
1285,2012,65000,Petrol,Manual,First,18.6,1199,79.4,5.0,2.5,CHEVROLET,BEAT LS
1286,2013,74000,Diesel,Manual,First,22.07,1199,73.9,5.0,4.85,VOLKSWAGEN,POLO DIESEL HIGHLINE 1.2L
1287,2010,51192,Petrol,Manual,First,15.6,1196,70,5.0,2.65,FORD,FIGO PETROL LXI
1288,2014,14262,Petrol,Automatic,First,9.9,1984,207.8,2.0,27.35,AUDI,TT 2.0 TFSI
1289,2015,66339,Diesel,Manual,Second,25.1,1498,98.6,5.0,6.9,HONDA,CITY I DTEC VX
1290,2013,90200,Diesel,Manual,First,20.0,1399,68.05,5.0,3.5,FORD,FIGO DIESEL TITANIUM
1291,2015,57854,Diesel,Manual,First,12.99,2494,100.6,7.0,12.5,TOYOTA,INNOVA 2.5 ZX DIESEL 7 SEATER
1292,2017,32000,Petrol,Automatic,First,19.12,1373,91.1,5.0,9.2,MARUTI,CIAZ 1.4 AT ALPHA
1293,2015,29631,Petrol,Automatic,First,18.9,1197,82,5.0,4.9,HYUNDAI,GRAND I10 AT ASTA
1294,2009,55005,Petrol,Manual,First,12.8,,,,3.2,HONDA,CITY 1.3 DX
1295,2014,54173,Petrol,Manual,First,18.88,999,123.24,5.0,5.55,FORD,ECOSPORT 1.0 ECOBOOST TITANIUM PLUS BE
1296,2014,50000,Petrol,Automatic,First,14.7,1798,177.6,5.0,13.5,SKODA,OCTAVIA AMBITION 1.8 TSI AT
1297,2010,145000,Diesel,Manual,First,20.4,1248,91.7,5.0,2.6,FIAT,LINEA EMOTION (DIESEL)
1298,2015,78000,Petrol,Manual,First,16.1,1298,88.2,5.0,4.5,MARUTI,SWIFT LXI BSIII
1299,2013,65000,Diesel,Automatic,Second,11.8,2993,180,7.0,34.0,LAND,ROVER DISCOVERY 4 TDV6 SE
1300,2012,120000,Diesel,Manual,First,12.8,2494,102,7.0,12.0,TOYOTA,INNOVA 2.5 V DIESEL 7-SEATER
1301,2015,14000,Diesel,Manual,First,28.4,1248,74,5.0,5.25,MARUTI,SWIFT LDI
1302,2014,57456,Diesel,Automatic,First,17.68,1968,174.33,5.0,21.56,AUDI,A6 2011-2015 2.0 TDI PREMIUM PLUS
1303,2012,44450,Diesel,Automatic,First,22.48,1995,190,5.0,24.68,BMW,5 SERIES 520D LUXURY LINE
1304,2013,63777,Petrol,Manual,First,18.5,1197,82.9,5.0,3.67,HYUNDAI,I20 MAGNA OPTIONAL 1.2
1305,2016,31000,Diesel,Automatic,First,17.05,1995,190,5.0,29.5,BMW,X1 M SPORT SDRIVE 20D
1306,2012,60000,Petrol,Manual,First,17.6,1496,88.73,5.0,3.1,TOYOTA,ETIOS G
1307,2015,78008,Diesel,Manual,First,17.0,1405,70,5.0,2.9,TATA,INDIGO LX
1308,2014,33000,Diesel,Automatic,Second,0.0,2987,165,5.0,43.0,MERCEDES-BENZ,M-CLASS ML 350 4MATIC
1309,2009,27078,Petrol,Automatic,First,10.98,1984,114.4,4.0,15.95,VOLKSWAGEN,BEETLE 2.0
1310,2011,57275,Diesel,Manual,First,19.7,1598,103.6,5.0,4.5,VOLKSWAGEN,POLO GT TDI
1311,2014,45000,Diesel,Manual,First,24.0,1120,70,5.0,3.49,HYUNDAI,GRAND I10 CRDI MAGNA
1312,2014,57319,Diesel,Manual,First,25.2,1248,74,5.0,4.25,MARUTI,SWIFT VDI BSIV
1313,2008,121097,Diesel,Manual,Second,24.0,1396,88.76,5.0,1.9,HYUNDAI,VERNA CRDI 1.4 E
1314,2011,89000,Diesel,Automatic,First,16.73,1995,218,5.0,16.57,BMW,5 SERIES 2003-2012 525D
1315,2012,72000,Petrol,Manual,First,17.0,1497,118,5.0,5.75,HONDA,CITY 1.5 S MT
1316,2013,36000,Diesel,Automatic,Second,16.55,1968,147.51,5.0,14.0,AUDI,A4 2.0 TDI
1317,2013,86000,Diesel,Manual,Second,19.5,1248,75,5.0,2.5,FIAT,LINEA CLASSIC PLUS 1.3 MULTIJET
1318,2002,85000,Petrol,Manual,First,13.0,1343,90,5.0,1.2,HONDA,CITY 1.3 EXI
1319,2005,120000,Petrol,Manual,Second,15.5,1242,,5.0,0.85,FIAT,PETRA 1.2 EL
1320,2013,37613,Diesel,Automatic,First,22.69,1995,190,5.0,13.95,BMW,3 SERIES 320D LUXURY LINE
1321,2007,100000,Petrol,Manual,First,16.6,1388,68,5.0,1.6,FORD,FIESTA 1.4 DURATEC EXI
1322,2016,5240,Petrol,Automatic,First,21.9,624,37.48,4.0,3.6,TATA,NANO XTA
1323,2018,20000,CNG,Manual,First,15.1,1196,73,5.0,4.5,MARUTI,EECO 5 STR WITH AC PLUS HTR CNG
1324,2019,16862,Petrol,Manual,First,20.89,1197,81.80,5.0,6.06,MARUTI,IGNIS 1.2 DELTA
1325,2013,59254,Petrol,Manual,Second,17.5,1298,85.8,5.0,5.29,MARUTI,SWIFT DZIRE ZXI
1326,2014,60000,Diesel,Manual,First,22.7,1498,89.84,5.0,5.75,FORD,ECOSPORT 1.5 DV5 MT TITANIUM
1327,2015,50295,Petrol,Manual,First,16.1,,,,5.8,MARUTI,SWIFT 1.3 ZXI
1328,2014,47674,Petrol,Manual,First,19.1,1197,85.8,5.0,5.72,MARUTI,SWIFT DZIRE VXI
1329,2014,61517,Petrol,Automatic,First,16.95,1197,78.9,5.0,4.39,HYUNDAI,I10 SPORTZ AT
1330,2016,62946,Diesel,Manual,First,15.1,2179,140,7.0,11.05,MAHINDRA,XUV500 W6 2WD
1331,2015,66823,Diesel,Manual,Second,22.54,1396,88.73,5.0,4.83,HYUNDAI,I20 MAGNA 1.4 CRDI
1332,2013,79494,CNG,Manual,First,33.54,998,67.04,5.0,2.96,MARUTI,WAGON R CNG LXI
1333,2012,107000,Diesel,Manual,Second,21.27,1396,88.76,5.0,4.5,HYUNDAI,I20 ASTA 1.4 CRDI
1334,2011,55000,Diesel,Automatic,Second,16.46,2993,258,5.0,19.5,BMW,7 SERIES 730LD
1335,2017,24000,Petrol,Automatic,First,14.3,1598,103.52,5.0,8.75,SKODA,RAPID 1.6 MPI AT STYLE PLUS
1336,2016,20002,Diesel,Automatic,First,14.75,2967,245,7.0,67.0,AUDI,Q7 45 TDI QUATTRO TECHNOLOGY
1337,2016,54317,Petrol,Manual,First,17.4,1497,117.3,5.0,8.4,HONDA,CITY I VTEC VX
1338,2016,10200,Petrol,Manual,First,19.1,1197,82,5.0,4.99,HYUNDAI,XCENT 1.2 KAPPA SX
1339,2016,24337,Diesel,Manual,First,26.0,1498,98.6,5.0,8.18,HONDA,CITY I DTEC E
1340,2012,79000,Petrol,Manual,First,18.4,1198,86.8,5.0,2.9,HONDA,BRIO S OPTION MT
1341,2015,40500,Diesel,Manual,First,28.09,1248,88.5,5.0,7.1,MARUTI,CIAZ ZDI PLUS SHVS
1342,2016,23000,Diesel,Manual,First,26.59,1248,74,5.0,7.05,MARUTI,SWIFT DZIRE VDI OPTIONAL
1343,2015,63050,Petrol,Automatic,First,11.1,2354,158.8,5.0,17.5,HONDA,CR-V 2.4L 4WD AT
1344,2008,78000,Petrol,Automatic,Second,14.53,1794,138.1,5.0,3.41,TOYOTA,COROLLA ALTIS 2008-2013 1.8 VL AT
1345,2005,70000,Petrol,Manual,First,0.0,1590,,5.0,1.3,MARUTI,BALENO VXI
1346,2012,66245,Petrol,Manual,First,17.0,1497,118,5.0,5.68,HONDA,CITY 1.5 V MT
1347,2007,74112,Diesel,Manual,First,12.05,2179,120,9.0,4.1,MAHINDRA,SCORPIO LX BS IV
1348,2011,87670,Petrol,Manual,First,13.4,1798,157.8,5.0,4.0,SKODA,LAURA 1.8 TSI AMBIENTE
1349,2015,10000,Diesel,Automatic,First,18.88,1995,184,5.0,30.0,BMW,3 SERIES 320D SPORT LINE
1350,2007,62493,Petrol,Manual,First,15.0,1586,104.68,5.0,1.8,MARUTI,SX4 ZXI BSIII
1351,2015,44620,Petrol,Manual,First,20.73,1373,91.1,5.0,6.93,MARUTI,CIAZ VXI PLUS
1352,2012,66538,Diesel,Automatic,First,10.2,4367,308,7.0,70.0,LAND,ROVER RANGE ROVER 3.6 TDV8 VOGUE SE DIESEL
1353,2013,60000,Diesel,Manual,First,12.99,2494,100,7.0,7.9,TOYOTA,INNOVA 2.5 G (DIESEL) 7 SEATER BS IV
1354,2011,20842,Petrol,Manual,First,0.0,1086,62,5.0,2.78,HYUNDAI,SANTRO XING GL
1355,2014,110000,Diesel,Automatic,First,13.01,2199,194.3,7.0,14.4,HYUNDAI,SANTA FE 4WD AT
1356,2011,45000,Petrol,Automatic,Second,11.74,1796,186,5.0,13.5,MERCEDES-BENZ,NEW C-CLASS C250 AVANTGARDE
1357,2014,40000,CNG,Manual,Second,26.6,998,58.16,5.0,3.15,MARUTI,WAGON R LXI CNG
1358,2012,49008,Petrol,Manual,First,19.7,796,46.3,5.0,2.88,MARUTI,ALTO LXI
1359,2016,31000,Petrol,Manual,First,24.7,796,47.3,5.0,2.15,MARUTI,ALTO 800 2016-2019 LXI
1360,2013,8000,Petrol,Manual,First,16.95,1498,97.7,5.0,3.75,NISSAN,SUNNY 2011-2014 XV
1361,2019,171,Petrol,Manual,First,24.7,796,47.3,5.0,3.6,MARUTI,ALTO 800 2016-2019 VXI
1362,2018,2100,Petrol,Manual,First,24.07,998,67.1,5.0,3.6,MARUTI,ALTO K10 VXI
1363,2018,20667,Petrol,Automatic,First,18.9,1197,81.86,5.0,7.55,HYUNDAI,GRAND I10 1.2 KAPPA SPORTZ AT
1364,2015,50000,Diesel,Manual,First,24.2,1498,98.6,7.0,4.7,HONDA,MOBILIO S I DTEC
1365,2010,100030,Diesel,Manual,Second,18.8,1248,90,5.0,1.6,TATA,MANZA AQUA QUADRAJET
1366,2011,75372,Diesel,Manual,First,16.52,1991,123.7,5.0,3.34,CHEVROLET,OPTRA MAGNUM 2.0 LT
1367,2016,60475,Petrol,Automatic,First,18.0,1497,117.3,5.0,9.1,HONDA,CITY I VTEC CVT VX
1368,2019,18453,Petrol,Manual,First,18.9,1197,81.86,5.0,6.17,HYUNDAI,GRAND I10 1.2 KAPPA SPORTZ
1369,2008,96578,Diesel,Manual,First,22.0,1582,126.2,5.0,2.5,HYUNDAI,VERNA CRDI 1.6 SX
1370,2016,31001,Petrol,Manual,First,18.44,1198,75,5.0,3.0,NISSAN,MICRA XL
1371,2012,65900,Diesel,Manual,First,22.32,1582,126.32,5.0,5.75,HYUNDAI,VERNA 1.6 SX
1372,2017,26246,Petrol,Manual,First,15.29,1591,121.3,5.0,10.75,HYUNDAI,CRETA 1.6 VTVT E PLUS
1373,2013,62700,Petrol,Manual,Second,20.51,998,67.04,5.0,2.85,MARUTI,WAGON R VXI BS IV
1374,2008,90000,Petrol,Automatic,First,10.2,2354,180,5.0,6.5,HONDA,ACCORD 2.4 ELEGANCE A/T
1375,2016,36000,Petrol,Automatic,First,16.8,1497,118,5.0,9.45,HONDA,CITY 1.5 S AT
1376,2016,46000,Diesel,Manual,First,27.39,1248,74,5.0,6.75,MARUTI,BALENO ALPHA 1.3
1377,2017,73003,Diesel,Manual,First,26.0,1498,98.6,5.0,7.75,HONDA,CITY I DTEC V
1378,2014,46566,Diesel,Manual,First,22.54,1396,88.76,5.0,4.4,HYUNDAI,I20 ERA 1.4 CRDI
1379,2015,41493,Diesel,Automatic,First,13.0,2987,265,5.0,42.0,MERCEDES-BENZ,E-CLASS 2015-2017 E350 EDITION E
1380,2014,103788,Diesel,Manual,First,19.01,1461,108.5,5.0,5.67,NISSAN,TERRANO XV 110 PS
1381,2016,45000,Diesel,Automatic,First,19.6,1461,108.45,5.0,11.5,RENAULT,DUSTER 110PS DIESEL RXZ AMT
1382,2009,120000,Petrol,Manual,First,18.9,998,67.1,5.0,1.69,MARUTI,WAGON R LXI MINOR
1383,2009,97359,Diesel,Manual,Second,17.1,1493,110,5.0,1.8,HYUNDAI,GETZ 1.5 CRDI GVS
1384,2016,62000,Petrol,Manual,First,18.5,1197,85.80,5.0,3.2,MARUTI,RITZ LXI
1385,2004,115000,Petrol,Manual,Second,0.0,,,,1.5,HONDA,CITY 1.5 GXI
1386,2019,18373,Diesel,Automatic,First,22.48,1995,187.74,5.0,45.86,BMW,5 SERIES 520D SPORT LINE
1387,2016,60453,Petrol,Manual,First,16.47,1198,74,5.0,5.1,VOLKSWAGEN,POLO 1.2 MPI HIGHLINE
1388,2013,37000,Diesel,Manual,First,17.8,1248,,5.0,4.85,MARUTI,SWIFT VDI BSIV
1389,2010,69009,Petrol,Manual,Second,15.6,1196,70,5.0,2.4,FORD,FIGO PETROL ZXI
1390,2013,30000,Diesel,Automatic,First,18.88,1995,184,5.0,22.0,BMW,3 SERIES 320D LUXURY LINE
1391,2012,70707,Diesel,Manual,First,22.32,1582,126.32,5.0,4.28,HYUNDAI,VERNA 1.6 SX CRDI (O)
1392,2015,64677,Diesel,Manual,First,20.45,1461,83.8,5.0,5.67,RENAULT,DUSTER 85PS DIESEL RXL
1393,2018,3000,Petrol,Automatic,First,18.9,1197,81.86,5.0,6.2,HYUNDAI,GRAND I10 1.2 KAPPA MAGNA AT
1394,2013,49000,Diesel,Automatic,Second,17.05,1995,184,5.0,14.49,BMW,X1 SDRIVE20D
1395,2010,71000,Diesel,Manual,First,21.1,1248,73.9,5.0,3.0,MARUTI,RITZ VDI
1396,2010,52000,Petrol,Manual,Second,19.81,1086,68.05,5.0,2.25,HYUNDAI,I10 ERA 1.1 ITECH SE
1397,2016,35659,Diesel,Automatic,First,15.97,2993,258,7.0,43.78,BMW,X5 2014-2019 XDRIVE 30D DESIGN PURE EXPERIENCE 7 SEATER
1398,2019,5377,Petrol,Manual,First,16.8,1497,116.3,5.0,11.45,HONDA,CITY V MT EXCLUSIVE
1399,2014,65000,Diesel,Automatic,First,11.18,2696,184,7.0,10.5,MAHINDRA,SSANGYONG REXTON RX7
1400,2015,92708,Diesel,Manual,First,22.7,1498,89.84,5.0,7.48,FORD,ECOSPORT 1.5 DV5 MT TITANIUM OPTIONAL
1401,2010,48105,Petrol,Manual,First,19.7,796,46.3,5.0,3.1,MARUTI,ALTO LXI
1402,2011,46759,Petrol,Manual,First,16.47,1198,74,5.0,2.55,VOLKSWAGEN,POLO 1.2 MPI HIGHLINE
1403,2013,62000,Diesel,Manual,First,22.07,1199,73.9,5.0,3.5,VOLKSWAGEN,POLO DIESEL COMFORTLINE 1.2L
1404,2012,35175,Diesel,Manual,First,22.07,1199,73.9,5.0,2.59,VOLKSWAGEN,POLO DIESEL HIGHLINE 1.2L
1405,2013,70000,Diesel,Manual,First,20.77,1248,88.8,7.0,5.45,MARUTI,ERTIGA ZDI
1406,2017,30000,Diesel,Manual,First,22.77,1498,98.59,5.0,6.0,FORD,ECOSPORT 1.5 TDCI AMBIENTE
1407,2016,66618,Diesel,Automatic,First,11.36,2755,171.5,7.0,15.49,TOYOTA,INNOVA CRYSTA 2.8 ZX AT
1408,2010,69300,Petrol,Automatic,Second,10.8,2497,150,5.0,12.5,BMW,5 SERIES 523I SEDAN
1409,2017,148000,Diesel,Manual,First,23.4,1248,74,5.0,4.75,MARUTI,SWIFT DZIRE TOUR LDI
1410,2017,22000,Petrol,Manual,First,18.88,999,123.24,5.0,7.85,FORD,ECOSPORT 1.0 ECOBOOST PLATINUM EDITION
1411,2013,75000,Diesel,Manual,First,16.8,1493,110,5.0,6.0,HYUNDAI,VERNA CRDI SX
1412,2016,43706,Petrol,Manual,First,17.57,1193,88.7,5.0,4.0,TATA,ZEST REVOTRON 1.2T XM
1413,2011,42000,Diesel,Automatic,First,14.4,2967,241.4,5.0,28.75,AUDI,A7 2011-2015 3.0 TDI QUATTRO
1414,2012,65000,Diesel,Manual,First,22.3,1248,74,5.0,2.5,TATA,INDICA VISTA QUADRAJET VX
1415,2015,76128,Diesel,Manual,First,26.59,1248,74,5.0,5.5,MARUTI,SWIFT DZIRE VDI
1416,2010,39852,Petrol,Manual,First,16.0,1368,90,5.0,1.59,FIAT,LINEA EMOTION
1417,2017,18673,Petrol,Manual,First,18.6,1197,81.83,5.0,6.22,HYUNDAI,I20 1.2 SPOTZ
1418,2016,11583,Petrol,Manual,First,21.1,814,55.2,5.0,2.75,HYUNDAI,EON ERA PLUS
1419,2007,82000,Petrol,Manual,Second,0.0,1086,,5.0,1.35,HYUNDAI,SANTRO XING XL
1420,2017,50000,Diesel,Automatic,First,17.9,2143,136,5.0,25.0,MERCEDES-BENZ,GLA CLASS 200 CDI SPORT
1421,2014,77000,Petrol,Manual,First,23.1,998,67.04,5.0,2.8,MARUTI,CELERIO VXI
1422,2014,54890,Petrol,Manual,Second,17.8,1199,76.8,5.0,2.45,CHEVROLET,BEAT LT
1423,2016,21000,Petrol,Automatic,First,19.0,1199,88.7,5.0,6.35,HONDA,JAZZ 1.2 V AT I VTEC PRIVILEGE
1424,2009,58557,Diesel,Automatic,Third,16.07,1995,181,5.0,8.0,BMW,3 SERIES 320D HIGHLINE
1425,2014,70000,Diesel,Manual,First,19.01,1461,108.45,5.0,8.25,RENAULT,DUSTER 110PS DIESEL RXL
1426,2017,16000,Petrol,Automatic,First,17.01,1499,110.4,5.0,5.95,FORD,FIGO 2015-2019 1.5P TITANIUM AT
1427,2018,8899,Diesel,Manual,First,13.68,2393,147.8,7.0,19.92,TOYOTA,INNOVA CRYSTA 2.4 VX MT
1428,2016,83629,Diesel,Manual,First,25.44,936,56.3,5.0,3.15,CHEVROLET,BEAT DIESEL LS
1429,2014,35059,Petrol,Automatic,First,17.21,1798,189,4.0,5.75,VOLKSWAGEN,POLO GTI
1430,2018,30552,Diesel,Automatic,First,10.91,3198,197.2,7.0,32.44,FORD,ENDEAVOUR 3.2 TREND AT 4X4
1431,2016,44875,Diesel,Automatic,Second,22.32,1582,126.32,5.0,8.01,HYUNDAI,VERNA 1.6 SX CRDI (O) AT
1432,2017,25095,Petrol,Manual,First,18.16,1196,86.8,5.0,6.48,FORD,FIGO 2015-2019 1.2P TITANIUM OPT MT
1433,2007,59000,Petrol,Manual,First,16.1,796,37,4.0,0.75,MARUTI,800 AC
1434,2014,36000,Diesel,Manual,First,26.0,1498,98.6,5.0,5.0,HONDA,CITY I DTEC V
1435,2012,37000,Diesel,Manual,First,16.0,2179,140,7.0,7.75,MAHINDRA,XUV500 W8 2WD
1436,2010,90000,Diesel,Manual,First,20.0,1399,68,5.0,2.6,FORD,FIGO DIESEL ZXI
1437,2018,17000,Petrol,Manual,First,17.0,1497,121.36,5.0,9.2,FORD,ECOSPORT 1.5 PETROL TITANIUM
1438,2015,42575,Petrol,Manual,First,18.6,1197,81.83,5.0,5.05,HYUNDAI,I20 ASTA 1.2
1439,2012,131000,Diesel,Manual,First,12.99,2494,100,7.0,9.6,TOYOTA,INNOVA 2.5 G (DIESEL) 7 SEATER BS IV
1440,2013,74000,Diesel,Manual,First,20.46,1461,83.8,5.0,5.5,RENAULT,DUSTER 85PS DIESEL RXL OPTIONAL
1441,2013,47234,Diesel,Manual,First,12.99,2494,100.6,8.0,9.35,TOYOTA,INNOVA 2.5 VX (DIESEL) 8 SEATER
1442,2009,231673,Petrol,Manual,First,17.0,1497,118,5.0,2.6,HONDA,CITY 1.5 S MT
1443,2016,10000,Petrol,Manual,First,24.07,998,67.1,5.0,3.5,MARUTI,ALTO K10 VXI
1444,2016,49389,Petrol,Manual,First,19.49,1198,67.04,5.0,4.26,NISSAN,MICRA ACTIVE XL PETROL
1445,2016,12000,Petrol,Automatic,Second,23.1,998,67.04,5.0,4.25,MARUTI,CELERIO VXI AT
1446,2010,65000,Petrol,Manual,Second,11.7,1796,178,5.0,11.75,MERCEDES-BENZ,NEW C-CLASS 200 KOMPRESSOR
1447,2013,177000,Diesel,Manual,First,23.5,1498,88.7,5.0,3.5,FORD,FIESTA DIESEL STYLE
1448,2015,89000,Petrol,Manual,First,17.01,1591,121.3,5.0,7.5,HYUNDAI,VERNA 1.6 VTVT S
1449,2009,72000,Petrol,Automatic,Third,15.0,1396,100,5.0,3.25,HYUNDAI,I20 1.4 ASTA (AT)
1450,2012,49000,Petrol,Manual,First,17.5,1298,85.8,5.0,4.9,MARUTI,SWIFT DZIRE VXI
1451,2014,51355,Diesel,Automatic,First,14.84,2143,170,5.0,27.0,MERCEDES-BENZ,NEW C-CLASS C 220CDIBE AVANTGARDE COMMAND
1452,2017,13460,Petrol,Manual,First,18.6,1197,81.86,5.0,8.91,HYUNDAI,ELITE I20 PETROL ASTA
1453,2014,35642,Petrol,Automatic,First,17.01,1591,121.4,5.0,6.69,HYUNDAI,VERNA 1.6 VTVT EX AT
1454,2014,52895,Diesel,Manual,First,17.3,1998,163.7,5.0,6.02,CHEVROLET,CRUZE LTZ
1455,2010,93000,Petrol,Manual,First,14.28,1798,138.03,5.0,4.5,TOYOTA,COROLLA ALTIS 1.8 G
1456,2011,70000,Petrol,Manual,First,19.0,998,66.1,5.0,2.0,MARUTI,A-STAR VXI
1457,2012,32048,Diesel,Manual,First,23.08,1461,63.1,5.0,2.4,NISSAN,MICRA DIESEL XV PREMIUM
1458,2013,4700,Petrol,Manual,First,25.4,624,37.48,4.0,1.2,TATA,NANO LX
1459,2014,71800,Diesel,Manual,First,23.4,1248,74,5.0,2.9,MARUTI,SWIFT DZIRE TOUR LDI
1460,2008,69078,Petrol,Manual,First,0.0,,,,40.88,LAND,ROVER RANGE ROVER SPORT 2005 2012 SPORT
1461,2016,45000,Diesel,Automatic,First,17.32,1968,184,5.0,27.0,AUDI,Q3 2.0 TDI QUATTRO
1462,2016,15388,Diesel,Manual,First,25.8,1498,98.6,5.0,7.5,HONDA,AMAZE VX I-DTEC
1463,2004,98798,Petrol,Manual,First,14.7,1599,104,5.0,1.5,CHEVROLET,OPTRA 1.6 LS
1464,2016,43000,Diesel,Automatic,First,14.16,1968,174.3,5.0,39.5,AUDI,Q5 2.0 TDI PREMIUM PLUS
1465,2012,85112,Diesel,Manual,First,23.2,1248,73.94,5.0,3.39,MARUTI,RITZ VDI
1466,2018,37804,Diesel,Manual,First,15.4,2179,120,7.0,12.4,MAHINDRA,SCORPIO S6 7 SEATER
1467,2014,45000,Diesel,Manual,First,28.09,1248,88.5,5.0,6.85,MARUTI,CIAZ ZDI SHVS
1468,2011,116000,Diesel,Manual,Second,21.43,1364,138,5.0,5.75,TOYOTA,COROLLA ALTIS AERO D 4D J
1469,2015,100073,Diesel,Manual,Second,25.0,1396,69,5.0,2.0,TATA,INDICA V2 ELS
1470,2006,165000,Petrol,Manual,First,16.1,796,37,4.0,0.9,MARUTI,800 STD BSIII
1471,2015,22000,Petrol,Manual,First,16.47,1198,74,5.0,3.8,VOLKSWAGEN,POLO 1.2 MPI HIGHLINE
1472,2017,9500,Petrol,Automatic,First,14.62,1999,149.92,5.0,16.35,HYUNDAI,ELANTRA 2.0 SX OPTION AT
1473,2012,152000,Diesel,Automatic,First,11.5,2982,169,7.0,16.5,TOYOTA,FORTUNER 4X2 4 SPEED AT
1474,2019,17705,Petrol,Manual,First,21.4,1197,83.1,5.0,8.7,MARUTI,BALENO ZETA 1.2
1475,2016,12000,Petrol,Manual,First,21.4,1197,83.1,5.0,6.1,MARUTI,BALENO ZETA 1.2
1476,2013,51000,Diesel,Automatic,First,23.8,1998,112,5.0,21.94,MINI,COOPER COUNTRYMAN D
1477,2009,42000,Diesel,Automatic,Second,13.0,2987,210,5.0,22.0,MERCEDES-BENZ,S CLASS 2005 2013 320 CDI
1478,2015,51000,Petrol,Manual,First,20.92,998,67.1,5.0,2.65,MARUTI,ALTO K10 LXI
1479,2017,42527,Petrol,Manual,First,20.4,1197,81.80,5.0,5.27,MARUTI,SWIFT VXI OPTIONAL
1480,2014,45000,Diesel,Manual,First,22.1,1248,74,5.0,2.48,CHEVROLET,SAIL LT ABS
1481,2011,70000,Diesel,Manual,First,12.8,2494,102,8.0,6.0,TOYOTA,INNOVA 2.5 G (DIESEL) 8 SEATER BS IV
1482,2009,92000,Diesel,Manual,First,11.5,2982,171,7.0,8.9,TOYOTA,FORTUNER 3.0 DIESEL
1483,2012,57156,Diesel,Automatic,Second,18.88,1995,184,5.0,18.0,BMW,3 SERIES 320D SPORT LINE
1484,2016,53211,Petrol,Manual,First,16.8,1395,138.02,5.0,11.64,SKODA,OCTAVIA AMBITION 1.4 TSI MT
1485,2019,80000,Diesel,Manual,First,11.5,2982,171,7.0,8.99,TOYOTA,FORTUNER 3.0 DIESEL
1486,2009,74000,Diesel,Automatic,First,15.5,1896,105,5.0,5.25,VOLKSWAGEN,JETTA 2007-2011 1.9 HIGHLINE TDI
1487,2011,37000,Diesel,Manual,First,23.0,1396,90,5.0,2.95,HYUNDAI,I20 1.4 CRDI ASTA
1488,2013,64000,Diesel,Manual,Second,21.02,1248,88.76,5.0,2.65,TATA,MANZA CLUB CLASS QUADRAJET90 LX
1489,2013,57197,Petrol,Manual,First,15.04,1598,103.6,5.0,4.0,VOLKSWAGEN,VENTO PETROL HIGHLINE
1490,2016,55000,Diesel,Automatic,First,17.6,1582,126.2,5.0,12.5,HYUNDAI,CRETA 1.6 SX AUTOMATIC DIESEL
1491,2014,33000,Petrol,Manual,First,21.1,1197,85.80,5.0,3.25,MARUTI,RITZ VXI
1492,2008,70000,Petrol,Manual,First,13.1,1997,141.1,5.0,4.0,HONDA,CR-V 2.0L 2WD MT
1493,2012,75000,Diesel,Manual,Second,15.1,2179,140,7.0,6.25,MAHINDRA,XUV500 W8 2WD
1494,2016,58095,Diesel,Manual,First,21.66,1498,108.62,5.0,5.8,VOLKSWAGEN,AMEO 1.5 TDI COMFORTLINE
1495,2015,7445,Petrol,Manual,First,17.57,1193,88.7,5.0,5.0,TATA,ZEST REVOTRON 1.2 XT
1496,2016,17652,Diesel,Automatic,First,12.9,2993,270.88,5.0,58.73,JAGUAR,XJ 3.0L PORTFOLIO LWB
1497,2018,28321,Petrol,Automatic,First,14.28,1798,138.03,5.0,17.49,TOYOTA,COROLLA ALTIS 1.8 VL CVT
1498,2011,69000,Petrol,Manual,Second,19.0,998,66.1,5.0,1.95,MARUTI,A-STAR VXI
1499,2007,80000,Petrol,Automatic,First,11.1,2354,142,5.0,3.0,HONDA,ACCORD VTI-L (AT)
1500,2014,42365,Petrol,Manual,First,17.0,1197,80,5.0,5.5,HYUNDAI,I20 ASTA (O)
1501,2013,123000,Diesel,Automatic,First,12.55,2982,168.5,7.0,16.5,TOYOTA,FORTUNER 4X2 AT
1502,2011,40000,Petrol,Automatic,Second,11.74,1796,186,5.0,14.5,MERCEDES-BENZ,NEW C-CLASS C 200 CGI AVANTGARDE
1503,2016,30112,Diesel,Manual,First,27.39,1248,74,5.0,7.79,MARUTI,BALENO ALPHA 1.3
1504,2017,43775,Diesel,Manual,First,20.77,1248,88.76,7.0,8.27,MARUTI,ERTIGA VDI
1505,2019,26013,Diesel,Automatic,First,12.65,2993,255,5.0,97.07,LAND,ROVER RANGE ROVER SPORT SE
1506,2012,56000,Petrol,Manual,First,12.9,1598,102.5,5.0,2.15,CHEVROLET,OPTRA MAGNUM 1.6 LT ABS BS3
1507,2008,95000,Petrol,Automatic,Second,12.9,1799,130,5.0,3.0,HONDA,CIVIC 2006-2010 1.8 V AT
1508,2014,41089,Diesel,Automatic,First,16.09,1995,184,5.0,28.79,BMW,X3 XDRIVE20D
1509,2011,41988,Diesel,Automatic,First,20.0,1968,138.1,5.0,5.45,SKODA,LAURA AMBITION 2.0 TDI CR AT
1510,2013,72486,Diesel,Manual,First,23.4,1248,74,5.0,3.95,MARUTI,SWIFT DZIRE VDI
1511,2013,92000,Diesel,Automatic,First,23.3,1984,150,5.0,16.0,VOLVO,V40 CROSS COUNTRY D3
1512,2013,40000,Petrol,Manual,First,17.5,1298,85.8,5.0,4.25,MARUTI,SWIFT DZIRE ZXI
1513,2014,56000,Diesel,Automatic,First,12.7,2179,187.7,5.0,34.5,LAND,ROVER RANGE ROVER 2.2L PURE
1514,2008,125000,Petrol,Automatic,Third,11.7,2354,177.6,5.0,2.6,HONDA,ACCORD 2.4 AT
1515,2017,29219,Diesel,Manual,First,12.99,2494,100.6,8.0,13.48,TOYOTA,INNOVA 2.5 G (DIESEL) 8 SEATER
1516,2018,39927,Diesel,Manual,First,12.55,2982,168.5,7.0,32.1,TOYOTA,FORTUNER 4X4 MT
1517,2018,38593,Petrol,Manual,First,18.7,1199,88.7,5.0,6.17,HONDA,JAZZ 1.2 E I VTEC
1518,2015,32000,Petrol,Manual,First,17.0,1497,118,5.0,5.5,HONDA,CITY 1.5 V MT
1519,2017,28226,Diesel,Automatic,First,28.4,1248,73.75,5.0,9.15,MARUTI,DZIRE AMT ZDI PLUS
1520,2014,95000,Diesel,Manual,First,21.64,1461,84.8,5.0,4.5,NISSAN,SUNNY 2011-2014 DIESEL XL
1521,2014,194000,Diesel,Manual,First,12.99,2494,100.6,8.0,10.5,TOYOTA,INNOVA 2.5 G (DIESEL) 8 SEATER
1522,2016,14821,Petrol,Manual,First,19.4,1198,86.8,5.0,5.37,HONDA,BRIO S MT
1523,2012,52000,Petrol,Manual,First,15.04,1598,103.6,5.0,5.45,VOLKSWAGEN,VENTO PETROL TRENDLINE
1524,2016,33000,Diesel,Manual,First,16.0,2179,140,7.0,9.25,MAHINDRA,XUV500 W4
1525,2016,29200,Diesel,Manual,First,23.0,1498,98.96,5.0,7.7,FORD,ECOSPORT 1.5 DIESEL TITANIUM PLUS
1526,2012,99754,Diesel,Manual,First,17.72,1968,108.49,5.0,7.99,SKODA,YETI AMBITION 4X2
1527,2012,49000,Petrol,Manual,First,20.36,1197,78.9,5.0,3.0,HYUNDAI,I10 SPORTZ
1528,2005,299322,Diesel,Manual,First,12.8,2494,102,8.0,4.0,TOYOTA,INNOVA 2.5 G (DIESEL) 8 SEATER BS IV
1529,2018,38310,Diesel,Manual,First,20.65,1248,88.7,5.0,6.69,TATA,ZEST QUADRAJET 1.3 XT
1530,2014,56000,Diesel,Manual,First,22.9,1248,74,5.0,4.25,MARUTI,SWIFT VDI
1531,2017,31300,Diesel,Automatic,First,21.72,1498,108.4,5.0,10.5,SKODA,RAPID 1.5 TDI AT STYLE
1532,2019,11241,Diesel,Manual,First,13.68,2393,147.8,8.0,22.55,TOYOTA,INNOVA CRYSTA 2.4 VX MT 8S
1533,2014,48000,Petrol,Manual,Second,17.01,1591,121.3,5.0,5.2,HYUNDAI,VERNA 1.6 SX VTVT
1534,2019,23882,Petrol,Manual,First,17.4,1497,117.3,5.0,11.87,HONDA,CITY I VTEC VX OPTION
1535,2014,65000,Diesel,Manual,First,26.0,1498,98.6,5.0,6.99,HONDA,CITY I DTEC SV
1536,2011,50000,Diesel,Manual,First,20.54,1598,103.6,5.0,5.0,VOLKSWAGEN,VENTO DIESEL HIGHLINE
1537,2014,25000,Diesel,Automatic,First,12.19,2967,236,5.0,44.0,AUDI,Q5 2008-2012 3.0 TDI
1538,2015,21000,Petrol,Manual,First,22.74,796,47.3,5.0,2.79,MARUTI,ALTO 800 LXI
1539,2012,148000,Diesel,Manual,Second,21.12,1248,88.8,5.0,2.9,TATA,MANZA ELAN QUADRAJET BS IV
1540,2016,68000,Petrol,Manual,First,15.29,1591,121.3,5.0,9.85,HYUNDAI,CRETA 1.6 SX PLUS DUAL TONE PETROL
1541,2014,52000,Diesel,Automatic,First,12.0,2987,224,7.0,49.0,MERCEDES-BENZ,GL-CLASS 2007 2012 350 CDI LUXURY
1542,2016,19000,Diesel,Manual,First,16.55,2498,105,6.0,9.25,MAHINDRA,THAR CRDE
1543,2011,74000,Diesel,Manual,Second,22.32,1582,126.3,5.0,3.75,HYUNDAI,VERNA 1.6 CRDI
1544,2017,30279,Diesel,Manual,First,26.1,1498,99,5.0,7.29,FORD,ASPIRE TITANIUM DIESEL
1545,2016,20000,Diesel,Automatic,First,20.7,1496,113.98,4.0,23.5,MINI,COOPER 3 DOOR D
1546,2013,34834,Petrol,Manual,First,14.0,796,35,5.0,2.6,MARUTI,OMNI 8 SEATER BSIV
1547,2015,90000,Diesel,Manual,Second,21.03,1461,65,5.0,3.1,MAHINDRA,VERITO 1.5 D4 BSIV
1548,2016,38730,Diesel,Automatic,First,14.21,2143,203,5.0,29.98,MERCEDES-BENZ,E-CLASS 2009-2013 E250 CDI ELEGANCE
1549,2016,57390,Diesel,Manual,First,19.01,1461,108.45,5.0,6.73,RENAULT,DUSTER 110PS DIESEL RXZ
1550,2016,100000,Diesel,Manual,First,23.4,1248,74,5.0,3.5,MARUTI,SWIFT DZIRE TOUR LDI
1551,2011,50000,Petrol,Manual,First,16.47,1198,73.9,5.0,2.35,VOLKSWAGEN,POLO PETROL HIGHLINE 1.2L
1552,2017,64961,Diesel,Manual,First,16.0,2179,140,7.0,16.13,MAHINDRA,XUV500 W10 2WD
1553,2014,72465,Petrol,Manual,First,16.47,1198,74,5.0,5.9,VOLKSWAGEN,POLO 1.2 MPI HIGHLINE
1554,2012,68776,Petrol,Manual,First,21.1,1197,85.80,5.0,3.9,MARUTI,RITZ VXI
1555,2005,150000,Petrol,Manual,First,14.7,1598,,5.0,1.5,CHEVROLET,OPTRA 1.6 ELITE
1556,2012,68000,Diesel,Manual,First,12.8,2494,102,7.0,6.95,TOYOTA,INNOVA 2.5 GX 7 STR BSIV
1557,2015,33000,Diesel,Manual,First,26.0,1498,98.6,5.0,7.0,HONDA,CITY I DTEC SV
1558,2017,22389,Petrol,Manual,First,17.0,1198,73.75,5.0,7.23,VOLKSWAGEN,AMEO 1.2 MPI HIGHLINE
1559,2012,90000,Diesel,Manual,First,21.5,1248,88.8,5.0,3.81,MARUTI,SX4 ZDI LEATHER
1560,2012,42000,Petrol,Manual,Third,18.6,1197,85.8,5.0,4.5,MARUTI,SWIFT ZXI
1561,2017,38767,Diesel,Manual,First,19.67,1582,126.2,5.0,12.6,HYUNDAI,CRETA 1.6 CRDI SX
1562,2015,21000,Diesel,Automatic,First,12.07,2967,241.4,7.0,48.0,AUDI,Q7 35 TDI QUATTRO TECHNOLOGY
1563,2010,59136,Petrol,Manual,First,19.7,796,46.3,5.0,2.96,MARUTI,ALTO LXI BSIII
1564,2014,36000,Diesel,Manual,First,25.8,1498,98.6,5.0,3.25,HONDA,AMAZE SX I-DTEC
1565,2011,95000,Diesel,Automatic,Second,18.33,1968,167.7,5.0,8.5,VOLKSWAGEN,PASSAT DIESEL HIGHLINE 2.0 TDI
1566,2013,51000,Diesel,Automatic,First,19.5,1582,126.24,5.0,8.75,HYUNDAI,ELANTRA CRDI SX AT
1567,2011,36411,Petrol,Manual,First,18.9,998,67.1,5.0,3.08,MARUTI,WAGON R VXI BS IV
1568,2017,40000,Diesel,Automatic,First,12.81,1999,148.31,7.0,41.5,LAND,ROVER DISCOVERY SPORT TD4 HSE 7S
1569,2016,27300,Petrol,Manual,First,17.8,1497,117.3,5.0,7.0,HONDA,CITY I VTEC SV
1570,2011,29813,Petrol,Automatic,Second,14.74,1991,181.03,5.0,11.5,MERCEDES-BENZ,NEW C-CLASS C 200 AVANTGARDE EDITION C
1571,2011,71000,Petrol,Manual,First,20.51,998,67.04,5.0,2.6,MARUTI,WAGON R LX BS IV
1572,2014,32000,Diesel,Manual,First,22.32,1582,126.3,5.0,4.3,HYUNDAI,VERNA 1.6 CRDI
1573,2017,19234,CNG,Manual,First,17.5,1373,80.46,7.0,8.35,MARUTI,ERTIGA VXI CNG
1574,2017,50510,Diesel,Automatic,First,17.06,1968,141,5.0,24.9,VOLKSWAGEN,TIGUAN 2.0 TDI HIGHLINE
1575,2011,102000,Diesel,Automatic,First,15.06,1995,177,5.0,13.75,BMW,X1 SDRIVE 20D EXCLUSIVE
1576,2014,42277,Diesel,Manual,First,24.0,1186,73.97,5.0,3.85,HYUNDAI,GRAND I10 1.2 CRDI SPORTZ OPTION
1577,2014,46000,Diesel,Automatic,First,13.0,2143,201.1,5.0,23.25,MERCEDES-BENZ,E-CLASS E250 CDI AVANTGRADE
1578,2012,35000,Diesel,Manual,First,13.6,2523,,7.0,7.0,MAHINDRA,BOLERO ZLX
1579,2015,50000,Petrol,Manual,First,18.9,1197,82,5.0,5.75,HYUNDAI,GRAND I10 ASTA OPTION
1580,2008,62000,Petrol,Manual,Second,20.36,1197,78.9,5.0,1.65,HYUNDAI,I10 MAGNA 1.2
1581,2012,78000,Diesel,Manual,First,19.33,1968,138.1,5.0,6.5,VOLKSWAGEN,JETTA 2012-2014 2.0L TDI COMFORTLINE
1582,2011,79000,Diesel,Manual,First,17.67,1968,138.08,5.0,7.5,SKODA,YETI ELEGANCE
1583,2019,6773,Diesel,Automatic,First,14.75,2967,245,7.0,72.94,AUDI,Q7 45 TDI QUATTRO PREMIUM PLUS
1584,2010,135000,Diesel,Manual,Second,11.5,2982,171,7.0,11.0,TOYOTA,FORTUNER 3.0 DIESEL
1585,2013,36716,Petrol,Manual,First,18.9,1061,67,5.0,3.02,MARUTI,WAGON R VXI MINOR ABS
1586,2013,65060,Petrol,Manual,First,21.1,814,55.2,5.0,3.32,HYUNDAI,EON ERA
1587,2013,33000,Petrol,Manual,First,19.4,1198,86.8,5.0,3.24,HONDA,BRIO S MT
1588,2015,11110,Petrol,Manual,First,22.74,796,47.3,5.0,2.35,MARUTI,ALTO 800 VXI
1589,2013,63000,Diesel,Manual,First,15.96,2523,62.1,7.0,5.5,MAHINDRA,BOLERO ZLX
1590,2015,27030,Petrol,Manual,First,17.8,1497,117.3,5.0,6.75,HONDA,CITY I VTEC SV
1591,2015,19600,Petrol,Manual,First,15.0,1598,103.52,5.0,6.15,SKODA,RAPID 1.6 MPI ELEGANCE BLACK PACKAGE
1592,2016,27755,Petrol,Manual,First,22.0,1197,81.80,5.0,5.45,MARUTI,SWIFT VVT VXI
1593,2013,20000,Petrol,Manual,Second,21.1,814,55.2,5.0,2.3,HYUNDAI,EON MAGNA PLUS
1594,2015,24782,Petrol,Manual,First,20.85,1197,83.14,5.0,6.21,MARUTI,SWIFT DZIRE ZXI
1595,2014,47303,Petrol,Automatic,First,19.34,1198,76,5.0,5.21,NISSAN,MICRA XV CVT
1596,2008,71000,Petrol,Automatic,First,8.3,4134,250,7.0,11.99,AUDI,Q7 4.2 FSI QUATTRO
1597,2010,135000,Diesel,Manual,First,17.8,1248,75,5.0,3.1,MARUTI,SWIFT VDI BSIII
1598,2017,1000,Diesel,Manual,First,13.49,2179,138.03,5.0,7.5,TATA,XENON XT EX 4X2
1599,2016,29000,Diesel,Manual,First,20.14,1498,88.8,5.0,4.0,VOLKSWAGEN,POLO 1.5 TDI COMFORTLINE
1600,2016,36367,Petrol,Manual,First,17.8,1497,117.3,5.0,7.73,HONDA,CITY I VTEC SV
1601,2015,38000,Petrol,Manual,First,17.4,1497,117.3,5.0,7.8,HONDA,CITY I VTEC V
1602,2011,83969,Petrol,Manual,First,16.1,796,37,4.0,1.3,MARUTI,800 AC BSIII
1603,2014,82621,Diesel,Manual,First,20.14,1498,88.8,5.0,4.42,VOLKSWAGEN,POLO 1.5 TDI TRENDLINE
1604,2009,89000,Diesel,Automatic,First,12.5,1991,147.9,7.0,4.0,CHEVROLET,CAPTIVA LTZ VCDI
1605,2016,54000,Diesel,Manual,First,16.0,2179,140,7.0,13.0,MAHINDRA,XUV500 W10 2WD
1606,2015,61691,Diesel,Manual,First,25.8,1498,98.6,5.0,5.38,HONDA,AMAZE VX I-DTEC
1607,2011,32200,Petrol,Manual,Second,17.0,1197,80,5.0,3.25,HYUNDAI,I20 1.2 SPORTZ OPTION
1608,2016,68630,Petrol,Automatic,First,20.51,998,67,5.0,3.87,MARUTI,WAGON R AMT VXI
1609,2014,61000,Diesel,Automatic,Second,16.96,1968,138.03,5.0,8.25,VOLKSWAGEN,JETTA 2013-2015 2.0L TDI HIGHLINE AT
1610,2018,32644,Petrol,Manual,First,20.73,1373,91.1,5.0,9.28,MARUTI,CIAZ 1.4 ZETA
1611,2012,85000,Diesel,Automatic,First,11.79,2179,120,7.0,6.25,MAHINDRA,SCORPIO 2009-2014 VLX 4WD AT 7S BSIV
1612,2008,75000,Petrol,Manual,Second,15.26,1150,74.9,5.0,1.15,CHEVROLET,AVEO U-VA 1.2 LS
1613,2016,40347,Petrol,Manual,First,20.73,1373,91.2,5.0,7.8,MARUTI,CIAZ ZXI OPTION
1614,2012,60788,Diesel,Manual,First,23.0,1396,90,5.0,4.5,HYUNDAI,I20 1.4 CRDI ASTA
1615,2018,18664,Petrol,Manual,First,18.7,1199,88.7,5.0,7.56,HONDA,JAZZ 1.2 SV I VTEC
1616,2017,57847,Diesel,Manual,First,16.0,2179,140,7.0,16.08,MAHINDRA,XUV500 W10 2WD
1617,2012,52237,Petrol,Manual,First,17.0,1197,80,5.0,4.5,HYUNDAI,I20 1.2 SPORTZ
1618,2012,128000,Diesel,Manual,First,22.32,1582,126.32,5.0,5.0,HYUNDAI,VERNA 1.6 SX
1619,2011,54000,Petrol,Manual,First,19.81,1086,68.05,5.0,2.2,HYUNDAI,I10 ERA 1.1
1620,2014,49800,Petrol,Automatic,First,23.1,998,67.04,5.0,4.0,MARUTI,CELERIO VXI AT
1621,2012,98000,Diesel,Manual,First,20.86,1199,73.9,5.0,2.51,SKODA,FABIA 1.2 TDI AMBITION
1622,2015,60095,Diesel,Manual,First,25.2,1248,74,5.0,4.75,MARUTI,SWIFT VDI BSIV
1623,2008,68000,Petrol,Manual,Second,16.0,1086,66.7,5.0,2.0,HYUNDAI,I10 MAGNA(O) WITH SUN ROOF
1624,2010,81402,Petrol,Manual,Second,20.36,1197,78.9,5.0,2.1,HYUNDAI,I10 MAGNA 1.2
1625,2013,38000,Petrol,Automatic,First,16.5,1499,110,5.0,6.25,FORD,ECOSPORT 1.5 TI VCT AT TITANIUM
1626,2011,92239,Diesel,Automatic,Second,11.5,2987,210,5.0,10.6,MERCEDES-BENZ,E-CLASS 2009-2013 E350 CDI AVANTGARDE
1627,2017,49224,Diesel,Manual,First,25.2,1248,74,5.0,6.0,MARUTI,SWIFT VDI BSIV
1628,2004,12000,Petrol,Manual,Second,16.1,796,37,4.0,0.45,MARUTI,800 STD BSIII
1629,2010,54898,Petrol,Manual,Third,16.1,1298,88.2,5.0,2.5,MARUTI,SWIFT LXI BSIII
1630,2018,2500,Petrol,Manual,First,15.29,1591,121.3,5.0,12.75,HYUNDAI,CRETA 1.6 SX PLUS DUAL TONE PETROL
1631,2017,32838,Diesel,Automatic,First,17.05,1995,190,5.0,30.29,BMW,X1 M SPORT SDRIVE 20D
1632,2006,27076,Petrol,Manual,First,13.8,1299,70,5.0,1.6,FORD,IKON 1.3 FLAIR
1633,2017,75445,Diesel,Manual,First,22.7,1498,89.84,5.0,7.54,FORD,ECOSPORT 1.5 DV5 MT TITANIUM OPTIONAL
1634,2015,46601,Petrol,Manual,First,20.73,1373,91.1,5.0,6.84,MARUTI,CIAZ VXI PLUS
1635,2012,72000,Diesel,Automatic,First,18.33,1968,167.7,5.0,6.0,VOLKSWAGEN,PASSAT DIESEL HIGHLINE 2.0 TDI
1636,2017,27000,Diesel,Manual,First,27.3,1498,98.6,5.0,8.0,HONDA,JAZZ 1.5 VX I DTEC
1637,2016,68193,Diesel,Automatic,First,17.11,1968,174.33,5.0,24.74,AUDI,A4 35 TDI PREMIUM
1638,2017,34429,Diesel,Manual,First,24.0,1120,70,5.0,5.5,HYUNDAI,GRAND I10 CRDI SPORTZ CELEBRATION EDITION
1639,2013,46000,Diesel,Automatic,First,12.0,2987,224,7.0,36.0,MERCEDES-BENZ,GL-CLASS 2007 2012 350 CDI LUXURY
1640,2013,80544,Diesel,Manual,First,12.99,2494,100.6,7.0,11.79,TOYOTA,INNOVA 2.5 G (DIESEL) 7 SEATER
1641,2011,42000,Petrol,Manual,Second,16.95,1498,97.7,5.0,3.0,NISSAN,SUNNY 2011-2014 XL
1642,2011,94821,Diesel,Automatic,Second,20.0,1968,138.1,5.0,6.75,SKODA,LAURA AMBIENTE 2.0 TDI CR AT
1643,2006,100000,Petrol,Manual,First,14.49,1399,92.7,5.0,1.4,CHEVROLET,AVEO 1.4 LS
1644,2014,57000,Diesel,Manual,First,24.2,1498,98.6,7.0,5.75,HONDA,MOBILIO V I DTEC
1645,2010,79894,Diesel,Manual,First,21.1,1248,73.9,5.0,3.4,MARUTI,RITZ VDI
1646,2011,44748,Petrol,Manual,Second,16.47,1198,73.9,5.0,4.89,VOLKSWAGEN,POLO PETROL HIGHLINE 1.2L
1647,2013,31000,Petrol,Manual,First,13.24,1598,102.5,5.0,4.95,NISSAN,TERRANO XL
1648,2013,60587,Petrol,Automatic,Second,16.98,998,66.1,5.0,3.49,MARUTI,A-STAR AT VXI AKTIV
1649,2011,32000,Diesel,Manual,First,23.59,1364,,5.0,3.85,TOYOTA,ETIOS LIVA GD
1650,2014,43772,Petrol,Manual,First,17.0,1497,118,5.0,6.35,HONDA,CITY 1.5 S MT
1651,2017,23576,Petrol,Automatic,First,18.9,1197,82,5.0,7.08,HYUNDAI,GRAND I10 AT ASTA
1652,2017,4000,Diesel,Automatic,First,13.6,1999,177,5.0,38.0,JAGUAR,XE 2.0L DIESEL PRESTIGE
1653,2012,62000,Diesel,Manual,First,12.05,2179,120,8.0,6.25,MAHINDRA,SCORPIO VLX
1654,2011,36000,Petrol,Automatic,First,11.74,1796,186,5.0,10.15,MERCEDES-BENZ,NEW C-CLASS C 200 KOMPRESSOR ELEGANCE AT
1655,2014,80000,Petrol,Automatic,First,13.7,1798,157.75,5.0,10.75,SKODA,SUPERB ELEGANCE 1.8 TSI AT
1656,2012,137008,Diesel,Automatic,First,18.1,1991,147.9,4.0,4.65,CHEVROLET,CRUZE LTZ AT
1657,2010,61001,Diesel,Manual,First,12.05,2179,120,8.0,4.75,MAHINDRA,SCORPIO VLX
1658,2015,52191,Petrol,Manual,First,17.1,1591,121.3,5.0,7.78,HYUNDAI,VERNA 1.6 SX VTVT (O)
1659,2016,77076,Diesel,Manual,First,23.0,1396,90,5.0,6.75,HYUNDAI,I20 1.4 ASTA CRDI WITH AVN
1660,2008,56000,Petrol,Automatic,First,16.4,1497,78,5.0,2.99,HONDA,CITY ZX CVT
1661,2013,21000,Petrol,Manual,First,20.36,1197,78.9,5.0,2.35,HYUNDAI,I10 MAGNA
1662,2013,89429,Diesel,Manual,First,25.8,1498,98.6,5.0,3.65,HONDA,AMAZE S I-DTECH
1663,2012,45631,Petrol,Manual,Second,22.5,998,67.04,5.0,2.74,MARUTI,WAGON R LXI
1664,2013,53959,Petrol,Manual,First,19.4,1198,86.8,5.0,3.5,HONDA,BRIO S MT
1665,2014,55804,Petrol,Manual,First,17.0,1197,80,5.0,4.76,HYUNDAI,I20 1.2 SPORTZ OPTION
1666,2016,25899,Petrol,Manual,First,15.04,1598,103.2,5.0,6.2,VOLKSWAGEN,VENTO 2013-2015 1.6 COMFORTLINE
1667,2008,82000,Diesel,Manual,Second,18.7,1896,66,5.0,2.35,SKODA,OCTAVIA RIDER 1.9 TDI MT
1668,2014,52000,Diesel,Automatic,First,13.0,2143,204,5.0,24.5,MERCEDES-BENZ,E-CLASS 2015-2017 E250 CDI AVANTGARDE
1669,2013,20000,Petrol,Manual,First,13.24,1598,102.57,5.0,6.0,RENAULT,DUSTER PETROL RXL
1670,2017,31829,Petrol,Manual,First,21.1,814,55.2,5.0,3.65,HYUNDAI,EON SPORTZ
1671,2016,18094,Petrol,Manual,Second,18.6,1197,85.8,5.0,6.26,MARUTI,SWIFT VXI
1672,2011,80000,Diesel,Manual,Second,19.5,1461,,5.0,2.1,NISSAN,MICRA DIESEL
1673,2015,11964,Diesel,Automatic,First,13.22,2967,241.4,5.0,32.95,AUDI,Q5 3.0 TDI QUATTRO TECHNOLOGY
1674,2018,22684,Petrol,Manual,First,18.6,1197,81.83,5.0,7.8,HYUNDAI,I20 1.2 SPOTZ
1675,2014,43521,Petrol,Manual,First,19.4,1198,86.8,5.0,4.25,HONDA,BRIO S MT
1676,2014,49386,Petrol,Manual,First,17.5,1298,85.8,5.0,4.86,MARUTI,SWIFT DZIRE ZXI
1677,2017,12248,Petrol,Manual,First,18.9,1197,81.86,5.0,4.9,HYUNDAI,GRAND I10 1.2 KAPPA MAGNA
1678,2014,67771,Diesel,Manual,First,11.68,2498,112,8.0,7.06,MAHINDRA,XYLO E8 ABS BS IV
1679,2015,60007,Petrol,Automatic,First,17.21,1798,189,4.0,4.5,VOLKSWAGEN,POLO GTI
1680,2011,48624,Petrol,Manual,First,24.07,998,67.1,5.0,3.22,MARUTI,ALTO K10 VXI
1681,2014,30000,Diesel,Manual,First,22.07,1199,73.9,5.0,3.25,VOLKSWAGEN,POLO DIESEL COMFORTLINE 1.2L
1682,2016,81605,Petrol,Manual,First,18.9,1197,82,5.0,4.53,HYUNDAI,GRAND I10 SPORTZ
1683,2017,32642,Diesel,Automatic,First,14.84,2143,170,5.0,34.78,MERCEDES-BENZ,NEW C-CLASS C 220 CDI ELEGANCE AT
1684,2014,34200,Petrol,Automatic,First,15.74,1591,121.3,5.0,6.5,HYUNDAI,VERNA 1.6 SX VTVT AT
1685,2010,72204,Petrol,Manual,First,15.7,1172,67,5.0,2.25,FIAT,PUNTO EVO 1.2 EMOTION
1686,2011,156347,Diesel,Manual,Second,12.99,2494,100,8.0,8.0,TOYOTA,INNOVA 2.5 VX (DIESEL) 8 SEATER BS IV
1687,2017,47357,Diesel,Automatic,First,18.49,1493,100,7.0,8.37,MAHINDRA,TUV 300 2015-2019 MHAWK100 T8 AMT
1688,2015,61738,Diesel,Manual,First,20.14,1498,88.8,5.0,5.39,VOLKSWAGEN,POLO 1.5 TDI COMFORTLINE
1689,2018,32586,Diesel,Automatic,First,22.48,1995,190,5.0,37.3,BMW,5 SERIES 520D LUXURY LINE
1690,2018,40129,Diesel,Automatic,First,11.57,2987,254.79,5.0,70.8,MERCEDES-BENZ,GLE 350D
1691,2012,51000,Diesel,Automatic,First,11.74,2987,254.8,5.0,22.25,MERCEDES-BENZ,M-CLASS ML 350 CDI
1692,2018,10393,Petrol,Manual,First,18.9,1197,81.86,5.0,6.03,HYUNDAI,GRAND I10 1.2 KAPPA SPORTZ
1693,2011,46000,Petrol,Automatic,First,13.7,1798,157.75,5.0,4.9,SKODA,SUPERB ELEGANCE 1.8 TSI AT
1694,2013,21000,Petrol,Automatic,First,16.95,1197,78.9,5.0,3.96,HYUNDAI,I10 SPORTZ AT
1695,2011,113562,Diesel,Manual,First,23.0,1396,90,5.0,4.6,HYUNDAI,I20 1.4 CRDI ASTA
1696,2011,100010,Diesel,Manual,Second,12.05,2179,120,8.0,5.5,MAHINDRA,SCORPIO VLX
1697,2013,63107,Petrol,Manual,First,19.4,1198,86.8,5.0,3.25,HONDA,BRIO V MT
1698,2017,58500,Petrol,Manual,First,18.6,1197,81.83,5.0,6.25,HYUNDAI,I20 1.2 MAGNA EXECUTIVE
1699,2007,90000,Diesel,Manual,Fourth & Above,10.9,2499,143,7.0,3.0,FORD,ENDEAVOUR 4X2 XLT LIMITED EDITION
1700,2011,108242,Diesel,Manual,First,16.8,1493,110,5.0,4.25,HYUNDAI,VERNA CRDI SX
1701,2011,146300,Diesel,Manual,First,11.5,2982,171,7.0,12.25,TOYOTA,FORTUNER 3.0 DIESEL
1702,2011,62943,Diesel,Automatic,Second,17.05,1995,184,5.0,10.95,BMW,X1 SDRIVE20D
1703,2013,65000,Diesel,Automatic,First,12.55,2982,168.5,7.0,16.5,TOYOTA,FORTUNER 4X2 AT
1704,2018,1700,Petrol,Automatic,First,19.0,1199,88.76,5.0,7.8,HONDA,AMAZE V CVT PETROL
1705,2013,34697,Petrol,Manual,First,19.81,1086,68.05,5.0,3.7,HYUNDAI,I10 ERA 1.1
1706,2012,58000,Petrol,Manual,First,17.0,1197,80,5.0,4.0,HYUNDAI,I20 1.2 SPORTZ
1707,2015,32500,Diesel,Automatic,First,19.59,1995,187.74,5.0,26.75,BMW,3 SERIES 320D GT LUXURY LINE
1708,2016,58661,Diesel,Automatic,First,15.17,1968,181,5.0,28.03,AUDI,Q3 35 TDI QUATTRO PREMIUM PLUS
1709,2017,37124,Petrol,Manual,First,20.4,1197,81.80,5.0,5.44,MARUTI,SWIFT VXI OPTIONAL
1710,2017,44000,Petrol,Automatic,First,21.4,1197,83.1,5.0,6.2,MARUTI,BALENO DELTA AUTOMATIC
1711,2005,45200,Petrol,Manual,First,13.2,1495,94,5.0,0.9,HYUNDAI,ACCENT GLE
1712,2016,11000,Petrol,Manual,First,18.5,1197,85.80,5.0,3.95,MARUTI,RITZ LXI
1713,2011,65000,Petrol,Manual,Second,26.0,624,35,4.0,0.44,TATA,NANO LX
1714,2012,55005,Diesel,Manual,First,20.0,1399,68,5.0,2.75,FORD,FIGO DIESEL EXI
1715,2011,81650,Diesel,Automatic,First,18.33,1968,167.7,5.0,7.5,VOLKSWAGEN,PASSAT DIESEL HIGHLINE 2.0 TDI
1716,2010,160000,Diesel,Manual,Second,19.0,1248,93,5.0,2.5,FIAT,LINEA EMOTION PACK (DIESEL)
1717,2015,169000,Diesel,Manual,First,14.95,2489,93.7,7.0,5.0,MAHINDRA,XYLO D4
1718,2013,67263,Petrol,Manual,First,18.9,998,67.1,5.0,3.6,MARUTI,WAGON R VXI
1719,2012,44223,Petrol,Manual,First,17.6,1496,88.7,5.0,3.99,TOYOTA,ETIOS G SAFETY
1720,2015,36840,Petrol,Manual,First,18.9,1197,82,5.0,5.64,HYUNDAI,GRAND I10 SPORTZ
1721,2014,160000,Diesel,Manual,First,12.99,2494,100,8.0,12.0,TOYOTA,INNOVA 2.5 VX (DIESEL) 8 SEATER BS IV
1722,2008,133000,Diesel,Manual,First,16.8,1405,62,5.0,0.7,TATA,INDICA V2 DLS TC
1723,2015,69123,Diesel,Automatic,First,18.88,1995,184,5.0,19.0,BMW,3 SERIES 320D SPORT LINE
1724,2017,38000,Diesel,Automatic,First,10.91,3198,197,7.0,30.48,FORD,ENDEAVOUR 3.2 TITANIUM AT 4X4
1725,2017,5500,Petrol,Manual,First,21.56,1462,103.25,5.0,8.2,MARUTI,CIAZ ZETA
1726,2015,1001,Diesel,Manual,First,25.83,1498,99,5.0,7.55,FORD,FIGO 1.5D TITANIUM PLUS MT
1727,2007,59000,Petrol,Manual,Third,15.26,1150,74.9,5.0,0.99,CHEVROLET,AVEO U-VA 1.2 LS
1728,2011,78256,Petrol,Automatic,First,16.8,1497,118,5.0,4.15,HONDA,CITY 1.5 V AT
1729,2016,90000,Petrol,Manual,First,16.95,1498,97.6,5.0,6.2,NISSAN,SUNNY XL
1730,2016,18000,Petrol,Manual,First,19.1,1197,85.8,5.0,4.4,MARUTI,SWIFT DZIRE VXI
1731,2012,60000,Diesel,Manual,First,20.0,1399,68,5.0,2.1,FORD,FIGO DIESEL TITANIUM
1732,2011,130000,Diesel,Manual,First,20.3,1248,75,5.0,2.2,FIAT,GRANDE PUNTO 1.3 EMOTION (DIESEL)
1733,2018,32851,Petrol,Manual,First,18.6,1197,81.86,5.0,8.34,HYUNDAI,ELITE I20 PETROL ASTA
1734,2014,32000,Diesel,Manual,First,23.4,1248,74,5.0,4.35,MARUTI,SWIFT DZIRE VDI
1735,2014,62700,Diesel,Manual,First,22.7,1498,89.84,5.0,6.8,FORD,ECOSPORT 1.5 DV5 MT TITANIUM
1736,2010,71000,Diesel,Manual,First,19.3,1248,73.9,5.0,3.3,MARUTI,SWIFT DZIRE VDI
1737,2016,19947,Petrol,Manual,First,18.9,1197,82,5.0,5.04,HYUNDAI,GRAND I10 SPORTZ
1738,2012,91000,Diesel,Automatic,First,11.4,2953,153.86,7.0,9.2,FORD,ENDEAVOUR 3.0L 4X4 AT
1739,2014,74000,Diesel,Manual,First,22.07,1199,73.9,5.0,5.7,VOLKSWAGEN,POLO DIESEL HIGHLINE 1.2L
1740,2018,55594,Diesel,Manual,First,18.49,1493,100,7.0,8.48,MAHINDRA,TUV 300 2015-2019 MHAWK100 T8
1741,2013,58000,Diesel,Automatic,First,11.2,2993,306,4.0,48.0,BMW,X6 XDRIVE 40D
1742,2012,110224,Diesel,Manual,First,19.01,1461,108.45,5.0,6.1,RENAULT,DUSTER 110PS DIESEL RXZ
1743,2010,21002,Petrol,Manual,First,22.5,998,67.04,5.0,2.75,MARUTI,WAGON R LXI
1744,2017,121000,Diesel,Manual,First,24.52,1248,88.5,7.0,8.0,MARUTI,ERTIGA SHVS VDI
1745,2010,73513,Petrol,Manual,First,19.7,796,46.3,5.0,1.85,MARUTI,ALTO LXI BSIII
1746,2015,34000,Petrol,Automatic,First,20.51,998,67,5.0,3.85,MARUTI,WAGON R AMT VXI OPTION
1747,2017,28371,Petrol,Manual,First,15.1,1196,73,7.0,4.74,MARUTI,EECO 7 SEATER STANDARD
1748,2013,74755,Diesel,Manual,First,19.6,1461,108.45,5.0,5.63,RENAULT,DUSTER 110PS DIESEL RXL
1749,2011,25805,Petrol,Manual,First,18.2,1061,64,5.0,2.62,MARUTI,ZEN ESTILO 1.1 LX BSIII
1750,2015,82603,Petrol,Manual,First,13.06,1598,102.53,5.0,4.9,RENAULT,DUSTER PETROL RXL
1751,2006,110000,Petrol,Manual,First,13.5,1799,130,5.0,2.65,HONDA,CIVIC 2006-2010 1.8 S MT
1752,2012,88000,Diesel,Manual,First,16.0,2179,140,7.0,5.99,MAHINDRA,XUV500 W8 2WD
1753,2011,110000,Diesel,Manual,Second,21.0,1461,64.1,5.0,2.4,MAHINDRA,VERITO 1.5 D6 BSIV
1754,2017,15000,Petrol,Manual,First,21.7,999,67,5.0,4.25,RENAULT,KWID CLIMBER 1.0 MT
1755,2013,70000,Diesel,Automatic,First,15.15,2967,240,5.0,40.0,PORSCHE,CAYENNE DIESEL
1756,2008,150000,Diesel,Manual,Second,28.4,1248,74,5.0,2.7,MARUTI,SWIFT DDIS VDI
1757,2016,19000,Petrol,Manual,First,20.63,1198,67,5.0,2.99,DATSUN,GO T OPTION
1758,2011,37442,Petrol,Manual,First,18.5,1197,80,5.0,3.4,HYUNDAI,I20 1.2 MAGNA
1759,2016,63111,Diesel,Automatic,Second,18.12,1995,190,5.0,30.8,BMW,5 SERIES 2013-2017 520D LUXURY LINE
1760,2012,88000,Diesel,Manual,First,20.77,1248,88.8,7.0,5.85,MARUTI,ERTIGA ZDI
1761,2014,42355,Petrol,Manual,First,18.9,1197,82,5.0,4.0,HYUNDAI,GRAND I10 MAGNA
1762,2011,75871,Petrol,Automatic,First,9.43,2996,254,5.0,14.12,BMW,3 SERIES 330I
1763,2011,65000,Diesel,Manual,First,17.9,1998,163.7,5.0,4.55,CHEVROLET,CRUZE LTZ
1764,2015,69000,Diesel,Automatic,First,0.0,2987,165,5.0,38.0,MERCEDES-BENZ,M-CLASS ML 350 4MATIC
1765,2011,79232,Diesel,Manual,First,21.1,1248,73.9,5.0,2.9,MARUTI,RITZ LDI
1766,2007,220000,Petrol,Automatic,Second,11.74,1796,186,5.0,6.0,MERCEDES-BENZ,NEW C-CLASS C 200 KOMPRESSOR ELEGANCE AT
1767,2016,28470,Petrol,Manual,First,18.6,1197,81.83,5.0,6.95,HYUNDAI,I20 1.2 MAGNA EXECUTIVE
1768,2014,9759,Petrol,Manual,First,20.3,998,68.05,5.0,2.75,HYUNDAI,EON 1.0 KAPPA MAGNA PLUS OPTIONAL
1769,2014,75216,Diesel,Manual,First,22.9,1248,74,5.0,5.1,MARUTI,SWIFT VDI
1770,2017,8000,Petrol,Manual,First,18.6,1197,81.83,5.0,6.75,HYUNDAI,I20 SPORTZ 1.2
1771,2014,59451,Petrol,Manual,First,18.5,1197,85.80,5.0,3.69,MARUTI,RITZ ZXI
1772,2013,53996,Diesel,Manual,First,22.9,1248,74,5.0,5.45,MARUTI,SWIFT VDI
1773,2018,15135,Petrol,Manual,First,17.5,1199,88.7,5.0,9.29,HONDA,WRV I-VTEC VX
1774,2015,53000,Petrol,Automatic,Second,16.9,1197,81.86,5.0,4.0,HYUNDAI,XCENT 1.2 KAPPA AT S OPTION
1775,2013,40000,Petrol,Manual,First,18.0,1198,86.7,5.0,2.9,HONDA,AMAZE E I-VTECH
1776,2013,21107,Petrol,Manual,First,17.1,1591,121.3,5.0,5.25,HYUNDAI,VERNA 1.6 SX VTVT (O)
1777,2014,56000,Petrol,Manual,First,16.8,1497,116.3,5.0,5.75,HONDA,CITY V MT
1778,2017,19623,Petrol,Manual,First,15.29,1591,121.3,5.0,13.12,HYUNDAI,CRETA 1.6 SX PLUS DUAL TONE PETROL
1779,2014,70963,Diesel,Manual,First,15.1,2179,140,7.0,7.83,MAHINDRA,XUV500 W8 2WD
1780,2013,25755,CNG,Manual,First,26.6,998,58.16,5.0,3.15,MARUTI,WAGON R LXI CNG
1781,2013,51450,Diesel,Manual,First,12.8,2494,102,7.0,10.4,TOYOTA,INNOVA 2.5 V DIESEL 7-SEATER
1782,2012,75000,Diesel,Manual,First,22.9,1248,74,5.0,4.35,MARUTI,SWIFT VDI
1783,2017,37832,Petrol,Automatic,First,22.5,998,67,5.0,5.23,MARUTI,WAGON R VXI AMT
1784,2016,43041,Petrol,Manual,First,18.9,1197,81.86,5.0,6.01,HYUNDAI,GRAND I10 1.2 KAPPA ASTA
1785,2014,97236,Diesel,Manual,First,25.8,1498,98.6,5.0,4.4,HONDA,AMAZE VX I-DTEC
1786,2010,83000,Diesel,Automatic,First,16.07,1995,181,5.0,12.75,BMW,3 SERIES 320D HIGHLINE
1787,2011,65000,Petrol,Manual,First,15.6,1196,70,5.0,2.4,FORD,FIGO PETROL TITANIUM
1788,2018,46007,Petrol,Manual,First,17.0,1198,73.75,5.0,5.71,VOLKSWAGEN,AMEO 1.2 MPI TRENDLINE
1789,2015,65925,Diesel,Manual,Second,22.7,1498,89.84,5.0,5.49,FORD,ECOSPORT 1.5 DV5 MT TREND
1790,2004,73500,Petrol,Manual,Second,13.0,1343,90,5.0,1.3,HONDA,CITY 1.3 EXI
1791,2014,55000,Diesel,Manual,First,16.0,2179,140,7.0,8.5,MAHINDRA,XUV500 W6 2WD
1792,2012,115000,Diesel,Manual,First,13.0,2982,168.5,7.0,12.99,TOYOTA,FORTUNER 4X2 MANUAL
1793,2017,31184,Petrol,Manual,First,18.9,1197,81.86,5.0,5.0,HYUNDAI,GRAND I10 1.2 KAPPA MAGNA
1794,2017,41747,Diesel,Automatic,First,28.4,1248,73.75,5.0,9.0,MARUTI,DZIRE AMT ZDI PLUS
1795,2016,38143,Diesel,Manual,First,22.9,1248,74,5.0,5.22,MARUTI,SWIFT VDI
1796,2012,19030,Petrol,Manual,First,16.47,1198,73.9,5.0,3.8,VOLKSWAGEN,POLO PETROL HIGHLINE 1.2L
1797,2019,20877,Petrol,Manual,First,18.16,1197,78.9,5.0,7.27,TOYOTA,ETIOS LIVA 1.2 VX DUAL TONE
1798,2016,23555,Petrol,Manual,First,22.0,1197,81.80,5.0,5.1,MARUTI,SWIFT VXI
1799,2013,29000,Diesel,Automatic,First,14.21,2143,203,5.0,29.0,MERCEDES-BENZ,E-CLASS 2009-2013 E250 CDI ELEGANCE
1800,2013,61000,Petrol,Manual,First,18.9,998,67.1,5.0,2.9,MARUTI,WAGON R VXI
1801,2012,4187,Petrol,Manual,First,26.0,624,35,4.0,1.38,TATA,NANO LX BSIV
1802,2011,46000,Petrol,Manual,First,13.4,1798,157.8,5.0,5.5,SKODA,LAURA 1.8 TSI AMBIENTE
1803,2016,28000,Petrol,Automatic,First,17.21,1197,103.5,5.0,7.25,VOLKSWAGEN,POLO GT TSI
1804,2014,83558,Diesel,Manual,First,22.32,1582,126.32,5.0,6.98,HYUNDAI,VERNA 1.6 SX
1805,2017,40000,Diesel,Manual,First,22.95,1248,74,5.0,5.25,TATA,BOLT QUADRAJET XE
1806,2013,36000,Petrol,Manual,First,21.1,814,55.2,5.0,1.95,HYUNDAI,EON D LITE PLUS
1807,2014,21000,Diesel,Automatic,First,17.11,1968,174.33,5.0,24.5,AUDI,A4 2.0 TDI 177 BHP PREMIUM PLUS
1808,2013,62162,Diesel,Manual,First,12.99,2494,100,7.0,8.31,TOYOTA,INNOVA 2.5 GX (DIESEL) 7 SEATER
1809,2012,83000,Diesel,Automatic,First,11.74,2987,254.8,5.0,36.0,MERCEDES-BENZ,M-CLASS ML 350 CDI
1810,2015,58000,Diesel,Manual,First,24.4,1120,71,5.0,5.5,HYUNDAI,XCENT 1.1 CRDI S
1811,2011,62332,Petrol,Automatic,First,11.7,2354,177.6,5.0,5.89,HONDA,ACCORD 2.4 AT
1812,2016,50867,Diesel,Manual,First,20.34,1498,103.2,5.0,7.95,VOLKSWAGEN,VENTO 1.5 TDI HIGHLINE
1813,2010,73000,Petrol,Manual,First,17.0,1197,80,5.0,2.75,HYUNDAI,I20 SPORTZ PETROL
1814,2012,98008,Diesel,Manual,First,22.7,1582,126.24,5.0,6.25,HYUNDAI,ELANTRA CRDI SX
1815,2015,36000,Diesel,Manual,First,20.0,1399,68.05,5.0,4.95,FORD,FIGO DIESEL TITANIUM
1816,2019,27339,Petrol,Manual,First,18.6,1197,81.83,5.0,6.27,HYUNDAI,I20 1.2 MAGNA EXECUTIVE
1817,2017,25000,Diesel,Manual,First,23.9,1582,126.2,5.0,8.65,HYUNDAI,VERNA 1.6 CRDI SX
1818,2014,37000,Petrol,Manual,First,18.9,1197,82,5.0,3.5,HYUNDAI,GRAND I10 ASTA
1819,2015,56000,Diesel,Automatic,First,14.16,1968,174.3,5.0,35.0,AUDI,Q5 2.0 TDI
1820,2015,27000,Petrol,Manual,First,17.5,1298,85.8,5.0,4.45,MARUTI,SWIFT DZIRE ZXI
1821,2012,37000,Petrol,Manual,First,18.5,1197,80,5.0,2.65,HYUNDAI,I20 MAGNA
1822,2017,10500,Diesel,Manual,First,25.32,1198,77,5.0,4.7,MAHINDRA,KUV 100 MFALCON D75 K4 PLUS 5STR
1823,2014,49000,Diesel,Automatic,First,18.23,1582,126.2,5.0,8.9,HYUNDAI,ELANTRA 1.6 SX OPTION AT
1824,2017,7000,Diesel,Manual,First,17.1,1956,170,5.0,17.45,JEEP,COMPASS 2.0 LIMITED OPTION BLACK
1825,2017,71256,Diesel,Manual,First,24.3,1248,88.5,5.0,9.58,MARUTI,VITARA BREZZA VDI OPTION
1826,2012,83184,Petrol,Manual,First,14.28,1798,138.03,5.0,6.22,TOYOTA,COROLLA ALTIS 1.8 GL
1827,2013,87284,Diesel,Manual,First,15.1,2179,140,7.0,7.8,MAHINDRA,XUV500 W8 2WD
1828,2016,7000,Diesel,Automatic,First,20.68,1995,190,5.0,27.75,BMW,X1 XDRIVE 20D XLINE
1829,2015,29000,Diesel,Manual,Second,22.54,1396,88.73,5.0,7.0,HYUNDAI,I20 MAGNA 1.4 CRDI
1830,2017,33552,Diesel,Automatic,First,11.57,2987,254.79,5.0,64.87,MERCEDES-BENZ,GLE 350D
1831,2013,64000,Diesel,Manual,Second,17.3,1998,163.7,5.0,6.5,CHEVROLET,CRUZE LTZ
1832,2011,82000,Petrol,Manual,Second,18.5,1197,80,5.0,2.7,HYUNDAI,I20 1.2 MAGNA
1833,2012,70000,Petrol,Manual,Second,19.4,1198,86.8,5.0,2.5,HONDA,BRIO S MT
1834,2013,166194,Diesel,Manual,First,19.3,1461,84.8,7.0,3.9,NISSAN,EVALIA 2013 XL
1835,2015,58000,Petrol,Manual,First,16.47,1198,73.9,5.0,3.95,VOLKSWAGEN,POLO PETROL TRENDLINE 1.2L
1836,2010,77000,Petrol,Manual,Second,20.36,1197,78.9,5.0,2.1,HYUNDAI,I10 SPORTZ 1.2
1837,2009,73204,Diesel,Automatic,Third,18.1,1991,147.9,4.0,3.5,CHEVROLET,CRUZE LTZ AT
1838,2007,70000,Petrol,Manual,Second,19.81,1086,68.05,5.0,2.0,HYUNDAI,I10 ERA
1839,2014,79870,Diesel,Manual,First,20.77,1248,88.76,7.0,5.35,MARUTI,ERTIGA VDI
1840,2013,90000,Diesel,Manual,First,25.8,1498,98.6,5.0,3.8,HONDA,AMAZE S I-DTECH
1841,2016,17000,Petrol,Automatic,First,15.5,1595,122,5.0,17.25,MERCEDES-BENZ,A CLASS A180 SPORT
1842,2018,46493,Petrol,Manual,First,18.9,1197,81.86,5.0,5.53,HYUNDAI,GRAND I10 1.2 KAPPA MAGNA
1843,2009,68000,Petrol,Manual,Third,20.36,1197,78.9,5.0,1.95,HYUNDAI,I10 SPORTZ 1.2
1844,2017,2000,Diesel,Manual,First,28.4,1248,74,5.0,8.2,MARUTI,SWIFT DDIS ZDI PLUS
1845,1999,140000,Petrol,Manual,First,13.0,1343,90,5.0,0.9,HONDA,CITY 1.3 EXI
1846,2013,255000,Diesel,Manual,Third,12.99,2494,100.6,7.0,6.5,TOYOTA,INNOVA 2.5 GX (DIESEL) 7 SEATER
1847,2014,45535,Diesel,Automatic,First,23.8,1998,112,5.0,19.41,MINI,COOPER COUNTRYMAN D HIGH
1848,2016,39228,Petrol,Manual,First,15.7,1368,112.4,5.0,6.58,FIAT,LINEA T-JET ACTIVE
1849,2011,57000,Petrol,Manual,Second,14.49,1399,92.7,5.0,2.1,CHEVROLET,AVEO 1.4 LT
1850,2008,85445,Petrol,Manual,Second,19.81,1086,68.05,5.0,2.0,HYUNDAI,I10 ERA 1.1
1851,2015,54000,Diesel,Manual,First,24.4,1120,71,5.0,3.7,HYUNDAI,XCENT 1.1 CRDI BASE
1852,2014,53000,Petrol,Automatic,First,23.1,998,67.04,5.0,3.8,MARUTI,CELERIO VXI AT
1853,2014,60000,Petrol,Manual,First,20.36,1197,78.9,5.0,3.25,HYUNDAI,I10 SPORTZ
1854,2015,65668,Diesel,Manual,First,19.87,1461,83.8,5.0,5.53,RENAULT,DUSTER 85PS DIESEL RXL
1855,2011,100000,Diesel,Automatic,Second,22.69,1995,190,5.0,10.9,BMW,3 SERIES 320D
1856,2018,1800,Petrol,Manual,First,18.9,1197,82,5.0,5.1,HYUNDAI,GRAND I10 SPORTZ
1857,2007,96000,Petrol,Manual,Second,0.0,999,,5.0,2.2,HYUNDAI,SANTRO DX
1858,2009,44200,Petrol,Manual,Second,18.0,995,62,5.0,1.6,CHEVROLET,SPARK 1.0 LS
1859,2018,14000,Petrol,Manual,First,17.4,1497,117.3,5.0,11.25,HONDA,CITY I VTEC VX OPTION
1860,2013,720000,Diesel,Manual,First,20.54,1598,103.6,5.0,5.9,VOLKSWAGEN,VENTO DIESEL HIGHLINE
1861,2012,73000,Diesel,Automatic,First,11.5,2982,169,7.0,14.4,TOYOTA,FORTUNER 4X2 4 SPEED AT
1862,2011,68000,Petrol,Manual,First,17.0,1497,118,5.0,3.6,HONDA,CITY 1.5 S MT
1863,2017,19543,Diesel,Automatic,First,18.12,1995,190,5.0,40.5,BMW,5 SERIES 2013-2017 520D LUXURY LINE
1864,2014,38000,Diesel,Automatic,Second,14.16,1968,174.3,5.0,38.95,AUDI,Q5 30 TDI QUATTRO PREMIUM PLUS
1865,2014,32805,Diesel,Manual,First,23.2,1248,73.94,5.0,3.6,MARUTI,RITZ LDI
1866,2016,44782,Diesel,Automatic,First,21.21,1498,103.2,5.0,7.12,VOLKSWAGEN,VENTO 1.5 TDI HIGHLINE AT
1867,2016,55700,Diesel,Manual,First,26.0,1498,98.6,5.0,7.52,HONDA,CITY I DTEC SV
1868,2012,60000,Diesel,Automatic,Second,15.2,1968,140.8,5.0,10.35,AUDI,A4 NEW 2.0 TDI MULTITRONIC
1869,2014,56000,Petrol,Manual,First,15.0,1598,103.52,5.0,7.0,SKODA,RAPID 1.6 MPI ELEGANCE
1870,2011,60000,Diesel,Manual,First,11.5,2982,171,7.0,10.85,TOYOTA,FORTUNER 3.0 DIESEL
1871,2010,78563,Diesel,Manual,First,16.52,1991,123.7,5.0,2.35,CHEVROLET,OPTRA MAGNUM 2.0 LT BS3
1872,2014,34669,Petrol,Manual,First,15.1,1196,73,7.0,2.9,MARUTI,EECO 7 SEATER STANDARD
1873,2017,17000,Petrol,Manual,First,20.73,1373,91.1,5.0,7.65,MARUTI,CIAZ ZXI
1874,2016,66000,Diesel,Manual,First,28.09,1248,88.5,5.0,6.4,MARUTI,CIAZ VDI PLUS SHVS
1875,2014,102418,Diesel,Manual,First,12.99,2494,100.6,7.0,10.1,TOYOTA,INNOVA 2.5 LE 2014 DIESEL 7 SEATER
1876,2014,48800,Petrol,Manual,First,19.1,1197,85.8,5.0,4.25,MARUTI,SWIFT DZIRE VXI
1877,2019,10601,Diesel,Automatic,First,11.36,2755,171.5,7.0,19.65,TOYOTA,INNOVA CRYSTA 2.8 GX AT
1878,2017,8200,Diesel,Manual,First,25.0,1396,69,5.0,4.4,TATA,INDICA V2 ELX
1879,2012,100000,Petrol,Manual,First,18.5,1197,82.85,5.0,3.25,HYUNDAI,I20 MAGNA
1880,2012,78000,Diesel,Manual,First,17.8,1399,68,5.0,2.8,FORD,FIESTA 1.4 DURATORQ ZXI
1881,2015,50000,Diesel,Manual,First,18.2,1248,73.74,8.0,4.3,CHEVROLET,ENJOY 1.3 TCDI LS 8
1882,2006,89327,Diesel,Manual,Third,17.8,1399,68,5.0,1.55,FORD,FIESTA 1.4 DURATORQ EXI
1883,2007,98000,Petrol,Manual,Second,10.8,2354,152,5.0,4.7,HONDA,CR-V 2.4 MT
1884,2017,24700,Petrol,Manual,First,18.7,1199,88.7,5.0,7.07,HONDA,JAZZ 1.2 VX I VTEC
1885,2018,6000,Diesel,Automatic,First,11.0,2987,258,7.0,79.0,MERCEDES-BENZ,GLS 350D GRAND EDITION
1886,2018,9434,Petrol,Manual,First,18.9,1197,81.86,5.0,5.75,HYUNDAI,GRAND I10 1.2 KAPPA SPORTZ
1887,2012,29000,Petrol,Manual,First,18.5,1197,85.80,5.0,3.25,MARUTI,RITZ VXI
1888,2017,22440,Diesel,Automatic,First,22.0,1498,108.495,5.0,8.89,VOLKSWAGEN,AMEO 1.5 TDI HIGHLINE AT
1889,2015,73070,Petrol,Manual,First,17.4,1497,117.3,5.0,5.9,HONDA,CITY I VTEC SV
1890,2016,21771,Petrol,Manual,First,18.7,1199,88.7,5.0,4.95,HONDA,JAZZ 1.2 S I VTEC
1891,2014,62000,Diesel,Manual,First,17.8,1248,75,5.0,3.75,MARUTI,SWIFT LDI BSIV
1892,2017,37024,Diesel,Automatic,First,17.01,1582,126.2,5.0,10.97,HYUNDAI,CRETA 1.6 CRDI AT SX PLUS
1893,2014,60336,Diesel,Automatic,Second,14.4,2967,241.4,5.0,24.94,AUDI,A7 2011-2015 3.0 TDI QUATTRO
1894,2014,26008,Petrol,Manual,First,21.1,814,55.2,5.0,1.97,HYUNDAI,EON D LITE PLUS
1895,2010,90000,Diesel,Manual,Second,20.0,1399,68,5.0,1.4,FORD,FIGO DIESEL EXI
1896,2018,35569,Petrol,Manual,First,17.0,1198,73.75,5.0,7.27,VOLKSWAGEN,AMEO 1.2 MPI HIGHLINE
1897,2013,40000,Diesel,Manual,First,21.64,1461,84.8,5.0,4.0,RENAULT,SCALA DIESEL RXL
1898,2015,45000,Petrol,Manual,First,18.7,1199,88.7,5.0,4.75,HONDA,JAZZ 1.2 V I VTEC
1899,2015,42000,Petrol,Manual,First,17.0,1197,80,5.0,5.1,HYUNDAI,I20 1.2 SPORTZ
1900,2012,46913,Diesel,Automatic,First,14.94,2967,241.4,5.0,16.11,AUDI,A4 3.0 TDI QUATTRO PREMIUM
1901,2014,62000,Diesel,Automatic,First,11.18,2696,184,7.0,10.55,MAHINDRA,SSANGYONG REXTON RX7
1902,2017,15000,Diesel,Automatic,First,12.9,2755,174.5,7.0,30.0,TOYOTA,FORTUNER 2.8 2WD AT
1903,2002,69000,Diesel,Manual,First,18.7,1896,66,5.0,1.6,SKODA,OCTAVIA CLASSIC 1.9 TDI MT
1904,2012,41367,Diesel,Automatic,First,15.8,2148,170,5.0,18.49,MERCEDES-BENZ,NEW C-CLASS 250 CDI CLASSIC
1905,2018,15982,Petrol,Manual,First,20.73,1373,91.1,5.0,9.96,MARUTI,CIAZ 1.4 ZETA
1906,2013,99595,Diesel,Manual,Second,22.9,1248,74,5.0,4.75,MARUTI,SWIFT ZDI
1907,2002,63000,Diesel,Manual,Third,13.1,2446,75,10.0,3.65,TOYOTA,QUALIS FS B3
1908,2012,49000,Diesel,Automatic,Second,16.73,2495,218,5.0,15.5,BMW,5 SERIES 2007-2010 525D SEDAN
1909,2013,48272,Diesel,Manual,First,10.5,2835,116.9,6.0,11.82,MITSUBISHI,PAJERO 2.8 SFX BSIII DUAL TONE
1910,2008,63000,Petrol,Manual,First,13.4,1794,125,5.0,2.05,TOYOTA,COROLLA H2
1911,2016,77000,CNG,Manual,First,26.6,998,58.16,5.0,3.3,MARUTI,WAGON R LXI CNG
1912,2013,11734,Petrol,Manual,First,16.8,796,34.2,8.0,2.25,MARUTI,OMNI E MPI STD BS IV
1913,2014,62012,Diesel,Automatic,First,17.68,1968,174.33,5.0,20.12,AUDI,A6 2011-2015 2.0 TDI
1914,2017,46000,CNG,Manual,First,25.0,1197,81.86,5.0,4.95,HYUNDAI,XCENT 1.2 KAPPA S OPTION CNG
1915,2016,45449,Diesel,Manual,First,27.3,1498,98.6,5.0,7.48,HONDA,JAZZ 1.5 S I DTEC
1916,2004,85000,Petrol,Automatic,Second,10.5,1796,157.7,5.0,5.5,MERCEDES-BENZ,E-CLASS 200 KOMPRESSOR ELEGANCE
1917,2005,88000,Petrol,Manual,Second,13.0,1493,100,,1.7,HONDA,CITY 1.5 EXI
1918,2013,45330,Diesel,Automatic,First,16.55,1968,147.51,5.0,13.19,AUDI,A4 2.0 TDI
1919,2012,88000,Petrol,Manual,First,19.1,1197,85.8,5.0,3.85,MARUTI,SWIFT DZIRE VXI
1920,2016,45376,Diesel,Manual,First,28.4,1248,73.75,5.0,5.75,MARUTI,DZIRE VDI
1921,2014,81000,Diesel,Manual,First,15.1,2179,140,7.0,9.0,MAHINDRA,XUV500 W8 4WD
1922,2012,83381,Petrol,Manual,First,18.6,1199,79.4,5.0,2.21,CHEVROLET,BEAT LT
1923,2017,78526,Diesel,Manual,First,23.0,1498,98.96,5.0,8.09,FORD,ECOSPORT 1.5 DIESEL TITANIUM PLUS
1924,2017,27313,Diesel,Automatic,First,14.69,2993,258,5.0,48.63,BMW,5 SERIES 2013-2017 530D M SPORT
1925,2015,42747,Diesel,Automatic,Second,14.16,1968,174.3,5.0,39.47,AUDI,Q5 30 TDI QUATTRO PREMIUM PLUS
1926,2015,42265,Diesel,Automatic,Second,20.68,1995,190,5.0,22.24,BMW,X1 SDRIVE 20D XLINE
1927,2009,21000,Petrol,Automatic,First,19.2,1197,80,5.0,2.6,HYUNDAI,I10 MAGNA AT
1928,2016,55100,Diesel,Automatic,First,17.01,1582,126.2,5.0,12.0,HYUNDAI,CRETA 1.6 CRDI AT SX PLUS
1929,2014,70000,Diesel,Automatic,First,17.11,1968,174.33,5.0,18.0,AUDI,A4 2.0 TDI 177 BHP PREMIUM PLUS
1930,2007,55000,Petrol,Automatic,Third,10.13,3498,364.9,5.0,9.99,MERCEDES-BENZ,S CLASS 2005 2013 S 350 L
1931,2012,58235,Petrol,Manual,First,20.36,1197,78.9,5.0,2.45,HYUNDAI,I10 MAGNA
1932,2017,26000,Diesel,Manual,First,23.0,1498,98.96,5.0,8.99,FORD,ECOSPORT 1.5 DIESEL TITANIUM
1933,2011,35000,Diesel,Manual,First,20.54,1598,103.6,5.0,3.15,VOLKSWAGEN,VENTO DIESEL HIGHLINE
1934,2017,24000,Diesel,Manual,First,28.4,1248,73.75,5.0,8.2,MARUTI,DZIRE ZDI PLUS
1935,2016,98000,Diesel,Manual,First,15.4,1997,120,7.0,11.5,MAHINDRA,SCORPIO 1.99 S10
1936,2016,44487,Diesel,Manual,First,22.54,1396,88.73,5.0,7.3,HYUNDAI,I20 ASTA 1.4 CRDI
1937,2008,65000,Petrol,Manual,First,19.7,796,46.3,5.0,1.59,MARUTI,ALTO LXI
1938,2015,34951,Petrol,Manual,Second,20.36,1197,78.9,5.0,3.15,HYUNDAI,I10 MAGNA
1939,2015,52373,Diesel,Manual,Second,15.4,2179,120,7.0,8.5,MAHINDRA,SCORPIO S6 7 SEATER
1940,2010,66285,Diesel,Manual,First,19.5,1199,75,5.0,3.0,SKODA,FABIA 1.2L DIESEL CLASSIC
1941,2012,66000,Diesel,Automatic,First,15.3,2993,258,5.0,21.0,BMW,X5 XDRIVE 30D
1942,2016,43000,Diesel,Manual,First,27.3,1498,98.6,5.0,7.75,HONDA,JAZZ 1.5 S I DTEC
1943,2013,45200,Diesel,Automatic,First,10.0,2148,170,5.0,23.0,MERCEDES-BENZ,E-CLASS 2009-2013 E 220 CDI AVANTGARDE
1944,2016,41000,Diesel,Automatic,First,16.0,2179,140,7.0,13.75,MAHINDRA,XUV500 AT W10 FWD
1945,2017,39430,Petrol,Automatic,First,18.0,1497,117.3,5.0,8.29,HONDA,CITY I VTEC CVT SV
1946,2014,83274,Diesel,Manual,First,22.9,1248,74,5.0,5.79,MARUTI,SWIFT VDI
1947,2017,32324,Diesel,Automatic,First,14.84,2143,170,5.0,30.5,MERCEDES-BENZ,NEW C-CLASS 220 CDI AT
1948,2011,49999,Petrol,Manual,First,17.0,1497,118,5.0,3.8,HONDA,CITY 1.5 S MT
1949,2014,66000,Diesel,Manual,First,15.3,2956,83.8,7.0,4.45,TATA,SUMO EX
1950,2012,54000,Petrol,Manual,First,18.5,1197,82.85,5.0,3.3,HYUNDAI,I20 MAGNA
1951,2009,80000,Diesel,Manual,Second,20.4,1248,91.2,5.0,1.75,FIAT,LINEA 1.3 DYNAMIC
1952,2011,72000,Petrol,Automatic,Second,12.9,1799,130,5.0,5.5,HONDA,CIVIC 2006-2010 1.8 V AT
1953,2017,44865,Diesel,Manual,First,19.67,1582,126.2,5.0,13.35,HYUNDAI,CRETA 1.6 SX PLUS DIESEL
1954,2017,22000,Diesel,Automatic,Second,20.38,1968,143,5.0,22.5,AUDI,A3 35 TDI TECHNOLOGY
1955,2013,57478,Petrol,Manual,Second,17.0,1591,121.3,5.0,5.25,HYUNDAI,VERNA VTVT 1.6 SX OPTION
1956,2011,75000,Diesel,Manual,First,21.9,1396,90,5.0,3.75,HYUNDAI,I20 1.4 CRDI MAGNA
1957,2015,50624,Diesel,Manual,First,24.2,1498,98.6,7.0,6.32,HONDA,MOBILIO S I DTEC
1958,2018,75000,Diesel,Automatic,First,22.32,1582,126.32,5.0,7.75,HYUNDAI,VERNA 1.6 SX CRDI (O) AT
1959,2006,87000,Petrol,Manual,Second,15.3,1596,101,5.0,1.37,FORD,FIESTA 1.6 ZXI DURATEC
1960,2010,62000,Petrol,Manual,First,20.36,1197,78.9,5.0,2.1,HYUNDAI,I10 SPORTZ 1.2
1961,2016,41372,Diesel,Manual,First,24.3,1248,88.5,5.0,9.3,MARUTI,VITARA BREZZA ZDI
1962,2015,70000,Diesel,Manual,First,12.99,2494,100.6,7.0,12.0,TOYOTA,INNOVA 2.5 VX (DIESEL) 7 SEATER
1963,2017,35000,Diesel,Automatic,First,17.9,2143,136,5.0,23.5,MERCEDES-BENZ,GLA CLASS 200 D SPORT
1964,2006,71993,Petrol,Manual,First,19.7,796,46.3,5.0,1.8,MARUTI,ALTO LXI BSIII
1965,2013,62000,Diesel,Automatic,Second,14.84,2143,170,5.0,12.5,MERCEDES-BENZ,NEW C-CLASS C 220 CDI ELEGANCE AT
1966,2015,51000,Diesel,Manual,First,22.9,1248,74,5.0,4.74,MARUTI,SWIFT LDI
1967,2016,26038,Petrol,Manual,First,18.9,1197,82,5.0,5.43,HYUNDAI,GRAND I10 SPORTZ
1968,2018,37713,Diesel,Automatic,Second,12.55,2982,168.5,7.0,31.62,TOYOTA,FORTUNER 4X4 AT
1969,2011,78088,Petrol,Manual,First,12.4,1998,132,8.0,6.3,TOYOTA,INNOVA 2.0 GX 8 STR
1970,2017,30453,Diesel,Manual,First,22.77,1498,98.59,5.0,8.45,FORD,ECOSPORT 1.5 TDCI TITANIUM
1971,2016,54000,Petrol,Manual,First,18.16,1196,86.8,5.0,5.0,FORD,FIGO 1.2P TITANIUM MT
1972,2011,190000,Diesel,Manual,First,11.5,2982,171,7.0,13.0,TOYOTA,FORTUNER 3.0 DIESEL
1973,2012,65097,Petrol,Manual,First,19.1,1197,85.8,5.0,4.7,MARUTI,SWIFT DZIRE VXI
1974,2018,28060,Petrol,Automatic,First,12.05,2979,320,5.0,93.67,BMW,7 SERIES 740LI
1975,2012,282000,Petrol,Manual,First,13.14,1798,160,5.0,3.3,SKODA,SUPERB 1.8 TSI MT
1976,2009,111000,Petrol,Manual,Second,18.9,1061,67,5.0,1.51,MARUTI,WAGON R LXI MINOR
1977,2013,63295,Diesel,Manual,First,19.01,1461,108.45,5.0,6.09,RENAULT,DUSTER 110PS DIESEL RXZ
1978,2015,35770,Petrol,Manual,First,20.73,1373,91.1,5.0,5.95,MARUTI,CIAZ VXI PLUS
1979,2012,125928,Diesel,Manual,First,22.7,1582,126.24,5.0,9.0,HYUNDAI,ELANTRA CRDI SX
1980,2015,45000,Diesel,Automatic,First,21.66,1498,103.52,5.0,4.25,SKODA,RAPID 1.5 TDI AT ELEGANCE
1981,2013,21000,Diesel,Automatic,First,14.84,2143,170,5.0,23.5,MERCEDES-BENZ,NEW C-CLASS C 220 CDI ELEGANCE AT
1982,2011,54774,Petrol,Automatic,First,11.7,2354,177.6,5.0,6.35,HONDA,ACCORD 2.4 A/T
1983,2014,41123,Petrol,Manual,First,23.1,998,67.04,5.0,3.4,MARUTI,CELERIO VXI
1984,2017,17465,Petrol,Automatic,First,12.05,2979,320,5.0,93.0,BMW,7 SERIES 740LI
1985,2014,48000,Diesel,Automatic,First,22.69,1995,190,5.0,21.6,BMW,3 SERIES 320D SPORT
1986,2011,173000,Diesel,Manual,First,20.54,1598,103.6,5.0,4.0,VOLKSWAGEN,VENTO DIESEL TRENDLINE
1987,2018,12000,Diesel,Manual,First,23.4,1248,74,5.0,5.5,MARUTI,SWIFT DZIRE TOUR LDI
1988,2012,34000,Diesel,Automatic,First,12.39,2179,147.51,5.0,19.25,LAND,ROVER FREELANDER 2 SE
1989,2012,71360,Diesel,Manual,First,21.9,1396,90,5.0,3.95,HYUNDAI,I20 1.4 CRDI MAGNA
1990,2012,74000,Diesel,Manual,Second,28.4,1248,73.75,5.0,4.25,MARUTI,DZIRE VDI
1991,2018,28937,Diesel,Manual,First,17.1,1956,170,5.0,17.02,JEEP,COMPASS 2.0 LONGITUDE
1992,2012,82085,Diesel,Manual,First,20.77,1248,88.76,7.0,6.5,MARUTI,ERTIGA VDI
1993,2011,68465,Petrol,Manual,First,15.6,1196,70,5.0,2.95,FORD,FIGO PETROL ZXI
1994,2013,63854,Diesel,Manual,First,21.43,1364,86.79,5.0,7.12,TOYOTA,COROLLA ALTIS 1.4 DG
1995,2018,3000,Diesel,Automatic,First,24.3,1248,88.5,5.0,11.25,MARUTI,VITARA BREZZA ZDI PLUS AMT DUAL TONE
1996,2009,65055,Petrol,Manual,First,17.0,1497,118,5.0,2.75,HONDA,CITY 1.5 S MT
1997,2015,120000,Diesel,Manual,First,15.4,2179,120,7.0,12.0,MAHINDRA,SCORPIO S10 4WD
1998,2014,64241,Petrol,Manual,First,20.14,1197,81.86,5.0,3.67,HYUNDAI,XCENT 1.2 VTVT SX
1999,2001,121000,Diesel,Manual,First,15.0,2148,,5.0,5.0,MERCEDES-BENZ,E-CLASS 220 CDI
2000,2008,2200,Petrol,Manual,First,15.7,1390,75,5.0,2.3,MAHINDRA,RENAULT LOGAN 1.4 GLX PETROL
2001,2008,88123,Diesel,Manual,First,18.7,1896,66,5.0,2.2,SKODA,OCTAVIA 1.9 TDI
2002,2014,79000,Diesel,Automatic,First,12.0,2987,224,7.0,41.0,MERCEDES-BENZ,GL-CLASS 2007 2012 350 CDI LUXURY
2003,2016,28143,Diesel,Automatic,First,20.68,1995,190,5.0,28.5,BMW,X1 SDRIVE 20D XLINE
2004,2015,23001,Petrol,Manual,First,15.04,1598,103.2,5.0,5.49,VOLKSWAGEN,VENTO 2013-2015 1.6 COMFORTLINE
2005,2013,82002,Diesel,Automatic,Second,16.55,1968,147.51,5.0,17.5,AUDI,A4 2.0 TDI
2006,2009,75000,Diesel,Manual,First,13.8,1399,68,5.0,1.99,FORD,IKON 1.4 TDCI DURATORQ
2007,2016,37451,Diesel,Manual,First,22.32,1582,126.3,5.0,6.64,HYUNDAI,VERNA 1.6 CRDI EX MT
2008,2017,67000,Diesel,Manual,First,13.68,2393,147.8,7.0,16.5,TOYOTA,INNOVA CRYSTA 2.4 VX MT
2009,2016,25000,Petrol,Manual,First,18.9,1197,82,5.0,5.0,HYUNDAI,GRAND I10 ASTA OPTION
2010,2017,12000,Petrol,Manual,First,17.0,1198,73.75,5.0,5.4,VOLKSWAGEN,AMEO 1.2 MPI COMFORTLINE
2011,2017,25000,Petrol,Manual,First,25.17,799,53.3,5.0,2.99,RENAULT,KWID RXT
2012,2011,95936,Petrol,Manual,First,17.0,1497,118,5.0,4.1,HONDA,CITY 1.5 S MT
2013,2018,5354,Petrol,Automatic,First,18.9,1197,81.86,5.0,6.76,HYUNDAI,GRAND I10 1.2 KAPPA MAGNA AT
2014,2016,42000,Petrol,Manual,Second,18.78,999,75,5.0,5.5,VOLKSWAGEN,POLO 1.0 MPI COMFORTLINE
2015,2014,44282,Diesel,Manual,First,25.2,1248,74,5.0,5.99,MARUTI,SWIFT VDI BSIV
2016,2012,70000,Diesel,Manual,First,21.64,1461,84.8,5.0,2.59,NISSAN,SUNNY 2011-2014 DIESEL XV
2017,2013,31400,Diesel,Automatic,First,16.36,2179,187.7,5.0,26.75,JAGUAR,XF 2.2 LITRE LUXURY
2018,2016,50000,Diesel,Manual,First,28.09,1248,88.5,5.0,8.5,MARUTI,CIAZ ZDI SHVS
2019,2011,53000,Diesel,Automatic,First,12.8,1968,167.6,5.0,23.0,AUDI,Q5 2008-2012 2.0 TDI
2020,2014,21727,Petrol,Manual,First,15.6,1196,70.02,5.0,3.35,FORD,FIGO PETROL ZXI
2021,2012,43000,Diesel,Automatic,Second,11.72,2199,194.3,7.0,10.75,HYUNDAI,SANTA FE 4X4 AT
2022,2013,75000,Diesel,Manual,First,12.05,2179,120,8.0,6.29,MAHINDRA,SCORPIO VLX 2WD AIRBAG BSIV
2023,2014,73557,Diesel,Manual,First,19.6,1461,108.45,5.0,7.75,RENAULT,DUSTER 110PS DIESEL RXL
2024,2012,44555,Diesel,Automatic,First,15.2,1968,140.8,5.0,13.5,AUDI,A4 NEW 2.0 TDI MULTITRONIC
2025,2013,54885,Petrol,Manual,First,15.1,1196,73,7.0,3.75,MARUTI,EECO 7 SEATER STANDARD
2026,2011,76000,Diesel,Manual,Second,14.0,2498,112,7.0,3.75,MAHINDRA,XYLO E4
2027,2006,101000,Petrol,Manual,Second,18.9,998,67.1,5.0,1.5,MARUTI,WAGON R LXI
2028,2005,66000,Petrol,Manual,First,14.0,1061,64,5.0,1.45,MARUTI,WAGON R LXI BSIII
2029,2013,84360,Petrol,Manual,First,15.5,1586,103.3,5.0,4.12,MARUTI,SX4 ZXI MT BSIV
2030,2016,25121,Diesel,Manual,First,13.68,2393,147.8,7.0,17.11,TOYOTA,INNOVA CRYSTA 2.4 VX MT
2031,2015,100000,Diesel,Manual,Second,12.99,2494,100.6,7.0,10.25,TOYOTA,INNOVA 2.5 G (DIESEL) 7 SEATER
2032,2011,66035,Diesel,Manual,First,22.07,1199,73.9,5.0,2.49,VOLKSWAGEN,POLO DIESEL TRENDLINE 1.2L
2033,2015,190000,Petrol,Manual,Second,16.78,1496,88.73,5.0,3.85,TOYOTA,ETIOS G
2034,2014,85670,Diesel,Manual,First,22.7,1498,89.84,5.0,6.25,FORD,ECOSPORT 1.5 DV5 MT TITANIUM
2035,2015,35000,Diesel,Manual,First,24.0,1120,70,5.0,4.88,HYUNDAI,GRAND I10 CRDI MAGNA
2036,2016,8000,Petrol,Automatic,First,18.0,1497,117.3,5.0,9.45,HONDA,CITY I VTEC CVT SV
2037,2007,162000,Diesel,Manual,Second,12.8,2494,102,8.0,4.8,TOYOTA,INNOVA 2.5 G3
2038,2012,60000,Petrol,Manual,First,21.1,814,55.2,5.0,1.99,HYUNDAI,EON ERA PLUS
2039,2010,70600,Petrol,Manual,First,20.36,1197,78.9,5.0,2.8,HYUNDAI,I10 MAGNA 1.2
2040,2011,25000,Petrol,Automatic,Second,12.3,1796,185,5.0,22.0,MERCEDES-BENZ,E-CLASS 2009-2013 E 200 CGI ELEGANCE
2041,2012,75000,Diesel,Manual,First,15.96,2523,62.1,7.0,4.3,MAHINDRA,BOLERO SLE
2042,2014,85071,Diesel,Automatic,First,20.0,1968,138.1,5.0,9.75,SKODA,LAURA AMBITION 2.0 TDI CR AT
2043,2015,40000,Petrol,Manual,First,20.4,1197,81.80,5.0,5.9,MARUTI,SWIFT ZXI
2044,2013,67000,Diesel,Automatic,First,16.55,1968,147.51,5.0,14.5,AUDI,A4 2.0 TDI
2045,2009,55000,Diesel,Manual,Second,17.8,1399,68,5.0,2.4,FORD,FIESTA 1.4 SXI TDCI ABS
2046,2008,62000,Petrol,Manual,Second,15.0,1586,104.68,5.0,2.11,MARUTI,SX4 VXI BSIII
2047,2017,22526,Petrol,Automatic,First,18.9,1197,82,5.0,7.6,HYUNDAI,GRAND I10 AT ASTA
2048,2012,57788,Petrol,Automatic,First,17.16,1197,85.80,5.0,3.6,MARUTI,RITZ AT
2049,2013,72000,Diesel,Manual,First,10.5,2179,120,8.0,6.0,MAHINDRA,SCORPIO 2.6 CRDE
2050,2014,83128,Diesel,Manual,First,15.4,2179,120,7.0,7.45,MAHINDRA,SCORPIO S4 7 SEATER
2051,2011,75000,Petrol,Manual,First,19.7,796,46.3,5.0,2.1,MARUTI,ALTO LXI
2052,2013,58000,Diesel,Manual,Second,19.01,1461,108.45,5.0,5.2,RENAULT,DUSTER 110PS DIESEL RXZ
2053,2009,26000,Diesel,Manual,First,0.0,2498,,6.0,6.99,MAHINDRA,JEEP MM 550 PE
2054,2017,1000,Petrol,Manual,First,20.89,1197,81.80,5.0,6.36,MARUTI,IGNIS 1.2 ALPHA
2055,2015,59751,Diesel,Manual,First,12.99,2494,100.6,7.0,11.62,TOYOTA,INNOVA 2.5 ZX DIESEL 7 SEATER
2056,2015,29966,Diesel,Automatic,Second,16.77,2993,261.49,5.0,43.6,BMW,7 SERIES 730LD EMINENCE
2057,2009,65000,Diesel,Manual,Second,13.6,1991,142,5.0,4.9,HYUNDAI,SONATA EMBERA 2.0L CRDI MT
2058,2015,75863,Diesel,Manual,First,19.01,1461,108.45,5.0,6.7,RENAULT,DUSTER ADVENTURE EDITION
2059,2013,54000,CNG,Manual,First,33.54,998,67.04,5.0,3.05,MARUTI,WAGON R CNG LXI
2060,2014,24000,Diesel,Automatic,First,17.11,1968,174.33,5.0,25.0,AUDI,A4 2.0 TDI 177 BHP TECHNOLOGY EDITION
2061,2018,33218,Diesel,Manual,First,17.1,1956,170,5.0,19.05,JEEP,COMPASS 2.0 LONGITUDE
2062,2015,33425,Petrol,Manual,First,17.43,1396,105.5,5.0,4.5,HYUNDAI,VERNA 1.4 VTVT
2063,2013,47000,Petrol,Manual,First,18.0,1198,86.7,5.0,4.15,HONDA,AMAZE VX I-VTECH
2064,2015,41000,Diesel,Manual,First,19.67,1582,126.2,5.0,11.9,HYUNDAI,CRETA 1.6 CRDI SX OPTION
2065,2011,62000,Petrol,Manual,First,19.81,1086,68.05,5.0,2.1,HYUNDAI,I10 MAGNA 1.1
2066,2016,47035,Diesel,Manual,First,18.49,1493,100,7.0,6.95,MAHINDRA,TUV 300 T8
2067,2008,56230,Petrol,Manual,Second,17.5,1298,85.8,5.0,2.4,MARUTI,SWIFT DZIRE VXI
2068,2007,55000,Petrol,Manual,First,13.2,1495,94,5.0,2.65,HYUNDAI,ACCENT GLE 1
2069,2014,70669,Diesel,Manual,First,15.1,2179,140,7.0,9.0,MAHINDRA,XUV500 W8 2WD
2070,2012,69000,Petrol,Manual,First,20.92,998,67.1,5.0,2.1,MARUTI,ALTO K10 2010-2014 VXI
2071,2011,65000,Petrol,Manual,Second,18.6,1199,79.4,5.0,2.5,CHEVROLET,BEAT LT
2072,2009,30000,Diesel,Automatic,First,12.4,2698,179.5,5.0,8.95,AUDI,A6 2.7 TDI
2073,2017,2000,Diesel,Automatic,First,20.7,1496,113.98,5.0,34.0,MINI,COOPER 5 DOOR D
2074,2011,24255,Petrol,Manual,First,16.1,,,,3.15,MARUTI,SWIFT 1.3 LXI
2075,2015,40000,Petrol,Manual,First,17.57,1193,88.7,5.0,4.0,TATA,ZEST REVOTRON 1.2T XMS
2076,2014,40000,Diesel,Manual,First,26.0,1498,98.6,5.0,4.45,HONDA,CITY I DTEC SV
2077,2010,26000,Petrol,Manual,First,18.6,1199,79.4,5.0,1.5,CHEVROLET,BEAT LT
2078,2011,105000,Diesel,Automatic,Second,16.55,1968,140,5.0,14.5,AUDI,A4 2.0 TDI MULTITRONIC
2079,2015,2800,Diesel,Manual,First,26.1,1498,99,5.0,8.41,FORD,ASPIRE TITANIUM PLUS DIESEL
2080,2014,71000,Diesel,Automatic,Second,19.08,1582,126.32,5.0,5.45,HYUNDAI,VERNA SX CRDI AT
2081,2015,32896,Petrol,Automatic,First,18.0,1497,117.3,5.0,8.9,HONDA,CITY I VTEC CVT VX
2082,2012,45000,Petrol,Manual,First,20.36,1197,78.9,5.0,3.65,HYUNDAI,I10 SPORTZ 1.2
2083,2015,65000,Diesel,Automatic,Second,18.56,1995,190,5.0,29.0,BMW,X3 XDRIVE20D EXPEDITION
2084,2013,45200,Diesel,Automatic,First,16.55,1968,147.51,5.0,13.5,AUDI,A4 2.0 TDI
2085,2008,82167,Petrol,Automatic,First,10.1,2354,152,5.0,5.4,HONDA,CR-V 2.4 AT
2086,2016,37429,Petrol,Manual,First,18.9,1197,81.86,5.0,5.89,HYUNDAI,GRAND I10 1.2 KAPPA ASTA
2087,2016,46000,Diesel,Manual,First,28.09,1248,88.5,5.0,8.45,MARUTI,CIAZ ZDI PLUS SHVS
2088,2011,67031,Petrol,Manual,First,17.4,1497,117.3,5.0,4.0,HONDA,CITY I-VTEC V
2089,2013,30000,Diesel,Automatic,First,9.52,2993,313,4.0,45.0,BMW,6 SERIES 640D COUPE
2090,2016,47691,Petrol,Automatic,First,23.1,998,67.04,5.0,3.94,MARUTI,CELERIO VXI AMT
2091,2011,32531,Diesel,Automatic,Second,13.73,1995,148,5.0,8.0,RENAULT,KOLEOS 2.0 DIESEL
2092,2013,71336,Diesel,Manual,First,20.0,1399,68,5.0,4.1,FORD,FIGO DIESEL ZXI
2093,2006,196000,Diesel,Manual,First,12.8,2494,102,7.0,6.25,TOYOTA,INNOVA 2.5 V DIESEL 7-SEATER
2094,2015,28193,Diesel,Manual,First,28.4,1248,73.75,5.0,5.25,MARUTI,DZIRE VDI
2095,2019,2526,Petrol,Automatic,First,19.0,2996,362.07,2.0,83.96,MERCEDES-BENZ,SLC 43 AMG
2096,2004,52146,Petrol,Manual,First,0.0,,,,1.93,HYUNDAI,SANTRO LP ZIPPLUS
2097,2013,85000,Diesel,Automatic,First,16.1,1950,194,5.0,21.0,MERCEDES-BENZ,E-CLASS E 220 D
2098,2015,20780,Petrol,Manual,First,18.9,1197,81.86,5.0,4.3,HYUNDAI,GRAND I10 1.2 KAPPA SPORTZ
2099,2014,43081,Petrol,Manual,First,17.3,1497,117.3,7.0,5.25,HONDA,MOBILIO S I VTEC
2100,2010,35000,Petrol,Automatic,Second,11.9,4806,550,5.0,32.0,PORSCHE,CAYENNE TURBO S
2101,2013,36000,Diesel,Manual,First,17.21,1493,100,7.0,3.9,MAHINDRA,QUANTO C8
2102,2007,67000,Petrol,Manual,Third,13.4,1794,125,5.0,2.2,TOYOTA,COROLLA H5
2103,2016,34079,Diesel,Manual,First,25.32,1198,77,6.0,3.7,MAHINDRA,KUV 100 MFALCON D75 K4
2104,2010,77849,Petrol,Automatic,Second,10.9,2497,215,5.0,11.27,BMW,3 SERIES 2005-2011 325I SEDAN
2105,2013,86000,Petrol,Manual,First,22.74,796,47.3,5.0,2.41,MARUTI,ALTO 800 LXI
2106,2015,110000,Diesel,Automatic,First,15.73,1968,174.33,5.0,19.0,AUDI,Q3 35 TDI QUATTRO PREMIUM
2107,2015,116000,Diesel,Manual,Second,23.59,1364,67.05,5.0,5.8,TOYOTA,ETIOS GD
2108,2016,41840,Diesel,Manual,First,15.1,2179,140,7.0,13.52,MAHINDRA,XUV500 W8 2WD
2109,2015,19317,Diesel,Manual,First,13.0,2982,168.7,7.0,24.5,TOYOTA,FORTUNER 4X2 MT TRD SPORTIVO
2110,2014,41000,CNG,Manual,First,24.6,1193,55.23,5.0,3.25,TATA,INDIGO CS EMAX CNG GLX
2111,2017,25601,Diesel,Automatic,First,17.9,2143,201.15,5.0,56.73,MERCEDES-BENZ,GLE 250D
2112,2015,83950,Diesel,Manual,First,19.67,1582,126.2,5.0,9.95,HYUNDAI,CRETA 1.6 CRDI SX
2113,2012,60000,Petrol,Automatic,First,16.8,1497,118,5.0,5.5,HONDA,CITY 1.5 V AT
2114,2015,50000,Diesel,Automatic,First,17.11,1968,174.33,5.0,25.0,AUDI,A4 35 TDI PREMIUM
2115,2009,37000,Petrol,Manual,First,17.3,993,60,5.0,1.0,MARUTI,ZEN VXI
2116,2011,76976,Petrol,Manual,Second,19.7,796,46.3,5.0,2.15,MARUTI,ALTO LXI
2117,2018,21684,Petrol,Automatic,First,21.4,1197,83.1,5.0,7.89,MARUTI,BALENO DELTA AUTOMATIC
2118,2015,62000,Diesel,Manual,First,16.0,2179,140,7.0,10.25,MAHINDRA,XUV500 W10 2WD
2119,2007,1261,Petrol,Manual,First,19.0,1194,94.68,5.0,6.0,FORD,FREESTYLE TITANIUM PETROL
2120,2017,59450,Petrol,Manual,First,18.6,1197,81.86,5.0,7.53,HYUNDAI,ELITE I20 ASTA OPTION
2121,2018,24465,Diesel,Automatic,First,19.27,2143,167.62,5.0,39.45,MERCEDES-BENZ,NEW C-CLASS C 220D AVANTGARDE EDITION C
2122,2014,55000,Petrol,Manual,First,17.8,1497,117.3,5.0,5.84,HONDA,CITY I VTEC SV
2123,2017,2000,Petrol,Manual,First,18.88,1499,110.4,5.0,8.65,FORD,ECOSPORT 1.5 TI VCT MT TITANIUM BE
2124,2017,25040,Petrol,Manual,First,21.4,1197,83.1,5.0,7.74,MARUTI,BALENO ALPHA 1.2
2125,2008,84000,Petrol,Manual,First,20.36,1197,78.9,5.0,2.5,HYUNDAI,I10 SPORTZ
2126,2007,170428,Diesel,Manual,Second,12.8,2494,102,8.0,5.7,TOYOTA,INNOVA 2.5 G (DIESEL) 8 SEATER BS IV
2127,2016,12573,Petrol,Manual,First,21.4,1197,83.1,5.0,5.8,MARUTI,BALENO DELTA
2128,2012,88000,Diesel,Automatic,First,12.07,2967,241.4,7.0,36.5,AUDI,Q7 3.0 TDI QUATTRO TECHNOLOGY
2129,2012,86000,Diesel,Automatic,Second,13.01,2199,194.3,7.0,9.5,HYUNDAI,SANTA FE 2WD AT
2130,2012,51019,Petrol,Manual,First,0.0,999,,5.0,3.48,HYUNDAI,SANTRO GLS I - EURO II
2131,2013,45000,Petrol,Manual,First,17.0,1497,118,5.0,4.55,HONDA,CITY 1.5 V MT EXCLUSIVE
2132,2012,51000,Diesel,Manual,First,21.9,1396,90,5.0,3.9,HYUNDAI,I20 1.4 CRDI MAGNA
2133,2007,92000,Diesel,Manual,First,13.6,2523,63,7.0,2.7,MAHINDRA,BOLERO SLE BSIII
2134,2017,29000,Diesel,Automatic,First,12.9,2755,174.5,7.0,31.0,TOYOTA,FORTUNER 2.8 2WD AT
2135,2009,70521,Petrol,Automatic,Second,10.9,2497,215,5.0,10.3,BMW,3 SERIES 2005-2011 325I SEDAN
2136,2010,51000,Diesel,Automatic,First,16.07,1995,181,5.0,7.75,BMW,3 SERIES 320D SEDAN
2137,2012,52618,Petrol,Manual,First,18.9,998,67.1,5.0,3.2,MARUTI,WAGON R LXI
2138,2013,68000,Diesel,Manual,First,25.47,1248,88.50,7.0,4.85,MARUTI,ERTIGA ZDI
2139,2016,29022,Diesel,Automatic,Second,15.68,1999,177,5.0,34.08,LAND,ROVER RANGE ROVER EVOQUE 2.0 TD4 PURE
2140,2017,80000,Diesel,Manual,First,24.52,1248,88.5,7.0,8.1,MARUTI,ERTIGA SHVS VDI
2141,2016,78000,Diesel,Manual,Second,25.0,1396,69.01,5.0,2.35,TATA,INDIGO CS EVX
2142,2012,100000,Petrol,Manual,First,20.92,998,67.1,5.0,1.8,MARUTI,ALTO K10 LXI
2143,2015,31412,Petrol,Manual,First,21.1,814,55.2,5.0,3.42,HYUNDAI,EON D LITE PLUS
2144,2010,78000,Diesel,Automatic,Second,11.4,2953,153.86,7.0,5.34,FORD,ENDEAVOUR 3.0L 4X4 AT
2145,2018,14000,Diesel,Automatic,First,12.62,2198,158,7.0,31.99,FORD,ENDEAVOUR 2.2 TITANIUM AT 4X2
2146,2011,80000,Diesel,Manual,First,20.54,1598,103.6,5.0,4.75,VOLKSWAGEN,VENTO DIESEL HIGHLINE
2147,2014,46738,Petrol,Automatic,First,19.12,1373,91.1,5.0,6.1,MARUTI,CIAZ AT ZXI
2148,2013,54884,Petrol,Manual,Second,21.1,814,55.2,5.0,3.69,HYUNDAI,EON D LITE PLUS
2149,2012,74500,Diesel,Automatic,Second,14.16,1968,174.3,5.0,15.0,AUDI,Q5 2.0 TDI PREMIUM PLUS
2150,2016,67472,Diesel,Manual,First,16.0,2179,140,7.0,14.5,MAHINDRA,XUV500 W10 AWD
2151,2013,84000,Diesel,Manual,First,28.4,1248,74,5.0,5.65,MARUTI,SWIFT VDI
2152,2011,77400,Diesel,Manual,First,21.1,1248,73.9,5.0,2.5,MARUTI,RITZ VDI
2153,2017,14470,Diesel,Automatic,First,19.71,2143,201.15,5.0,38.5,MERCEDES-BENZ,NEW C-CLASS C 250 CDI AVANTGARDE
2154,2014,52108,Diesel,Manual,First,19.01,1461,108.45,5.0,5.49,RENAULT,DUSTER 110PS DIESEL RXZ
2155,2013,40000,Petrol,Manual,First,19.1,1197,85.8,5.0,3.55,MARUTI,SWIFT DZIRE VXI
2156,2014,105044,Diesel,Manual,First,12.99,2494,100.6,7.0,10.75,TOYOTA,INNOVA 2.5 VX (DIESEL) 7 SEATER
2157,2016,24347,Petrol,Manual,First,15.8,1591,121.3,5.0,11.0,HYUNDAI,CRETA 1.6 SX OPTION
2158,2014,58000,Diesel,Manual,First,21.79,1248,88.73,5.0,4.5,MARUTI,SX4 ZDI
2159,2014,49663,Diesel,Manual,First,15.1,2179,140,7.0,8.42,MAHINDRA,XUV500 W8 2WD
2160,2017,17000,Petrol,Automatic,First,18.0,1497,117.3,5.0,11.6,HONDA,CITY I-VTEC CVT VX
2161,2016,13418,Diesel,Automatic,First,16.36,2179,187.7,5.0,33.63,JAGUAR,XF 2.2 LITRE LUXURY
2162,2008,117080,Diesel,Manual,Third,17.8,1399,68,5.0,2.25,FORD,FIESTA 1.4 SXI TDCI ABS
2163,2010,74000,Petrol,Automatic,First,10.8,2497,150,5.0,12.95,BMW,5 SERIES 523I SEDAN
2164,2010,86514,Diesel,Manual,First,17.8,1248,,5.0,4.25,MARUTI,SWIFT VDI BSIV W ABS
2165,2014,66882,Diesel,Automatic,First,17.68,1968,174.33,5.0,25.02,AUDI,A6 2011-2015 2.0 TDI PREMIUM PLUS
2166,2014,41460,Petrol,Manual,First,18.5,1198,86.8,5.0,3.95,HONDA,BRIO 1.2 VX MT
2167,2011,57000,Petrol,Automatic,First,16.8,1497,118,5.0,4.4,HONDA,CITY 1.5 V AT
2168,2015,34010,Petrol,Manual,Third,16.47,1198,73.9,5.0,4.95,VOLKSWAGEN,POLO PETROL COMFORTLINE 1.2L
2169,2010,96813,Diesel,Manual,Second,12.05,2179,120,8.0,5.5,MAHINDRA,SCORPIO SLE BSIII
2170,2011,84000,Petrol,Manual,First,16.8,1497,116.3,5.0,3.25,HONDA,CITY V MT
2171,2013,50004,Petrol,Manual,First,15.0,1598,103.5,5.0,4.02,SKODA,RAPID 1.6 MPI ELEGANCE
2172,2016,67995,Diesel,Manual,First,16.0,2179,140,7.0,11.73,MAHINDRA,XUV500 W6 2WD
2173,2012,55000,Diesel,Manual,First,15.0,1896,105,5.0,9.5,VOLKSWAGEN,JETTA 2007-2011 2.0 TDI TRENDLINE
2174,2017,14900,Petrol,Automatic,First,21.4,1197,83.1,5.0,8.6,MARUTI,BALENO ALPHA AUTOMATIC
2175,2013,70961,Diesel,Manual,First,25.8,1498,98.6,5.0,4.0,HONDA,AMAZE EX I-DTECH
2176,2015,40194,Petrol,Manual,First,15.04,1598,103.2,5.0,5.55,VOLKSWAGEN,VENTO 1.6 HIGHLINE
2177,2015,96000,Petrol,Manual,First,22.74,796,47.3,5.0,2.5,MARUTI,ALTO 800 LXI
2178,2017,35000,Diesel,Automatic,First,18.0,2993,255,7.0,41.6,LAND,ROVER DISCOVERY HSE LUXURY 3.0 TD6
2179,2015,50000,Petrol,Automatic,First,18.0,1497,117.3,5.0,7.41,HONDA,CITY I VTEC CVT VX
2180,2014,50000,Diesel,Manual,First,19.01,1461,108.5,5.0,6.5,NISSAN,TERRANO XL 110 PS
2181,2008,26299,Petrol,Manual,First,19.7,796,46.3,5.0,1.2,MARUTI,ALTO LXI
2182,2015,150386,Diesel,Manual,First,14.24,2755,174.5,7.0,23.0,TOYOTA,FORTUNER 2.8 4WD MT
2183,2012,60000,Diesel,Manual,First,21.9,1396,90,5.0,2.74,HYUNDAI,I20 1.4 CRDI MAGNA
2184,2013,65000,Diesel,Manual,First,20.0,1399,68,5.0,3.9,FORD,FIGO DIESEL TITANIUM
2185,2017,80000,Diesel,Manual,First,24.3,1248,88.5,5.0,8.0,MARUTI,VITARA BREZZA ZDI PLUS
2186,2012,92000,Diesel,Manual,Third,22.32,1582,126.32,5.0,4.0,HYUNDAI,VERNA 1.6 SX
2187,2016,13000,Petrol,Automatic,First,12.95,1999,152.88,5.0,17.75,HYUNDAI,TUCSON 2.0 DUAL VTVT 2WD AT GL
2188,2013,73278,Diesel,Manual,First,21.1,1248,73.9,5.0,5.05,MARUTI,RITZ VDI
2189,2011,38000,Petrol,Automatic,First,10.8,1984,132,5.0,12.0,AUDI,A4 2.0 TFSI
2190,2016,46936,Diesel,Automatic,First,13.0,2143,204,5.0,29.6,MERCEDES-BENZ,E-CLASS E250 CDI LAUNCH EDITION
2191,2015,55000,Diesel,Manual,First,19.87,1461,83.8,5.0,6.5,RENAULT,DUSTER 85PS DIESEL RXE
2192,2014,19000,Petrol,Automatic,First,15.5,1198,86.7,5.0,4.75,HONDA,AMAZE S AT I-VTECH
2193,2016,42259,Diesel,Automatic,First,9.0,1984,181,5.0,24.36,VOLVO,S60 D4 SUMMUM
2194,2011,14000,Petrol,Manual,Second,17.5,1197,85.8,5.0,3.2,MARUTI,SWIFT DZIRE 1.2 LXI BSIV
2195,2016,16956,Petrol,Manual,First,22.5,998,67.04,5.0,3.6,MARUTI,WAGON R VXI
2196,2017,15473,Petrol,Manual,First,16.8,796,34.2,5.0,3.58,MARUTI,OMNI MPI STD BSIV
2197,2011,75000,Diesel,Manual,First,21.5,1248,88.8,5.0,2.5,MARUTI,SX4 VDI
2198,2013,96000,Diesel,Manual,Second,23.5,1498,90,5.0,3.5,FORD,FIESTA TITANIUM 1.5 TDCI
2199,2015,25000,Petrol,Automatic,First,19.16,2494,158.2,5.0,25.0,TOYOTA,CAMRY HYBRID
2200,2010,38000,Petrol,Manual,Second,22.5,998,67.04,5.0,1.75,MARUTI,WAGON R VXI
2201,2005,54000,Diesel,Automatic,First,11.0,2987,198.5,5.0,10.0,MERCEDES-BENZ,E-CLASS E270 CDI
2202,2018,4131,Petrol,Automatic,First,21.4,1197,83.1,5.0,7.75,MARUTI,BALENO ZETA AUTOMATIC
2203,2016,31700,Petrol,Manual,First,18.7,1199,88.7,5.0,6.45,HONDA,JAZZ 1.2 VX I VTEC
2204,2017,66988,Diesel,Automatic,First,15.4,2179,120,7.0,10.0,MAHINDRA,SCORPIO S10 AT 4WD
2205,2014,54230,Petrol,Manual,First,16.47,1198,74,5.0,4.5,VOLKSWAGEN,POLO 1.2 MPI TRENDLINE
2206,2015,35000,Petrol,Manual,First,17.0,1197,80,5.0,3.4,HYUNDAI,I20 1.2 ERA
2207,2010,62714,Petrol,Automatic,First,12.1,2362,164.7,5.0,4.5,TOYOTA,CAMRY W4 (AT)
2208,2015,45295,Petrol,Manual,First,18.9,998,67.1,5.0,4.3,MARUTI,WAGON R VXI
2209,2018,7000,Diesel,Automatic,First,18.12,1995,190,5.0,46.0,BMW,5 SERIES 2013-2017 520D M SPORT
2210,2016,57000,Petrol,Automatic,First,24.07,998,67.1,5.0,3.4,MARUTI,ALTO K10 VXI AGS
2211,2013,40100,Diesel,Automatic,First,14.84,2143,170,5.0,14.5,MERCEDES-BENZ,NEW C-CLASS 220 CDI AT
2212,2013,56000,Petrol,Manual,First,24.7,796,47.3,5.0,2.1,MARUTI,ALTO 800 2016-2019 LXI
2213,2012,15000,Petrol,Manual,First,18.6,1197,85.8,5.0,3.65,MARUTI,SWIFT VXI
2214,2014,14000,Petrol,Manual,First,18.2,1199,82.5,5.0,3.0,CHEVROLET,SAIL HATCHBACK 1.2 LS ABS
2215,2009,68000,Diesel,Manual,Second,23.0,1396,90,5.0,3.95,HYUNDAI,I20 ASTA 1.4 CRDI (DIESEL)
2216,2012,83000,Diesel,Automatic,First,11.9,2496,163.2,5.0,6.75,SKODA,SUPERB 2.5 TDI AT
2217,2013,81504,Diesel,Manual,First,21.43,1364,87.2,5.0,6.53,TOYOTA,COROLLA ALTIS D-4D G
2218,2015,73500,Diesel,Manual,First,13.0,2982,168.5,7.0,22.0,TOYOTA,FORTUNER 4X2 MANUAL
2219,2013,52900,Petrol,Automatic,First,14.3,1598,103.52,5.0,4.75,SKODA,RAPID 1.6 MPI AT ELEGANCE
2220,2017,20000,Petrol,Automatic,First,16.5,1198,86.8,5.0,5.99,HONDA,BRIO 1.2 VX AT
2221,2011,46000,Petrol,Manual,First,16.47,1198,73.9,5.0,3.05,VOLKSWAGEN,POLO PETROL COMFORTLINE 1.2L
2222,2010,65000,Petrol,Manual,First,16.47,1198,73.9,5.0,2.4,VOLKSWAGEN,POLO PETROL COMFORTLINE 1.2L
2223,2007,42000,Petrol,Manual,Third,18.2,998,67.1,5.0,1.3,MARUTI,ZEN ESTILO LXI BSIII
2224,2016,36681,Diesel,Manual,First,23.59,1364,67.06,5.0,6.71,TOYOTA,ETIOS CROSS 1.4L GD
2225,2014,67000,Diesel,Manual,Second,15.1,2179,140,7.0,7.2,MAHINDRA,XUV500 W8 2WD
2226,2016,18000,Petrol,Automatic,First,18.9,1197,82,5.0,5.4,HYUNDAI,GRAND I10 AT ASTA
2227,2015,56409,Diesel,Manual,First,22.7,1498,89.84,5.0,6.63,FORD,ECOSPORT 1.5 DV5 MT TITANIUM OPTIONAL
2228,2016,65263,CNG,Manual,First,17.5,1373,80.46,7.0,7.5,MARUTI,ERTIGA VXI CNG
2229,2018,20300,Petrol,Automatic,First,18.0,1497,117.3,5.0,14.21,HONDA,CITY I-VTEC CVT ZX
2230,2010,45008,Petrol,Manual,First,17.0,1497,118,5.0,3.0,HONDA,CITY 1.5 V MT
2231,2017,21799,Petrol,Manual,First,23.1,998,67.04,5.0,5.11,MARUTI,CELERIO ZXI MT
2232,2011,57328,Petrol,Manual,First,15.04,1598,103.6,5.0,3.39,VOLKSWAGEN,VENTO PETROL HIGHLINE
2233,2017,35358,Diesel,Automatic,First,11.36,2755,171.5,7.0,22.99,TOYOTA,INNOVA CRYSTA 2.8 ZX AT
2234,2009,46946,Petrol,Manual,Second,18.5,1197,80,5.0,2.35,HYUNDAI,I20 MAGNA
2235,2012,39772,Diesel,Manual,First,23.2,1248,73.94,5.0,2.85,MARUTI,RITZ VDI
2236,2014,58000,Diesel,Automatic,First,17.68,1968,174.33,5.0,18.5,AUDI,A6 2011-2015 2.0 TDI PREMIUM PLUS
2237,2014,52000,Petrol,Manual,First,13.24,1598,102.57,5.0,5.99,RENAULT,DUSTER PETROL RXL
2238,2008,152000,Petrol,Manual,Second,13.5,1799,130,5.0,3.0,HONDA,CIVIC 2006-2010 1.8 V MT
2239,2016,42700,Petrol,Manual,First,23.84,1199,84,5.0,3.6,TATA,TIAGO 1.2 REVOTRON XT
2240,2014,60000,Diesel,Automatic,First,16.55,1968,147.51,5.0,24.0,AUDI,A4 2.0 TDI
2241,2015,33195,Petrol,Manual,First,19.1,1197,85.8,5.0,6.26,MARUTI,SWIFT DZIRE VXI
2242,2010,110000,Diesel,Manual,First,14.24,2755,174.5,7.0,13.7,TOYOTA,FORTUNER 2.8 4WD MT
2243,2016,52000,Diesel,Automatic,First,15.26,2143,203.2,5.0,35.0,MERCEDES-BENZ,M-CLASS ML 250 CDI
2244,2015,64399,Diesel,Manual,First,21.9,1396,90,5.0,5.02,HYUNDAI,I20 MAGNA 1.4 CRDI
2245,2015,55000,Petrol,Manual,First,21.5,1197,81.80,5.0,3.1,MARUTI,WAGON R VXI 1.2
2246,2012,50000,Diesel,Manual,First,20.54,1598,103.6,5.0,5.5,VOLKSWAGEN,VENTO DIESEL HIGHLINE
2247,2014,33485,Petrol,Manual,First,19.1,1197,85.8,5.0,3.59,MARUTI,SWIFT DZIRE VXI
2248,2015,32000,Diesel,Manual,First,20.4,1248,91.7,5.0,4.65,FIAT,LINEA EMOTION (DIESEL)
2249,2009,71400,Petrol,Manual,Third,17.0,1497,118,5.0,3.8,HONDA,CITY 1.5 V MT
2250,2016,41713,Diesel,Manual,First,19.67,1582,126.2,5.0,12.5,HYUNDAI,CRETA 1.6 SX PLUS DIESEL
2251,2017,46000,Diesel,Manual,First,25.6,1498,98.6,5.0,12.9,HONDA,CITY I-DTEC ZX
2252,2015,52950,Petrol,Manual,First,14.0,796,35,5.0,2.35,MARUTI,OMNI 8 SEATER BSIV
2253,2015,29500,Petrol,Manual,First,20.4,1197,81.80,5.0,4.15,MARUTI,SWIFT LXI OPTION
2254,2012,63888,Diesel,Automatic,First,14.0,2987,224,5.0,22.58,MERCEDES-BENZ,M-CLASS ML 350 CDI CORPORATE
2255,2016,60000,Petrol,Manual,First,24.7,796,47.3,5.0,2.65,MARUTI,ALTO 800 2016-2019 LXI
2256,2010,59196,Petrol,Manual,Second,15.6,1196,70,5.0,2.25,FORD,FIGO PETROL TITANIUM
2257,2016,121362,Diesel,Manual,First,13.68,2393,147.8,7.0,16.0,TOYOTA,INNOVA CRYSTA 2.4 G MT
2258,2013,78000,Diesel,Automatic,First,18.48,1995,177,5.0,19.5,BMW,5 SERIES 2003-2012 520D
2259,2015,59000,Diesel,Automatic,First,13.01,2199,194.3,7.0,21.0,HYUNDAI,SANTA FE 4WD AT
2260,2012,95000,Diesel,Automatic,Second,22.48,1995,190,5.0,17.5,BMW,5 SERIES 520D LUXURY LINE
2261,2010,84000,Diesel,Manual,Second,17.8,1399,68,5.0,2.41,FORD,FIESTA EXI 1.4 TDCI LTD
2262,2012,58253,Diesel,Manual,Second,23.59,1364,,5.0,4.45,TOYOTA,ETIOS GD
2263,2014,64557,Diesel,Automatic,Second,12.7,2179,187.7,5.0,29.93,LAND,ROVER RANGE ROVER 2.2L PRESTIGE
2264,2012,24500,Petrol,Manual,Second,18.3,,,,2.95,TOYOTA,ETIOS LIVA V
2265,2009,68078,Petrol,Manual,First,19.7,796,46.3,5.0,1.02,MARUTI,ALTO LX
2266,2009,149706,Diesel,Manual,First,11.5,2982,171,7.0,11.0,TOYOTA,FORTUNER 3.0 DIESEL
2267,2004,215750,Diesel,Manual,Second,0.0,2446,,10.0,3.5,TOYOTA,QUALIS RS E2
2268,2013,25984,Petrol,Manual,First,15.8,1499,110,5.0,5.35,FORD,ECOSPORT 1.5 TI VCT MT TITANIUM
2269,2017,15544,Petrol,Manual,First,21.4,1197,83.1,5.0,5.65,MARUTI,BALENO SIGMA 1.2
2270,2015,34000,Diesel,Automatic,First,23.8,1998,112,5.0,22.0,MINI,COOPER COUNTRYMAN D HIGH
2271,2013,24000,Petrol,Automatic,First,17.01,1591,121.4,5.0,5.95,HYUNDAI,VERNA 1.6 VTVT EX AT
2272,2011,95000,Diesel,Manual,Third,20.0,1399,68,5.0,2.35,FORD,FIGO DIESEL TITANIUM
2273,2014,52000,Diesel,Manual,Second,25.8,1498,98.6,5.0,4.1,HONDA,AMAZE S I-DTECH
2274,2012,135000,Diesel,Manual,First,19.01,1461,108.45,5.0,5.4,RENAULT,DUSTER 110PS DIESEL RXZ
2275,2017,39000,Diesel,Manual,First,23.0,1498,98.96,5.0,8.45,FORD,ECOSPORT 1.5 DIESEL TITANIUM
2276,2013,45306,Diesel,Automatic,Second,11.2,2993,241,4.0,42.5,BMW,X6 XDRIVE30D
2277,2010,140000,Diesel,Manual,First,14.24,2755,174.5,7.0,10.75,TOYOTA,FORTUNER 2.8 4WD MT
2278,2010,55000,LPG,Manual,Second,13.45,1086,62.1,5.0,1.65,HYUNDAI,SANTRO XING GLS LPG
2279,2015,67415,Diesel,Automatic,First,11.18,2696,184,7.0,11.03,MAHINDRA,SSANGYONG REXTON RX7
2280,2016,25562,Petrol,Manual,First,23.1,998,67.04,5.0,3.5,MARUTI,CELERIO VXI
2281,2016,30292,Petrol,Manual,First,18.6,1197,81.83,5.0,6.3,HYUNDAI,I20 SPORTZ 1.2
2282,2014,84056,Petrol,Manual,First,18.88,999,123.24,5.0,6.75,FORD,ECOSPORT 1.0 ECOBOOST TITANIUM PLUS
2283,2017,62691,Diesel,Manual,First,26.21,1248,88.5,5.0,7.5,MARUTI,CIAZ VDI
2284,2013,87000,Diesel,Automatic,First,17.11,1968,174.33,5.0,15.5,AUDI,A4 2.0 TDI 177 BHP PREMIUM PLUS
2285,2015,52513,Petrol,Manual,First,18.0,1198,86.7,5.0,4.65,HONDA,AMAZE S I-VTECH
2286,2016,43983,Petrol,Automatic,First,15.63,1499,110.4,5.0,7.58,FORD,ECOSPORT 1.5 TI VCT AT TITANIUM
2287,2013,90121,Petrol,Manual,First,20.92,998,67.1,5.0,2.2,MARUTI,ALTO K10 2010-2014 VXI
2288,2011,50000,Diesel,Automatic,Third,16.77,2967,241.38,5.0,21.0,AUDI,A6 3.0 TDI QUATTRO
2289,2011,42500,Diesel,Automatic,First,18.33,1968,167.7,5.0,5.25,VOLKSWAGEN,PASSAT DIESEL HIGHLINE 2.0 TDI
2290,2016,62192,Diesel,Manual,First,28.4,1248,74,5.0,5.22,MARUTI,SWIFT VDI
2291,2011,128000,Diesel,Manual,Third,19.2,1461,65,5.0,2.0,MAHINDRA,LOGAN DIESEL 1.5 DLS
2292,2018,38394,Petrol,Manual,First,21.56,1462,103.25,5.0,9.18,MARUTI,CIAZ ALPHA
2293,2013,37287,Petrol,Manual,First,26.0,624,35,4.0,1.74,TATA,NANO LX
2294,2011,60000,Petrol,Automatic,First,16.8,1497,118,5.0,4.45,HONDA,CITY 1.5 V AT
2295,2017,39419,Petrol,Manual,First,18.16,1196,86.8,5.0,4.95,FORD,FIGO 2015-2019 1.2P TREND MT
2296,2014,55000,Diesel,Manual,First,22.54,1396,88.73,5.0,5.64,HYUNDAI,I20 SPORTZ 1.4 CRDI
2297,2016,7000,Petrol,Manual,First,18.88,1499,110.4,5.0,6.9,FORD,ECOSPORT 1.5 TI VCT MT TITANIUM BE
2298,2011,85000,Diesel,Automatic,First,16.55,1968,147.51,5.0,13.95,AUDI,A4 2.0 TDI
2299,2013,51000,Diesel,Automatic,Second,20.58,1995,143,5.0,17.0,BMW,1 SERIES 118D SPORT LINE
2300,2012,90000,Diesel,Manual,Second,13.93,2179,138.03,7.0,4.6,TATA,SAFARI DICOR 2.2 LX 4X2
2301,2010,105000,Diesel,Manual,Second,12.05,2179,120,8.0,5.21,MAHINDRA,SCORPIO VLX 4WD AIRBAG BSIV
2302,2017,36458,Petrol,Manual,First,15.29,1591,121.3,5.0,12.34,HYUNDAI,CRETA 1.6 SX PLUS DUAL TONE PETROL
2303,2006,109000,Petrol,Manual,First,16.9,1497,100,5.0,1.5,HONDA,CITY ZX VTEC
2304,2015,49000,Diesel,Automatic,First,17.05,1995,184,5.0,22.99,BMW,X1 SDRIVE 20D SPORTLINE
2305,2011,8000,Petrol,Automatic,First,9.0,3436,,2.0,43.0,PORSCHE,CAYMAN 2009-2012 S TIPTRONIC
2306,2010,45000,Diesel,Automatic,First,14.7,2993,241.4,6.0,40.0,LAND,ROVER RANGE ROVER SPORT 2005 2012 HSE
2307,2008,68000,Petrol,Manual,Third,19.7,796,46.3,5.0,1.2,MARUTI,ALTO LXI BSIII
2308,2011,54000,Petrol,Automatic,First,19.2,1197,80,5.0,2.9,HYUNDAI,I10 ASTA SUNROOF AT
2309,2016,28000,Petrol,Automatic,First,14.62,1999,149.92,5.0,13.9,HYUNDAI,ELANTRA 2.0 SX OPTION AT
2310,2016,38500,Diesel,Manual,Second,28.09,1248,88.5,5.0,7.85,MARUTI,CIAZ RS ZDI PLUS SHVS
2311,2016,17738,Diesel,Automatic,First,15.3,2993,258,5.0,54.45,BMW,X5 XDRIVE 30D
2312,2012,67132,Diesel,Manual,First,13.58,2499,78,9.0,4.75,CHEVROLET,TAVERA LT 9 STR BS IV
2313,2011,47000,Diesel,Manual,First,20.64,1498,108.5,5.0,3.25,VOLKSWAGEN,VENTO 1.5 TDI TRENDLINE
2314,2015,28005,Petrol,Manual,First,17.8,1497,117.3,5.0,7.1,HONDA,CITY I VTEC V
2315,2017,13000,Petrol,Manual,First,20.4,1197,81.80,5.0,4.65,MARUTI,SWIFT VXI BSIV
2316,2012,67000,Diesel,Manual,First,19.33,1968,138.1,5.0,5.0,VOLKSWAGEN,JETTA 2012-2014 2.0L TDI COMFORTLINE
2317,2015,50000,Petrol,Manual,First,18.6,1197,81.83,5.0,4.95,HYUNDAI,I20 SPORTZ 1.2
2318,2014,55000,Diesel,Manual,First,15.1,2179,140,7.0,9.8,MAHINDRA,XUV500 W8 2WD
2319,2019,9312,Diesel,Automatic,First,18.0,2987,258,5.0,78.8,MERCEDES-BENZ,E-CLASS E 350 D
2320,2015,30458,Petrol,Manual,First,23.1,998,67.04,5.0,2.99,MARUTI,CELERIO LXI
2321,2014,46000,Petrol,Manual,First,15.04,1598,103.2,5.0,4.45,VOLKSWAGEN,VENTO 1.6 HIGHLINE
2322,2011,50000,Petrol,Manual,Second,23.9,624,37.48,4.0,0.75,TATA,NANO XT
2323,2016,36676,CNG,Manual,First,25.0,1197,81.86,5.0,5.0,HYUNDAI,XCENT 1.2 KAPPA S OPTION CNG
2324,2014,72563,Diesel,Manual,Second,22.77,1498,98.59,5.0,5.0,FORD,ECOSPORT 1.5 TDCI TITANIUM
2325,2015,67000,Petrol,Manual,First,16.1,,,,4.7,MARUTI,SWIFT 1.3 VXI ABS
2326,2015,58239,Petrol,Automatic,First,14.62,1999,149.92,5.0,9.69,HYUNDAI,ELANTRA 2.0 SX OPTION AT
2327,2015,57934,Diesel,Manual,First,18.2,1248,73.74,8.0,5.5,CHEVROLET,ENJOY 1.3 TCDI LTZ 8
2328,2017,6500000,Diesel,Automatic,First,15.97,2993,258,5.0,65.0,BMW,X5 XDRIVE 30D M SPORT
2329,2015,63000,Diesel,Manual,First,20.14,1498,88.8,5.0,5.11,VOLKSWAGEN,POLO 1.5 TDI HIGHLINE
2330,2012,27014,Petrol,Manual,First,16.25,1198,75,5.0,2.19,SKODA,FABIA 1.2 MPI AMBITION PLUS
2331,2012,90906,Diesel,Manual,First,20.54,1598,103.6,5.0,4.25,VOLKSWAGEN,VENTO DIESEL COMFORTLINE
2332,2013,61202,Diesel,Automatic,First,11.18,2696,184,7.0,14.5,MAHINDRA,SSANGYONG REXTON RX7
2333,2014,51000,Diesel,Manual,First,19.87,1461,83.14,5.0,5.65,NISSAN,TERRANO XL D OPTION
2334,2016,88008,Diesel,Automatic,Second,12.9,2755,174.5,7.0,22.5,TOYOTA,FORTUNER 2.8 2WD AT
2335,2007,55000,Petrol,Manual,Second,16.1,,,,1.75,MARUTI,SWIFT 1.3 VXI
2336,2004,160000,Petrol,Automatic,Second,11.3,1794,125,5.0,1.5,TOYOTA,COROLLA H4
2337,2012,42591,Petrol,Manual,First,20.36,1197,78.9,5.0,3.2,HYUNDAI,I10 SPORTZ
2338,2012,67000,Diesel,Manual,First,23.0,1396,90,5.0,4.5,HYUNDAI,I20 1.4 CRDI SPORTZ
2339,2014,48000,Diesel,Manual,Second,25.8,1498,98.6,5.0,4.5,HONDA,AMAZE S I-DTECH
2340,2014,97000,Diesel,Automatic,First,22.32,1582,126.32,5.0,8.0,HYUNDAI,VERNA 1.6 SX CRDI (O) AT
2341,2018,10000,Diesel,Automatic,First,17.9,2143,136,5.0,28.9,MERCEDES-BENZ,GLA CLASS 200 D SPORT
2342,2015,56900,Diesel,Manual,First,20.14,1498,88.8,5.0,4.1,VOLKSWAGEN,POLO 1.5 TDI TRENDLINE
2343,2006,74483,Petrol,Automatic,First,0.0,999,,5.0,2.3,HYUNDAI,SANTRO AT
2344,2017,36152,Petrol,Automatic,First,21.4,1197,83.1,5.0,7.22,MARUTI,BALENO ZETA AUTOMATIC
2345,2014,85512,Diesel,Manual,First,22.9,1248,74,5.0,5.8,MARUTI,SWIFT VDI
2346,2013,234000,Diesel,Manual,Second,14.0,2489,95,8.0,3.5,MAHINDRA,XYLO D2 BSIV
2347,2013,36000,Diesel,Manual,Second,22.7,1498,89.84,5.0,6.35,FORD,ECOSPORT 1.5 DV5 MT TREND
2348,2015,36096,Diesel,Manual,First,15.1,2179,140,7.0,8.85,MAHINDRA,XUV500 W8 2WD
2349,2010,111111,Petrol,Manual,Second,18.6,1199,79.4,5.0,2.0,CHEVROLET,BEAT LS
2350,2012,73000,Petrol,Manual,First,17.01,1591,121.3,5.0,5.5,HYUNDAI,VERNA 1.6 VTVT
2351,2014,44300,Petrol,Manual,Second,18.9,1197,82,5.0,2.3,HYUNDAI,GRAND I10 ASTA
2352,2014,74500,Diesel,Manual,First,19.01,1461,108.45,5.0,7.95,RENAULT,DUSTER 110PS DIESEL RXZ
2353,2016,21495,Petrol,Manual,First,19.1,1197,81.86,5.0,6.16,HYUNDAI,XCENT 1.2 KAPPA S OPTION
2354,2012,59000,Petrol,Manual,First,20.36,1197,78.9,5.0,2.85,HYUNDAI,I10 SPORTZ
2355,2016,23000,Petrol,Automatic,First,13.7,1991,183,5.0,25.0,MERCEDES-BENZ,GLA CLASS 200 SPORT EDITION
2356,2008,50135,Diesel,Manual,First,15.8,2148,170,5.0,10.36,MERCEDES-BENZ,NEW C-CLASS 220 CDI MT
2357,2016,25000,Petrol,Automatic,First,15.04,1991,183,5.0,26.0,MERCEDES-BENZ,CLA 200 SPORT EDITION
2358,2013,47000,Diesel,Manual,First,22.32,1582,126.32,5.0,4.35,HYUNDAI,VERNA 1.6 SX CRDI (O)
2359,2016,150000,Diesel,Manual,First,14.95,2489,93.7,9.0,4.5,MAHINDRA,XYLO D2 MAXX
2360,2015,53503,Diesel,Manual,First,26.59,1248,74,5.0,5.0,MARUTI,SWIFT DZIRE LDI
2361,2014,47003,Petrol,Manual,First,20.36,1197,78.9,5.0,3.67,HYUNDAI,I10 SPORTZ
2362,2014,80000,Diesel,Manual,First,14.0,2179,138.1,7.0,6.0,TATA,SAFARI STORME EXPLORER EDITION
2363,2018,20492,Petrol,Manual,First,18.9,1197,82,5.0,6.34,HYUNDAI,GRAND I10 ASTA
2364,2012,17000,Petrol,Automatic,Second,16.82,1998,189.08,4.0,22.0,MINI,COOPER CONVERTIBLE S
2365,2006,79000,Petrol,Manual,Second,13.4,1794,125,5.0,1.67,TOYOTA,COROLLA H5
2366,2014,27000,Petrol,Manual,First,14.28,1798,138.03,5.0,7.95,TOYOTA,COROLLA ALTIS G MT
2367,2018,28786,Petrol,Manual,First,10.4,2393,163.5,5.0,9.74,MARUTI,GRAND VITARA 2.4 MT
2368,2011,143354,Diesel,Manual,Second,16.0,1997,140,7.0,6.0,MAHINDRA,XUV500 W8 1.99 MHAWK
2369,2008,56000,Petrol,Manual,Second,19.5,1061,,,1.5,MARUTI,ESTILO LXI
2370,2013,21000,Petrol,Automatic,First,17.44,1998,189.08,4.0,21.5,MINI,COOPER 3 DOOR S
2371,2014,29202,CNG,Manual,First,33.54,998,67.04,5.0,3.9,MARUTI,WAGON R CNG LXI
2372,2009,73000,Diesel,Manual,Second,21.1,1248,73.9,5.0,2.35,MARUTI,RITZ VDI
2373,2012,74000,Diesel,Manual,Second,22.07,1199,73.9,5.0,2.65,VOLKSWAGEN,POLO DIESEL COMFORTLINE 1.2L
2374,2011,65423,Petrol,Manual,First,20.36,1197,78.9,5.0,3.16,HYUNDAI,I10 MAGNA
2375,2009,65000,Petrol,Manual,Second,19.0,998,66.1,5.0,2.05,MARUTI,A-STAR VXI
2376,2013,83875,CNG,Manual,Second,26.6,998,58.16,5.0,2.95,MARUTI,WAGON R LXI CNG
2377,2014,55277,Petrol,Manual,First,20.51,998,67.04,5.0,3.9,MARUTI,WAGON R STINGRAY LXI
2378,2017,50808,Diesel,Manual,Second,24.2,1498,98.6,7.0,6.68,HONDA,MOBILIO S I DTEC
2379,2017,52000,Petrol,Manual,Second,21.1,814,55.2,5.0,3.5,HYUNDAI,EON ERA PLUS
2380,2017,32000,Petrol,Automatic,First,14.84,1598,103.52,5.0,8.11,SKODA,RAPID 1.6 MPI AT AMBITION
2381,2017,25000,Diesel,Manual,First,28.09,1248,88.5,5.0,8.3,MARUTI,CIAZ VDI PLUS SHVS
2382,2016,23218,Diesel,Automatic,First,15.26,2143,203.2,5.0,45.61,MERCEDES-BENZ,M-CLASS ML 250 CDI
2383,2010,84000,Diesel,Automatic,First,20.0,1968,138.1,5.0,4.45,SKODA,LAURA ELEGANCE 2.0 TDI CR AT
2384,2017,40000,Diesel,Manual,First,24.3,1248,88.5,5.0,7.85,MARUTI,VITARA BREZZA VDI OPTION
2385,2011,17000,LPG,Manual,First,13.45,1086,62.1,5.0,3.1,HYUNDAI,SANTRO XING GLS LPG
2386,2014,25135,Diesel,Manual,First,24.0,1120,70,5.0,3.75,HYUNDAI,GRAND I10 CRDI SPORTZ
2387,2017,65000,Diesel,Manual,First,25.47,1248,88.50,7.0,7.65,MARUTI,ERTIGA VDI
2388,2013,40000,Petrol,Manual,First,17.0,1197,80,5.0,4.9,HYUNDAI,I20 1.2 SPORTZ
2389,2018,24500,Diesel,Automatic,First,16.0,2179,140,7.0,16.52,MAHINDRA,XUV500 AT W10 FWD
2390,2016,56674,Petrol,Automatic,First,13.7,1798,157.75,5.0,14.05,SKODA,SUPERB ELEGANCE 1.8 TSI AT
2391,2016,51950,Petrol,Manual,First,20.73,1373,91.1,5.0,6.75,MARUTI,CIAZ VXI PLUS
2392,2016,51000,Diesel,Manual,First,19.67,1582,126.2,5.0,9.2,HYUNDAI,CRETA 1.6 CRDI SX
2393,2012,150000,Diesel,Manual,Third,23.59,1364,,5.0,3.0,TOYOTA,ETIOS GD
2394,2008,114750,Petrol,Manual,Second,17.0,1497,118,5.0,2.75,HONDA,CITY 1.5 S MT
2395,2016,107890,Diesel,Manual,First,13.5,2198,157.7,7.0,20.5,FORD,ENDEAVOUR 2.2 TREND MT 4X4
2396,2012,64000,Diesel,Manual,First,21.9,1396,90,5.0,4.25,HYUNDAI,I20 2015-2017 1.4 MAGNA ABS
2397,2016,21460,Petrol,Manual,First,17.0,1497,121.36,5.0,6.0,FORD,ECOSPORT 1.5 PETROL TREND
2398,2015,29634,Petrol,Manual,Second,17.0,1197,80,5.0,6.0,HYUNDAI,I20 1.2 SPORTZ
2399,2008,52000,Petrol,Manual,First,16.1,1298,88.2,5.0,2.41,MARUTI,SWIFT VXI BSIII
2400,2015,33000,Petrol,Automatic,First,19.0,1199,88.7,5.0,7.25,HONDA,JAZZ V CVT
2401,2014,89230,Diesel,Manual,First,11.1,2400,200,7.0,23.65,VOLVO,XC90 2007-2015 D5 AWD
2402,2016,27000,Petrol,Manual,First,21.4,1197,83.1,5.0,6.5,MARUTI,BALENO ALPHA 1.2
2403,2017,72524,Diesel,Automatic,Second,17.9,2143,136,5.0,18.06,MERCEDES-BENZ,GLA CLASS 200 CDI SPORT
2404,2016,73000,Petrol,Manual,First,25.17,799,53.3,5.0,3.2,RENAULT,KWID RXT
2405,2017,21740,Petrol,Manual,First,18.16,1196,86.8,5.0,6.42,FORD,FIGO 2015-2019 1.2P TITANIUM OPT MT
2406,2015,59000,Diesel,Manual,First,13.0,2982,168.5,7.0,23.0,TOYOTA,FORTUNER 4X2 MANUAL
2407,2013,83432,Petrol,Manual,First,17.0,1497,118,5.0,5.9,HONDA,CITY 1.5 S MT
2408,2014,87200,Diesel,Manual,First,15.4,2523,75,7.0,7.75,MAHINDRA,SCORPIO S2 7 SEATER
2409,2012,88000,Diesel,Automatic,First,13.2,1995,170,5.0,15.0,BMW,3 SERIES 320D
2410,2017,48324,Diesel,Manual,First,24.3,1248,88.5,5.0,9.0,MARUTI,VITARA BREZZA ZDI PLUS
2411,2011,51000,Petrol,Automatic,First,11.74,1796,186,5.0,11.5,MERCEDES-BENZ,NEW C-CLASS C 200 CGI ELEGANCE
2412,2012,24000,Petrol,Manual,Second,17.01,1591,121.3,5.0,6.2,HYUNDAI,VERNA 1.6 VTVT
2413,2017,20773,Diesel,Manual,First,24.0,1186,73.97,5.0,5.92,HYUNDAI,GRAND I10 1.2 CRDI SPORTZ
2414,2016,22000,Diesel,Manual,First,20.14,1498,88,5.0,6.29,VOLKSWAGEN,POLO 1.5 TDI HIGHLINE
2415,2014,66355,Petrol,Manual,First,18.0,1198,86.7,5.0,4.12,HONDA,AMAZE S I-VTECH
2416,2007,115800,Petrol,Automatic,Third,10.1,2354,152,5.0,3.8,HONDA,CR-V 2.4 AT
2417,2014,41125,Petrol,Manual,First,17.92,1086,62.1,5.0,2.7,HYUNDAI,SANTRO XING GL PLUS
2418,2017,43812,Diesel,Automatic,First,15.0,2143,107.3,5.0,20.28,MERCEDES-BENZ,B CLASS B200 CDI
2419,2014,69876,Petrol,Manual,First,18.0,1198,86.7,5.0,3.9,HONDA,AMAZE S I-VTECH
2420,2014,102000,Diesel,Automatic,Second,12.55,2982,168.5,7.0,16.5,TOYOTA,FORTUNER 4X2 AT
2421,2011,68000,Petrol,Manual,First,17.01,1591,121.3,5.0,3.7,HYUNDAI,VERNA 1.6 VTVT
2422,2016,12000,Diesel,Automatic,First,10.5,2993,271.23,4.0,79.0,JAGUAR,XJ 3.0L PORTFOLIO
2423,2013,25000,Diesel,Automatic,First,22.69,1995,190,5.0,17.99,BMW,3 SERIES 320D
2424,2013,51873,Diesel,Manual,First,21.9,1396,88.76,5.0,3.9,HYUNDAI,I20 MAGNA 1.4 CRDI (DIESEL)
2425,2012,72500,Diesel,Manual,First,18.5,1399,68,5.0,3.12,FORD,FIGO DIESEL EXI OPTION
2426,2007,83000,Petrol,Manual,First,14.0,1061,64,5.0,1.65,MARUTI,WAGON R LXI BSIII
2427,2015,39871,Petrol,Manual,First,19.1,1197,81.86,5.0,3.5,HYUNDAI,XCENT 1.2 KAPPA S OPTION
2428,2015,82000,Diesel,Manual,Second,14.02,2179,118.3,7.0,4.85,MAHINDRA,XYLO H4
2429,2018,23152,Diesel,Automatic,First,19.27,2143,167.62,5.0,39.22,MERCEDES-BENZ,NEW C-CLASS C 220D AVANTGARDE EDITION C
2430,2007,71600,Petrol,Manual,Second,20.36,1197,78.9,5.0,2.0,HYUNDAI,I10 MAGNA
2431,2010,122000,Diesel,Manual,Second,11.5,2982,171,7.0,10.45,TOYOTA,FORTUNER 3.0 DIESEL
2432,2016,29277,Petrol,Automatic,First,19.16,2494,158.2,5.0,27.0,TOYOTA,CAMRY HYBRID
2433,2011,60000,Diesel,Manual,First,20.0,1399,68,5.0,2.25,FORD,FIGO DIESEL ZXI
2434,2014,42000,Petrol,Manual,First,19.1,1197,81.86,5.0,3.45,HYUNDAI,XCENT 1.2 KAPPA S OPTION
2435,2016,61823,Petrol,Manual,First,18.6,1197,81.83,5.0,6.14,HYUNDAI,I20 SPORTZ 1.2
2436,2012,53000,LPG,Manual,Second,19.2,1086,68.05,5.0,2.85,HYUNDAI,I10 MAGNA LPG
2437,2015,75000,CNG,Manual,First,24.6,1193,55.23,5.0,3.25,TATA,INDIGO CS EMAX CNG GLX
2438,2011,110000,Diesel,Manual,First,28.4,1248,73.75,5.0,4.0,MARUTI,DZIRE VDI
2439,2010,38446,Petrol,Manual,First,17.0,1497,118,5.0,2.59,HONDA,CITY 1.5 S MT
2440,2017,33000,Diesel,Manual,First,27.39,1248,74,5.0,6.96,MARUTI,BALENO DELTA 1.3
2441,2011,42118,Petrol,Manual,First,18.3,1197,,5.0,2.19,TOYOTA,ETIOS LIVA G
2442,2016,70000,Petrol,Manual,First,21.1,814,55.2,5.0,3.0,HYUNDAI,EON ERA PLUS
2443,2012,68038,Diesel,Manual,First,20.14,1498,88,5.0,3.6,VOLKSWAGEN,POLO 1.5 TDI HIGHLINE
2444,2014,55012,Diesel,Manual,Second,25.44,936,57.6,5.0,3.7,CHEVROLET,BEAT DIESEL LS
2445,2013,55000,Diesel,Automatic,First,22.48,1995,190,5.0,21.75,BMW,5 SERIES 520D LUXURY LINE
2446,2017,25000,Diesel,Automatic,First,17.9,2143,170,5.0,45.0,MERCEDES-BENZ,GLC 220D 4MATIC SPORT
2447,2011,46808,Petrol,Manual,Second,24.07,998,67.1,5.0,3.19,MARUTI,ALTO K10 VXI
2448,2015,65743,Petrol,Manual,First,20.14,1197,81.86,5.0,6.2,HYUNDAI,XCENT 1.2 VTVT S
2449,2013,64466,Petrol,Manual,First,19.81,1086,68.05,5.0,3.96,HYUNDAI,I10 MAGNA 1.1
2450,2009,75648,Diesel,Manual,First,13.5,1405,,5.0,0.82,TATA,INDICA DLS
2451,2016,80000,Diesel,Manual,First,23.4,1248,74,5.0,4.5,MARUTI,SWIFT DZIRE TOUR LDI
2452,2017,69000,Diesel,Manual,First,25.4,1186,73.97,5.0,3.55,HYUNDAI,XCENT 1.2 CRDI E PLUS
2453,2014,79200,Diesel,Manual,First,22.71,1461,84.8,5.0,5.5,NISSAN,SUNNY DIESEL XV
2454,2016,29477,Petrol,Manual,First,15.8,1591,121.3,5.0,10.25,HYUNDAI,CRETA 1.6 SX OPTION
2455,2017,40000,Diesel,Automatic,First,12.9,2755,174.5,7.0,30.0,TOYOTA,FORTUNER 2.8 2WD AT
2456,2014,25000,Petrol,Manual,Second,18.5,1197,85.80,5.0,3.5,MARUTI,RITZ VXI
2457,2014,67668,Diesel,Manual,First,23.08,1461,63.12,5.0,3.1,RENAULT,PULSE RXL
2458,2010,78000,Petrol,Manual,First,17.5,1198,75,5.0,3.25,SKODA,FABIA 1.2 MPI AMBIENTE PETROL
2459,2017,30000,Diesel,Manual,First,23.0,1498,98.96,5.0,8.99,FORD,ECOSPORT 1.5 DIESEL TITANIUM
2460,2015,70623,Petrol,Manual,First,15.04,1598,103.6,5.0,3.99,VOLKSWAGEN,VENTO PETROL COMFORTLINE
2461,2015,54000,Diesel,Manual,Second,19.01,1461,108.5,5.0,6.0,NISSAN,TERRANO XV 110 PS
2462,2015,48000,Diesel,Automatic,First,15.73,1968,174.33,5.0,18.25,AUDI,Q3 2012-2015 35 TDI QUATTRO PREMIUM
2463,2012,62000,Diesel,Manual,First,12.99,2494,100,7.0,7.75,TOYOTA,INNOVA 2.5 GX (DIESEL) 7 SEATER
2464,2017,47000,Petrol,Manual,Second,17.57,1193,88.7,5.0,4.5,TATA,ZEST REVOTRON 1.2T XE
2465,2014,171000,Diesel,Manual,First,11.5,2982,171,7.0,16.75,TOYOTA,FORTUNER 3.0 DIESEL
2466,2012,108000,Diesel,Automatic,First,16.09,1995,184,5.0,17.5,BMW,X3 XDRIVE20D
2467,2016,41000,Diesel,Manual,First,22.7,1598,118,5.0,7.7,MARUTI,SX4 S CROSS DDIS 320 ZETA
2468,2012,66000,Petrol,Manual,Second,17.0,1497,118,5.0,4.45,HONDA,CITY 1.5 S MT
2469,2015,144000,Diesel,Manual,First,26.59,1248,74,5.0,5.25,MARUTI,SWIFT DZIRE LDI
2470,2017,23806,Diesel,Automatic,First,22.69,1995,190,5.0,33.66,BMW,3 SERIES 320D M SPORT
2471,2013,89000,Petrol,Automatic,Second,19.34,1198,76,5.0,2.8,NISSAN,MICRA XV CVT
2472,2018,38852,Petrol,Automatic,First,21.4,1197,83.1,5.0,8.47,MARUTI,BALENO ZETA AUTOMATIC
2473,2018,68737,Diesel,Manual,First,26.21,1248,88.5,5.0,9.32,MARUTI,CIAZ ZDI PLUS
2474,2017,23106,Diesel,Automatic,First,17.9,2143,136,5.0,27.43,MERCEDES-BENZ,CLA 200 CDI STYLE
2475,2015,31250,Diesel,Manual,First,24.5,1498,98.6,7.0,6.5,HONDA,MOBILIO RS I DTEC
2476,2014,77795,Diesel,Manual,First,12.99,2494,100.6,8.0,9.5,TOYOTA,INNOVA 2.5 GX (DIESEL) 8 SEATER
2477,2015,47759,Diesel,Automatic,First,14.74,2993,270.9,5.0,31.8,JAGUAR,XF 3.0 LITRE S PREMIUM LUXURY
2478,2013,67620,Petrol,Manual,Second,17.6,1496,88.8,5.0,4.2,TOYOTA,ETIOS PETROL TRD SPORTIVO
2479,2013,44378,Diesel,Manual,First,25.44,936,57.6,5.0,3.85,CHEVROLET,BEAT DIESEL LS
2480,2012,64709,Petrol,Manual,Second,12.8,2354,177.6,5.0,6.0,HONDA,ACCORD 2.4 M/T
2481,2007,76161,Petrol,Manual,First,19.7,796,46.3,5.0,1.65,MARUTI,ALTO LXI
2482,2013,58410,Diesel,Automatic,First,19.3,1968,141,5.0,14.5,SKODA,OCTAVIA AMBITION 2.0 TDI AT
2483,2011,72000,Diesel,Manual,First,12.8,2494,102,7.0,7.1,TOYOTA,INNOVA 2.5 V DIESEL 7-SEATER
2484,2016,11000,Diesel,Automatic,First,17.11,1968,174.33,5.0,28.0,AUDI,A4 35 TDI PREMIUM SPORT
2485,2017,45362,Diesel,Manual,First,24.3,1248,88.5,5.0,9.38,MARUTI,VITARA BREZZA ZDI PLUS DUAL TONE
2486,2016,59767,Petrol,Manual,First,18.9,1197,82,5.0,4.78,HYUNDAI,GRAND I10 SPORTZ
2487,2003,70000,Petrol,Manual,Second,13.4,1794,125,5.0,1.7,TOYOTA,COROLLA DX
2488,2019,14233,Diesel,Automatic,First,17.6,2179,153.86,7.0,17.85,TATA,HEXA XTA
2489,2010,72000,Petrol,Manual,Second,17.0,1197,80,5.0,2.75,HYUNDAI,I20 2015-2017 1.2 ASTA
2490,2014,11000,Petrol,Manual,First,17.01,1591,121.3,5.0,5.95,HYUNDAI,VERNA 1.6 SX VTVT
2491,2011,39000,Petrol,Manual,First,14.0,796,35,5.0,1.5,MARUTI,OMNI 8 SEATER BSIV
2492,2019,19855,Petrol,Manual,First,24.7,796,47.3,5.0,3.8,MARUTI,ALTO 800 2016-2019 VXI
2493,2017,20149,Diesel,Automatic,First,19.27,2143,167.62,5.0,38.5,MERCEDES-BENZ,NEW C-CLASS C 220D AVANTGARDE EDITION C
2494,2011,70000,Petrol,Manual,First,19.81,1086,68.05,5.0,2.15,HYUNDAI,I10 ERA 1.1
2495,2010,62004,Petrol,Automatic,Second,14.67,1798,177.46,5.0,3.75,SKODA,SUPERB STYLE 1.8 TSI AT
2496,2016,25500,Diesel,Automatic,First,21.5,1498,108.5,5.0,8.95,VOLKSWAGEN,VENTO 1.5 TDI HIGHLINE AT
2497,2013,68800,Diesel,Manual,First,17.8,1248,,5.0,5.0,MARUTI,SWIFT VDI BSIV
2498,2010,61700,Petrol,Manual,First,14.8,1799,130.2,5.0,2.95,HONDA,CIVIC 2010-2013 1.8 V MT
2499,2010,59660,Petrol,Automatic,First,12.05,1995,154,5.0,10.49,BMW,3 SERIES 320I SEDAN
2500,2007,69775,Petrol,Manual,Second,17.92,1086,62.1,5.0,1.85,HYUNDAI,SANTRO XING GLS
2501,2016,51787,Diesel,Manual,First,17.8,1248,,5.0,6.45,MARUTI,SWIFT VDI BSIV
2502,2009,88000,Petrol,Automatic,First,11.1,2354,142,5.0,5.25,HONDA,ACCORD 2001-2003 2.3 VTI L AT
2503,2014,47052,Diesel,Manual,First,20.77,1248,88.76,7.0,5.99,MARUTI,ERTIGA VDI
2504,2015,69749,Diesel,Manual,First,18.6,1388,67,5.0,3.82,FORD,FIESTA CLASSIC 1.4 DURATORQ LXI
2505,2012,79000,Diesel,Automatic,First,12.07,2967,241.4,7.0,39.0,AUDI,Q7 3.0 TDI QUATTRO PREMIUM PLUS
2506,2016,39644,Diesel,Automatic,First,17.11,1968,174.33,5.0,25.75,AUDI,A4 35 TDI PREMIUM
2507,2012,137800,Diesel,Manual,First,22.3,1248,74,5.0,2.2,TATA,INDICA VISTA QUADRAJET VX
2508,2008,120000,Diesel,Manual,Second,18.1,1493,110,5.0,2.0,HYUNDAI,VERNA CRDI ABS
2509,2018,11000,Diesel,Automatic,First,16.1,1950,194,5.0,56.5,MERCEDES-BENZ,E-CLASS E 220 D
2510,2014,18600,Diesel,Automatic,Second,22.69,1995,190,5.0,21.0,BMW,3 SERIES 320D LUXURY LINE
2511,2014,116905,Diesel,Manual,First,24.0,1120,70,5.0,4.0,HYUNDAI,GRAND I10 CRDI ASTA
2512,2011,32824,Petrol,Automatic,First,16.95,1197,78.9,5.0,3.83,HYUNDAI,I10 SPORTZ AT
2513,2016,19148,Petrol,Manual,First,16.1,1197,85,5.0,5.89,MARUTI,SWIFT VXI BSIV
2514,2010,35008,Petrol,Manual,First,17.92,1086,62.1,5.0,1.36,HYUNDAI,SANTRO XING GLS
2515,2013,21000,Diesel,Automatic,Second,17.54,2993,313,4.0,44.0,BMW,6 SERIES GRAN COUPE
2516,2014,53000,CNG,Manual,First,22.1,1586,85.7,5.0,3.26,MARUTI,SX4 GREEN VXI (CNG)
2517,2016,36000,Petrol,Manual,First,17.43,1396,105.5,5.0,8.0,HYUNDAI,VERNA 1.4 VTVT
2518,2012,56121,Diesel,Manual,First,23.4,1248,74,5.0,4.25,MARUTI,SWIFT DZIRE ZDI
2519,2018,30000,Diesel,Manual,First,28.4,1248,74,5.0,6.0,MARUTI,SWIFT VDI
2520,2016,31021,Diesel,Automatic,First,19.5,1968,141,5.0,16.61,SKODA,OCTAVIA 2.0 TDI AT STYLE PLUS
2521,2013,52600,Diesel,Manual,First,19.6,1461,108.45,5.0,7.26,RENAULT,DUSTER 110PS DIESEL RXL
2522,2005,60000,Diesel,Manual,First,10.5,2179,120,8.0,4.0,MAHINDRA,SCORPIO 2.6 CRDE
2523,2016,44001,Diesel,Automatic,First,18.12,1995,190,5.0,34.51,BMW,5 SERIES 2013-2017 520D LUXURY LINE
2524,2003,101000,Petrol,Manual,Third,17.3,1061,64,5.0,0.95,MARUTI,WAGON R VXI BSIII
2525,2007,84169,Petrol,Manual,First,14.0,1061,64,5.0,2.2,MARUTI,WAGON R LXI BSIII
2526,2017,14001,Petrol,Manual,First,18.6,1197,81.83,5.0,5.75,HYUNDAI,I20 SPORTZ 1.2
2527,2005,100000,CNG,Manual,Third,17.0,1086,,5.0,1.2,HYUNDAI,SANTRO XING XO CNG
2528,2016,59000,Diesel,Automatic,First,18.0,2993,255,7.0,36.75,LAND,ROVER DISCOVERY SE 3.0 TD6
2529,2009,29000,Petrol,Automatic,Second,11.7,1796,178,5.0,10.0,MERCEDES-BENZ,NEW C-CLASS 230 AVANTGARDE
2530,2014,64158,Diesel,Automatic,First,18.48,,,,17.89,BMW,5 SERIES 520D SEDAN
2531,2012,38800,Diesel,Manual,First,21.64,1461,84.8,5.0,4.05,NISSAN,SUNNY 2011-2014 DIESEL XV
2532,2011,98000,Diesel,Automatic,First,12.07,2967,241.4,7.0,22.0,AUDI,Q7 3.0 TDI QUATTRO
2533,2017,20969,Diesel,Automatic,First,17.9,2143,136,5.0,27.87,MERCEDES-BENZ,CLA 200 CDI SPORT
2534,2018,2900,Diesel,Manual,First,24.3,1248,88.5,5.0,8.75,MARUTI,VITARA BREZZA ZDI
2535,2016,69000,Diesel,Manual,First,19.3,1248,73.9,5.0,4.79,MARUTI,SWIFT DZIRE VDI BSIV
2536,2018,5833,Diesel,Manual,First,21.13,1498,108.4,5.0,11.92,SKODA,RAPID 1.5 TDI AMBITION
2537,2016,28733,Diesel,Automatic,Second,12.07,2967,241.4,7.0,53.11,AUDI,Q7 35 TDI QUATTRO TECHNOLOGY
2538,2006,145000,Petrol,Manual,First,18.9,998,67.1,5.0,1.15,MARUTI,WAGON R LXI
2539,2014,71000,Diesel,Manual,First,25.1,1498,98.6,5.0,7.45,HONDA,CITY I DTEC VX OPTION
2540,2017,12000,Petrol,Manual,First,21.1,814,55.2,5.0,3.5,HYUNDAI,EON MAGNA PLUS
2541,2018,21603,Diesel,Automatic,First,13.0,2987,265,5.0,70.15,MERCEDES-BENZ,E-CLASS 2015-2017 E350 CDI AVANTGRADE
2542,2011,65000,Petrol,Manual,Second,0.0,,,,3.15,HYUNDAI,SANTRO GLS II - EURO II
2543,2013,58000,Diesel,Automatic,First,13.2,1995,170,5.0,19.5,BMW,3 SERIES 320D
2544,2012,39000,Petrol,Automatic,Second,12.05,1995,154,5.0,15.0,BMW,3 SERIES 318I SEDAN
2545,2017,37712,Diesel,Manual,First,17.45,1493,100,7.0,7.57,MAHINDRA,NUVOSPORT N8
2546,2012,68000,Petrol,Manual,First,18.5,1197,85.80,5.0,4.4,MARUTI,RITZ VXI
2547,2016,25000,Diesel,Automatic,First,15.87,2993,308.43,5.0,60.0,BMW,X6 XDRIVE 40D M SPORT
2548,2010,30000,Petrol,Manual,First,18.6,1199,79.4,5.0,1.6,CHEVROLET,BEAT LT
2549,2014,68218,Petrol,Manual,First,19.1,1197,85.8,5.0,4.9,MARUTI,SWIFT DZIRE VXI
2550,2014,52000,Diesel,Manual,First,20.77,1248,88.8,7.0,5.95,MARUTI,ERTIGA ZDI
2551,2015,63591,Diesel,Manual,First,20.45,1461,83.8,5.0,5.35,RENAULT,DUSTER 85PS DIESEL RXL
2552,2014,57937,Petrol,Automatic,First,15.5,1198,86.7,5.0,5.4,HONDA,AMAZE VX AT I-VTECH
2553,2015,21979,Diesel,Automatic,First,17.11,1968,174.33,5.0,23.45,AUDI,A4 2.0 TDI PREMIUM SPORT LIMITED EDITION
2554,2002,99000,Diesel,Manual,Second,18.7,1896,66,5.0,1.9,SKODA,OCTAVIA AMBIENTE 1.9 TDI MT
2555,2016,62000,Diesel,Manual,First,25.8,1498,98.6,5.0,6.1,HONDA,AMAZE E I-DTECH
2556,2006,127001,Diesel,Manual,First,12.8,2494,102,8.0,4.95,TOYOTA,INNOVA 2.5 EV DIESEL MS 8 STR BSIII
2557,2013,84600,Petrol,Manual,Second,21.1,814,55.2,5.0,2.5,HYUNDAI,EON D LITE PLUS
2558,2018,30953,Petrol,Manual,First,22.7,799,53.64,5.0,3.48,DATSUN,REDI-GO T OPTION
2559,2012,78000,Diesel,Manual,First,22.9,1248,74,5.0,4.4,MARUTI,SWIFT VDI
2560,2008,85000,Diesel,Manual,First,9.5,2835,118.6,6.0,7.99,MITSUBISHI,PAJERO 2.8 GLX SPORTS
2561,2008,79000,Diesel,Automatic,First,13.1,2400,215,5.0,10.99,VOLVO,S80 D5
2562,2014,79000,Diesel,Automatic,First,12.55,2982,168.5,7.0,18.5,TOYOTA,FORTUNER 4X2 AT
2563,2018,48188,Diesel,Manual,First,16.3,1956,170,5.0,21.69,JEEP,COMPASS 2.0 LIMITED 4X4
2564,2014,67557,Diesel,Manual,First,23.4,1248,74,5.0,5.17,MARUTI,SWIFT DZIRE VDI
2565,2011,103814,Diesel,Manual,Second,22.32,1582,126.32,5.0,4.5,HYUNDAI,VERNA 1.6 SX
2566,2014,45128,Diesel,Manual,First,12.05,2179,120,8.0,6.75,MAHINDRA,SCORPIO VLX 2WD BSIV
2567,2013,56075,Petrol,Manual,First,19.81,1086,68.05,5.0,3.12,HYUNDAI,I10 ERA
2568,2011,166000,Diesel,Manual,First,12.99,2494,100.6,8.0,8.25,TOYOTA,INNOVA 2.5 G (DIESEL) 8 SEATER
2569,2017,65367,Diesel,Automatic,First,11.36,2755,171.5,7.0,20.14,TOYOTA,INNOVA CRYSTA 2.8 ZX AT
2570,2013,114708,Diesel,Manual,First,12.99,2494,100,8.0,12.6,TOYOTA,INNOVA 2.5 G (DIESEL) 8 SEATER
2571,2015,35082,Diesel,Manual,First,23.4,1248,74,5.0,6.61,MARUTI,SWIFT DZIRE ZDI
2572,2016,38593,Diesel,Automatic,First,17.01,1582,126.2,5.0,13.23,HYUNDAI,CRETA 1.6 CRDI AT SX PLUS
2573,2008,70700,Diesel,Manual,First,12.99,2494,100,8.0,4.75,TOYOTA,INNOVA 2.5 G (DIESEL) 8 SEATER BS IV
2574,2011,83000,Diesel,Manual,Second,20.54,1598,103.6,5.0,2.9,VOLKSWAGEN,VENTO DIESEL HIGHLINE
2575,2015,120000,Diesel,Manual,First,14.8,2499,80,10.0,5.5,CHEVROLET,TAVERA LS B3 10 SEATS BSIII
2576,2014,91586,Diesel,Automatic,Second,11.18,2696,184,7.0,9.47,MAHINDRA,SSANGYONG REXTON RX7
2577,2008,38235,Petrol,Manual,First,20.36,1197,78.9,5.0,1.95,HYUNDAI,I10 MAGNA
2578,2011,37000,Petrol,Manual,First,20.36,1197,78.9,5.0,2.2,HYUNDAI,I10 SPORTZ 1.2
2579,2006,50888,Petrol,Manual,First,17.0,1086,,5.0,1.15,HYUNDAI,SANTRO XING XG ERLX EURO III
2580,2013,44000,Petrol,Manual,Second,18.0,1198,86.7,5.0,4.35,HONDA,AMAZE S I-VTECH
2581,2016,54000,Petrol,Automatic,First,23.1,998,67.04,5.0,4.5,MARUTI,CELERIO ZXI AT
2582,2013,90000,Petrol,Manual,First,18.9,1197,82,5.0,3.55,HYUNDAI,GRAND I10 ASTA
2583,2015,35000,Diesel,Manual,First,19.3,1248,73.9,5.0,4.75,MARUTI,SWIFT DZIRE VDI
2584,2012,47324,Petrol,Manual,Second,20.36,1197,78.9,5.0,4.52,HYUNDAI,I10 SPORTZ
2585,2012,65148,Diesel,Automatic,First,15.06,1995,177,5.0,12.75,BMW,X1 SDRIVE 20D EXCLUSIVE
2586,2014,57773,Diesel,Automatic,Second,17.11,1968,174.33,5.0,20.04,AUDI,A4 2.0 TDI 177 BHP PREMIUM PLUS
2587,2014,87000,Diesel,Manual,First,20.45,1461,83.8,5.0,6.5,NISSAN,TERRANO XL 85 PS
2588,2007,179032,Diesel,Manual,First,11.56,3200,199.3,7.0,7.5,MITSUBISHI,MONTERO 3.2 GLS
2589,2016,8000,Petrol,Automatic,First,22.5,998,67,5.0,4.15,MARUTI,WAGON R VXI AMT
2590,2007,77000,Petrol,Manual,First,13.5,1799,130,5.0,2.5,HONDA,CIVIC 2006-2010 1.8 (E) MT
2591,2016,20600,Petrol,Manual,First,18.6,1197,81.83,5.0,5.4,HYUNDAI,I20 2015-2017 MAGNA 1.2
2592,2016,13198,Petrol,Manual,First,24.07,998,67.1,5.0,3.15,MARUTI,ALTO K10 VXI
2593,2015,21000,Diesel,Automatic,Second,12.07,2967,241.4,7.0,52.5,AUDI,Q7 35 TDI QUATTRO TECHNOLOGY
2594,2016,38000,Petrol,Manual,First,18.6,1197,81.83,5.0,5.95,HYUNDAI,I20 SPORTZ OPTION 1.2
2595,2019,15379,Petrol,Automatic,First,23.84,1199,83.83,5.0,6.97,TATA,TIAGO AMT 1.2 REVOTRON XZA
2596,2011,60000,Petrol,Manual,First,20.36,1197,78.9,5.0,3.2,HYUNDAI,I10 SPORTZ 1.2
2597,2007,70000,Petrol,Manual,First,0.0,1086,,5.0,1.12,HYUNDAI,SANTRO XING XP
2598,2013,75371,Diesel,Manual,First,20.46,1461,83.8,5.0,6.69,RENAULT,DUSTER 85PS DIESEL RXL OPTIONAL
2599,2014,60000,Diesel,Manual,Second,13.49,2179,138.03,5.0,5.9,TATA,XENON XT EX 4X4
2600,2009,30675,Petrol,Manual,First,18.5,1197,80,5.0,2.25,HYUNDAI,I20 MAGNA
2601,2013,22000,Diesel,Manual,First,23.4,1248,74,5.0,4.5,MARUTI,SWIFT DZIRE VDI
2602,2015,55000,Petrol,Manual,First,22.0,814,55,5.0,2.61,HYUNDAI,EON MAGNA
2603,2010,74213,Diesel,Automatic,First,14.84,2143,170,5.0,11.5,MERCEDES-BENZ,NEW C-CLASS 220 CDI AT
2604,2016,15000,Petrol,Automatic,First,16.82,1998,189.08,4.0,35.0,MINI,COOPER CONVERTIBLE S
2605,2010,57000,Petrol,Manual,First,26.0,624,35,4.0,0.5,TATA,NANO CX
2606,2015,62144,Diesel,Manual,Second,26.21,1248,88.5,5.0,5.75,MARUTI,CIAZ ZDI PLUS
2607,2017,50000,Diesel,Manual,First,22.0,1582,126.2,5.0,11.5,HYUNDAI,VERNA CRDI 1.6 SX OPTION
2608,2015,38000,Petrol,Manual,First,21.1,814,55.2,5.0,2.75,HYUNDAI,EON ERA PLUS
2609,2016,30000,Diesel,Automatic,Second,18.12,1995,190,5.0,31.5,BMW,5 SERIES 2013-2017 520D LUXURY LINE
2610,2016,38735,Petrol,Manual,First,19.4,1198,86.8,5.0,4.92,HONDA,BRIO S MT
2611,2012,23598,Diesel,Manual,First,23.2,1248,73.94,5.0,3.52,MARUTI,RITZ VDI
2612,2014,70000,Diesel,Automatic,First,18.88,1995,184,5.0,17.55,BMW,3 SERIES 320D PRESTIGE
2613,2016,39000,Diesel,Manual,First,26.59,1248,74,5.0,5.8,MARUTI,SWIFT DZIRE LDI
2614,2013,84175,Diesel,Manual,First,23.4,1248,74,5.0,6.95,MARUTI,SWIFT DZIRE VDI
2615,2013,45000,Petrol,Manual,First,16.95,1498,97.6,5.0,2.4,RENAULT,SCALA RXL
2616,2013,59302,Diesel,Automatic,First,14.39,1998,163.7,5.0,5.25,CHEVROLET,CRUZE LTZ AT
2617,2012,55002,Petrol,Manual,First,17.5,1298,85.8,5.0,4.25,MARUTI,SWIFT DZIRE ZXI
2618,2008,128813,Diesel,Manual,First,19.09,1396,69,5.0,1.5,TATA,INDIGO CS LX (TDI) BS III
2619,2016,46522,Diesel,Manual,First,24.0,1120,70,5.0,4.5,HYUNDAI,GRAND I10 CRDI SPORTZ
2620,2014,180000,Diesel,Manual,First,22.3,1248,74,5.0,2.5,TATA,INDICA VISTA QUADRAJET LS
2621,2006,89326,Diesel,Manual,Third,17.8,1399,68,5.0,1.55,FORD,FIESTA 1.4 TDCI EXI
2622,2016,54000,Diesel,Manual,First,19.87,1461,83.8,5.0,6.5,RENAULT,DUSTER 85PS DIESEL RXE
2623,2012,95000,Diesel,Automatic,Second,18.48,,,,18.0,BMW,5 SERIES 520D SEDAN
2624,2015,66337,Diesel,Manual,First,24.0,1120,70,5.0,4.96,HYUNDAI,GRAND I10 CRDI SPORTZ EDITION
2625,2012,60000,Petrol,Manual,First,19.4,1198,86.8,5.0,3.25,HONDA,BRIO S MT
2626,2010,38001,Petrol,Automatic,First,12.3,1781,163.2,5.0,8.5,AUDI,A4 1.8 TFSI
2627,2014,73000,Petrol,Manual,Second,24.7,796,47.3,5.0,2.75,MARUTI,ALTO 800 2016-2019 LXI
2628,2011,61000,Petrol,Manual,Second,16.2,1599,103.2,5.0,3.4,HYUNDAI,VERNA TRANSFORM SX VTVT
2629,2013,120000,Diesel,Manual,First,20.77,1248,88.8,7.0,7.0,MARUTI,ERTIGA ZDI
2630,2012,71787,Petrol,Manual,First,12.9,1598,102.5,5.0,3.21,CHEVROLET,OPTRA MAGNUM 1.6 LT ABS BS3
2631,2016,11554,Diesel,Manual,First,19.67,1582,126.2,5.0,14.25,HYUNDAI,CRETA 1.6 CRDI SX OPTION
2632,2014,90000,Diesel,Manual,First,20.34,1498,103.2,5.0,6.5,VOLKSWAGEN,VENTO 1.5 TDI HIGHLINE
2633,2014,48104,Petrol,Manual,First,17.4,1497,117.3,5.0,5.49,HONDA,CITY I VTEC SV
2634,2005,91000,Petrol,Manual,Third,16.8,1341,83,5.0,0.8,HYUNDAI,GETZ GLS ABS
2635,2007,58815,Petrol,Manual,First,17.0,1086,,5.0,1.99,HYUNDAI,SANTRO XING XG ERLX EURO III
2636,2015,33931,Petrol,Automatic,Second,18.9,1197,82,5.0,5.91,HYUNDAI,GRAND I10 AT ASTA
2637,2019,13916,Petrol,Manual,First,18.9,1197,81.86,5.0,6.44,HYUNDAI,GRAND I10 1.2 KAPPA SPORTZ OPTION
2638,2012,90400,CNG,Manual,First,26.2,998,58.2,5.0,2.9,MARUTI,WAGON R LXI CNG
2639,2015,14000,Petrol,Manual,First,18.9,1197,82,5.0,4.6,HYUNDAI,GRAND I10 SPORTZ
2640,2007,121000,Diesel,Manual,Second,17.8,1248,,5.0,2.35,MARUTI,SWIFT VDI BSIV
2641,2016,17560,Petrol,Manual,First,18.6,1197,81.83,5.0,7.21,HYUNDAI,I20 ASTA 1.2
2642,2016,60000,Diesel,Manual,First,19.87,1461,83.8,5.0,8.0,RENAULT,DUSTER 85PS DIESEL RXL
2643,2009,88096,Diesel,Manual,Second,19.3,1248,73.9,5.0,3.5,MARUTI,SWIFT DZIRE VDI
2644,2008,178280,Diesel,Manual,First,12.8,2494,102,8.0,5.9,TOYOTA,INNOVA 2.5 G (DIESEL) 8 SEATER BS IV
2645,2015,19963,Petrol,Manual,Second,25.4,624,37.5,4.0,1.74,TATA,NANO TWIST XT
2646,2019,1000,Petrol,Manual,First,18.12,1196,86.8,5.0,6.8,FORD,FIGO 2015-2019 1.2P SPORTS EDITION MT
2647,2017,8000,Petrol,Manual,First,18.6,1197,81.83,5.0,7.5,HYUNDAI,I20 1.2 ASTA OPTION
2648,2016,9200,Petrol,Manual,First,15.4,1497,117.3,7.0,8.0,HONDA,BRV I-VTEC V MT
2649,2015,29000,Diesel,Manual,First,27.4,1498,98.6,5.0,5.99,HONDA,AMAZE S DIESEL
2650,2017,27000,Diesel,Manual,First,19.67,1582,126.2,5.0,12.9,HYUNDAI,CRETA 1.6 CRDI SX
2651,2018,22900,Petrol,Manual,First,21.4,1197,83.1,5.0,7.0,MARUTI,BALENO ZETA 1.2
2652,2014,50000,Diesel,Automatic,First,14.16,1968,174.3,5.0,35.0,AUDI,Q5 2.0 TDI TECHNOLOGY
2653,2015,60207,Diesel,Manual,First,25.8,1498,98.6,5.0,5.5,HONDA,AMAZE S I-DTEC
2654,2010,101119,Diesel,Automatic,First,11.0,2993,235,5.0,18.46,BMW,X5 3.0D
2655,2010,42000,Petrol,Manual,First,15.6,1196,70,5.0,2.4,FORD,FIGO PETROL TITANIUM
2656,2002,93000,Petrol,Manual,Third,18.9,998,67.1,5.0,1.0,MARUTI,WAGON R VXI
2657,2012,60000,Petrol,Manual,Second,19.81,1086,68.05,5.0,2.65,HYUNDAI,I10 ERA
2658,2015,66122,Diesel,Automatic,First,21.66,1498,103.52,5.0,5.96,SKODA,RAPID 1.5 TDI AT ELEGANCE
2659,2015,25100,Diesel,Automatic,First,17.85,2967,300,4.0,75.0,PORSCHE,PANAMERA DIESEL
2660,2017,24733,Petrol,Automatic,First,15.04,1991,183,5.0,27.15,MERCEDES-BENZ,CLA 200 SPORT EDITION
2661,2008,41000,Petrol,Automatic,Second,10.4,2773,201,5.0,10.5,AUDI,A6 2.8 FSI
2662,2015,30000,Petrol,Manual,First,20.73,1373,91.1,5.0,6.7,MARUTI,CIAZ ZXI PLUS
2663,2013,36000,Diesel,Manual,First,22.7,1498,89.84,5.0,4.9,FORD,ECOSPORT 1.5 DV5 MT TITANIUM
2664,2017,40279,Diesel,Manual,First,16.5,1493,70,7.0,8.0,MAHINDRA,BOLERO MHAWK D70 ZLX
2665,2018,46805,Petrol,Manual,First,24.07,998,67.1,5.0,3.63,MARUTI,ALTO K10 VXI
2666,2015,60000,Petrol,Manual,First,17.5,1197,85.8,5.0,4.8,MARUTI,SWIFT DZIRE 1.2 VXI BSIV
2667,2017,100000,Petrol,Manual,First,17.57,1193,88.7,5.0,4.25,TATA,ZEST REVOTRON 1.2T XE
2668,2014,32986,Petrol,Manual,First,16.1,,,,4.24,MARUTI,SWIFT 1.3 VXI
2669,2018,51530,Diesel,Automatic,First,10.91,3198,197.2,7.0,30.27,FORD,ENDEAVOUR 3.2 TREND AT 4X4
2670,2013,81456,Diesel,Manual,First,15.8,2148,170,5.0,14.25,MERCEDES-BENZ,NEW C-CLASS C 220 CDI CLASSIC
2671,2012,37229,Petrol,Automatic,First,16.95,1197,78.9,5.0,3.41,HYUNDAI,I10 SPORTZ AT
2672,2009,73200,Petrol,Manual,First,17.0,1497,118,5.0,2.78,HONDA,CITY 1.5 S MT
2673,2015,71826,Diesel,Automatic,First,19.3,1968,141,5.0,15.5,SKODA,OCTAVIA ELEGANCE 2.0 TDI AT
2674,2017,129000,Diesel,Manual,First,25.0,1396,69,5.0,3.0,TATA,INDICA V2 ELS
2675,2012,82000,Petrol,Manual,First,18.9,998,67.1,5.0,2.3,MARUTI,WAGON R VXI BSII
2676,2017,40459,Diesel,Manual,First,19.67,1582,126.2,5.0,13.28,HYUNDAI,CRETA 1.6 CRDI SX
2677,2009,61964,Petrol,Manual,First,19.0,998,66.1,5.0,2.25,MARUTI,A-STAR LXI
2678,2011,15466,Petrol,Manual,First,22.5,998,67.04,5.0,3.36,MARUTI,WAGON R LXI
2679,2014,23000,Petrol,Manual,First,17.3,1497,117.3,7.0,4.25,HONDA,MOBILIO E I VTEC
2680,2012,43766,Petrol,Manual,First,20.36,1197,78.9,5.0,4.3,HYUNDAI,I10 MAGNA
2681,2010,54000,Petrol,Automatic,First,0.0,3597,262.6,5.0,6.0,SKODA,SUPERB 3.6 V6 FSI
2682,2018,18521,Diesel,Manual,First,22.54,1396,88.73,5.0,9.18,HYUNDAI,I20 1.4 SPORTZ
2683,2017,26400,Petrol,Manual,First,23.1,998,67.04,5.0,4.99,MARUTI,CELERIO ZXI OPTIONAL
2684,2011,31900,Petrol,Manual,First,13.4,1798,157.8,5.0,3.75,SKODA,LAURA 1.8 TSI AMBIENTE
2685,2010,39000,Diesel,Manual,First,20.0,1399,68,5.0,2.5,FORD,FIGO DIESEL LXI
2686,2016,45671,Diesel,Manual,First,27.3,1498,98.6,5.0,7.2,HONDA,JAZZ 1.5 VX I DTEC
2687,2016,39500,Diesel,Automatic,First,15.0,2143,204,5.0,29.5,MERCEDES-BENZ,E-CLASS 2015-2017 E250 EDITION E
2688,2015,54000,Diesel,Automatic,First,17.9,2143,136,5.0,17.55,MERCEDES-BENZ,GLA CLASS 200 CDI SPORT
2689,2012,20000,Diesel,Automatic,First,18.5,1985,163,5.0,12.0,VOLVO,S60 D3
2690,2009,55000,Diesel,Automatic,First,11.8,2967,246.7,5.0,13.5,AUDI,A8 L 3.0 TDI QUATTRO
2691,2014,48000,Diesel,Automatic,First,22.32,1582,126.32,5.0,5.1,HYUNDAI,VERNA 1.6 SX CRDI (O) AT
2692,2011,70000,Diesel,Automatic,First,22.69,1995,190,5.0,10.3,BMW,3 SERIES 320D
2693,2014,62000,Diesel,Manual,First,22.32,1582,126.32,5.0,5.7,HYUNDAI,VERNA 1.6 SX
2694,2014,41994,Petrol,Manual,First,22.5,998,67.04,5.0,3.41,MARUTI,WAGON R VXI
2695,2010,108882,Diesel,Manual,Second,20.0,1399,68,5.0,2.4,FORD,FIGO DIESEL EXI
2696,2017,24806,Petrol,Manual,First,18.15,1198,82,6.0,5.6,MAHINDRA,KUV 100 MFALCON G80 K2
2697,2006,160000,Diesel,Manual,First,17.0,1405,70,5.0,1.0,TATA,INDIGO LS
2698,2017,30000,Diesel,Automatic,First,18.49,1493,100,7.0,8.2,MAHINDRA,TUV 300 T8 AMT
2699,2015,51000,Diesel,Automatic,First,15.17,1968,181,5.0,27.5,AUDI,Q3 35 TDI QUATTRO PREMIUM PLUS
2700,2015,64876,Petrol,Manual,First,21.5,1197,81.80,5.0,3.5,MARUTI,WAGON R VXI 1.2
2701,2016,70536,CNG,Manual,First,31.79,998,58.33,5.0,4.58,MARUTI,CELERIO CNG VXI MT
2702,2017,25299,Diesel,Manual,First,24.3,1248,88.5,5.0,10.34,MARUTI,VITARA BREZZA ZDI PLUS DUAL TONE
2703,2006,89869,Diesel,Manual,First,12.7,2609,116.6,8.0,3.25,MAHINDRA,SCORPIO DX 2.6 TURBO 8 STR
2704,2007,103515,Diesel,Manual,Third,12.6,1991,112,7.0,5.0,HYUNDAI,TUCSON CRDI
2705,2008,68282,Petrol,Manual,First,17.92,1086,62.1,5.0,2.25,HYUNDAI,SANTRO XING GLS
2706,2014,60033,Diesel,Automatic,First,18.18,2967,250,4.0,51.52,PORSCHE,PANAMERA DIESEL 250HP
2707,2018,51921,Diesel,Manual,First,24.3,1248,88.5,5.0,8.62,MARUTI,VITARA BREZZA VDI OPTION
2708,2017,18414,Diesel,Manual,First,23.4,1248,74,5.0,7.25,MARUTI,SWIFT DZIRE VDI
2709,2016,40866,Petrol,Manual,First,19.5,1199,86.76,5.0,5.47,HONDA,AMAZE V PETROL
2710,2014,55001,Diesel,Automatic,First,16.36,2179,187.7,5.0,31.0,JAGUAR,XF 2.2 LITRE LUXURY
2711,2017,20469,Petrol,Automatic,First,16.82,1998,189.08,4.0,35.98,MINI,COOPER CONVERTIBLE S
2712,2017,8500,Petrol,Manual,First,21.1,814,55.2,5.0,3.42,HYUNDAI,EON ERA PLUS
2713,2008,45000,Diesel,Automatic,Second,16.77,2967,241.38,5.0,11.5,AUDI,A6 3.0 TDI QUATTRO
2714,2016,6000,Petrol,Manual,First,17.19,1197,81.86,5.0,7.25,HYUNDAI,I20 ACTIVE 1.2 SX DUAL TONE
2715,2018,11000,Diesel,Manual,First,28.4,1248,74,5.0,8.0,MARUTI,SWIFT AMT DDIS VDI
2716,2015,80064,Diesel,Manual,First,22.7,1498,89.84,5.0,7.33,FORD,ECOSPORT 1.5 DV5 MT TITANIUM
2717,2016,29930,Petrol,Manual,First,18.9,998,67.1,5.0,3.35,MARUTI,WAGON R VXI BS IV WITH ABS
2718,2013,49105,Diesel,Manual,First,20.34,1498,103.2,5.0,4.4,VOLKSWAGEN,VENTO 1.5 TDI HIGHLINE
2719,2012,55000,Petrol,Manual,First,17.6,1496,88.7,5.0,2.99,TOYOTA,ETIOS VX
2720,2015,23000,Petrol,Manual,First,18.7,1199,88.7,5.0,5.6,HONDA,JAZZ 1.2 SV I VTEC
2721,2016,54727,Diesel,Manual,First,20.14,1498,88.73,5.0,6.63,VOLKSWAGEN,CROSSPOLO 1.5 TDI
2722,2018,31426,Diesel,Manual,First,21.66,1498,108.62,5.0,7.9,VOLKSWAGEN,AMEO 1.5 TDI HIGHLINE
2723,2015,53442,Petrol,Manual,First,16.8,1497,116.3,5.0,7.0,HONDA,CITY V MT EXCLUSIVE
2724,2014,28000,Petrol,Automatic,First,16.5,1198,86.8,5.0,4.95,HONDA,BRIO VX AT
2725,2017,13412,Petrol,Automatic,First,14.3,1598,103.52,5.0,9.19,SKODA,RAPID 1.6 MPI AT STYLE
2726,2011,70000,Diesel,Manual,First,16.8,1493,110,5.0,5.1,HYUNDAI,VERNA CRDI
2727,2015,81310,Diesel,Manual,First,21.19,1396,88.76,5.0,5.9,HYUNDAI,I20 ACTIVE S DIESEL
2728,2019,13574,Petrol,Automatic,First,21.4,1197,83.1,5.0,9.51,MARUTI,BALENO ALPHA CVT
2729,2008,75000,Petrol,Manual,Second,11.1,2354,158.8,5.0,3.9,HONDA,CR-V 2.4L 4WD MT
2730,2014,58310,Petrol,Manual,Second,19.1,1197,85.8,5.0,5.39,MARUTI,SWIFT DZIRE VXI
2731,2009,90000,Diesel,Manual,Second,19.3,1248,73.9,5.0,3.0,MARUTI,SWIFT DZIRE VDI
2732,2012,83000,Diesel,Manual,First,23.4,1248,74,5.0,4.3,MARUTI,SWIFT DZIRE ZDI
2733,2017,37282,Petrol,Manual,First,20.85,1197,83.14,5.0,6.75,MARUTI,SWIFT DZIRE ZXI
2734,2017,23000,Petrol,Manual,First,18.9,1197,82,5.0,4.5,HYUNDAI,GRAND I10 SPORTZ
2735,2010,82000,Diesel,Manual,First,17.8,1399,68,5.0,2.75,FORD,FIESTA 1.4 ZXI TDCI ABS
2736,2016,31000,Diesel,Manual,First,23.9,1582,126.2,5.0,9.0,HYUNDAI,VERNA 1.6 CRDI S
2737,2001,200000,Petrol,Manual,First,12.0,,,,0.7,MARUTI,WAGON R VX
2738,2014,45001,Diesel,Manual,Second,20.0,1399,68.05,5.0,2.55,FORD,FIGO DIESEL EXI
2739,2014,50446,Diesel,Manual,First,21.12,1248,88.8,5.0,3.54,TATA,MANZA AQUA QUADRAJET BS IV
2740,2009,89000,Petrol,Manual,First,13.5,1799,130,5.0,4.25,HONDA,CIVIC 2006-2010 1.8 S MT
2741,2007,72000,Petrol,Manual,Second,19.7,796,46.3,5.0,1.2,MARUTI,ALTO LX BSIII
2742,2013,90000,Diesel,Automatic,First,22.48,1995,190,5.0,19.5,BMW,5 SERIES 520D LUXURY LINE
2743,2015,76000,Diesel,Manual,Second,16.0,2179,140,7.0,12.0,MAHINDRA,XUV500 W8 2WD
2744,2012,78401,Diesel,Manual,First,23.2,1248,73.94,5.0,3.9,MARUTI,RITZ VDI
2745,2017,38426,Diesel,Manual,First,24.3,1248,88.5,5.0,9.13,MARUTI,VITARA BREZZA ZDI PLUS
2746,2011,45000,Petrol,Manual,First,15.1,1196,73,7.0,2.25,MARUTI,EECO 7 SEATER STANDARD
2747,2012,83000,Petrol,Manual,First,17.5,1197,85.8,5.0,3.25,MARUTI,SWIFT DZIRE 1.2 VXI BSIV
2748,2017,50170,Diesel,Automatic,First,17.01,1582,126.2,5.0,14.79,HYUNDAI,CRETA 1.6 CRDI AT SX PLUS
2749,2010,37822,Petrol,Manual,First,22.5,998,67.04,5.0,2.35,MARUTI,WAGON R LXI
2750,2015,33517,Diesel,Manual,First,27.62,793,47,5.0,3.1,MARUTI,CELERIO ZDI
2751,2014,110000,Diesel,Automatic,First,13.01,2199,194.3,7.0,12.9,HYUNDAI,SANTA FE 2WD AT
2752,2017,60000,Petrol,Manual,First,21.1,814,55.2,5.0,2.5,HYUNDAI,EON D LITE PLUS OPTION
2753,2013,92408,Petrol,Manual,First,18.5,1197,82.85,5.0,3.65,HYUNDAI,I20 SPORTZ 1.2
2754,2014,45000,Petrol,Manual,First,17.1,1591,121.3,5.0,7.5,HYUNDAI,VERNA 1.6 SX VTVT (O)
2755,2013,33793,Petrol,Manual,First,18.4,1198,86.8,5.0,3.74,HONDA,BRIO S OPTION MT
2756,2017,26327,Petrol,Manual,First,20.4,1197,81.80,5.0,5.86,MARUTI,SWIFT VXI OPTIONAL
2757,2018,20604,Diesel,Automatic,First,19.27,2143,167.62,5.0,39.62,MERCEDES-BENZ,NEW C-CLASS C 220D AVANTGARDE EDITION C
2758,2018,61386,Diesel,Manual,First,25.2,1248,74,5.0,7.05,MARUTI,SWIFT VDI OPTIONAL
2759,2018,11500,Diesel,Automatic,First,28.4,1248,74,5.0,7.5,MARUTI,SWIFT AMT VDI
2760,2012,58000,Diesel,Manual,First,25.44,936,57.6,5.0,2.1,CHEVROLET,BEAT DIESEL LS
2761,2014,38000,Petrol,Automatic,First,13.7,1798,157.75,5.0,11.6,SKODA,SUPERB ELEGANCE 1.8 TSI AT
2762,2012,49000,Diesel,Automatic,Second,14.84,2143,167.62,5.0,19.25,MERCEDES-BENZ,NEW C-CLASS C 220 CDI BE AVANTGARE
2763,2017,72202,Diesel,Manual,First,13.68,2393,147.8,8.0,17.92,TOYOTA,INNOVA CRYSTA 2.4 VX MT 8S
2764,2016,7000,Petrol,Manual,First,20.36,1197,78.9,5.0,3.6,HYUNDAI,I10 SPORTZ
2765,2014,20000,Diesel,Manual,Second,25.8,1498,98.6,5.0,4.5,HONDA,AMAZE S I-DTEC
2766,2017,14061,Diesel,Manual,First,21.9,1396,88.76,5.0,7.4,HYUNDAI,I20 MAGNA 1.4 CRDI (DIESEL)
2767,2018,30706,Diesel,Automatic,First,11.57,2987,254.79,5.0,59.29,MERCEDES-BENZ,GLE 350D
2768,2011,51387,Diesel,Manual,First,12.05,2179,120,7.0,5.5,MAHINDRA,SCORPIO 2009-2014 SLE 7S BSIV
2769,2006,44000,Petrol,Manual,Second,15.3,1341,83,5.0,1.75,HYUNDAI,GETZ GLE
2770,2016,12208,Petrol,Manual,First,21.4,1197,83.1,5.0,6.75,MARUTI,BALENO ALPHA
2771,2011,55000,Diesel,Manual,First,16.52,1991,123.7,5.0,3.95,CHEVROLET,OPTRA MAGNUM 2.0 LT
2772,2011,61600,Petrol,Manual,First,17.1,1591,121.3,5.0,4.2,HYUNDAI,VERNA 1.6 SX VTVT (O)
2773,2016,28414,Petrol,Manual,First,17.0,1497,118,5.0,8.4,HONDA,CITY 1.5 V MT
2774,2017,27853,Petrol,Automatic,First,17.21,1197,103.5,5.0,8.25,VOLKSWAGEN,POLO GT TSI
2775,2013,55116,Petrol,Manual,First,19.4,1198,86.8,5.0,3.31,HONDA,BRIO E MT
2776,2017,26000,Diesel,Manual,First,26.59,1248,74,5.0,7.5,MARUTI,SWIFT DZIRE VDI
2777,2012,45496,Petrol,Manual,First,17.0,1497,118,5.0,4.75,HONDA,CITY 1.5 V MT EXCLUSIVE
2778,2013,76000,Diesel,Automatic,Second,11.18,2696,184,7.0,8.79,MAHINDRA,SSANGYONG REXTON RX7
2779,2014,136000,Petrol,Manual,First,13.1,1798,157.75,5.0,9.5,SKODA,SUPERB ELEGANCE 1.8 TSI MT
2780,2009,100000,Petrol,Manual,First,0.0,,,,1.6,HYUNDAI,SANTRO GLS II - EURO II
2781,2010,38127,Petrol,Manual,First,19.7,796,46.3,5.0,1.55,MARUTI,ALTO LXI
2782,2014,82450,Diesel,Manual,First,23.0,1396,90,5.0,5.85,HYUNDAI,I20 ASTA (O) 1.4 CRDI (DIESEL)
2783,2014,62497,Petrol,Manual,First,15.8,1499,110,5.0,7.52,FORD,ECOSPORT 1.5 TI VCT MT TREND
2784,2011,86732,Diesel,Manual,First,23.08,1461,63.1,5.0,3.6,NISSAN,MICRA DIESEL XV
2785,2016,27969,Petrol,Manual,First,19.4,1198,86.8,5.0,4.73,HONDA,BRIO E MT
2786,2013,66372,Diesel,Automatic,First,11.18,2696,184,7.0,10.5,MAHINDRA,SSANGYONG REXTON RX7
2787,2013,73525,Diesel,Automatic,First,16.46,2993,258,5.0,34.54,BMW,7 SERIES 730LD SEDAN
2788,2018,20689,Petrol,Manual,First,18.9,1197,81.86,5.0,6.07,HYUNDAI,GRAND I10 1.2 KAPPA SPORTZ
2789,2018,25093,Petrol,Manual,First,21.4,1197,83.1,5.0,7.76,MARUTI,BALENO DELTA 1.2
2790,2016,49176,Diesel,Manual,First,11.68,2498,112,8.0,7.46,MAHINDRA,XYLO E8 ABS BS IV
2791,2012,87510,Diesel,Manual,First,21.8,1461,78,5.0,3.49,RENAULT,FLUENCE DIESEL E4
2792,2012,38214,Petrol,Manual,Second,18.5,1197,80,5.0,4.05,HYUNDAI,I20 1.2 MAGNA
2793,2013,48986,Diesel,Manual,First,10.5,2835,107.2,6.0,11.88,MITSUBISHI,PAJERO 2.8 SFX
2794,2011,88000,Petrol,Automatic,First,14.53,1794,138.1,5.0,6.45,TOYOTA,COROLLA ALTIS 2008-2013 1.8 VL AT
2795,2015,69002,Diesel,Automatic,First,15.97,2993,258,5.0,50.0,BMW,X5 X5 M
2796,2011,43706,Petrol,Automatic,First,10.9,2497,215,5.0,9.0,BMW,3 SERIES 2005-2011 325I SEDAN
2797,2016,58671,Diesel,Automatic,First,17.01,1582,126.2,5.0,14.25,HYUNDAI,CRETA 1.6 CRDI AT SX PLUS
2798,2017,49404,Diesel,Manual,First,18.49,1493,100,7.0,7.36,MAHINDRA,TUV 300 2015-2019 T8
2799,2010,72000,Diesel,Manual,First,12.05,2179,120,8.0,4.4,MAHINDRA,SCORPIO VLX 2.2 MHAWK BSIII
2800,2016,24000,Petrol,Manual,First,25.17,799,53.3,5.0,3.1,RENAULT,KWID RXT
2801,2017,53285,Petrol,Automatic,First,22.5,999,67,5.0,4.28,RENAULT,KWID 1.0 RXT OPTIONAL AMT
2802,2017,12000,Petrol,Manual,First,16.1,1197,85,5.0,5.5,MARUTI,SWIFT VXI BSIV
2803,2012,45000,Diesel,Automatic,First,17.0,1896,105,5.0,6.99,SKODA,LAURA 1.9 TDI AT AMBIENTE
2804,2018,26234,Petrol,Manual,First,24.7,796,47.3,5.0,4.29,MARUTI,ALTO 800 2016-2019 VXI
2805,2014,55000,Petrol,Manual,First,18.6,1197,85.8,5.0,4.2,MARUTI,SWIFT VXI
2806,2012,90000,Diesel,Manual,First,23.0,1396,90,5.0,4.11,HYUNDAI,I20 1.4 CRDI SPORTZ
2807,2015,48000,Diesel,Automatic,First,15.73,1968,174.33,5.0,18.75,AUDI,Q3 2012-2015 35 TDI QUATTRO PREMIUM
2808,2017,19863,Diesel,Automatic,First,11.57,2987,254.79,5.0,64.95,MERCEDES-BENZ,GLE 350D
2809,2010,55000,Petrol,Manual,Second,19.81,1086,68.05,5.0,1.59,HYUNDAI,I10 ERA
2810,2016,4800,Petrol,Manual,First,20.51,998,67.04,5.0,3.6,MARUTI,WAGON R LXI OPTIONAL
2811,2017,38607,Petrol,Manual,Second,17.8,1497,117.3,5.0,7.87,HONDA,CITY I VTEC V
2812,2018,3958,Petrol,Manual,First,18.9,1197,81.86,5.0,5.55,HYUNDAI,GRAND I10 1.2 KAPPA SPORTZ
2813,2014,74000,Diesel,Manual,Second,25.1,1498,98.6,5.0,6.4,HONDA,CITY I DTEC VX
2814,2009,54540,Petrol,Manual,Third,17.5,1298,85.8,5.0,2.65,MARUTI,SWIFT DZIRE VXI
2815,2015,58400,Petrol,Manual,First,17.5,1298,85.8,5.0,5.5,MARUTI,SWIFT DZIRE ZXI
2816,2013,73648,Diesel,Manual,First,15.1,2179,140,7.0,7.31,MAHINDRA,XUV500 W8 2WD
2817,2016,83000,Diesel,Manual,First,28.09,1248,88.5,5.0,7.1,MARUTI,CIAZ ZDI PLUS SHVS
2818,2016,16159,Diesel,Manual,First,22.32,1582,126.32,5.0,7.83,HYUNDAI,VERNA 1.6 SX CRDI (O)
2819,2005,150000,Diesel,Manual,First,13.1,1493,82,5.0,0.85,HYUNDAI,ACCENT CRDI
2820,2014,22100,Petrol,Manual,First,19.4,1198,86.8,5.0,3.55,HONDA,BRIO S MT
2821,2017,35043,Petrol,Manual,First,17.19,1197,81.86,5.0,8.19,HYUNDAI,I20 ACTIVE 1.2 SX
2822,2018,24000,Diesel,Automatic,First,18.88,1995,184,5.0,28.0,BMW,3 SERIES 320D SPORT LINE
2823,2015,480000,Diesel,Automatic,First,16.96,1968,138.03,5.0,13.0,VOLKSWAGEN,JETTA 2013-2015 2.0L TDI HIGHLINE AT
2824,2011,70000,Petrol,Manual,Second,15.26,1598,103.5,5.0,3.29,VOLKSWAGEN,POLO PETROL HIGHLINE 1.6L
2825,2015,13769,Petrol,Manual,Second,16.1,1197,85,5.0,4.41,MARUTI,SWIFT VXI BSIV
2826,2013,58000,Diesel,Manual,First,19.01,1461,108.45,5.0,4.99,RENAULT,DUSTER 110PS DIESEL RXZ
2827,2009,58000,Diesel,Automatic,First,18.56,1995,190,5.0,17.98,BMW,X3 XDRIVE 20D LUXURY LINE
2828,2018,18705,Diesel,Manual,First,20.5,1248,91.72,5.0,7.71,FIAT,AVVENTURA MULTIJET EMOTION
2829,2013,32378,Petrol,Manual,First,20.51,998,67.04,5.0,2.8,MARUTI,WAGON R STINGRAY VXI
2830,2013,45000,Diesel,Manual,First,22.1,1248,76.9,5.0,3.0,CHEVROLET,SAIL HATCHBACK LS ABS
2831,2015,36836,Diesel,Manual,First,15.1,2179,140,7.0,12.49,MAHINDRA,XUV500 W8 2WD
2832,2016,54199,Diesel,Manual,First,23.0,1248,88.8,5.0,5.0,TATA,ZEST QUADRAJET 1.3
2833,2017,36935,Diesel,Automatic,First,18.56,1995,190,5.0,32.64,BMW,X3 XDRIVE20D XLINE
2834,2015,23000,Diesel,Manual,First,25.2,1248,74,5.0,6.5,MARUTI,SWIFT VDI BSIV
2835,2015,14000,Diesel,Automatic,First,18.12,1995,190,5.0,35.0,BMW,5 SERIES 2013-2017 520D LUXURY LINE
2836,2015,100073,Diesel,Manual,Second,25.0,1396,69.01,5.0,2.0,TATA,INDIGO CS EVX
2837,2015,59182,Diesel,Manual,First,15.1,2179,140,7.0,9.46,MAHINDRA,XUV500 W8 2WD
2838,2016,72132,Diesel,Automatic,Second,12.07,2967,241.4,7.0,39.0,AUDI,Q7 35 TDI QUATTRO PREMIUM PLUS
2839,2009,79000,Diesel,Automatic,First,18.48,1995,177,5.0,15.0,BMW,5 SERIES 2003-2012 520D
2840,2013,66930,Petrol,Manual,First,17.1,1591,121.3,5.0,6.15,HYUNDAI,VERNA 1.6 SX VTVT (O)
2841,2015,100000,Diesel,Automatic,Second,13.01,2199,194.3,7.0,14.5,HYUNDAI,SANTA FE 4WD AT
2842,2012,43000,Petrol,Manual,First,0.0,,,,3.25,HYUNDAI,SANTRO GLS II - EURO II
2843,2018,27413,Petrol,Automatic,First,20.51,998,67,5.0,5.18,MARUTI,WAGON R AMT VXI
2844,2007,90000,Petrol,Manual,Second,17.3,1061,64,5.0,1.24,MARUTI,WAGON R LX BSIII
2845,2013,40300,Petrol,Manual,First,18.5,1197,82.85,5.0,2.8,HYUNDAI,I20 SPORTZ 1.2
2846,2011,73783,Petrol,Automatic,Second,13.7,1798,157.75,5.0,5.23,SKODA,SUPERB ELEGANCE 1.8 TSI AT
2847,2005,86000,Petrol,Manual,Second,15.3,1341,83,5.0,0.45,HYUNDAI,GETZ GLS
2848,2014,65694,Petrol,Manual,First,18.9,998,67.1,5.0,3.25,MARUTI,WAGON R LXI BS IV
2849,2015,23000,Petrol,Manual,First,16.8,796,34.2,5.0,1.5,MARUTI,OMNI MPI CARGO BSIV
2850,2012,51000,Petrol,Manual,First,20.36,1197,78.9,5.0,2.85,HYUNDAI,I10 MAGNA 1.2
2851,2018,18335,Petrol,Manual,First,21.7,999,67,5.0,4.5,RENAULT,KWID 1.0 RXT OPTIONAL
2852,2014,36000,Diesel,Automatic,First,15.0,2147,107.3,5.0,16.25,MERCEDES-BENZ,B CLASS 2012-2015 B200 SPORT CDI
2853,2017,25000,Petrol,Automatic,First,17.21,1197,103.5,5.0,7.75,VOLKSWAGEN,POLO GT TSI
2854,2007,81000,Diesel,Manual,Third,12.05,2179,120,8.0,4.35,MAHINDRA,SCORPIO VLX 4WD
2855,2019,21719,Diesel,Automatic,First,12.9,2755,174.5,7.0,33.13,TOYOTA,FORTUNER 2.8 2WD AT
2856,2013,75421,Diesel,Manual,First,25.44,936,56.3,5.0,3.63,CHEVROLET,BEAT DIESEL LT
2857,2010,80000,Diesel,Manual,First,12.8,2494,102,8.0,4.75,TOYOTA,INNOVA 2.5 G4 DIESEL 8-SEATER
2858,2018,10671,Petrol,Manual,First,20.85,1197,83.14,5.0,6.51,MARUTI,SWIFT DZIRE VXI
2859,2018,4126,Petrol,Manual,First,21.7,999,67,5.0,4.8,RENAULT,KWID CLIMBER 1.0 MT
2860,2017,98500,Diesel,Manual,First,22.95,1248,74,5.0,6.0,TATA,BOLT QUADRAJET XM
2861,2016,61578,Petrol,Manual,First,18.9,1197,82,5.0,6.4,HYUNDAI,GRAND I10 ASTA
2862,2014,54000,Diesel,Manual,First,20.34,1498,103.2,5.0,4.9,VOLKSWAGEN,VENTO 1.5 TDI HIGHLINE
2863,2013,70998,Diesel,Automatic,First,17.68,1968,174.33,5.0,20.57,AUDI,A6 2011-2015 2.0 TDI
2864,2015,40082,Diesel,Manual,First,19.3,1248,73.9,5.0,4.76,MARUTI,SWIFT DZIRE LDI BSIV
2865,2012,50619,Petrol,Manual,First,18.0,995,62,5.0,2.0,CHEVROLET,SPARK 1.0 LT
2866,2009,103905,Diesel,Automatic,First,22.69,1995,190,5.0,9.92,BMW,3 SERIES 320D
2867,2018,15334,Petrol,Manual,First,21.1,814,55.2,5.0,3.69,HYUNDAI,EON ERA PLUS
2868,2013,69000,Diesel,Manual,First,23.4,1248,74,5.0,5.75,MARUTI,SWIFT DZIRE VDI
2869,2014,75160,Diesel,Manual,First,20.14,1498,88.5,5.0,5.7,VOLKSWAGEN,CROSSPOLO 1.5 TDI
2870,2014,44753,Petrol,Manual,First,18.0,1198,86.7,5.0,4.94,HONDA,AMAZE E I-VTECH
2871,2012,53024,Petrol,Automatic,First,14.4,1598,103.6,5.0,4.29,VOLKSWAGEN,VENTO PETROL HIGHLINE AT
2872,2014,23840,Petrol,Manual,First,20.51,998,67.04,5.0,3.0,MARUTI,WAGON R STINGRAY VXI
2873,2014,81298,Diesel,Manual,First,20.14,1498,88.8,5.0,6.5,VOLKSWAGEN,POLO 1.5 TDI HIGHLINE
2874,2015,59000,Petrol,Manual,Second,16.47,1198,73.9,5.0,4.9,VOLKSWAGEN,POLO PETROL COMFORTLINE 1.2L
2875,2016,51806,Diesel,Manual,First,25.8,1498,98.6,5.0,5.4,HONDA,AMAZE SX I-DTEC
2876,2014,56000,Diesel,Automatic,First,18.53,1968,187.74,5.0,24.0,AUDI,A6 35 TDI MATRIX
2877,2019,29279,Diesel,Manual,First,24.7,1047,69,5.0,7.46,TATA,TIGOR 1.05 REVOTORQ XZ OPTION
2878,2017,33550,Diesel,Automatic,First,21.5,1498,108.5,5.0,9.6,VOLKSWAGEN,VENTO 1.5 TDI HIGHLINE AT
2879,2014,62000,Diesel,Automatic,First,18.53,1968,187.74,5.0,25.0,AUDI,A6 35 TDI MATRIX
2880,2014,66000,Diesel,Manual,First,19.01,1461,108.5,5.0,6.8,NISSAN,TERRANO XL 110 PS
2881,2016,46630,Diesel,Automatic,First,21.66,1498,103.52,5.0,8.59,SKODA,RAPID 1.5 TDI AT ELEGANCE
2882,2016,72566,Diesel,Manual,First,25.83,1498,99,5.0,5.29,FORD,FIGO ASPIRE 1.5 TDCI TREND
2883,2011,51482,Diesel,Manual,First,15.42,1405,70,8.0,2.5,TATA,VENTURE EX
2884,2011,90000,Diesel,Automatic,First,14.84,2143,167.62,5.0,13.9,MERCEDES-BENZ,NEW C-CLASS C 220 CDI BE AVANTGARE
2885,2014,69000,Diesel,Manual,Second,13.0,2982,168.5,7.0,20.0,TOYOTA,FORTUNER 4X2 MANUAL
2886,2011,90000,Petrol,Manual,Second,17.0,1497,118,5.0,3.4,HONDA,CITY 1.5 V MT
2887,2015,39000,Petrol,Manual,First,18.6,1197,81.83,5.0,5.5,HYUNDAI,I20 ASTA OPTION 1.2
2888,2012,110000,Diesel,Manual,Second,20.54,1598,103.6,5.0,3.65,VOLKSWAGEN,VENTO DIESEL TRENDLINE
2889,2011,68022,Diesel,Manual,First,13.1,2499,141,7.0,5.86,FORD,ENDEAVOUR 2.5L 4X2 MT
2890,2018,27852,Petrol,Automatic,First,14.8,1497,121.36,5.0,10.44,FORD,ECOSPORT 1.5 PETROL TITANIUM PLUS AT
2891,2013,58291,Diesel,Manual,First,17.8,1248,,5.0,5.0,MARUTI,SWIFT VDI BSIV
2892,2011,68439,Diesel,Manual,First,23.0,1396,90,5.0,3.37,HYUNDAI,I20 SPORTZ DIESEL
2893,2011,150000,Diesel,Manual,First,12.99,2494,100.6,8.0,6.95,TOYOTA,INNOVA 2.5 VX (DIESEL) 8 SEATER
2894,2018,14000,Diesel,Manual,First,21.5,1497,108.5,5.0,9.9,TATA,NEXON 1.5 REVOTORQ XZ PLUS DUAL TONE
2895,2012,71558,Diesel,Manual,First,20.0,1399,68.05,5.0,3.3,FORD,FIGO DIESEL TITANIUM
2896,2013,48000,Diesel,Automatic,Second,17.85,2967,300,4.0,50.5,PORSCHE,PANAMERA DIESEL
2897,2015,65800,Diesel,Automatic,First,17.01,1582,126.2,5.0,12.5,HYUNDAI,CRETA 1.6 CRDI AT SX PLUS
2898,2014,53000,Diesel,Automatic,First,16.55,1968,140,5.0,20.5,AUDI,A4 2.0 TDI MULTITRONIC
2899,2017,14600,Diesel,Manual,First,16.0,2179,140,7.0,14.5,MAHINDRA,XUV500 W8 4WD
2900,2017,34429,Diesel,Automatic,First,13.8,2999,174.57,7.0,20.0,ISUZU,MUX 4WD
2901,2014,52000,Diesel,Manual,First,23.4,1248,74,5.0,5.25,MARUTI,SWIFT DZIRE VDI
2902,2015,25470,Petrol,Manual,First,20.73,1373,91.1,5.0,5.9,MARUTI,CIAZ ZXI
2903,2013,22000,Petrol,Manual,First,21.1,814,55.2,5.0,2.6,HYUNDAI,EON ERA PLUS
2904,2007,75000,Diesel,Automatic,First,11.0,2987,198.5,5.0,11.0,MERCEDES-BENZ,E-CLASS 280 CDI
2905,2011,95995,Diesel,Automatic,First,18.48,1995,177,5.0,15.5,BMW,5 SERIES 2003-2012 520D
2906,2017,26877,Diesel,Manual,First,24.0,1186,73.97,5.0,5.75,HYUNDAI,GRAND I10 1.2 CRDI SPORTZ OPTION
2907,2015,26000,Diesel,Automatic,First,14.47,2993,301.73,5.0,75.0,JAGUAR,XJ 3.0L PORTFOLIO
2908,2007,140000,Diesel,Manual,Second,17.8,1248,75,5.0,2.0,MARUTI,SWIFT LDI BSIII
2909,2008,95291,Petrol,Manual,First,17.92,1086,62.1,5.0,2.3,HYUNDAI,SANTRO XING GLS
2910,2009,135000,Diesel,Manual,Second,12.8,2494,102,8.0,8.2,TOYOTA,INNOVA 2.5 V DIESEL 8-SEATER
2911,2015,32000,Petrol,Manual,First,18.6,1197,81.83,5.0,4.8,HYUNDAI,I20 SPORTZ 1.2
2912,2008,68333,Diesel,Automatic,Second,11.0,2987,198.5,5.0,8.5,MERCEDES-BENZ,E-CLASS 280 CDI
2913,2011,72000,Diesel,Manual,First,20.0,1399,68,5.0,2.9,FORD,FIGO DIESEL ZXI
2914,2012,52100,Diesel,Manual,First,21.43,1364,86.79,5.0,6.5,TOYOTA,COROLLA ALTIS 1.4 DG
2915,2018,10000,Petrol,Manual,First,18.9,1197,81.86,5.0,5.85,HYUNDAI,GRAND I10 1.2 KAPPA SPORTZ
2916,2019,6261,Diesel,Manual,First,16.3,1956,170,5.0,23.91,JEEP,COMPASS 2.0 LIMITED 4X4
2917,2019,3906,Petrol,Automatic,First,20.89,1197,81.80,5.0,7.36,MARUTI,IGNIS 1.2 AMT ALPHA
2918,2014,55960,Diesel,Manual,First,11.5,2982,171,7.0,17.25,TOYOTA,FORTUNER 3.0 DIESEL
2919,2013,144000,Diesel,Manual,First,20.54,1598,103.6,5.0,7.0,VOLKSWAGEN,VENTO DIESEL HIGHLINE
2920,2017,38000,Diesel,Manual,First,13.68,2393,147.8,7.0,17.65,TOYOTA,INNOVA CRYSTA 2.4 VX MT
2921,2013,51000,Diesel,Manual,First,20.0,1399,68.1,5.0,2.5,FORD,FIGO DIESEL CELEBRATION EDITION
2922,2015,150000,Diesel,Manual,First,23.59,1364,67.05,5.0,6.0,TOYOTA,PLATINUM ETIOS 1.4 GXD
2923,2018,2500,Diesel,Manual,First,18.06,2523,63,7.0,8.25,MAHINDRA,THAR DI 4X4
2924,2018,41661,Diesel,Automatic,First,12.7,2179,187.7,5.0,44.83,LAND,ROVER RANGE ROVER HSE DYNAMIC
2925,2011,64000,Diesel,Automatic,First,16.07,1995,181,5.0,10.5,BMW,3 SERIES 320D HIGHLINE
2926,2008,80000,Petrol,Manual,Second,13.2,1495,94,5.0,1.9,HYUNDAI,ACCENT GLS
2927,2016,30000,Petrol,Automatic,Second,23.1,998,67.04,5.0,4.25,MARUTI,CELERIO ZXI AT
2928,2014,43000,Diesel,Automatic,Second,16.36,2179,187.7,5.0,26.5,JAGUAR,XF 2.2 LITRE LUXURY
2929,2013,90000,Diesel,Automatic,Second,12.4,2698,179.5,5.0,22.5,AUDI,A6 2.7 TDI
2930,2011,123880,Diesel,Manual,First,23.08,1461,63.1,5.0,3.3,NISSAN,MICRA DIESEL XV
2931,2015,42000,Petrol,Manual,Second,18.0,1198,86.7,5.0,4.3,HONDA,AMAZE S I-VTECH
2932,2012,79824,Diesel,Manual,First,19.87,1461,83.8,5.0,5.25,RENAULT,DUSTER 85PS DIESEL RXL OPTION
2933,2015,75000,Diesel,Manual,First,12.99,2494,100.6,8.0,11.75,TOYOTA,INNOVA 2.5 G (DIESEL) 8 SEATER
2934,2014,72411,Petrol,Manual,First,18.0,1198,86.7,5.0,4.25,HONDA,AMAZE E I-VTECH
2935,2012,63000,Diesel,Automatic,First,14.94,2143,204,5.0,14.22,MERCEDES-BENZ,NEW C-CLASS C 250 CDI ELEGANCE
2936,2015,53713,Petrol,Manual,First,17.71,1197,78.9,5.0,4.2,TOYOTA,ETIOS LIVA G
2937,2017,18000,Diesel,Automatic,First,11.36,2755,171.5,8.0,18.25,TOYOTA,INNOVA CRYSTA 2.8 GX AT 8S
2938,2013,51000,Diesel,Manual,First,15.8,2148,170,5.0,18.5,MERCEDES-BENZ,NEW C-CLASS 200 CDI ELEGANCE
2939,2008,86700,Petrol,Manual,Second,16.1,1298,88.2,5.0,2.4,MARUTI,SWIFT VXI BSIII
2940,2016,29000,Diesel,Manual,First,27.39,1248,74,5.0,6.5,MARUTI,BALENO ALPHA 1.3
2941,2014,56000,LPG,Manual,First,13.45,1086,62.1,5.0,3.2,HYUNDAI,SANTRO XING GL PLUS LPG
2942,2015,33000,Petrol,Automatic,First,23.1,998,67.04,5.0,3.99,MARUTI,CELERIO VXI AT
2943,2014,64394,Diesel,Manual,First,22.7,1498,89.84,5.0,5.45,FORD,ECOSPORT 1.5 DV5 MT AMBIENTE
2944,2010,76000,Diesel,Manual,First,18.8,1248,90,5.0,2.7,TATA,MANZA AURA QUADRAJET
2945,2016,48719,Diesel,Manual,First,27.3,1498,98.6,5.0,6.25,HONDA,JAZZ 1.5 SV I DTEC
2946,2016,59711,Diesel,Manual,First,15.1,2179,140,7.0,13.28,MAHINDRA,XUV500 W8 2WD
2947,2012,83000,Diesel,Manual,First,23.08,1461,63.1,5.0,3.7,NISSAN,MICRA DIESEL XV PREMIUM
2948,2018,10714,Diesel,Automatic,First,19.27,2143,167.62,5.0,39.51,MERCEDES-BENZ,NEW C-CLASS C 220D AVANTGARDE EDITION C
2949,2010,127510,Diesel,Manual,Second,19.0,1248,90,5.0,1.4,TATA,MANZA AURA PLUS QUADRAJET BS IV
2950,2014,35010,Diesel,Manual,First,22.9,1248,74,5.0,3.5,MARUTI,SWIFT VDI
2951,2012,75451,Petrol,Manual,First,17.5,1197,85.8,5.0,3.78,MARUTI,SWIFT DZIRE 1.2 LXI BSIV
2952,2015,83000,Diesel,Manual,First,19.09,1405,69.01,5.0,2.7,TATA,INDIGO ECS LS (TDI) BS-III
2953,2013,38755,Diesel,Manual,First,25.8,1498,98.6,5.0,3.2,HONDA,AMAZE S I-DTECH
2954,2016,30000,Petrol,Manual,First,20.4,1197,81.80,5.0,5.0,MARUTI,SWIFT VXI BSIV
2955,2012,40000,Diesel,Manual,First,20.77,1248,88.8,7.0,7.0,MARUTI,ERTIGA ZDI
2956,2014,19500,Petrol,Manual,Second,18.9,1197,82,5.0,2.85,HYUNDAI,GRAND I10 ERA
2957,2016,41000,Petrol,Manual,First,19.69,1198,67.04,5.0,4.25,NISSAN,MICRA ACTIVE XV
2958,2014,30000,Petrol,Manual,Second,18.9,1197,82,5.0,4.9,HYUNDAI,GRAND I10 ASTA OPTION
2959,2017,37000,Diesel,Manual,First,17.1,1956,170,5.0,16.9,JEEP,COMPASS 2.0 SPORT
2960,2014,62000,Diesel,Manual,Second,22.07,1199,73.9,5.0,4.25,VOLKSWAGEN,POLO DIESEL COMFORTLINE 1.2L
2961,2015,42023,Petrol,Automatic,First,15.5,1198,86.7,5.0,4.34,HONDA,AMAZE S AT I-VTECH
2962,2012,51001,Diesel,Automatic,First,16.09,1995,184,5.0,17.0,BMW,X3 XDRIVE20D ADVANTAGE EDITION
2963,2017,55389,Diesel,Automatic,First,18.88,1995,184,5.0,28.45,BMW,3 SERIES 320D LUXURY LINE
2964,2014,46728,Petrol,Automatic,First,15.6,1497,116.3,5.0,6.15,HONDA,CITY V AT
2965,2014,58995,Diesel,Manual,First,12.83,2696,162,7.0,9.25,MAHINDRA,SSANGYONG REXTON RX5
2966,2015,37857,Diesel,Manual,First,26.59,1248,74,5.0,4.85,MARUTI,SWIFT DZIRE LDI
2967,2014,71000,Diesel,Manual,First,25.2,1248,74,5.0,4.8,MARUTI,SWIFT VDI BSIV
2968,2012,49024,Petrol,Manual,First,18.4,1198,86.8,5.0,2.3,HONDA,BRIO S OPTION MT
2969,2016,10770,Petrol,Manual,First,18.9,1197,82,5.0,4.75,HYUNDAI,GRAND I10 SPORTZ
2970,2017,72000,Diesel,Manual,First,22.95,1248,74,5.0,5.0,TATA,ZEST QUADRAJET 1.3 75PS XM
2971,2015,91000,Petrol,Manual,First,21.1,814,55.2,5.0,2.5,HYUNDAI,EON ERA PLUS
2972,2017,14000,Petrol,Manual,First,18.6,1197,81.83,5.0,5.95,HYUNDAI,I20 1.2 SPOTZ
2973,2014,48000,Diesel,Automatic,Second,9.0,1984,181,5.0,16.0,VOLVO,S60 D4 KINETIC
2974,2014,75136,Diesel,Manual,First,22.7,1498,89.84,5.0,6.15,FORD,ECOSPORT 1.5 DV5 MT TITANIUM OPTIONAL
2975,2014,32500,Petrol,Manual,Second,21.1,1197,85.80,5.0,4.05,MARUTI,RITZ VXI
2976,2010,94500,Diesel,Manual,Second,21.9,1396,90,5.0,3.1,HYUNDAI,I20 1.4 CRDI MAGNA
2977,2013,34900,Petrol,Manual,First,22.0,1197,81.80,5.0,5.49,MARUTI,DZIRE VXI
2978,2010,42400,Petrol,Automatic,Third,8.0,4806,394.3,4.0,42.91,PORSCHE,PANAMERA 2010 2013 4S
2979,2015,50000,Diesel,Manual,First,17.8,1248,75,5.0,5.7,MARUTI,SWIFT VDI BSIII W/ ABS
2980,2014,35000,Petrol,Manual,First,19.4,1198,86.8,5.0,2.85,HONDA,BRIO S MT
2981,2012,37000,Petrol,Manual,Second,18.6,1199,79.4,5.0,2.35,CHEVROLET,BEAT LS
2982,2018,32807,Petrol,Automatic,First,13.0,1591,121.3,5.0,14.76,HYUNDAI,CRETA 1.6 SX PLUS PETROL AUTOMATIC
2983,2008,119000,Petrol,Manual,Second,17.7,1497,78,5.0,2.25,HONDA,CITY ZX GXI
2984,2016,12000,Petrol,Manual,First,18.5,1197,85.80,5.0,3.65,MARUTI,RITZ LXI
2985,2016,46727,Diesel,Manual,First,22.77,1498,98.59,5.0,7.25,FORD,ECOSPORT 1.5 TDCI TREND
2986,2010,73336,Diesel,Automatic,First,13.2,1995,170,5.0,10.69,BMW,3 SERIES 320D
2987,2014,9000,Petrol,Manual,Second,17.01,1591,121.3,5.0,5.5,HYUNDAI,VERNA 1.6 SX VTVT
2988,2005,240000,Diesel,Manual,Fourth & Above,12.8,2494,102,8.0,5.1,TOYOTA,INNOVA 2.5 G4 DIESEL 8-SEATER
2989,2014,25422,Petrol,Manual,First,22.5,998,67.04,5.0,3.25,MARUTI,WAGON R LXI
2990,2018,14000,Diesel,Manual,First,25.47,1248,88.50,7.0,9.25,MARUTI,ERTIGA VDI
2991,2008,66000,Petrol,Manual,First,19.7,796,46.3,5.0,1.7,MARUTI,ALTO LXI BSIII
2992,2010,55324,Petrol,Manual,First,19.0,998,66.1,5.0,2.87,MARUTI,A-STAR VXI
2993,2009,90000,Diesel,Automatic,First,11.0,2993,235,5.0,17.75,BMW,X5 3.0D
2994,2017,43000,Petrol,Manual,First,18.15,1198,82,5.0,4.5,MAHINDRA,KUV 100 G80 K6 PLUS 5STR
2995,2008,58483,Petrol,Automatic,Second,19.2,1197,80,5.0,2.95,HYUNDAI,I10 MAGNA AT
2996,2007,93000,Petrol,Automatic,Second,12.9,1799,130,5.0,2.6,HONDA,CIVIC 2006-2010 1.8 S AT
2997,2010,50000,Petrol,Manual,First,20.36,1197,78.9,5.0,3.0,HYUNDAI,I10 SPORTZ 1.2
2998,2014,78616,Diesel,Automatic,Second,14.84,2143,170,5.0,15.5,MERCEDES-BENZ,NEW C-CLASS C 220 CDI ELEGANCE AT
2999,2011,37000,Petrol,Manual,First,17.6,1496,88.73,5.0,2.8,TOYOTA,ETIOS G
3000,2010,54801,Petrol,Manual,First,17.0,1497,118,5.0,2.5,HONDA,CITY 1.5 E MT
3001,2014,29000,Diesel,Manual,First,23.4,1248,74,5.0,5.75,MARUTI,SWIFT DZIRE VDI
3002,2010,68000,Petrol,Manual,First,22.0,1197,81.80,5.0,2.8,MARUTI,SWIFT VXI
3003,2014,58000,Petrol,Manual,First,17.01,1591,121.3,5.0,4.59,HYUNDAI,VERNA 1.6 EX VTVT
3004,2012,64290,Diesel,Manual,First,23.2,1248,73.94,5.0,3.65,MARUTI,RITZ VDI
3005,2015,31000,Diesel,Manual,First,13.0,2982,168.5,7.0,19.85,TOYOTA,FORTUNER 4X2 MANUAL
3006,2018,16039,Diesel,Manual,First,17.1,1956,170,5.0,18.5,JEEP,COMPASS 2.0 LIMITED
3007,2017,19860,Petrol,Manual,First,18.6,1197,81.83,5.0,6.95,HYUNDAI,I20 ASTA OPTION 1.2
3008,2014,48500,CNG,Manual,Second,26.6,998,58.16,5.0,2.85,MARUTI,WAGON R LXI CNG
3009,2012,75391,Diesel,Manual,First,13.93,2179,138,7.0,3.75,TATA,NEW SAFARI DICOR 2.2 EX 4X4 BS IV
3010,2008,78000,Diesel,Manual,Second,19.3,1248,73.9,5.0,2.3,MARUTI,SWIFT DZIRE LDI
3011,2016,78000,Diesel,Manual,First,25.0,1396,69.01,5.0,2.3,TATA,INDIGO ECS ELS BS IV
3012,2016,52000,Diesel,Manual,First,28.4,1248,74,5.0,5.95,MARUTI,SWIFT LDI
3013,2016,30000,Petrol,Automatic,First,23.1,998,67.04,5.0,3.49,MARUTI,CELERIO VXI AT
3014,2016,19254,Diesel,Automatic,First,14.69,2993,258,5.0,47.7,BMW,5 SERIES 2013-2017 530D M SPORT
3015,2015,29651,Petrol,Manual,First,16.47,1198,74,5.0,6.43,VOLKSWAGEN,POLO 1.2 MPI HIGHLINE
3016,2011,80000,Diesel,Manual,First,13.93,2179,138.03,7.0,4.5,TATA,SAFARI DICOR 2.2 LX 4X2
3017,2018,2971,Petrol,Automatic,First,13.6,1598,181,4.0,39.75,MINI,COOPER S CARBON EDITION
3018,2015,21400,Petrol,Manual,First,15.6,1196,70,5.0,4.0,FORD,FIGO PETROL TITANIUM
3019,2015,77000,Diesel,Manual,First,26.0,1498,98.6,5.0,6.98,HONDA,CITY I DTEC V
3020,2006,80000,Diesel,Manual,Second,12.6,1991,112,7.0,1.75,HYUNDAI,TUCSON CRDI
3021,2013,81755,Diesel,Manual,First,20.0,1968,108.5,5.0,4.75,SKODA,LAURA AMBIENTE 2.0 TDI CR MT
3022,2016,99593,Diesel,Manual,First,11.5,2982,171,7.0,23.5,TOYOTA,FORTUNER 3.0 DIESEL
3023,2014,39791,Diesel,Manual,First,22.32,1582,126.32,5.0,7.49,HYUNDAI,VERNA 1.6 SX
3024,2015,113000,Diesel,Manual,First,15.1,2179,140,7.0,10.85,MAHINDRA,XUV500 W6 2WD
3025,2017,24000,Petrol,Manual,First,25.17,799,53.3,5.0,3.5,RENAULT,KWID RXT
3026,2015,39000,Petrol,Manual,Second,18.6,1197,81.83,5.0,6.3,HYUNDAI,I20 ASTA 1.2
3027,2012,37000,Petrol,Automatic,First,15.6,1497,116.3,5.0,6.75,HONDA,CITY V AT
3028,2017,61108,Diesel,Automatic,First,10.91,3198,197,7.0,28.88,FORD,ENDEAVOUR 3.2 TITANIUM AT 4X4
3029,2016,61648,Petrol,Automatic,First,13.7,1798,157.75,5.0,14.23,SKODA,SUPERB ELEGANCE 1.8 TSI AT
3030,2012,37000,Diesel,Automatic,Third,22.69,1995,190,5.0,15.0,BMW,3 SERIES 320D SPORT
3031,2013,53000,CNG,Manual,First,22.8,1373,80.9,7.0,5.8,MARUTI,ERTIGA VXI CNG
3032,2013,65000,Diesel,Manual,First,23.2,1248,73.94,5.0,3.75,MARUTI,RITZ LDI
3033,2005,120000,Petrol,Manual,First,0.0,1086,,5.0,1.15,HYUNDAI,SANTRO XING XP
3034,2011,148009,Diesel,Manual,Second,11.5,2982,171,7.0,12.75,TOYOTA,FORTUNER 3.0 DIESEL
3035,2009,53001,Petrol,Manual,First,16.1,1298,88.2,5.0,1.95,MARUTI,SWIFT LXI BSIII
3036,2018,22345,Petrol,Manual,First,20.3,1199,84,5.0,4.95,TATA,TIGOR 1.2 REVOTRON XT
3037,2015,50000,Petrol,Automatic,First,18.0,1497,117.3,5.0,8.25,HONDA,CITY I VTEC CVT VX
3038,2013,48183,Diesel,Automatic,First,13.2,1995,170,5.0,20.99,BMW,3 SERIES 320D
3039,2010,93000,Diesel,Automatic,Second,14.21,2143,203,5.0,17.5,MERCEDES-BENZ,E-CLASS 2009-2013 E250 CDI BLUE EFFICIENCY
3040,2015,53500,Diesel,Manual,First,28.4,1248,74,5.0,5.36,MARUTI,SWIFT VDI
3041,2014,17585,Petrol,Manual,First,16.02,1373,93.7,7.0,6.35,MARUTI,ERTIGA VXI
3042,2011,36226,Petrol,Manual,First,17.01,1591,121.3,5.0,2.95,HYUNDAI,VERNA 1.6 VTVT
3043,2019,25899,Diesel,Automatic,First,12.63,2179,147.5,5.0,55.7,LAND,ROVER DISCOVERY SPORT TD4 HSE
3044,2009,60170,Petrol,Manual,First,0.0,1086,62,5.0,1.15,HYUNDAI,SANTRO XING GL
3045,2017,11200,Diesel,Automatic,First,19.27,2143,167.62,5.0,37.5,MERCEDES-BENZ,NEW C-CLASS C 220 CDI STYLE
3046,2017,49045,Petrol,Manual,First,20.36,1197,78.9,5.0,4.07,HYUNDAI,I10 MAGNA 1.2
3047,2012,45000,Diesel,Manual,First,22.07,1199,73.9,5.0,2.99,VOLKSWAGEN,POLO DIESEL COMFORTLINE 1.2L
3048,2017,40000,Diesel,Manual,First,24.3,1248,88.5,5.0,7.9,MARUTI,VITARA BREZZA VDI OPTION
3049,2016,36600,Diesel,Manual,First,19.87,1461,83.8,5.0,7.49,RENAULT,DUSTER 85PS DIESEL RXL
3050,2009,117000,Diesel,Manual,First,18.0,1248,75,5.0,1.1,TATA,INDICA VISTA AQUA 1.3 QUADRAJET
3051,2016,16000,Diesel,Automatic,First,11.3,2987,254.8,7.0,56.0,MERCEDES-BENZ,GL-CLASS 350 CDI BLUE EFFICIENCY
3052,2016,50000,Diesel,Manual,First,25.4,1186,73.97,5.0,3.5,HYUNDAI,XCENT 1.2 CRDI S
3053,2008,150000,Diesel,Manual,First,18.1,1493,110,5.0,3.0,HYUNDAI,VERNA CRDI SX ABS
3054,2014,11000,Petrol,Manual,First,17.01,1591,121.3,5.0,6.1,HYUNDAI,VERNA 1.6 SX VTVT
3055,2010,102016,Petrol,Manual,First,15.6,1196,70,5.0,2.25,FORD,FIGO PETROL ZXI
3056,2016,38000,Diesel,Manual,First,25.2,1248,74,5.0,5.95,MARUTI,SWIFT VDI OPTIONAL
3057,2013,71491,Diesel,Manual,First,23.08,1461,63.12,5.0,4.95,RENAULT,PULSE RXL
3058,2015,46354,Petrol,Manual,Second,16.47,1198,74,5.0,5.49,VOLKSWAGEN,POLO 1.2 MPI HIGHLINE
3059,2019,87000,Diesel,Automatic,First,22.69,1995,190,5.0,6.67,BMW,3 SERIES 320D LUXURY LINE
3060,2015,20765,Petrol,Manual,First,15.0,1598,103.52,5.0,6.25,SKODA,RAPID 1.6 MPI ACTIVE
3061,2005,58000,Petrol,Manual,Second,0.0,999,,5.0,1.51,HYUNDAI,SANTRO GS
3062,2014,51076,Diesel,Automatic,First,12.07,2967,241.4,7.0,34.88,AUDI,Q7 3.0 TDI QUATTRO PREMIUM PLUS
3063,2016,84085,Diesel,Manual,First,26.21,1248,88.5,5.0,6.9,MARUTI,CIAZ VDI PLUS
3064,2014,55000,Diesel,Manual,First,25.1,1498,98.6,5.0,5.99,HONDA,CITY I DTEC VX
3065,2010,73000,Petrol,Automatic,First,10.93,3498,272,5.0,10.4,MERCEDES-BENZ,E-CLASS 2009-2013 E350 PETROL
3066,2012,50001,Diesel,Automatic,First,14.57,2967,241.38,5.0,29.0,AUDI,A6 2011-2015 3.0 TDI QUATTRO PREMIUM PLUS
3067,2016,93166,Diesel,Manual,Second,14.02,2179,118.3,7.0,5.85,MAHINDRA,XYLO H4
3068,2006,99583,Petrol,Automatic,Third,12.0,1493,100,5.0,2.21,HONDA,CITY 1.5 EXI AT
3069,2010,72000,Petrol,Manual,First,15.5,1586,103.3,5.0,2.4,MARUTI,SX4 ZXI MT BSIV
3070,2009,70000,Petrol,Manual,Third,14.53,1798,138.1,5.0,3.0,TOYOTA,COROLLA ALTIS G
3071,2012,61000,Petrol,Automatic,Second,14.4,1598,103.6,5.0,3.75,VOLKSWAGEN,VENTO PETROL HIGHLINE AT
3072,2015,66510,Petrol,Manual,First,21.1,814,55.2,5.0,2.95,HYUNDAI,EON ERA PLUS
3073,2011,84062,Diesel,Manual,First,20.0,1968,108.5,5.0,5.8,SKODA,LAURA AMBITION 2.0 TDI CR MT
3074,2012,80799,Diesel,Manual,First,22.9,1248,74,5.0,4.9,MARUTI,SWIFT VDI
3075,2018,5000,Petrol,Automatic,First,14.28,1798,138.03,5.0,16.95,TOYOTA,COROLLA ALTIS 1.8 VL CVT
3076,2013,92000,Diesel,Manual,First,12.99,2494,100,8.0,12.5,TOYOTA,INNOVA 2.5 G (DIESEL) 8 SEATER
3077,2017,53000,Diesel,Manual,First,27.28,1047,69,5.0,5.0,TATA,TIAGO WIZZ 1.05 REVOTORQ
3078,2015,39822,Petrol,Manual,First,15.41,1598,103.52,5.0,4.68,SKODA,RAPID 1.6 MPI AMBITION
3079,2016,29000,Diesel,Automatic,First,10.91,3198,197,7.0,29.8,FORD,ENDEAVOUR 3.2 TITANIUM AT 4X4
3080,2017,24214,Petrol,Manual,Second,25.17,799,53.3,5.0,3.46,RENAULT,KWID RXL
3081,2012,75000,Diesel,Manual,First,23.0,1396,90,5.0,4.0,HYUNDAI,I20 1.4 ASTA CRDI WITH AVN
3082,2012,77216,Diesel,Manual,Second,17.5,1896,106,5.0,4.5,SKODA,LAURA AMBIENTE
3083,2013,74290,Diesel,Manual,First,21.43,1364,87.2,5.0,5.87,TOYOTA,COROLLA ALTIS DIESEL D4DG
3084,2015,61000,Diesel,Manual,First,15.4,2179,120,8.0,9.5,MAHINDRA,SCORPIO S8 8 SEATER
3085,2013,44000,Diesel,Automatic,First,14.16,1968,174.3,5.0,32.5,AUDI,Q5 2.0 TDI PREMIUM PLUS
3086,2014,74041,Diesel,Manual,First,18.2,1248,73.8,8.0,3.88,CHEVROLET,ENJOY TCDI LS 8 SEATER
3087,2013,85846,Diesel,Automatic,First,22.69,1995,190,5.0,13.08,BMW,3 SERIES 320D
3088,2012,52000,Diesel,Manual,First,21.64,1461,84.8,5.0,3.5,NISSAN,SUNNY 2011-2014 DIESEL XV
3089,2010,47000,Petrol,Manual,Second,12.8,2354,177.6,5.0,3.5,HONDA,ACCORD 2.4 MT
3090,2010,72010,Diesel,Manual,First,16.8,1493,110,5.0,4.45,HYUNDAI,VERNA CRDI
3091,2015,15000,Petrol,Manual,First,16.8,796,34.2,8.0,2.35,MARUTI,OMNI E MPI STD BS IV
3092,2015,480000,Petrol,Manual,First,17.4,1497,117.3,5.0,5.0,HONDA,CITY I VTEC SV
3093,2012,24720,Diesel,Automatic,Second,0.0,2967,241.4,5.0,28.0,AUDI,A7 2011-2015 SPORTBACK
3094,2007,75000,Petrol,Manual,Second,16.6,1388,68,5.0,2.0,FORD,FIESTA 1.4 ZXI LEATHER
3095,2015,57000,Diesel,Manual,First,22.54,1396,88.73,5.0,6.35,HYUNDAI,I20 1.4 ASTA
3096,2015,41057,Diesel,Automatic,First,13.0,2143,201.1,5.0,24.63,MERCEDES-BENZ,E-CLASS E250 CDI AVANTGRADE
3097,2012,92000,CNG,Manual,Second,26.2,998,58.2,5.0,3.0,MARUTI,WAGON R LXI CNG
3098,2016,20000,Diesel,Manual,First,22.77,1498,98.59,5.0,7.9,FORD,ECOSPORT 1.5 TDCI TREND PLUS
3099,2011,52359,Petrol,Manual,First,18.5,1197,80,5.0,3.25,HYUNDAI,I20 1.2 MAGNA
3100,2016,17000,Petrol,Manual,Second,17.8,1497,117.3,5.0,8.25,HONDA,CITY I VTEC V
3101,2011,39002,Diesel,Manual,First,23.08,1461,63.1,5.0,2.85,NISSAN,MICRA DIESEL XV
3102,2010,129986,Diesel,Manual,Second,20.0,1399,68,5.0,3.2,FORD,FIGO DIESEL EXI
3103,2013,45000,Petrol,Manual,First,18.44,1198,75,5.0,1.75,NISSAN,MICRA XL
3104,2013,41300,Diesel,Manual,First,17.8,1248,,5.0,3.38,MARUTI,SWIFT VDI BSIV
3105,2009,82002,Petrol,Manual,Second,12.8,2354,177.6,5.0,5.75,HONDA,ACCORD 2.4 MT
3106,2010,67000,Petrol,Automatic,First,13.7,1798,157.75,5.0,4.7,SKODA,SUPERB ELEGANCE 1.8 TSI AT
3107,2017,21260,Petrol,Manual,First,14.0,796,35,5.0,2.9,MARUTI,OMNI 8 SEATER BSIV
3108,2012,55362,Diesel,Manual,First,21.9,1396,88.8,5.0,4.25,HYUNDAI,I20 MAGNA OPTIONAL 1.4 CRDI
3109,2017,13000,Diesel,Automatic,First,17.01,1582,126.2,5.0,14.5,HYUNDAI,CRETA 1.6 CRDI AT SX PLUS
3110,2016,45725,Diesel,Manual,First,25.2,1248,74,5.0,5.34,MARUTI,SWIFT VDI BSIV
3111,2014,105000,Diesel,Manual,First,25.2,1248,74,5.0,3.85,MARUTI,SWIFT LDI BSIV
3112,2009,156056,Diesel,Manual,First,12.8,2494,102,8.0,8.5,TOYOTA,INNOVA 2.5 G (DIESEL) 8 SEATER BS IV
3113,2016,135000,Diesel,Manual,First,24.4,1120,71,5.0,4.2,HYUNDAI,XCENT 1.1 CRDI BASE
3114,2016,67000,Diesel,Manual,First,20.77,1248,88.7,7.0,6.75,MARUTI,ERTIGA PASEO VDI
3115,2016,90000,Diesel,Automatic,First,10.91,3198,197.2,7.0,26.0,FORD,ENDEAVOUR 3.2 TREND AT 4X4
3116,2019,32251,Diesel,Manual,First,22.54,1396,88.73,5.0,8.61,HYUNDAI,I20 1.4 SPORTZ
3117,2009,47000,Petrol,Manual,First,19.0,998,67.1,5.0,1.46,MARUTI,ZEN ESTILO LXI BS IV
3118,2011,75308,Diesel,Manual,Second,21.1,1248,73.9,5.0,2.8,MARUTI,RITZ VDI
3119,2018,44202,CNG,Manual,First,32.26,998,58.2,4.0,4.0,MARUTI,ALTO K10 LXI CNG OPTIONAL
3120,2014,58000,Petrol,Manual,First,17.0,1497,118,5.0,5.47,HONDA,CITY 1.5 S MT
3121,2009,60000,Petrol,Manual,First,17.5,1298,85.8,5.0,2.45,MARUTI,SWIFT DZIRE ZXI
3122,2014,45000,Diesel,Automatic,First,17.05,1995,184,5.0,21.5,BMW,X1 SDRIVE 20D SPORTLINE
3123,2010,41195,Petrol,Manual,First,15.0,1368,90,5.0,1.38,TATA,MANZA AQUA SAFIRE
3124,2016,89000,Diesel,Manual,First,16.0,2179,140,7.0,13.5,MAHINDRA,XUV500 W10 2WD
3125,2009,60510,Petrol,Automatic,Second,16.95,1197,78.9,5.0,3.1,HYUNDAI,I10 SPORTZ AT
3126,2016,8500,Petrol,Manual,First,21.4,1197,83.1,5.0,5.49,MARUTI,BALENO SIGMA 1.2
3127,2017,35981,Diesel,Manual,First,24.3,1248,88.5,5.0,9.51,MARUTI,VITARA BREZZA ZDI PLUS DUAL TONE
3128,2012,23152,Petrol,Manual,First,15.6,1196,70.02,5.0,2.39,FORD,FIGO PETROL ZXI
3129,2014,74663,CNG,Manual,First,33.54,998,67.04,5.0,3.25,MARUTI,WAGON R CNG LXI
3130,2014,61529,Petrol,Automatic,First,18.19,1197,103.5,5.0,5.65,VOLKSWAGEN,VENTO SPORT 1.2 TSI AT
3131,2010,91596,Diesel,Manual,First,14.95,2489,93.7,7.0,1.85,MAHINDRA,XYLO D2 BS III
3132,2019,14298,Petrol,Automatic,First,13.33,2995,340,5.0,2.02,PORSCHE,CAYENNE BASE
3133,2013,83327,Diesel,Manual,First,19.3,1248,73.9,5.0,5.8,MARUTI,SWIFT DZIRE VDI
3134,2017,22857,Petrol,Manual,First,16.2,1199,74,5.0,6.9,VOLKSWAGEN,POLO 1.2 MPI HIGHLINE PLUS
3135,2013,34620,Petrol,Manual,Second,17.01,1591,121.3,5.0,5.35,HYUNDAI,VERNA 1.6 VTVT
3136,2010,56000,Petrol,Manual,First,19.81,1086,68.05,5.0,2.85,HYUNDAI,I10 ERA 1.1
3137,2014,81000,Diesel,Automatic,First,13.0,2143,204,5.0,22.75,MERCEDES-BENZ,E-CLASS E250 CDI LAUNCH EDITION
3138,1998,95150,Petrol,Manual,Third,17.3,993,60,5.0,0.45,MARUTI,ZEN LXI
3139,2013,32776,Petrol,Manual,First,20.36,1197,78.9,5.0,4.64,HYUNDAI,I10 SPORTZ
3140,2016,51587,Diesel,Manual,First,25.8,1498,98.6,5.0,5.27,HONDA,AMAZE S I-DTECH
3141,2016,36000,Diesel,Manual,First,14.1,2179,148,7.0,10.0,TATA,SAFARI STORME VX
3142,2015,22000,Petrol,Manual,First,18.5,1198,86.8,5.0,3.95,HONDA,BRIO 1.2 S MT
3143,2010,30754,Petrol,Manual,First,17.0,1197,80,5.0,3.38,HYUNDAI,I20 ASTA
3144,2018,37109,Petrol,Manual,First,14.69,1390,120.33,5.0,16.8,VOLKSWAGEN,JETTA 2012-2014 1.4 TSI
3145,2010,45000,Petrol,Manual,First,16.7,1198,88.8,5.0,1.99,HONDA,JAZZ SELECT EDITION
3146,2017,33284,Petrol,Manual,First,18.9,1197,82,5.0,5.84,HYUNDAI,GRAND I10 SPORTZ
3147,2016,55115,Diesel,Automatic,First,14.74,2993,270.9,5.0,36.15,JAGUAR,XF DIESEL
3148,2014,18000,Diesel,Automatic,First,16.36,2179,187.7,5.0,25.7,JAGUAR,XF 2.2 LITRE LUXURY
3149,2013,130790,Diesel,Manual,First,16.0,2179,140,7.0,9.24,MAHINDRA,XUV500 W8 2WD
3150,2015,16607,Diesel,Manual,First,22.7,1598,118,5.0,7.65,MARUTI,S CROSS DDIS 320 ALPHA
3151,2015,32205,Diesel,Automatic,First,17.11,1968,174.33,5.0,25.31,AUDI,A4 2.0 TDI 177 BHP PREMIUM PLUS
3152,2013,67000,Diesel,Manual,First,19.01,1461,108.45,5.0,4.75,RENAULT,DUSTER 110PS DIESEL RXZ
3153,2014,57676,Petrol,Manual,First,19.1,1197,85.8,5.0,6.69,MARUTI,SWIFT DZIRE VXI
3154,2012,41000,Petrol,Manual,First,16.47,1198,73.9,5.0,3.1,VOLKSWAGEN,POLO PETROL TRENDLINE 1.2L
3155,2012,65000,Petrol,Manual,First,19.7,796,35,8.0,1.55,MARUTI,OMNI 8 SEATER BSII
3156,2019,12153,Petrol,Automatic,First,18.9,1197,81.86,5.0,6.84,HYUNDAI,GRAND I10 1.2 KAPPA MAGNA AT
3157,2014,16810,Petrol,Manual,First,25.4,624,37.5,4.0,1.6,TATA,NANO TWIST XT
3158,2017,61221,Petrol,Automatic,First,17.84,1395,147.51,5.0,21.73,AUDI,A4 30 TFSI PREMIUM PLUS
3159,2015,22000,Petrol,Manual,First,16.47,1198,74,5.0,4.75,VOLKSWAGEN,POLO 1.2 MPI HIGHLINE
3160,2015,63714,Petrol,Manual,First,22.74,796,47.3,5.0,2.45,MARUTI,ALTO 800 LXI
3161,2019,14857,Diesel,Automatic,First,20.7,1496,113.98,5.0,31.55,MINI,COOPER 5 DOOR D
3162,2012,69000,Diesel,Automatic,Second,15.2,1968,140.8,5.0,10.25,AUDI,A4 NEW 2.0 TDI MULTITRONIC
3163,2019,14648,Diesel,Manual,First,12.62,2198,158,7.0,27.36,FORD,ENDEAVOUR TITANIUM 4X2
3164,2013,100000,Petrol,Manual,Second,15.8,1499,110,5.0,6.5,FORD,ECOSPORT 1.5 TI VCT MT TITANIUM
3165,2016,22000,Petrol,Manual,First,18.9,1197,82,5.0,4.25,HYUNDAI,GRAND I10 MAGNA
3166,2014,10000,Petrol,Manual,First,18.2,1199,82.4,5.0,5.5,CHEVROLET,SAIL 1.2 LS
3167,2015,107000,Petrol,Manual,First,20.85,1197,83.14,5.0,4.0,MARUTI,SWIFT DZIRE LXI
3168,2017,48198,Petrol,Manual,First,17.57,1193,88.7,5.0,4.65,TATA,ZEST REVOTRON 1.2T XM
3169,2015,15000,Diesel,Automatic,First,19.27,2143,170,5.0,28.5,MERCEDES-BENZ,NEW C-CLASS C 220 CDI AVANTGARDE
3170,2014,80073,Diesel,Manual,First,17.3,1998,163.7,5.0,7.11,CHEVROLET,CRUZE LTZ
3171,2013,85388,Diesel,Manual,First,21.1,1248,73.9,5.0,3.9,MARUTI,RITZ VDI
3172,2017,14700,Petrol,Manual,First,18.9,1197,81.86,5.0,5.6,HYUNDAI,GRAND I10 1.2 KAPPA SPORTZ OPTION
3173,2012,150000,Diesel,Manual,Third,28.4,1248,73.75,5.0,2.25,MARUTI,DZIRE LDI
3174,2011,34994,Diesel,Manual,First,22.32,1582,126.32,5.0,3.9,HYUNDAI,VERNA 1.6 SX
3175,2014,82536,Diesel,Automatic,First,14.74,2993,270.9,5.0,28.63,JAGUAR,XF DIESEL
3176,2013,82000,Petrol,Automatic,First,13.7,1798,157.75,5.0,7.25,SKODA,SUPERB ELEGANCE 1.8 TSI AT
3177,2006,52000,Petrol,Manual,Second,18.9,998,67.1,5.0,2.0,MARUTI,WAGON R LXI
3178,2011,20000,Petrol,Manual,First,16.47,1198,73.9,5.0,3.5,VOLKSWAGEN,POLO PETROL HIGHLINE 1.2L
3179,2011,55000,Petrol,Manual,First,14.8,1799,130.2,5.0,5.0,HONDA,CIVIC 2010-2013 1.8 S MT
3180,2015,47001,CNG,Manual,First,20.0,1196,63,5.0,3.72,MARUTI,EECO CNG 5 SEATER AC
3181,2014,52000,Petrol,Manual,First,22.5,998,67.04,5.0,3.45,MARUTI,WAGON R VXI
3182,2013,43284,Diesel,Manual,First,23.4,1248,74,5.0,4.5,MARUTI,SWIFT DZIRE VDI
3183,2018,23875,Petrol,Automatic,First,13.0,1591,121.3,5.0,14.36,HYUNDAI,CRETA 1.6 SX PLUS PETROL AUTOMATIC
3184,2016,51866,Petrol,Manual,First,18.9,1197,82,5.0,5.5,HYUNDAI,GRAND I10 ASTA
3185,2013,69000,Diesel,Manual,First,23.08,1461,63.1,5.0,3.0,NISSAN,MICRA DIESEL XV PREMIUM
3186,2017,62788,Petrol,Manual,First,18.9,1197,81.86,5.0,6.08,HYUNDAI,GRAND I10 1.2 KAPPA ASTA
3187,2013,150000,Diesel,Manual,First,20.54,1598,103.6,5.0,5.0,VOLKSWAGEN,VENTO DIESEL HIGHLINE
3188,2015,47566,Diesel,Automatic,First,12.55,2982,168.5,7.0,20.25,TOYOTA,FORTUNER 4X2 AT
3189,2002,67000,Petrol,Manual,Third,0.0,999,,5.0,1.2,HYUNDAI,SANTRO GS ZIPDRIVE - EURO II
3190,2018,20300,Diesel,Automatic,First,11.36,2755,171.5,7.0,18.0,TOYOTA,INNOVA CRYSTA 2.8 GX AT
3191,2015,48300,Diesel,Automatic,First,20.0,2143,107.3,5.0,17.5,MERCEDES-BENZ,A CLASS A180 CDI
3192,2013,30000,Petrol,Manual,First,21.1,814,55.2,5.0,2.1,HYUNDAI,EON D LITE
3193,2012,36000,Diesel,Manual,Second,22.7,1582,126.24,5.0,7.5,HYUNDAI,ELANTRA CRDI SX
3194,2015,27641,Diesel,Automatic,Second,20.7,1496,113.98,4.0,24.77,MINI,COOPER 3 DOOR D
3195,2015,60000,Diesel,Manual,First,19.64,1461,108.45,5.0,8.65,RENAULT,DUSTER 110PS DIESEL RXZ OPTION
3196,2019,9000,Diesel,Automatic,First,10.91,3198,197,7.0,35.5,FORD,ENDEAVOUR 3.2 TITANIUM AT 4X4
3197,2014,60750,Petrol,Manual,First,14.28,1798,138.03,5.0,10.5,TOYOTA,COROLLA ALTIS GL MT
3198,2018,9000,Diesel,Manual,First,14.0,2179,155,7.0,13.0,MAHINDRA,XUV500 W7
3199,2012,41100,Diesel,Automatic,First,16.77,2993,261.49,5.0,26.5,BMW,7 SERIES 730LD DESIGN PURE EXCELLENCE CBU
3200,2004,60000,Petrol,Manual,Second,17.3,1061,64,5.0,1.4,MARUTI,WAGON R LX BSIII
3201,2017,38424,Petrol,Manual,First,17.8,1497,117.3,5.0,7.51,HONDA,CITY I VTEC SV
3202,2014,50000,Diesel,Manual,First,22.9,1248,74,5.0,4.3,MARUTI,SWIFT VDI
3203,2015,19000,Petrol,Automatic,First,18.0,1497,117.3,5.0,8.95,HONDA,CITY I-VTEC CVT VX
3204,2015,58734,Diesel,Manual,First,20.77,1248,88.76,7.0,6.91,MARUTI,ERTIGA VDI
3205,2016,65257,Diesel,Manual,First,19.01,1461,108.45,5.0,9.75,RENAULT,DUSTER 110PS DIESEL RXZ
3206,2010,130000,Diesel,Manual,Second,19.3,1248,73.9,5.0,4.0,MARUTI,SWIFT DZIRE VDI
3207,2011,79000,Diesel,Manual,First,23.2,1248,73.94,5.0,3.65,MARUTI,RITZ VDI
3208,2013,78000,Diesel,Manual,First,15.1,2179,140,7.0,10.75,MAHINDRA,XUV500 W8 4WD
3209,2015,49133,Petrol,Manual,First,19.4,1198,86.8,5.0,4.51,HONDA,BRIO S MT
3210,2016,22769,Diesel,Automatic,First,0.0,2987,165,5.0,49.22,MERCEDES-BENZ,M-CLASS ML 350 4MATIC
3211,2014,54448,Diesel,Manual,First,21.02,1248,88.8,5.0,3.7,TATA,MANZA CLUB CLASS QUADRAJET90 LS
3212,2014,158793,Diesel,Manual,First,12.8,2494,102,7.0,12.99,TOYOTA,INNOVA 2.5 V DIESEL 7-SEATER
3213,2015,62088,Petrol,Manual,First,18.6,1197,85.8,5.0,4.15,MARUTI,SWIFT VXI
3214,2012,14800,Petrol,Manual,First,17.01,1591,121.3,5.0,4.4,HYUNDAI,VERNA 1.6 EX VTVT
3215,2015,26000,Petrol,Manual,First,17.3,1497,117.3,7.0,4.25,HONDA,MOBILIO S I VTEC
3216,2017,32005,Petrol,Manual,First,18.0,1198,86.7,5.0,4.25,HONDA,AMAZE S I-VTECH
3217,2017,35000,Petrol,Automatic,First,18.0,1497,117.3,5.0,7.7,HONDA,CITY I-VTEC CVT VX
3218,2015,52000,Diesel,Automatic,First,12.7,2179,187.7,5.0,39.75,LAND,ROVER RANGE ROVER 2.2L DYNAMIC
3219,2017,11000,Petrol,Manual,First,17.4,1497,117.3,5.0,8.5,HONDA,CITY I-VTEC V
3220,2008,62000,Petrol,Automatic,First,9.5,2997,231.1,5.0,7.0,MERCEDES-BENZ,E-CLASS 280 ELEGANCE
3221,2002,65134,Petrol,Manual,Third,13.8,1299,70,5.0,0.8,FORD,IKON 1.3 FLAIR
3222,2013,71000,Diesel,Manual,First,13.0,2982,168.5,7.0,15.25,TOYOTA,FORTUNER 4X2 MANUAL
3223,2008,51366,Petrol,Manual,First,19.0,998,66.1,5.0,2.25,MARUTI,A-STAR VXI
3224,2016,46300,Diesel,Manual,First,14.07,1948,83.1,7.0,4.85,TATA,SUMO EX
3225,2012,60908,Petrol,Automatic,Second,15.6,1497,116.3,5.0,6.42,HONDA,CITY V AT
3226,2012,93450,Diesel,Manual,Second,23.19,1461,63.12,5.0,2.5,NISSAN,MICRA XV D
3227,2011,104000,Diesel,Automatic,First,19.08,1582,126.32,5.0,5.75,HYUNDAI,VERNA SX CRDI AT
3228,2003,52000,Petrol,Manual,First,16.1,796,37,4.0,0.5,MARUTI,800 STD
3229,2015,42999,Diesel,Manual,First,15.1,2179,140,7.0,11.52,MAHINDRA,XUV500 W8 4WD
3230,2014,90000,Diesel,Manual,First,21.5,1248,88.8,5.0,4.5,MARUTI,SX4 VDI
3231,2013,72000,Petrol,Automatic,First,15.0,1396,98.6,5.0,4.75,HYUNDAI,I20 SPORTZ AT 1.4
3232,2019,54321,Diesel,Manual,First,19.67,1582,126.2,5.0,13.54,HYUNDAI,CRETA 1.6 CRDI SX
3233,2015,59630,Diesel,Automatic,First,13.0,2143,201.1,5.0,23.41,MERCEDES-BENZ,E-CLASS E250 CDI AVANTGRADE
3234,2013,116000,Diesel,Automatic,Second,12.55,2982,168.5,7.0,19.25,TOYOTA,FORTUNER 4X2 AT
3235,2015,34000,Diesel,Automatic,First,9.0,1984,181,5.0,20.0,VOLVO,S60 D4 KINETIC
3236,2011,70000,Diesel,Automatic,First,14.21,2143,203,5.0,13.0,MERCEDES-BENZ,E-CLASS 2009-2013 E250 CDI AVANTGARDE
3237,2010,80000,Petrol,Manual,First,10.2,2354,180,5.0,3.99,HONDA,ACCORD 2.4 ELEGANCE M/T
3238,2015,110000,Diesel,Manual,First,25.8,1498,98.6,5.0,4.65,HONDA,AMAZE S I-DTECH
3239,2013,56454,Diesel,Manual,First,28.4,1248,73.75,5.0,4.65,MARUTI,DZIRE ZDI
3240,2013,60000,Petrol,Manual,First,18.6,1197,85.8,5.0,3.15,MARUTI,SWIFT LXI
3241,2013,56000,Petrol,Automatic,First,14.53,1798,138.1,5.0,8.25,TOYOTA,COROLLA ALTIS G HV AT
3242,2012,63000,Diesel,Automatic,Second,11.49,4367,335.3,5.0,65.0,LAND,ROVER RANGE ROVER VOGUE SE 4.4 SDV8
3243,2012,63000,Diesel,Manual,First,22.9,1248,74,5.0,4.5,MARUTI,SWIFT VDI
3244,2017,15050,Diesel,Manual,First,16.3,1956,170,5.0,17.5,JEEP,COMPASS 2.0 LIMITED OPTION 4X4
3245,2016,29401,Petrol,Manual,First,20.4,1197,81.80,5.0,4.31,MARUTI,SWIFT VXI BSIV
3246,2016,25238,Petrol,Manual,First,18.7,1199,88.7,5.0,6.2,HONDA,JAZZ 1.2 SV I VTEC
3247,2011,79000,Diesel,Manual,First,23.59,1364,,5.0,4.67,TOYOTA,ETIOS GD
3248,2011,58752,Petrol,Manual,First,16.47,1198,73.9,5.0,3.32,VOLKSWAGEN,POLO PETROL TRENDLINE 1.2L
3249,2011,62000,Petrol,Automatic,First,12.9,1799,130,5.0,3.75,HONDA,CIVIC 2006-2010 1.8 V AT
3250,2013,132000,Petrol,Manual,First,16.78,1496,88.73,5.0,4.7,TOYOTA,ETIOS G SP
3251,2016,51000,Petrol,Manual,First,17.01,1591,121.3,5.0,6.5,HYUNDAI,VERNA 1.6 SX VTVT
3252,2009,185200,Diesel,Manual,First,12.8,2494,102,8.0,7.25,TOYOTA,INNOVA 2.5 G4 DIESEL 8-SEATER
3253,2016,61717,Diesel,Manual,First,22.7,1598,118,5.0,8.94,MARUTI,SX4 S CROSS DDIS 320 ZETA
3254,2018,8896,Petrol,Manual,First,19.0,1194,94.68,5.0,7.34,FORD,FREESTYLE TITANIUM PLUS PETROL
3255,2016,17000,Petrol,Manual,First,21.4,1197,83.1,5.0,6.9,MARUTI,BALENO ALPHA 1.2
3256,2016,31378,Petrol,Manual,First,18.2,1199,88.7,5.0,5.9,HONDA,JAZZ V
3257,2013,114000,Diesel,Automatic,First,22.32,1582,126.3,5.0,6.75,HYUNDAI,VERNA 1.6 CRDI EX AT
3258,2014,81000,Diesel,Manual,First,25.8,1498,98.6,5.0,4.1,HONDA,AMAZE VX I-DTEC
3259,2017,31000,Diesel,Automatic,First,18.51,1968,147.51,5.0,27.0,AUDI,Q3 30 TDI PREMIUM FWD
3260,2014,35000,Petrol,Manual,First,15.0,1598,103.52,5.0,4.5,SKODA,RAPID 2013-2016 1.6 MPI AMBITION
3261,2013,60001,Diesel,Automatic,First,17.11,1968,174.33,5.0,14.5,AUDI,A4 2.0 TDI 177 BHP PREMIUM PLUS
3262,2014,75074,Diesel,Manual,First,23.4,1248,74,5.0,5.25,MARUTI,SWIFT DZIRE VDI
3263,2012,80000,Diesel,Manual,Second,22.3,1248,74,5.0,1.2,TATA,INDICA VISTA QUADRAJET LS
3264,2006,147350,Diesel,Manual,Second,12.99,2494,100.6,8.0,4.95,TOYOTA,INNOVA 2.5 G (DIESEL) 8 SEATER
3265,2013,60000,Diesel,Manual,First,19.64,1461,108.45,5.0,7.5,RENAULT,DUSTER 110PS DIESEL RXZ PLUS
3266,2015,7501,Petrol,Automatic,First,10.0,2996,333,4.0,48.0,MERCEDES-BENZ,E-CLASS E400 CABRIOLET
3267,2015,58000,Diesel,Manual,First,25.8,1498,98.6,5.0,4.45,HONDA,AMAZE S I-DTECH
3268,2018,29277,Diesel,Automatic,First,11.57,2987,254.79,5.0,59.65,MERCEDES-BENZ,GLE 350D
3269,2015,57034,Diesel,Manual,First,23.2,1248,73.94,5.0,4.38,MARUTI,RITZ VDI
3270,2016,40810,Diesel,Manual,First,28.09,1248,88.5,5.0,7.9,MARUTI,CIAZ ZDI PLUS SHVS
3271,2008,35268,Petrol,Manual,Second,0.0,1086,62,5.0,1.88,HYUNDAI,SANTRO XING GL
3272,2008,81000,Diesel,Automatic,Second,18.48,,,,10.5,BMW,5 SERIES 520D SEDAN
3273,2018,34630,Petrol,Automatic,First,21.4,1197,83.1,5.0,7.29,MARUTI,BALENO DELTA CVT
3274,2012,45122,Diesel,Manual,First,23.5,1498,88.7,5.0,6.0,FORD,FIESTA DIESEL TITANIUM PLUS
3275,2011,126000,Diesel,Manual,Third,16.0,2179,140,7.0,6.7,MAHINDRA,XUV500 W8 2WD
3276,2009,63000,Petrol,Manual,First,19.7,796,46.3,5.0,1.5,MARUTI,ALTO LXI
3277,2016,32298,Diesel,Automatic,First,20.7,1496,113.98,4.0,23.8,MINI,COOPER 3 DOOR D
3278,2014,63288,Diesel,Manual,First,15.1,2179,140,7.0,7.77,MAHINDRA,XUV500 W8 4WD
3279,2012,43337,Petrol,Manual,First,17.92,1086,62.1,5.0,3.32,HYUNDAI,SANTRO XING GLS
3280,2015,46561,Diesel,Manual,First,22.9,1248,74,5.0,4.94,MARUTI,SWIFT VDI
3281,2013,34000,Diesel,Automatic,Second,20.0,2143,107.3,5.0,11.0,MERCEDES-BENZ,A CLASS A180 CDI
3282,2016,48000,Petrol,Manual,First,25.17,799,53.3,5.0,3.4,RENAULT,KWID RXT
3283,2013,56263,Diesel,Manual,First,22.9,1248,74,5.0,4.17,MARUTI,SWIFT VDI
3284,2005,84060,Petrol,Manual,Second,17.3,993,60,5.0,1.25,MARUTI,ZEN LXI
3285,2016,9000,Petrol,Automatic,First,18.9,1197,82,5.0,5.45,HYUNDAI,GRAND I10 MAGNA AT
3286,2012,79000,Diesel,Manual,First,21.12,1248,88.8,5.0,2.59,TATA,MANZA AURA QUADRAJET BS IV
3287,2015,87900,Diesel,Manual,First,16.0,2179,140,7.0,12.01,MAHINDRA,XUV500 W10 AWD
3288,2010,72425,Petrol,Manual,Second,17.5,1197,85.8,5.0,2.45,MARUTI,SWIFT DZIRE 1.2 VXI BSIV
3289,2015,38000,Diesel,Automatic,First,15.73,1968,174.33,5.0,29.0,AUDI,Q3 35 TDI QUATTRO PREMIUM PLUS
3290,2008,83000,Diesel,Manual,Second,17.8,1399,,5.0,2.4,FORD,FIESTA 1.4 SXI TDCI
3291,2010,107000,Diesel,Automatic,First,14.84,2143,170,5.0,11.99,MERCEDES-BENZ,NEW C-CLASS C 220 CDI ELEGANCE AT
3292,2015,51000,Petrol,Automatic,First,18.0,1497,117.3,5.0,7.9,HONDA,CITY I VTEC CVT VX
3293,2010,140000,Diesel,Manual,Third,12.8,2494,102,7.0,6.25,TOYOTA,INNOVA 2.5 GX 7 STR
3294,2011,48000,Petrol,Manual,Second,18.6,1199,79.4,5.0,1.8,CHEVROLET,BEAT LT
3295,2013,62000,CNG,Manual,First,26.6,998,58.16,5.0,2.8,MARUTI,WAGON R LXI CNG
3296,2015,31000,Petrol,Manual,First,18.7,1199,88.7,5.0,4.9,HONDA,JAZZ 1.2 S I VTEC
3297,2010,75055,Petrol,Manual,First,18.06,1198,75,5.0,2.25,NISSAN,MICRA XL PRIMO
3298,2017,51210,Petrol,Automatic,First,19.12,1373,91.1,5.0,8.89,MARUTI,CIAZ AT ZXI
3299,2012,87000,Diesel,Automatic,First,12.55,2982,168.5,7.0,15.0,TOYOTA,FORTUNER 4X2 AT
3300,2018,17000,Diesel,Manual,First,26.1,1498,99,5.0,5.65,FORD,ASPIRE AMBIENTE DIESEL
3301,2014,57000,Diesel,Manual,First,20.77,1248,88.8,7.0,7.0,MARUTI,ERTIGA ZDI
3302,2016,9370,Petrol,Manual,First,22.74,796,47.3,5.0,2.95,MARUTI,ALTO 800 LXI
3303,2013,53226,Petrol,Manual,First,19.4,1198,86.8,5.0,3.3,HONDA,BRIO V MT
3304,2010,120000,Diesel,Manual,Second,16.2,1493,110,5.0,3.5,HYUNDAI,VERNA TRANSFORM CRDI VGT SX ABS
3305,2007,75055,Petrol,Manual,First,12.8,1493,100,5.0,2.3,HONDA,CITY 1.5 GXI
3306,2017,37247,Diesel,Manual,First,19.67,1582,126.2,5.0,13.69,HYUNDAI,CRETA 1.6 CRDI SX
3307,2013,64000,Diesel,Manual,First,23.59,1364,67.06,5.0,3.1,TOYOTA,ETIOS LIVA GD
3308,2014,12000,Petrol,Manual,First,13.44,2359,198.25,5.0,12.75,HYUNDAI,SONATA TRANSFORM 2.4 GDI MT
3309,2017,40158,Diesel,Manual,First,19.67,1582,126.2,5.0,13.75,HYUNDAI,CRETA 1.6 CRDI SX OPTION
3310,2017,11000,Petrol,Manual,First,18.7,1199,88.7,5.0,6.75,HONDA,JAZZ 1.2 SV I VTEC
3311,2014,70010,Diesel,Manual,First,20.54,1598,103.6,5.0,5.25,VOLKSWAGEN,VENTO DIESEL COMFORTLINE
3312,2015,82000,Diesel,Manual,First,16.0,2179,140,7.0,8.75,MAHINDRA,XUV500 W6 2WD
3313,2017,57259,Diesel,Manual,First,18.49,1493,100,7.0,8.87,MAHINDRA,TUV 300 2015-2019 T8
3314,2010,84000,Petrol,Automatic,Second,11.1,2354,142,5.0,6.5,HONDA,ACCORD 2001-2003 2.3 VTI L AT
3315,2012,168000,Diesel,Manual,First,20.77,1248,88.76,7.0,4.5,MARUTI,ERTIGA VDI
3316,2012,73670,Diesel,Manual,First,12.83,2696,162,7.0,12.5,MAHINDRA,SSANGYONG REXTON RX5
3317,2014,89540,Diesel,Automatic,First,12.55,2982,168.5,7.0,16.8,TOYOTA,FORTUNER 4X2 AT
3318,2016,85423,Diesel,Manual,First,20.77,1248,88.8,7.0,8.75,MARUTI,ERTIGA ZDI
3319,2013,48823,Diesel,Automatic,First,19.5,1582,126.24,5.0,8.5,HYUNDAI,ELANTRA CRDI SX AT
3320,2011,35082,Petrol,Manual,First,20.36,1197,78.9,5.0,2.21,HYUNDAI,I10 MAGNA 1.2
3321,2012,126000,Petrol,Manual,First,16.8,796,34.2,5.0,1.6,MARUTI,OMNI MPI STD BSIV
3322,2016,19000,Petrol,Automatic,First,15.5,1198,86.7,5.0,6.25,HONDA,AMAZE VX AT I-VTECH
3323,2007,69000,Petrol,Automatic,Second,12.9,1799,130,5.0,2.25,HONDA,CIVIC 2006-2010 1.8 V AT
3324,2019,29836,Diesel,Automatic,First,17.9,2143,136,5.0,25.75,MERCEDES-BENZ,CLA 200 CDI SPORT
3325,2010,48002,Petrol,Manual,Second,13.14,1798,157.8,5.0,6.75,SKODA,SUPERB 1.8 TFSI MT
3326,2015,52324,Diesel,Manual,First,28.09,1248,88.5,5.0,6.25,MARUTI,CIAZ ZDI PLUS SHVS
3327,2013,65000,Diesel,Manual,First,22.7,1498,89.84,5.0,5.1,FORD,ECOSPORT 1.5 DV5 MT TITANIUM OPTIONAL
3328,2009,66000,Diesel,Automatic,Second,8.7,2987,224.34,5.0,10.75,MERCEDES-BENZ,M-CLASS ML 320 CDI
3329,2016,75700,Diesel,Manual,First,24.0,1120,70,5.0,5.7,HYUNDAI,GRAND I10 CRDI SPORTZ
3330,2013,43000,Diesel,Manual,First,20.5,1598,105,5.0,5.95,VOLKSWAGEN,VENTO DIESEL BREEZE
3331,2012,42706,Diesel,Manual,First,25.44,936,56.3,5.0,2.4,CHEVROLET,BEAT DIESEL LT
3332,2013,35000,Diesel,Manual,First,17.21,1493,100,7.0,3.49,MAHINDRA,QUANTO C6
3333,2011,54348,Petrol,Automatic,First,19.2,1197,80,5.0,4.0,HYUNDAI,I10 ASTA 1.2 AT WITH SUNROOF
3334,2013,84000,Diesel,Manual,First,23.59,1364,67.04,5.0,3.85,TOYOTA,ETIOS LIVA 1.4 GD
3335,2010,63298,Petrol,Automatic,First,14.53,1794,138.1,5.0,3.95,TOYOTA,COROLLA ALTIS 2008-2013 1.8 VL AT
3336,2013,75049,Petrol,Manual,Second,20.36,1197,78.9,5.0,3.0,HYUNDAI,I10 MAGNA 1.2
3337,2018,24237,Petrol,Manual,First,18.16,1196,86.8,5.0,6.7,FORD,FIGO ASPIRE 1.2 TI-VCT TITANIUM
3338,2016,22767,Petrol,Manual,First,18.5,1197,85.80,5.0,6.14,MARUTI,RITZ ZXI
3339,2012,58000,Petrol,Automatic,Second,15.0,1396,98.6,5.0,4.4,HYUNDAI,I20 SPORTZ AT 1.4
3340,2017,57000,Diesel,Manual,First,26.59,1248,74,5.0,4.25,MARUTI,SWIFT DZIRE LDI
3341,2010,50161,Petrol,Automatic,First,8.77,4395,402,5.0,25.93,BMW,7 SERIES 2007-2012 750LI
3342,2016,45000,Diesel,Manual,First,22.7,1598,118,5.0,7.0,MARUTI,S CROSS DDIS 320 ALPHA
3343,2017,68319,Diesel,Automatic,First,12.55,2982,168.5,7.0,25.12,TOYOTA,FORTUNER 4X4 AT
3344,2017,30711,Petrol,Manual,First,20.3,998,68.05,5.0,4.45,HYUNDAI,EON 1.0 MAGNA PLUS OPTION O
3345,2011,38277,Diesel,Manual,First,21.9,1396,90,5.0,2.4,HYUNDAI,I20 1.4 CRDI MAGNA
3346,2012,115000,Diesel,Manual,Second,20.54,1598,103.6,5.0,4.33,VOLKSWAGEN,VENTO DIESEL HIGHLINE
3347,2017,46849,Petrol,Automatic,First,18.5,1197,83.14,5.0,6.93,MARUTI,SWIFT DZIRE VXI AT
3348,2014,64000,Diesel,Manual,First,21.9,1396,90,5.0,4.25,HYUNDAI,I20 MAGNA 1.4 CRDI
3349,2010,130923,Diesel,Automatic,First,14.21,2143,203,5.0,12.5,MERCEDES-BENZ,E-CLASS 2009-2013 E250 CDI BLUE EFFICIENCY
3350,2015,15000,Petrol,Manual,First,18.9,1197,82,5.0,4.9,HYUNDAI,GRAND I10 SPORTZ
3351,2014,32720,Diesel,Manual,First,23.0,1396,90,5.0,4.5,HYUNDAI,I20 1.4 CRDI SPORTZ
3352,2016,12500,Petrol,Manual,First,25.17,799,53.3,5.0,3.0,RENAULT,KWID RXT
3353,2015,59800,Petrol,Automatic,First,16.9,1197,82,5.0,5.8,HYUNDAI,XCENT 1.2 KAPPA AT SX OPTION
3354,2011,54211,Petrol,Manual,First,15.04,1598,103.6,5.0,3.33,VOLKSWAGEN,VENTO PETROL HIGHLINE
3355,2015,62242,Diesel,Automatic,First,14.39,1998,163.7,5.0,6.62,CHEVROLET,CRUZE LTZ AT
3356,2015,54000,Diesel,Manual,Second,19.01,1461,108.5,5.0,5.75,NISSAN,TERRANO XL 110 PS
3357,2012,65000,Diesel,Manual,First,22.32,1582,126.32,5.0,6.2,HYUNDAI,VERNA 1.6 SX
3358,2015,55000,Petrol,Automatic,First,23.1,998,67.04,5.0,3.5,MARUTI,CELERIO VXI AMT
3359,2010,71000,Petrol,Manual,First,18.9,998,67.1,5.0,2.0,MARUTI,WAGON R LXI
3360,2012,70000,Diesel,Manual,First,21.9,1396,88.8,5.0,4.0,HYUNDAI,I20 MAGNA OPTIONAL 1.4 CRDI
3361,2011,53000,Petrol,Automatic,First,12.3,1781,163.2,5.0,9.5,AUDI,A4 1.8 TFSI
3362,2013,43000,Diesel,Automatic,First,17.05,1995,184,5.0,17.5,BMW,X1 SDRIVE20D
3363,2015,54000,Petrol,Automatic,First,14.3,1598,103.52,5.0,6.11,SKODA,RAPID 1.6 MPI AT ELEGANCE PLUS
3364,2014,51000,Petrol,Manual,First,20.36,1197,78.9,5.0,3.75,HYUNDAI,I10 MAGNA
3365,2007,78000,Diesel,Manual,Second,10.5,2835,107.2,6.0,6.2,MITSUBISHI,PAJERO 2.8 GLX CRZ
3366,2014,25000,Diesel,Manual,First,26.0,1498,98.6,5.0,6.15,HONDA,CITY I DTEC SV
3367,2012,12600,Petrol,Manual,First,20.92,998,67.1,5.0,2.4,MARUTI,ALTO K10 2010-2014 VXI
3368,2009,80000,Diesel,Manual,Fourth & Above,17.8,1248,75,5.0,2.15,MARUTI,SWIFT LDI BSIII
3369,2016,21000,Petrol,Manual,First,18.9,1197,82,5.0,3.75,HYUNDAI,GRAND I10 MAGNA
3370,2011,32000,Petrol,Manual,Second,15.6,1196,70,5.0,2.15,FORD,FIGO PETROL ZXI
3371,2015,50000,Petrol,Manual,First,18.9,1197,81.86,5.0,4.75,HYUNDAI,GRAND I10 SPORTZ EDITION
3372,2010,47500,Petrol,Manual,First,15.5,1586,103.3,5.0,2.45,MARUTI,SX4 VXI BSIV
3373,2017,7500,Petrol,Manual,First,17.4,1497,117.3,5.0,11.15,HONDA,CITY I-VTEC VX
3374,2016,68163,Diesel,Automatic,First,19.6,1461,108.45,5.0,8.9,RENAULT,DUSTER 110PS DIESEL RXZ AMT
3375,2014,61000,Diesel,Manual,First,25.8,1498,98.6,5.0,4.35,HONDA,AMAZE S I-DTECH
3376,2015,100000,Diesel,Manual,Second,12.99,2494,100.6,7.0,12.0,TOYOTA,INNOVA 2.5 Z DIESEL 7 SEATER
3377,2009,61500,Diesel,Automatic,Second,16.07,1995,181,5.0,8.5,BMW,3 SERIES 320D HIGHLINE
3378,2017,42883,Petrol,Manual,First,19.81,1086,68.05,5.0,4.27,HYUNDAI,I10 MAGNA 1.1 ITECH SE
3379,2012,97000,Diesel,Manual,Second,20.45,1461,83.8,5.0,4.25,RENAULT,DUSTER 85PS DIESEL RXL OPTIONAL WITH NAV
3380,2010,39525,Petrol,Automatic,First,11.3,2360,170,5.0,9.25,MITSUBISHI,OUTLANDER 2.4
3381,2017,35384,Diesel,Manual,First,24.3,1248,88.5,5.0,8.61,MARUTI,VITARA BREZZA LDI
3382,2010,46000,Diesel,Automatic,First,11.8,2987,261,7.0,28.0,MERCEDES-BENZ,R-CLASS R350 CDI 4MATIC
3383,2018,32189,Diesel,Manual,First,23.0,1498,98.96,5.0,9.25,FORD,ECOSPORT 1.5 DIESEL TITANIUM
3384,2016,27000,Diesel,Automatic,First,19.08,1582,126.2,5.0,8.6,HYUNDAI,VERNA 1.6 CRDI AT SX OPTION
3385,2018,22734,Petrol,Manual,First,16.47,1198,74,5.0,7.53,VOLKSWAGEN,POLO 1.2 MPI HIGHLINE
3386,2014,58002,Diesel,Manual,First,19.64,1461,108.45,5.0,5.75,RENAULT,DUSTER 110PS DIESEL RXL
3387,2012,31500,Petrol,Automatic,First,16.5,1198,86.8,5.0,4.15,HONDA,BRIO S OPTION AT
3388,2017,30933,Petrol,Manual,First,18.16,1196,86.8,5.0,5.84,FORD,FIGO 2015-2019 1.2P TITANIUM MT
3389,2012,27090,Diesel,Automatic,First,18.53,1968,187.74,5.0,16.5,AUDI,A6 2.0 TDI DESIGN EDITION
3390,2015,29500,Diesel,Automatic,First,15.97,2993,258,7.0,43.0,BMW,X5 2014-2019 XDRIVE 30D DESIGN PURE EXPERIENCE 7 SEATER
3391,2013,45000,Petrol,Manual,First,20.36,1197,78.9,5.0,3.55,HYUNDAI,I10 SPORTZ OPTION
3392,2018,11691,Petrol,Manual,First,18.6,1197,81.83,5.0,8.9,HYUNDAI,I20 1.2 ASTA OPTION
3393,2006,121000,Diesel,Manual,Second,16.4,1896,90,5.0,2.5,SKODA,OCTAVIA L AND K 1.9 TDI MT
3394,2010,118077,Diesel,Manual,First,16.2,1493,110,5.0,3.85,HYUNDAI,VERNA TRANSFORM SX VGT CRDI
3395,2012,36300,Petrol,Automatic,Third,17.1,1591,121.4,5.0,7.5,HYUNDAI,VERNA 1.6 SX VTVT (O) AT
3396,2005,90000,Petrol,Manual,Second,15.3,1341,61,5.0,1.8,HYUNDAI,GETZ GVS
3397,2010,78000,Diesel,Manual,First,20.0,1399,68,5.0,2.25,FORD,FIGO DIESEL EXI
3398,2015,42000,Diesel,Automatic,First,17.68,1968,174.33,5.0,24.25,AUDI,A6 2011-2015 35 TDI TECHNOLOGY
3399,2015,27000,Petrol,Manual,First,16.47,1198,74,5.0,4.35,VOLKSWAGEN,POLO 1.2 MPI HIGHLINE
3400,2012,22000,Diesel,Automatic,First,17.05,1995,184,5.0,11.5,BMW,X1 SDRIVE20D
3401,2014,49000,Petrol,Manual,First,17.4,1497,117.3,5.0,4.75,HONDA,CITY I VTEC SV
3402,2012,42600,Diesel,Manual,First,23.0,1396,90,5.0,4.99,HYUNDAI,I20 SPORTZ OPTION DIESEL
3403,2018,12794,Petrol,Automatic,First,19.0,1199,88.7,5.0,9.15,HONDA,JAZZ 1.2 V CVT I VTEC
3404,2006,125000,Petrol,Manual,Fourth & Above,16.1,,,,2.35,MARUTI,SWIFT 1.3 VXI
3405,2014,88046,Petrol,Automatic,First,10.1,2354,152,5.0,13.99,HONDA,CR-V 2.4 AT
3406,2014,8000,Diesel,Automatic,Second,20.0,2143,107.3,5.0,19.75,MERCEDES-BENZ,A CLASS A180 CDI
3407,2018,82739,Diesel,Automatic,First,16.0,2179,140,7.0,16.77,MAHINDRA,XUV500 AT W10 AWD
3408,2006,193000,Diesel,Manual,Third,13.6,2523,63,7.0,2.5,MAHINDRA,BOLERO SLX 2WD
3409,2013,7000,Petrol,Automatic,First,17.97,1498,99.6,5.0,3.65,RENAULT,SCALA RXL AT
3410,2012,60000,Diesel,Automatic,Second,12.35,2179,187.74,5.0,23.5,LAND,ROVER FREELANDER 2 HSE SD4
3411,2017,38000,Petrol,Manual,First,22.74,796,47.3,5.0,3.11,MARUTI,ALTO 800 VXI
3412,2013,56344,Petrol,Manual,First,17.6,1496,88.73,5.0,4.57,TOYOTA,ETIOS G
3413,2014,17858,Petrol,Manual,First,17.0,1197,80,5.0,5.32,HYUNDAI,I20 SPORTZ OPTION
3414,2012,53000,Petrol,Manual,First,20.36,1197,78.9,5.0,3.2,HYUNDAI,I10 SPORTZ
3415,2016,67906,Diesel,Manual,First,25.2,1248,74,5.0,5.63,MARUTI,SWIFT VDI BSIV
3416,2015,19000,Petrol,Manual,First,21.1,814,55.2,5.0,3.0,HYUNDAI,EON MAGNA PLUS
3417,2010,67000,Diesel,Automatic,Second,22.69,1995,190,5.0,9.25,BMW,3 SERIES 320D
3418,2011,80000,Diesel,Manual,First,23.57,1396,70,5.0,1.2,TATA,INDIGO XL CLASSIC DICOR
3419,2015,61000,Petrol,Manual,First,22.74,796,47.3,5.0,2.15,MARUTI,ALTO 800 LXI
3420,2010,39000,Diesel,Manual,First,22.07,1199,73.9,5.0,3.05,VOLKSWAGEN,POLO DIESEL HIGHLINE 1.2L
3421,2014,59000,Petrol,Automatic,First,14.28,1798,138.03,5.0,11.5,TOYOTA,COROLLA ALTIS VL AT
3422,2008,80931,Petrol,Manual,First,17.92,1086,62.1,5.0,2.3,HYUNDAI,SANTRO XING GLS
3423,2016,34000,Petrol,Manual,First,20.4,1197,81.80,5.0,4.95,MARUTI,SWIFT ZXI
3424,2013,130000,Diesel,Manual,First,21.64,1461,84.8,5.0,4.75,RENAULT,SCALA DIESEL RXL
3425,2018,52380,Diesel,Manual,First,24.3,1248,88.5,5.0,10.15,MARUTI,VITARA BREZZA ZDI PLUS
3426,2011,44000,Petrol,Manual,First,18.06,1198,75,5.0,2.65,NISSAN,MICRA XV
3427,2015,84000,Diesel,Manual,First,20.0,1399,68.05,5.0,3.8,FORD,FIGO DIESEL EXI
3428,2017,41697,Petrol,Automatic,First,13.1,1997,141.1,5.0,16.68,HONDA,CR-V 2.0 AT
3429,2014,163000,Diesel,Manual,First,19.01,1461,108.5,5.0,5.0,NISSAN,TERRANO XV 110 PS
3430,2011,42000,Petrol,Manual,Second,17.71,1197,78.9,5.0,3.75,TOYOTA,ETIOS LIVA 1.2 G
3431,2013,129000,Diesel,Manual,Third,21.27,1396,88.76,5.0,4.11,HYUNDAI,I20 ASTA 1.4 CRDI
3432,2015,32200,Petrol,Manual,Second,18.16,1196,86.8,5.0,4.25,FORD,FIGO ASPIRE 1.2 TI-VCT AMBIENTE
3433,2004,129000,Diesel,Manual,First,10.5,2835,107.2,6.0,3.45,MITSUBISHI,PAJERO 2.8 GLX CRZ
3434,2014,40000,Diesel,Automatic,First,17.11,1968,174.33,5.0,22.5,AUDI,A4 2.0 TDI 177 BHP PREMIUM PLUS
3435,2006,150000,Petrol,Manual,First,12.4,1998,132,8.0,4.5,TOYOTA,INNOVA 2.0 E
3436,2007,140000,Petrol,Manual,First,15.26,1150,74.9,5.0,0.9,CHEVROLET,AVEO U-VA 1.2 LS
3437,2006,63181,Petrol,Manual,First,15.3,1341,83,5.0,1.85,HYUNDAI,GETZ GLS
3438,2013,39575,Diesel,Manual,First,25.8,1498,98.6,5.0,3.25,HONDA,AMAZE S I-DTECH
3439,2010,63600,Diesel,Manual,Second,17.8,1248,,5.0,3.1,MARUTI,SWIFT VDI BSIV W ABS
3440,2014,70374,Diesel,Manual,First,22.7,1498,89.84,5.0,7.34,FORD,ECOSPORT 1.5 DV5 MT TITANIUM OPTIONAL
3441,2015,26256,Diesel,Manual,First,20.14,1498,88.5,5.0,4.25,VOLKSWAGEN,CROSSPOLO 1.5 TDI
3442,2016,13460,Petrol,Manual,First,18.6,1197,81.86,5.0,6.45,HYUNDAI,ELITE I20 PETROL SPORTZ
3443,2011,122000,Diesel,Manual,Second,12.8,2494,102,8.0,10.75,TOYOTA,INNOVA 2.5 V DIESEL 8-SEATER
3444,2015,58589,Diesel,Automatic,First,15.26,2143,203.2,5.0,27.75,MERCEDES-BENZ,M-CLASS ML 250 CDI
3445,2005,115000,Petrol,Manual,Second,17.3,1061,64,5.0,0.99,MARUTI,WAGON R LX BSIII
3446,2016,75000,Diesel,Automatic,First,12.62,2198,158,7.0,24.0,FORD,ENDEAVOUR 2.2 TREND AT 4X2
3447,2016,30292,Petrol,Manual,First,18.6,1197,81.86,5.0,6.1,HYUNDAI,ELITE I20 PETROL SPORTZ
3448,2017,32248,Petrol,Manual,First,17.5,1199,88.7,5.0,8.25,HONDA,WRV I-VTEC VX
3449,2013,74000,Petrol,Manual,First,16.47,1198,73.9,5.0,4.65,VOLKSWAGEN,POLO PETROL HIGHLINE 1.2L
3450,2014,56100,Petrol,Manual,First,13.7,1997,153.86,5.0,9.75,HONDA,CR-V 2.0L 2WD MT
3451,2014,61325,Petrol,Manual,First,18.9,1197,81.86,5.0,4.4,HYUNDAI,GRAND I10 1.2 KAPPA ASTA
3452,2014,33000,Petrol,Manual,First,19.1,1197,85.8,5.0,3.99,MARUTI,SWIFT DZIRE VXI
3453,2016,18090,Diesel,Automatic,First,16.2,2993,258,5.0,45.73,BMW,5 SERIES 2003-2012 530D
3454,2014,71390,Diesel,Manual,First,22.7,1498,89.84,5.0,5.27,FORD,ECOSPORT 1.5 DV5 MT AMBIENTE
3455,2014,41000,CNG,Manual,First,26.2,998,58.2,5.0,3.5,MARUTI,WAGON R LXI CNG
3456,2016,67000,Diesel,Manual,First,26.0,1498,98.6,5.0,7.25,HONDA,CITY I DTEC V
3457,2008,99000,Diesel,Manual,Second,17.0,1405,70,5.0,1.6,TATA,INDIGO LS
3458,2014,142000,Diesel,Manual,Second,19.01,1461,108.45,5.0,6.0,RENAULT,DUSTER 110PS DIESEL RXL
3459,2010,26966,Petrol,Manual,First,20.36,1197,78.9,5.0,3.0,HYUNDAI,I10 SPORTZ
3460,2015,27628,Petrol,Manual,First,18.7,1199,88.7,5.0,4.95,HONDA,JAZZ 1.2 SV I VTEC
3461,2016,82497,Diesel,Manual,First,23.65,1248,88.5,5.0,8.99,MARUTI,SX4 S CROSS DDIS 200 ZETA
3462,2007,86000,Petrol,Manual,Third,11.9,2354,144,5.0,1.85,HONDA,ACCORD VTI-L MT
3463,2016,26981,Petrol,Manual,First,16.47,1198,73.9,5.0,6.16,VOLKSWAGEN,POLO PETROL COMFORTLINE 1.2L
3464,2010,110471,Diesel,Manual,First,21.1,1248,73.9,5.0,3.5,MARUTI,RITZ VDI
3465,2014,69000,Petrol,Manual,First,19.5,1199,88.76,5.0,4.5,HONDA,AMAZE S PETROL
3466,2017,12000,Petrol,Manual,First,18.6,1197,81.83,5.0,7.75,HYUNDAI,I20 1.2 ASTA OPTION
3467,2014,77500,Diesel,Manual,First,20.45,1461,83.8,5.0,6.6,RENAULT,DUSTER 85PS DIESEL RXL
3468,2014,48031,Petrol,Manual,First,18.9,1197,82,5.0,4.98,HYUNDAI,GRAND I10 MAGNA
3469,2008,170000,Diesel,Automatic,Third,16.07,1995,181,5.0,9.75,BMW,3 SERIES 320D HIGHLINE
3470,2014,69565,Diesel,Manual,First,22.7,1498,89.84,5.0,5.55,FORD,ECOSPORT 1.5 DV5 MT TREND
3471,2016,45492,Diesel,Automatic,First,21.5,1498,108.5,5.0,10.3,VOLKSWAGEN,VENTO 1.5 TDI HIGHLINE AT
3472,2011,85000,Petrol,Automatic,Second,11.7,2354,177.6,5.0,7.5,HONDA,ACCORD 2.4 AT
3473,2008,55902,Petrol,Manual,First,14.49,1399,92.7,5.0,1.8,CHEVROLET,AVEO 1.4
3474,2017,18500,Petrol,Manual,First,16.2,1199,74,5.0,6.25,VOLKSWAGEN,POLO 1.2 MPI HIGHLINE PLUS
3475,2015,129750,Diesel,Manual,Second,14.95,2489,93.7,7.0,6.8,MAHINDRA,XYLO D4 BS III
3476,2009,50902,Petrol,Automatic,First,19.2,1197,80,5.0,3.0,HYUNDAI,I10 MAGNA AT
3477,2015,84725,Diesel,Manual,First,15.1,2179,140,7.0,11.6,MAHINDRA,XUV500 W8 4WD
3478,2013,40000,Diesel,Manual,Second,22.7,1582,126.24,5.0,6.95,HYUNDAI,ELANTRA CRDI SX
3479,2010,60000,Petrol,Manual,Third,14.3,1798,160,5.0,3.5,VOLKSWAGEN,PASSAT 1.8 TSI MT
3480,2014,33496,Petrol,Manual,First,18.9,1197,81.86,5.0,5.5,HYUNDAI,GRAND I10 1.2 KAPPA SPORTZ
3481,2015,25000,Petrol,Manual,First,18.6,1197,81.83,5.0,5.65,HYUNDAI,I20 ASTA OPTION 1.2
3482,2013,71000,Diesel,Manual,First,18.2,1248,73.8,8.0,3.25,CHEVROLET,ENJOY TCDI LS 8 SEATER
3483,2015,20826,Petrol,Automatic,First,14.3,1598,103.6,5.0,7.72,SKODA,RAPID 1.6 MPI AT AMBITION PLUS ALLOY
3484,2016,42244,Diesel,Manual,First,19.67,1582,126.2,5.0,12.0,HYUNDAI,CRETA 1.6 CRDI SX
3485,2013,98598,Diesel,Manual,First,25.44,936,57.6,5.0,1.55,CHEVROLET,BEAT DIESEL PS
3486,2011,62100,Diesel,Manual,First,11.5,2982,171,7.0,10.75,TOYOTA,FORTUNER 3.0 DIESEL
3487,2016,44238,Petrol,Manual,First,18.6,1197,81.83,5.0,6.72,HYUNDAI,I20 SPORTZ OPTION 1.2
3488,2012,91743,Diesel,Automatic,First,12.07,2967,241.4,7.0,28.55,AUDI,Q7 3.0 TDI QUATTRO
3489,2013,19828,Diesel,Automatic,Second,17.85,2967,300,4.0,75.0,PORSCHE,PANAMERA DIESEL
3490,2016,36891,Petrol,Manual,First,17.8,1497,117.3,5.0,10.49,HONDA,CITY I VTEC VX
3491,2012,90049,Diesel,Manual,First,17.21,1493,100,7.0,3.8,MAHINDRA,QUANTO C4
3492,2012,74002,Diesel,Automatic,First,16.55,1968,140,5.0,18.5,AUDI,A4 2.0 TDI MULTITRONIC
3493,2013,41000,Petrol,Automatic,First,12.37,2359,198.25,5.0,6.0,HYUNDAI,SONATA TRANSFORM 2.4 GDI AT
3494,2012,83678,Diesel,Manual,First,22.32,1582,126.32,5.0,5.5,HYUNDAI,VERNA 1.6 SX
3495,2010,91000,Petrol,Manual,First,18.9,998,67.1,5.0,2.3,MARUTI,WAGON R LXI BS IV
3496,2016,50000,Diesel,Manual,First,24.52,1248,88.5,7.0,8.7,MARUTI,ERTIGA SHVS ZDI PLUS
3497,2015,58000,Diesel,Manual,First,24.4,1120,71.01,5.0,4.95,HYUNDAI,XCENT 1.1 CRDI S OPTION
3498,2012,80000,Diesel,Manual,First,22.9,1248,74,5.0,4.25,MARUTI,SWIFT VDI
3499,2017,41290,Diesel,Manual,Second,16.0,2179,140,7.0,10.94,MAHINDRA,XUV500 W6 2WD
3500,2013,65000,Diesel,Automatic,First,22.48,1995,190,5.0,21.26,BMW,5 SERIES 520D LUXURY LINE
3501,2016,16471,Petrol,Manual,Second,14.28,1798,138.03,5.0,11.5,TOYOTA,COROLLA ALTIS 1.8 G
3502,2015,54339,Diesel,Manual,Second,22.54,1396,88.73,5.0,6.0,HYUNDAI,I20 ASTA 1.4 CRDI
3503,2016,24025,Petrol,Manual,First,18.15,1198,82,6.0,4.1,MAHINDRA,KUV 100 MFALCON G80 K2
3504,2013,24027,Petrol,Manual,First,24.7,796,47.3,5.0,2.01,MARUTI,ALTO 800 2016-2019 LXI
3505,2010,59270,Petrol,Manual,First,15.7,1172,67,5.0,2.6,FIAT,PUNTO EVO 1.2 EMOTION
3506,2012,40000,Petrol,Manual,First,18.9,998,67.1,5.0,2.35,MARUTI,WAGON R VXI BS IV
3507,2012,155566,Diesel,Manual,Second,9.5,2835,118.6,6.0,9.15,MITSUBISHI,PAJERO 4X4 LHD
3508,2013,42320,Petrol,Manual,First,19.4,1198,86.8,5.0,2.9,HONDA,BRIO EX MT
3509,2017,24153,Diesel,Manual,Second,22.54,1396,88.73,5.0,9.18,HYUNDAI,I20 ASTA OPTION 1.4 CRDI
3510,2016,27000,Petrol,Automatic,First,13.0,1591,121.3,5.0,11.45,HYUNDAI,CRETA 1.6 SX PLUS PETROL AUTOMATIC
3511,2012,92000,CNG,Manual,Second,26.83,796,38.4,5.0,2.1,MARUTI,ALTO GREEN LXI (CNG)
3512,2017,61795,Petrol,Manual,First,17.8,1198,86.7,5.0,5.53,HONDA,AMAZE S I-VTEC
3513,2016,13500,Petrol,Manual,First,18.15,1198,82,6.0,3.75,MAHINDRA,KUV 100 MFALCON G80 K6 PLUS
3514,2018,4500,Petrol,Automatic,First,18.0,1497,117.3,5.0,12.5,HONDA,CITY I-VTEC CVT VX
3515,2017,23000,Diesel,Automatic,First,16.0,2179,140,7.0,15.5,MAHINDRA,XUV500 AT W10 FWD
3516,2011,65400,Petrol,Manual,First,0.0,1086,,5.0,2.1,HYUNDAI,SANTRO GLS I - EURO I
3517,2013,80578,Diesel,Automatic,Second,14.84,2143,170,5.0,14.5,MERCEDES-BENZ,NEW C-CLASS 220 CDI AT
3518,2017,42646,Diesel,Automatic,First,19.6,1461,108.45,5.0,12.46,RENAULT,DUSTER 110PS DIESEL RXZ AMT
3519,2014,30000,Petrol,Manual,Second,16.47,1198,74,5.0,5.25,VOLKSWAGEN,POLO 1.2 MPI COMFORTLINE
3520,2012,90000,Diesel,Automatic,First,18.48,,,,14.5,BMW,5 SERIES 520D SEDAN
3521,2009,98000,Diesel,Automatic,Second,13.5,2987,282,5.0,25.0,MERCEDES-BENZ,S CLASS 2005 2013 S 350 CDI
3522,2012,66400,Petrol,Manual,First,0.0,,,,2.66,HYUNDAI,SANTRO GLS II - EURO II
3523,2012,50000,Diesel,Automatic,First,12.9,2993,271.23,4.0,45.0,JAGUAR,XJ 3.0L PREMIUM LUXURY
3524,2015,63310,Diesel,Manual,First,28.4,1248,74,5.0,5.1,MARUTI,SWIFT VDI
3525,2014,66000,Diesel,Manual,First,25.8,1498,98.6,5.0,3.5,HONDA,AMAZE S I-DTECH
3526,2011,74000,Diesel,Automatic,Second,16.07,1995,181,5.0,12.5,BMW,3 SERIES 320D HIGHLINE
3527,2012,93000,Diesel,Manual,First,23.5,1396,88.7,5.0,5.55,HYUNDAI,VERNA 1.4 EX
3528,2015,70000,Diesel,Automatic,First,11.5,2982,169,7.0,19.48,TOYOTA,FORTUNER 4X2 4 SPEED AT
3529,2012,48772,Petrol,Manual,First,18.6,1197,85.8,5.0,3.91,MARUTI,SWIFT VXI
3530,2010,66000,Petrol,Manual,First,18.6,1199,79.4,5.0,2.19,CHEVROLET,BEAT LS
3531,2017,27417,Petrol,Automatic,First,18.9,1197,82,5.0,6.89,HYUNDAI,GRAND I10 ASTA OPTION AT
3532,2011,51593,Petrol,Manual,Second,15.6,1196,70,5.0,3.47,FORD,FIGO PETROL ZXI
3533,2008,86340,Petrol,Automatic,Second,9.1,2349,,5.0,3.25,NISSAN,TEANA 230JM
3534,2010,75000,Petrol,Manual,First,16.1,1298,88.2,5.0,2.85,MARUTI,SWIFT VXI BSIII
3535,2016,39237,Diesel,Automatic,First,17.11,1968,174.33,5.0,25.64,AUDI,A4 35 TDI PREMIUM
3536,2018,11966,Petrol,Manual,First,16.8,1497,116.3,5.0,10.28,HONDA,CITY V MT
3537,2015,37000,Petrol,Manual,First,18.2,1199,88.7,5.0,6.3,HONDA,JAZZ V
3538,2014,70920,Diesel,Manual,First,20.14,1498,88.8,5.0,4.75,VOLKSWAGEN,POLO 1.5 TDI HIGHLINE
3539,2013,65280,Diesel,Manual,First,19.87,1461,83.14,5.0,5.8,NISSAN,TERRANO XL D OPTION
3540,2016,62000,Diesel,Automatic,First,12.51,2179,187.7,7.0,44.5,LAND,ROVER DISCOVERY SPORT SD4 HSE LUXURY 7S
3541,2014,44525,Petrol,Manual,First,18.5,1197,82.9,5.0,4.65,HYUNDAI,I20 MAGNA OPTIONAL 1.2
3542,2009,86863,Petrol,Manual,First,17.0,1497,118,5.0,3.6,HONDA,CITY 1.5 E MT
3543,2015,102626,Diesel,Manual,First,16.0,2179,140,7.0,12.25,MAHINDRA,XUV500 W10 AWD
3544,2017,45000,Diesel,Manual,First,16.3,1956,170,5.0,20.0,JEEP,COMPASS 2.0 LIMITED OPTION 4X4
3545,2017,22000,Diesel,Manual,First,16.0,2179,140,7.0,16.0,MAHINDRA,XUV500 W10 AWD
3546,2011,108905,Diesel,Automatic,Second,11.79,2179,120,8.0,6.21,MAHINDRA,SCORPIO VLX 4WD AIRBAG AT BSIV
3547,2016,12800,Petrol,Manual,First,19.44,1198,67,7.0,3.25,DATSUN,GO PLUS T
3548,2016,32000,Diesel,Manual,First,15.4,2179,120,7.0,9.75,MAHINDRA,SCORPIO S6 PLUS 7 SEATER
3549,2014,39000,Petrol,Automatic,First,15.5,1198,86.7,5.0,4.45,HONDA,AMAZE S AT I-VTECH
3550,2017,42000,Diesel,Manual,First,25.6,1498,98.6,5.0,12.0,HONDA,CITY I-DTEC ZX
3551,2008,73000,Petrol,Manual,First,14.4,1396,65,5.0,0.8,TATA,INDIGO GLE
3552,2018,48000,Diesel,Manual,First,24.0,1186,73.97,5.0,5.95,HYUNDAI,GRAND I10 1.2 CRDI SPORTZ
3553,2015,18000,CNG,Manual,First,33.44,796,40.3,4.0,3.0,MARUTI,ALTO 800 2016-2019 CNG LXI
3554,2014,19000,Petrol,Manual,First,17.43,1396,105.5,5.0,5.25,HYUNDAI,VERNA 1.4 CX VTVT
3555,2019,33598,Diesel,Manual,First,13.68,2393,147.8,7.0,22.2,TOYOTA,INNOVA CRYSTA 2.4 VX MT
3556,2012,63000,Diesel,Automatic,First,17.05,1995,184,5.0,13.5,BMW,X1 SDRIVE20D
3557,2015,48000,Diesel,Automatic,First,16.96,1968,138.03,5.0,13.5,VOLKSWAGEN,JETTA 2013-2015 2.0L TDI HIGHLINE AT
3558,2014,66000,Diesel,Manual,First,20.0,1399,68.05,5.0,3.47,FORD,FIGO DIESEL ZXI
3559,2013,80000,Diesel,Automatic,Second,11.18,2696,184,7.0,9.5,MAHINDRA,SSANGYONG REXTON RX7
3560,2011,37000,Petrol,Manual,First,15.04,1598,103.6,5.0,4.8,VOLKSWAGEN,VENTO PETROL HIGHLINE
3561,2016,35058,Petrol,Manual,First,15.0,1598,103.52,5.0,6.54,SKODA,RAPID 1.6 MPI AMBITION WITH ALLOY WHEEL
3562,2012,52000,Petrol,Manual,First,16.47,1198,73.9,5.0,3.1,VOLKSWAGEN,POLO PETROL COMFORTLINE 1.2L
3563,2015,61313,Diesel,Manual,First,23.65,1248,88.5,5.0,7.99,MARUTI,S CROSS DDIS 200 DELTA
3564,2009,45000,Petrol,Manual,Second,14.53,1798,138.1,5.0,3.3,TOYOTA,COROLLA ALTIS G
3565,2015,74000,Diesel,Manual,First,20.77,1248,88.8,7.0,8.75,MARUTI,ERTIGA ZDI
3566,2013,89000,Petrol,Automatic,First,19.2,1197,80,5.0,4.19,HYUNDAI,I10 ASTA SUNROOF AT
3567,2019,13414,Diesel,Automatic,First,17.9,2143,136,5.0,30.77,MERCEDES-BENZ,CLA 200 CDI SPORT
3568,2006,95000,Petrol,Manual,Second,16.9,1497,100,5.0,2.11,HONDA,CITY ZX VTEC
3569,2018,15900,Petrol,Manual,First,18.15,1198,82,6.0,6.25,MAHINDRA,KUV 100 G80 K8
3570,2011,151000,Diesel,Manual,First,11.5,2982,171,7.0,11.4,TOYOTA,FORTUNER 3.0 DIESEL
3571,2011,65000,Petrol,Manual,First,17.0,1497,118,5.0,5.2,HONDA,CITY 1.5 V MT
3572,2017,36824,Diesel,Automatic,First,18.53,1968,187.74,5.0,39.84,AUDI,A6 35 TDI MATRIX
3573,2013,65287,Diesel,Manual,First,20.0,1399,68.05,5.0,4.45,FORD,FIGO DIESEL ZXI
3574,2014,52000,Diesel,Automatic,First,17.9,2143,136,5.0,19.5,MERCEDES-BENZ,GLA CLASS 200 CDI
3575,2007,33000,Petrol,Manual,First,15.26,1150,74.9,5.0,1.75,CHEVROLET,AVEO U-VA 1.2 LS
3576,2016,71000,Diesel,Manual,First,25.83,1498,99,5.0,5.1,FORD,FIGO 2015-2019 1.5D TITANIUM MT
3577,2013,71000,Diesel,Automatic,First,22.7,1582,126.2,5.0,6.8,HYUNDAI,ELANTRA CRDI SX AT
3578,2016,20000,Petrol,Automatic,First,21.4,1197,83.1,5.0,5.74,MARUTI,BALENO ZETA CVT
3579,2010,71000,Petrol,Manual,First,16.1,1197,85,5.0,3.3,MARUTI,SWIFT LXI BSIV
3580,2010,29000,Diesel,Automatic,First,9.9,3498,271.72,4.0,32.0,MERCEDES-BENZ,CLS-CLASS 2006-2010 350 CDI
3581,2016,27000,Diesel,Automatic,First,21.76,1995,190,5.0,35.0,BMW,3 SERIES LUXURY LINE
3582,2017,19000,Diesel,Automatic,First,28.4,1248,73.75,5.0,8.9,MARUTI,DZIRE AMT ZDI PLUS
3583,2011,58000,Petrol,Manual,Second,17.01,1591,121.3,5.0,4.0,HYUNDAI,VERNA 1.6 SX VTVT
3584,2018,42203,Diesel,Manual,First,17.1,1956,170,5.0,19.46,JEEP,COMPASS 2.0 LONGITUDE
3585,2009,94000,Diesel,Automatic,First,11.4,1991,142,5.0,5.25,HYUNDAI,SONATA EMBERA 2.0L CRDI AT
3586,2013,52000,CNG,Manual,Second,15.1,1196,73,5.0,2.6,MARUTI,EECO 5 STR WITH AC PLUS HTR CNG
3587,2018,4900,Diesel,Manual,First,21.5,1497,108.5,5.0,9.22,TATA,NEXON 1.5 REVOTORQ XZ PLUS DUAL TONE
3588,2013,70000,Petrol,Manual,First,21.1,814,55.2,5.0,1.8,HYUNDAI,EON ERA PLUS
3589,2005,100000,Diesel,Manual,Second,13.5,1405,,5.0,1.3,TATA,INDICA DLS
3590,2015,65266,Diesel,Automatic,First,14.69,2993,258,5.0,31.75,BMW,5 SERIES 2013-2017 530D M SPORT
3591,2014,54569,Diesel,Manual,First,20.77,1248,88.76,7.0,5.99,MARUTI,ERTIGA VDI
3592,2015,51361,Petrol,Manual,First,18.0,1198,86.7,5.0,4.94,HONDA,AMAZE E I-VTECH
3593,2007,125000,Petrol,Manual,Third,16.6,1388,68,5.0,1.5,FORD,FIESTA 1.4 DURATEC ZXI
3594,2008,66000,Petrol,Manual,Third,13.5,1799,130,5.0,3.25,HONDA,CIVIC 2006-2010 1.8 V MT
3595,2007,65047,LPG,Manual,First,17.3,1061,57.5,5.0,1.95,MARUTI,WAGON R LX DUO BSIII
3596,2014,22281,Diesel,Manual,First,20.77,1248,88.8,7.0,6.5,MARUTI,ERTIGA ZDI
3597,2013,63210,Diesel,Manual,First,24.0,1120,70,5.0,3.71,HYUNDAI,GRAND I10 CRDI SPORTZ
3598,2018,31000,Petrol,Manual,First,20.14,1197,81.86,5.0,5.0,HYUNDAI,XCENT 1.2 VTVT E PLUS
3599,2008,60000,Petrol,Manual,First,19.81,1086,68.05,5.0,1.99,HYUNDAI,I10 ERA
3600,2017,32006,Petrol,Manual,First,18.0,1198,86.7,5.0,4.25,HONDA,AMAZE S I-VTECH
3601,2009,78000,Diesel,Automatic,First,12.4,2698,179.5,5.0,8.0,AUDI,A6 2.7 TDI
3602,2011,9489,Petrol,Manual,First,20.36,1197,78.9,5.0,2.95,HYUNDAI,I10 MAGNA 1.2 ITECH SE
3603,2018,5000,Petrol,Manual,First,25.17,799,53.3,5.0,3.5,RENAULT,KWID RXT OPTIONAL
3604,2012,60000,Diesel,Automatic,Second,15.2,1968,140.8,5.0,16.0,AUDI,A4 NEW 2.0 TDI MULTITRONIC
3605,2015,50000,Petrol,Manual,First,22.74,796,47.3,5.0,2.75,MARUTI,ALTO 800 LXI AIRBAG
3606,2015,53000,Petrol,Manual,First,17.8,1497,117.3,5.0,6.95,HONDA,CITY I VTEC VX OPTION
3607,2011,64000,Petrol,Automatic,Second,11.74,1796,186,5.0,12.5,MERCEDES-BENZ,NEW C-CLASS C250 AVANTGARDE
3608,2017,43827,Diesel,Automatic,First,13.22,2967,241.4,5.0,36.83,AUDI,Q5 3.0 TDI QUATTRO TECHNOLOGY
3609,2011,36431,Petrol,Manual,First,16.2,1199,74,5.0,2.7,VOLKSWAGEN,POLO 1.2 MPI COMFORTLINE
3610,2017,35000,Diesel,Manual,First,21.38,1396,88.7,5.0,9.9,HYUNDAI,CRETA 1.4 E PLUS DIESEL
3611,2011,94832,Petrol,Manual,First,17.0,1497,118,5.0,3.83,HONDA,CITY 1.5 V MT
3612,2012,88381,Petrol,Manual,First,17.0,1497,118,5.0,5.25,HONDA,CITY 1.5 S MT
3613,2016,45194,Diesel,Manual,First,22.7,1598,118,5.0,7.75,MARUTI,S CROSS DDIS 320 ALPHA
3614,2010,66000,Petrol,Manual,Second,16.51,1586,103.2,5.0,2.46,MARUTI,SX4 VXI BSIV
3615,2014,38578,Diesel,Manual,First,23.4,1248,74,5.0,3.96,MARUTI,SWIFT DZIRE VDI
3616,2015,40000,Diesel,Manual,First,20.77,1248,88.8,7.0,8.25,MARUTI,ERTIGA ZDI
3617,2018,20632,Petrol,Manual,First,18.6,1197,81.83,5.0,7.58,HYUNDAI,I20 1.2 SPOTZ
3618,2014,73042,Diesel,Manual,First,24.0,1120,70,5.0,3.99,HYUNDAI,GRAND I10 CRDI MAGNA
3619,2014,54257,Petrol,Manual,First,17.4,1497,117.3,5.0,6.25,HONDA,CITY I VTEC SV
3620,2013,93000,Diesel,Manual,First,20.5,1598,103.5,5.0,5.0,SKODA,RAPID 1.6 TDI ELEGANCE
3621,2005,102000,Diesel,Automatic,Second,11.0,2987,198.5,5.0,4.65,MERCEDES-BENZ,E-CLASS E270 CDI
3622,2016,28881,Diesel,Automatic,First,13.01,2199,194.3,7.0,21.37,HYUNDAI,SANTA FE 4WD AT
3623,2007,52195,Petrol,Manual,First,19.7,796,46.3,5.0,1.75,MARUTI,ALTO LXI
3624,2018,20422,Diesel,Manual,First,12.4,2499,134,5.0,16.09,ISUZU,D-MAX V-CROSS 4X4
3625,2012,38000,Diesel,Manual,First,24.8,1396,88.7,5.0,4.1,HYUNDAI,VERNA 1.4 CRDI GL
3626,2015,92885,Diesel,Manual,First,20.0,1399,68,5.0,3.56,FORD,FIGO DIESEL ZXI
3627,2010,43000,Petrol,Manual,Second,17.0,1497,118,5.0,4.21,HONDA,CITY 1.5 S MT
3628,2016,70478,Diesel,Manual,First,17.8,1248,,5.0,6.86,MARUTI,SWIFT VDI BSIV W ABS
3629,2015,57000,Diesel,Manual,First,23.9,1582,126.2,5.0,6.6,HYUNDAI,VERNA 1.6 CRDI S
3630,2018,32434,Petrol,Automatic,First,13.0,1591,121.3,5.0,14.35,HYUNDAI,CRETA 1.6 SX PLUS PETROL AUTOMATIC
3631,2017,32000,Diesel,Manual,First,22.7,1498,89.84,5.0,9.5,FORD,ECOSPORT 1.5 DV5 MT TITANIUM
3632,2011,59000,Diesel,Automatic,First,11.2,2993,241,4.0,21.9,BMW,X6 XDRIVE30D
3633,2016,76467,Diesel,Automatic,First,18.12,1995,190,5.0,30.45,BMW,5 SERIES 2013-2017 520D LUXURY LINE
3634,2016,100000,Diesel,Manual,First,25.83,1498,99,5.0,5.1,FORD,FIGO ASPIRE 1.5 TDCI AMBIENTE
3635,2013,37086,Petrol,Automatic,First,17.0,1591,121.3,5.0,5.44,HYUNDAI,VERNA VTVT 1.6 AT EX
3636,2010,135000,Diesel,Manual,First,13.8,1399,68,5.0,1.6,FORD,IKON 1.4 TDCI DURATORQ
3637,2014,54862,Diesel,Automatic,First,17.68,1968,174.33,5.0,16.67,AUDI,A6 2011-2015 2.0 TDI
3638,2010,67758,Petrol,Manual,First,10.8,2354,,5.0,9.5,HONDA,CR-V SPORT
3639,2012,56200,Petrol,Automatic,First,15.0,1396,98.6,5.0,3.85,HYUNDAI,I20 2015-2017 SPORTZ AT 1.4
3640,2011,169006,Diesel,Manual,First,14.24,2755,174.5,7.0,10.64,TOYOTA,FORTUNER 2.8 4WD MT
3641,2016,20229,Petrol,Manual,First,25.17,799,53.3,5.0,3.5,RENAULT,KWID RXT
3642,2008,62000,Petrol,Manual,Third,18.0,995,62,5.0,1.1,CHEVROLET,SPARK 1.0 LT
3643,2011,51500,Petrol,Manual,Second,16.2,1599,103.2,5.0,2.6,HYUNDAI,VERNA TRANSFORM VTVT
3644,2012,69000,Diesel,Automatic,First,18.88,1995,184,5.0,18.5,BMW,3 SERIES 320D SPORT LINE
3645,2004,167000,Petrol,Manual,First,0.0,1086,,5.0,1.35,HYUNDAI,SANTRO XING XP
3646,2015,62476,Diesel,Manual,First,26.59,1248,74,5.0,7.95,MARUTI,SWIFT DZIRE VDI
3647,2017,60500,Diesel,Manual,First,25.4,1186,73.97,5.0,5.49,HYUNDAI,XCENT 1.2 CRDI E PLUS
3648,2017,17978,Petrol,Automatic,First,19.0,1199,88.7,5.0,6.95,HONDA,JAZZ V CVT
3649,2008,300000,Diesel,Manual,First,17.0,1405,70,5.0,1.0,TATA,INDIGO LS
3650,2013,123000,Diesel,Manual,Second,17.8,1399,67,5.0,4.45,FORD,FIESTA CLASSIC 1.4 DURATORQ CLXI
3651,2016,45296,Diesel,Manual,First,25.1,1248,88.5,5.0,6.99,MARUTI,S-CROSS ALPHA DDIS 200 SH
3652,2008,77325,Petrol,Manual,First,15.6,1586,104.68,5.0,3.51,MARUTI,SX4 ZXI WITH LEATHER BSIII
3653,2018,25858,Petrol,Automatic,First,21.4,1197,83.1,5.0,7.54,MARUTI,BALENO ZETA AUTOMATIC
3654,2016,120000,Diesel,Manual,First,23.2,1248,73.94,5.0,3.65,MARUTI,RITZ LDI
3655,2016,22000,Diesel,Automatic,First,19.5,1582,126.24,5.0,16.0,HYUNDAI,ELANTRA CRDI SX AT
3656,2012,11000,Petrol,Manual,First,16.2,995,62.1,5.0,1.4,CHEVROLET,SPARK 1.0 LT
3657,2017,3900,Petrol,Manual,First,18.6,1197,81.83,5.0,6.45,HYUNDAI,I20 1.2 SPOTZ
3658,2016,106092,Diesel,Manual,First,24.4,1120,71,5.0,4.4,HYUNDAI,XCENT 1.1 CRDI BASE
3659,2015,27000,Petrol,Automatic,First,19.0,1199,88.7,5.0,5.95,HONDA,JAZZ 1.2 V CVT I VTEC
3660,2013,11000,Petrol,Manual,First,19.4,1198,86.8,5.0,3.9,HONDA,BRIO S MT
3661,2016,39753,Diesel,Automatic,First,13.0,2143,201.1,5.0,35.28,MERCEDES-BENZ,E-CLASS E250 CDI AVANTGRADE
3662,2017,39800,Diesel,Manual,First,17.6,2179,153.86,7.0,14.25,TATA,HEXA XT
3663,2017,73000,Diesel,Manual,First,24.4,1120,71,5.0,4.5,HYUNDAI,XCENT 1.1 CRDI BASE
3664,2015,55000,Diesel,Manual,First,22.7,1498,89.84,5.0,7.5,FORD,ECOSPORT 1.5 DV5 MT TITANIUM OPTIONAL
3665,2017,18351,Petrol,Automatic,First,21.9,624,37.48,4.0,3.41,TATA,NANO XTA
3666,2013,45000,Petrol,Manual,Second,19.4,1198,86.8,5.0,3.25,HONDA,BRIO VX
3667,2016,112200,Diesel,Manual,First,24.52,1248,88.5,7.0,8.3,MARUTI,ERTIGA SHVS ZDI PLUS
3668,2010,29000,Petrol,Manual,First,20.36,1197,78.9,5.0,3.45,HYUNDAI,I10 SPORTZ 1.2
3669,2007,57309,Petrol,Manual,First,17.0,1086,,5.0,2.1,HYUNDAI,SANTRO XING XO
3670,2015,53392,Diesel,Manual,First,16.0,2179,140,7.0,11.95,MAHINDRA,XUV500 W10 2WD
3671,2010,71000,Diesel,Manual,First,20.54,1598,103.6,5.0,4.25,VOLKSWAGEN,VENTO DIESEL HIGHLINE
3672,2014,93000,Diesel,Manual,First,14.0,2179,138.1,7.0,8.25,TATA,SAFARI STORME 2012-2015 VX
3673,2010,119000,Petrol,Manual,First,10.2,2354,180,5.0,5.95,HONDA,ACCORD 2.4 ELEGANCE M/T
3674,2016,42225,Petrol,Manual,First,15.1,1196,73,7.0,4.3,MARUTI,EECO 7 SEATER STANDARD
3675,2012,65000,Diesel,Manual,First,22.9,1248,74,5.0,3.9,MARUTI,SWIFT VDI
3676,2016,27809,Petrol,Automatic,First,21.4,1197,83.1,5.0,6.41,MARUTI,BALENO ZETA AUTOMATIC
3677,2015,65100,Diesel,Manual,First,15.1,2179,140,7.0,8.36,MAHINDRA,XUV500 W8 2WD
3678,2014,51000,Petrol,Manual,First,19.1,1197,82,5.0,3.85,HYUNDAI,XCENT 1.2 KAPPA S
3679,2017,10000,Diesel,Automatic,First,19.27,2143,167.62,5.0,36.0,MERCEDES-BENZ,NEW C-CLASS C 220 CDI STYLE
3680,2011,54895,Petrol,Manual,First,13.14,1798,160,5.0,7.5,SKODA,SUPERB 1.8 TSI MT
3681,2015,80768,Diesel,Manual,First,20.14,1498,88.73,5.0,5.7,VOLKSWAGEN,CROSSPOLO 1.5 TDI
3682,2019,12076,Petrol,Manual,First,20.89,1197,81.80,5.0,5.5,MARUTI,IGNIS 1.2 DELTA
3683,2016,49000,Diesel,Manual,First,25.2,1248,74,5.0,5.9,MARUTI,SWIFT VDI BSIV
3684,2015,42366,Petrol,Manual,First,17.8,1497,117.3,5.0,7.75,HONDA,CITY I VTEC VX OPTION
3685,2010,68000,Diesel,Automatic,First,11.5,2993,235,5.0,18.0,BMW,5 SERIES 530D HIGHLINE SEDAN
3686,2008,122397,Diesel,Manual,First,17.5,1896,106,5.0,4.4,SKODA,LAURA AMBIENTE
3687,2017,50534,Petrol,Automatic,First,17.21,1197,103.5,5.0,8.27,VOLKSWAGEN,POLO GT TSI
3688,2014,55300,Diesel,Manual,First,19.87,1461,83.8,5.0,4.75,RENAULT,DUSTER 85PS DIESEL RXL
3689,2008,73095,Petrol,Automatic,First,16.8,1497,118,5.0,3.8,HONDA,CITY 1.5 S AT
3690,2011,51100,Diesel,Manual,First,20.54,1598,103.6,5.0,3.4,VOLKSWAGEN,VENTO DIESEL HIGHLINE
3691,2016,13436,Petrol,Manual,Second,18.9,1197,82,5.0,4.7,HYUNDAI,GRAND I10 SPORTZ
3692,2008,76000,Petrol,Manual,Second,16.6,1388,68,5.0,1.49,FORD,FIESTA 1.4 ZXI DURATEC
3693,2016,63141,Diesel,Manual,Second,24.4,1120,71,5.0,4.5,HYUNDAI,XCENT 1.1 CRDI S
3694,2014,74885,Diesel,Manual,First,25.8,1498,98.6,5.0,5.4,HONDA,AMAZE VX I-DTEC
3695,2016,14000,Petrol,Automatic,First,18.0,1497,117.3,5.0,11.5,HONDA,CITY I VTEC CVT VX
3696,2012,56000,Diesel,Manual,Second,20.4,1461,108.5,5.0,3.5,RENAULT,FLUENCE 1.5
3697,2010,46000,Diesel,Automatic,First,22.48,1995,190,5.0,16.5,BMW,5 SERIES 520D LUXURY LINE
3698,2012,51800,Petrol,Manual,First,15.5,1586,103.3,5.0,3.9,MARUTI,SX4 ZXI MT BSIV
3699,2007,81000,Petrol,Automatic,First,16.4,1497,78,5.0,3.25,HONDA,CITY ZX CVT
3700,2018,17370,Petrol,Manual,First,17.0,1198,73.75,5.0,5.84,VOLKSWAGEN,AMEO 1.2 MPI COMFORTLINE
3701,2016,18456,Petrol,Manual,First,17.0,1198,73.75,5.0,5.75,VOLKSWAGEN,AMEO 1.2 MPI COMFORTLINE
3702,2010,59000,Diesel,Automatic,First,16.55,1968,140,5.0,10.0,AUDI,A4 2.0 TDI MULTITRONIC
3703,2006,141537,Petrol,Manual,Second,18.9,998,67.1,5.0,1.05,MARUTI,WAGON R VXI
3704,2013,51000,Diesel,Automatic,First,19.08,1582,126.32,5.0,5.64,HYUNDAI,VERNA SX CRDI AT
3705,2019,29311,Diesel,Automatic,First,17.9,2143,170,5.0,50.97,MERCEDES-BENZ,GLC 220D 4MATIC STYLE
3706,2016,31000,Diesel,Automatic,First,21.76,1995,190,5.0,29.95,BMW,3 SERIES LUXURY LINE
3707,2014,80000,Diesel,Manual,Second,24.2,1498,98.6,7.0,4.85,HONDA,MOBILIO V OPTION I DTEC
3708,2016,33000,Diesel,Automatic,First,17.01,1582,126.2,5.0,14.5,HYUNDAI,CRETA 1.6 CRDI AT SX PLUS
3709,2011,71556,Petrol,Manual,First,17.0,1497,118,5.0,5.5,HONDA,CITY 1.5 S MT
3710,2011,85000,Diesel,Manual,First,17.8,1399,68,5.0,3.2,FORD,FIESTA 1.4 TDCI EXI
3711,2016,91000,Diesel,Manual,First,26.59,1248,74,5.0,4.5,MARUTI,SWIFT DZIRE LDI
3712,2015,73187,Diesel,Automatic,First,13.0,2143,204,5.0,30.72,MERCEDES-BENZ,E-CLASS E250 CDI LAUNCH EDITION
3713,2009,232000,Diesel,Manual,First,11.5,1991,147.9,7.0,3.5,CHEVROLET,CAPTIVA LT
3714,2007,127079,Diesel,Manual,First,12.8,2494,102,7.0,6.99,TOYOTA,INNOVA 2.5 V DIESEL 7-SEATER
3715,2014,58816,Diesel,Manual,First,17.21,1493,100,7.0,3.45,MAHINDRA,QUANTO C8
3716,2015,63818,Petrol,Manual,First,17.4,1497,117.3,5.0,6.57,HONDA,CITY I VTEC V
3717,2014,40000,Diesel,Automatic,First,17.11,1968,174.33,5.0,17.5,AUDI,A4 2.0 TDI 177 BHP PREMIUM PLUS
3718,2013,77445,Diesel,Manual,First,22.07,1199,73.9,5.0,3.75,VOLKSWAGEN,POLO DIESEL COMFORTLINE 1.2L
3719,2017,14000,Petrol,Automatic,First,14.8,1497,121.36,5.0,9.99,FORD,ECOSPORT 1.5 PETROL TITANIUM PLUS AT
3720,2012,85122,Diesel,Manual,First,12.99,2494,100,7.0,8.2,TOYOTA,INNOVA 2.5 G (DIESEL) 7 SEATER BS IV
3721,2005,123000,Petrol,Manual,Third,13.0,1493,100,5.0,1.1,HONDA,CITY 1.5 EXI
3722,2015,61000,CNG,Manual,First,22.1,1586,85.7,5.0,3.89,MARUTI,SX4 GREEN VXI (CNG)
3723,2015,63714,Petrol,Manual,First,24.7,796,47.3,5.0,2.45,MARUTI,ALTO 800 2016-2019 LXI OPTIONAL
3724,2009,53000,Diesel,Automatic,First,8.7,2987,224.34,5.0,13.75,MERCEDES-BENZ,M-CLASS ML 320 CDI
3725,2017,60000,Diesel,Manual,First,26.59,1248,74,5.0,3.0,MARUTI,SWIFT DZIRE LDI
3726,2017,33000,Diesel,Manual,First,24.3,1248,88.5,5.0,9.25,MARUTI,VITARA BREZZA ZDI PLUS DUAL TONE
3727,2013,31000,Diesel,Automatic,First,13.2,2400,215,5.0,17.65,VOLVO,S60 D5 SUMMUM
3728,2014,79000,Diesel,Automatic,First,12.55,2982,168.5,7.0,18.25,TOYOTA,FORTUNER 4X2 AT
3729,2013,67914,Diesel,Manual,First,23.0,1396,90,5.0,3.45,HYUNDAI,I20 SPORTZ OPTION DIESEL
3730,2015,58970,Diesel,Automatic,First,17.11,1968,174.33,5.0,23.75,AUDI,A4 35 TDI PREMIUM
3731,2013,60000,Diesel,Manual,Second,19.64,1461,108.5,5.0,5.45,NISSAN,TERRANO XV D PRE
3732,2017,35225,Petrol,Automatic,First,23.1,998,67.04,5.0,5.25,MARUTI,CELERIO ZXI AMT
3733,2005,69496,Petrol,Manual,First,15.9,1298,,5.0,1.1,MARUTI,ESTEEM VXI
3734,2012,62282,Petrol,Automatic,First,16.95,1197,78.9,5.0,2.9,HYUNDAI,I10 SPORTZ AT
3735,2010,80000,Diesel,Automatic,First,22.69,1995,190,5.0,14.2,BMW,3 SERIES 320D
3736,2018,43698,Petrol,Manual,First,18.9,1197,82,5.0,5.8,HYUNDAI,GRAND I10 SPORTZ
3737,2017,28052,Petrol,Automatic,First,18.9,1197,82,5.0,7.22,HYUNDAI,GRAND I10 ASTA OPTION AT
3738,2016,29091,Petrol,Manual,First,18.9,1197,81.86,5.0,4.87,HYUNDAI,GRAND I10 1.2 KAPPA SPORTZ
3739,2013,63000,Petrol,Manual,First,16.47,1198,74,5.0,3.3,VOLKSWAGEN,POLO 1.2 MPI COMFORTLINE
3740,2007,91000,Petrol,Manual,Second,17.7,1497,78,5.0,3.0,HONDA,CITY ZX EXI
3741,2014,30000,Diesel,Automatic,First,17.9,2143,136,5.0,26.0,MERCEDES-BENZ,GLA CLASS 200 CDI
3742,2017,24571,Petrol,Manual,First,14.0,796,35,5.0,2.9,MARUTI,OMNI 8 SEATER BSIV
3743,2014,45000,Petrol,Automatic,First,15.74,1591,121.3,5.0,7.5,HYUNDAI,VERNA 1.6 SX VTVT AT
3744,2015,24617,Petrol,Manual,First,22.74,796,47.3,5.0,2.36,MARUTI,ALTO 800 LXI
3745,2017,26927,Diesel,Manual,First,24.3,1248,88.5,5.0,11.39,MARUTI,VITARA BREZZA ZDI PLUS DUAL TONE
3746,2013,87736,Diesel,Manual,First,15.1,2179,140,7.0,7.02,MAHINDRA,XUV500 W8 2WD
3747,2016,35299,Diesel,Manual,First,24.3,1248,88.5,5.0,8.0,MARUTI,VITARA BREZZA ZDI
3748,2017,51612,Petrol,Manual,First,18.6,1197,81.83,5.0,7.11,HYUNDAI,I20 1.2 SPOTZ
3749,1998,55300,Diesel,Automatic,First,10.0,1796,157.7,5.0,3.9,MERCEDES-BENZ,E-CLASS 250 D W 210
3750,2009,65090,Petrol,Manual,First,19.7,796,46.3,5.0,2.15,MARUTI,ALTO LXI
3751,2013,40000,Petrol,Manual,First,18.0,1198,86.7,5.0,3.25,HONDA,AMAZE S I-VTECH
3752,2015,38467,Diesel,Automatic,First,12.65,2993,255,5.0,70.66,LAND,ROVER RANGE ROVER SPORT HSE
3753,2013,71904,Diesel,Manual,First,24.0,1120,70,5.0,4.61,HYUNDAI,GRAND I10 CRDI MAGNA
3754,2008,87000,Petrol,Manual,First,13.5,1799,130,5.0,2.35,HONDA,CIVIC 2006-2010 1.8 S MT
3755,2014,33000,Diesel,Manual,Second,24.0,1120,70,5.0,4.05,HYUNDAI,GRAND I10 CRDI MAGNA
3756,2009,22100,Petrol,Manual,Second,16.1,796,37,4.0,0.8,MARUTI,800 AC UNIQ
3757,2014,59589,Diesel,Manual,First,23.59,1364,67.1,5.0,5.6,TOYOTA,ETIOS LIVA DIESEL
3758,2015,44000,Diesel,Manual,First,22.54,1396,88.73,5.0,5.35,HYUNDAI,I20 MAGNA 1.4 CRDI
3759,2017,12000,Petrol,Manual,First,24.07,998,67.1,5.0,3.25,MARUTI,ALTO K10 VXI
3760,2012,66000,Diesel,Automatic,Second,17.05,1995,184,5.0,11.5,BMW,X1 SDRIVE20D
3761,2016,38009,Petrol,Automatic,First,23.1,998,67.04,5.0,4.25,MARUTI,CELERIO VXI AT
3762,2009,35000,Petrol,Automatic,Second,13.7,1798,157.75,5.0,4.45,SKODA,SUPERB ELEGANCE 1.8 TSI AT
3763,2009,70000,Diesel,Manual,First,14.0,2498,112,7.0,2.85,MAHINDRA,XYLO E4
3764,2014,86000,Diesel,Manual,First,15.1,2179,140,7.0,7.85,MAHINDRA,XUV500 W8 2WD
3765,2016,32000,Petrol,Manual,First,19.1,1197,85.8,5.0,5.3,MARUTI,SWIFT DZIRE VXI
3766,2017,15000,Petrol,Manual,First,18.88,999,123.24,5.0,8.0,FORD,ECOSPORT 1.0 ECOBOOST PLATINUM EDITION
3767,2014,69918,Diesel,Manual,First,21.43,1364,87.2,5.0,9.43,TOYOTA,COROLLA ALTIS DIESEL D4DG
3768,2012,39000,Petrol,Manual,First,18.5,1197,80,5.0,2.75,HYUNDAI,I20 2015-2017 1.2 MAGNA
3769,2018,1011,Diesel,Manual,First,20.37,1461,108.45,5.0,13.5,RENAULT,CAPTUR 1.5 DIESEL PLATINE MONO
3770,2009,85000,Diesel,Automatic,First,11.0,2987,198.5,5.0,9.99,MERCEDES-BENZ,E-CLASS 280 CDI
3771,2017,46663,Petrol,Manual,First,21.1,998,100,5.0,6.95,MARUTI,BALENO RS 1.0 PETROL
3772,2015,27000,Petrol,Automatic,First,17.97,1498,99.6,5.0,6.75,NISSAN,SUNNY 2011-2014 XL AT SPECIAL EDITION
3773,2015,15000,Petrol,Automatic,First,18.9,1197,82,5.0,5.5,HYUNDAI,GRAND I10 AT ASTA
3774,2018,10575,Petrol,Manual,First,21.56,1462,103.25,5.0,9.18,MARUTI,CIAZ ZETA
3775,2014,12500,Petrol,Manual,First,19.1,1197,82,5.0,4.15,HYUNDAI,XCENT 1.2 KAPPA S
3776,2012,52000,Diesel,Manual,First,22.32,1582,126.32,5.0,6.5,HYUNDAI,VERNA 1.6 SX CRDI (O)
3777,2015,49818,Petrol,Manual,First,21.5,1197,81.80,5.0,4.11,MARUTI,WAGON R VXI 1.2
3778,2008,90000,Diesel,Manual,Second,16.8,1493,110,5.0,2.25,HYUNDAI,VERNA CRDI
3779,2015,52207,Petrol,Manual,First,17.71,1197,78.9,5.0,4.56,TOYOTA,ETIOS LIVA G
3780,2013,167362,Diesel,Manual,First,11.68,2498,112,7.0,4.0,MAHINDRA,XYLO E4 ABS BS III
3781,2015,49894,Diesel,Manual,First,23.59,1364,67.06,5.0,5.27,TOYOTA,ETIOS LIVA GD
3782,2019,13024,Diesel,Manual,First,18.06,2523,63,7.0,9.11,MAHINDRA,THAR DI 4X4
3783,2010,128000,Diesel,Manual,Second,14.42,1995,147.6,5.0,6.2,NISSAN,X-TRAIL SLX MT
3784,2017,26023,Diesel,Automatic,First,11.36,2755,171.5,7.0,19.97,TOYOTA,INNOVA CRYSTA 2.8 ZX AT
3785,2016,42784,Diesel,Manual,First,21.38,1396,88.7,5.0,10.17,HYUNDAI,CRETA 1.4 CRDI S
3786,2014,115000,Diesel,Manual,First,28.4,1248,74,5.0,4.5,MARUTI,SWIFT VDI
3787,2019,30529,Diesel,Manual,First,23.9,1582,126.2,5.0,14.28,HYUNDAI,VERNA 1.6 CRDI SX OPTION
3788,2012,14814,Petrol,Manual,Second,19.7,796,46.3,5.0,2.47,MARUTI,ALTO LXI BSIII
3789,2016,58000,Diesel,Manual,First,23.65,1248,88.5,5.0,7.9,MARUTI,S CROSS DDIS 200 ALPHA
3790,2011,68128,Petrol,Manual,First,21.1,814,55.2,5.0,2.3,HYUNDAI,EON ERA
3791,2013,63220,Petrol,Manual,First,13.24,1598,102.5,5.0,6.5,NISSAN,TERRANO XL
3792,2016,30000,Petrol,Manual,First,21.1,814,55.2,5.0,3.25,HYUNDAI,EON ERA
3793,2017,27768,Diesel,Manual,First,20.65,1248,88.7,5.0,5.85,TATA,ZEST QUADRAJET 1.3 XT
3794,2014,53000,Diesel,Automatic,Second,14.21,2143,203,5.0,29.0,MERCEDES-BENZ,E-CLASS 2009-2013 E250 CDI ELEGANCE
3795,2014,87652,Diesel,Automatic,Second,14.16,1968,174.3,5.0,25.71,AUDI,Q5 2.0 TDI PREMIUM PLUS
3796,2008,94873,Petrol,Manual,Second,15.3,1596,101,5.0,1.85,FORD,FIESTA 1.6 ZXI LEATHER
3797,2015,56000,Diesel,Automatic,First,18.88,1995,184,5.0,22.75,BMW,3 SERIES 320D PRESTIGE
3798,2018,18678,Petrol,Manual,First,21.1,998,100,5.0,8.32,MARUTI,BALENO RS 1.0 PETROL
3799,2014,30000,Diesel,Automatic,First,14.21,2143,203,5.0,26.0,MERCEDES-BENZ,E-CLASS 2009-2013 E250 CDI BLUE EFFICIENCY
3800,2012,129000,Diesel,Automatic,First,12.8,2953,,,7.0,FORD,ENDEAVOUR HURRICANE LE
3801,2013,59000,Petrol,Manual,First,20.36,1197,78.9,5.0,3.45,HYUNDAI,I10 SPORTZ 1.2
3802,2017,13000,Petrol,Manual,First,18.9,1197,82,5.0,5.15,HYUNDAI,GRAND I10 ASTA OPTION
3803,2014,74325,Petrol,Manual,First,19.4,1198,86.8,5.0,3.51,HONDA,BRIO S MT
3804,2015,45000,Diesel,Manual,First,21.9,1396,88.76,5.0,3.45,HYUNDAI,I20 MAGNA 1.4 CRDI (DIESEL)
3805,2013,57000,Petrol,Manual,First,16.47,1198,73.9,5.0,3.75,VOLKSWAGEN,POLO PETROL HIGHLINE 1.2L
3806,2001,125943,Petrol,Manual,Second,13.0,1493,100,5.0,1.45,HONDA,CITY 1.5 EXI
3807,2008,80000,Diesel,Manual,First,18.7,1896,66,5.0,2.2,SKODA,OCTAVIA AMBIENTE 1.9 TDI
3808,2010,154000,Diesel,Manual,First,13.1,2499,141,7.0,7.99,FORD,ENDEAVOUR 2.5L 4X2
3809,2013,62000,Diesel,Manual,Second,18.3,1991,147.9,5.0,6.75,CHEVROLET,CRUZE LTZ
3810,2013,27000,Petrol,Automatic,First,14.0,,,,11.99,HONDA,CR-V AT WITH SUN ROOF
3811,2014,45000,Diesel,Manual,First,24.2,1498,98.6,7.0,5.0,HONDA,MOBILIO V I DTEC
3812,2012,105000,Diesel,Manual,Second,20.77,1248,88.76,7.0,5.9,MARUTI,ERTIGA VDI
3813,2013,26000,Petrol,Manual,First,18.9,1197,82,5.0,3.75,HYUNDAI,GRAND I10 SPORTZ
3814,2014,30900,Diesel,Automatic,First,14.74,2993,270.9,5.0,29.5,JAGUAR,XF 3.0 LITRE S PREMIUM LUXURY
3815,2014,48000,Petrol,Manual,First,18.0,1198,86.7,5.0,4.75,HONDA,AMAZE VX I-VTECH
3816,2011,112719,Diesel,Automatic,First,12.4,2698,179.5,5.0,11.5,AUDI,A6 2.7 TDI
3817,2017,5000,Petrol,Manual,First,18.6,1197,81.83,5.0,6.95,HYUNDAI,I20 1.2 SPOTZ
3818,2016,16000,Petrol,Manual,First,17.0,1198,73.75,5.0,5.4,VOLKSWAGEN,AMEO 1.2 MPI HIGHLINE PLUS 16
3819,2011,63000,Petrol,Automatic,First,13.4,1997,135.1,5.0,4.75,RENAULT,FLUENCE 2.0
3820,2011,28300,Petrol,Manual,First,24.07,998,67.1,5.0,2.15,MARUTI,ALTO K10 VXI
3821,2005,49000,Petrol,Manual,First,19.7,796,46.3,5.0,0.9,MARUTI,ALTO STD
3822,2016,12501,Petrol,Manual,First,20.51,998,67.04,5.0,3.5,MARUTI,WAGON R VXI BS IV
3823,2016,56628,Diesel,Manual,First,20.4,1248,92,5.0,5.85,FIAT,LINEA 1.3 EMOTION
3824,2010,105000,Diesel,Manual,First,19.3,1248,73.9,5.0,3.15,MARUTI,SWIFT DZIRE VDI BSIV
3825,2016,52126,Diesel,Manual,First,21.64,1461,84.8,5.0,6.0,RENAULT,SCALA DIESEL RXL
3826,2010,38000,Petrol,Manual,First,18.5,1197,80,5.0,2.23,HYUNDAI,I20 MAGNA
3827,2016,50000,Petrol,Manual,First,19.1,1197,82,5.0,2.5,HYUNDAI,XCENT 1.2 KAPPA SX OPTION
3828,2015,50230,Petrol,Manual,First,18.9,998,67.1,5.0,3.87,MARUTI,WAGON R LXI
3829,2014,31000,Diesel,Manual,First,15.1,2179,140,7.0,9.5,MAHINDRA,XUV500 W8 2WD
3830,2014,79000,Diesel,Automatic,First,12.55,2982,168.5,7.0,17.75,TOYOTA,FORTUNER 4X2 AT
3831,2012,130000,Diesel,Manual,First,19.64,1461,108.45,5.0,3.75,RENAULT,DUSTER 110PS DIESEL RXZ PLUS
3832,2010,115000,Petrol,Manual,Second,17.92,1086,62.1,5.0,1.5,HYUNDAI,SANTRO XING GLS
3833,2013,41500,Petrol,Manual,Second,17.01,1591,121.3,5.0,5.0,HYUNDAI,VERNA 1.6 SX VTVT
3834,2014,54385,Diesel,Automatic,Second,15.06,1995,177,5.0,17.0,BMW,X1 SDRIVE 20D EXCLUSIVE
3835,2011,56361,Petrol,Automatic,First,12.9,1799,130,5.0,4.38,HONDA,CIVIC 2006-2010 1.8 V AT
3836,2018,22000,Petrol,Automatic,First,15.26,1798,187.74,5.0,41.5,AUDI,A6 35 TFSI MATRIX
3837,2017,8000,Petrol,Manual,First,20.51,998,67.04,5.0,3.0,MARUTI,WAGON R LXI BS IV
3838,2018,28741,Diesel,Manual,First,24.3,1248,88.5,5.0,11.0,MARUTI,VITARA BREZZA ZDI PLUS DUAL TONE
3839,2012,117236,Diesel,Automatic,Second,11.8,2720,190,7.0,14.0,LAND,ROVER DISCOVERY 3 TDV6 DIESEL AUTOMATIC
3840,2016,30500,Diesel,Automatic,First,26.59,1248,74,5.0,7.65,MARUTI,DZIRE NEW
3841,2018,5000,Petrol,Manual,First,17.0,1591,121.3,5.0,8.7,HYUNDAI,VERNA VTVT 1.6 SX
3842,2016,42000,Diesel,Manual,First,25.47,1248,88.50,7.0,9.9,MARUTI,ERTIGA ZDI PLUS
3843,2010,32773,Petrol,Manual,First,13.2,1495,94,5.0,2.05,HYUNDAI,ACCENT GLE
3844,2016,19008,Petrol,Manual,First,17.0,1197,80,5.0,5.25,HYUNDAI,I20 1.2 SPORTZ
3845,2012,32542,Petrol,Manual,First,17.0,1591,121.3,5.0,5.77,HYUNDAI,VERNA VTVT 1.6 SX
3846,2010,94753,Petrol,Manual,First,19.7,796,46.3,5.0,1.95,MARUTI,ALTO LX
3847,2011,70000,Diesel,Manual,Second,12.05,2179,120,8.0,7.45,MAHINDRA,SCORPIO VLX
3848,2012,68347,Petrol,Manual,First,18.9,998,67.1,5.0,2.6,MARUTI,WAGON R LXI
3849,2011,72000,Petrol,Manual,Second,17.0,1197,80,5.0,3.25,HYUNDAI,I20 1.2 SPORTZ
3850,2010,75014,Diesel,Manual,First,21.1,1248,73.9,5.0,3.85,MARUTI,RITZ VDI
3851,2013,65000,Diesel,Automatic,Second,13.73,1995,148,5.0,7.5,RENAULT,KOLEOS 2.0 DIESEL
3852,2012,55598,Diesel,Automatic,First,22.69,1995,190,5.0,11.5,BMW,3 SERIES 320D
3853,2013,50000,Petrol,Manual,First,19.4,1198,86.8,5.0,3.25,HONDA,BRIO V MT
3854,2003,44200,Petrol,Manual,Second,11.7,1997,134,5.0,1.5,HYUNDAI,SONATA GOLD
3855,2014,65000,Diesel,Manual,First,19.3,1248,73.9,5.0,5.31,MARUTI,SWIFT DZIRE VDI
3856,2013,49000,Diesel,Manual,First,16.0,2179,140,7.0,9.0,MAHINDRA,XUV500 W8 4WD
3857,2016,7200,Petrol,Manual,First,19.81,1086,68.05,5.0,3.59,HYUNDAI,I10 SPORTZ 1.1L
3858,2016,43152,Petrol,Manual,First,20.73,1373,91.1,5.0,7.35,MARUTI,CIAZ ZXI PLUS
3859,2013,112000,Diesel,Manual,First,12.8,2494,102,8.0,12.0,TOYOTA,INNOVA 2.5 V DIESEL 8-SEATER
3860,2017,23540,Petrol,Manual,First,18.9,1197,82,5.0,6.02,HYUNDAI,GRAND I10 SPORTZ
3861,2008,82160,Diesel,Manual,First,16.52,1991,123.7,5.0,2.57,CHEVROLET,OPTRA MAGNUM 2.0 LS BSIII
3862,2013,57000,Diesel,Manual,First,12.83,2696,162,7.0,12.45,MAHINDRA,SSANGYONG REXTON RX5
3863,2015,39335,Diesel,Manual,First,15.1,2179,140,7.0,12.63,MAHINDRA,XUV500 W8 2WD
3864,2014,62000,Petrol,Manual,Second,17.4,1497,117.3,5.0,7.75,HONDA,CITY I VTEC SV
3865,2014,60000,Diesel,Manual,First,22.7,1498,89.84,5.0,5.5,FORD,ECOSPORT 1.5 DV5 MT TITANIUM
3866,2015,35000,Petrol,Manual,First,18.6,1197,81.83,5.0,4.43,HYUNDAI,I20 SPORTZ 1.2
3867,2016,32345,Diesel,Automatic,First,17.9,2143,136,5.0,24.51,MERCEDES-BENZ,CLA 200 CDI SPORT
3868,2014,47000,Petrol,Manual,First,22.0,814,55,5.0,2.65,HYUNDAI,EON MAGNA
3869,2012,65537,CNG,Manual,Second,33.44,796,40.3,4.0,2.1,MARUTI,ALTO 800 2016-2019 CNG LXI
3870,2011,36000,Petrol,Manual,First,17.6,1496,88.7,5.0,3.2,TOYOTA,ETIOS G SAFETY
3871,2016,75000,Diesel,Manual,First,23.4,1248,74,5.0,4.25,MARUTI,SWIFT DZIRE TOUR LDI
3872,2008,38000,Petrol,Manual,First,19.7,796,46.3,5.0,1.1,MARUTI,ALTO LXI
3873,2015,57818,Petrol,Manual,First,23.1,998,67.04,5.0,4.3,MARUTI,CELERIO ZXI
3874,2015,45000,Diesel,Manual,First,22.7,1498,89.84,5.0,8.9,FORD,ECOSPORT 1.5 DV5 MT TITANIUM OPTIONAL
3875,2015,75055,Diesel,Manual,First,19.01,1461,108.5,5.0,6.5,NISSAN,TERRANO XV 110 PS LIMITED EDITION
3876,2009,65462,Petrol,Automatic,Third,11.1,2354,142,5.0,3.5,HONDA,ACCORD VTI-L AT
3877,2008,76206,Diesel,Manual,First,17.8,1248,75,5.0,4.25,MARUTI,SWIFT LDI BSIII
3878,2018,25948,Diesel,Automatic,First,16.0,2179,140,7.0,16.46,MAHINDRA,XUV500 AT W10 FWD
3879,2016,28500,Petrol,Manual,First,18.7,1199,88.7,5.0,5.95,HONDA,JAZZ 1.2 VX I VTEC
3880,2015,28004,Petrol,Manual,First,17.8,1497,117.3,5.0,7.1,HONDA,CITY I VTEC V
3881,2011,25000,Petrol,Manual,Second,15.7,1172,67,5.0,1.25,FIAT,GRANDE PUNTO 1.2 DYNAMIC
3882,2010,40000,Petrol,Manual,Second,19.5,1061,,,2.5,MARUTI,ESTILO LXI
3883,2013,82543,Petrol,Manual,First,16.02,1373,93.7,7.0,5.5,MARUTI,ERTIGA ZXI
3884,2013,30000,Petrol,Manual,First,18.44,1198,75,5.0,3.25,NISSAN,MICRA XL
3885,2010,27800,Petrol,Manual,First,17.0,1497,118,5.0,5.0,HONDA,CITY 1.5 V MT
3886,2016,33415,Petrol,Manual,First,16.78,1496,88.73,5.0,6.58,TOYOTA,ETIOS VX
3887,2013,38000,Diesel,Automatic,First,18.88,1995,184,5.0,19.5,BMW,3 SERIES 320D LUXURY LINE
3888,2017,41981,Petrol,Manual,First,18.7,1199,88.7,5.0,6.14,HONDA,JAZZ 1.2 SV I VTEC
3889,2013,77084,Diesel,Manual,First,28.4,1248,73.75,5.0,4.95,MARUTI,DZIRE VDI
3890,2013,71803,Diesel,Manual,First,20.5,1598,103.5,5.0,5.75,SKODA,RAPID 1.6 TDI ELEGANCE
3891,2013,73314,Diesel,Manual,First,15.1,2179,140,7.0,6.6,MAHINDRA,XUV500 W6 2WD
3892,2015,69053,Petrol,Automatic,First,18.9,1197,82,5.0,5.72,HYUNDAI,GRAND I10 AT ASTA
3893,2009,79782,Petrol,Manual,Second,17.0,1497,118,5.0,2.6,HONDA,CITY 1.5 V MT
3894,2010,250000,Diesel,Manual,Second,12.8,2494,102,7.0,6.5,TOYOTA,INNOVA 2.5 GX 7 STR
3895,2011,90000,Diesel,Manual,Second,15.1,2179,140,7.0,6.1,MAHINDRA,XUV500 W8 2WD
3896,2010,130000,Diesel,Manual,First,19.3,1248,73.9,5.0,3.85,MARUTI,SWIFT DZIRE VDI
3897,2013,65000,Petrol,Manual,Second,15.04,1598,103.6,5.0,4.5,VOLKSWAGEN,VENTO PETROL HIGHLINE
3898,2013,46496,Diesel,Manual,First,23.59,1364,,5.0,5.3,TOYOTA,ETIOS GD
3899,2013,76000,Diesel,Automatic,Second,16.55,1968,147.51,5.0,18.25,AUDI,A4 2.0 TDI
3900,2012,28002,Petrol,Manual,First,16.02,1373,93.7,7.0,5.75,MARUTI,ERTIGA LXI
3901,2010,63000,CNG,Manual,Second,14.53,1798,138,5.0,3.35,TOYOTA,COROLLA ALTIS 1.8 G CNG
3902,2010,70000,Petrol,Manual,Second,16.1,796,37,4.0,0.9,MARUTI,800 AC
3903,2011,66276,Petrol,Manual,First,17.0,1497,118,5.0,5.5,HONDA,CITY 1.5 V MT
3904,2014,45000,Petrol,Manual,First,19.1,1197,85.8,5.0,3.99,MARUTI,SWIFT DZIRE VXI
3905,2014,67000,Petrol,Automatic,First,19.16,2494,158.2,5.0,18.75,TOYOTA,CAMRY HYBRID
3906,2014,43068,Diesel,Manual,First,24.0,1120,70,5.0,3.5,HYUNDAI,GRAND I10 CRDI SPORTZ
3907,2016,40000,Diesel,Automatic,First,11.36,2755,171.5,8.0,16.45,TOYOTA,INNOVA CRYSTA 2.8 GX AT 8S
3908,2011,50436,Petrol,Manual,First,20.36,1197,78.9,5.0,3.65,HYUNDAI,I10 MAGNA
3909,2014,21000,Petrol,Automatic,First,18.9,1197,82,5.0,5.4,HYUNDAI,GRAND I10 AT ASTA
3910,2018,2000,Diesel,Manual,First,27.39,1248,74,5.0,8.7,MARUTI,BALENO ALPHA DIESEL
3911,2016,14500,Petrol,Automatic,First,14.67,1798,177.46,5.0,20.75,SKODA,SUPERB STYLE 1.8 TSI AT
3912,2010,68782,Diesel,Automatic,First,14.84,2143,170,5.0,12.5,MERCEDES-BENZ,NEW C-CLASS 220 CDI AT
3913,2011,35888,Diesel,Manual,First,21.1,1248,73.9,5.0,1.89,MARUTI,RITZ VDI
3914,2015,168205,Diesel,Manual,First,23.4,1248,74,5.0,4.0,MARUTI,SWIFT DZIRE TOUR LDI
3915,2012,47000,Petrol,Manual,First,14.8,1799,130.2,5.0,3.95,HONDA,CIVIC 2010-2013 1.8 V MT
3916,2015,93700,Diesel,Manual,First,24.52,1248,88.5,7.0,7.85,MARUTI,ERTIGA SHVS VDI
3917,2014,45000,Diesel,Manual,First,22.7,1582,126.24,5.0,7.0,HYUNDAI,ELANTRA CRDI SX
3918,2016,55547,Diesel,Automatic,First,12.55,2982,168.5,7.0,24.99,TOYOTA,FORTUNER 4X2 AT
3919,2013,69000,Petrol,Automatic,First,17.21,1197,103.6,5.0,4.5,VOLKSWAGEN,POLO GT TSI
3920,2005,88000,Diesel,Manual,Third,18.7,1896,66,5.0,1.25,SKODA,OCTAVIA CLASSIC 1.9 TDI MT
3921,2014,32400,Diesel,Manual,First,20.14,1498,88.8,5.0,3.95,VOLKSWAGEN,POLO 1.5 TDI TRENDLINE
3922,2012,79000,Petrol,Manual,Second,17.92,1086,62.1,5.0,1.6,HYUNDAI,SANTRO XING GL PLUS
3923,2004,110000,Petrol,Manual,First,13.2,1495,94,5.0,0.6,HYUNDAI,ACCENT GLE
3924,2014,45407,Petrol,Manual,Second,21.1,814,55.2,5.0,3.39,HYUNDAI,EON D LITE PLUS
3925,2011,136490,Diesel,Manual,First,12.8,2494,102,7.0,9.8,TOYOTA,INNOVA 2.5 V DIESEL 7-SEATER
3926,2017,19000,Diesel,Manual,First,26.8,1248,74,5.0,5.91,MARUTI,IGNIS 1.3 ZETA
3927,2017,19416,Petrol,Manual,First,21.56,1462,103.25,5.0,8.25,MARUTI,CIAZ ALPHA
3928,2012,15500,Petrol,Manual,First,17.5,1298,85.8,5.0,3.75,MARUTI,SWIFT DZIRE VXI
3929,2017,12538,Petrol,Automatic,First,18.0,1497,117.3,5.0,12.5,HONDA,CITY I VTEC CVT VX
3930,2015,62588,Diesel,Manual,First,17.8,1248,,5.0,5.95,MARUTI,SWIFT VDI BSIV W ABS
3931,2015,44328,Petrol,Manual,First,19.4,1198,86.8,5.0,3.8,HONDA,BRIO S MT
3932,2014,63000,Diesel,Manual,First,23.59,1364,67.04,5.0,4.35,TOYOTA,ETIOS LIVA GD
3933,2015,100000,Diesel,Automatic,First,13.5,2400,215,5.0,32.5,VOLVO,XC60 D5
3934,2015,103000,Petrol,Manual,First,15.64,1193,64.08,5.0,3.0,TATA,INDIGO CS EGVX
3935,2016,50296,Diesel,Automatic,Second,11.36,2755,171.5,7.0,19.0,TOYOTA,INNOVA CRYSTA 2.8 ZX AT
3936,2013,95500,Diesel,Manual,First,20.54,1598,103.6,5.0,5.0,VOLKSWAGEN,VENTO DIESEL HIGHLINE
3937,2014,72100,Diesel,Manual,First,22.7,1498,89.84,5.0,5.45,FORD,ECOSPORT 1.5 DV5 MT TITANIUM
3938,2010,19119,Petrol,Manual,First,18.9,998,67.1,5.0,2.7,MARUTI,WAGON R VXI
3939,2006,30000,Petrol,Manual,First,13.0,2987,210,5.0,10.75,MERCEDES-BENZ,S-CLASS 320 L
3940,2015,75600,Diesel,Manual,First,20.14,1498,88.8,5.0,5.8,VOLKSWAGEN,POLO 1.5 TDI HIGHLINE
3941,2007,137000,Petrol,Manual,Second,15.3,1193,65.3,5.0,0.95,TATA,INDICA GLS BS IV
3942,2002,53500,Petrol,Manual,Second,16.1,796,37,4.0,0.63,MARUTI,800 STD BSIII
3943,2018,26101,Diesel,Manual,First,17.1,1956,170,5.0,17.55,JEEP,COMPASS 2.0 LONGITUDE
3944,2016,7000,Petrol,Manual,First,24.07,998,67.1,5.0,3.0,MARUTI,ALTO K10 LXI OPTIONAL
3945,2013,50000,Diesel,Automatic,First,19.3,1968,141,5.0,15.0,SKODA,OCTAVIA ELEGANCE 2.0 TDI AT
3946,2016,30000,Diesel,Manual,First,26.59,1248,74,5.0,6.0,MARUTI,SWIFT DZIRE VDI OPTIONAL
3947,2016,38151,Diesel,Manual,First,28.09,1248,88.5,5.0,7.65,MARUTI,CIAZ VDI PLUS SHVS
3948,2009,116000,Diesel,Manual,Second,15.8,2148,170,5.0,8.5,MERCEDES-BENZ,NEW C-CLASS C 220 CDI CLASSIC
3949,2013,22000,Diesel,Manual,First,20.0,1399,68,5.0,2.25,FORD,FIGO DIESEL ZXI
3950,2010,60000,Petrol,Automatic,Second,14.53,1798,138.1,5.0,4.65,TOYOTA,COROLLA ALTIS VL
3951,2016,38000,Diesel,Manual,First,22.7,1598,118,5.0,7.85,MARUTI,SX4 S CROSS DDIS 320 ZETA
3952,2011,51928,Petrol,Manual,First,15.6,1196,70,5.0,3.46,FORD,FIGO PETROL ZXI
3953,2018,3000,Petrol,Automatic,First,19.0,1199,88.7,5.0,8.25,HONDA,JAZZ EXCLUSIVE CVT
3954,2006,67196,Petrol,Manual,First,17.3,993,60,5.0,1.25,MARUTI,ZEN LXI - BS III
3955,2012,100000,Diesel,Manual,Third,11.5,2982,171,7.0,16.0,TOYOTA,FORTUNER 3.0 DIESEL
3956,2015,65218,Diesel,Manual,First,26.21,1248,88.5,5.0,7.4,MARUTI,CIAZ ZDI PLUS
3957,2016,53886,Petrol,Manual,First,25.17,799,53.3,5.0,3.07,RENAULT,KWID RXT
3958,2011,50058,Petrol,Automatic,First,19.2,1197,80,5.0,3.84,HYUNDAI,I10 MAGNA AT
3959,2016,64000,Petrol,Automatic,First,23.1,998,67.04,5.0,4.2,MARUTI,CELERIO ZXI AT OPTIONAL
3960,2018,41641,Diesel,Manual,First,21.38,1396,88.7,5.0,10.82,HYUNDAI,CRETA 1.4 E PLUS DIESEL
3961,2016,44345,Diesel,Manual,First,27.3,1498,98.6,5.0,6.1,HONDA,JAZZ 1.5 SV I DTEC
3962,2011,45501,Petrol,Manual,First,17.0,1497,118,5.0,3.1,HONDA,CITY 1.5 S MT
3963,2001,104000,Petrol,Manual,Third,13.7,1468,85.8,5.0,1.0,MITSUBISHI,LANCER 1.5 SFXI
3964,2012,50297,Petrol,Manual,First,16.95,1498,97.6,5.0,4.69,NISSAN,SUNNY XE P
3965,2011,87000,Petrol,Automatic,First,11.7,2354,177.6,5.0,5.4,HONDA,ACCORD 2.4 AT
3966,2016,120000,Diesel,Manual,First,15.1,2179,140,7.0,12.0,MAHINDRA,XUV500 W8 2WD
3967,2018,17000,Petrol,Manual,First,18.6,1197,81.83,5.0,6.5,HYUNDAI,I20 1.2 MAGNA EXECUTIVE
3968,2014,100000,Diesel,Manual,First,23.08,1461,63.1,5.0,3.0,NISSAN,MICRA DIESEL XL
3969,2015,50979,Petrol,Automatic,First,19.12,1373,91.1,5.0,6.9,MARUTI,CIAZ AT ZXI
3970,2011,41000,Diesel,Manual,First,20.54,1598,103.6,5.0,4.0,VOLKSWAGEN,VENTO DIESEL TRENDLINE
3971,2011,24000,Petrol,Manual,First,17.0,1197,80,5.0,4.25,HYUNDAI,I20 ASTA
3972,2008,44738,Petrol,Manual,First,14.53,1798,138.1,5.0,5.1,TOYOTA,COROLLA ALTIS G
3973,2014,37298,Diesel,Manual,First,25.1,1498,98.6,5.0,4.9,HONDA,CITY I DTEC VX
3974,2014,42000,Petrol,Manual,Second,20.4,1197,81.80,5.0,3.6,MARUTI,SWIFT VXI BSIV
3975,2016,45000,Diesel,Automatic,First,14.21,2143,203,5.0,34.0,MERCEDES-BENZ,E-CLASS 2009-2013 E250 CDI ELEGANCE
3976,2015,102000,Diesel,Manual,First,12.99,2494,100.6,7.0,8.25,TOYOTA,INNOVA 2.5 G (DIESEL) 7 SEATER
3977,2011,70000,Petrol,Manual,First,16.1,1298,88.2,5.0,1.3,MARUTI,SWIFT LXI BSIII
3978,2018,27467,Diesel,Automatic,First,19.27,2143,167.62,5.0,39.05,MERCEDES-BENZ,NEW C-CLASS C 220D AVANTGARDE EDITION C
3979,2015,15305,Petrol,Manual,First,18.9,1197,82,5.0,3.75,HYUNDAI,GRAND I10 ASTA
3980,2010,70000,Petrol,Manual,First,18.9,998,67.1,5.0,2.1,MARUTI,WAGON R LXI BS IV
3981,2016,36778,Diesel,Manual,First,22.77,1498,98.59,5.0,8.8,FORD,ECOSPORT 1.5 TDCI TITANIUM
3982,2015,25845,Petrol,Manual,First,16.47,1198,74,5.0,5.84,VOLKSWAGEN,POLO 1.2 MPI COMFORTLINE
3983,2018,33858,Petrol,Automatic,First,17.01,1591,121.3,5.0,9.03,HYUNDAI,VERNA 1.6 VTVT AT SX
3984,2017,12000,Petrol,Automatic,Second,24.04,999,67,5.0,3.25,RENAULT,KWID AMT RXL
3985,2013,33709,Petrol,Automatic,First,16.5,1198,86.8,5.0,4.9,HONDA,BRIO S OPTION AT
3986,2018,32709,Petrol,Manual,First,18.16,1196,86.8,5.0,6.46,FORD,FIGO ASPIRE 1.2 TI-VCT TITANIUM
3987,2014,72000,Diesel,Manual,Second,11.5,2982,171,7.0,18.5,TOYOTA,FORTUNER 3.0 DIESEL
3988,2013,31000,Diesel,Manual,First,25.0,1396,69.01,5.0,2.7,TATA,INDIGO ECS ELX BS IV
3989,2016,70000,Diesel,Manual,First,25.83,1498,99,5.0,4.6,FORD,FIGO 2015-2019 1.5D AMBIENTE MT
3990,2014,61000,Diesel,Manual,First,23.4,1248,74,5.0,5.35,MARUTI,SWIFT DZIRE VDI
3991,2011,72000,Diesel,Manual,First,23.08,1461,63.1,5.0,2.3,NISSAN,MICRA DIESEL XV PRIMO
3992,2016,49000,Diesel,Automatic,First,19.3,1968,141,5.0,15.45,SKODA,OCTAVIA STYLE PLUS 2.0 TDI AT
3993,2014,42939,Diesel,Automatic,First,16.96,1968,138.03,5.0,12.49,VOLKSWAGEN,JETTA 2013-2015 2.0L TDI HIGHLINE AT
3994,2016,32545,Diesel,Automatic,First,12.07,2967,241.4,7.0,48.76,AUDI,Q7 35 TDI QUATTRO TECHNOLOGY
3995,2011,54000,Petrol,Manual,First,17.0,1197,80,5.0,3.2,HYUNDAI,I20 1.2 SPORTZ
3996,2012,76000,Diesel,Automatic,First,16.07,1995,181,4.0,8.75,BMW,3 SERIES 320D CORPORATE EDITION
3997,2015,27000,Diesel,Manual,First,21.19,1396,88.73,5.0,5.99,HYUNDAI,I20 ACTIVE 1.4 SX DUAL TONE
3998,2005,120000,Diesel,Manual,Second,12.7,2609,116.6,8.0,2.9,MAHINDRA,SCORPIO 2.6 DX
3999,2012,125000,Petrol,Automatic,First,10.5,3197,,0.0,18.0,AUDI,A4 3.2 FSI TIPTRONIC QUATTRO
4000,2011,37000,Diesel,Manual,First,20.0,1399,68.05,5.0,1.8,FORD,FIGO DIESEL EXI
4001,2012,42000,Petrol,Manual,First,9.8,2354,180,5.0,6.25,HONDA,ACCORD 2.4 INSPIRE M/T
4002,2013,60000,Diesel,Manual,First,21.9,1396,88.76,5.0,5.45,HYUNDAI,I20 SPORTZ 1.4 CRDI
4003,2018,3000,Diesel,Automatic,First,16.36,2179,187.7,5.0,52.5,JAGUAR,XF 2.2 LITRE LUXURY
4004,2013,44000,Petrol,Automatic,First,17.1,1591,121.4,5.0,5.6,HYUNDAI,VERNA 1.6 SX VTVT (O) AT
4005,2014,37000,Petrol,Manual,First,17.4,1497,117.3,5.0,6.45,HONDA,CITY I VTEC VX OPTION
4006,2012,50000,Petrol,Manual,First,18.5,1197,82.85,5.0,3.7,HYUNDAI,I20 ASTA OPTIONAL WITH SUNROOF 1.2
4007,2013,58581,Petrol,Manual,First,19.4,1198,86.8,5.0,3.49,HONDA,BRIO S MT
4008,2013,25500,Diesel,Manual,First,21.9,1396,88.76,5.0,3.55,HYUNDAI,I20 SPORTZ 1.4 CRDI
4009,2017,25000,Petrol,Manual,First,10.4,2393,163.5,5.0,9.0,MARUTI,GRAND VITARA 2.4 MT
4010,2011,53766,Petrol,Manual,First,19.0,998,66.1,5.0,2.7,MARUTI,A-STAR VXI
4011,2011,45271,Diesel,Manual,First,20.3,,,,2.6,FIAT,PUNTO 1.3 EMOTION
4012,2006,68000,Petrol,Manual,First,19.7,796,46.3,5.0,1.5,MARUTI,ALTO LXI
4013,2017,40000,Diesel,Manual,First,16.0,2179,140,7.0,15.9,MAHINDRA,XUV500 W10 2WD
4014,2013,73212,Diesel,Manual,First,22.9,1248,74,5.0,5.2,MARUTI,SWIFT RS VDI
4015,2014,69000,Diesel,Automatic,First,17.05,1995,184,5.0,16.25,BMW,X1 SDRIVE20D
4016,2007,61932,Diesel,Automatic,Second,14.3,1968,140,5.0,3.31,VOLKSWAGEN,PASSAT 2.0 PD DSG
4017,2012,52000,Diesel,Automatic,First,16.09,1995,184,5.0,24.0,BMW,X3 XDRIVE20D
4018,2011,150000,Petrol,Manual,First,18.5,1197,85.80,5.0,2.5,MARUTI,RITZ VXI
4019,2013,70933,Diesel,Manual,Second,21.9,1396,88.76,5.0,3.9,HYUNDAI,I20 SPORTZ 1.4 CRDI
4020,2013,115195,Diesel,Manual,First,25.2,1248,74,5.0,3.85,MARUTI,SWIFT VDI BSIV
4021,2011,62148,Petrol,Manual,First,11.7,1796,178,5.0,8.8,MERCEDES-BENZ,NEW C-CLASS 200 KOMPRESSOR
4022,2009,32000,Petrol,Manual,Second,14.28,1798,138.03,5.0,4.95,TOYOTA,COROLLA ALTIS 1.8 GL
4023,2014,58000,Diesel,Manual,First,22.32,1582,126.32,5.0,5.75,HYUNDAI,VERNA 1.6 SX CRDI (O)
4024,2014,68598,Diesel,Manual,First,19.01,1461,108.45,5.0,6.17,RENAULT,DUSTER 110PS DIESEL RXZ
4025,2010,84072,Diesel,Manual,First,17.8,1248,75,5.0,3.45,MARUTI,SWIFT LDI BSIII
4026,2016,51264,Petrol,Manual,First,24.07,998,67.1,5.0,3.2,MARUTI,ALTO K10 VXI
4027,2017,21363,Petrol,Automatic,First,13.0,1591,121.3,5.0,13.49,HYUNDAI,CRETA 1.6 SX PLUS PETROL AUTOMATIC
4028,2016,40000,Petrol,Automatic,First,15.04,1991,183,5.0,24.5,MERCEDES-BENZ,CLA 200 CGI SPORT
4029,2015,35000,Petrol,Automatic,First,10.1,2354,152,5.0,14.7,HONDA,CR-V 2.4 4WD AT
4030,2014,55000,Diesel,Manual,First,22.7,1498,89.84,5.0,6.0,FORD,ECOSPORT 1.5 DV5 MT TREND
4031,2016,43252,Diesel,Automatic,First,13.0,2143,204,5.0,34.18,MERCEDES-BENZ,E-CLASS 2015-2017 E250 CDI AVANTGARDE
4032,2014,42000,Diesel,Manual,First,24.0,1120,70,5.0,3.5,HYUNDAI,GRAND I10 CRDI MAGNA
4033,2006,69000,Petrol,Manual,First,16.6,1388,68,5.0,2.15,FORD,FIESTA 1.4 DURATEC ZXI
4034,2018,14000,Diesel,Automatic,First,17.6,1582,126.2,5.0,11.25,HYUNDAI,CRETA 1.6 SX AUTOMATIC DIESEL
4035,2010,70000,Petrol,Manual,First,19.0,998,66.1,5.0,2.0,MARUTI,A-STAR LXI
4036,2015,35314,Diesel,Manual,First,23.2,1248,73.94,5.0,4.27,MARUTI,RITZ LDI
4037,2017,38691,Petrol,Manual,First,17.8,1497,117.3,5.0,7.68,HONDA,CITY I VTEC SV
4038,2017,72717,Diesel,Manual,First,12.99,2494,100.6,7.0,14.52,TOYOTA,INNOVA 2.5 GX (DIESEL) 7 SEATER
4039,2011,82000,Petrol,Automatic,Second,11.8,3498,272,7.0,16.85,MERCEDES-BENZ,R-CLASS R350 4MATIC LONG
4040,2015,44000,Diesel,Manual,First,21.14,1498,103.52,5.0,5.75,SKODA,RAPID 1.5 TDI ELEGANCE
4041,2017,27000,Petrol,Manual,First,15.8,1499,110,5.0,8.3,FORD,ECOSPORT 1.5 TI VCT MT TITANIUM
4042,2014,18500,Petrol,Automatic,First,23.1,998,67.04,5.0,3.95,MARUTI,CELERIO VXI AT
4043,2014,45000,Petrol,Manual,First,15.04,1598,103.6,5.0,4.8,VOLKSWAGEN,VENTO PETROL HIGHLINE
4044,2011,173000,Diesel,Automatic,First,13.5,2400,215,5.0,12.0,VOLVO,XC60 D5
4045,2017,42000,Diesel,Manual,First,23.59,1364,67.04,5.0,6.25,TOYOTA,ETIOS CROSS 1.4 GD
4046,2012,90000,Diesel,Manual,First,19.4,1405,70,5.0,2.5,TATA,INDICA VISTA TDI LX
4047,2014,82329,Petrol,Automatic,First,18.0,1497,117.3,5.0,7.5,HONDA,CITY I VTEC CVT VX
4048,2010,80302,Petrol,Manual,First,17.0,1497,118,5.0,3.5,HONDA,CITY 1.5 V MT
4049,2005,105000,Diesel,Manual,First,18.7,1896,66,5.0,1.99,SKODA,OCTAVIA RIDER CLASSIC 1.9 TDI
4050,2009,60000,Petrol,Manual,First,14.53,1798,138,5.0,2.25,TOYOTA,COROLLA 1.8 J
4051,2014,70000,Petrol,Manual,First,16.78,1496,88.73,5.0,3.25,TOYOTA,ETIOS G
4052,2016,45000,Diesel,Automatic,First,17.05,1995,184,5.0,28.5,BMW,X1 SDRIVE20D
4053,2006,44000,Petrol,Automatic,First,16.4,1497,78,5.0,1.5,HONDA,CITY ZX CVT
4054,2017,25500,Diesel,Manual,First,22.54,1396,88.73,5.0,7.0,HYUNDAI,I20 SPORTZ 1.4 CRDI
4055,2014,68000,Diesel,Automatic,First,13.0,2987,261.5,5.0,27.5,MERCEDES-BENZ,E-CLASS E350 CDI
4056,2015,61786,Diesel,Manual,First,19.67,1582,126.2,5.0,10.5,HYUNDAI,CRETA 1.6 CRDI SX OPTION
4057,2014,65000,Diesel,Automatic,Second,15.73,1968,174.33,5.0,21.5,AUDI,Q3 2012-2015 2.0 TDI QUATTRO PREMIUM PLUS
4058,2016,77000,Diesel,Automatic,First,12.63,2179,147.5,5.0,35.0,LAND,ROVER DISCOVERY SPORT TD4 HSE
4059,2015,34000,Diesel,Automatic,First,21.66,1498,103.52,5.0,7.99,SKODA,RAPID 1.5 TDI AT ELEGANCE PLUS
4060,2015,59751,Petrol,Automatic,First,23.1,998,67.04,5.0,4.88,MARUTI,CELERIO VXI AT
4061,2013,23312,Petrol,Automatic,First,11.05,2894,444,4.0,40.5,AUDI,RS5 COUPE
4062,2015,30000,Petrol,Manual,First,20.73,1373,91.1,5.0,6.55,MARUTI,CIAZ ZXI PLUS
4063,2015,60146,Diesel,Automatic,First,14.16,1968,174.3,5.0,29.64,AUDI,Q5 2.0 TDI PREMIUM PLUS
4064,2013,44731,Diesel,Manual,Second,20.0,1399,68,5.0,4.34,FORD,FIGO DIESEL TITANIUM
4065,2014,43316,Petrol,Manual,First,18.88,999,123.37,5.0,6.22,FORD,ECOSPORT 1.0 ECOBOOST TITANIUM
4066,2009,92000,Petrol,Manual,Second,17.0,1497,118,5.0,2.25,HONDA,CITY 1.5 S MT
4067,2015,50000,Diesel,Automatic,First,16.36,2179,187.7,5.0,38.0,JAGUAR,XF 2.2 LITRE LUXURY
4068,2008,69000,Petrol,Manual,Second,20.4,1197,81.80,5.0,2.15,MARUTI,SWIFT VXI BSIV
4069,2014,60280,Diesel,Automatic,First,22.48,1995,190,5.0,22.45,BMW,5 SERIES 520D LUXURY LINE
4070,2017,48161,Diesel,Automatic,First,15.0,2143,107.3,5.0,20.87,MERCEDES-BENZ,B CLASS B200 CDI
4071,2013,41000,Petrol,Manual,First,19.4,1198,86.8,5.0,3.1,HONDA,BRIO S MT
4072,2016,6000,Petrol,Manual,First,18.6,1197,81.83,5.0,5.95,HYUNDAI,I20 SPORTZ 1.2
4073,2006,133000,Diesel,Manual,Second,16.8,1405,68,5.0,0.86,TATA,INDICA V2 DLG TC
4074,2010,76000,Diesel,Manual,First,11.5,2982,171,7.0,9.25,TOYOTA,FORTUNER 3.0 DIESEL
4075,2011,15590,Petrol,Manual,First,19.81,1086,68.05,5.0,2.25,HYUNDAI,I10 SPORTZ 1.1L
4076,2016,69681,Petrol,Manual,First,17.0,1197,80,5.0,6.13,HYUNDAI,I20 1.2 SPORTZ OPTION
4077,2006,70362,Petrol,Manual,Second,15.4,1590,,5.0,1.81,MARUTI,BALENO LXI - BSIII
4078,2014,49112,Petrol,Automatic,Second,15.5,1198,86.7,5.0,3.79,HONDA,AMAZE S AT I-VTECH
4079,2017,25000,Diesel,Automatic,First,13.33,2993,255,5.0,160.0,LAND,ROVER RANGE ROVER 3.0 DIESEL LWB VOGUE
4080,2011,74000,Diesel,Manual,First,23.59,1364,,5.0,3.6,TOYOTA,ETIOS LIVA GD
4081,2013,15200,Petrol,Automatic,Second,16.95,1197,78.9,5.0,3.85,HYUNDAI,I10 SPORTZ 1.2 AT
4082,2013,86300,Diesel,Manual,First,22.07,1199,73.9,5.0,4.5,VOLKSWAGEN,POLO DIESEL TRENDLINE 1.2L
4083,2018,26731,Petrol,Manual,First,21.1,998,100,5.0,8.61,MARUTI,BALENO RS PETROL
4084,2016,74000,Diesel,Manual,First,21.9,1396,88.76,5.0,6.5,HYUNDAI,I20 SPORTZ 1.4 CRDI
4085,2005,83929,Petrol,Automatic,First,11.3,1794,125,5.0,2.6,TOYOTA,COROLLA H4
4086,2015,65000,Diesel,Manual,First,12.99,2494,100.6,7.0,15.0,TOYOTA,INNOVA 2.5 VX (DIESEL) 7 SEATER
4087,2017,20000,Petrol,Automatic,First,23.1,998,67.04,5.0,4.7,MARUTI,CELERIO VXI AT OPTIONAL
4088,2015,122086,Diesel,Automatic,First,19.3,1968,141,5.0,12.99,SKODA,OCTAVIA ELEGANCE 2.0 TDI AT
4089,2018,35442,Petrol,Manual,First,17.3,1497,117.3,7.0,7.32,HONDA,MOBILIO S I VTEC
4090,2015,62542,Diesel,Manual,Second,23.9,1582,126.2,5.0,6.5,HYUNDAI,VERNA 1.6 CRDI SX
4091,2012,26671,Petrol,Manual,Second,17.0,1497,118,5.0,5.67,HONDA,CITY 1.5 S MT
4092,2014,83500,Diesel,Manual,Second,19.68,1399,67,5.0,3.0,FORD,CLASSIC 1.4 DURATORQ TITANIUM
4093,2015,46166,Diesel,Manual,Second,26.21,1248,88.5,5.0,5.5,MARUTI,CIAZ ZDI
4094,2015,25200,Petrol,Manual,First,18.9,998,67.1,5.0,3.35,MARUTI,WAGON R VXI BS IV
4095,2015,35463,Diesel,Automatic,First,14.94,2967,241.4,5.0,25.02,AUDI,A4 3.0 TDI QUATTRO
4096,2017,23249,Petrol,Automatic,First,19.16,2487,175.67,5.0,26.11,TOYOTA,CAMRY HYBRID 2.5
4097,2016,40310,Petrol,Manual,First,18.6,1197,81.83,5.0,7.09,HYUNDAI,I20 ASTA 1.2
4098,2012,82069,CNG,Manual,First,21.4,1586,103.3,5.0,2.65,MARUTI,SX4 GREEN VXI (CNG)
4099,2018,10000,Petrol,Manual,First,18.9,1197,81.86,5.0,6.5,HYUNDAI,GRAND I10 1.2 KAPPA ASTA
4100,2012,94000,Diesel,Manual,First,22.07,1199,73.9,5.0,4.5,VOLKSWAGEN,POLO DIESEL TRENDLINE 1.2L
4101,2016,45000,Diesel,Automatic,First,15.97,2993,258,5.0,57.0,BMW,X5 XDRIVE 30D M SPORT
4102,2012,52818,Petrol,Manual,First,16.47,1198,73.9,5.0,3.82,VOLKSWAGEN,POLO PETROL COMFORTLINE 1.2L
4103,2013,61238,Diesel,Manual,First,20.45,1461,83.8,5.0,5.25,RENAULT,DUSTER 85PS DIESEL RXE
4104,2016,54253,Petrol,Automatic,First,14.67,1798,177.46,5.0,16.81,SKODA,SUPERB STYLE 1.8 TSI AT
4105,2013,71000,Diesel,Automatic,First,14.16,1968,174.3,5.0,21.5,AUDI,Q5 2.0 TDI
4106,2017,20000,Diesel,Manual,First,27.39,1248,74,5.0,8.5,MARUTI,BALENO DELTA 1.3
4107,2013,75000,Petrol,Manual,First,16.47,1198,73.9,5.0,3.25,VOLKSWAGEN,POLO PETROL COMFORTLINE 1.2L
4108,2019,11827,Diesel,Automatic,First,13.5,2477,175.56,6.0,27.11,MITSUBISHI,PAJERO SPORT 4X4 AT
4109,2015,51579,Petrol,Manual,First,20.73,1373,91.1,5.0,5.95,MARUTI,CIAZ VXI PLUS
4110,2015,65178,Diesel,Manual,First,19.87,1461,83.8,5.0,6.79,RENAULT,DUSTER 85PS DIESEL RXL OPTION
4111,2016,25350,Petrol,Manual,First,21.1,814,55.2,5.0,2.55,HYUNDAI,EON D LITE PLUS OPTION
4112,2008,92000,Petrol,Manual,Second,10.8,2354,152,5.0,3.7,HONDA,CR-V 2.4 MT
4113,2014,45000,Petrol,Manual,Second,17.01,1591,121.3,5.0,6.75,HYUNDAI,VERNA 1.6 SX VTVT
4114,2015,46000,Petrol,Manual,First,14.28,1798,138.03,5.0,6.95,TOYOTA,COROLLA ALTIS JS MT
4115,2011,79940,Petrol,Manual,First,15.5,1586,103.3,5.0,2.78,MARUTI,SX4 ZXI MT BSIV
4116,2016,28851,Petrol,Manual,First,16.47,1198,73.9,5.0,6.18,VOLKSWAGEN,POLO PETROL COMFORTLINE 1.2L
4117,2015,63000,Diesel,Automatic,First,14.16,1968,174.3,5.0,36.0,AUDI,Q5 30 TDI QUATTRO PREMIUM PLUS
4118,2012,77283,Petrol,Manual,First,17.0,1497,118,5.0,5.81,HONDA,CITY 1.5 V MT
4119,2014,38958,Petrol,Manual,First,22.5,998,67.04,5.0,3.41,MARUTI,WAGON R VXI
4120,2018,8900,Diesel,Automatic,First,13.5,2477,175.56,6.0,26.5,MITSUBISHI,PAJERO SPORT 4X4 AT
4121,2015,38000,Petrol,Automatic,First,14.7,1798,177.5,5.0,16.0,SKODA,OCTAVIA ELEGANCE 1.8 TSI AT
4122,2017,44887,Diesel,Manual,First,19.67,1582,126.2,5.0,12.13,HYUNDAI,CRETA 1.6 CRDI SX OPTION
4123,2009,85000,Petrol,Manual,Second,19.7,796,46.3,5.0,1.8,MARUTI,ALTO LXI BSIII
4124,2013,100000,Petrol,Manual,First,16.8,1497,116.3,5.0,6.25,HONDA,CITY V MT
4125,2016,26239,Petrol,Manual,First,22.7,799,53,5.0,2.75,DATSUN,REDI-GO S
4126,2011,97000,Diesel,Manual,First,17.67,1968,138.08,5.0,6.0,SKODA,YETI AMBITION 4WD
4127,2013,28000,Petrol,Automatic,First,14.8,1595,120.7,5.0,11.56,MERCEDES-BENZ,B CLASS B180
4128,2014,20364,Petrol,Automatic,Second,17.21,1197,103.6,5.0,5.2,VOLKSWAGEN,POLO GT TSI
4129,2014,64637,Diesel,Manual,First,22.77,1498,98.59,5.0,7.52,FORD,ECOSPORT 1.5 TDCI TITANIUM
4130,2017,15731,Petrol,Manual,First,15.29,1591,121.3,5.0,12.49,HYUNDAI,CRETA 1.6 SX PLUS DUAL TONE PETROL
4131,2019,56251,Diesel,Manual,First,14.24,2755,174.5,7.0,35.82,TOYOTA,FORTUNER 2.8 2WD MT
4132,2017,28000,Petrol,Manual,First,20.85,1197,83.14,5.0,6.25,MARUTI,SWIFT DZIRE ZXI
4133,2015,20045,Petrol,Manual,First,17.0,1197,80,5.0,6.22,HYUNDAI,I20 1.2 ASTA WITH AVN
4134,2016,34004,Petrol,Manual,First,15.4,1497,117.3,7.0,8.02,HONDA,BR-V I-VTEC S MT
4135,2014,21000,Petrol,Manual,First,23.1,998,67.04,5.0,3.75,MARUTI,CELERIO ZXI
4136,2009,68001,Petrol,Automatic,Second,10.93,3498,272,5.0,11.75,MERCEDES-BENZ,E-CLASS 2009-2013 E350 PETROL
4137,2012,31000,Petrol,Manual,First,20.36,1197,78.9,5.0,2.25,HYUNDAI,I10 MAGNA 1.2 ITECH SE
4138,2013,8950,Petrol,Manual,First,17.71,1197,78.9,5.0,3.55,TOYOTA,ETIOS LIVA V
4139,2017,43477,Diesel,Automatic,First,15.0,2143,204,5.0,38.15,MERCEDES-BENZ,E-CLASS 2015-2017 E250 EDITION E
4140,2015,20000,Petrol,Manual,First,21.1,814,55.2,5.0,2.66,HYUNDAI,EON D LITE PLUS
4141,2014,47200,CNG,Manual,First,33.54,998,67.04,5.0,2.85,MARUTI,WAGON R CNG LXI
4142,2011,60000,Petrol,Manual,First,17.0,1497,118,5.0,4.95,HONDA,CITY 1.5 S MT
4143,2003,111000,Petrol,Automatic,First,13.0,2987,210,5.0,6.5,MERCEDES-BENZ,S-CLASS 280 AT
4144,2016,52000,Diesel,Manual,Second,25.0,1396,69.01,5.0,2.4,TATA,INDIGO CS EVX
4145,2016,26000,Petrol,Manual,First,15.29,1591,121.3,5.0,12.5,HYUNDAI,CRETA 1.6 VTVT S
4146,2013,32425,Petrol,Manual,First,20.51,998,67.04,5.0,3.0,MARUTI,WAGON R LXI BS IV
4147,2017,54758,Diesel,Manual,First,28.4,1248,73.75,5.0,6.67,MARUTI,DZIRE VDI
4148,2008,59833,Petrol,Manual,Fourth & Above,13.8,1299,70,5.0,1.97,FORD,IKON 1.3 FLAIR
4149,2013,30000,Petrol,Manual,First,16.47,1198,73.9,5.0,2.8,VOLKSWAGEN,POLO PETROL COMFORTLINE 1.2L
4150,2011,40496,Petrol,Manual,First,20.36,1197,78.9,5.0,2.65,HYUNDAI,I10 MAGNA 1.2
4151,2014,45000,Diesel,Manual,First,18.2,1248,73.74,8.0,4.75,CHEVROLET,ENJOY 1.3 TCDI LTZ 8
4152,2003,75000,Diesel,Automatic,Second,0.0,,,,16.11,LAND,ROVER RANGE ROVER 3.0 D
4153,2011,34000,Petrol,Automatic,Second,10.5,1796,157.7,5.0,19.0,MERCEDES-BENZ,E-CLASS 200 KOMPRESSOR ELEGANCE
4154,2012,62000,Diesel,Manual,First,17.8,1248,75,5.0,4.5,MARUTI,SWIFT VDI BSIII
4155,2012,123600,Diesel,Manual,First,15.1,2179,140,7.0,8.25,MAHINDRA,XUV500 W8 4WD
4156,2014,80102,Petrol,Manual,First,17.71,1197,78.9,5.0,3.5,TOYOTA,ETIOS LIVA G
4157,2013,55000,Diesel,Manual,First,15.1,2179,140,7.0,8.5,MAHINDRA,XUV500 W8 4WD
4158,2015,48200,Petrol,Manual,First,15.29,1591,121.3,5.0,9.0,HYUNDAI,CRETA 1.6 VTVT S
4159,2014,90000,Diesel,Manual,First,26.0,1498,98.6,5.0,6.75,HONDA,CITY I DTEC SV
4160,2014,123900,Diesel,Manual,First,19.3,1248,73.9,5.0,5.4,MARUTI,SWIFT DZIRE VDI
4161,2015,13008,Petrol,Manual,First,20.51,998,67.04,5.0,3.5,MARUTI,WAGON R LXI BS IV
4162,2012,60500,Petrol,Manual,First,21.1,814,55.2,5.0,2.6,HYUNDAI,EON ERA PLUS
4163,2017,53841,Diesel,Automatic,First,11.36,2755,171.5,7.0,20.5,TOYOTA,INNOVA CRYSTA 2.8 ZX AT
4164,2017,47183,Petrol,Manual,Second,15.8,1591,121.3,5.0,11.31,HYUNDAI,CRETA 1.6 SX OPTION
4165,2018,10000,Petrol,Manual,First,20.51,998,67.04,5.0,4.5,MARUTI,WAGON R VXI PLUS
4166,2015,45000,Diesel,Automatic,First,11.3,2987,254.8,7.0,56.0,MERCEDES-BENZ,GL-CLASS 350 CDI BLUE EFFICIENCY
4167,2017,3923,Petrol,Manual,First,23.1,998,67.04,5.0,5.2,MARUTI,CELERIO VXI
4168,2011,85000,Diesel,Manual,First,12.05,2179,120,8.0,5.25,MAHINDRA,SCORPIO SLE BSIV
4169,2018,6279,Petrol,Manual,First,22.7,799,53.64,5.0,3.6,DATSUN,REDI-GO T OPTION
4170,2014,74500,Diesel,Manual,First,21.2,1248,75,5.0,3.3,FIAT,GRANDE PUNTO EVO 1.3 ACTIVE
4171,2013,42000,Diesel,Manual,First,22.7,1582,126.24,5.0,5.85,HYUNDAI,ELANTRA CRDI SX
4172,2014,56510,Petrol,Manual,First,19.1,1197,85.8,5.0,3.9,MARUTI,SWIFT DZIRE LXI
4173,2009,88000,Diesel,Automatic,First,16.55,1968,140,5.0,7.98,AUDI,A4 2.0 TDI MULTITRONIC
4174,2014,36631,Petrol,Automatic,First,16.5,1198,86.8,5.0,4.3,HONDA,BRIO VX AT
4175,2011,34000,Petrol,Manual,First,18.9,998,67.1,5.0,2.25,MARUTI,WAGON R LXI BS IV
4176,2013,49000,Petrol,Manual,First,19.81,1086,68.05,5.0,3.2,HYUNDAI,I10 MAGNA 1.1
4177,2012,65254,Diesel,Manual,First,22.32,1582,126.32,5.0,6.55,HYUNDAI,VERNA 1.6 SX
4178,2014,95000,Diesel,Manual,Second,22.32,1582,126.32,5.0,6.9,HYUNDAI,VERNA 1.6 SX
4179,2009,83000,Diesel,Manual,First,23.2,1248,73.94,5.0,2.95,MARUTI,RITZ VDI
4180,2017,101065,Diesel,Manual,First,20.5,1582,126.2,5.0,11.45,HYUNDAI,CRETA 1.6 SX OPTION DIESEL
4181,2017,15134,Petrol,Manual,First,21.4,1197,83.1,5.0,6.37,MARUTI,BALENO DELTA
4182,2011,72000,Diesel,Manual,First,22.32,1582,126.3,5.0,5.0,HYUNDAI,VERNA 1.6 CRDI
4183,2012,120000,Diesel,Manual,Second,22.3,1248,74,5.0,2.6,TATA,INDICA VISTA QUADRAJET VX
4184,2010,45000,Petrol,Manual,First,18.5,1197,80,5.0,1.9,HYUNDAI,I20 1.2 MAGNA
4185,2015,54996,Diesel,Automatic,First,17.85,2967,300,4.0,60.95,PORSCHE,PANAMERA DIESEL
4186,2017,22874,Petrol,Manual,First,15.1,1196,73,5.0,4.44,MARUTI,EECO SMILES 5 SEATER AC
4187,2012,58000,Diesel,Automatic,Second,22.69,1995,190,5.0,15.3,BMW,3 SERIES 320D SPORT
4188,2016,86000,Diesel,Manual,Second,25.47,1248,88.50,7.0,8.2,MARUTI,ERTIGA VDI
4189,2014,69000,Petrol,Automatic,First,16.9,1197,81.86,5.0,5.25,HYUNDAI,XCENT 1.2 KAPPA AT S OPTION
4190,2016,55001,Petrol,Automatic,Second,16.93,1197,103.2,5.0,8.5,VOLKSWAGEN,VENTO 1.2 TSI HIGHLINE AT
4191,2015,28000,Diesel,Automatic,First,15.73,1968,174.33,5.0,23.75,AUDI,Q3 35 TDI QUATTRO PREMIUM
4192,2013,53213,Petrol,Manual,First,19.81,1086,68.05,5.0,2.74,HYUNDAI,I10 MAGNA 1.1
4193,2016,44340,Diesel,Automatic,First,16.96,1968,138.03,5.0,13.83,VOLKSWAGEN,JETTA 2013-2015 2.0L TDI HIGHLINE AT
4194,2017,16900,Petrol,Manual,First,21.1,998,100,5.0,6.99,MARUTI,BALENO RS 1.0 PETROL
4195,2009,57000,Petrol,Manual,First,19.81,1086,68.05,5.0,2.25,HYUNDAI,I10 ERA
4196,2013,83165,Diesel,Manual,First,12.8,2494,102,8.0,11.49,TOYOTA,INNOVA 2.5 G4 DIESEL 8-SEATER
4197,2012,24735,Petrol,Manual,Second,18.6,1199,79.4,5.0,2.87,CHEVROLET,BEAT LT
4198,2005,65175,Diesel,Manual,First,12.8,2494,102,8.0,3.25,TOYOTA,INNOVA 2.5 G3
4199,2009,60000,Petrol,Manual,Second,9.8,2354,180,5.0,3.5,HONDA,ACCORD 2.4 INSPIRE M/T
4200,2017,60357,Diesel,Manual,First,25.32,1198,77,6.0,4.49,MAHINDRA,KUV 100 MFALCON D75 K4 PLUS
4201,2011,77000,Diesel,Manual,First,22.07,1199,73.9,5.0,2.9,VOLKSWAGEN,POLO DIESEL TRENDLINE 1.2L
4202,2014,85301,Petrol,Manual,First,12.4,1998,132,8.0,12.36,TOYOTA,INNOVA 2.0 GX 8 STR
4203,2011,50000,Diesel,Automatic,First,11.79,2179,120,8.0,6.0,MAHINDRA,SCORPIO VLX AT AIRBAG BSIV
4204,2010,58000,Diesel,Automatic,First,16.46,2993,258,5.0,31.0,BMW,7 SERIES 730LD SEDAN
4205,2015,39000,Diesel,Manual,First,25.6,1498,98.6,5.0,5.49,HONDA,CITY I-DTEC SV
4206,2015,46190,Diesel,Manual,First,22.07,1199,73.9,5.0,5.86,VOLKSWAGEN,POLO DIESEL COMFORTLINE 1.2L
4207,2015,83000,Diesel,Manual,First,16.0,2179,140,7.0,9.0,MAHINDRA,XUV500 W8 2WD
4208,2016,33000,Petrol,Manual,First,16.09,1598,103.5,5.0,7.7,VOLKSWAGEN,VENTO 1.6 HIGHLINE
4209,2017,27279,Petrol,Manual,First,17.4,1497,117.3,5.0,9.47,HONDA,CITY I VTEC V
4210,2014,53900,Diesel,Automatic,First,14.16,1968,174.3,5.0,29.0,AUDI,Q5 2.0 TDI PREMIUM PLUS
4211,2012,63998,Petrol,Automatic,First,17.0,1497,118,5.0,5.42,HONDA,CITY 1.5 V AT EXCLUSIVE
4212,2016,57932,Petrol,Manual,First,20.4,1197,81.80,5.0,6.39,MARUTI,SWIFT VXI BSIV
4213,2015,25000,Petrol,Manual,First,22.74,796,47.3,5.0,2.75,MARUTI,ALTO 800 LXI
4214,2011,169000,Diesel,Manual,First,20.0,1399,68,5.0,2.5,FORD,FIGO DIESEL TITANIUM
4215,2012,53000,Petrol,Manual,First,17.92,1086,62.1,5.0,2.35,HYUNDAI,SANTRO XING GL PLUS
4216,2015,43053,Petrol,Manual,First,18.9,998,67.1,5.0,4.65,MARUTI,WAGON R VXI
4217,2014,75000,Diesel,Manual,First,26.0,1498,98.6,5.0,6.0,HONDA,CITY I DTEC SV
4218,2012,89000,Petrol,Manual,Second,16.8,1497,116.3,5.0,3.5,HONDA,CITY V MT AVN
4219,2014,75578,Diesel,Manual,First,25.1,1498,98.6,5.0,7.0,HONDA,CITY I DTEC VX
4220,2014,46676,Petrol,Manual,First,17.0,1591,121.3,5.0,7.75,HYUNDAI,VERNA VTVT 1.6 SX
4221,2014,51349,Petrol,Manual,First,24.07,998,67.1,5.0,2.93,MARUTI,ALTO K10 LXI
4222,2014,34233,Diesel,Automatic,First,14.21,2143,203,5.0,22.5,MERCEDES-BENZ,E-CLASS 2009-2013 E250 CDI AVANTGARDE
4223,2014,39626,Diesel,Automatic,First,11.2,2993,241,4.0,40.66,BMW,X6 XDRIVE30D
4224,2008,82500,Petrol,Manual,First,14.0,1061,64,5.0,1.75,MARUTI,WAGON R LXI BSIII
4225,2015,63000,Diesel,Manual,Second,19.72,1461,108.45,5.0,8.2,RENAULT,DUSTER RXZ AWD
4226,2011,77001,Diesel,Manual,First,12.05,2179,120,8.0,4.49,MAHINDRA,SCORPIO VLX 2.2 MHAWK AIRBAG BSIV
4227,2016,43000,Diesel,Automatic,First,10.91,3198,197.2,7.0,26.5,FORD,ENDEAVOUR 3.2 TREND AT 4X4
4228,2011,61111,Petrol,Manual,First,19.0,998,67.1,5.0,2.6,MARUTI,ZEN ESTILO LXI BS IV
4229,2005,79000,Petrol,Manual,Second,17.0,,,,1.65,HYUNDAI,SANTRO XING XG
4230,2011,43000,Petrol,Manual,First,20.36,1197,78.9,5.0,2.49,HYUNDAI,I10 ASTA
4231,2013,47000,Petrol,Automatic,First,16.5,1198,86.8,5.0,5.4,HONDA,BRIO VX AT
4232,2017,34000,Petrol,Automatic,First,20.51,998,67,5.0,4.35,MARUTI,WAGON R AMT VXI
4233,2018,22060,Diesel,Automatic,First,18.51,1968,147.51,5.0,32.73,AUDI,Q3 30 TDI PREMIUM FWD
4234,2012,63000,Diesel,Automatic,First,0.0,2987,165,5.0,26.0,MERCEDES-BENZ,M-CLASS ML 350 4MATIC
4235,2011,80000,Petrol,Manual,First,18.9,998,67.1,5.0,2.5,MARUTI,WAGON R LXI
4236,2015,13506,Diesel,Automatic,First,18.25,1968,187.74,5.0,21.66,AUDI,A4 35 TDI PREMIUM PLUS
4237,2016,16000,Petrol,Manual,First,25.17,799,53.3,5.0,2.99,RENAULT,KWID RXT OPTIONAL
4238,2016,31006,Petrol,Manual,First,24.7,796,47.3,5.0,2.61,MARUTI,ALTO 800 2016-2019 VXI
4239,2013,91200,Diesel,Manual,First,12.99,2494,100,8.0,8.25,TOYOTA,INNOVA 2.5 GX (DIESEL) 8 SEATER
4240,2015,43000,Petrol,Automatic,First,14.53,1794,138.1,5.0,12.5,TOYOTA,COROLLA ALTIS 2008-2013 1.8 VL AT
4241,2015,45000,Diesel,Manual,First,25.83,1498,99,5.0,5.5,FORD,FIGO 2015-2019 1.5D TITANIUM PLUS MT
4242,2014,28637,Petrol,Manual,First,19.4,1198,86.8,5.0,5.53,HONDA,BRIO S MT
4243,2004,69870,Petrol,Manual,Second,14.2,1597,92,5.0,1.1,FORD,IKON 1.6 ZXI NXT
4244,2014,84000,Diesel,Manual,First,12.05,2179,120,7.0,6.85,MAHINDRA,SCORPIO 2009-2014 LX 2WD 7S
4245,2007,84143,Petrol,Manual,First,13.0,2987,210,5.0,17.09,MERCEDES-BENZ,S-CLASS 320 L
4246,2012,77000,Diesel,Manual,Second,12.05,2179,120,8.0,4.93,MAHINDRA,SCORPIO SLE BSIV
4247,2012,75000,Diesel,Automatic,Second,12.39,2179,147.51,5.0,17.5,LAND,ROVER FREELANDER 2 SE
4248,2011,76155,Petrol,Manual,First,18.6,1199,79.4,5.0,1.95,CHEVROLET,BEAT LS
4249,2014,98000,Diesel,Manual,First,22.9,1248,74,5.0,6.1,MARUTI,SWIFT ZDI
4250,2008,48233,Petrol,Manual,Second,13.4,1794,125,5.0,1.8,TOYOTA,COROLLA H2
4251,2015,63000,Diesel,Automatic,First,13.22,2967,241.4,5.0,34.5,AUDI,Q5 3.0 TDI QUATTRO
4252,2015,34063,Petrol,Manual,First,21.1,814,55.2,5.0,4.01,HYUNDAI,EON ERA PLUS
4253,2013,32576,Petrol,Manual,First,19.5,1199,88.76,5.0,3.15,HONDA,AMAZE S PETROL
4254,2015,28843,Petrol,Automatic,First,17.01,1499,110.5,5.0,5.49,FORD,FIGO ASPIRE 1.5 TI-VCT TITANIUM
4255,2016,26000,Diesel,Automatic,Second,19.6,1461,108.45,5.0,10.0,RENAULT,DUSTER 110PS DIESEL RXL AMT
4256,2013,39000,Petrol,Automatic,First,15.6,1497,116.3,5.0,4.55,HONDA,CITY V AT
4257,2010,66000,Petrol,Manual,First,19.7,796,46.3,5.0,1.5,MARUTI,ALTO LXI
4258,2011,38002,Petrol,Manual,First,20.36,1197,78.9,5.0,2.15,HYUNDAI,I10 MAGNA 1.2
4259,2010,49000,Petrol,Manual,Second,18.0,995,62,5.0,1.4,CHEVROLET,SPARK 1.0 LS
4260,2014,52000,Diesel,Manual,First,21.14,1498,103.6,5.0,6.2,SKODA,RAPID 1.5 TDI AMBITION PLUS
4261,2013,56500,Diesel,Automatic,First,17.68,1968,174.33,5.0,19.8,AUDI,A6 2011-2015 2.0 TDI PREMIUM PLUS
4262,2015,20568,Petrol,Manual,First,18.7,1199,88.7,5.0,5.6,HONDA,JAZZ 1.2 V I VTEC
4263,2015,26000,Petrol,Manual,First,15.29,1591,121.3,5.0,9.5,HYUNDAI,CRETA 1.6 SX PLUS DUAL TONE PETROL
4264,2012,56000,Petrol,Manual,First,18.6,1199,79.4,5.0,2.21,CHEVROLET,BEAT LS
4265,2017,27509,Petrol,Manual,First,22.7,799,53.64,5.0,3.31,DATSUN,REDI-GO T OPTION
4266,2016,36216,Petrol,Manual,First,19.1,1197,81.86,5.0,5.44,HYUNDAI,XCENT 1.2 KAPPA S OPTION
4267,2009,28888,Petrol,Automatic,First,10.0,2496,157.7,5.0,7.56,MERCEDES-BENZ,E-CLASS 230 E AT
4268,2011,120000,Diesel,Manual,Second,22.9,1248,74,5.0,3.2,MARUTI,SWIFT ZDI
4269,2018,31396,Petrol,Manual,First,23.1,998,67.04,5.0,5.53,MARUTI,CELERIO ZXI
4270,2015,79000,Diesel,Automatic,First,19.3,1968,141,5.0,17.0,SKODA,OCTAVIA ELEGANCE 2.0 TDI AT
4271,2010,62000,Petrol,Automatic,First,16.8,1497,118,5.0,3.55,HONDA,CITY 1.5 V AT
4272,2006,120000,Petrol,Automatic,Second,9.0,2997,218,5.0,2.65,HONDA,ACCORD V6 AT
4273,2016,53000,Petrol,Automatic,First,14.67,1798,177.46,5.0,17.85,SKODA,SUPERB STYLE 1.8 TSI AT
4274,2010,124313,Diesel,Manual,First,12.99,2494,100.6,8.0,7.96,TOYOTA,INNOVA 2.5 G (DIESEL) 8 SEATER
4275,2015,26725,Petrol,Automatic,First,23.1,998,67.04,5.0,4.25,MARUTI,CELERIO VXI AT
4276,2014,45617,Diesel,Manual,First,20.77,1248,88.76,7.0,5.85,MARUTI,ERTIGA VDI
4277,2013,37000,Diesel,Automatic,First,20.0,2143,107.3,5.0,13.0,MERCEDES-BENZ,A CLASS A180 CDI
4278,2010,109147,Diesel,Manual,First,14.0,2498,112,8.0,2.65,MAHINDRA,XYLO E2
4279,2014,59000,Diesel,Manual,First,25.8,1498,98.6,5.0,4.75,HONDA,AMAZE E I-DTECH
4280,2015,28000,Petrol,Manual,First,25.17,799,53.3,5.0,2.65,RENAULT,KWID RXT
4281,2017,4700,Petrol,Manual,First,25.17,799,53.3,5.0,3.0,RENAULT,KWID RXT
4282,2014,72469,Diesel,Automatic,First,12.07,2967,241.4,7.0,32.52,AUDI,Q7 3.0 TDI QUATTRO PREMIUM PLUS
4283,2014,57539,Diesel,Automatic,First,22.32,1582,126.32,5.0,7.75,HYUNDAI,VERNA 1.6 SX CRDI (O) AT
4284,2016,42000,Diesel,Automatic,First,11.36,2755,171.5,7.0,19.6,TOYOTA,INNOVA CRYSTA 2.8 ZX AT
4285,2010,62489,Petrol,Manual,First,17.0,1197,80,5.0,2.6,HYUNDAI,I20 SPORTZ OPTION
4286,2013,51167,Petrol,Manual,First,16.47,1198,73.9,5.0,3.76,VOLKSWAGEN,POLO PETROL COMFORTLINE 1.2L
4287,2012,130000,Diesel,Manual,First,20.54,1598,103.6,5.0,4.75,VOLKSWAGEN,VENTO DIESEL TRENDLINE
4288,2007,63000,Petrol,Manual,Second,17.7,1497,78,5.0,1.75,HONDA,CITY ZX GXI
4289,2011,60000,Petrol,Manual,First,16.2,1599,103.2,5.0,3.95,HYUNDAI,VERNA TRANSFORM XXI ABS
4290,2005,123200,Petrol,Manual,Second,13.2,1495,94,5.0,1.0,HYUNDAI,ACCENT GLE
4291,2011,115692,Diesel,Automatic,First,20.0,1968,138.1,5.0,4.5,SKODA,LAURA AMBIENTE 2.0 TDI CR AT
4292,2011,87073,Petrol,Automatic,First,10.93,2497,204,5.0,17.23,MERCEDES-BENZ,E-CLASS 2009-2013 E 250 ELEGANCE
4293,2015,40901,Petrol,Manual,First,18.6,1197,81.83,5.0,5.76,HYUNDAI,I20 SPORTZ 1.2
4294,2013,36264,Petrol,Manual,First,20.36,1197,78.9,5.0,4.32,HYUNDAI,I10 MAGNA 1.2
4295,2009,60000,Petrol,Manual,Second,19.81,1086,68.05,5.0,1.9,HYUNDAI,I10 MAGNA 1.1L
4296,2018,20000,Petrol,Manual,First,17.0,1198,74,5.0,5.5,VOLKSWAGEN,AMEO 1.2 MPI ANNIVERSARY EDITION
4297,2014,68400,Petrol,Automatic,First,12.98,2494,178.4,5.0,13.5,TOYOTA,CAMRY 2.5 G
4298,2013,71231,Diesel,Manual,Second,16.0,2179,140,7.0,9.75,MAHINDRA,XUV500 W8 2WD
4299,2011,75000,Diesel,Automatic,First,17.2,1968,138.1,5.0,9.44,SKODA,SUPERB ELEGANCE 2.0 TDI CR AT
4300,2018,1997,Petrol,Automatic,First,22.5,998,67,5.0,4.45,MARUTI,WAGON R VXI AMT
4301,2016,47300,Diesel,Manual,First,24.3,1248,88.5,5.0,8.85,MARUTI,VITARA BREZZA ZDI PLUS DUAL TONE
4302,2012,61449,Petrol,Manual,First,0.0,1086,62,5.0,2.15,HYUNDAI,SANTRO XING GL
4303,2013,47910,Diesel,Manual,First,20.54,1598,103.6,5.0,4.89,VOLKSWAGEN,VENTO DIESEL COMFORTLINE
4304,2015,62000,Diesel,Manual,First,20.14,1498,88.8,5.0,6.25,VOLKSWAGEN,POLO 1.5 TDI HIGHLINE
4305,2012,65060,Diesel,Manual,First,22.9,1248,74,5.0,4.8,MARUTI,SWIFT ZDI
4306,2008,82203,Petrol,Manual,First,19.81,1086,68.05,5.0,1.8,HYUNDAI,I10 ERA 1.1
4307,2013,44000,Diesel,Manual,First,16.0,2179,140,7.0,7.25,MAHINDRA,XUV500 W8 2WD
4308,2014,53817,Diesel,Manual,First,25.47,1248,88.50,7.0,7.56,MARUTI,ERTIGA VDI
4309,2013,61591,Diesel,Manual,First,16.0,2179,140,7.0,6.82,MAHINDRA,XUV500 W8 2WD
4310,2011,86500,Diesel,Manual,Second,21.12,1248,88.8,5.0,1.8,TATA,MANZA AURA QUADRAJET BS IV
4311,2009,100000,Diesel,Automatic,First,11.0,2987,198.5,5.0,11.5,MERCEDES-BENZ,E-CLASS 280 CDI
4312,2010,87000,Petrol,Manual,First,15.6,1586,104.68,5.0,2.8,MARUTI,SX4 ZXI WITH LEATHER BSIII
4313,2016,35000,Petrol,Automatic,First,20.51,998,67,5.0,5.5,MARUTI,WAGON R AMT VXI
4314,2016,6000,Petrol,Manual,First,20.63,1198,67.06,5.0,2.7,DATSUN,GO NXT
4315,2014,59327,Diesel,Manual,First,20.0,1399,68,5.0,3.25,FORD,FIGO DIESEL ZXI
4316,2014,81001,Diesel,Automatic,First,17.2,1968,138.1,5.0,10.9,SKODA,SUPERB ELEGANCE 2.0 TDI CR AT
4317,2014,44612,Petrol,Manual,First,18.5,1197,80,5.0,4.07,HYUNDAI,I20 1.2 MAGNA
4318,2016,42388,Diesel,Automatic,First,11.36,2755,171.5,7.0,18.0,TOYOTA,INNOVA CRYSTA 2.8 ZX AT
4319,2012,54000,Petrol,Manual,First,19.4,1198,86.8,5.0,2.95,HONDA,BRIO V MT
4320,2011,83010,Diesel,Automatic,First,17.2,1968,138.1,5.0,7.5,SKODA,SUPERB ELEGANCE 2.0 TDI CR AT
4321,2016,65405,Diesel,Automatic,First,13.0,2143,204,5.0,32.73,MERCEDES-BENZ,E-CLASS 2015-2017 E250 CDI AVANTGARDE
4322,2015,36000,Diesel,Automatic,Second,12.55,2982,168.7,7.0,21.5,TOYOTA,FORTUNER 4X2 AT TRD SPORTIVO
4323,2008,85000,Petrol,Manual,First,16.51,1586,103.2,5.0,2.5,MARUTI,SX4 ZXI MT BSIV
4324,2016,35000,Diesel,Manual,First,27.3,1498,98.6,5.0,5.5,HONDA,JAZZ 1.5 V I DTEC
4325,2012,54000,Petrol,Automatic,First,14.53,1794,138.1,5.0,7.5,TOYOTA,COROLLA ALTIS 2008-2013 1.8 VL AT
4326,2007,70000,Petrol,Manual,First,16.9,1497,100,5.0,1.55,HONDA,CITY ZX VTEC
4327,2017,27001,Diesel,Automatic,First,20.68,1995,190,5.0,29.0,BMW,X1 XDRIVE 20D M SPORT
4328,2019,41075,Diesel,Manual,First,28.4,1248,74,5.0,8.4,MARUTI,SWIFT DDIS VDI
4329,2016,26000,Diesel,Manual,First,25.32,1198,77,6.0,6.5,MAHINDRA,KUV 100 MFALCON D75 K8
4330,2010,55000,Petrol,Manual,First,16.0,1198,90,5.0,2.35,HONDA,JAZZ MODE
4331,2016,19000,Petrol,Manual,First,20.4,1197,81.80,5.0,5.55,MARUTI,SWIFT ZXI
4332,2016,15000,Petrol,Automatic,First,18.9,1197,82,5.0,5.35,HYUNDAI,GRAND I10 ASTA OPTION AT
4333,2016,37000,Petrol,Manual,First,17.8,1198,86.7,5.0,5.25,HONDA,AMAZE SX I-VTEC
4334,2017,38712,Petrol,Manual,First,18.9,1197,81.86,5.0,5.87,HYUNDAI,GRAND I10 1.2 KAPPA SPORTZ
4335,2014,52400,Diesel,Manual,First,20.54,1598,103.6,5.0,5.36,VOLKSWAGEN,VENTO DIESEL COMFORTLINE
4336,2016,23988,Diesel,Manual,First,28.09,1248,88.5,5.0,7.75,MARUTI,CIAZ 1.3 S
4337,2014,32283,Petrol,Automatic,Second,14.4,1598,103.6,5.0,5.41,VOLKSWAGEN,VENTO PETROL HIGHLINE AT
4338,2010,52000,Petrol,Manual,First,18.5,1197,80,5.0,3.65,HYUNDAI,I20 1.2 MAGNA
4339,2016,32000,Petrol,Automatic,First,16.5,1198,86.8,5.0,5.25,HONDA,BRIO VX AT
4340,2014,39000,Petrol,Manual,First,17.4,1497,117.3,5.0,6.25,HONDA,CITY I VTEC VX
4341,2017,14149,Petrol,Manual,First,23.9,624,37.48,4.0,3.47,TATA,NANO XT
4342,2006,103000,Petrol,Automatic,First,10.13,3498,364.9,5.0,8.85,MERCEDES-BENZ,S CLASS 2005 2013 S 350 L
4343,2004,82000,Petrol,Manual,First,14.0,1061,64,5.0,0.85,MARUTI,WAGON R LXI BSIII
4344,2015,34000,Petrol,Automatic,First,13.7,1798,157.75,5.0,13.65,SKODA,SUPERB ELEGANCE 1.8 TSI AT
4345,2016,45180,Diesel,Automatic,First,12.07,2967,241.4,7.0,50.22,AUDI,Q7 35 TDI QUATTRO TECHNOLOGY
4346,2018,2000,Petrol,Manual,First,22.0,1197,81.80,5.0,7.75,MARUTI,SWIFT ZXI PLUS
4347,2011,82321,Diesel,Manual,First,12.8,2494,102,7.0,10.05,TOYOTA,INNOVA 2.5 G4 DIESEL 7-SEATER
4348,2011,7000,Petrol,Automatic,First,12.05,1995,154,5.0,9.75,BMW,3 SERIES 320I SEDAN
4349,2015,27000,Diesel,Automatic,First,17.9,2143,136,5.0,23.0,MERCEDES-BENZ,GLA CLASS 200 CDI SPORT
4350,2019,31271,Diesel,Manual,First,13.68,2393,147.8,8.0,21.42,TOYOTA,INNOVA CRYSTA 2.4 VX MT 8S
4351,2003,55000,Petrol,Manual,Third,15.9,1298,,5.0,0.7,MARUTI,ESTEEM LX BSII
4352,2014,24000,Diesel,Manual,First,25.2,1248,74,5.0,5.21,MARUTI,SWIFT VDI BSIV
4353,2009,147000,Diesel,Manual,First,12.99,2494,100.6,7.0,7.5,TOYOTA,INNOVA 2.5 GX (DIESEL) 7 SEATER
4354,2012,72351,Diesel,Manual,First,23.59,1364,,5.0,2.65,TOYOTA,ETIOS LIVA GD
4355,2010,115000,Petrol,Manual,First,18.6,1199,79.4,5.0,1.75,CHEVROLET,BEAT LT
4356,2010,82000,Diesel,Manual,Second,13.8,1399,68,5.0,1.0,FORD,IKON 1.4 TDCI DURATORQ
4357,2016,20000,Diesel,Automatic,First,19.27,2143,170,5.0,33.0,MERCEDES-BENZ,NEW C-CLASS C 220 CDI AVANTGARDE
4358,2011,45560,Petrol,Manual,First,17.6,1496,88.73,5.0,2.2,TOYOTA,ETIOS G
4359,2017,57539,Diesel,Manual,First,12.8,2494,102,7.0,12.83,TOYOTA,INNOVA 2.5 GX (DIESEL) 7 SEATER BS IV
4360,2018,20004,Diesel,Automatic,First,17.54,2993,313,4.0,68.94,BMW,6 SERIES GRAN COUPE
4361,2012,54500,Diesel,Manual,First,21.13,1498,108.4,5.0,4.1,SKODA,RAPID 1.5 TDI AMBITION
4362,2016,27886,Petrol,Manual,First,22.0,814,55,5.0,2.85,HYUNDAI,EON MAGNA
4363,2007,66000,Petrol,Automatic,First,11.1,2354,158.8,5.0,3.7,HONDA,CR-V 2.4L 4WD AT
4364,2013,72202,Diesel,Automatic,First,20.0,1968,138.1,5.0,9.06,SKODA,LAURA ELEGANCE 2.0 TDI CR AT
4365,2011,70000,Petrol,Manual,Second,13.4,1798,157.8,5.0,4.75,SKODA,LAURA RS
4366,2015,78233,Diesel,Manual,First,26.0,1498,98.6,5.0,6.6,HONDA,CITY I DTEC S
4367,2007,120203,Diesel,Manual,Second,13.93,2179,138,7.0,3.5,TATA,NEW SAFARI 4X4 EX
4368,2011,20575,Petrol,Manual,First,19.0,998,67.1,5.0,2.0,MARUTI,ZEN ESTILO LXI BS IV
4369,2013,39879,Petrol,Manual,First,17.8,1198,86.7,5.0,3.89,HONDA,AMAZE S I-VTEC
4370,2017,31056,Petrol,Manual,First,23.01,999,67,5.0,3.6,RENAULT,KWID 1.0 RXL
4371,2015,50940,Petrol,Automatic,First,19.12,1373,91.1,5.0,6.95,MARUTI,CIAZ AT ZXI
4372,2016,99362,Diesel,Manual,First,22.54,1396,88.73,5.0,7.03,HYUNDAI,I20 ASTA OPTION 1.4 CRDI
4373,2016,54000,Diesel,Manual,First,13.68,2393,147.8,7.0,16.5,TOYOTA,INNOVA CRYSTA 2.4 ZX MT
4374,2016,54268,Diesel,Manual,First,28.09,1248,88.5,5.0,7.67,MARUTI,CIAZ ZDI PLUS SHVS
4375,2012,94521,Diesel,Automatic,First,14.74,2993,270.9,5.0,23.19,JAGUAR,XF DIESEL
4376,2017,38932,Petrol,Manual,First,19.1,1197,82,5.0,6.21,HYUNDAI,XCENT 1.2 KAPPA S
4377,2015,60395,Diesel,Automatic,First,16.12,2967,245,5.0,45.82,PORSCHE,CAYENNE DIESEL
4378,2016,29000,Diesel,Manual,First,24.4,1120,71,5.0,5.95,HYUNDAI,XCENT 1.1 CRDI S
4379,2011,58000,Diesel,Automatic,First,16.55,1968,140,5.0,11.0,AUDI,A4 2.0 TDI MULTITRONIC
4380,2016,60913,Petrol,Manual,First,20.73,1373,91.1,5.0,7.19,MARUTI,CIAZ RS ZXI PLUS
4381,2011,65000,Diesel,Manual,First,12.8,2494,102,8.0,6.4,TOYOTA,INNOVA 2.5 G4 DIESEL 8-SEATER
4382,2015,26000,Diesel,Manual,First,15.8,2148,170,5.0,26.0,MERCEDES-BENZ,NEW C-CLASS 220 CDI MT
4383,2016,19947,Petrol,Manual,First,20.36,1197,78.9,5.0,4.5,HYUNDAI,I10 SPORTZ
4384,2011,70816,Petrol,Automatic,First,16.95,1197,78.9,5.0,3.1,HYUNDAI,I10 SPORTZ 1.2 AT
4385,2015,54000,Diesel,Manual,First,27.39,1248,74,5.0,5.95,MARUTI,BALENO ZETA 1.3
4386,2008,138000,Petrol,Manual,First,18.2,1061,64,5.0,1.2,MARUTI,ZEN ESTILO 1.1 VXI BSIII
4387,2014,35000,Diesel,Automatic,First,16.46,2993,258,5.0,52.0,BMW,7 SERIES 730LD
4388,2015,50000,Diesel,Automatic,First,11.33,4134,335.2,7.0,48.0,AUDI,Q7 4.2 TDI QUATTRO TECHNOLOGY
4389,2011,124652,Diesel,Automatic,First,11.7,2993,245,5.0,21.99,BMW,X5 XDRIVE 30D
4390,2013,80264,Petrol,Manual,First,21.1,1197,85.80,5.0,4.3,MARUTI,RITZ LXI
4391,2013,125600,Diesel,Manual,First,21.64,1461,84.8,5.0,3.75,NISSAN,SUNNY 2011-2014 DIESEL XL
4392,2015,49000,Petrol,Manual,First,14.28,1798,138.03,5.0,8.95,TOYOTA,COROLLA ALTIS 1.8 LIMITED EDITION
4393,2012,111000,Diesel,Manual,First,23.59,1364,67.1,5.0,4.75,TOYOTA,ETIOS VXD
4394,2016,33690,Petrol,Manual,First,14.28,1798,138.03,5.0,14.6,TOYOTA,COROLLA ALTIS GL MT
4395,2012,50000,Diesel,Automatic,First,17.68,1968,174.33,5.0,17.5,AUDI,A6 2011-2015 2.0 TDI PREMIUM PLUS
4396,2012,38092,Diesel,Manual,First,20.77,1248,88.8,7.0,5.2,MARUTI,ERTIGA ZDI
4397,2017,47774,Petrol,Manual,First,18.9,1197,82,5.0,6.04,HYUNDAI,GRAND I10 SPORTZ
4398,2009,167000,Diesel,Manual,Second,19.09,1396,69,5.0,2.7,TATA,INDIGO CS LX (TDI) BS III
4399,2019,65000,Diesel,Automatic,First,26.59,1248,74,5.0,6.75,MARUTI,SWIFT DZIRE AMT ZDI
4400,2011,46000,Petrol,Manual,First,15.26,1598,103.5,5.0,2.35,VOLKSWAGEN,POLO PETROL HIGHLINE 1.6L
4401,2017,16500,Petrol,Manual,First,23.84,1199,84,5.0,5.0,TATA,TIAGO 1.2 REVOTRON XZ WO ALLOY
4402,2016,39000,Petrol,Manual,First,17.8,1497,117.3,5.0,6.95,HONDA,CITY I VTEC VX
4403,2018,6000,Petrol,Manual,First,19.5,1199,86.76,5.0,6.7,HONDA,AMAZE V PETROL
4404,2015,60000,Diesel,Automatic,First,17.11,1968,174.33,5.0,25.0,AUDI,A4 35 TDI PREMIUM
4405,2011,97320,Petrol,Automatic,First,14.4,1598,103.6,5.0,3.75,VOLKSWAGEN,VENTO PETROL HIGHLINE AT
4406,2011,99807,Diesel,Manual,First,20.54,1598,103.6,5.0,3.75,VOLKSWAGEN,VENTO DIESEL TRENDLINE
4407,2013,46000,Petrol,Manual,First,17.0,1497,118,5.0,5.1,HONDA,CITY 1.5 S MT
4408,2010,12000,Petrol,Manual,First,22.5,998,67.04,5.0,2.45,MARUTI,WAGON R LXI
4409,2005,13002,Petrol,Automatic,First,9.3,2771,193.1,5.0,3.25,SKODA,SUPERB 2.8 V6 AT
4410,2014,26000,Diesel,Manual,First,26.0,1498,98.6,5.0,5.5,HONDA,CITY I DTEC SV
4411,2014,68365,CNG,Manual,First,26.6,998,58.16,5.0,3.77,MARUTI,WAGON R LXI CNG
4412,2016,27833,Diesel,Automatic,First,0.0,2987,165,5.0,49.24,MERCEDES-BENZ,M-CLASS ML 350 4MATIC
4413,2016,51639,Petrol,Manual,First,22.74,796,47.3,5.0,3.04,MARUTI,ALTO 800 LXI
4414,2015,21000,Petrol,Manual,First,18.6,1197,81.83,5.0,4.9,HYUNDAI,I20 MAGNA 1.2
4415,2013,90000,Diesel,Manual,First,22.7,1498,89.84,5.0,6.25,FORD,ECOSPORT 1.5 DV5 MT TREND
4416,2015,36255,Diesel,Automatic,First,19.59,1995,184,5.0,33.0,BMW,3 SERIES GT 320D LUXURY LINE
4417,2011,58000,Diesel,Automatic,Second,11.7,2993,245,5.0,27.0,BMW,X5 XDRIVE 30D
4418,2014,48997,Petrol,Manual,Second,18.0,1198,86.7,5.0,5.21,HONDA,AMAZE S I-VTECH
4419,2014,31130,Petrol,Manual,First,15.85,1499,110.4,5.0,5.75,FORD,ECOSPORT 1.5 TI VCT MT TITANIUM
4420,2012,75668,Diesel,Automatic,First,14.74,2993,270.9,5.0,16.58,JAGUAR,XF 3.0 LITRE S PREMIUM LUXURY
4421,2015,12000,Petrol,Manual,First,14.53,1798,138,5.0,11.0,TOYOTA,COROLLA 1.8 J
4422,2014,90000,Petrol,Manual,Second,20.36,1197,78.9,5.0,2.8,HYUNDAI,I10 SPORTZ
4423,2019,17320,Diesel,Automatic,First,15.8,2148,170,5.0,37.99,MERCEDES-BENZ,NEW C-CLASS C220 CDI EXECUTIVE EDITION
4424,2011,85000,Diesel,Manual,Second,20.0,1968,108.5,5.0,3.65,SKODA,LAURA AMBIENTE 2.0 TDI CR MT
4425,2007,130000,Diesel,Manual,First,13.1,2499,141,7.0,6.0,FORD,ENDEAVOUR 4X2 XLT
4426,2013,60328,Petrol,Manual,First,15.6,1196,70,5.0,4.54,FORD,FIGO PETROL EXI
4427,2015,34327,Petrol,Manual,First,18.0,1198,86.7,5.0,5.4,HONDA,AMAZE S I-VTECH
4428,2014,75000,Diesel,Manual,First,19.1,1405,70,5.0,3.3,TATA,INDICA VISTA TDI LS
4429,2012,86000,Diesel,Automatic,Second,14.7,1985,163,5.0,18.25,VOLVO,XC60 D4 SUMMUM
4430,2017,12000,Petrol,Manual,First,22.7,799,53,5.0,3.1,DATSUN,REDI GO SPORT
4431,2013,57759,Petrol,Manual,First,21.1,814,55.2,5.0,3.84,HYUNDAI,EON ERA PLUS
4432,2016,24300,Petrol,Manual,First,22.74,796,47.3,5.0,2.44,MARUTI,ALTO 800 VXI
4433,2011,66000,Petrol,Manual,Second,16.47,1198,73.9,5.0,3.6,VOLKSWAGEN,POLO PETROL TRENDLINE 1.2L
4434,2015,75915,Petrol,Manual,First,20.36,1197,78.9,5.0,3.9,HYUNDAI,I10 ASTA
4435,2013,107000,Petrol,Manual,Second,16.95,1498,97.7,5.0,2.9,NISSAN,SUNNY 2011-2014 XL
4436,2008,86000,Petrol,Manual,Second,14.53,1798,138.1,5.0,3.5,TOYOTA,COROLLA ALTIS G
4437,2009,160000,Diesel,Manual,Second,18.1,1493,110,5.0,3.5,HYUNDAI,VERNA CRDI ABS
4438,2019,3000,Petrol,Manual,First,24.7,796,47.3,5.0,3.5,MARUTI,ALTO 800 2016-2019 LXI OPTIONAL
4439,2015,72495,Diesel,Manual,First,21.9,1396,88.76,5.0,7.0,HYUNDAI,I20 SPORTZ 1.4 CRDI
4440,2016,33000,Diesel,Automatic,First,19.08,1582,126.2,5.0,8.7,HYUNDAI,VERNA 1.6 CRDI AT S
4441,2014,60000,Diesel,Automatic,First,12.07,2967,241.4,7.0,45.0,AUDI,Q7 3.0 TDI QUATTRO TECHNOLOGY
4442,2016,80103,Diesel,Manual,First,25.0,1396,69,5.0,1.8,TATA,INDICA V2 ELS
4443,2007,42100,Petrol,Manual,First,18.0,995,62,5.0,0.99,CHEVROLET,SPARK 1.0 LS
4444,2018,4500,Petrol,Manual,First,18.9,1197,81.86,5.0,4.8,HYUNDAI,GRAND I10 1.2 KAPPA MAGNA
4445,2014,97000,Diesel,Manual,First,12.55,2982,169,7.0,17.95,TOYOTA,FORTUNER 4X4 MT TRD SPORTIVO
4446,2016,50000,Electric,Automatic,First,,72,41,5.0,13.0,MAHINDRA,E VERITO D4
4447,2017,51223,Petrol,Manual,First,18.9,1197,81.86,5.0,5.66,HYUNDAI,GRAND I10 1.2 KAPPA ASTA
4448,2009,64000,Petrol,Manual,First,17.0,1497,118,5.0,3.1,HONDA,CITY 1.5 S MT
4449,2016,56911,Petrol,Manual,First,18.6,1197,81.86,5.0,6.54,HYUNDAI,ELITE I20 PETROL ASTA
4450,2015,147848,Diesel,Manual,First,12.8,2494,102,8.0,13.2,TOYOTA,INNOVA 2.5 G4 DIESEL 8-SEATER
4451,2018,21290,Petrol,Automatic,First,13.0,4951,395,4.0,56.8,FORD,MUSTANG V8
4452,2019,14076,Diesel,Automatic,First,11.36,2755,171.5,7.0,19.4,TOYOTA,INNOVA CRYSTA 2.8 GX AT
4453,2007,75180,Petrol,Manual,First,18.2,1061,64,5.0,1.65,MARUTI,ZEN ESTILO 1.1 VXI BSIII
4454,2013,92000,Diesel,Manual,Second,22.9,1248,74,5.0,4.35,MARUTI,SWIFT ZDI
4455,2015,57266,Diesel,Manual,First,20.5,1248,91.72,5.0,6.5,FIAT,AVVENTURA MULTIJET EMOTION
4456,2007,64000,Petrol,Manual,First,18.2,998,67.1,5.0,1.11,MARUTI,ZEN ESTILO VXI BSIII
4457,2013,41000,Diesel,Manual,First,19.87,1461,83.8,5.0,5.5,RENAULT,DUSTER 85PS DIESEL RXL
4458,2012,45999,Diesel,Manual,First,10.5,2835,107.2,6.0,11.0,MITSUBISHI,PAJERO 2.8 SFX
4459,2015,50000,Petrol,Automatic,First,23.1,998,67.04,5.0,3.9,MARUTI,CELERIO VXI AT
4460,2013,70000,Diesel,Manual,First,17.88,1405,48.21,5.0,1.8,TATA,INDICA V2 DLS BSIII
4461,2016,37540,Petrol,Manual,First,18.6,1197,81.86,5.0,6.22,HYUNDAI,ELITE I20 PETROL ASTA
4462,2014,44000,Petrol,Automatic,First,23.1,998,67.04,5.0,4.3,MARUTI,CELERIO VXI AT
4463,2017,22500,Petrol,Manual,First,18.9,1197,81.86,5.0,5.99,HYUNDAI,GRAND I10 1.2 KAPPA ASTA
4464,2017,17431,Petrol,Manual,First,18.6,1197,81.83,5.0,6.0,HYUNDAI,I20 1.2 MAGNA EXECUTIVE
4465,2014,61566,Petrol,Manual,First,17.1,1591,121.3,5.0,5.85,HYUNDAI,VERNA 1.6 SX VTVT (O)
4466,2014,61730,Diesel,Automatic,First,12.39,2179,147.51,5.0,19.94,LAND,ROVER FREELANDER 2 SE
4467,2009,68000,Petrol,Manual,First,16.1,1298,88.2,5.0,2.9,MARUTI,SWIFT VXI BSIII
4468,2014,29000,Petrol,Manual,First,18.0,1198,86.7,5.0,4.25,HONDA,AMAZE SX I-VTEC
4469,2010,156210,Diesel,Manual,First,21.43,1364,87.2,5.0,5.99,TOYOTA,COROLLA ALTIS DIESEL D4DG
4470,2013,46500,Diesel,Manual,First,27.4,1498,98.6,5.0,3.3,HONDA,AMAZE S DIESEL
4471,2009,52830,Diesel,Automatic,Second,16.77,2967,241.38,5.0,8.08,AUDI,A6 3.0 TDI QUATTRO
4472,2017,39867,Petrol,Manual,First,22.5,998,67.04,5.0,4.5,MARUTI,WAGON R VXI
4473,2014,58972,Diesel,Manual,First,24.2,1498,98.6,7.0,6.5,HONDA,MOBILIO E I DTEC
4474,2006,66000,Petrol,Automatic,Second,10.1,2354,152,5.0,3.9,HONDA,CR-V 2.4 4WD AT
4475,2013,52000,Petrol,Manual,First,17.1,1591,121.3,5.0,5.25,HYUNDAI,VERNA 1.6 SX VTVT (O)
4476,2014,58000,Diesel,Automatic,First,11.72,2199,194.3,7.0,17.0,HYUNDAI,SANTA FE 4X4 AT
4477,2012,58000,Petrol,Automatic,First,16.95,1197,78.9,5.0,3.5,HYUNDAI,I10 SPORTZ AT
4478,2008,75000,Diesel,Manual,Second,17.7,1399,68,5.0,3.0,FORD,FUSION PLUS 1.4 TDCI DIESEL
4479,2015,41008,Petrol,Manual,Second,20.36,1197,78.9,5.0,4.87,HYUNDAI,I10 SPORTZ
4480,2014,65000,Diesel,Manual,First,24.4,1120,71,5.0,6.0,HYUNDAI,XCENT 1.1 CRDI SX OPTION
4481,2015,19000,Diesel,Automatic,First,18.19,1968,174.5,5.0,15.5,SKODA,SUPERB STYLE 2.0 TDI AT
4482,2008,74000,Petrol,Manual,Second,16.6,1388,68,5.0,1.6,FORD,FIESTA 1.4 DURATEC EXI
4483,2017,33000,Petrol,Automatic,First,21.4,1197,83.1,5.0,7.25,MARUTI,BALENO ZETA AUTOMATIC
4484,2010,95000,Diesel,Manual,Second,17.0,1896,105,5.0,3.25,SKODA,LAURA 1.9 TDI MT AMBIENTE
4485,2012,34000,Diesel,Manual,First,20.64,1498,108.5,5.0,3.4,VOLKSWAGEN,VENTO 1.5 TDI COMFORTLINE
4486,2014,102865,Diesel,Automatic,First,12.07,2967,241.4,7.0,30.5,AUDI,Q7 3.0 TDI QUATTRO TECHNOLOGY
4487,2016,52378,Petrol,Manual,First,17.0,1591,121.3,5.0,7.97,HYUNDAI,VERNA VTVT 1.6 SX OPTION
4488,2012,38000,Diesel,Automatic,First,14.84,2143,170,5.0,13.51,MERCEDES-BENZ,NEW C-CLASS 220 CDI AT
4489,2015,60334,Diesel,Manual,First,25.8,1498,98.6,5.0,5.43,HONDA,AMAZE S I-DTECH
4490,2010,107000,Petrol,Manual,First,16.6,1388,68,5.0,2.6,FORD,FIESTA 1.4 DURATEC EXI LIMITED EDITION
4491,2013,445000,Petrol,Manual,First,18.5,1197,82.9,5.0,4.45,HYUNDAI,I20 MAGNA OPTIONAL 1.2
4492,2017,2196,Petrol,Manual,First,22.74,796,47.3,5.0,2.75,MARUTI,ALTO 800 LXI
4493,2010,24000,Petrol,Automatic,First,10.6,2996,258,5.0,8.75,BMW,5 SERIES 530I SEDAN
4494,2015,44846,Petrol,Manual,Second,14.6,1368,88.7,5.0,5.41,FIAT,GRANDE PUNTO 1.4 EMOTION
4495,2018,64035,Diesel,Automatic,First,28.4,1248,73.75,5.0,8.55,MARUTI,DZIRE AMT ZDI PLUS
4496,2014,45600,Diesel,Manual,First,15.1,2179,140,7.0,8.25,MAHINDRA,XUV500 W6 2WD
4497,2014,102001,Diesel,Automatic,First,11.1,2400,200,7.0,23.58,VOLVO,XC90 2007-2015 D5 AT AWD
4498,2014,47439,Petrol,Manual,First,20.36,1197,78.9,5.0,4.49,HYUNDAI,I10 SPORTZ 1.2
4499,2010,193254,Diesel,Manual,First,11.5,2982,171,7.0,12.99,TOYOTA,FORTUNER 3.0 DIESEL
4500,2016,29000,Petrol,Automatic,First,21.9,624,37.48,4.0,2.8,TATA,NANO XTA
4501,2016,51681,Diesel,Manual,First,19.98,1461,108.5,8.0,8.43,RENAULT,LODGY 110PS RXZ 8 SEATER
4502,2015,50000,Diesel,Automatic,First,12.07,2967,241.4,7.0,47.5,AUDI,Q7 3.0 TDI QUATTRO PREMIUM PLUS
4503,2016,42666,Petrol,Automatic,First,18.0,1497,117.3,5.0,8.95,HONDA,CITY I VTEC CVT VX
4504,2013,65000,Diesel,Manual,Second,19.01,1461,108.45,5.0,5.5,RENAULT,DUSTER 110PS DIESEL RXL
4505,2014,18776,Petrol,Manual,First,17.8,1198,86.7,5.0,4.75,HONDA,AMAZE S I-VTEC
4506,2016,6714,Petrol,Manual,First,18.0,1198,86.7,5.0,4.75,HONDA,AMAZE S I-VTECH
4507,2009,40000,Petrol,Automatic,Second,12.05,1995,154,5.0,9.5,BMW,3 SERIES 320I
4508,2011,88539,Diesel,Manual,First,23.2,1248,73.94,5.0,3.77,MARUTI,RITZ LDI
4509,2012,65055,Petrol,Manual,Second,17.0,1497,118,5.0,4.25,HONDA,CITY 1.5 S MT
4510,2014,23000,Diesel,Automatic,First,18.88,1995,184,5.0,19.9,BMW,3 SERIES 320D SPORT LINE
4511,2009,60000,Diesel,Manual,First,15.0,1896,105,5.0,4.0,VOLKSWAGEN,JETTA 2007-2011 1.9 TDI TRENDLINE
4512,2013,59350,Petrol,Manual,First,19.1,1197,85.8,5.0,4.16,MARUTI,SWIFT DZIRE LXI
4513,2015,19000,Diesel,Automatic,Second,16.36,2179,187.7,5.0,38.0,JAGUAR,XF 2.2 LITRE EXECUTIVE
4514,2016,45560,Petrol,Automatic,First,16.9,1197,82,5.0,6.34,HYUNDAI,XCENT 1.2 KAPPA AT SX OPTION
4515,2009,118000,Diesel,Manual,First,12.8,2494,102,8.0,4.5,TOYOTA,INNOVA 2.5 G (DIESEL) 7 SEATER BS IV
4516,2016,55000,Petrol,Manual,First,15.1,1196,73,7.0,3.75,MARUTI,EECO 7 SEATER STANDARD
4517,2012,60000,Diesel,Automatic,Second,15.2,1968,140.8,5.0,10.2,AUDI,A4 NEW 2.0 TDI MULTITRONIC
4518,2007,145000,Diesel,Manual,First,12.8,2494,102,8.0,5.0,TOYOTA,INNOVA 2.5 G (DIESEL) 7 SEATER BS IV
4519,2008,46810,Petrol,Manual,First,9.8,1995,163.5,5.0,3.95,MARUTI,GRAND VITARA MT
4520,2016,62767,Diesel,Manual,First,20.34,1498,103.2,5.0,9.75,VOLKSWAGEN,VENTO 1.5 TDI HIGHLINE
4521,2018,18553,Petrol,Manual,First,18.6,1197,81.86,5.0,7.93,HYUNDAI,ELITE I20 PETROL ASTA
4522,2011,143143,Diesel,Manual,First,17.8,1399,67,5.0,2.1,FORD,FIESTA CLASSIC 1.4 DURATORQ CLXI
4523,2015,53497,Diesel,Manual,First,13.5,2477,175.56,7.0,16.42,MITSUBISHI,PAJERO SPORT 4X4
4524,2011,148000,Diesel,Manual,Second,14.66,2199,194.3,7.0,8.9,HYUNDAI,SANTA FE 4X4
4525,2012,95000,Diesel,Manual,First,15.1,2179,140,7.0,7.21,MAHINDRA,XUV500 W8 2WD
4526,2015,100000,Diesel,Manual,First,12.8,2494,102,8.0,13.5,TOYOTA,INNOVA 2.5 V DIESEL 8-SEATER
4527,2016,29000,Diesel,Automatic,First,11.57,2987,254.79,5.0,65.0,MERCEDES-BENZ,GLE 350D
4528,2014,87000,Diesel,Manual,First,12.05,2179,120,7.0,7.4,MAHINDRA,SCORPIO 2009-2014 SLE 7S BSIV
4529,2014,56838,Petrol,Automatic,First,16.8,1497,118,5.0,5.15,HONDA,CITY 1.5 S AT
4530,2013,100000,Diesel,Automatic,First,12.0,2987,224,7.0,32.0,MERCEDES-BENZ,GL-CLASS 2007 2012 350 CDI LUXURY
4531,2011,125000,Petrol,Manual,First,17.0,1497,118,5.0,3.25,HONDA,CITY 1.5 S MT
4532,2017,17000,Petrol,Automatic,First,22.5,998,67,5.0,3.95,MARUTI,WAGON R VXI AMT
4533,2013,70000,Petrol,Manual,Second,15.4,1193,65,5.0,1.5,TATA,INDIGO ECS GLE BSIII
4534,2010,50000,Petrol,Manual,Second,17.0,1197,80,5.0,3.0,HYUNDAI,I20 2015-2017 1.2 ASTA WITH AVN
4535,2010,39800,Petrol,Manual,First,16.0,1198,90,5.0,1.99,HONDA,JAZZ ACTIVE
4536,2010,60000,Petrol,Manual,First,19.0,998,66.1,5.0,1.35,MARUTI,A-STAR LXI
4537,2009,58000,Diesel,Automatic,First,16.07,1995,181,5.0,13.5,BMW,3 SERIES 320D HIGHLINE
4538,2010,110009,Diesel,Manual,First,17.67,1968,138.08,5.0,6.99,SKODA,YETI ELEGANCE
4539,2013,85000,Diesel,Manual,First,19.01,1461,108.5,5.0,8.5,NISSAN,TERRANO XV PREMIUM 110 PS
4540,2010,84000,Diesel,Manual,Second,22.07,1199,73.9,5.0,2.89,VOLKSWAGEN,POLO DIESEL COMFORTLINE 1.2L
4541,2011,51000,Diesel,Automatic,First,22.69,1995,190,5.0,10.5,BMW,3 SERIES 320D
4542,2013,68880,Petrol,Manual,First,16.95,1498,97.7,5.0,3.97,NISSAN,SUNNY 2011-2014 XL
4543,2017,5500,Petrol,Automatic,First,24.07,998,67.1,5.0,4.25,MARUTI,ALTO K10 VXI AGS
4544,2016,40052,Petrol,Manual,First,21.1,1197,85.80,5.0,6.17,MARUTI,RITZ ZXI
4545,2016,47293,Diesel,Automatic,First,14.16,1968,174.3,5.0,38.72,AUDI,Q5 30 TDI QUATTRO PREMIUM PLUS
4546,2013,79663,Diesel,Manual,First,16.8,1493,110,5.0,6.5,HYUNDAI,VERNA CRDI SX
4547,2013,63000,Diesel,Manual,Second,25.8,1498,98.6,5.0,4.25,HONDA,AMAZE S I-DTECH
4548,2014,45000,Diesel,Manual,First,26.0,1498,98.6,5.0,4.75,HONDA,CITY I DTEC SV
4549,2014,56501,Diesel,Automatic,First,12.9,2755,174.5,7.0,17.71,TOYOTA,FORTUNER TRD SPORTIVO 2.8 2WD AT
4550,2015,58000,Diesel,Manual,First,20.34,1498,103.2,5.0,5.85,VOLKSWAGEN,VENTO 1.5 TDI HIGHLINE
4551,2011,51602,Diesel,Automatic,First,22.48,1995,190,5.0,17.27,BMW,5 SERIES 520D LUXURY LINE
4552,2007,74199,Diesel,Automatic,First,16.07,1995,181,5.0,9.25,BMW,3 SERIES 320D SEDAN
4553,2017,25000,Petrol,Automatic,First,13.0,1591,121.3,5.0,12.75,HYUNDAI,CRETA 1.6 SX PLUS PETROL AUTOMATIC
4554,2016,70000,Diesel,Automatic,Second,21.76,1995,190,5.0,27.0,BMW,3 SERIES LUXURY LINE
4555,2013,25000,Diesel,Automatic,Second,14.84,2143,167.62,5.0,21.0,MERCEDES-BENZ,NEW C-CLASS C 220 CDI BE AVANTGARE
4556,2017,22000,Diesel,Manual,First,26.59,1248,74,5.0,7.95,MARUTI,SWIFT DZIRE VDI
4557,2015,47020,Petrol,Manual,Second,23.1,998,67.04,5.0,4.5,MARUTI,CELERIO ZXI
4558,2017,8000,Diesel,Automatic,First,19.59,1995,187.74,5.0,33.75,BMW,3 SERIES 320D GT LUXURY LINE
4559,2010,73000,Diesel,Automatic,First,11.33,4134,335.2,7.0,17.51,AUDI,Q7 4.2 TDI QUATTRO TECHNOLOGY
4560,2017,36973,Petrol,Manual,First,18.2,1199,88.7,5.0,6.8,HONDA,JAZZ V
4561,2014,42083,Petrol,Manual,First,25.4,624,37.48,4.0,1.68,TATA,NANO CX BSIV
4562,2016,61000,Petrol,Manual,First,24.7,796,47.3,5.0,2.9,MARUTI,ALTO 800 2016-2019 LXI
4563,2014,43628,Petrol,Manual,First,22.5,998,67.04,5.0,3.16,MARUTI,WAGON R VXI
4564,2014,60000,Diesel,Manual,First,24.4,1120,71,5.0,3.9,HYUNDAI,XCENT 1.1 CRDI BASE
4565,2010,54000,Petrol,Manual,Second,17.8,1199,76.8,5.0,1.95,CHEVROLET,BEAT LT
4566,2015,27001,Diesel,Automatic,First,16.36,2179,187.7,5.0,26.52,JAGUAR,XF 2.2 LITRE LUXURY
4567,2010,52000,Diesel,Automatic,First,18.33,1968,167.7,5.0,9.0,VOLKSWAGEN,PASSAT DIESEL HIGHLINE 2.0 TDI
4568,2012,80000,Diesel,Manual,First,21.27,1396,88.76,5.0,4.5,HYUNDAI,I20 ASTA 1.4 CRDI
4569,2008,160000,Diesel,Manual,First,10.5,2835,107.2,6.0,8.75,MITSUBISHI,PAJERO 2.8 SFX
4570,2018,3300,Diesel,Automatic,First,24.3,1248,88.5,5.0,11.5,MARUTI,VITARA BREZZA ZDI PLUS AMT DUAL TONE
4571,2016,35027,Petrol,Manual,First,24.07,998,67.1,5.0,3.0,MARUTI,ALTO K10 LXI
4572,2015,26568,Petrol,Manual,First,21.1,814,55.2,5.0,3.79,HYUNDAI,EON MAGNA PLUS
4573,2015,59000,Diesel,Manual,First,28.09,1248,88.5,5.0,6.0,MARUTI,CIAZ VDI PLUS SHVS
4574,2016,51000,Diesel,Manual,First,19.67,1582,126.2,5.0,13.25,HYUNDAI,CRETA 1.6 CRDI SX OPTION
4575,2012,56400,Diesel,Automatic,First,17.2,1968,138.1,5.0,8.0,SKODA,SUPERB AMBITION 2.0 TDI CR AT
4576,2015,80000,Diesel,Manual,First,20.14,1498,88.8,5.0,5.8,VOLKSWAGEN,POLO 1.5 TDI HIGHLINE
4577,2012,72000,Diesel,Automatic,Third,18.48,,,,13.85,BMW,5 SERIES 520D SEDAN
4578,2013,107000,Diesel,Manual,Second,12.99,2494,100.6,7.0,13.5,TOYOTA,INNOVA 2.5 VX (DIESEL) 7 SEATER
4579,2014,100000,Diesel,Automatic,First,14.21,2143,203,5.0,25.0,MERCEDES-BENZ,E-CLASS 2009-2013 E250 CDI ELEGANCE
4580,2016,59998,Diesel,Manual,First,20.14,1498,88.8,5.0,5.49,VOLKSWAGEN,POLO 1.5 TDI HIGHLINE
4581,2013,105000,Diesel,Automatic,First,17.32,1968,150,5.0,19.0,AUDI,Q3 2.0 TDI
4582,2011,36000,Petrol,Manual,First,18.5,1197,80,5.0,2.5,HYUNDAI,I20 1.2 MAGNA
4583,2015,24350,Petrol,Manual,Second,19.81,1086,68.05,5.0,3.0,HYUNDAI,I10 SPORTZ 1.1L
4584,2018,28973,Diesel,Manual,First,24.7,1047,69,5.0,6.64,TATA,TIGOR 1.05 REVOTORQ XT
4585,2017,8243,Petrol,Manual,First,21.1,814,55.2,5.0,3.21,HYUNDAI,EON ERA
4586,2009,136642,Petrol,Manual,Second,17.92,1086,62.1,5.0,1.55,HYUNDAI,SANTRO XING GLS
4587,2011,60000,Petrol,Manual,First,17.92,1086,62.1,5.0,2.59,HYUNDAI,SANTRO XING GLS
4588,2008,100000,Diesel,Manual,Second,12.7,2609,120,8.0,4.0,MAHINDRA,SCORPIO SLX
4589,2010,48689,Petrol,Manual,First,17.4,1497,117.3,5.0,3.87,HONDA,CITY I-VTEC S
4590,2017,45000,Diesel,Manual,First,24.3,1248,88.5,5.0,9.75,MARUTI,VITARA BREZZA ZDI
4591,2019,38163,Diesel,Automatic,First,17.11,1968,174.33,5.0,32.91,AUDI,A4 35 TDI TECHNOLOGY EDITION
4592,2011,43800,Diesel,Automatic,Second,14.21,2143,203,5.0,16.75,MERCEDES-BENZ,E-CLASS 2009-2013 E250 CDI ELEGANCE
4593,2007,92000,Petrol,Manual,First,13.5,1799,130,5.0,1.9,HONDA,CIVIC 2006-2010 1.8 MT SPORT
4594,2017,14064,Petrol,Manual,First,18.6,1197,81.83,5.0,6.59,HYUNDAI,I20 MAGNA 1.2
4595,2017,42366,Diesel,Automatic,First,15.73,1968,174.33,5.0,31.93,AUDI,Q3 35 TDI QUATTRO PREMIUM PLUS
4596,2014,76551,Diesel,Manual,First,25.1,1498,98.6,5.0,7.25,HONDA,CITY I DTEC VX
4597,2008,72672,Petrol,Manual,First,19.81,1086,68.05,5.0,1.9,HYUNDAI,I10 ERA 1.1 ITECH SE
4598,2015,45000,Diesel,Manual,First,25.2,1248,74,5.0,3.55,MARUTI,SWIFT VDI BSIV
4599,2012,91696,Diesel,Automatic,First,11.4,2953,153.86,7.0,9.25,FORD,ENDEAVOUR 3.0L 4X4 AT
4600,2009,66484,Petrol,Manual,First,13.8,1299,70,5.0,1.65,FORD,IKON 1.3 FLAIR
4601,2019,15456,Diesel,Automatic,First,20.68,1995,190,5.0,36.64,BMW,X1 SDRIVE 20D XLINE
4602,2011,55000,Diesel,Automatic,Second,14.21,2143,203,5.0,16.0,MERCEDES-BENZ,E-CLASS 2009-2013 E250 CDI CLASSIC
4603,2019,21112,CNG,Manual,First,15.1,1196,73,5.0,5.38,MARUTI,EECO 5 STR WITH AC PLUS HTR CNG
4604,2011,98000,Petrol,Manual,First,16.7,,,,3.15,HONDA,JAZZ SELECT EDITION
4605,2014,61297,Diesel,Manual,First,25.8,1498,98.6,5.0,4.35,HONDA,AMAZE S I-DTECH
4606,2006,80000,Petrol,Manual,Second,17.3,993,60,5.0,1.2,MARUTI,ZEN LXI - BS III
4607,2013,59000,Petrol,Manual,Second,18.5,1197,80,5.0,4.1,HYUNDAI,I20 MAGNA
4608,2009,150000,Diesel,Automatic,First,11.0,2993,235,5.0,18.75,BMW,X5 3.0D
4609,2017,60083,Diesel,Manual,First,19.67,1582,126.2,5.0,13.78,HYUNDAI,CRETA 1.6 CRDI SX OPTION
4610,2016,85450,Diesel,Manual,First,26.59,1248,74,5.0,4.0,MARUTI,SWIFT DZIRE LDI
4611,2013,88000,Diesel,Manual,First,22.9,1248,74,5.0,4.33,MARUTI,SWIFT VDI
4612,2015,81828,Diesel,Manual,First,24.0,1186,73.97,5.0,5.43,HYUNDAI,GRAND I10 1.2 CRDI ASTA
4613,2016,18000,Petrol,Manual,First,18.16,1196,86.8,5.0,4.9,FORD,FIGO ASPIRE 1.2 TI-VCT TREND
4614,2017,15000,Diesel,Automatic,First,15.97,2993,258,5.0,70.0,BMW,X5 X5 M
4615,2016,34000,Diesel,Automatic,First,11.78,2143,167.62,5.0,25.5,MERCEDES-BENZ,NEW C-CLASS C 220 CDI CELEBRATION EDITION
4616,2015,46000,Petrol,Automatic,First,18.9,1197,82,5.0,5.1,HYUNDAI,GRAND I10 AT ASTA
4617,2013,48158,Diesel,Manual,First,22.32,1582,126.32,5.0,6.7,HYUNDAI,VERNA 1.6 SX CRDI (O)
4618,2013,93000,Diesel,Automatic,First,16.73,2993,218,5.0,26.5,BMW,5 SERIES 525D SEDAN
4619,2013,71007,Diesel,Manual,First,23.08,1461,63.1,5.0,3.9,NISSAN,MICRA DIESEL XV PREMIUM
4620,2010,63067,Petrol,Manual,Second,15.5,1586,103.3,5.0,2.7,MARUTI,SX4 ZXI MT BSIV
4621,2011,70259,Diesel,Manual,First,21.12,1248,88.8,5.0,2.95,TATA,MANZA AURA QUADRAJET BS IV
4622,2015,13000,Diesel,Automatic,First,16.55,1968,140,5.0,23.0,AUDI,A4 2.0 TDI MULTITRONIC
4623,2009,140000,Diesel,Manual,Second,17.8,1248,75,5.0,2.49,MARUTI,SWIFT LDI BSIV
4624,2015,130000,Diesel,Manual,First,25.2,1248,74,5.0,4.5,MARUTI,SWIFT LDI OPTIONAL
4625,2011,89401,Diesel,Manual,First,21.43,1364,87.2,5.0,4.5,TOYOTA,COROLLA ALTIS DIESEL D4DJ
4626,2015,67000,Diesel,Manual,First,27.3,1498,98.6,5.0,6.9,HONDA,JAZZ 1.5 VX I DTEC
4627,2010,65329,Petrol,Automatic,First,7.94,4395,450,4.0,20.72,BMW,6 SERIES 650I COUPE
4628,2010,72000,Petrol,Manual,First,16.25,1198,73.9,5.0,2.21,SKODA,FABIA 1.2 PETROL ACTIVE
4629,2001,70000,Petrol,Manual,Third,0.0,1242,,5.0,0.55,FIAT,SIENA 1.2 ELX
4630,2011,82000,Diesel,Automatic,Second,12.35,2179,187.74,5.0,13.9,LAND,ROVER FREELANDER 2 HSE
4631,2010,85000,Petrol,Manual,First,15.3,1596,101,5.0,1.46,FORD,FIESTA 1.6 ZXI DURATEC
4632,2012,83000,Diesel,Automatic,First,19.08,1582,126.32,5.0,6.0,HYUNDAI,VERNA SX CRDI AT
4633,2016,26000,Petrol,Manual,First,21.7,999,67,5.0,3.0,RENAULT,KWID 1.0 RXT OPTIONAL
4634,2012,27000,Diesel,Manual,First,22.3,1248,88.8,5.0,3.5,TATA,INDICA VISTA QUADRAJET 90 ZX PLUS
4635,2018,37746,Diesel,Manual,First,21.19,1396,88.73,5.0,7.59,HYUNDAI,I20 ACTIVE 1.4 SX
4636,2009,63274,Petrol,Manual,Second,15.0,1586,104.68,5.0,1.99,MARUTI,SX4 ZXI BSIII
4637,2016,25000,Petrol,Manual,First,25.17,799,53.3,5.0,3.8,RENAULT,KWID RXT
4638,2013,197000,Diesel,Manual,First,11.68,2498,112,7.0,4.0,MAHINDRA,XYLO E4 ABS BS III
4639,2013,45010,Petrol,Manual,Second,21.1,814,55.2,5.0,2.95,HYUNDAI,EON D LITE PLUS
4640,2013,75348,Diesel,Manual,First,25.8,1498,98.6,5.0,3.75,HONDA,AMAZE VX I-DTEC
4641,2010,90110,Diesel,Manual,First,22.07,1199,73.9,5.0,2.5,VOLKSWAGEN,POLO DIESEL HIGHLINE 1.2L
4642,2011,102013,Petrol,Manual,First,17.0,1497,118,5.0,3.75,HONDA,CITY 1.5 V MT
4643,2015,36000,Diesel,Automatic,First,12.55,2982,168.5,7.0,22.0,TOYOTA,FORTUNER 4X2 AT
4644,2017,37578,Petrol,Manual,First,18.0,1198,86.7,5.0,6.14,HONDA,AMAZE E I-VTECH
4645,2015,46001,Diesel,Automatic,First,20.58,1995,143,5.0,16.0,BMW,1 SERIES 118D BASE
4646,2014,46559,Petrol,Automatic,First,23.1,998,67.04,5.0,3.75,MARUTI,CELERIO VXI AT
4647,2015,48000,Diesel,Manual,First,12.99,2494,100.6,8.0,11.75,TOYOTA,INNOVA 2.5 GX (DIESEL) 8 SEATER
4648,2013,46000,Diesel,Automatic,Second,16.36,2179,187.7,5.0,24.0,JAGUAR,XF 2.2 LITRE LUXURY
4649,2017,15000,Petrol,Manual,First,17.5,1199,88.7,5.0,8.9,HONDA,WRV I-VTEC VX
4650,2012,85000,Diesel,Automatic,Third,17.05,1995,184,5.0,10.0,BMW,X1 SDRIVE20D
4651,2014,32000,Petrol,Automatic,First,14.3,1598,103.5,5.0,5.55,SKODA,RAPID 1.6 MPI AT ELEGANCE
4652,2012,60818,Petrol,Manual,First,16.09,1598,103.5,5.0,3.59,VOLKSWAGEN,VENTO 1.6 COMFORTLINE
4653,2019,35188,Diesel,Manual,First,22.77,1498,98.59,5.0,11.13,FORD,ECOSPORT 1.5 TDCI TREND PLUS BE
4654,2012,110000,Diesel,Manual,First,15.1,2179,140,7.0,7.2,MAHINDRA,XUV500 W6 2WD
4655,2014,61000,Diesel,Manual,First,18.6,1388,67,5.0,2.98,FORD,FIESTA CLASSIC 1.4 DURATORQ LXI
4656,2010,75000,Petrol,Manual,Second,17.92,1086,62.1,5.0,1.7,HYUNDAI,SANTRO XING GLS
4657,2015,55000,Diesel,Automatic,First,12.0,2987,224,7.0,52.0,MERCEDES-BENZ,GL-CLASS 2007 2012 350 CDI LUXURY
4658,2003,69966,Petrol,Manual,First,19.7,796,46.3,5.0,0.95,MARUTI,ALTO LXI BSII
4659,2016,42000,Petrol,Manual,First,17.8,1497,117.3,5.0,9.25,HONDA,CITY I VTEC VX OPTION
4660,2014,48000,Diesel,Automatic,First,13.01,2199,194.3,7.0,16.25,HYUNDAI,SANTA FE 2WD AT
4661,2015,35000,Diesel,Automatic,First,17.9,2143,136,5.0,20.99,MERCEDES-BENZ,GLA CLASS 200 CDI SPORT
4662,2005,128000,Diesel,Manual,Second,12.8,2494,102,8.0,4.25,TOYOTA,INNOVA 2.5 G4 DIESEL 8-SEATER
4663,2008,78000,Diesel,Automatic,Second,16.07,1995,181,5.0,7.2,BMW,3 SERIES 320D SEDAN
4664,2011,53080,Petrol,Manual,First,18.6,1197,85.8,5.0,4.4,MARUTI,SWIFT ZXI
4665,2011,66000,Petrol,Manual,Second,15.04,1598,103.6,5.0,4.25,VOLKSWAGEN,VENTO PETROL HIGHLINE
4666,2012,25000,Petrol,Manual,First,16.02,1373,93.7,7.0,5.35,MARUTI,ERTIGA VXI
4667,2016,36139,Petrol,Automatic,Second,18.9,1197,82,5.0,6.3,HYUNDAI,GRAND I10 AT ASTA
4668,2017,44000,Diesel,Manual,First,19.67,1582,126.2,5.0,12.5,HYUNDAI,CRETA 1.6 CRDI SX
4669,2008,50000,Diesel,Automatic,Second,16.77,2967,241.38,5.0,7.5,AUDI,A6 3.0 TDI QUATTRO
4670,2016,81177,Diesel,Manual,First,16.0,1997,140,7.0,11.25,MAHINDRA,XUV500 W8 1.99 MHAWK
4671,2016,26000,Petrol,Automatic,First,16.05,1499,110.4,5.0,7.65,FORD,ECOSPORT 1.5 TI VCT AT TITANIUM BE
4672,2016,100000,Diesel,Manual,First,24.4,1120,71,5.0,4.5,HYUNDAI,XCENT 1.1 CRDI BASE
4673,2014,75000,Diesel,Automatic,First,21.21,1498,103.2,5.0,7.5,VOLKSWAGEN,VENTO 1.5 TDI COMFORTLINE AT
4674,2004,119859,Petrol,Automatic,First,13.0,2987,210,5.0,7.1,MERCEDES-BENZ,S-CLASS 280 AT
4675,2010,55980,Petrol,Manual,First,20.36,1197,78.9,5.0,2.25,HYUNDAI,I10 MAGNA
4676,2015,30000,Diesel,Automatic,First,17.11,1968,174.33,5.0,27.0,AUDI,A4 35 TDI TECHNOLOGY EDITION
4677,2012,49700,Diesel,Manual,Second,21.9,1396,88.76,5.0,4.18,HYUNDAI,I20 SPORTZ 1.4 CRDI
4678,2013,79000,Diesel,Manual,First,23.5,1396,88.7,5.0,6.5,HYUNDAI,VERNA 1.4 EX
4679,2010,65100,Petrol,Manual,First,17.0,1497,118,5.0,3.15,HONDA,CITY 1.5 V MT
4680,2016,54161,Diesel,Manual,First,25.47,1248,88.50,7.0,7.64,MARUTI,ERTIGA VDI
4681,2011,28619,Petrol,Manual,First,19.7,796,46.3,5.0,2.4,MARUTI,ALTO LXI BSII
4682,2016,9000,Petrol,Automatic,First,20.51,998,67,5.0,4.25,MARUTI,WAGON R AMT VXI
4683,2016,42876,Diesel,Automatic,First,19.08,1582,126.2,5.0,9.31,HYUNDAI,VERNA 1.6 CRDI AT SX
4684,2011,64000,Petrol,Manual,First,19.7,796,46.3,5.0,2.39,MARUTI,ALTO LXI BSIII
4685,2018,20488,Petrol,Manual,Second,16.09,1598,103.5,5.0,7.64,VOLKSWAGEN,VENTO 1.6 COMFORTLINE
4686,2016,21000,Petrol,Manual,First,21.4,1197,83.1,5.0,6.21,MARUTI,BALENO ZETA 1.2
4687,2012,119203,Diesel,Automatic,First,0.0,2179,115,5.0,16.5,LAND,ROVER FREELANDER 2 TD4 SE
4688,2011,55987,Petrol,Automatic,First,13.7,1997,153.86,5.0,8.22,HONDA,CR-V 2.0L 2WD AT
4689,2017,72668,Diesel,Manual,First,14.24,2755,174.5,7.0,28.85,TOYOTA,FORTUNER 2.8 2WD MT
4690,2015,32000,Petrol,Automatic,First,15.6,1497,116.3,5.0,8.5,HONDA,CITY V AT
4691,2014,3000,Petrol,Automatic,Second,12.0,5461,421,2.0,90.0,MERCEDES-BENZ,SLK-CLASS 55 AMG
4692,2015,10400,Petrol,Manual,First,17.4,1497,117.3,5.0,6.51,HONDA,CITY I-VTEC S
4693,2013,35000,Diesel,Manual,First,22.9,1248,74,5.0,4.65,MARUTI,SWIFT VDI
4694,2013,55101,Petrol,Automatic,First,14.53,1794,138.1,5.0,8.4,TOYOTA,COROLLA ALTIS 2008-2013 1.8 VL AT
4695,2014,57464,Diesel,Manual,First,23.59,1364,67.06,5.0,5.75,TOYOTA,ETIOS CROSS 1.4L VD
4696,2006,110000,Petrol,Manual,First,18.9,998,67.1,5.0,1.11,MARUTI,WAGON R LX
4697,2017,17941,Petrol,Manual,First,15.7,,,,3.93,FIAT,PUNTO 1.2 DYNAMIC
4698,2014,72000,Petrol,Automatic,First,12.0,1991,184,5.0,17.25,MERCEDES-BENZ,E-CLASS 2015-2017 E 200 CGI
4699,2012,16000,Diesel,Automatic,First,16.36,2179,187.7,5.0,32.0,JAGUAR,XF AERO SPORT EDITION
4700,2011,62020,Petrol,Manual,First,17.0,1197,80,5.0,3.45,HYUNDAI,I20 SPORTZ PETROL
4701,2014,85000,Diesel,Automatic,Second,12.39,2179,147.51,5.0,23.0,LAND,ROVER FREELANDER 2 SE
4702,2018,14223,Petrol,Manual,First,18.6,1197,81.86,5.0,7.32,HYUNDAI,ELITE I20 PETROL SPORTZ
4703,2014,41210,Petrol,Manual,First,18.0,1198,86.7,5.0,4.4,HONDA,AMAZE S I-VTECH
4704,2015,20000,Diesel,Automatic,First,0.0,2987,165,5.0,47.35,MERCEDES-BENZ,M-CLASS ML 350 4MATIC
4705,2016,18043,Petrol,Manual,First,22.74,796,47.3,5.0,4.12,MARUTI,ALTO 800 VXI
4706,2016,80000,Diesel,Automatic,First,11.36,2755,171.5,7.0,19.5,TOYOTA,INNOVA CRYSTA 2.8 ZX AT
4707,2016,21000,Petrol,Automatic,First,18.9,1197,82,5.0,6.2,HYUNDAI,GRAND I10 AT ASTA
4708,2016,49000,Diesel,Automatic,First,16.55,2993,258,5.0,45.0,BMW,X3 XDRIVE30D M SPORT
4709,1998,104000,Petrol,Manual,Second,15.0,970,,5.0,0.85,MARUTI,1000 AC
4710,2010,95000,Petrol,Manual,Second,18.5,1197,80,5.0,2.8,HYUNDAI,I20 MAGNA
4711,2015,32000,Petrol,Automatic,First,18.9,1197,82,5.0,4.8,HYUNDAI,GRAND I10 AT ASTA
4712,2003,80000,Petrol,Manual,Second,17.0,,,,0.9,HYUNDAI,SANTRO XING XG
4713,2014,122800,Diesel,Manual,First,25.01,1498,89.75,5.0,5.65,FORD,FIESTA 1.5 TDCI TITANIUM
4714,2011,78000,Diesel,Manual,Second,15.0,2148,,5.0,14.5,MERCEDES-BENZ,E-CLASS 220 CDI
4715,2015,69000,Diesel,Manual,First,26.59,1248,74,5.0,5.9,MARUTI,SWIFT DZIRE VDI
4716,2015,65000,Diesel,Manual,Second,23.59,1364,67.04,5.0,5.0,TOYOTA,ETIOS VXD
4717,2015,23000,Petrol,Manual,First,19.1,1197,82,5.0,4.9,HYUNDAI,XCENT 1.2 KAPPA BASE
4718,2009,70000,Petrol,Manual,First,13.5,1799,130,5.0,4.25,HONDA,CIVIC 2006-2010 1.8 S MT
4719,2014,250000,Diesel,Manual,First,12.99,2494,100.6,8.0,10.9,TOYOTA,INNOVA 2.5 GX (DIESEL) 8 SEATER
4720,2012,56000,Petrol,Manual,First,13.2,1495,94,5.0,2.45,HYUNDAI,ACCENT GLE
4721,2013,30000,Petrol,Manual,First,22.74,796,47.3,5.0,2.5,MARUTI,ALTO 800 LXI
4722,2010,35000,Petrol,Automatic,First,8.1,5461,387.3,2.0,29.5,MERCEDES-BENZ,SL-CLASS SL 500
4723,2013,92250,Diesel,Manual,Second,22.7,1498,89.84,5.0,5.75,FORD,ECOSPORT 1.5 DV5 MT TITANIUM OPTIONAL
4724,2018,40000,Petrol,Manual,First,20.14,1197,81.86,5.0,5.0,HYUNDAI,XCENT 1.2 VTVT E
4725,2014,96848,Petrol,Automatic,First,14.3,1598,103.6,5.0,4.62,SKODA,RAPID 1.6 MPI AT AMBITION PLUS
4726,2016,42000,Diesel,Automatic,First,15.73,1968,174.33,5.0,23.5,AUDI,Q3 2012-2015 35 TDI QUATTRO PREMIUM PLUS
4727,2013,55886,Diesel,Manual,First,16.0,2179,140,7.0,7.25,MAHINDRA,XUV500 W8 2WD
4728,2019,12336,Petrol,Manual,First,17.0,1591,121.3,5.0,11.88,HYUNDAI,VERNA VTVT 1.6 SX OPTION
4729,2009,60000,Petrol,Manual,Third,13.9,1599,103.2,5.0,2.25,HYUNDAI,VERNA XI (PETROL)
4730,2003,83000,Petrol,Manual,Second,14.2,1597,92,5.0,0.85,FORD,IKON 1.6 CLXI
4731,2018,24000,Petrol,Manual,First,19.69,1198,67.04,5.0,4.0,NISSAN,MICRA ACTIVE XV
4732,2016,32198,Petrol,Automatic,First,16.5,1198,86.8,5.0,5.1,HONDA,BRIO VX AT
4733,2014,92247,Diesel,Manual,First,12.99,2494,100.6,7.0,12.5,TOYOTA,INNOVA 2.5 GX (DIESEL) 7 SEATER
4734,2011,121311,Diesel,Manual,First,20.64,1498,108.5,5.0,2.9,VOLKSWAGEN,VENTO 1.5 TDI HIGHLINE
4735,2016,66296,Diesel,Manual,First,16.0,2179,140,7.0,15.96,MAHINDRA,XUV500 W10 AWD
4736,2015,41000,Petrol,Automatic,First,16.9,1197,82,5.0,5.45,HYUNDAI,XCENT 1.2 KAPPA AT SX OPTION
4737,2017,38681,Diesel,Manual,First,13.5,2198,157.7,7.0,23.86,FORD,ENDEAVOUR 2.2 TREND MT 4X4
4738,2008,43761,Petrol,Manual,First,18.0,995,62,5.0,1.75,CHEVROLET,SPARK 1.0 LT
4739,2017,17400,Diesel,Manual,First,24.52,1248,88.5,7.0,9.75,MARUTI,ERTIGA SHVS VDI
4740,2013,61510,Diesel,Manual,First,25.8,1498,98.6,5.0,4.75,HONDA,AMAZE S I-DTECH
4741,2014,60000,Petrol,Manual,First,17.4,1497,117.3,5.0,6.25,HONDA,CITY I VTEC S
4742,2014,35165,Diesel,Automatic,Second,23.8,1998,112,5.0,22.0,MINI,COOPER COUNTRYMAN D
4743,2016,41617,Petrol,Automatic,First,14.53,1794,138.1,5.0,14.14,TOYOTA,COROLLA ALTIS 2008-2013 1.8 VL AT
4744,2005,45000,Petrol,Manual,First,17.0,1086,,5.0,0.95,HYUNDAI,SANTRO XING XL ERLX EURO III
4745,2014,65000,Petrol,Automatic,First,13.7,1798,157.75,5.0,11.95,SKODA,SUPERB ELEGANCE 1.8 TSI AT
4746,2011,68000,Petrol,Manual,First,18.9,998,67.1,5.0,2.5,MARUTI,WAGON R LXI BS IV
4747,2013,49000,Petrol,Manual,First,19.81,1086,68.05,5.0,2.75,HYUNDAI,I10 ERA 1.1
4748,2019,16698,Petrol,Manual,First,23.84,1199,84,5.0,5.85,TATA,TIAGO 1.2 REVOTRON XT OPTION
4749,2016,30965,Petrol,Manual,First,21.4,1197,83.1,5.0,6.25,MARUTI,BALENO ZETA 1.2
4750,2014,56058,Petrol,Manual,First,15.04,1598,103.2,5.0,4.95,VOLKSWAGEN,VENTO 1.6 HIGHLINE
4751,2017,15356,Petrol,Manual,First,18.9,1197,81.86,5.0,4.75,HYUNDAI,GRAND I10 1.2 KAPPA SPORTZ OPTION
4752,2013,54000,Diesel,Manual,First,20.0,1399,68.05,5.0,2.55,FORD,FIGO DIESEL EXI
4753,2011,47000,Petrol,Automatic,Second,13.9,1799,130.3,5.0,4.5,HONDA,CIVIC 2010-2013 1.8 V AT SUNROOF
4754,2015,21652,Petrol,Manual,First,22.74,796,47.3,5.0,3.01,MARUTI,ALTO 800 LXI
4755,2016,52000,Diesel,Automatic,First,15.68,1999,177,5.0,42.0,LAND,ROVER RANGE ROVER EVOQUE 2.0 TD4 HSE DYNAMIC
4756,2010,35010,Diesel,Automatic,First,12.4,2698,179.5,5.0,11.5,AUDI,A6 2.7 TDI
4757,2006,76662,Diesel,Automatic,First,11.0,2987,198.5,5.0,10.99,MERCEDES-BENZ,E-CLASS 280 CDI
4758,2009,89000,Petrol,Automatic,First,17.0,1497,118,5.0,3.71,HONDA,CITY 1.5 V AT EXCLUSIVE
4759,2006,80000,Petrol,Automatic,Third,10.1,2354,152,5.0,2.0,HONDA,CR-V 2.4 4WD AT
4760,2018,39023,Diesel,Manual,First,28.09,1248,88.5,5.0,9.48,MARUTI,CIAZ 1.3 ALPHA
4761,2004,62000,Petrol,Manual,Second,18.9,998,67.1,5.0,1.25,MARUTI,WAGON R LXI
4762,2015,78046,Diesel,Manual,First,19.67,1582,126.2,5.0,10.9,HYUNDAI,CRETA 1.6 CRDI SX OPTION
4763,2015,34400,Diesel,Manual,First,28.09,1248,88.5,5.0,5.5,MARUTI,CIAZ VDI PLUS SHVS
4764,2016,64624,Petrol,Manual,First,21.1,814,55.2,5.0,3.71,HYUNDAI,EON D LITE PLUS
4765,2014,69192,Petrol,Manual,First,16.02,1373,93.7,7.0,6.25,MARUTI,ERTIGA VXI
4766,2012,55000,Diesel,Manual,First,20.54,1598,103.6,5.0,4.9,VOLKSWAGEN,VENTO DIESEL HIGHLINE
4767,2005,81000,Petrol,Manual,Second,12.8,1493,100,5.0,1.1,HONDA,CITY 1.5 GXI
4768,2016,36733,Petrol,Manual,First,16.47,1198,73.9,5.0,4.72,VOLKSWAGEN,POLO PETROL TRENDLINE 1.2L
4769,2017,24310,CNG,Manual,First,33.44,796,40.3,4.0,3.7,MARUTI,ALTO 800 2016-2019 CNG LXI
4770,2016,43022,Diesel,Automatic,First,17.9,2143,136,5.0,24.85,MERCEDES-BENZ,GLA CLASS 200 CDI
4771,2013,74000,Diesel,Manual,First,14.66,2199,194.3,7.0,12.25,HYUNDAI,SANTA FE 4X2
4772,2014,47000,Diesel,Manual,First,22.9,1248,74,5.0,3.9,MARUTI,SWIFT VDI
4773,2017,37460,Petrol,Manual,First,18.6,1197,81.86,5.0,6.28,HYUNDAI,ELITE I20 SPORTZ PLUS
4774,2011,130000,Diesel,Manual,First,14.0,2498,112,8.0,2.75,MAHINDRA,XYLO E8 BS IV
4775,2017,31576,Petrol,Manual,First,18.9,1197,82,5.0,7.85,HYUNDAI,GRAND I10 ASTA OPTION
4776,2011,66000,Petrol,Manual,First,15.04,1598,103.6,5.0,2.95,VOLKSWAGEN,VENTO PETROL HIGHLINE
4777,2008,79000,Petrol,Automatic,Second,11.7,2354,177.6,5.0,4.85,HONDA,ACCORD 2.4 A/T
4778,2011,47140,Diesel,Automatic,Second,13.5,2925,281.61,5.0,30.0,MERCEDES-BENZ,S-CLASS S 350 D
4779,2016,36610,Diesel,Automatic,First,15.0,2143,107.3,5.0,19.9,MERCEDES-BENZ,B CLASS B200 CDI
4780,2016,93000,Diesel,Manual,First,20.5,1582,126.2,5.0,10.8,HYUNDAI,CRETA 1.6 SX OPTION DIESEL
4781,2007,52195,Petrol,Manual,First,19.7,796,46.3,5.0,1.75,MARUTI,ALTO LXI
4782,2016,20003,Diesel,Automatic,First,20.38,1968,143,5.0,19.25,AUDI,A3 35 TDI PREMIUM
4783,2013,66314,Diesel,Manual,First,19.87,1461,83.8,5.0,5.5,RENAULT,DUSTER 85PS DIESEL RXL
4784,2009,76000,Diesel,Manual,First,17.8,1399,68,5.0,2.75,FORD,FIESTA 1.4 ZXI TDCI ABS
4785,2015,29000,Diesel,Manual,First,19.67,1582,126.2,5.0,13.0,HYUNDAI,CRETA 1.6 SX PLUS DIESEL
4786,2011,30000,Diesel,Manual,First,20.0,1399,68,5.0,3.2,FORD,FIGO DIESEL ZXI
4787,2013,56526,Petrol,Manual,First,15.26,1598,103.5,5.0,5.84,VOLKSWAGEN,POLO PETROL HIGHLINE 1.6L
4788,2015,38000,Diesel,Automatic,Second,16.8,1969,150,5.0,24.0,VOLVO,V40 D3 R DESIGN
4789,2012,41000,Diesel,Automatic,First,19.08,1582,126.32,5.0,6.25,HYUNDAI,VERNA SX CRDI AT
4790,2009,53000,Diesel,Automatic,First,14.49,2993,258,5.0,36.0,BMW,7 SERIES 2007-2012 730LD
4791,2003,125000,Diesel,Manual,Third,14.8,1998,68,5.0,3.0,MITSUBISHI,LANCER GLXD
4792,2010,242000,Diesel,Manual,First,11.5,2982,171,7.0,11.0,TOYOTA,FORTUNER 3.0 DIESEL
4793,2015,90000,Diesel,Manual,First,26.21,1248,88.5,5.0,6.5,MARUTI,CIAZ VDI PLUS
4794,2018,11000,Diesel,Manual,First,24.3,1248,88.5,5.0,9.4,MARUTI,VITARA BREZZA VDI OPTION
4795,2018,21936,Diesel,Automatic,First,21.76,1995,190,5.0,37.92,BMW,3 SERIES LUXURY LINE
4796,2013,41000,Petrol,Automatic,First,14.4,1598,103.6,5.0,5.25,VOLKSWAGEN,VENTO PETROL HIGHLINE AT
4797,2011,47000,Petrol,Manual,First,17.0,1197,80,5.0,4.5,HYUNDAI,I20 1.2 ASTA
4798,2009,110000,Diesel,Automatic,First,11.0,2993,235,5.0,18.0,BMW,X5 3.0D
4799,2015,45960,Petrol,Manual,First,19.1,1197,82,5.0,5.56,HYUNDAI,XCENT 1.2 KAPPA S
4800,2013,48000,Diesel,Automatic,First,14.21,2143,203,5.0,22.0,MERCEDES-BENZ,E-CLASS 2009-2013 E250 CDI BLUE EFFICIENCY
4801,2011,68000,Diesel,Automatic,First,12.39,2179,147.51,5.0,22.0,LAND,ROVER FREELANDER 2 SE
4802,2011,41000,Petrol,Manual,First,20.36,1197,78.9,5.0,2.65,HYUNDAI,I10 MAGNA
4803,2013,69573,Diesel,Manual,Second,22.32,1582,126.32,5.0,5.85,HYUNDAI,VERNA 1.6 SX CRDI (O)
4804,2012,115000,Diesel,Manual,First,19.33,1968,138.1,5.0,6.95,VOLKSWAGEN,JETTA 2012-2014 2.0L TDI HIGHLINE
4805,2012,47629,Diesel,Manual,First,15.1,2179,140,7.0,6.5,MAHINDRA,XUV500 W8 2WD
4806,2004,66624,Petrol,Manual,Third,19.7,796,35,8.0,0.85,MARUTI,OMNI 8 SEATER BSII
4807,2013,80000,Petrol,Automatic,Second,14.67,1798,177.46,5.0,7.25,SKODA,SUPERB STYLE 1.8 TSI AT
4808,2012,94868,Diesel,Manual,First,22.9,1248,74,5.0,4.5,MARUTI,SWIFT VDI
4809,2010,76477,Diesel,Manual,First,10.5,2179,120,8.0,4.25,MAHINDRA,SCORPIO 2.6 LX
4810,2016,28000,Petrol,Automatic,First,13.7,1991,183,5.0,26.0,MERCEDES-BENZ,GLA CLASS 200 SPORT EDITION
4811,2017,28599,Diesel,Manual,First,16.55,2498,105,6.0,9.66,MAHINDRA,THAR CRDE
4812,2013,45348,Diesel,Manual,Second,19.01,1461,108.45,5.0,6.85,RENAULT,DUSTER 110PS DIESEL RXZ
4813,2013,80127,Diesel,Automatic,First,12.8,1968,167.6,5.0,23.68,AUDI,Q5 2008-2012 2.0 TDI
4814,2013,68000,Diesel,Automatic,Second,12.39,2179,147.51,5.0,15.75,LAND,ROVER FREELANDER 2 SE
4815,2012,75000,Diesel,Manual,Third,20.54,1598,103.6,5.0,3.5,VOLKSWAGEN,VENTO DIESEL COMFORTLINE
4816,2006,48000,Petrol,Automatic,Second,11.62,2979,306,5.0,6.99,BMW,5 SERIES 2003-2012 540I SEDAN
4817,2019,41871,Diesel,Manual,First,22.7,1582,126.2,5.0,15.57,HYUNDAI,ELANTRA CRDI SX
4818,2015,84931,Diesel,Manual,First,15.3,2956,83.8,7.0,5.29,TATA,SUMO EX
4819,2016,15000,Petrol,Manual,First,22.7,799,53.64,5.0,2.25,DATSUN,REDI-GO T
4820,2009,110000,Diesel,Automatic,First,11.7,2993,245,5.0,20.0,BMW,X5 XDRIVE 30D
4821,2011,5900,Petrol,Automatic,First,7.94,4395,450,4.0,47.5,BMW,6 SERIES 630I COUPE
4822,2002,103653,Petrol,Manual,Second,18.9,1061,47,5.0,1.22,MARUTI,ALTO VXI 1.1
4823,2012,64806,Petrol,Manual,First,16.47,1198,73.9,5.0,3.65,VOLKSWAGEN,POLO PETROL COMFORTLINE 1.2L
4824,2016,35000,Petrol,Manual,First,20.62,1198,67,7.0,3.1,DATSUN,GO PLUS A
4825,2016,40000,Petrol,Manual,First,15.29,1591,121.3,5.0,11.5,HYUNDAI,CRETA 1.6 VTVT S
4826,2015,23876,Petrol,Manual,First,24.07,998,67.1,5.0,3.46,MARUTI,ALTO K10 VXI
4827,2013,67901,Diesel,Manual,First,14.66,2199,194.3,7.0,8.38,HYUNDAI,SANTA FE 4X4
4828,2014,68865,Diesel,Manual,First,15.11,1598,103.6,5.0,4.8,VOLKSWAGEN,POLO GT TDI
4829,2014,71000,Diesel,Manual,Second,25.8,1498,98.6,5.0,4.5,HONDA,AMAZE S I-DTECH
4830,2004,95000,Petrol,Manual,First,15.9,1298,,5.0,0.8,MARUTI,ESTEEM VXI
4831,2014,25000,Diesel,Manual,First,22.9,1248,74,5.0,3.95,MARUTI,SWIFT VDI
4832,2012,180000,Diesel,Manual,First,20.5,1598,103.5,5.0,3.65,SKODA,RAPID 1.6 TDI AMBITION
4833,2005,131000,Diesel,Automatic,First,11.0,2987,198.5,5.0,10.0,MERCEDES-BENZ,E-CLASS 280 CDI
4834,2011,65000,Diesel,Manual,Second,12.05,2179,120,8.0,4.0,MAHINDRA,SCORPIO SLE BSIV
4835,2012,117777,Diesel,Manual,First,21.64,1461,84.8,5.0,4.75,NISSAN,SUNNY 2011-2014 DIESEL XL
4836,2009,65000,Petrol,Manual,Second,17.5,1298,85.8,5.0,3.1,MARUTI,SWIFT DZIRE VXI
4837,2017,46897,Petrol,Manual,First,21.1,814,55.2,5.0,3.61,HYUNDAI,EON SPORTZ
4838,2015,36695,Petrol,Manual,First,19.4,1198,86.8,5.0,4.29,HONDA,BRIO S MT
4839,2011,43000,Petrol,Manual,First,18.06,1198,75,5.0,2.13,NISSAN,MICRA XV PRIMO
4840,2008,54000,Petrol,Manual,First,19.7,796,46.3,5.0,1.1,MARUTI,ALTO LXI BSII
4841,2011,89000,Diesel,Automatic,First,22.69,1995,190,5.0,13.95,BMW,3 SERIES 320D
4842,2014,7000,Petrol,Manual,First,16.47,1198,74,5.0,5.35,VOLKSWAGEN,POLO 1.2 MPI HIGHLINE
4843,2014,58470,Petrol,Manual,First,23.1,998,67.04,5.0,3.9,MARUTI,CELERIO LXI
4844,2014,37000,Petrol,Manual,First,21.5,1197,81.80,5.0,2.8,MARUTI,WAGON R VXI 1.2
4845,2016,29000,Diesel,Manual,First,26.21,1248,88.5,5.0,8.75,MARUTI,CIAZ ZDI PLUS
4846,2013,52000,Diesel,Automatic,First,16.55,1968,147.51,5.0,19.5,AUDI,A4 2.0 TDI
4847,2013,32807,Petrol,Manual,First,19.4,1198,86.8,5.0,2.75,HONDA,BRIO S MT
4848,2013,86000,Diesel,Automatic,First,11.79,2179,120,8.0,8.0,MAHINDRA,SCORPIO VLX 2WD AT BSIV
4849,2014,66500,Diesel,Manual,First,26.0,1498,98.6,5.0,5.7,HONDA,CITY I DTEC V
4850,2012,94000,Diesel,Automatic,First,17.05,1995,184,5.0,12.5,BMW,X1 SDRIVE20D
4851,2011,29000,Petrol,Manual,Second,18.0,995,62,5.0,1.75,CHEVROLET,SPARK 1.0 LT
4852,2010,107389,Diesel,Manual,Second,20.0,1399,68,5.0,1.9,FORD,FIGO DIESEL EXI
4853,2015,36100,Petrol,Manual,First,20.4,1197,81.80,5.0,4.5,MARUTI,SWIFT VXI BSIV
4854,2015,16329,Diesel,Automatic,First,19.27,2143,170,5.0,30.3,MERCEDES-BENZ,NEW C-CLASS C 220 CDI AVANTGARDE
4855,2014,36000,Diesel,Automatic,First,19.3,1968,141,5.0,16.0,SKODA,OCTAVIA ELEGANCE 2.0 TDI AT
4856,2017,41816,Diesel,Automatic,First,18.56,1995,190,5.0,32.78,BMW,X3 XDRIVE20D XLINE
4857,2015,54680,Petrol,Manual,First,21.1,814,55.2,5.0,2.5,HYUNDAI,EON ERA PLUS
4858,2017,14000,Diesel,Automatic,First,18.25,1968,187.74,5.0,43.0,AUDI,A4 35 TDI TECHNOLOGY
4859,2017,23977,Petrol,Manual,First,18.16,1196,86.8,5.0,5.38,FORD,FIGO 2015-2019 1.2P TITANIUM MT
4860,2013,30131,Petrol,Manual,First,20.92,998,67.1,5.0,2.65,MARUTI,ALTO K10 2010-2014 VXI
4861,2017,2530,Petrol,Manual,First,24.7,796,47.3,5.0,3.3,MARUTI,ALTO 800 2016-2019 VXI
4862,2015,39000,Diesel,Automatic,First,19.27,2143,167.62,5.0,34.0,MERCEDES-BENZ,NEW C-CLASS C 220 CDI STYLE
4863,2001,140000,Petrol,Manual,Third,20.3,1086,68,5.0,0.7,HYUNDAI,SANTRO D LITE
4864,2017,32257,Diesel,Manual,First,24.4,1120,71,5.0,6.83,HYUNDAI,XCENT 1.1 CRDI S
4865,2016,46983,Diesel,Manual,First,25.8,1498,98.6,5.0,5.77,HONDA,AMAZE S I-DTECH
4866,2008,107000,Diesel,Manual,Second,17.8,1248,75,5.0,3.1,MARUTI,SWIFT VDI BSIII
4867,2017,19000,Petrol,Manual,First,16.2,1199,74,5.0,4.95,VOLKSWAGEN,POLO 1.2 MPI COMFORTLINE
4868,2013,88000,Diesel,Automatic,First,17.11,1968,174.33,5.0,16.25,AUDI,A4 2.0 TDI 177 BHP PREMIUM PLUS
4869,2012,84384,Diesel,Automatic,First,10.2,4367,308,7.0,52.54,LAND,ROVER RANGE ROVER 3.6 TDV8 VOGUE SE
4870,2011,128000,Diesel,Manual,Third,16.0,2179,140,7.0,6.4,MAHINDRA,XUV500 W8 2WD
4871,2011,71000,Diesel,Manual,Third,13.1,2499,141,7.0,6.95,FORD,ENDEAVOUR 2.5L 4X2
4872,2008,50000,Diesel,Manual,First,17.2,1396,53.5,5.0,0.85,TATA,INDICA V2 DLX
4873,2016,16000,Petrol,Manual,First,21.4,1197,83.1,5.0,6.95,MARUTI,BALENO ALPHA
4874,2017,82000,Diesel,Manual,First,24.4,1120,71,5.0,3.45,HYUNDAI,XCENT 1.1 CRDI BASE
4875,2008,80000,Petrol,Manual,First,13.5,1799,130,5.0,2.75,HONDA,CIVIC 2006-2010 1.8 S MT
4876,2015,36000,Petrol,Manual,Second,18.6,1197,81.83,5.0,4.95,HYUNDAI,I20 SPORTZ OPTION 1.2
4877,2018,17477,Petrol,Manual,First,17.0,1198,108.5,5.0,9.62,TATA,NEXON 1.2 REVOTRON XZ PLUS
4878,2016,16725,Petrol,Manual,First,18.6,1197,81.83,5.0,6.79,HYUNDAI,I20 SPORTZ 1.2
4879,2014,48241,Petrol,Manual,First,19.1,1197,85.8,5.0,4.5,MARUTI,SWIFT DZIRE ZXI
4880,2014,52431,Petrol,Manual,First,22.5,998,67.04,5.0,3.01,MARUTI,WAGON R LXI
4881,2012,68000,Diesel,Manual,First,21.9,1396,88.76,5.0,4.4,HYUNDAI,I20 SPORTZ 1.4 CRDI
4882,2012,158000,Diesel,Automatic,First,12.55,2982,168.5,7.0,17.49,TOYOTA,FORTUNER 4X2 AT
4883,2014,31446,Petrol,Manual,First,20.36,1197,78.9,5.0,4.66,HYUNDAI,I10 SPORTZ
4884,2015,25000,Petrol,Manual,First,18.9,1197,82,5.0,5.5,HYUNDAI,GRAND I10 ASTA
4885,2016,57000,Petrol,Manual,First,18.6,1197,81.83,5.0,6.0,HYUNDAI,I20 ASTA 1.2
4886,2007,76000,Petrol,Automatic,First,17.0,1086,,5.0,2.4,HYUNDAI,SANTRO XING XL AT ERLX EURO II
4887,2018,57078,Diesel,Manual,First,24.3,1248,88.5,5.0,10.19,MARUTI,VITARA BREZZA ZDI PLUS
4888,2016,47471,Diesel,Manual,First,25.8,1498,98.6,5.0,5.25,HONDA,AMAZE S I-DTECH
4889,2014,50000,Diesel,Automatic,First,15.26,2143,203.2,5.0,45.0,MERCEDES-BENZ,M-CLASS ML 250 CDI
4890,2010,62000,Diesel,Manual,First,23.0,1396,90,5.0,2.7,HYUNDAI,I20 SPORTZ DIESEL
4891,2013,65807,Petrol,Manual,First,19.81,1086,68.05,5.0,3.39,HYUNDAI,I10 ERA
4892,2014,81768,Diesel,Manual,First,26.59,1248,74,5.0,5.69,MARUTI,SWIFT DZIRE VDI
4893,2018,9952,Petrol,Automatic,First,10.37,2979,306,2.0,58.54,BMW,Z4 2009-2013 ROADSTER 2.5I
4894,2017,24000,Diesel,Manual,First,27.39,1248,74,5.0,8.4,MARUTI,BALENO ALPHA DIESEL
4895,2012,72921,Diesel,Manual,First,25.44,936,57.6,5.0,2.5,CHEVROLET,BEAT DIESEL
4896,2012,59000,Petrol,Manual,First,19.4,1198,86.8,5.0,3.25,HONDA,BRIO V MT
4897,2014,33000,Diesel,Manual,Second,20.0,1399,68.05,5.0,3.25,FORD,FIGO DIESEL TITANIUM
4898,2016,36789,Petrol,Automatic,First,23.1,998,67.04,5.0,4.25,MARUTI,CELERIO VXI AT
4899,2014,41000,Diesel,Automatic,First,14.84,2143,170,5.0,18.5,MERCEDES-BENZ,NEW C-CLASS C 220 CDI ELEGANCE AT
4900,2007,71000,Petrol,Automatic,First,17.0,1086,,5.0,2.4,HYUNDAI,SANTRO XING XL AT ERLX EURO III
4901,2015,46650,Petrol,Manual,First,19.4,1198,86.8,5.0,4.25,HONDA,BRIO S MT
4902,2018,3000,Petrol,Automatic,First,21.4,1197,83.1,5.0,8.85,MARUTI,BALENO ALPHA CVT
4903,2014,14799,Petrol,Manual,First,21.1,814,55.2,5.0,4.14,HYUNDAI,EON SPORTZ
4904,2011,44000,Electric,Automatic,First,,1798,73,5.0,12.75,TOYOTA,PRIUS 2009-2016 Z4
4905,2015,68525,Diesel,Manual,First,23.0,1396,90,5.0,7.0,HYUNDAI,I20 1.4 CRDI SPORTZ
4906,2018,15000,Diesel,Automatic,First,10.91,3198,197,7.0,33.0,FORD,ENDEAVOUR 3.2 TITANIUM AT 4X4
4907,2017,29000,Petrol,Manual,First,17.4,1497,117.3,5.0,10.0,HONDA,CITY I-VTEC VX
4908,2012,77407,Diesel,Manual,Second,21.5,1248,88.8,5.0,3.53,MARUTI,SX4 ZDI
4909,2007,118000,Petrol,Manual,First,12.9,1598,102.5,5.0,1.35,CHEVROLET,OPTRA MAGNUM 1.6 LS PETROL
4910,2013,75000,Diesel,Manual,First,20.54,1598,103.6,5.0,4.5,VOLKSWAGEN,VENTO DIESEL HIGHLINE
4911,2012,69000,Petrol,Manual,First,16.8,1497,116.3,5.0,4.9,HONDA,CITY V MT
4912,2016,52553,Diesel,Manual,First,19.67,1582,126.2,5.0,12.26,HYUNDAI,CRETA 1.6 CRDI SX OPTION
4913,2014,58000,Diesel,Manual,Second,24.4,1120,71,5.0,3.99,HYUNDAI,XCENT 1.1 CRDI SX
4914,2017,24000,Diesel,Automatic,First,17.9,2143,170,5.0,46.95,MERCEDES-BENZ,GLC 220D 4MATIC STYLE
4915,2015,65542,Diesel,Manual,First,20.0,1399,68,5.0,3.8,FORD,FIGO DIESEL EXI
4916,2013,68008,Diesel,Manual,Second,15.0,1896,105,5.0,6.75,VOLKSWAGEN,JETTA 2007-2011 2.0 TDI TRENDLINE
4917,2017,22251,Diesel,Manual,First,18.49,1493,100,7.0,8.75,MAHINDRA,TUV 300 2015-2019 T8
4918,2013,55000,Petrol,Manual,Second,15.8,1499,110,5.0,5.2,FORD,ECOSPORT 1.5 TI VCT MT TITANIUM
4919,2017,19387,Petrol,Manual,First,17.1,1591,121.3,5.0,8.42,HYUNDAI,VERNA 1.6 SX VTVT (O)
4920,2014,58000,CNG,Manual,First,26.6,998,58.16,5.0,3.0,MARUTI,WAGON R LXI CNG
4921,2016,24001,Petrol,Manual,First,18.6,1197,81.83,5.0,5.75,HYUNDAI,I20 SPORTZ 1.2
4922,2008,17000,Diesel,Automatic,First,15.2,1968,140.8,5.0,9.75,AUDI,A4 NEW 2.0 TDI MULTITRONIC
4923,2015,28500,Petrol,Manual,First,19.49,1198,67.04,5.0,3.5,NISSAN,MICRA ACTIVE XV S
4924,2014,66000,Diesel,Automatic,First,15.26,2143,203.2,5.0,30.0,MERCEDES-BENZ,M-CLASS ML 250 CDI
4925,2017,22000,Diesel,Automatic,First,12.83,2179,147.5,5.0,35.0,LAND,ROVER DISCOVERY SPORT TD4 S
4926,2018,44383,Petrol,Manual,First,15.8,1591,121.3,5.0,13.25,HYUNDAI,CRETA 1.6 SX OPTION EXECUTIVE
4927,2013,45000,Diesel,Manual,First,20.5,1598,103.5,5.0,3.65,SKODA,RAPID 1.6 TDI ACTIVE
4928,2015,58000,Diesel,Manual,First,23.4,1248,74,5.0,5.25,MARUTI,SWIFT DZIRE VDI
4929,2016,69000,Petrol,Manual,First,15.8,1591,121.3,5.0,9.7,HYUNDAI,CRETA 1.6 SX
4930,2017,60993,Diesel,Manual,First,24.0,1120,70,5.0,5.21,HYUNDAI,GRAND I10 CRDI SPORTZ
4931,2016,67000,Diesel,Manual,First,18.49,1493,100,7.0,6.3,MAHINDRA,TUV 300 T8
4932,2014,51134,Diesel,Manual,First,24.0,1120,70,5.0,4.72,HYUNDAI,GRAND I10 CRDI SPORTZ
4933,2011,55000,Diesel,Automatic,Second,11.7,2993,245,5.0,28.0,BMW,X5 XDRIVE 30D
4934,2018,25082,Diesel,Automatic,First,28.4,1248,73.75,5.0,8.37,MARUTI,DZIRE AMT VDI
4935,2012,68350,Diesel,Manual,First,12.55,2982,168.5,7.0,14.0,TOYOTA,FORTUNER 4X4 MT
4936,2015,50000,Diesel,Automatic,First,17.68,1968,174.33,5.0,36.0,AUDI,A6 2011-2015 35 TDI TECHNOLOGY
4937,2015,97000,Diesel,Manual,First,27.3,1498,98.6,5.0,6.4,HONDA,JAZZ 1.5 V I DTEC
4938,2015,56238,Diesel,Automatic,First,11.33,4134,335.2,7.0,51.69,AUDI,Q7 4.2 TDI QUATTRO TECHNOLOGY
4939,2014,72618,Diesel,Manual,First,12.05,2179,120,7.0,8.0,MAHINDRA,SCORPIO 2009-2014 VLX 2WD 7S BSIV
4940,2012,62005,Diesel,Manual,First,18.3,1991,147.9,5.0,9.8,CHEVROLET,CRUZE LTZ
4941,2012,61250,Diesel,Manual,First,25.44,936,57.6,5.0,2.7,CHEVROLET,BEAT DIESEL LT
4942,2014,28469,Diesel,Automatic,First,18.25,1968,187.74,5.0,24.37,AUDI,A4 35 TDI PREMIUM PLUS
4943,2018,21488,Petrol,Automatic,First,14.3,1598,103.52,5.0,9.72,SKODA,RAPID 1.6 MPI AT STYLE
4944,2014,197000,Diesel,Manual,First,23.4,1248,74,5.0,5.0,MARUTI,SWIFT DZIRE VDI
4945,2009,138205,Diesel,Manual,Second,11.5,2982,171,7.0,10.5,TOYOTA,FORTUNER 3.0 DIESEL
4946,2012,160000,Diesel,Manual,Second,22.9,1248,74,5.0,3.9,MARUTI,SWIFT VDI
4947,2012,67590,Petrol,Manual,First,17.0,1497,118,5.0,5.65,HONDA,CITY 1.5 V MT EXCLUSIVE
4948,2012,52000,Diesel,Automatic,First,15.26,2143,203.2,5.0,29.95,MERCEDES-BENZ,M-CLASS ML 250 CDI
4949,2008,100000,Diesel,Manual,Second,17.8,1248,75,5.0,3.0,MARUTI,SWIFT LDI BSIII
4950,2017,60048,Diesel,Manual,First,26.1,1498,99,5.0,6.0,FORD,ASPIRE TITANIUM DIESEL
4951,2009,48000,Petrol,Manual,First,20.36,1197,78.9,5.0,2.11,HYUNDAI,I10 SPORTZ
4952,2010,47000,Petrol,Manual,First,14.6,,,,1.49,FIAT,PUNTO 1.4 EMOTION
4953,2011,100000,Petrol,Manual,First,19.7,796,46.3,5.0,1.5,MARUTI,ALTO LXI
4954,2013,62601,Diesel,Manual,First,23.59,1364,,5.0,4.67,TOYOTA,ETIOS LIVA GD
4955,2006,80010,Petrol,Manual,Second,20.4,1197,81.80,5.0,2.85,MARUTI,SWIFT VXI BSIV
4956,2017,26493,Diesel,Automatic,First,19.27,2143,170,5.0,33.64,MERCEDES-BENZ,NEW C-CLASS C 220 CDI AVANTGARDE
4957,2011,96000,Diesel,Manual,Second,17.88,1396,52.8,5.0,0.91,TATA,INDICA V2 DLE BSIII
4958,2014,45700,Petrol,Manual,Second,22.74,796,47.3,5.0,2.42,MARUTI,ALTO 800 VXI
4959,2005,13000,Petrol,Automatic,First,9.3,2771,193.1,5.0,3.25,SKODA,SUPERB 2.8 V6 AT
4960,2013,38000,Petrol,Manual,First,16.47,1198,73.9,5.0,2.8,VOLKSWAGEN,POLO PETROL COMFORTLINE 1.2L
4961,2019,8018,Petrol,Automatic,First,22.0,1197,81.80,5.0,8.3,MARUTI,DZIRE AMT ZXI PLUS
4962,2010,144400,Diesel,Manual,Third,12.05,2179,120,8.0,5.25,MAHINDRA,SCORPIO VLX
4963,2010,152000,Diesel,Manual,First,17.8,1248,75,5.0,2.9,MARUTI,SWIFT VDI BSIII
4964,2013,71000,Diesel,Automatic,First,18.88,1995,184,5.0,15.0,BMW,3 SERIES 320D PRESTIGE
4965,2012,80000,Petrol,Manual,Second,25.4,624,37.5,4.0,0.53,TATA,NANO STD SE
4966,2014,87143,Diesel,Manual,First,12.99,2494,100,8.0,12.5,TOYOTA,INNOVA 2.5 VX (DIESEL) 8 SEATER
4967,2012,25000,Petrol,Manual,First,18.4,1198,86.8,5.0,2.75,HONDA,BRIO S OPTION MT
4968,2018,2000,Petrol,Automatic,First,23.84,1199,83.83,5.0,5.0,TATA,TIAGO AMT 1.2 REVOTRON XZA
4969,2014,45239,Diesel,Manual,First,12.05,2179,120,8.0,7.09,MAHINDRA,SCORPIO SLE BSIV
4970,2011,101999,Diesel,Automatic,First,16.73,1995,218,5.0,19.99,BMW,5 SERIES 2003-2012 525D
4971,2014,74219,Diesel,Manual,First,21.43,1364,87.2,5.0,10.75,TOYOTA,COROLLA ALTIS D-4D GL
4972,2016,25000,Petrol,Automatic,First,18.0,1497,117.3,5.0,9.45,HONDA,CITY I VTEC CVT VX
4973,2008,109606,Diesel,Manual,First,22.0,1582,126.2,5.0,2.9,HYUNDAI,VERNA CRDI 1.6 SX OPTION
4974,2015,36000,Diesel,Manual,First,26.59,1248,74,5.0,4.7,MARUTI,SWIFT DZIRE VDI OPTIONAL
4975,2016,41810,Petrol,Manual,First,20.73,1373,91.1,5.0,7.11,MARUTI,CIAZ ZXI
4976,2014,93321,Diesel,Manual,First,22.7,1498,89.84,5.0,6.25,FORD,ECOSPORT 1.5 DV5 MT TITANIUM
4977,2011,81000,Petrol,Manual,First,20.92,998,67.1,5.0,2.2,MARUTI,ALTO K10 2010-2014 VXI
4978,2019,25717,Petrol,Automatic,First,19.0,1199,88.76,5.0,8.86,HONDA,AMAZE V CVT PETROL
4979,2015,37000,Diesel,Manual,First,15.1,2179,140,7.0,9.3,MAHINDRA,XUV500 W6 2WD
4980,2017,56380,Diesel,Manual,First,18.49,1493,100,7.0,7.57,MAHINDRA,TUV 300 2015-2019 T8
4981,2017,8000,Petrol,Manual,First,18.2,1199,88.7,5.0,7.9,HONDA,JAZZ VX
4982,2018,14589,Petrol,Manual,First,16.1,1298,88.2,5.0,5.65,MARUTI,SWIFT VXI BSIII W/ ABS
4983,2013,65088,Petrol,Manual,First,16.47,1198,73.9,5.0,3.25,VOLKSWAGEN,POLO PETROL HIGHLINE 1.2L
4984,2019,24864,Diesel,Manual,First,20.5,1582,126.2,5.0,16.27,HYUNDAI,CRETA 1.6 SX OPTION DIESEL
4985,2011,64831,Petrol,Manual,First,18.6,1199,79.4,5.0,3.21,CHEVROLET,BEAT LS
4986,2013,38001,Diesel,Manual,First,25.8,1498,98.6,5.0,3.9,HONDA,AMAZE VX I-DTEC
4987,2008,77000,Petrol,Automatic,Second,10.0,2496,157.7,5.0,6.5,MERCEDES-BENZ,E-CLASS 230 E AT
4988,2016,27000,Diesel,Automatic,First,18.59,2993,265,5.0,48.0,BMW,5 SERIES 530D M SPORT
4989,2016,39000,Diesel,Automatic,First,20.38,1968,143,5.0,18.9,AUDI,A3 35 TDI PREMIUM PLUS
4990,2015,131000,Diesel,Manual,First,26.59,1248,74,5.0,3.6,MARUTI,SWIFT DZIRE VDI
4991,2015,43000,Diesel,Manual,First,26.59,1248,74,5.0,5.5,MARUTI,SWIFT DZIRE VDI
4992,2011,68000,Diesel,Manual,Second,12.8,2494,102,7.0,7.0,TOYOTA,INNOVA 2.5 V DIESEL 7-SEATER
4993,2016,45165,Diesel,Automatic,First,16.09,1995,184,5.0,41.75,BMW,X3 XDRIVE20D
4994,2007,120000,Diesel,Automatic,First,16.73,1995,218,5.0,10.5,BMW,5 SERIES 2003-2012 525D
4995,2014,86091,Diesel,Manual,First,15.1,2179,140,7.0,10.09,MAHINDRA,XUV500 W8 2WD
4996,2009,71499,Petrol,Manual,First,17.0,1497,118,5.0,3.0,HONDA,CITY 1.5 S MT
4997,2014,50000,Diesel,Manual,First,17.0,2200,139.01,7.0,12.0,FORCE,ONE LX 4X4
4998,2015,66000,Diesel,Manual,First,20.14,1498,88,5.0,4.91,VOLKSWAGEN,POLO 1.5 TDI COMFORTLINE
4999,2010,45000,Petrol,Manual,First,16.0,1198,90,5.0,2.0,HONDA,JAZZ S
5000,2015,69189,Diesel,Manual,First,23.59,1364,67.06,5.0,5.3,TOYOTA,ETIOS LIVA GD SP
5001,2014,40206,Diesel,Manual,First,19.01,1461,108.5,5.0,7.22,NISSAN,TERRANO XV PREMIUM 110 PS
5002,2017,36723,Diesel,Automatic,First,18.56,1995,190,5.0,32.57,BMW,X3 XDRIVE 20D XLINE
5003,2010,57500,Petrol,Manual,First,18.5,1197,80,5.0,2.75,HYUNDAI,I20 1.2 MAGNA
5004,2018,43912,CNG,Manual,First,15.1,1196,73,5.0,4.33,MARUTI,EECO 5 STR WITH AC PLUS HTR CNG
5005,2011,52000,Diesel,Manual,First,17.8,1399,68,5.0,3.75,FORD,FIESTA EXI 1.4 TDCI LTD
5006,2014,60952,Petrol,Automatic,First,16.8,1497,118,5.0,5.91,HONDA,CITY 1.5 V AT
5007,2013,87192,Diesel,Manual,First,25.2,1248,74,5.0,4.35,MARUTI,SWIFT VDI BSIV
5008,2014,58000,Diesel,Manual,First,24.0,1120,70,5.0,3.25,HYUNDAI,GRAND I10 CRDI SPORTZ EDITION
5009,2017,59500,Diesel,Automatic,First,14.75,2967,245,7.0,68.0,AUDI,Q7 45 TDI QUATTRO TECHNOLOGY
5010,2016,16650,Petrol,Manual,First,17.0,1198,74,5.0,5.5,VOLKSWAGEN,AMEO 1.2 MPI HIGHLINE 16 ALLOY
5011,2018,34696,Petrol,Automatic,First,18.0,1497,117.3,5.0,12.08,HONDA,CITY I VTEC CVT VX
5012,2018,42243,Diesel,Manual,First,27.39,1248,74,5.0,7.48,MARUTI,BALENO ALPHA 1.3
5013,2016,57824,Diesel,Manual,First,24.0,1120,70,5.0,5.5,HYUNDAI,GRAND I10 CRDI SPORTZ
5014,2011,110000,Diesel,Manual,First,19.3,1248,73.9,5.0,3.5,MARUTI,SWIFT DZIRE VDI
5015,2006,63000,Petrol,Manual,First,16.1,,,,1.6,MARUTI,SWIFT 1.3 VXI
5016,2013,72000,Diesel,Automatic,First,0.0,2179,115,5.0,15.5,LAND,ROVER FREELANDER 2 TD4 HSE
5017,2013,63455,Diesel,Manual,First,11.5,2982,171,7.0,19.0,TOYOTA,FORTUNER 3.0 DIESEL
5018,2017,17151,Diesel,Manual,First,27.3,1498,98.6,5.0,8.4,HONDA,JAZZ VX DIESEL
5019,2016,31001,Diesel,Manual,First,24.3,1248,88.5,5.0,7.25,MARUTI,VITARA BREZZA LDI OPTION
5020,2014,42109,Diesel,Manual,First,23.4,1248,74,5.0,4.25,MARUTI,SWIFT DZIRE VDI
5021,2015,55000,Diesel,Automatic,Second,21.66,1498,103.52,5.0,5.7,SKODA,RAPID 1.5 TDI AT ELEGANCE
5022,2013,46000,Diesel,Automatic,Second,0.0,2179,115,5.0,26.0,LAND,ROVER FREELANDER 2 TD4 SE
5023,2013,30852,Petrol,Manual,First,22.74,796,47.3,5.0,2.49,MARUTI,ALTO 800 LXI
5024,2011,65000,Petrol,Manual,Second,16.47,1198,73.9,5.0,3.0,VOLKSWAGEN,POLO PETROL HIGHLINE 1.2L
5025,2015,65000,Diesel,Manual,First,26.0,1498,98.6,5.0,5.95,HONDA,CITY I DTEC SV
5026,2013,72000,Diesel,Manual,First,23.4,1248,74,5.0,2.69,MARUTI,SWIFT DZIRE LDI
5027,2014,29000,Diesel,Automatic,First,17.11,1968,174.33,5.0,26.0,AUDI,A4 2.0 TDI 177 BHP TECHNOLOGY EDITION
5028,2015,32000,Petrol,Manual,First,17.8,1497,117.3,5.0,5.5,HONDA,CITY I VTEC VX
5029,2016,29875,Petrol,Manual,First,18.16,1196,86.8,5.0,4.85,FORD,FIGO ASPIRE 1.2 TI-VCT AMBIENTE
5030,2018,32539,Diesel,Manual,First,24.3,1248,88.5,5.0,8.39,MARUTI,VITARA BREZZA LDI
5031,2015,83090,Diesel,Manual,First,19.01,1461,108.45,5.0,7.99,RENAULT,DUSTER 110PS DIESEL RXL
5032,2016,62679,Diesel,Manual,First,21.19,1396,88.73,5.0,6.95,HYUNDAI,I20 ACTIVE 1.4 SX
5033,2010,93000,Petrol,Manual,First,15.7,1390,75,5.0,1.5,MAHINDRA,LOGAN PETROL 1.4 GLE
5034,2006,44000,Petrol,Manual,First,17.7,1497,78,5.0,1.55,HONDA,CITY ZX GXI
5035,2010,78400,Petrol,Manual,Second,15.6,1196,70,5.0,2.75,FORD,FIGO PETROL EXI
5036,2014,71300,Petrol,Manual,First,13.06,1598,102.53,5.0,4.25,RENAULT,DUSTER PETROL RXL
5037,2015,18000,Petrol,Manual,First,20.36,1197,78.9,5.0,2.85,HYUNDAI,I10 SPORTZ 1.2
5038,2019,24013,Diesel,Automatic,First,12.81,1999,148.31,7.0,56.14,LAND,ROVER DISCOVERY SPORT TD4 HSE 7S
5039,2009,99100,Petrol,Automatic,Second,9.74,1984,208,5.0,10.0,AUDI,Q5 2008-2012 2.0 TFSI QUATTRO
5040,2003,62000,Petrol,Manual,Second,11.3,1298,83.1,8.0,1.25,MARUTI,VERSA DX2 BS II
5041,2017,14000,Diesel,Manual,First,26.59,1248,74,5.0,7.5,MARUTI,SWIFT DZIRE ZDI
5042,2015,44811,Diesel,Automatic,First,17.11,1968,174.33,5.0,25.81,AUDI,A4 2.0 TDI PREMIUM SPORT LIMITED EDITION
5043,2014,44000,Petrol,Manual,First,16.47,1198,74,5.0,4.3,VOLKSWAGEN,POLO 1.2 MPI COMFORTLINE
5044,2010,136000,Diesel,Manual,Second,11.5,2982,171,7.0,11.0,TOYOTA,FORTUNER 3.0 DIESEL
5045,2010,144113,Diesel,Manual,Second,11.5,2982,171,7.0,11.75,TOYOTA,FORTUNER 3.0 DIESEL
5046,2012,94989,Petrol,Manual,First,12.8,2354,177.6,5.0,6.58,HONDA,ACCORD 2.4 MT
5047,2012,58133,Diesel,Manual,First,22.9,1248,74,5.0,4.8,MARUTI,SWIFT ZDI
5048,2008,61000,Petrol,Manual,Second,17.5,1198,70,5.0,1.65,SKODA,FABIA 1.2 MPI CLASSIC
5049,2017,27000,Diesel,Manual,First,17.1,1956,170,5.0,15.0,JEEP,COMPASS 2.0 SPORT
5050,2014,18050,Petrol,Manual,Second,25.4,624,37.5,4.0,1.0,TATA,NANO TWIST XT
5051,2007,145277,Petrol,Manual,First,15.3,1596,101,5.0,1.65,FORD,FIESTA 1.6 ZXI ABS
5052,2015,42000,Diesel,Manual,First,27.62,793,47,5.0,3.6,MARUTI,CELERIO ZDI
5053,2011,86000,Diesel,Manual,First,11.5,2982,171,7.0,11.5,TOYOTA,FORTUNER 3.0 DIESEL
5054,2015,42150,Diesel,Manual,First,27.62,793,47,5.0,3.6,MARUTI,CELERIO ZDI
5055,2015,30158,Petrol,Manual,First,21.1,814,55.2,5.0,3.05,HYUNDAI,EON ERA PLUS
5056,2011,47000,Diesel,Manual,Second,23.5,1498,90,5.0,6.0,FORD,FIESTA DIESEL TREND
5057,2013,39000,Petrol,Manual,First,16.47,1198,74,5.0,3.75,VOLKSWAGEN,POLO 1.2 MPI COMFORTLINE
5058,2016,32125,Petrol,Manual,First,16.2,1199,74,5.0,6.17,VOLKSWAGEN,POLO 1.2 MPI COMFORTLINE
5059,2017,58829,Diesel,Manual,First,24.3,1248,88.5,5.0,9.05,MARUTI,VITARA BREZZA ZDI
5060,2013,67559,Petrol,Manual,First,19.4,1198,86.8,5.0,4.05,HONDA,BRIO S MT
5061,2013,55000,Petrol,Manual,First,17.5,1298,85.8,5.0,4.25,MARUTI,SWIFT DZIRE VXI
5062,2018,30000,Petrol,Manual,First,23.1,998,67.04,5.0,3.75,MARUTI,CELERIO LXI MT
5063,2016,28000,Petrol,Automatic,First,13.0,1591,121.3,5.0,11.85,HYUNDAI,CRETA 1.6 SX PLUS PETROL AUTOMATIC
5064,2016,31826,Diesel,Manual,First,22.7,1498,89.84,5.0,8.24,FORD,ECOSPORT 1.5 DV5 MT TITANIUM
5065,2016,64000,Diesel,Manual,First,17.8,1248,,5.0,5.99,MARUTI,SWIFT VDI BSIV W ABS
5066,2008,100009,Petrol,Manual,Second,13.1,1997,141.1,5.0,6.5,HONDA,CR-V RVI MT
5067,2019,17201,Diesel,Automatic,First,12.51,2179,187.7,7.0,58.91,LAND,ROVER DISCOVERY SPORT SD4 HSE LUXURY 7S
5068,2014,74345,Diesel,Manual,First,15.1,2179,140,7.0,8.0,MAHINDRA,XUV500 W8 2WD
5069,2015,58134,Petrol,Manual,First,16.47,1198,74,5.0,4.64,VOLKSWAGEN,POLO 1.2 MPI HIGHLINE
5070,2010,30566,Petrol,Automatic,First,19.2,1197,80,5.0,3.32,HYUNDAI,I10 MAGNA AT
5071,2012,55231,Petrol,Manual,Second,20.36,1197,78.9,5.0,2.78,HYUNDAI,I10 MAGNA 1.2
5072,2016,67774,Diesel,Automatic,First,14.81,1998,163.7,5.0,8.95,CHEVROLET,CRUZE LTZ AT
5073,2013,50319,Petrol,Automatic,First,12.0,1991,181.03,5.0,21.95,MERCEDES-BENZ,E-CLASS E 200 CGI
5074,2013,45000,Petrol,Manual,First,11.7,2359,134,5.0,7.9,HYUNDAI,SONATA 2.4 GDI
5075,2007,43627,Petrol,Automatic,First,11.74,1796,186,5.0,29.0,MERCEDES-BENZ,NEW C-CLASS C 200 KOMPRESSOR ELEGANCE AT
5076,2013,45000,Diesel,Manual,First,22.07,1199,73.9,5.0,3.25,VOLKSWAGEN,POLO DIESEL TRENDLINE 1.2L
5077,2014,10500,Petrol,Manual,First,17.4,1497,117.3,5.0,5.9,HONDA,CITY I VTEC SV
5078,2017,21789,Diesel,Manual,First,24.3,1248,88.5,5.0,9.88,MARUTI,VITARA BREZZA ZDI
5079,2019,21134,Petrol,Manual,First,18.6,1197,81.86,5.0,8.78,HYUNDAI,ELITE I20 ASTA OPTION
5080,2011,90000,Diesel,Manual,Second,13.93,2179,138.1,7.0,2.75,TATA,NEW SAFARI DICOR EX 4X2
5081,2014,51553,Diesel,Manual,First,21.64,1461,84.8,5.0,5.98,NISSAN,SUNNY 2011-2014 DIESEL XL
5082,2011,31000,Petrol,Automatic,First,10.9,2497,215,5.0,31.0,BMW,3 SERIES 330 CI CONVERTIBLE
5083,2011,67422,Petrol,Manual,Second,14.53,1798,138,5.0,3.55,TOYOTA,COROLLA 1.8 J
5084,2015,60519,Diesel,Manual,First,22.32,1582,126.32,5.0,6.24,HYUNDAI,VERNA 1.6 SX
5085,2009,34000,Diesel,Manual,First,19.3,1248,73.9,5.0,2.19,MARUTI,SWIFT DZIRE VDI
5086,2013,68434,Diesel,Manual,First,28.4,1248,73.75,5.0,5.5,MARUTI,DZIRE VDI
5087,2014,17000,Petrol,Manual,First,24.07,998,67.1,5.0,2.1,MARUTI,ALTO K10 VXI
5088,2011,43686,Petrol,Automatic,First,10.5,5000,503,4.0,50.66,JAGUAR,XJ 5.0 L V8 SUPERCHARGED
5089,2012,22000,Diesel,Automatic,First,14.84,2143,170,5.0,14.0,MERCEDES-BENZ,NEW C-CLASS 220 CDI AT
5090,2013,79225,Diesel,Manual,First,22.0,1582,126.2,5.0,5.5,HYUNDAI,VERNA CRDI 1.6 SX OPTION
5091,2007,63000,Petrol,Manual,Third,14.2,1598,102,5.0,1.2,CHEVROLET,AVEO 1.6 LT
5092,2014,61922,Petrol,Manual,First,20.4,1197,81.80,5.0,5.3,MARUTI,SWIFT VXI BSIV
5093,2015,85000,Diesel,Manual,First,23.9,1582,126.2,5.0,6.3,HYUNDAI,VERNA 1.6 CRDI S
5094,2017,26192,Diesel,Automatic,First,17.9,2143,168,5.0,40.47,MERCEDES-BENZ,GLC 220D CELEBRATION EDITION
5095,2013,65000,Diesel,Manual,First,13.0,2982,168.5,7.0,16.1,TOYOTA,FORTUNER 4X2 MANUAL
5096,2014,44999,Diesel,Automatic,First,12.8,1968,167.6,5.0,25.0,AUDI,Q5 2008-2012 2.0 TDI
5097,2008,81308,Diesel,Automatic,Second,13.2,1995,170,5.0,7.95,BMW,3 SERIES 320D DYNAMIC
5098,2016,35000,Petrol,Manual,First,24.7,796,47.3,5.0,2.65,MARUTI,ALTO 800 2016-2019 LXI
5099,2012,65349,Petrol,Manual,First,20.92,998,67.1,5.0,2.81,MARUTI,ALTO K10 2010-2014 VXI
5100,2012,80000,Petrol,Automatic,First,15.64,1798,167.62,5.0,17.5,AUDI,A4 1.8 TFSI TECHNOLOGY EDITION
5101,2012,61000,Petrol,Manual,First,16.1,1197,85,5.0,3.3,MARUTI,SWIFT VXI BSIV
5102,2019,31817,Petrol,Manual,First,22.5,998,67.04,5.0,5.34,MARUTI,WAGON R VXI
5103,2016,41000,Diesel,Manual,First,21.14,1498,103.52,5.0,8.5,SKODA,RAPID 1.5 TDI AMBITION
5104,2010,82606,Petrol,Manual,Second,16.0,1198,90,5.0,2.69,HONDA,JAZZ S
5105,2015,52000,Diesel,Manual,First,16.0,2179,140,7.0,11.5,MAHINDRA,XUV500 W10 2WD
5106,2011,50318,Petrol,Manual,First,18.5,1197,85.80,5.0,4.06,MARUTI,RITZ VXI
5107,2016,50000,Diesel,Automatic,First,17.9,2143,201.15,5.0,49.0,MERCEDES-BENZ,GLE 250D
5108,2012,72000,Diesel,Manual,First,20.5,1598,103.5,5.0,4.6,SKODA,RAPID 1.6 TDI AMBITION
5109,2015,63776,Diesel,Manual,First,24.0,1120,70,5.0,3.96,HYUNDAI,GRAND I10 CRDI MAGNA
5110,2015,28133,Petrol,Manual,First,18.6,1197,81.86,5.0,5.6,HYUNDAI,ELITE I20 PETROL ASTA
5111,2017,45000,Diesel,Manual,First,22.95,1248,74,5.0,3.75,TATA,ZEST QUADRAJET 1.3 75PS XE
5112,2015,55697,Diesel,Manual,First,22.54,1396,88.73,5.0,5.5,HYUNDAI,I20 MAGNA 1.4 CRDI
5113,2012,62000,Diesel,Manual,Second,20.5,1598,103.5,5.0,3.0,SKODA,RAPID 1.6 TDI ELEGANCE
5114,2011,48000,Petrol,Manual,First,16.0,1368,90,5.0,3.0,FIAT,LINEA EMOTION
5115,2010,90246,Petrol,Manual,First,16.1,1298,88.2,5.0,2.95,MARUTI,SWIFT VXI BSIII W/ ABS
5116,2015,80500,Diesel,Manual,First,25.0,1396,69,5.0,2.45,TATA,INDICA V2 2001-2011 ELS
5117,2012,119000,Diesel,Automatic,First,14.84,2143,170,5.0,13.99,MERCEDES-BENZ,NEW C-CLASS C 220 CDI ELEGANCE AT
5118,2016,28541,Diesel,Automatic,First,11.57,2987,254.79,5.0,60.75,MERCEDES-BENZ,GLE 350D
5119,2008,45500,Petrol,Manual,Second,0.0,1086,,5.0,1.17,HYUNDAI,SANTRO XING XP
5120,2012,41000,Petrol,Manual,Second,16.8,1497,116.3,5.0,4.5,HONDA,CITY V MT AVN
5121,2010,58000,Petrol,Manual,Second,18.5,1197,80,5.0,2.5,HYUNDAI,I20 MAGNA
5122,2015,99000,Diesel,Manual,First,13.0,2982,168.5,7.0,20.5,TOYOTA,FORTUNER 4X2 MANUAL
5123,2014,31200,Petrol,Manual,First,18.9,1197,82,5.0,3.9,HYUNDAI,GRAND I10 MAGNA
5124,2009,85000,Diesel,Manual,Second,15.0,1896,105,5.0,3.5,VOLKSWAGEN,JETTA 2007-2011 2.0 TDI COMFORTLINE
5125,2016,60924,Petrol,Automatic,First,15.63,1499,110.4,5.0,8.3,FORD,ECOSPORT 1.5 TI VCT AT TITANIUM
5126,2012,45000,Petrol,Manual,First,21.1,814,55.2,5.0,2.5,HYUNDAI,EON MAGNA PLUS
5127,2011,44000,Petrol,Automatic,First,19.15,1198,75.94,5.0,2.65,NISSAN,MICRA XV CVT
5128,2016,30534,Petrol,Automatic,First,19.0,1199,88.7,5.0,7.42,HONDA,JAZZ 1.2 V CVT I VTEC
5129,2016,46399,Petrol,Manual,First,16.47,1198,74,5.0,4.63,VOLKSWAGEN,POLO 1.2 MPI TRENDLINE
5130,2008,42000,Petrol,Manual,First,19.7,796,46.3,5.0,1.09,MARUTI,ALTO LXI
5131,2011,67000,Diesel,Manual,First,22.32,1582,126.32,5.0,3.8,HYUNDAI,VERNA 1.6 SX
5132,2013,58000,Diesel,Automatic,First,10.0,2148,170,5.0,15.75,MERCEDES-BENZ,E-CLASS 2009-2013 E 220 CDI AVANTGARDE
5133,2015,27000,Petrol,Manual,First,17.57,1193,88.7,5.0,5.27,TATA,ZEST REVOTRON 1.2 XT
5134,2012,39566,Petrol,Manual,Second,18.4,1198,86.8,5.0,2.75,HONDA,BRIO S OPTION MT
5135,2016,14980,Diesel,Manual,First,27.3,1498,98.6,5.0,7.4,HONDA,JAZZ VX DIESEL
5136,2017,18491,Petrol,Automatic,First,24.07,998,67.1,5.0,3.9,MARUTI,ALTO K10 VXI AGS
5137,2000,90000,Petrol,Manual,Second,17.3,993,60,5.0,0.7,MARUTI,ZEN VXI - BS III
5138,2015,118211,Diesel,Manual,First,22.54,1396,88.73,5.0,5.9,HYUNDAI,I20 SPORTZ 1.4 CRDI
5139,2016,63316,Diesel,Manual,First,22.7,1598,118,5.0,9.58,MARUTI,SX4 S CROSS DDIS 320 ZETA
5140,2014,42000,Diesel,Automatic,First,14.21,2143,203,5.0,24.95,MERCEDES-BENZ,E-CLASS 2009-2013 E250 CDI ELEGANCE
5141,2015,25648,Petrol,Manual,First,13.7,1399,98.82,7.0,4.29,CHEVROLET,ENJOY PETROL LS 7 SEATER
5142,2011,67612,Diesel,Automatic,Second,14.21,2143,203,5.0,11.5,MERCEDES-BENZ,E-CLASS 2009-2013 E250 CDI BLUE EFFICIENCY
5143,2016,33000,Diesel,Manual,First,16.0,2179,140,7.0,9.65,MAHINDRA,XUV500 W4
5144,2015,20000,Petrol,Manual,First,20.36,1197,78.9,5.0,3.75,HYUNDAI,I10 SPORTZ
5145,2007,143000,Petrol,Manual,Second,14.2,1341,82.9,5.0,1.1,HYUNDAI,GETZ 1.3 GLS
5146,2014,118218,Diesel,Automatic,First,12.07,2967,241.4,7.0,31.41,AUDI,Q7 3.0 TDI QUATTRO
5147,2012,99000,Diesel,Manual,Third,12.05,2179,120,8.0,6.0,MAHINDRA,SCORPIO SLE BSIV
5148,2016,22700,Petrol,Manual,First,18.7,1199,88.7,5.0,5.55,HONDA,JAZZ 1.2 SV I VTEC
5149,2017,28000,Diesel,Manual,First,14.0,2179,138.1,7.0,10.91,TATA,SAFARI STORME 2012-2015 EX
5150,2014,62000,Diesel,Manual,First,15.1,2179,140,7.0,7.25,MAHINDRA,XUV500 W6 2WD
5151,2012,107023,Diesel,Manual,First,22.07,1199,73.9,5.0,3.9,VOLKSWAGEN,POLO DIESEL COMFORTLINE 1.2L
5152,2012,71082,Diesel,Manual,First,19.3,1248,73.9,5.0,3.95,MARUTI,SWIFT DZIRE ZDI
5153,2013,60000,Diesel,Automatic,First,15.73,1968,174.33,5.0,22.0,AUDI,Q3 2.0 TDI
5154,2014,21701,Petrol,Manual,First,23.1,998,67.04,5.0,3.38,MARUTI,CELERIO ZXI
5155,2011,56000,Petrol,Manual,First,16.8,1497,116.3,5.0,3.45,HONDA,CITY V MT EXCLUSIVE
5156,2016,32450,Petrol,Manual,First,18.6,1197,81.83,5.0,5.75,HYUNDAI,I20 1.2 SPOTZ
5157,2016,12500,Petrol,Manual,First,25.17,799,53.3,5.0,2.75,RENAULT,KWID RXT
5158,2019,20483,Diesel,Automatic,First,17.9,2143,136,5.0,30.3,MERCEDES-BENZ,CLA 200 CDI SPORT
5159,2014,45800,Diesel,Manual,First,22.7,1498,89.84,5.0,7.5,FORD,ECOSPORT 1.5 DV5 MT TITANIUM
5160,2015,35441,Petrol,Manual,First,18.6,1197,81.83,5.0,6.87,HYUNDAI,I20 ASTA 1.2
5161,2015,86398,Diesel,Manual,First,12.99,2494,100.6,7.0,15.2,TOYOTA,INNOVA 2.5 ZX DIESEL 7 SEATER
5162,2012,150000,Diesel,Manual,First,21.64,1461,84.8,5.0,3.5,NISSAN,SUNNY 2011-2014 DIESEL XL
5163,2014,89000,Diesel,Manual,First,25.2,1248,74,5.0,5.85,MARUTI,SWIFT VDI BSIV
5164,2010,68375,Petrol,Manual,First,19.0,998,66.1,5.0,2.5,MARUTI,A-STAR VXI
5165,2013,52000,Petrol,Manual,First,18.6,1197,85.8,5.0,3.95,MARUTI,SWIFT ZXI
5166,2017,39000,Diesel,Automatic,First,17.9,2143,136,5.0,27.0,MERCEDES-BENZ,CLA 200 CDI SPORT
5167,2014,68000,Petrol,Manual,Second,16.02,1373,93.7,7.0,6.75,MARUTI,ERTIGA ZXI
5168,2007,71000,Petrol,Manual,Second,18.9,998,67.1,5.0,1.5,MARUTI,WAGON R LXI
5169,2012,72003,Diesel,Manual,First,22.07,1199,73.9,5.0,3.9,VOLKSWAGEN,POLO DIESEL TRENDLINE 1.2L
5170,2014,135670,Diesel,Manual,First,22.7,1498,89.84,5.0,6.55,FORD,ECOSPORT 1.5 DV5 MT TITANIUM OPTIONAL
5171,2017,65850,Diesel,Manual,First,25.1,1498,98.6,5.0,9.44,HONDA,CITY I DTEC VX
5172,2015,53920,Petrol,Manual,First,14.28,1798,138.03,5.0,10.77,TOYOTA,COROLLA ALTIS 1.8 GL
5173,2014,58000,Diesel,Manual,First,15.1,2179,140,7.0,7.5,MAHINDRA,XUV500 W8 2WD
5174,2016,4000,Petrol,Manual,First,24.7,796,47.3,5.0,3.0,MARUTI,ALTO 800 2016-2019 VXI
5175,2010,58000,Diesel,Automatic,First,18.59,2993,265,5.0,11.75,BMW,5 SERIES 530D M SPORT
5176,2016,29832,Petrol,Manual,First,21.1,814,55.2,5.0,3.29,HYUNDAI,EON D LITE PLUS
5177,2016,71156,Diesel,Manual,First,26.59,1248,74,5.0,6.5,MARUTI,SWIFT DZIRE VDI
5178,2015,64687,CNG,Manual,First,31.79,998,58.33,5.0,3.8,MARUTI,CELERIO CNG VXI MT
5179,2011,54000,Diesel,Automatic,First,16.55,1968,147.51,5.0,18.0,AUDI,A4 2.0 TDI
5180,2009,75000,Petrol,Automatic,Second,13.7,1798,157.75,5.0,4.95,SKODA,SUPERB ELEGANCE 1.8 TSI AT
5181,2015,39208,Petrol,Manual,First,17.57,1193,88.7,5.0,4.52,TATA,ZEST REVOTRON 1.2T XM
5182,2014,41000,Diesel,Manual,First,17.0,2149,139.07,7.0,8.0,FORCE,ONE LX ABS 7 SEATING
5183,2013,38622,Petrol,Manual,First,17.4,1497,117.3,5.0,6.26,HONDA,CITY I-VTEC VX
5184,2016,18000,Petrol,Manual,First,16.95,1498,97.7,5.0,7.5,NISSAN,SUNNY 2011-2014 XV
5185,2012,52000,Petrol,Manual,First,16.1,,,,3.65,MARUTI,SWIFT 1.3 LXI
5186,2011,45000,Petrol,Automatic,First,14.4,1598,103.6,5.0,3.35,VOLKSWAGEN,VENTO PETROL HIGHLINE AT
5187,2014,48656,Petrol,Automatic,First,15.74,1591,121.3,5.0,5.5,HYUNDAI,VERNA 1.6 SX VTVT AT
5188,2012,79000,Diesel,Automatic,First,22.0,1582,126.2,5.0,5.25,HYUNDAI,VERNA CRDI 1.6 AT SX PLUS
5189,2012,88000,Diesel,Automatic,First,16.55,1968,140,5.0,16.25,AUDI,A4 2.0 TDI MULTITRONIC
5190,2009,92000,Petrol,Manual,First,15.5,1586,103.3,5.0,2.7,MARUTI,SX4 VXI BSIV
5191,2019,9000,Diesel,Automatic,First,12.62,2198,158,7.0,32.9,FORD,ENDEAVOUR 2.2 TITANIUM AT 4X2
5192,2008,50121,Petrol,Manual,First,20.4,1197,83.11,5.0,3.41,MARUTI,SWIFT LXI BSIV
5193,2014,79000,Diesel,Manual,First,24.0,1120,70,5.0,4.15,HYUNDAI,GRAND I10 CRDI MAGNA
5194,2014,46000,Diesel,Manual,Second,20.14,1498,88.8,5.0,5.9,VOLKSWAGEN,POLO 1.5 TDI HIGHLINE
5195,2012,100000,Petrol,Automatic,First,10.0,2496,157.7,5.0,11.5,MERCEDES-BENZ,E-CLASS 230
5196,2015,41000,Petrol,Manual,First,18.6,1197,81.83,5.0,4.75,HYUNDAI,I20 ASTA 1.2
5197,2015,25000,Petrol,Automatic,First,24.07,998,67.1,5.0,3.5,MARUTI,ALTO K10 VXI AGS
5198,2014,71899,Diesel,Manual,First,20.77,1248,88.76,7.0,7.25,MARUTI,ERTIGA VDI
5199,2016,7100,Petrol,Automatic,First,23.1,998,67.04,5.0,4.35,MARUTI,CELERIO VXI AT
5200,2018,38171,Petrol,Automatic,Second,22.5,999,67,5.0,4.99,RENAULT,KWID CLIMBER 1.0 AMT
5201,2013,70359,Diesel,Manual,First,12.05,2179,120,8.0,7.65,MAHINDRA,SCORPIO SLE BSIV
5202,2011,200000,Diesel,Manual,First,12.8,2494,102,7.0,9.0,TOYOTA,INNOVA 2.5 GX (DIESEL) 7 SEATER BS IV
5203,2017,26969,Diesel,Manual,First,22.07,1199,73.9,5.0,6.9,VOLKSWAGEN,POLO DIESEL HIGHLINE 1.2L
5204,2011,56500,Diesel,Manual,First,20.0,1399,68,5.0,2.9,FORD,FIGO DIESEL ZXI
5205,2014,40000,Diesel,Manual,First,20.45,1461,83.8,5.0,5.75,NISSAN,TERRANO XL PLUS 85 PS
5206,2014,41000,Diesel,Manual,First,17.0,2200,139.01,7.0,8.0,FORCE,ONE LX 4X4
5207,2017,53105,Petrol,Automatic,First,22.5,999,67,5.0,4.41,RENAULT,KWID 1.0 RXT OPTIONAL AMT
5208,2013,23000,Diesel,Manual,First,21.14,1498,103.52,5.0,4.95,SKODA,RAPID 1.5 TDI ELEGANCE
5209,2016,80999,Diesel,Automatic,First,16.0,2179,140,7.0,14.4,MAHINDRA,XUV500 AT W10 FWD
5210,2012,82000,Diesel,Manual,First,20.0,1399,68.05,5.0,2.95,FORD,FIGO DIESEL TITANIUM
5211,2017,68557,Diesel,Manual,First,15.96,2523,62.1,7.0,8.14,MAHINDRA,BOLERO ZLX
5212,2016,34000,Diesel,Manual,First,20.64,1498,108.5,5.0,8.45,VOLKSWAGEN,VENTO 1.5 TDI HIGHLINE
5213,2015,77000,Diesel,Manual,First,12.99,2494,100,8.0,12.5,TOYOTA,INNOVA 2.5 VX (DIESEL) 8 SEATER BS IV
5214,2012,48000,Diesel,Manual,First,15.1,2179,140,7.0,6.5,MAHINDRA,XUV500 W8 2WD
5215,2015,28232,Petrol,Manual,Second,15.8,1499,110,5.0,7.72,FORD,ECOSPORT 1.5 TI VCT MT TITANIUM
5216,2011,110000,Diesel,Automatic,First,16.96,1968,138.1,5.0,8.0,VOLKSWAGEN,JETTA 2012-2014 2.0L TDI HIGHLINE AT
5217,2009,120000,Diesel,Manual,Second,13.93,2179,138,7.0,3.0,TATA,NEW SAFARI DICOR 2.2 VX 4X4
5218,2013,49000,Diesel,Automatic,First,8.2,2993,245,4.0,29.0,BMW,3 SERIES 330D CONVERTIBLE
5219,2014,22000,Petrol,Manual,First,16.47,1198,74,5.0,4.11,VOLKSWAGEN,POLO 1.2 MPI HIGHLINE
5220,2015,14925,Petrol,Manual,First,18.5,1197,82.9,5.0,5.37,HYUNDAI,I20 MAGNA OPTIONAL 1.2
5221,2013,75000,Diesel,Manual,First,20.77,1248,88.8,7.0,6.55,MARUTI,ERTIGA ZDI
5222,2015,23000,Petrol,Manual,First,17.4,1497,117.3,5.0,7.0,HONDA,CITY I VTEC V
5223,2014,57000,Petrol,Manual,First,17.0,1497,118,5.0,5.48,HONDA,CITY 1.5 S MT
5224,2013,76718,Diesel,Automatic,First,16.96,1968,138.03,5.0,6.51,VOLKSWAGEN,JETTA 2013-2015 2.0L TDI HIGHLINE AT
5225,2016,138000,Diesel,Manual,First,25.8,1498,98.6,5.0,5.15,HONDA,AMAZE VX I-DTEC
5226,2013,140000,Diesel,Manual,Second,15.1,2179,140,7.0,9.0,MAHINDRA,XUV500 W8 2WD
5227,2008,110000,Petrol,Automatic,Second,14.53,1798,138.1,5.0,2.75,TOYOTA,COROLLA ALTIS VL
5228,2005,126000,Petrol,Manual,Second,17.0,1086,,5.0,1.2,HYUNDAI,SANTRO XING XL ERLX EURO III
5229,2012,73000,Diesel,Automatic,First,22.69,1995,190,5.0,12.5,BMW,3 SERIES 320D
5230,2017,63423,Diesel,Manual,First,23.0,1498,98.96,5.0,7.69,FORD,ECOSPORT 1.5 DIESEL TREND
5231,2013,62132,Petrol,Manual,First,18.5,1197,82.85,5.0,4.57,HYUNDAI,I20 ASTA OPTIONAL WITH SUNROOF 1.2
5232,2013,51000,Petrol,Automatic,First,16.8,1497,118,5.0,4.5,HONDA,CITY 1.5 S AT
5233,2015,75000,Diesel,Manual,First,23.2,1248,73.94,5.0,4.9,MARUTI,RITZ VDI (ABS) BS IV
5234,2008,55410,Petrol,Manual,First,19.81,1086,68.05,5.0,1.65,HYUNDAI,I10 ERA 1.1
5235,2015,41000,Petrol,Manual,First,18.2,1199,82.4,5.0,3.25,CHEVROLET,SAIL 1.2 LS
5236,2012,45000,Diesel,Manual,First,22.32,1582,126.32,5.0,6.25,HYUNDAI,VERNA 1.6 SX CRDI (O)
5237,2018,53322,Petrol,Manual,First,15.8,1591,121.3,5.0,12.13,HYUNDAI,CRETA 1.6 SX OPTION
5238,2013,48000,Petrol,Manual,First,18.2,1199,82.4,5.0,3.25,CHEVROLET,SAIL 1.2 LS
5239,2013,72000,Diesel,Automatic,First,14.16,1968,174.3,5.0,29.0,AUDI,Q5 2.0 TDI
5240,2013,50266,Petrol,Manual,First,17.0,1497,118,5.0,5.53,HONDA,CITY 1.5 V MT EXCLUSIVE
5241,2017,21800,Petrol,Manual,First,17.0,1497,121.36,5.0,8.75,FORD,ECOSPORT 1.5 PETROL TITANIUM
5242,2014,45000,Diesel,Automatic,Second,12.07,2967,241.4,7.0,37.9,AUDI,Q7 3.0 TDI QUATTRO PREMIUM PLUS
5243,2010,62000,Petrol,Manual,First,20.36,1197,78.9,5.0,2.4,HYUNDAI,I10 MAGNA 1.2
5244,2014,41681,Petrol,Manual,First,17.0,1197,80,5.0,4.55,HYUNDAI,I20 1.2 ASTA
5245,2011,69313,Petrol,Manual,Second,17.5,1197,85.8,5.0,2.65,MARUTI,SWIFT DZIRE 1.2 VXI BSIV
5246,2017,49000,Diesel,Manual,Second,25.0,1396,69,5.0,1.6,TATA,INDICA V2 ELX
5247,2012,40471,Diesel,Automatic,Second,16.2,2993,235,5.0,25.72,BMW,5 SERIES 2010-2013 530D
5248,2013,60000,Diesel,Manual,First,22.9,1248,74,5.0,4.15,MARUTI,SWIFT VDI
5249,2018,1001,Petrol,Manual,First,19.0,1194,94.68,5.0,7.23,FORD,FREESTYLE TITANIUM PLUS PETROL
5250,2008,38000,Petrol,Manual,Second,13.9,1599,103.2,5.0,2.6,HYUNDAI,VERNA XXI ABS (PETROL)
5251,2008,66000,Diesel,Automatic,Second,16.07,1995,181,5.0,7.25,BMW,3 SERIES 320D HIGHLINE
5252,2017,33901,Diesel,Manual,First,12.8,2494,102,8.0,14.29,TOYOTA,INNOVA 2.5 G4 DIESEL 8-SEATER
5253,2011,57000,Diesel,Automatic,Second,14.94,2143,204,5.0,17.25,MERCEDES-BENZ,NEW C-CLASS C 250 CDI ELEGANCE
5254,2013,170000,Diesel,Manual,First,22.54,1582,126.2,5.0,7.5,HYUNDAI,ELANTRA 1.6 SX
5255,2014,60000,Diesel,Manual,First,23.2,1248,73.94,5.0,4.35,MARUTI,RITZ ZDI
5256,2016,85000,Diesel,Manual,First,24.3,1248,88.5,5.0,8.9,MARUTI,VITARA BREZZA ZDI PLUS DUAL TONE
5257,2016,146000,Petrol,Manual,Second,19.1,1197,82,5.0,3.5,HYUNDAI,XCENT 1.2 KAPPA S
5258,2014,56002,Diesel,Manual,First,26.0,1498,98.6,5.0,6.1,HONDA,CITY I DTEC V
5259,2016,8554,Petrol,Manual,First,25.17,799,53.3,5.0,3.2,RENAULT,KWID RXT
5260,2014,62322,Diesel,Manual,First,23.59,1364,67.06,5.0,4.9,TOYOTA,ETIOS CROSS 1.4L VD
5261,2015,37929,Petrol,Manual,First,24.07,998,67.1,5.0,3.69,MARUTI,ALTO K10 VXI
5262,2016,5400,Petrol,Manual,First,23.84,1199,84,5.0,3.98,TATA,TIAGO 1.2 REVOTRON XM OPTION
5263,2013,60000,Diesel,Manual,First,21.9,1396,90,5.0,2.95,HYUNDAI,I20 1.4 CRDI MAGNA
5264,2014,55730,Diesel,Automatic,First,16.55,1968,147.51,5.0,15.21,AUDI,A4 2.0 TDI
5265,2015,62000,Diesel,Manual,First,28.4,1248,74,5.0,6.3,MARUTI,SWIFT VDI
5266,2017,14576,Petrol,Manual,First,17.0,1198,73.75,5.0,6.69,VOLKSWAGEN,AMEO 1.2 MPI HIGHLINE
5267,2017,17000,Petrol,Automatic,First,16.0,1497,117.3,7.0,9.5,HONDA,BRV I-VTEC V CVT
5268,2009,28000,Petrol,Manual,First,17.0,1197,80,5.0,2.65,HYUNDAI,I20 ASTA
5269,2012,58200,Diesel,Manual,First,14.66,2199,194.3,7.0,7.5,HYUNDAI,SANTA FE 4X4
5270,2002,53000,Petrol,Manual,Second,0.0,,,,1.85,HONDA,CITY 1.5 GXI
5271,2018,12278,Petrol,Automatic,First,23.1,998,67.04,5.0,5.63,MARUTI,CELERIO ZXI OPTIONAL AMT
5272,2018,17665,Petrol,Manual,First,15.8,1591,121.3,5.0,11.78,HYUNDAI,CRETA 1.6 SX
5273,2004,200000,Diesel,Manual,Second,17.88,1396,52.8,5.0,0.85,TATA,INDICA V2 DL BSIII
5274,2011,55893,Petrol,Manual,First,15.04,1598,103.6,5.0,3.35,VOLKSWAGEN,VENTO PETROL HIGHLINE
5275,2015,60586,Petrol,Manual,First,23.1,998,67.04,5.0,4.11,MARUTI,CELERIO VXI
5276,2015,13500,Diesel,Automatic,First,17.9,2143,136,5.0,25.51,MERCEDES-BENZ,CLA 200 D SPORT EDITION
5277,2017,30000,Petrol,Manual,First,22.74,796,47.3,5.0,3.1,MARUTI,ALTO 800 LXI
5278,2018,12000,Diesel,Automatic,First,10.91,3198,197,7.0,33.5,FORD,ENDEAVOUR 3.2 TITANIUM AT 4X4
5279,2017,65000,Petrol,Manual,First,17.57,1193,88.7,5.0,4.8,TATA,ZEST REVOTRON 1.2T XE
5280,2014,38000,Petrol,Manual,First,16.09,1598,103.5,5.0,3.49,VOLKSWAGEN,VENTO 1.6 COMFORTLINE
5281,2012,25000,Petrol,Manual,Second,17.5,1373,91.1,7.0,5.15,MARUTI,ERTIGA ZXI
5282,2011,100000,Diesel,Automatic,First,14.0,2987,224,5.0,14.41,MERCEDES-BENZ,M-CLASS ML 350 CDI CORPORATE
5283,2014,13710,Petrol,Manual,First,16.2,1199,74,5.0,4.75,VOLKSWAGEN,POLO 1.2 MPI HIGHLINE
5284,2015,100000,Diesel,Automatic,First,12.55,2982,168.5,7.0,19.0,TOYOTA,FORTUNER 4X2 AT
5285,2017,17000,Petrol,Manual,First,23.1,998,67.04,5.0,4.9,MARUTI,CELERIO VXI
5286,2008,89000,Diesel,Automatic,Second,16.07,1995,181,4.0,6.3,BMW,3 SERIES 320D CORPORATE EDITION
5287,2006,100173,Petrol,Manual,Second,16.9,1497,100,5.0,2.4,HONDA,CITY ZX VTEC
5288,2009,97000,Petrol,Manual,First,13.17,1999,114,5.0,3.0,MITSUBISHI,CEDIA SPORTS
5289,2016,40190,Petrol,Manual,First,18.06,1198,74.93,5.0,4.25,RENAULT,PULSE PETROL RXL
5290,2016,29647,Diesel,Manual,First,20.14,1498,88,5.0,6.3,VOLKSWAGEN,POLO 1.5 TDI HIGHLINE
5291,2018,43639,Petrol,Manual,First,21.1,998,100,5.0,8.15,MARUTI,BALENO RS PETROL
5292,2012,37333,Petrol,Manual,First,20.36,1197,78.9,5.0,3.22,HYUNDAI,I10 MAGNA
5293,2018,48407,Petrol,Manual,First,18.6,1197,81.83,5.0,7.65,HYUNDAI,I20 1.2 SPOTZ
5294,2011,25000,Petrol,Automatic,First,10.37,2979,306,2.0,30.0,BMW,Z4 2009-2013 35I
5295,2010,72400,Petrol,Manual,Second,20.36,1197,78.9,5.0,2.3,HYUNDAI,I10 SPORTZ 1.2
5296,2012,18000,Petrol,Automatic,First,13.6,1598,181,4.0,22.0,MINI,COOPER S CARBON EDITION
5297,2012,65167,Petrol,Manual,First,19.4,1198,86.8,5.0,3.28,HONDA,BRIO V MT
5298,2016,25418,Petrol,Manual,First,20.73,1373,91.2,5.0,7.09,MARUTI,CIAZ ZXI OPTION
5299,2013,38995,Diesel,Manual,First,19.3,1248,73.9,5.0,6.46,MARUTI,SWIFT DZIRE ZDI
5300,2012,60000,Diesel,Manual,First,22.07,1199,73.9,5.0,4.0,VOLKSWAGEN,POLO DIESEL COMFORTLINE 1.2L
5301,2011,72000,Diesel,Automatic,First,17.05,1995,184,5.0,11.0,BMW,X1 SDRIVE20D
5302,2016,31075,Diesel,Automatic,Second,12.07,2967,241.4,7.0,49.79,AUDI,Q7 3.0 TDI QUATTRO PREMIUM PLUS
5303,2015,4311,Diesel,Manual,First,25.83,1498,99,5.0,4.8,FORD,FIGO 1.5D TREND MT
5304,2017,21000,Diesel,Automatic,First,21.76,1995,190,5.0,35.0,BMW,3 SERIES LUXURY LINE
5305,2011,54000,Diesel,Automatic,First,14.0,2987,224,5.0,21.99,MERCEDES-BENZ,M-CLASS ML 350 CDI CORPORATE
5306,2007,50000,Petrol,Manual,Second,17.3,1061,64,5.0,1.1,MARUTI,WAGON R LX BSIII
5307,2018,13000,Petrol,Manual,First,21.4,1197,83.1,5.0,6.6,MARUTI,BALENO ZETA 1.2
5308,2013,74000,Petrol,Manual,First,22.0,1197,81.80,5.0,4.5,MARUTI,DZIRE VXI
5309,2009,75000,Petrol,Manual,Second,14.7,1150,76,5.0,1.0,CHEVROLET,AVEO U-VA 1.2 LT
5310,2017,25000,Diesel,Manual,First,20.14,1498,88,5.0,6.9,VOLKSWAGEN,POLO 1.5 TDI HIGHLINE
5311,2012,139000,Diesel,Automatic,First,0.0,2179,115,5.0,16.75,LAND,ROVER FREELANDER 2 TD4 SE
5312,2015,52000,Diesel,Automatic,First,14.16,1968,174.3,5.0,25.49,AUDI,Q5 30 TDI QUATTRO PREMIUM
5313,2015,20000,Diesel,Automatic,First,18.53,1968,187.74,5.0,35.5,AUDI,A6 35 TDI MATRIX
5314,2018,32663,Diesel,Manual,First,24.0,1186,73.97,5.0,6.28,HYUNDAI,GRAND I10 1.2 CRDI SPORTZ
5315,2012,76777,Diesel,Manual,Second,12.05,2179,120,8.0,4.88,MAHINDRA,SCORPIO SLE BSIV
5316,2016,100303,Diesel,Manual,First,22.95,1248,74,5.0,3.7,TATA,BOLT QUADRAJET XE
5317,2015,43993,Petrol,Manual,First,21.1,814,55.2,5.0,3.45,HYUNDAI,EON ERA PLUS
5318,2016,72118,Diesel,Manual,First,15.4,2179,120,8.0,10.23,MAHINDRA,SCORPIO S8 8 SEATER
5319,2010,83000,Petrol,Automatic,Second,11.1,2354,142,5.0,6.5,HONDA,ACCORD 2001-2003 2.0 AT
5320,2016,7523,Petrol,Manual,First,16.2,1199,74,5.0,6.15,VOLKSWAGEN,POLO 1.2 MPI HIGHLINE
5321,2014,34670,Petrol,Manual,First,15.1,1196,73,7.0,2.9,MARUTI,EECO 7 SEATER STANDARD
5322,2016,30000,Diesel,Manual,First,24.0,1120,70,5.0,5.5,HYUNDAI,GRAND I10 CRDI SPORTZ
5323,2017,17000,Diesel,Automatic,First,10.91,3198,197,7.0,31.0,FORD,ENDEAVOUR 3.2 TITANIUM AT 4X4
5324,2015,59261,Diesel,Manual,First,24.0,1186,73.97,5.0,4.25,HYUNDAI,GRAND I10 1.2 CRDI SPORTZ
5325,2016,65210,Diesel,Manual,First,22.9,1248,74,5.0,5.48,MARUTI,SWIFT VDI
5326,2016,19000,Petrol,Manual,First,18.6,1197,81.83,5.0,7.25,HYUNDAI,I20 1.2 ASTA OPTION
5327,2012,50000,Petrol,Manual,First,17.5,1298,85.8,5.0,3.0,MARUTI,SWIFT DZIRE VXI
5328,2015,47000,Diesel,Automatic,First,22.69,1995,190,5.0,29.5,BMW,3 SERIES 320D LUXURY LINE
5329,2007,75000,Petrol,Manual,Second,17.7,1497,78,5.0,1.49,HONDA,CITY ZX GXI
5330,2013,54534,Petrol,Automatic,First,16.95,1197,78.9,5.0,3.65,HYUNDAI,I10 SPORTZ 1.2 AT
5331,2018,13000,Diesel,Manual,First,23.0,1498,98.96,5.0,10.9,FORD,ECOSPORT SIGNATURE EDITION DIESEL
5332,2015,48808,Petrol,Manual,First,23.1,998,67.04,5.0,4.3,MARUTI,CELERIO ZXI MT
5333,2012,63001,Diesel,Manual,Second,20.77,1248,88.76,7.0,6.11,MARUTI,ERTIGA VDI
5334,2015,64771,Diesel,Manual,First,12.8,2494,102,8.0,15.5,TOYOTA,INNOVA 2.5 V DIESEL 8-SEATER
5335,2016,34634,Petrol,Manual,First,17.8,1497,117.3,5.0,6.9,HONDA,CITY I VTEC SV
5336,2012,69242,Petrol,Manual,First,19.1,1197,85.8,5.0,4.69,MARUTI,SWIFT DZIRE VXI
5337,2011,33292,Petrol,Manual,First,18.5,1197,85.80,5.0,3.19,MARUTI,RITZ LXI
5338,2012,55000,Petrol,Automatic,Second,15.0,1396,98.6,5.0,3.75,HYUNDAI,I20 SPORTZ AT 1.4
5339,2019,1000,Petrol,Manual,First,17.19,1197,81.86,5.0,8.6,HYUNDAI,I20 ACTIVE SX DUAL TONE PETROL
5340,2011,80000,Petrol,Manual,Second,17.0,1497,118,5.0,3.85,HONDA,CITY 1.5 E MT
5341,2016,65003,Diesel,Automatic,First,13.6,4134,382,5.0,67.83,PORSCHE,CAYENNE S DIESEL
5342,2019,16573,Petrol,Manual,First,17.8,1198,86.7,5.0,9.31,HONDA,AMAZE VX I-VTEC
5343,2008,152633,Petrol,Automatic,First,12.9,1799,130,5.0,3.0,HONDA,CIVIC 2006-2010 1.8 S AT
5344,2015,53000,Petrol,Manual,First,18.6,1197,81.83,5.0,5.5,HYUNDAI,I20 MAGNA 1.2
5345,2017,50129,Diesel,Manual,First,19.67,1582,126.2,5.0,13.3,HYUNDAI,CRETA 1.6 CRDI SX
5346,2013,63716,Diesel,Automatic,First,15.73,1968,174.33,5.0,23.0,AUDI,Q3 2012-2015 2.0 TDI QUATTRO PREMIUM PLUS
5347,2018,11000,Petrol,Manual,First,24.7,796,47.3,5.0,3.35,MARUTI,ALTO 800 2016-2019 LXI
5348,2012,115000,Diesel,Automatic,Third,15.06,1995,177,5.0,10.0,BMW,X1 SDRIVE 20D EXCLUSIVE
5349,2013,63265,Petrol,Manual,First,20.36,1197,78.9,5.0,2.95,HYUNDAI,I10 MAGNA
5350,2016,20000,Diesel,Manual,First,21.66,1498,108.62,5.0,6.75,VOLKSWAGEN,AMEO 1.5 TDI HIGHLINE
5351,2010,79000,Petrol,Manual,Third,16.47,1198,73.9,5.0,2.44,VOLKSWAGEN,POLO PETROL HIGHLINE 1.2L
5352,2015,41000,Petrol,Manual,First,20.73,1373,91.1,5.0,5.85,MARUTI,CIAZ VXI PLUS
5353,2015,26323,Petrol,Automatic,First,17.21,1197,103.5,5.0,7.4,VOLKSWAGEN,POLO GT TSI
5354,2016,76000,Diesel,Manual,First,24.4,1120,71,5.0,3.8,HYUNDAI,XCENT 1.1 CRDI BASE
5355,2008,69972,Petrol,Manual,First,13.5,1799,130,5.0,3.8,HONDA,CIVIC 2006-2010 1.8 S MT
5356,2008,69000,Petrol,Manual,First,17.7,1497,78,5.0,2.7,HONDA,CITY ZX GXI
5357,2016,65000,Diesel,Manual,First,15.96,2523,62.1,7.0,7.21,MAHINDRA,BOLERO ZLX
5358,2016,29512,Petrol,Manual,First,17.4,1497,117.3,5.0,7.9,HONDA,CITY I VTEC V
5359,2017,51000,Diesel,Manual,First,25.4,1186,73.97,5.0,4.2,HYUNDAI,XCENT 1.2 CRDI S
5360,2014,58003,Diesel,Manual,First,19.01,1461,108.45,5.0,5.75,RENAULT,DUSTER 110PS DIESEL RXL
5361,2013,56500,Petrol,Automatic,First,16.98,998,66.1,5.0,3.45,MARUTI,A-STAR AT VXI
5362,2014,29063,Diesel,Automatic,First,17.11,1968,174.33,5.0,25.75,AUDI,A4 2.0 TDI 177 BHP PREMIUM PLUS
5363,2018,46811,Diesel,Manual,First,16.0,2179,140,7.0,16.59,MAHINDRA,XUV500 W8 2WD
5364,2014,31897,Petrol,Manual,First,18.06,1198,74.96,5.0,4.69,RENAULT,PULSE PETROL RXZ
5365,2009,52100,Diesel,Automatic,Second,13.2,1995,170,5.0,7.5,BMW,3 SERIES 320D
5366,2016,73000,Diesel,Manual,First,13.68,2393,147.8,7.0,16.5,TOYOTA,INNOVA CRYSTA 2.4 GX MT
5367,2009,31423,Petrol,Manual,First,17.0,1497,118,5.0,1.99,HONDA,CITY 1.5 S MT
5368,2014,75180,Diesel,Manual,First,22.9,1248,74,5.0,5.25,MARUTI,SWIFT VDI
5369,2013,75000,Diesel,Manual,Second,19.64,1461,108.45,5.0,5.4,RENAULT,DUSTER 110PS DIESEL RXZ PLUS
5370,2014,15000,Petrol,Manual,First,16.47,1198,74,5.0,3.9,VOLKSWAGEN,POLO 1.2 MPI COMFORTLINE
5371,2015,12000,Petrol,Manual,First,17.19,1197,81.86,5.0,5.8,HYUNDAI,I20 ACTIVE 1.2 S
5372,2014,32000,Diesel,Automatic,First,18.12,1995,190,5.0,30.5,BMW,5 SERIES 2013-2017 520D LUXURY LINE
5373,2017,44504,Diesel,Manual,First,23.4,1248,74,5.0,5.6,MARUTI,SWIFT DZIRE LDI
5374,2012,66000,Diesel,Automatic,First,0.0,2987,165,5.0,23.0,MERCEDES-BENZ,M-CLASS ML 350 4MATIC
5375,2015,39437,Diesel,Manual,First,28.4,1248,74,5.0,5.15,MARUTI,SWIFT LDI
5376,2017,36931,Diesel,Automatic,First,19.08,1582,126.2,5.0,9.48,HYUNDAI,VERNA 1.6 CRDI AT SX OPTION
5377,2016,17800,Petrol,Automatic,Second,21.9,624,37.48,4.0,2.38,TATA,NANO XTA
5378,2009,71346,Petrol,Manual,First,17.5,1298,85.8,5.0,3.8,MARUTI,SWIFT DZIRE LXI
5379,2015,45000,Petrol,Manual,Second,18.6,1197,81.83,5.0,5.5,HYUNDAI,I20 ASTA OPTION 1.2
5380,2010,85155,Petrol,Manual,First,17.0,1197,80,5.0,3.55,HYUNDAI,I20 1.2 SPORTZ
5381,2015,48823,Petrol,Manual,First,20.73,1373,91.1,5.0,6.35,MARUTI,CIAZ ZXI
5382,2015,37000,Diesel,Automatic,First,12.7,2179,187.7,5.0,36.0,LAND,ROVER RANGE ROVER 2.2L PRESTIGE
5383,2005,92000,Diesel,Manual,Second,16.1,1405,70,5.0,1.1,TATA,INDIGO LX BSII
5384,2014,36000,Petrol,Manual,First,17.57,1193,88.7,5.0,3.7,TATA,ZEST REVOTRON 1.2T XM
5385,2016,24569,Diesel,Manual,First,16.0,1997,140,7.0,13.5,MAHINDRA,XUV500 W10 1.99 MHAWK
5386,2008,95000,Petrol,Automatic,Third,11.7,2354,177.6,5.0,2.85,HONDA,ACCORD 2.4 AT
5387,2015,25811,Petrol,Manual,Second,25.4,624,37.5,4.0,2.13,TATA,NANO TWIST XT
5388,2015,65000,Diesel,Manual,First,22.7,1582,126.2,5.0,7.75,HYUNDAI,ELANTRA CRDI S
5389,2017,100400,Diesel,Manual,First,25.0,1396,69,5.0,2.85,TATA,INDICA V2 ELS
5390,2014,76414,Diesel,Manual,First,25.8,1498,98.6,5.0,4.95,HONDA,AMAZE S I-DTECH
5391,2012,82103,Diesel,Manual,First,15.1,2179,140,7.0,6.2,MAHINDRA,XUV500 W8 2WD
5392,2013,98000,Diesel,Automatic,First,18.56,1995,190,5.0,17.5,BMW,X3 XDRIVE 20D EXPEDITION
5393,2010,45252,Petrol,Manual,First,18.9,1197,81.86,5.0,2.25,HYUNDAI,GRAND I10 1.2 KAPPA MAGNA
5394,2017,10300,Petrol,Manual,First,21.4,1197,83.1,5.0,6.75,MARUTI,BALENO ZETA 1.2
5395,2016,42024,Diesel,Automatic,First,19.08,1582,126.2,5.0,9.73,HYUNDAI,VERNA 1.6 CRDI AT SX
5396,2018,51236,Diesel,Manual,First,25.47,1248,88.50,7.0,8.49,MARUTI,ERTIGA VDI
5397,2013,52000,Petrol,Automatic,First,13.6,1598,181,4.0,25.0,MINI,COOPER S CARBON EDITION
5398,2015,42894,Diesel,Manual,First,23.2,1248,73.94,5.0,5.59,MARUTI,RITZ ZDI
5399,2011,68000,Diesel,Automatic,First,15.6,1896,106,5.0,4.8,SKODA,LAURA L N K 1.9 PD AT
5400,2014,69000,Diesel,Manual,First,22.7,1498,89.84,5.0,5.45,FORD,ECOSPORT 1.5 DV5 MT TITANIUM OPTIONAL
5401,2017,10000,Petrol,Manual,First,18.6,1197,81.83,5.0,6.5,HYUNDAI,I20 2015-2017 SPORTZ 1.2
5402,2015,16000,Petrol,Manual,First,19.4,1198,86.8,5.0,4.35,HONDA,BRIO E MT
5403,2013,46992,Diesel,Manual,First,25.8,1498,98.6,5.0,3.75,HONDA,AMAZE S I-DTECH
5404,2010,170000,Diesel,Automatic,Third,18.48,1995,177,5.0,12.0,BMW,5 SERIES 2003-2012 520D
5405,2014,58000,Diesel,Automatic,First,12.07,2967,241.4,7.0,32.0,AUDI,Q7 3.0 TDI QUATTRO PREMIUM PLUS
5406,2015,50000,Diesel,Manual,Second,24.0,1120,70,5.0,4.0,HYUNDAI,GRAND I10 CRDI MAGNA
5407,2011,39010,Diesel,Manual,First,23.08,1461,63.1,5.0,2.6,NISSAN,MICRA DIESEL XV
5408,2016,26946,Petrol,Manual,First,18.9,1197,82,5.0,4.45,HYUNDAI,GRAND I10 SPORTZ
5409,2015,28700,Petrol,Manual,First,21.1,814,55.2,5.0,2.6,HYUNDAI,EON ERA
5410,2011,60000,Petrol,Automatic,First,11.74,1796,186,5.0,16.0,MERCEDES-BENZ,NEW C-CLASS C250 AVANTGARDE
5411,2014,38999,Diesel,Automatic,First,12.7,2179,187.7,5.0,32.5,LAND,ROVER RANGE ROVER 2.2L PURE
5412,2016,39000,Diesel,Automatic,First,11.18,2696,184,7.0,13.85,MAHINDRA,SSANGYONG REXTON RX7
5413,2018,7784,Petrol,Manual,First,20.73,1373,91.1,5.0,8.76,MARUTI,CIAZ 1.4 DELTA
5414,2014,45710,Petrol,Automatic,First,11.8,3498,272,7.0,23.68,MERCEDES-BENZ,R-CLASS R350 4MATIC LONG
5415,2017,42000,Petrol,Automatic,First,22.0,1197,81.80,5.0,5.5,MARUTI,DZIRE AMT VXI
5416,2013,75995,Diesel,Automatic,Second,11.49,4367,335.3,5.0,65.81,LAND,ROVER RANGE ROVER VOGUE SE 4.4 SDV8
5417,2013,57000,Diesel,Manual,First,19.01,1461,108.45,5.0,4.99,RENAULT,DUSTER 110PS DIESEL RXZ
5418,2013,85350,Diesel,Manual,Second,22.32,1582,126.32,5.0,5.7,HYUNDAI,VERNA 1.6 SX
5419,2016,82725,Petrol,Automatic,First,14.28,1798,138.03,5.0,11.99,TOYOTA,COROLLA ALTIS 1.8 VL CVT
5420,2016,19000,Diesel,Automatic,Second,21.76,1995,190,5.0,29.99,BMW,3 SERIES SPORT
5421,2018,13900,Petrol,Manual,First,18.88,1499,110.4,5.0,9.5,FORD,ECOSPORT 1.5 TI VCT MT SIGNATURE
5422,2014,108000,Diesel,Manual,First,25.2,1248,74,5.0,5.5,MARUTI,SWIFT VDI BSIV
5423,2016,36000,Diesel,Automatic,First,11.72,2199,194.3,7.0,23.0,HYUNDAI,SANTA FE 4X4 AT
5424,2013,62188,Diesel,Manual,First,17.2,1396,53.5,5.0,2.95,TATA,INDICA V2 DLS
5425,2015,58397,Diesel,Manual,First,24.0,1120,70,5.0,4.9,HYUNDAI,GRAND I10 CRDI SPORTZ
5426,2006,85000,Petrol,Manual,Third,0.0,1086,,5.0,1.3,HYUNDAI,SANTRO XING XL
5427,2016,30000,Petrol,Automatic,First,22.5,998,67,5.0,4.25,MARUTI,WAGON R VXI AMT
5428,2018,29907,Diesel,Manual,First,16.0,2179,140,7.0,16.36,MAHINDRA,XUV500 W10 2WD
5429,2009,46000,Diesel,Automatic,First,16.55,1968,147.51,5.0,9.95,AUDI,A4 2.0 TDI
5430,2012,65000,Diesel,Manual,First,20.54,1598,103.6,5.0,5.5,VOLKSWAGEN,VENTO DIESEL HIGHLINE
5431,2016,22000,Diesel,Manual,First,24.3,1248,88.5,5.0,8.25,MARUTI,VITARA BREZZA ZDI PLUS DUAL TONE
5432,2002,99024,Petrol,Manual,First,17.3,993,60,5.0,0.95,MARUTI,ZEN LX
5433,2016,34952,Petrol,Manual,First,19.81,1086,68.05,5.0,4.01,HYUNDAI,I10 ERA
5434,2019,13913,Petrol,Manual,First,17.5,1199,88.7,5.0,8.2,HONDA,WR-V EDGE EDITION I-VTEC S
5435,2014,71000,Diesel,Manual,Second,25.1,1498,98.6,5.0,6.2,HONDA,CITY I DTEC VX
5436,2012,97000,Diesel,Automatic,First,11.5,2982,169,7.0,16.75,TOYOTA,FORTUNER 4X2 4 SPEED AT
5437,2017,21000,Diesel,Automatic,First,16.0,2179,140,7.0,16.5,MAHINDRA,XUV500 AT W10 FWD
5438,2007,116000,Diesel,Manual,Third,10.9,2499,,7.0,3.75,FORD,ENDEAVOUR XLT TDCI 4X4
5439,2012,110438,Diesel,Manual,First,20.0,1399,68.05,5.0,3.5,FORD,FIGO DIESEL ZXI
5440,2017,66507,Petrol,Automatic,Second,19.0,1199,88.7,5.0,5.43,HONDA,JAZZ 1.2 V CVT I VTEC
5441,2017,54650,Diesel,Automatic,First,10.91,3198,197,7.0,30.35,FORD,ENDEAVOUR 3.2 TITANIUM AT 4X4
5442,2014,32000,Petrol,Automatic,First,17.97,1498,99.6,5.0,7.99,NISSAN,SUNNY XL CVT
5443,2011,75378,Diesel,Manual,First,18.7,1896,66,5.0,3.59,SKODA,OCTAVIA AMBIENTE 1.9 TDI MT
5444,2012,82697,Diesel,Manual,First,25.44,936,57.6,5.0,1.9,CHEVROLET,BEAT DIESEL LT
5445,2009,135000,Petrol,Automatic,First,12.1,2362,164.7,5.0,4.7,TOYOTA,CAMRY W2 (AT)
5446,2012,149000,Diesel,Manual,First,19.01,1461,108.45,5.0,7.25,RENAULT,DUSTER 110PS DIESEL RXZ
5447,2016,26212,Diesel,Automatic,First,17.9,2143,136,5.0,24.46,MERCEDES-BENZ,GLA CLASS 200 D STYLE
5448,2014,23500,Petrol,Manual,Second,17.57,1193,88.7,5.0,3.9,TATA,ZEST REVOTRON 1.2T XMS
5449,2013,56127,Petrol,Manual,First,18.5,1197,80,5.0,5.15,HYUNDAI,I20 1.2 MAGNA
5450,2015,26000,Petrol,Automatic,First,21.5,1197,81.80,5.0,3.65,MARUTI,WAGON R VXI AMT1.2
5451,2016,26000,Diesel,Manual,First,25.4,1186,73.97,5.0,5.0,HYUNDAI,XCENT 1.2 CRDI S
5452,2009,42000,Petrol,Manual,First,17.0,1497,118,5.0,2.3,HONDA,CITY 1.5 S MT
5453,2001,130000,Petrol,Manual,Second,13.2,1495,94,5.0,0.75,HYUNDAI,ACCENT GLE
5454,2009,137148,Petrol,Manual,Second,13.9,1599,103.2,5.0,1.85,HYUNDAI,VERNA XI (PETROL)
5455,2010,114703,Petrol,Manual,First,15.6,1196,70,5.0,1.8,FORD,FIGO PETROL ZXI
5456,2014,97439,Diesel,Manual,First,25.8,1498,98.6,5.0,4.41,HONDA,AMAZE S I-DTECH
5457,2006,40000,Petrol,Manual,First,18.9,998,67.1,5.0,2.0,MARUTI,WAGON R LX BSII
5458,2014,81609,Diesel,Manual,First,17.8,1248,,5.0,5.55,MARUTI,SWIFT VDI BSIV
5459,2014,28000,Diesel,Automatic,First,13.0,2987,258,5.0,31.75,MERCEDES-BENZ,E-CLASS FACELIFT
5460,2015,37500,Diesel,Automatic,First,17.68,1968,174.33,5.0,32.0,AUDI,A6 2011-2015 35 TDI TECHNOLOGY
5461,2010,37000,Diesel,Automatic,First,13.5,2987,282,5.0,21.0,MERCEDES-BENZ,S CLASS 2005 2013 S 350 CDI
5462,2010,83000,Diesel,Manual,First,19.3,1248,73.9,5.0,2.75,MARUTI,SWIFT DZIRE LDI
5463,2005,79012,Petrol,Manual,First,13.4,1794,125,5.0,2.64,TOYOTA,COROLLA H2
5464,2018,27395,Diesel,Manual,First,15.4,2179,120,7.0,14.19,MAHINDRA,SCORPIO S10 7 SEATER
5465,2017,35362,Petrol,Manual,First,22.5,998,67.04,5.0,3.85,MARUTI,WAGON R VXI
5466,2014,117000,Diesel,Manual,First,13.0,2982,168.5,7.0,15.5,TOYOTA,FORTUNER 4X2 MANUAL
5467,2010,23000,Petrol,Manual,First,18.2,1061,64,5.0,1.9,MARUTI,ZEN ESTILO 1.1 LX BSIII
5468,2014,59508,Petrol,Manual,First,25.4,624,37.48,4.0,1.26,TATA,NANO CX
5469,2009,69000,Petrol,Manual,Second,18.5,1197,80,5.0,2.4,HYUNDAI,I20 MAGNA
5470,2010,58000,Diesel,Automatic,First,22.69,1995,190,5.0,11.5,BMW,3 SERIES 320D
5471,2014,88511,Diesel,Manual,First,16.0,2179,140,7.0,8.25,MAHINDRA,XUV500 W6 2WD
5472,2011,66000,Petrol,Manual,First,15.8,1598,105,5.0,2.75,VOLKSWAGEN,VENTO IPL II PETROL TRENDLINE
5473,2009,65000,Petrol,Manual,Second,17.5,1198,70,5.0,1.4,SKODA,FABIA 1.2 MPI CLASSIC
5474,2015,30676,Petrol,Manual,First,25.4,624,37.5,4.0,2.9,TATA,NANO TWIST XT
5475,2011,76000,Diesel,Manual,First,20.0,1399,68,5.0,2.4,FORD,FIGO DIESEL EXI
5476,2013,23627,Petrol,Automatic,First,14.8,1598,105,5.0,4.75,VOLKSWAGEN,VENTO IPL II PETROL HIGHLINE AT
5477,2018,52827,Diesel,Automatic,First,12.7,2179,187.7,5.0,44.76,LAND,ROVER RANGE ROVER HSE DYNAMIC
5478,2015,64465,Diesel,Manual,First,26.0,1498,98.6,5.0,6.22,HONDA,CITY I DTEC SV
5479,2018,14000,Petrol,Automatic,First,22.5,999,67,5.0,4.5,RENAULT,KWID CLIMBER 1.0 AMT
5480,2015,26000,Petrol,Manual,First,18.9,1197,82,5.0,4.25,HYUNDAI,GRAND I10 ASTA OPTION
5481,2011,78203,Diesel,Automatic,First,18.1,1991,147.9,4.0,5.5,CHEVROLET,CRUZE LTZ AT
5482,2017,27000,Diesel,Manual,First,22.54,1396,88.73,5.0,6.95,HYUNDAI,I20 1.4 ASTA
5483,2018,31919,Petrol,Automatic,First,24.07,998,67.1,5.0,4.56,MARUTI,ALTO K10 VXI AGS
5484,2016,47392,Diesel,Manual,First,20.5,1582,126.2,5.0,13.82,HYUNDAI,CRETA 1.6 SX OPTION DIESEL
5485,2016,17362,Petrol,Manual,First,18.0,1198,86.7,5.0,5.65,HONDA,AMAZE VX I-VTECH
5486,2016,49716,Diesel,Manual,First,21.19,1396,88.73,5.0,6.2,HYUNDAI,I20 ACTIVE 1.4 SX DUAL TONE
5487,2014,48000,Petrol,Manual,First,23.1,998,67.04,5.0,3.25,MARUTI,CELERIO VXI
5488,2009,46000,Diesel,Automatic,First,16.55,1968,147.51,5.0,8.5,AUDI,A4 2.0 TDI
5489,2016,79000,Diesel,Manual,First,24.8,1396,88.7,5.0,7.25,HYUNDAI,VERNA 1.4 CRDI
5490,2013,57000,Diesel,Manual,First,21.8,1461,78,5.0,4.61,RENAULT,FLUENCE DIESEL E4
5491,2016,29754,Petrol,Manual,First,16.2,1199,74,5.0,5.3,VOLKSWAGEN,POLO 1.2 MPI HIGHLINE
5492,2012,50123,Diesel,Manual,First,17.0,1405,70,5.0,1.9,TATA,INDIGO LX
5493,2012,57184,Petrol,Manual,First,20.36,1197,78.9,5.0,3.09,HYUNDAI,I10 SPORTZ
5494,2007,75000,Diesel,Automatic,Second,16.46,2993,258,5.0,9.5,BMW,7 SERIES 730LD SEDAN
5495,2015,26000,Diesel,Automatic,First,17.01,1582,126.2,5.0,12.65,HYUNDAI,CRETA 1.6 CRDI AT SX PLUS
5496,2016,22129,Petrol,Manual,First,18.9,1197,82,5.0,4.25,HYUNDAI,GRAND I10 MAGNA
5497,2011,127887,Diesel,Manual,First,21.1,1248,73.9,5.0,2.95,MARUTI,RITZ VDI
5498,2006,92000,Diesel,Manual,First,10.5,2179,120,8.0,3.45,MAHINDRA,SCORPIO 2.6 SLX CRDE
5499,2011,60634,Petrol,Manual,First,19.81,1086,68.05,5.0,3.3,HYUNDAI,I10 ERA
5500,2014,90000,Diesel,Manual,First,14.0,2179,138.1,7.0,8.0,TATA,SAFARI STORME 2012-2015 VX
5501,2009,59000,Petrol,Manual,First,13.5,1799,130,5.0,2.71,HONDA,CIVIC 2006-2010 1.8 V MT
5502,2012,59293,Petrol,Manual,First,18.2,998,67.1,5.0,2.7,MARUTI,ZEN ESTILO LXI BSIII
5503,2012,80753,Diesel,Manual,Second,23.4,1248,74,5.0,4.5,MARUTI,SWIFT DZIRE VDI
5504,2015,40000,Diesel,Manual,Second,13.0,2982,168.5,7.0,18.75,TOYOTA,FORTUNER 4X2 MANUAL
5505,2014,103000,Diesel,Manual,Second,28.4,1248,74,5.0,5.25,MARUTI,SWIFT VDI
5506,2012,72389,LPG,Manual,First,26.2,998,58.2,5.0,3.2,MARUTI,WAGON R DUO LX BSIII
5507,2017,48000,Diesel,Manual,First,28.4,1248,73.75,5.0,6.0,MARUTI,DZIRE LDI
5508,2014,41000,Petrol,Manual,First,18.9,1197,82,5.0,3.14,HYUNDAI,GRAND I10 ASTA
5509,2016,26000,Petrol,Manual,First,25.17,799,53.3,5.0,2.55,RENAULT,KWID RXL
5510,2012,30000,Petrol,Manual,Second,15.64,1193,64.08,5.0,2.3,TATA,INDIGO CS EGLX BS IV
5511,2014,74624,Diesel,Manual,First,20.0,1399,68.05,5.0,5.65,FORD,FIGO DIESEL TITANIUM
5512,2015,47877,Diesel,Automatic,First,15.15,2967,240,5.0,48.22,PORSCHE,CAYENNE 2009-2014 DIESEL
5513,2016,35000,Petrol,Manual,First,24.07,998,67.1,5.0,3.0,MARUTI,ALTO K10 VXI
5514,2015,52123,Diesel,Manual,First,20.34,1498,103.2,5.0,7.5,VOLKSWAGEN,VENTO 1.5 TDI HIGHLINE
5515,2005,90000,Diesel,Manual,First,10.5,2179,120,8.0,2.6,MAHINDRA,SCORPIO 2.6 SLX CRDE
5516,2018,1400,Diesel,Automatic,First,18.56,1995,190,5.0,61.25,BMW,X3 XDRIVE 20D LUXURY LINE
5517,2009,122000,Petrol,Manual,Second,17.0,1497,118,5.0,3.5,HONDA,CITY 1.5 V MT
5518,2016,21110,Petrol,Automatic,First,17.44,1998,189.08,4.0,28.95,MINI,COOPER 3 DOOR S
5519,2015,78000,Diesel,Automatic,First,13.5,2477,175.56,6.0,15.0,MITSUBISHI,PAJERO SPORT 4X4 AT
5520,2012,72000,Diesel,Manual,First,19.3,1248,73.9,5.0,4.25,MARUTI,SWIFT DZIRE VDI
5521,2006,48000,Petrol,Automatic,First,8.6,5998,552,4.0,59.0,BENTLEY,CONTINENTAL FLYING SPUR
5522,2013,43486,Diesel,Manual,First,20.77,1248,88.76,7.0,6.6,MARUTI,ERTIGA VDI
5523,2007,199000,Diesel,Manual,Second,12.8,2494,102,7.0,5.2,TOYOTA,INNOVA 2.5 G4 DIESEL 7-SEATER
5524,2010,34000,Petrol,Manual,First,11.7,1796,178,5.0,10.0,MERCEDES-BENZ,NEW C-CLASS C 200 KOMPRESSOR ELEGANCE MT
5525,2016,37944,Diesel,Automatic,First,14.84,2143,167.62,5.0,35.0,MERCEDES-BENZ,NEW C-CLASS C 220 CDI BE AVANTGARE
5526,2017,30000,Diesel,Manual,First,22.7,1498,89.84,5.0,8.75,FORD,ECOSPORT 1.5 DV5 MT TITANIUM OPTIONAL
5527,2015,64005,Petrol,Manual,First,17.71,1197,78.9,5.0,4.57,TOYOTA,ETIOS LIVA 1.2 G
5528,2012,62000,Petrol,Manual,First,20.36,1197,78.9,5.0,2.5,HYUNDAI,I10 MAGNA 1.2
5529,2005,105000,Petrol,Manual,First,0.0,999,,5.0,1.75,HYUNDAI,SANTRO LP - EURO II
5530,2014,59885,Diesel,Automatic,First,12.39,2179,147.51,5.0,20.11,LAND,ROVER FREELANDER 2 SE
5531,2011,144471,Diesel,Manual,First,12.8,2494,102,8.0,7.8,TOYOTA,INNOVA 2.5 V DIESEL 8-SEATER
5532,2011,63991,Petrol,Manual,First,18.5,1197,80,5.0,3.61,HYUNDAI,I20 1.2 MAGNA
5533,2007,72000,Petrol,Manual,Second,17.0,1086,,5.0,1.11,HYUNDAI,SANTRO XING XO ERLX EURO II
5534,2015,34895,Petrol,Automatic,First,19.15,1198,75.94,5.0,4.6,NISSAN,MICRA XV CVT
5535,2015,97003,Diesel,Automatic,First,15.87,2993,308.43,5.0,85.0,BMW,X6 XDRIVE 40D M SPORT
5536,2015,45000,Petrol,Automatic,First,16.8,1497,118,5.0,5.25,HONDA,CITY 1.5 V AT
5537,2013,45000,Diesel,Manual,Second,25.8,1498,98.6,5.0,3.3,HONDA,AMAZE E I-DTECH
5538,2013,100000,Diesel,Manual,Second,11.5,2982,171,7.0,17.75,TOYOTA,FORTUNER 3.0 DIESEL
5539,2016,70000,Diesel,Automatic,First,12.97,2179,187.7,5.0,35.0,LAND,ROVER DISCOVERY SPORT SD4 HSE LUXURY
5540,2016,37023,Diesel,Manual,First,19.67,1582,126.2,5.0,13.39,HYUNDAI,CRETA 1.6 CRDI SX
5541,2012,81000,Diesel,Manual,First,25.44,936,56.3,5.0,2.5,CHEVROLET,BEAT DIESEL LT
5542,2017,20789,Diesel,Automatic,First,11.36,2755,171.5,7.0,18.36,TOYOTA,INNOVA CRYSTA 2.8 GX AT
5543,2015,68310,Diesel,Manual,First,23.4,1248,74,5.0,5.95,MARUTI,SWIFT DZIRE VDI
5544,2015,47250,Diesel,Manual,Second,19.67,1582,126.2,5.0,11.0,HYUNDAI,CRETA 1.6 CRDI SX OPTION
5545,2014,47000,Diesel,Automatic,Second,12.65,2993,255,5.0,64.75,LAND,ROVER RANGE ROVER SPORT SE
5546,2017,128000,Diesel,Manual,First,25.8,1498,98.6,5.0,6.3,HONDA,AMAZE VX I-DTEC
5547,2017,17702,Petrol,Manual,First,15.29,1591,121.3,5.0,11.94,HYUNDAI,CRETA 1.6 SX PLUS DUAL TONE PETROL
5548,2014,34987,Petrol,Automatic,First,18.19,1197,103.5,5.0,5.95,VOLKSWAGEN,VENTO SPORT 1.2 TSI AT
5549,2017,37000,Diesel,Manual,First,26.0,1498,98.6,5.0,11.0,HONDA,CITY I DTEC VX
5550,2017,38271,Petrol,Manual,First,15.29,1591,121.3,5.0,12.53,HYUNDAI,CRETA 1.6 SX PLUS DUAL TONE PETROL
5551,2012,32510,Diesel,Manual,Second,20.0,1399,68,5.0,3.75,FORD,FIGO DIESEL TITANIUM
5552,2014,88000,Diesel,Automatic,First,14.69,2993,258,5.0,27.0,BMW,5 SERIES 2013-2017 530D M SPORT
5553,2012,116000,Diesel,Manual,First,10.5,2835,107.2,6.0,9.95,MITSUBISHI,PAJERO 2.8 SFX 7STR
5554,2013,156000,Diesel,Manual,First,19.87,1461,83.8,5.0,4.2,RENAULT,DUSTER 85PS DIESEL RXL OPTION
5555,2010,75319,Petrol,Manual,Second,21.1,1197,85.80,5.0,2.0,MARUTI,RITZ VXI
5556,2013,28000,Petrol,Manual,First,18.9,1197,82,5.0,3.25,HYUNDAI,GRAND I10 SPORTZ
5557,2017,16500,Diesel,Automatic,First,17.9,2143,136,5.0,34.0,MERCEDES-BENZ,GLA CLASS 200 CDI SPORT
5558,2016,75637,Diesel,Automatic,First,22.48,1995,190,5.0,30.37,BMW,5 SERIES 520D LUXURY LINE
5559,2018,32854,Petrol,Automatic,First,13.0,1591,121.3,5.0,12.6,HYUNDAI,CRETA 1.6 SX PLUS PETROL AUTOMATIC
5560,2019,6568,Petrol,Manual,First,25.17,799,53.3,5.0,5.09,RENAULT,KWID RXT OPTIONAL
5561,2014,30000,Diesel,Automatic,First,14.94,2967,241.4,5.0,24.5,AUDI,A4 3.0 TDI QUATTRO
5562,2018,17804,Diesel,Manual,Second,28.09,1248,88.5,5.0,7.97,MARUTI,CIAZ VDI SHVS
5563,2011,69768,Petrol,Manual,First,16.0,1198,90,5.0,2.9,HONDA,JAZZ S
5564,2016,62404,Diesel,Automatic,First,22.69,1995,190,5.0,21.33,BMW,3 SERIES 320D LUXURY LINE
5565,2012,97000,Diesel,Automatic,Second,19.08,1582,126.32,5.0,6.5,HYUNDAI,VERNA SX CRDI AT
5566,2016,55687,Diesel,Manual,First,21.38,1396,88.7,5.0,12.15,HYUNDAI,CRETA 1.4 CRDI S PLUS
5567,2014,17000,Petrol,Manual,First,15.04,1598,103.2,5.0,4.25,VOLKSWAGEN,VENTO 2013-2015 1.6 COMFORTLINE
5568,2017,34232,Diesel,Automatic,First,21.76,1995,190,5.0,35.84,BMW,3 SERIES LUXURY LINE
5569,2004,135000,Petrol,Automatic,Third,14.4,1997,152,5.0,3.0,HONDA,CR-V PETROL 2WD
5570,2012,80000,Diesel,Manual,First,19.72,1461,108.45,5.0,6.75,RENAULT,DUSTER 110PS DIESEL RXZ AWD
5571,2014,31045,Petrol,Manual,Second,18.6,1197,81.83,5.0,5.65,HYUNDAI,I20 ASTA 1.2
5572,2013,58000,Diesel,Automatic,Second,16.96,1968,138.03,5.0,7.5,VOLKSWAGEN,JETTA 2013-2015 2.0L TDI HIGHLINE AT
5573,2018,35480,Diesel,Manual,First,19.67,1582,126.2,5.0,13.34,HYUNDAI,CRETA 1.6 SX PLUS DIESEL
5574,2016,62287,Diesel,Manual,First,28.09,1248,88.5,5.0,7.9,MARUTI,CIAZ VDI SHVS
5575,2015,46162,Diesel,Manual,First,22.54,1396,88.73,5.0,6.98,HYUNDAI,I20 ASTA 1.4 CRDI
5576,2014,9200,Petrol,Manual,First,17.01,1591,121.3,5.0,5.75,HYUNDAI,VERNA 1.6 SX VTVT
5577,2012,55339,Diesel,Manual,First,22.07,1199,73.9,5.0,2.65,VOLKSWAGEN,POLO DIESEL TRENDLINE 1.2L
5578,2011,55476,Diesel,Manual,First,22.07,1199,73.9,5.0,2.49,VOLKSWAGEN,POLO DIESEL TRENDLINE 1.2L
5579,2007,68553,Petrol,Manual,Second,15.0,1586,104.68,5.0,1.5,MARUTI,SX4 VXI BSIII
5580,2016,67376,Diesel,Manual,First,24.5,1498,98.6,7.0,6.5,HONDA,MOBILIO RS OPTION I DTEC
5581,2013,42000,Diesel,Manual,First,19.64,1461,108.45,5.0,8.0,RENAULT,DUSTER 110PS DIESEL RXZ PLUS
5582,2019,28069,Diesel,Automatic,First,12.9,2755,174.5,7.0,30.85,TOYOTA,FORTUNER 2.8 2WD AT
5583,2014,93144,Diesel,Automatic,First,14.7,1984,181,5.0,17.15,VOLVO,XC60 D4 SUMMUM
5584,2014,24300,Petrol,Automatic,First,23.1,998,67.04,5.0,4.55,MARUTI,CELERIO VXI AT
5585,2015,47883,Diesel,Manual,Second,26.21,1248,88.5,5.0,7.4,MARUTI,CIAZ ZDI PLUS
5586,2013,12467,Diesel,Automatic,First,12.8,1968,167.6,5.0,25.64,AUDI,Q5 2008-2012 2.0 TDI
5587,2013,56683,Diesel,Automatic,Second,17.05,1995,184,5.0,13.5,BMW,X1 SDRIVE 20D SPORTLINE
5588,2013,38000,Petrol,Manual,First,15.6,1196,70,5.0,3.55,FORD,FIGO PETROL ZXI
5589,2018,35000,Diesel,Manual,First,22.7,1582,126.2,5.0,15.0,HYUNDAI,ELANTRA CRDI SX
5590,2007,80000,Petrol,Manual,Second,13.9,1599,103.2,5.0,1.95,HYUNDAI,VERNA 1.6 I ABS
5591,2006,125000,Petrol,Manual,Second,13.5,1799,130,5.0,2.3,HONDA,CIVIC 2006-2010 1.8 S MT
5592,2013,123000,Diesel,Manual,Second,12.55,2982,168.5,7.0,15.0,TOYOTA,FORTUNER 4X4 MT
5593,2012,70000,Petrol,Manual,First,20.36,1197,78.9,5.0,3.15,HYUNDAI,I10 SPORTZ
5594,2012,87982,Diesel,Manual,First,21.64,1461,84.8,5.0,5.0,NISSAN,SUNNY 2011-2014 DIESEL XL
5595,2013,40714,Diesel,Automatic,Second,18.12,1995,190,5.0,24.75,BMW,5 SERIES 2013-2017 520D LUXURY LINE
5596,2008,83000,Diesel,Manual,Second,16.52,1991,123.7,5.0,2.6,CHEVROLET,OPTRA MAGNUM 2.0 LT
5597,2011,86000,Petrol,Manual,First,20.36,1197,78.9,5.0,3.75,HYUNDAI,I10 ASTA
5598,2009,60002,Diesel,Manual,Second,17.5,1896,106,5.0,4.85,SKODA,LAURA AMBIENTE
5599,2013,60000,Diesel,Automatic,First,10.0,2148,170,5.0,27.0,MERCEDES-BENZ,E-CLASS 2009-2013 E 220 CDI AVANTGARDE
5600,2014,84677,Diesel,Manual,First,25.8,1498,98.6,5.0,3.0,HONDA,AMAZE SX I-DTEC
5601,2017,23000,Diesel,Automatic,First,20.68,1995,190,5.0,28.75,BMW,X1 XDRIVE 20D XLINE
5602,2016,81424,Diesel,Manual,First,12.99,2494,100.6,8.0,14.49,TOYOTA,INNOVA 2.5 G (DIESEL) 8 SEATER
5603,2013,36400,Diesel,Automatic,First,7.5,4806,394.3,4.0,72.0,PORSCHE,PANAMERA 2010 2013 DIESEL
5604,2012,70000,Diesel,Manual,Second,22.71,1461,84.8,5.0,4.0,NISSAN,SUNNY XV D
5605,2015,40000,Diesel,Manual,Second,26.59,1248,74,5.0,4.5,MARUTI,SWIFT DZIRE LDI
5606,2019,600,Petrol,Automatic,First,21.5,1197,81.80,5.0,6.25,MARUTI,WAGON R ZXI AMT 1.2
5607,2015,65320,Diesel,Automatic,Second,16.96,1968,138.03,5.0,11.5,VOLKSWAGEN,JETTA 2013-2015 2.0L TDI HIGHLINE AT
5608,2009,79000,Petrol,Manual,Third,9.8,2354,180,5.0,3.1,HONDA,ACCORD 2.4 INSPIRE M/T
5609,2018,5000,Petrol,Manual,First,17.8,1497,117.3,5.0,10.11,HONDA,CITY I VTEC V
5610,2019,6028,Petrol,Manual,First,17.01,1591,121.3,5.0,11.54,HYUNDAI,VERNA 1.6 SX VTVT
5611,2006,86000,Petrol,Manual,Second,18.9,998,67.1,5.0,1.0,MARUTI,WAGON R LX BSII
5612,2013,160000,Diesel,Manual,Second,23.4,1248,74,5.0,2.5,MARUTI,SWIFT DZIRE TOUR LDI
5613,2011,59967,Petrol,Automatic,First,9.74,1984,208,5.0,18.0,AUDI,Q5 2008-2012 2.0 TFSI QUATTRO
5614,2018,43127,Diesel,Manual,First,23.59,1364,67.04,5.0,6.85,TOYOTA,ETIOS CROSS 1.4 GD
5615,2012,65727,Petrol,Manual,First,19.81,1086,68.05,5.0,2.97,HYUNDAI,I10 ERA 1.1 ITECH SE
5616,2013,70000,Petrol,Manual,First,17.01,1591,121.3,5.0,4.75,HYUNDAI,VERNA 1.6 VTVT
5617,2018,39861,Diesel,Manual,First,20.14,1498,88.8,5.0,7.38,VOLKSWAGEN,POLO 1.5 TDI HIGHLINE
5618,2017,16485,Diesel,Automatic,First,22.48,1995,187.74,5.0,42.75,BMW,5 SERIES 520D SPORT LINE
5619,2010,77332,Diesel,Manual,Second,23.0,1396,90,5.0,3.65,HYUNDAI,I20 1.4 ASTA OPTIONAL WITH SUNROOF
5620,2017,17489,Petrol,Automatic,First,18.9,1197,82,5.0,5.99,HYUNDAI,GRAND I10 ASTA OPTION AT
5621,2012,125000,Diesel,Automatic,First,11.5,2982,169,7.0,13.5,TOYOTA,FORTUNER 4X2 4 SPEED AT
5622,2016,35129,Petrol,Automatic,First,21.4,1197,83.1,5.0,7.0,MARUTI,BALENO ZETA AUTOMATIC
5623,2016,22982,Petrol,Automatic,First,13.0,1591,121.3,5.0,10.95,HYUNDAI,CRETA 1.6 SX PLUS PETROL AUTOMATIC
5624,2013,54500,Petrol,Manual,Third,20.36,1197,78.9,5.0,2.95,HYUNDAI,I10 SPORTZ
5625,2017,16235,Diesel,Manual,First,24.7,1047,69,5.0,5.5,TATA,TIGOR XE DIESEL
5626,2017,73641,Petrol,Automatic,First,14.67,1798,177.46,5.0,17.08,SKODA,SUPERB STYLE 1.8 TSI AT
5627,2015,59572,Diesel,Manual,First,26.59,1248,74,5.0,6.85,MARUTI,SWIFT DZIRE VDI
5628,2014,112827,Petrol,Automatic,First,13.1,1997,141.1,5.0,10.5,HONDA,CR-V 2.0 AT
5629,2010,118000,Diesel,Manual,First,12.8,2494,102,8.0,8.75,TOYOTA,INNOVA 2.5 G (DIESEL) 8 SEATER BS IV
5630,2010,60000,Petrol,Manual,First,17.0,1497,118,5.0,2.7,HONDA,CITY 1.5 V MT
5631,2012,75059,Petrol,Automatic,First,17.0,1591,121.3,5.0,4.25,HYUNDAI,VERNA VTVT 1.6 AT SX PLUS
5632,2018,3000,Diesel,Manual,First,23.59,1364,67.04,5.0,7.9,TOYOTA,ETIOS 1.4 VXD
5633,2011,78000,Petrol,Automatic,Second,13.7,1798,157.75,5.0,4.5,SKODA,SUPERB ELEGANCE 1.8 TSI AT
5634,2012,47000,Diesel,Manual,First,21.64,1461,84.8,5.0,4.0,NISSAN,SUNNY 2011-2014 DIESEL XV
5635,2012,42000,Petrol,Manual,First,17.0,1497,118,5.0,4.75,HONDA,CITY 1.5 V MT EXCLUSIVE
5636,2018,6820,Diesel,Manual,First,22.54,1396,88.76,5.0,7.65,HYUNDAI,ELITE I20 DIESEL ASTA OPTION
5637,2013,55176,Petrol,Manual,Second,17.4,1599,104,5.0,3.47,CHEVROLET,OPTRA 1.6 LT ROYALE
5638,2016,39854,Petrol,Manual,First,18.0,1198,86.7,5.0,5.64,HONDA,AMAZE S I-VTECH
5639,2013,24000,Petrol,Manual,First,16.47,1198,73.9,5.0,2.95,VOLKSWAGEN,POLO PETROL COMFORTLINE 1.2L
5640,2016,55000,Diesel,Manual,First,22.9,1248,74,5.0,5.65,MARUTI,SWIFT VDI
5641,2012,45840,Diesel,Automatic,First,11.4,2953,153.86,7.0,8.41,FORD,ENDEAVOUR 3.0L 4X4 AT
5642,2006,155000,Petrol,Manual,Third,15.4,1590,94,5.0,0.85,MARUTI,BALENO LXI
5643,2003,125000,Petrol,Manual,Second,18.9,998,67.1,5.0,0.8,MARUTI,WAGON R LX
5644,2014,52951,Diesel,Manual,First,20.14,1498,88,5.0,5.65,VOLKSWAGEN,POLO 1.5 TDI HIGHLINE
5645,2013,49000,Petrol,Manual,First,17.1,1591,121.3,5.0,4.5,HYUNDAI,VERNA 1.6 SX VTVT (O)
5646,2015,52000,Diesel,Manual,First,28.09,1248,88.5,5.0,6.9,MARUTI,CIAZ ZDI PLUS SHVS
5647,2001,227000,Diesel,Manual,Fourth & Above,0.0,2446,,8.0,2.2,TOYOTA,QUALIS FLEET A3
5648,2013,120005,Diesel,Manual,First,21.64,1461,84.8,5.0,4.0,NISSAN,SUNNY 2011-2014 DIESEL XL
5649,2015,33000,Petrol,Manual,First,15.0,1598,103.52,5.0,5.6,SKODA,RAPID 1.6 MPI AMBITION WITH ALLOY WHEEL
5650,2016,126000,Petrol,Manual,First,15.1,1196,73,7.0,2.2,MARUTI,EECO 7 SEATER STANDARD
5651,2013,66700,Petrol,Manual,First,15.0,1598,103.5,5.0,4.0,SKODA,RAPID ULTIMA 1.6 MPI AMBITION PLUS
5652,2014,122000,Diesel,Manual,Second,12.55,2982,168.5,7.0,16.0,TOYOTA,FORTUNER 4X4 MT
5653,2016,29000,Diesel,Manual,First,19.67,1582,126.2,5.0,12.6,HYUNDAI,CRETA 1.6 CRDI SX
5654,2014,42315,Petrol,Manual,First,18.5,1197,82.9,5.0,4.79,HYUNDAI,I20 MAGNA OPTIONAL 1.2
5655,2015,22001,CNG,Manual,First,26.6,998,58.16,5.0,3.65,MARUTI,WAGON R LXI CNG
5656,2016,84580,Diesel,Manual,First,26.0,1498,98.6,5.0,6.83,HONDA,CITY I DTEC V
5657,2002,75000,Petrol,Manual,First,16.1,796,37,4.0,0.51,MARUTI,800 STD
5658,2006,85000,Petrol,Manual,Second,13.8,1299,70,5.0,0.69,FORD,IKON 1.3 FLAIR
5659,2015,24296,Petrol,Manual,First,20.85,1197,83.14,5.0,4.65,MARUTI,SWIFT DZIRE LXI
5660,2014,40000,Petrol,Manual,First,16.8,1497,116.3,5.0,6.49,HONDA,CITY 1.5 V MT SUNROOF
5661,2009,64514,Diesel,Manual,First,16.8,1493,110,5.0,2.9,HYUNDAI,VERNA CRDI
5662,2016,35000,Petrol,Manual,First,17.01,1591,121.3,5.0,7.4,HYUNDAI,VERNA 1.6 SX VTVT
5663,2016,41000,Petrol,Manual,Second,25.17,799,53.3,5.0,3.25,RENAULT,KWID RXT
5664,2008,60123,Petrol,Manual,Second,18.9,998,67.1,5.0,1.95,MARUTI,WAGON R LXI
5665,2015,53000,Petrol,Manual,Second,18.9,1197,82,5.0,4.0,HYUNDAI,GRAND I10 SPORTZ
5666,2017,9000,Petrol,Manual,First,18.6,1197,81.83,5.0,6.85,HYUNDAI,I20 1.2 ASTA
5667,2015,53497,Petrol,Manual,First,18.0,1198,86.7,5.0,5.45,HONDA,AMAZE S I-VTECH
5668,2007,68000,Diesel,Manual,First,17.8,1399,68,5.0,1.99,FORD,FIESTA 1.4 DURATORQ ZXI
5669,2014,65000,Diesel,Automatic,First,19.08,1582,126.32,5.0,8.99,HYUNDAI,VERNA SX CRDI AT
5670,2014,45155,Diesel,Manual,First,23.59,1364,67.04,5.0,6.5,TOYOTA,ETIOS VD SP
5671,2018,20026,Petrol,Automatic,First,19.0,1199,88.7,5.0,9.27,HONDA,JAZZ 1.2 V CVT I VTEC
5672,2015,60000,Diesel,Manual,First,23.9,1582,126.2,5.0,6.99,HYUNDAI,VERNA 1.6 CRDI SX
5673,2019,15976,Diesel,Automatic,First,17.9,2143,136,5.0,36.76,MERCEDES-BENZ,CLA 200 D SPORT EDITION
5674,2017,30523,Petrol,Automatic,First,14.7,1798,177.5,5.0,17.08,SKODA,OCTAVIA ELEGANCE 1.8 TSI AT
5675,2013,26300,Diesel,Manual,First,25.44,936,57.6,5.0,2.8,CHEVROLET,BEAT DIESEL LS
5676,2011,66000,Diesel,Manual,First,22.07,1199,73.9,5.0,2.49,VOLKSWAGEN,POLO DIESEL TRENDLINE 1.2L
5677,2016,70000,Diesel,Manual,First,23.65,1248,88.5,5.0,8.85,MARUTI,SX4 S CROSS DDIS 200 ZETA
5678,2011,46000,Petrol,Manual,First,16.8,1497,116.3,5.0,4.15,HONDA,CITY V MT
5679,2017,28000,Diesel,Manual,First,20.64,1498,108.5,5.0,10.0,VOLKSWAGEN,VENTO 1.5 TDI HIGHLINE
5680,2017,46000,Petrol,Manual,First,18.9,1197,81.86,5.0,4.75,HYUNDAI,GRAND I10 1.2 KAPPA MAGNA
5681,2017,33000,Petrol,Automatic,First,24.04,999,67,5.0,3.2,RENAULT,KWID AMT RXL
5682,2017,27718,Petrol,Manual,First,22.74,796,47.3,5.0,3.28,MARUTI,ALTO 800 LXI
5683,2013,58000,Petrol,Manual,First,15.8,1499,110,5.0,7.5,FORD,ECOSPORT 1.5 TI VCT MT TITANIUM
5684,2018,33150,Petrol,Manual,First,21.4,1197,83.1,5.0,7.39,MARUTI,BALENO ZETA
5685,2013,77000,Diesel,Manual,First,23.2,1248,73.94,5.0,3.65,MARUTI,RITZ VDI
5686,2007,70000,Diesel,Automatic,First,11.0,2987,198.5,5.0,11.0,MERCEDES-BENZ,E-CLASS 280 CDI
5687,2012,97000,Diesel,Manual,First,23.2,1248,73.94,5.0,3.0,MARUTI,RITZ VDI
5688,2012,75300,Diesel,Manual,Second,25.44,936,57.6,5.0,2.25,CHEVROLET,BEAT DIESEL LT
5689,2010,69918,Petrol,Manual,First,15.5,1586,103.3,5.0,2.83,MARUTI,SX4 VXI BSIV
5690,2019,4721,Petrol,Manual,First,14.0,796,35,5.0,4.11,MARUTI,OMNI 5 SEATER BSIV
5691,2014,39163,Diesel,Manual,First,13.5,2477,178,7.0,14.7,MITSUBISHI,PAJERO SPORT ANNIVERSARY EDITION
5692,2013,80000,Petrol,Automatic,First,13.0,2987,210,5.0,25.0,MERCEDES-BENZ,S CLASS 2005 2013 S 300 L
5693,2015,66000,Diesel,Manual,First,25.44,936,56.3,5.0,2.35,CHEVROLET,BEAT DIESEL LS
5694,2017,36154,Diesel,Manual,Second,25.83,1498,99,5.0,6.41,FORD,FIGO 2015-2019 1.5D TITANIUM MT
5695,2012,34000,Petrol,Manual,First,17.4,1497,117.3,5.0,5.75,HONDA,CITY I-VTEC VX
5696,2016,60000,Diesel,Automatic,Second,17.9,2143,136,5.0,17.55,MERCEDES-BENZ,GLA CLASS 200 CDI SPORT
5697,2015,32000,Diesel,Manual,First,21.38,1396,88.7,5.0,10.25,HYUNDAI,CRETA 1.4 CRDI S PLUS
5698,2012,79985,Diesel,Manual,First,17.8,1399,67,5.0,3.16,FORD,FIESTA CLASSIC 1.4 DURATORQ CLXI
5699,2014,37600,Diesel,Automatic,Second,16.55,1968,147.51,5.0,22.5,AUDI,A4 2.0 TDI
5700,2015,31965,Petrol,Manual,First,19.81,1086,68.05,5.0,3.55,HYUNDAI,I10 MAGNA 1.1
5701,2010,70749,Petrol,Automatic,First,12.05,1995,154,5.0,9.86,BMW,3 SERIES 320I SEDAN
5702,2013,38000,Diesel,Automatic,First,16.46,2993,258,5.0,45.0,BMW,7 SERIES 730LD
5703,2017,41534,Petrol,Manual,First,17.01,1591,121.3,5.0,7.99,HYUNDAI,VERNA 1.6 SX VTVT
5704,2017,54455,Diesel,Automatic,First,22.0,1498,108.495,5.0,6.5,VOLKSWAGEN,AMEO 1.5 TDI COMFORTLINE AT
5705,2007,42000,Petrol,Manual,First,14.49,1399,92.7,5.0,0.75,CHEVROLET,AVEO 1.4 LS
5706,2018,52073,Diesel,Manual,Second,18.3,1991,147.9,5.0,9.87,CHEVROLET,CRUZE LTZ
5707,2018,40175,Diesel,Manual,Second,22.54,1396,88.73,5.0,6.36,HYUNDAI,I20 1.4 SPORTZ
5708,2017,16503,Petrol,Automatic,First,16.0,1497,117.3,7.0,9.5,HONDA,BRV I-VTEC V CVT
5709,2017,15029,Petrol,Manual,First,19.1,1197,82,5.0,6.05,HYUNDAI,XCENT 1.2 KAPPA SX
5710,2013,26200,CNG,Manual,First,30.46,796,47.3,5.0,2.15,MARUTI,ALTO 800 CNG LXI
5711,2015,76362,Diesel,Manual,First,24.0,1120,70,5.0,5.5,HYUNDAI,GRAND I10 CRDI SPORTZ
5712,2007,18700,Petrol,Manual,Second,19.7,796,46.3,5.0,1.25,MARUTI,ALTO LXI
5713,2015,67585,Diesel,Manual,First,12.99,2494,100.6,7.0,11.99,TOYOTA,INNOVA 2.5 VX (DIESEL) 7 SEATER
5714,2010,57000,Petrol,Automatic,Second,16.95,1197,78.9,5.0,2.5,HYUNDAI,I10 SPORTZ 1.2 AT
5715,2019,22321,Petrol,Automatic,First,18.0,1497,117.3,5.0,11.66,HONDA,CITY I-VTEC CVT V
5716,1998,95150,Petrol,Manual,Third,17.3,993,60,5.0,0.53,MARUTI,ZEN LX
5717,2015,36428,Petrol,Manual,First,20.51,998,67.04,5.0,3.1,MARUTI,WAGON R LXI BS IV
5718,2012,73500,Diesel,Manual,Second,20.0,1399,68,5.0,2.6,FORD,FIGO DIESEL TITANIUM
5719,2015,47234,Petrol,Manual,First,18.0,1198,86.7,5.0,5.09,HONDA,AMAZE S I-VTECH
5720,2008,62364,Petrol,Manual,First,13.2,1495,94,5.0,2.3,HYUNDAI,ACCENT GLE
5721,2012,89000,Diesel,Manual,First,22.32,1582,126.32,5.0,6.0,HYUNDAI,VERNA 1.6 SX CRDI (O)
5722,2013,58653,Diesel,Manual,First,25.2,1248,74,5.0,4.4,MARUTI,SWIFT ZDI
5723,2013,30000,Petrol,Automatic,Second,14.8,1595,120.7,5.0,11.0,MERCEDES-BENZ,B CLASS B180
5724,2014,64042,Diesel,Manual,First,17.3,1998,163.7,5.0,5.7,CHEVROLET,CRUZE LTZ
5725,2013,120000,Diesel,Automatic,First,20.0,1968,138.1,5.0,6.95,SKODA,LAURA AMBIENTE 2.0 TDI CR AT
5726,2014,90000,Diesel,Manual,First,12.05,2179,120,8.0,7.9,MAHINDRA,SCORPIO VLX 2WD BSIV
5727,2018,30733,Diesel,Automatic,First,20.68,1995,190,5.0,29.3,BMW,X1 XDRIVE 20D XLINE
5728,2009,43600,Petrol,Automatic,First,10.93,3498,272,5.0,10.24,MERCEDES-BENZ,E-CLASS 2009-2013 E350 PETROL
5729,2010,71473,Petrol,Automatic,Second,13.7,1798,157.75,5.0,5.35,SKODA,SUPERB ELEGANCE 1.8 TSI AT
5730,2014,39000,Petrol,Automatic,Second,16.5,1198,86.8,5.0,3.49,HONDA,BRIO VX AT
5731,2009,84045,Petrol,Manual,First,20.36,1197,78.9,5.0,2.85,HYUNDAI,I10 MAGNA 1.2
5732,2014,57004,Petrol,Manual,First,17.4,1497,117.3,5.0,5.35,HONDA,CITY I VTEC SV
5733,2012,75464,Petrol,Manual,First,15.6,1196,70,5.0,3.62,FORD,FIGO PETROL ZXI
5734,2006,142000,Diesel,Manual,First,12.8,2494,102,7.0,6.25,TOYOTA,INNOVA 2.5 G4 DIESEL 7-SEATER
5735,2012,118683,Diesel,Manual,Second,21.0,1461,64.1,5.0,3.19,MAHINDRA,VERITO 1.5 D6 BSIV
5736,2018,42000,Petrol,Manual,First,18.15,1198,82,6.0,5.5,MAHINDRA,KUV 100 G80 K8 DUAL TONE
5737,2019,12800,Petrol,Manual,First,18.6,1197,81.83,5.0,7.67,HYUNDAI,I20 SPORTZ OPTION 1.2
5738,2011,80000,Petrol,Manual,First,12.0,2092,127,7.0,5.5,TATA,NEW SAFARI EX 4X2
5739,2014,76126,Diesel,Manual,First,19.3,1248,73.9,5.0,6.6,MARUTI,SWIFT DZIRE VDI
5740,2017,21000,Diesel,Automatic,Second,15.97,2993,258,5.0,55.0,BMW,X5 XDRIVE 30D M SPORT
5741,2013,85000,Diesel,Automatic,First,17.68,1968,174.33,5.0,21.0,AUDI,A6 2011-2015 2.0 TDI PREMIUM PLUS
5742,2017,27000,Petrol,Manual,First,21.4,1197,83.1,5.0,4.5,MARUTI,BALENO DELTA 1.2
5743,2016,45794,Diesel,Automatic,First,13.01,2199,194.3,7.0,20.67,HYUNDAI,SANTA FE 4WD AT
5744,2013,57352,Diesel,Automatic,First,14.39,1998,163.7,5.0,6.5,CHEVROLET,CRUZE LTZ AT
5745,2018,41467,Diesel,Automatic,First,15.0,2143,204,5.0,37.98,MERCEDES-BENZ,E-CLASS 2015-2017 E250 EDITION E
5746,2009,42000,Petrol,Manual,First,17.92,1086,62.1,5.0,1.45,HYUNDAI,SANTRO XING GLS
5747,2014,62549,CNG,Manual,First,26.6,998,58.16,5.0,2.95,MARUTI,WAGON R LXI CNG
5748,2015,67048,Diesel,Manual,First,28.09,1248,88.5,5.0,7.9,MARUTI,CIAZ VDI PLUS SHVS
5749,2018,11732,Petrol,Manual,First,17.4,1497,117.3,5.0,10.07,HONDA,CITY I-VTEC V
5750,2016,37000,Diesel,Manual,First,20.45,1461,83.8,5.0,6.5,NISSAN,TERRANO XL PLUS ICC WT20 SE
5751,2015,30000,Diesel,Automatic,First,18.88,1995,184,5.0,22.0,BMW,3 SERIES 320D PRESTIGE
5752,2016,53000,Diesel,Manual,First,26.0,1498,98.6,5.0,9.75,HONDA,CITY I DTEC V
5753,2014,60000,Diesel,Manual,First,20.45,1461,83.8,5.0,6.0,NISSAN,TERRANO XL PLUS 85 PS
5754,2014,65000,Diesel,Manual,First,24.0,1120,70,5.0,3.99,HYUNDAI,GRAND I10 CRDI SPORTZ
5755,2008,51000,Petrol,Manual,First,17.0,1086,,5.0,1.75,HYUNDAI,SANTRO XING XL ERLX EURO III
5756,2015,92000,Diesel,Automatic,First,12.55,2982,168.5,7.0,19.75,TOYOTA,FORTUNER 4X2 AT
5757,2017,31000,Diesel,Manual,First,13.68,2393,147.8,7.0,16.95,TOYOTA,INNOVA CRYSTA 2.4 VX MT
5758,2017,43917,Petrol,Manual,First,21.4,1197,83.1,5.0,6.8,MARUTI,BALENO ZETA 1.2
5759,2007,46707,Petrol,Manual,First,17.0,1086,,5.0,0.99,HYUNDAI,SANTRO XING XL ERLX EURO III
5760,2013,84000,Petrol,Manual,First,19.81,1086,68.05,5.0,2.95,HYUNDAI,I10 SPORTZ 1.1L
5761,2015,55662,Diesel,Automatic,First,12.07,2967,241.4,7.0,42.83,AUDI,Q7 3.0 TDI QUATTRO PREMIUM PLUS
5762,2014,51000,Diesel,Automatic,First,27.03,1969,190,5.0,21.5,VOLVO,S60 D4 MOMENTUM
5763,2015,24398,Petrol,Manual,First,17.8,1497,117.3,5.0,7.9,HONDA,CITY I VTEC V
5764,2011,78000,Petrol,Manual,Second,20.92,998,67.1,5.0,2.3,MARUTI,ALTO K10 2010-2014 VXI
5765,2012,40315,Petrol,Manual,First,18.5,1198,86.8,5.0,2.75,HONDA,BRIO 1.2 S OPTION MT
5766,2011,83000,Diesel,Manual,First,12.05,2179,120,8.0,6.71,MAHINDRA,SCORPIO VLX 2WD AIRBAG BSIV
5767,2017,58151,Diesel,Automatic,First,19.6,1461,108.45,5.0,9.6,RENAULT,DUSTER 110PS DIESEL RXL AMT
5768,2017,30519,Diesel,Manual,First,19.67,1582,126.2,5.0,12.81,HYUNDAI,CRETA 1.6 CRDI SX
5769,2019,20712,Petrol,Manual,First,23.84,1199,84,5.0,6.94,TATA,TIAGO 1.2 REVOTRON XZ
5770,2015,48000,Diesel,Manual,First,16.0,2179,140,7.0,9.45,MAHINDRA,XUV500 W6 2WD
5771,2015,85000,Diesel,Manual,First,20.34,1498,103.2,5.0,6.0,VOLKSWAGEN,VENTO 1.5 TDI HIGHLINE
5772,2013,32000,Petrol,Automatic,First,14.8,1595,120.7,5.0,11.0,MERCEDES-BENZ,B CLASS B180
5773,2011,52000,Petrol,Manual,First,15.5,1586,103.3,5.0,2.6,MARUTI,SX4 VXI BSIV
5774,2007,58307,Petrol,Manual,First,15.3,1341,83,5.0,1.95,HYUNDAI,GETZ GLE
5775,2013,30000,Diesel,Automatic,First,17.54,2993,313,4.0,45.0,BMW,6 SERIES GRAN COUPE
5776,2014,40000,Diesel,Automatic,First,17.11,1968,174.33,5.0,22.0,AUDI,A4 2.0 TDI 177 BHP PREMIUM PLUS
5777,2015,36000,Petrol,Manual,First,18.6,1197,81.83,5.0,4.9,HYUNDAI,I20 ASTA OPTION 1.2
5778,2015,58817,Diesel,Manual,First,19.87,1461,83.14,5.0,6.25,NISSAN,TERRANO XL D OPTION
5779,2013,55000,Diesel,Manual,Second,20.54,1598,103.6,5.0,6.1,VOLKSWAGEN,VENTO KONEKT DIESEL HIGHLINE
5780,2011,39000,Petrol,Manual,First,20.36,1197,78.9,5.0,2.6,HYUNDAI,I10 SPORTZ
5781,2011,6500,Petrol,Automatic,Third,6.4,5204,560,2.0,120.0,LAMBORGHINI,GALLARDO COUPE
5782,2012,35000,Diesel,Automatic,First,14.74,2993,270.9,5.0,29.0,JAGUAR,XF 3.0 LITRE S PREMIUM LUXURY
5783,2010,49900,Petrol,Manual,Second,17.5,1298,85.8,5.0,3.3,MARUTI,SWIFT DZIRE VXI
5784,2013,99500,Diesel,Manual,Second,22.3,1248,74,5.0,3.05,TATA,INDICA VISTA QUADRAJET VX
5785,2012,33249,Diesel,Manual,First,21.27,1396,88.76,5.0,3.25,HYUNDAI,I20 ASTA 1.4 CRDI
5786,2014,52000,Petrol,Manual,First,19.1,1197,81.86,5.0,3.75,HYUNDAI,XCENT 1.2 KAPPA S OPTION
5787,2015,45000,Diesel,Manual,First,12.99,2494,100.6,7.0,13.25,TOYOTA,INNOVA 2.5 VX (DIESEL) 7 SEATER
5788,2017,22000,Petrol,Manual,First,23.84,1199,84,5.0,4.8,TATA,TIAGO 1.2 REVOTRON XZ
5789,2019,7858,Petrol,Manual,First,25.17,799,53.3,5.0,3.8,RENAULT,KWID RXL
5790,2011,112000,Diesel,Manual,First,12.8,2494,102,7.0,8.5,TOYOTA,INNOVA 2.5 V DIESEL 7-SEATER
5791,2016,41082,Diesel,Automatic,First,13.0,2143,204,5.0,38.76,MERCEDES-BENZ,E-CLASS 2015-2017 E250 CDI AVANTGARDE
5792,2009,72000,Petrol,Automatic,First,16.8,1497,116.4,5.0,3.2,HONDA,CITY 1.5 S AT
5793,2011,84912,Petrol,Manual,First,20.36,1197,78.9,5.0,3.5,HYUNDAI,I10 SPORTZ 1.2
5794,2015,70000,Diesel,Manual,First,19.67,1582,126.2,5.0,12.25,HYUNDAI,CRETA 1.6 CRDI SX OPTION
5795,2014,21000,Petrol,Manual,First,19.5,1199,86.76,5.0,4.75,HONDA,AMAZE VX PETROL
5796,2016,27000,Petrol,Manual,First,18.78,999,74,5.0,4.5,VOLKSWAGEN,POLO 1.2 MPI TRENDLINE
5797,2012,29000,Petrol,Manual,First,20.36,1197,78.9,5.0,2.35,HYUNDAI,I10 MAGNA 1.2
5798,2014,48425,Diesel,Manual,First,23.08,1461,63.12,5.0,3.4,RENAULT,PULSE RXL
5799,2016,19000,Diesel,Automatic,First,21.5,1498,108.5,5.0,10.0,VOLKSWAGEN,VENTO 1.5 TDI HIGHLINE AT
5800,2012,210000,Diesel,Manual,First,12.99,2494,100,7.0,9.0,TOYOTA,INNOVA 2.5 VX (DIESEL) 7 SEATER BS IV
5801,2013,64000,Petrol,Manual,Second,14.53,1798,138.1,5.0,5.2,TOYOTA,COROLLA ALTIS G
5802,2006,200000,Diesel,Manual,Second,16.8,1493,110,5.0,1.85,HYUNDAI,VERNA CRDI
5803,2013,100000,Diesel,Automatic,Second,11.3,2987,254.8,7.0,38.0,MERCEDES-BENZ,GL-CLASS 350 CDI BLUE EFFICIENCY
5804,2013,69140,Diesel,Manual,First,20.46,1461,83.8,5.0,5.11,RENAULT,DUSTER 85PS DIESEL RXL OPTIONAL
5805,2019,21214,Petrol,Manual,First,15.41,1598,103.52,5.0,9.66,SKODA,RAPID 1.6 MPI AMBITION
5806,2015,28000,Petrol,Manual,First,20.36,1197,78.9,5.0,3.4,HYUNDAI,I10 SPORTZ 1.2
5807,2017,29085,Petrol,Manual,First,18.15,1198,82,6.0,5.84,MAHINDRA,KUV 100 MFALCON G80 K8
5808,2016,30000,Petrol,Automatic,First,23.1,998,67.04,5.0,3.8,MARUTI,CELERIO VXI AMT
5809,2012,32910,Petrol,Automatic,First,16.98,998,66.1,5.0,2.5,MARUTI,A-STAR AT VXI
5810,2015,30000,Diesel,Manual,First,25.1,1498,98.6,5.0,6.95,HONDA,CITY I DTEC VX
5811,2010,35102,Petrol,Automatic,First,12.6,1798,161.6,5.0,5.5,SKODA,SUPERB 1.8 TSI
5812,2017,22831,Petrol,Manual,First,18.9,1197,82,5.0,6.19,HYUNDAI,GRAND I10 SPORTZ
5813,2013,74911,Diesel,Manual,First,20.45,1461,83.8,5.0,6.0,RENAULT,DUSTER 85PS DIESEL RXL
5814,2015,21000,Petrol,Manual,First,18.9,1197,82,5.0,3.75,HYUNDAI,GRAND I10 MAGNA
5815,2018,37160,Diesel,Manual,First,22.77,1498,98.59,5.0,9.46,FORD,ECOSPORT 1.5 TDCI TITANIUM
5816,2011,41000,Petrol,Manual,Second,16.95,1498,97.7,5.0,3.0,NISSAN,SUNNY 2011-2014 XL
5817,2016,37294,Diesel,Manual,First,25.83,1498,99,5.0,5.75,FORD,FIGO ASPIRE 1.5 TDCI TITANIUM
5818,2009,56927,Petrol,Manual,First,13.5,1799,130,5.0,4.41,HONDA,CIVIC 2006-2010 1.8 V MT
5819,2017,21954,Petrol,Manual,First,25.17,799,53.3,5.0,3.7,RENAULT,KWID RXT OPTIONAL
5820,2014,50000,Petrol,Manual,Second,19.4,1198,86.8,5.0,2.5,HONDA,BRIO EX MT
5821,2012,78212,Petrol,Manual,First,16.1,1298,88.2,5.0,5.35,MARUTI,SWIFT ZXI ABS
5822,2013,64500,Diesel,Manual,First,21.9,1396,88.8,5.0,3.65,HYUNDAI,I20 MAGNA OPTIONAL 1.4 CRDI
5823,2014,51000,Diesel,Automatic,First,17.2,1968,138.03,5.0,13.0,SKODA,SUPERB ELEGANCE 2.0 TDI CR AT
5824,2012,52000,Petrol,Manual,First,18.9,998,67.1,5.0,2.45,MARUTI,WAGON R LXI BSII
5825,2015,120000,Diesel,Automatic,First,21.21,1498,103.2,5.0,5.75,VOLKSWAGEN,VENTO 1.5 TDI HIGHLINE AT
5826,2017,65792,Diesel,Manual,First,26.0,1498,98.6,5.0,8.11,HONDA,CITY I DTEC S
5827,2018,30000,Diesel,Manual,First,22.54,1396,88.73,5.0,7.75,HYUNDAI,I20 1.4 SPORTZ
5828,2017,54387,Petrol,Automatic,First,19.15,1198,75.94,5.0,5.85,NISSAN,MICRA XV CVT
5829,2018,1617,Petrol,Manual,First,25.17,799,53.3,5.0,4.29,RENAULT,KWID RXT OPTIONAL
5830,2015,82000,Diesel,Manual,First,25.6,1498,98.6,5.0,8.0,HONDA,CITY I-DTEC SV
5831,2017,20000,Diesel,Manual,First,13.68,2393,147.8,8.0,16.5,TOYOTA,INNOVA CRYSTA 2.4 G MT 8S
5832,2015,98000,Diesel,Manual,First,27.39,1248,74,5.0,5.5,MARUTI,BALENO ALPHA 1.3
5833,2015,57000,Diesel,Manual,First,22.77,1498,98.59,5.0,6.35,FORD,ECOSPORT 1.5 TDCI TREND
5834,2013,250000,Diesel,Manual,Second,12.99,2494,100.6,8.0,7.9,TOYOTA,INNOVA 2.5 G (DIESEL) 8 SEATER
5835,2014,56549,Diesel,Manual,First,22.7,1498,89.84,5.0,7.2,FORD,ECOSPORT 1.5 DV5 MT AMBIENTE
5836,2012,78500,Diesel,Manual,First,22.07,1199,73.9,5.0,3.65,VOLKSWAGEN,POLO DIESEL COMFORTLINE 1.2L
5837,2016,55036,Diesel,Manual,First,22.54,1396,88.73,5.0,6.35,HYUNDAI,I20 SPORTZ 1.4 CRDI
5838,2016,55000,Diesel,Manual,First,19.87,1461,83.8,5.0,7.8,RENAULT,DUSTER 85PS DIESEL RXL EXPLORE
5839,2007,90000,Petrol,Manual,Second,13.8,1299,70,5.0,1.4,FORD,IKON 1.3 FLAIR
5840,2007,155000,Diesel,Manual,First,13.1,2499,141,7.0,5.5,FORD,ENDEAVOUR XLT TDCI 4X2
5841,2018,17810,Diesel,Manual,First,27.39,1248,74,5.0,8.5,MARUTI,BALENO DELTA 1.3
5842,2011,42408,Diesel,Automatic,First,14.84,2143,170,5.0,10.48,MERCEDES-BENZ,NEW C-CLASS C 220 CDI ELEGANCE AT
5843,2005,81000,Petrol,Manual,Second,15.9,1298,85,5.0,0.75,MARUTI,ESTEEM VXI - BSIII
5844,2008,52000,Petrol,Manual,Second,12.85,1396,99.6,5.0,1.3,TATA,INDIGO XL GRAND PETROL
5845,2013,35000,Diesel,Automatic,First,16.73,2993,218,5.0,21.0,BMW,5 SERIES 525D SEDAN
5846,2013,60000,Petrol,Manual,First,17.92,1086,62.1,5.0,2.3,HYUNDAI,SANTRO XING GL PLUS
5847,2015,27000,Diesel,Automatic,First,19.5,1968,141,5.0,14.95,SKODA,OCTAVIA 2.0 TDI AT STYLE PLUS
5848,2017,55975,Diesel,Automatic,Second,17.68,1968,174.33,5.0,35.92,AUDI,A6 2011-2015 35 TDI TECHNOLOGY
5849,2016,115000,Diesel,Manual,First,25.83,1498,99,5.0,4.5,FORD,FIGO 1.5D TREND MT
5850,2016,132000,Diesel,Manual,First,14.95,2489,93.7,7.0,5.5,MAHINDRA,XYLO D4 BS III
5851,2015,40337,Petrol,Automatic,First,23.1,998,67.04,5.0,4.45,MARUTI,CELERIO ZXI AT
5852,2008,192000,Diesel,Manual,First,12.8,2494,102,8.0,6.85,TOYOTA,INNOVA 2.5 G4 DIESEL 8-SEATER
5853,2016,50000,Diesel,Manual,First,24.0,1120,70,5.0,5.5,HYUNDAI,GRAND I10 CRDI ASTA
5854,2016,28147,Petrol,Manual,First,18.9,1197,81.86,5.0,5.07,HYUNDAI,GRAND I10 1.2 KAPPA SPORTZ
5855,2015,20000,Petrol,Manual,First,18.9,1197,82,5.0,3.85,HYUNDAI,GRAND I10 SPORTZ
5856,2016,11000,Petrol,Manual,First,18.6,1197,81.86,5.0,7.95,HYUNDAI,ELITE I20 PETROL ASTA
5857,2009,63000,Petrol,Manual,Second,18.2,998,67.1,5.0,1.25,MARUTI,ZEN ESTILO LXI BSIII
5858,2014,36967,Petrol,Manual,First,20.92,998,67.1,5.0,3.64,MARUTI,ALTO K10 2010-2014 VXI
5859,2016,73053,Diesel,Manual,First,13.0,2982,168.5,7.0,20.0,TOYOTA,FORTUNER 4X2 MANUAL
5860,2019,16392,Diesel,Manual,First,16.55,2498,105,6.0,10.36,MAHINDRA,THAR CRDE AC
5861,2007,79000,Petrol,Manual,First,17.0,1086,,5.0,1.85,HYUNDAI,SANTRO XING XO
5862,2013,67000,Petrol,Manual,Second,16.78,1496,88.73,5.0,4.05,TOYOTA,ETIOS G
5863,2015,48600,Diesel,Automatic,First,12.0,2987,224,7.0,48.5,MERCEDES-BENZ,GL-CLASS 2007 2012 350 CDI LUXURY
5864,2014,70000,Diesel,Manual,First,19.6,1461,108.45,5.0,8.25,RENAULT,DUSTER 110PS DIESEL RXZ
5865,2014,84000,Diesel,Manual,First,22.9,1248,74,5.0,5.25,MARUTI,SWIFT VDI
5866,2013,49106,Petrol,Manual,First,15.04,1598,103.2,5.0,4.4,VOLKSWAGEN,VENTO MAGNIFIC 1.6 COMFORTLINE
5867,2017,35000,Diesel,Automatic,First,18.19,1968,174.5,5.0,25.75,SKODA,SUPERB L&K 2.0 TDI AT
5868,2014,51240,Diesel,Automatic,First,8.2,2993,245,4.0,29.52,BMW,3 SERIES 330D CONVERTIBLE
5869,2011,37000,Petrol,Manual,Second,18.9,998,67.1,5.0,2.1,MARUTI,WAGON R VXI BS IV
5870,2017,32587,Petrol,Manual,First,25.17,799,53.3,5.0,3.71,RENAULT,KWID RXT
5871,2009,180000,Diesel,Manual,First,10.9,2499,143,7.0,7.5,FORD,ENDEAVOUR 4X2 XLT LIMITED EDITION
5872,2017,21248,Diesel,Manual,First,24.3,1248,88.5,5.0,9.44,MARUTI,VITARA BREZZA ZDI PLUS DUAL TONE
5873,2006,47200,Petrol,Manual,Second,17.0,1086,,5.0,1.2,HYUNDAI,SANTRO XING XO ERLX EURO II
5874,2014,40000,Petrol,Automatic,First,10.5,1796,157.7,5.0,24.0,MERCEDES-BENZ,E-CLASS 200 KOMPRESSOR ELEGANCE
5875,2019,4000,Diesel,Automatic,First,0.0,1950,194,5.0,35.0,MERCEDES-BENZ,C-CLASS PROGRESSIVE C 220D
5876,2017,23700,CNG,Manual,First,17.5,1373,80.46,7.0,8.25,MARUTI,ERTIGA VXI CNG
5877,2011,57000,Diesel,Automatic,Second,16.55,1968,147.51,5.0,9.75,AUDI,A4 2.0 TDI CELEBRATION EDITION
5878,2014,37000,Petrol,Manual,First,18.9,1197,82,5.0,3.45,HYUNDAI,GRAND I10 ASTA
5879,2014,70000,Diesel,Manual,Second,13.5,2477,175.56,7.0,11.85,MITSUBISHI,PAJERO SPORT 4X4
5880,2012,92469,Diesel,Automatic,Second,19.71,2143,201.15,5.0,16.14,MERCEDES-BENZ,NEW C-CLASS C 250 CDI AVANTGARDE
5881,2015,55000,CNG,Manual,First,26.6,998,58.16,5.0,3.7,MARUTI,WAGON R LXI CNG
5882,2017,20000,Petrol,Automatic,First,24.07,998,67.1,5.0,4.0,MARUTI,ALTO K10 VXI AGS
5883,2015,42000,Petrol,Manual,Second,18.6,1197,81.83,5.0,5.8,HYUNDAI,I20 SPORTZ 1.2
5884,2014,28000,Diesel,Manual,First,23.4,1248,74,5.0,4.65,MARUTI,SWIFT DZIRE VDI
5885,2010,93000,Petrol,Automatic,Second,11.8,3498,272,7.0,15.0,MERCEDES-BENZ,R-CLASS R350 4MATIC LONG
5886,2015,23000,Petrol,Automatic,First,15.63,1499,110.4,5.0,6.8,FORD,ECOSPORT 1.5 TI VCT AT TITANIUM
5887,2016,36000,Diesel,Manual,First,25.1,1498,98.6,5.0,10.25,HONDA,CITY I DTEC VX OPTION
5888,2014,52000,Petrol,Manual,First,20.92,998,67.1,5.0,2.7,MARUTI,ALTO K10 2010-2014 VXI
5889,2015,59245,Diesel,Manual,First,20.77,1248,88.8,7.0,8.5,MARUTI,ERTIGA ZDI
5890,2018,31000,Diesel,Manual,First,22.54,1396,88.73,5.0,7.75,HYUNDAI,I20 DIESEL ASTA OPTION
5891,2015,83000,Petrol,Manual,First,15.64,1193,64.08,5.0,2.7,TATA,INDIGO CS EGLX BS IV
5892,2004,81500,Petrol,Manual,Second,19.7,796,46.3,5.0,1.3,MARUTI,ALTO STD
5893,2008,51000,Petrol,Manual,Second,19.5,1061,,,1.75,MARUTI,ESTILO LXI
5894,2018,9900,Petrol,Manual,First,15.8,1591,121.3,5.0,13.2,HYUNDAI,CRETA 1.6 SX
5895,2004,94000,Petrol,Manual,Second,18.9,998,67.1,5.0,1.0,MARUTI,WAGON R LX
5896,2017,27100,Petrol,Manual,First,16.78,1496,88.73,5.0,6.37,TOYOTA,ETIOS V
5897,2015,12000,Petrol,Manual,First,16.78,1496,88.73,5.0,4.5,TOYOTA,ETIOS V
5898,2013,29000,Diesel,Manual,First,19.01,1461,108.45,5.0,6.5,RENAULT,DUSTER 110PS DIESEL RXZ OPTIONAL WITH NAV
5899,2013,65000,Diesel,Manual,Second,19.3,1248,73.9,5.0,4.99,MARUTI,SWIFT DZIRE VDI BSIV
5900,2017,50794,Diesel,Automatic,First,17.9,2143,170,5.0,43.3,MERCEDES-BENZ,GLC 220
5901,2014,59000,Diesel,Manual,First,22.7,1498,89.84,5.0,6.5,FORD,ECOSPORT 1.5 DV5 MT TITANIUM OPTIONAL
5902,2012,72000,CNG,Manual,First,26.2,998,58.2,5.0,2.25,MARUTI,WAGON R LXI CNG
5903,2017,15234,Petrol,Automatic,First,19.12,1373,91.1,5.0,9.95,MARUTI,CIAZ 1.4 AT ALPHA
5904,2015,44000,Diesel,Manual,First,22.7,1498,89.84,5.0,7.35,FORD,ECOSPORT 1.5 DV5 MT TITANIUM
5905,2016,125000,Diesel,Manual,First,22.95,1248,74,5.0,4.6,TATA,ZEST QUADRAJET 1.3 75PS XE
5906,2011,100000,Diesel,Automatic,First,11.4,2953,153.86,7.0,8.5,FORD,ENDEAVOUR 3.0L 4X4 AT
5907,2017,34686,Diesel,Automatic,First,19.6,1461,108.45,5.0,11.86,RENAULT,DUSTER 110PS DIESEL RXZ AMT
5908,2011,98000,Diesel,Manual,First,14.42,1995,147.6,5.0,8.0,NISSAN,X-TRAIL SLX MT
5909,2015,90000,Diesel,Automatic,First,12.55,2982,168.5,7.0,21.5,TOYOTA,FORTUNER 4X4 AT
5910,2007,81000,Petrol,Manual,First,15.26,1150,74.9,5.0,1.3,CHEVROLET,AVEO U-VA 1.2 LS
5911,2012,55000,Diesel,Manual,First,20.5,1598,103.5,5.0,5.9,SKODA,RAPID 1.6 TDI AMBITION
5912,2013,52910,Diesel,Manual,Second,15.1,2179,140,7.0,9.5,MAHINDRA,XUV500 W8 4WD
5913,2010,100000,Diesel,Manual,First,19.3,1248,73.9,5.0,4.5,MARUTI,SWIFT DZIRE ZDI
5914,2003,132000,Diesel,Manual,First,18.7,1896,66,5.0,2.25,SKODA,OCTAVIA ELEGANCE 1.9 TDI
5915,2014,18000,Petrol,Manual,First,13.7,1399,98.82,7.0,3.35,CHEVROLET,ENJOY PETROL LS 7 SEATER
5916,2005,50000,Petrol,Manual,First,13.2,1495,94,5.0,0.7,HYUNDAI,ACCENT GLE
5917,2012,33000,Petrol,Automatic,First,14.74,1991,184,5.0,16.0,MERCEDES-BENZ,NEW C-CLASS C 200 CGI
5918,2014,30000,Diesel,Manual,First,20.45,1461,83.8,5.0,8.0,RENAULT,DUSTER 85PS DIESEL RXE
5919,2015,8000,Petrol,Automatic,First,12.5,5000,488.1,2.0,100.0,JAGUAR,F TYPE 5.0 V8 S
5920,2012,58646,Diesel,Manual,First,22.32,1582,126.32,5.0,4.74,HYUNDAI,VERNA 1.6 SX
5921,2016,21000,Diesel,Automatic,First,13.0,2143,204,5.0,36.0,MERCEDES-BENZ,E-CLASS 2015-2017 E250 CDI AVANTGARDE
5922,2015,57026,Petrol,Manual,First,15.04,1598,103.6,5.0,5.54,VOLKSWAGEN,VENTO PETROL HIGHLINE
5923,2017,42000,Diesel,Automatic,First,18.19,1968,174.5,5.0,22.99,SKODA,SUPERB STYLE 2.0 TDI AT
5924,2017,26741,Diesel,Manual,First,15.4,1997,120,7.0,10.08,MAHINDRA,SCORPIO 1.99 S4 PLUS
5925,2010,85000,Petrol,Manual,First,17.5,1798,,5.0,2.85,SKODA,LAURA CLASSIC 1.8 TSI
5926,2000,78000,Petrol,Manual,First,16.1,796,37,4.0,0.55,MARUTI,800 DX BSII
5927,2018,29091,Diesel,Automatic,First,13.22,2967,241.4,5.0,45.52,AUDI,Q5 3.0 TDI QUATTRO TECHNOLOGY
5928,2018,37323,Diesel,Manual,Second,17.45,1493,100,7.0,7.29,MAHINDRA,NUVOSPORT N6
5929,2011,55595,Diesel,Manual,Second,20.54,1598,103.6,5.0,4.3,VOLKSWAGEN,VENTO DIESEL HIGHLINE
5930,2015,49900,Petrol,Manual,First,20.85,1197,83.14,5.0,4.8,MARUTI,SWIFT DZIRE VXI OPTIONAL
5931,2012,52500,Petrol,Manual,Second,16.02,1373,93.7,7.0,5.25,MARUTI,ERTIGA VXI
5932,2016,5700,Petrol,Manual,First,24.7,796,47.3,5.0,2.8,MARUTI,ALTO 800 2016-2019 LXI
5933,2014,53340,Diesel,Manual,First,21.9,1396,88.76,5.0,4.35,HYUNDAI,I20 MAGNA 1.4 CRDI (DIESEL)
5934,2014,57000,Diesel,Manual,First,22.7,1498,89.84,5.0,5.49,FORD,ECOSPORT 1.5 DV5 MT TITANIUM
5935,2015,59525,CNG,Manual,Second,32.26,998,58.2,4.0,3.1,MARUTI,ALTO K10 LXI CNG
5936,2014,58000,Diesel,Manual,First,20.34,1498,103.2,5.0,6.5,VOLKSWAGEN,VENTO 1.5 TDI HIGHLINE
5937,2011,73000,Diesel,Manual,First,12.05,2179,120,8.0,6.4,MAHINDRA,SCORPIO VLX 2WD AIRBAG BSIII
5938,2016,33554,Diesel,Manual,First,25.83,1498,99,5.0,6.22,FORD,FIGO ASPIRE 1.5 TDCI TITANIUM PLUS
5939,2012,106000,Diesel,Manual,First,12.99,2494,100,8.0,8.4,TOYOTA,INNOVA 2.5 G (DIESEL) 8 SEATER
5940,2018,27000,Diesel,Manual,First,28.4,1248,73.75,5.0,5.9,MARUTI,DZIRE LDI
5941,2018,1000,Petrol,Manual,First,25.17,799,53.3,5.0,3.4,RENAULT,KWID RXL
5942,2011,119000,Diesel,Manual,Third,13.1,2499,141,7.0,6.5,FORD,ENDEAVOUR 2.5L 4X2 MT
5943,2002,75000,Diesel,Manual,First,0.0,2112,,6.0,1.7,MAHINDRA,JEEP MM 540 DP
5944,2015,64000,Petrol,Manual,First,18.88,999,123.24,5.0,6.0,FORD,ECOSPORT 1.0 ECOBOOST TITANIUM PLUS
5945,2016,63738,Diesel,Manual,First,19.67,1582,126.2,5.0,11.9,HYUNDAI,CRETA 1.6 CRDI SX
5946,2016,16000,Diesel,Automatic,First,14.69,2993,258,5.0,48.0,BMW,5 SERIES 2013-2017 530D M SPORT
5947,2017,28000,Petrol,Automatic,First,18.69,1462,103,7.0,8.0,MARUTI,ERTIGA VXI AT PETROL
5948,2007,91000,Diesel,Automatic,Second,15.6,1896,106,5.0,2.45,SKODA,LAURA L AND K AT
5949,2013,25000,Petrol,Manual,First,18.6,1199,79.4,5.0,1.75,CHEVROLET,BEAT LS
5950,2014,65630,Diesel,Automatic,First,15.73,1968,174.33,5.0,21.75,AUDI,Q3 2.0 TDI
5951,2014,48094,Petrol,Manual,First,17.0,1497,118,5.0,7.25,HONDA,CITY 1.5 V MT
5952,2009,90456,Petrol,Manual,Second,16.1,1298,88.2,5.0,3.0,MARUTI,SWIFT LXI BSIII
5953,2012,140000,Diesel,Manual,First,20.0,1399,68,5.0,2.51,FORD,FIGO DIESEL EXI
5954,2015,95000,Diesel,Automatic,First,12.55,2982,168.5,7.0,19.6,TOYOTA,FORTUNER 4X4 AT
5955,2013,79000,Diesel,Manual,Second,15.8,2148,170,5.0,15.5,MERCEDES-BENZ,NEW C-CLASS 200 CDI CLASSIC
5956,2012,96000,Diesel,Manual,First,12.99,2494,100,7.0,11.5,TOYOTA,INNOVA 2.5 GX (DIESEL) 7 SEATER
5957,2004,186679,Petrol,Manual,Second,13.0,1493,100,5.0,1.76,HONDA,CITY 1.5 EXI
5958,2015,91000,Diesel,Manual,First,25.8,1498,98.6,5.0,4.68,HONDA,AMAZE S I-DTECH
5959,2010,109703,Petrol,Automatic,Second,14.28,1798,138.03,5.0,4.0,TOYOTA,COROLLA ALTIS 1.8 G CVT
5960,2012,110000,Diesel,Manual,First,22.3,1248,74,5.0,2.8,TATA,INDICA VISTA QUADRAJET VX
5961,2012,35000,Diesel,Manual,First,16.0,2179,140,7.0,8.25,MAHINDRA,XUV500 W8 2WD
5962,2010,47722,Diesel,Manual,First,21.1,1248,73.9,5.0,1.7,MARUTI,RITZ VDI
5963,2013,25000,Petrol,Automatic,First,14.74,1991,181.04,5.0,14.85,MERCEDES-BENZ,NEW C-CLASS C 200 AVANTGARDE
5964,2018,8000,Petrol,Automatic,First,17.0,1591,121.3,5.0,12.85,HYUNDAI,VERNA VTVT 1.6 AT SX OPTION
5965,2012,65000,Diesel,Automatic,First,14.94,2143,204,5.0,16.0,MERCEDES-BENZ,NEW C-CLASS C 250 CDI ELEGANCE
5966,2018,1048,Petrol,Manual,First,18.9,998,67.1,5.0,4.7,MARUTI,WAGON R VXI BS IV
5967,2014,42000,Petrol,Manual,Second,16.02,1373,93.7,7.0,5.94,MARUTI,ERTIGA VXI
5968,2013,55000,Diesel,Manual,First,20.5,1598,103.5,5.0,8.0,SKODA,RAPID ULTIMA 1.6 TDI ELEGANCE
5969,2010,72000,Diesel,Manual,First,12.8,2494,102,8.0,5.45,TOYOTA,INNOVA 2.5 V DIESEL 8-SEATER
5970,2018,17773,Petrol,Automatic,First,13.7,1991,183,5.0,26.76,MERCEDES-BENZ,GLA CLASS 200 SPORT
5971,2013,65000,Diesel,Manual,Second,20.14,1498,88,5.0,3.5,VOLKSWAGEN,POLO 1.5 TDI HIGHLINE
5972,2008,65000,Petrol,Manual,Second,0.0,1086,62,5.0,1.39,HYUNDAI,SANTRO XING GL
5973,2013,53280,Diesel,Manual,First,22.32,1582,126.3,5.0,4.7,HYUNDAI,VERNA 1.6 CRDI EX MT
5974,2016,34005,Petrol,Manual,First,17.0,1198,73.75,5.0,5.75,VOLKSWAGEN,AMEO 1.2 MPI HIGHLINE
5975,2017,14618,Petrol,Manual,First,18.6,1197,81.83,5.0,8.11,HYUNDAI,I20 ASTA OPTION 1.2
5976,2006,65771,Petrol,Manual,Second,17.3,1061,64,5.0,0.75,MARUTI,WAGON R LX BSIII
5977,2006,78000,Petrol,Manual,Second,13.5,1405,60,5.0,1.0,TATA,INDICA LEI
5978,2016,105545,Diesel,Manual,First,14.0,2498,112,7.0,5.3,MAHINDRA,XYLO D4
5979,2017,25000,Diesel,Manual,First,12.4,2499,134,5.0,8.0,ISUZU,D-MAX V-CROSS 4X4
5980,2010,80561,Petrol,Manual,First,18.5,1197,80,5.0,2.74,HYUNDAI,I20 2015-2017 MAGNA
5981,2017,6000,Petrol,Manual,First,21.4,1197,83.1,5.0,7.5,MARUTI,BALENO ALPHA
5982,2016,39000,Diesel,Automatic,First,17.6,2179,153.86,7.0,13.5,TATA,HEXA XTA
5983,2011,55001,Petrol,Manual,First,16.47,1198,73.9,5.0,2.2,VOLKSWAGEN,POLO PETROL COMFORTLINE 1.2L
5984,2012,63720,Petrol,Automatic,First,11.74,1796,186,5.0,13.25,MERCEDES-BENZ,NEW C-CLASS C 200 CGI ELEGANCE
5985,2013,70000,Diesel,Manual,First,23.59,1364,,5.0,3.88,TOYOTA,ETIOS GD
5986,2005,100000,Petrol,Manual,Second,15.3,1341,83,5.0,0.85,HYUNDAI,GETZ GLS
5987,2017,15386,Petrol,Manual,First,23.84,1199,84,5.0,5.11,TATA,TIAGO 1.2 REVOTRON XT
5988,2013,102486,Diesel,Manual,First,19.87,1461,83.8,5.0,4.25,RENAULT,DUSTER 85PS DIESEL RXL OPTION
5989,2013,58629,Diesel,Automatic,Second,18.25,1968,187.74,5.0,16.52,AUDI,A4 35 TDI PREMIUM PLUS
5990,2008,86000,Diesel,Manual,Third,13.93,2179,138,7.0,0.6,TATA,NEW SAFARI DICOR 2.2 VX 4X2
5991,2012,68238,Diesel,Manual,First,22.9,1248,74,5.0,4.8,MARUTI,SWIFT VDI
5992,2011,42036,Petrol,Automatic,First,13.7,1798,157.75,5.0,6.25,SKODA,SUPERB ELEGANCE 1.8 TSI AT
5993,2014,55619,Petrol,Manual,First,16.3,1797,147.5,5.0,8.3,HYUNDAI,ELANTRA SX
5994,2009,60000,Petrol,Manual,Third,17.0,1497,118,5.0,3.25,HONDA,CITY 1.5 E MT
5995,2015,30000,Diesel,Manual,First,19.87,1461,83.8,5.0,7.75,RENAULT,DUSTER 85PS DIESEL RXL EXPLORE
5996,2016,31150,Diesel,Automatic,First,16.36,2179,187.7,5.0,30.54,JAGUAR,XF 2.2 LITRE LUXURY
5997,2010,70000,LPG,Manual,First,26.2,998,58.2,5.0,2.27,MARUTI,WAGON R DUO LXI
5998,2010,70290,Petrol,Manual,Second,17.24,1198,73.9,5.0,2.96,VOLKSWAGEN,POLO IPL II 1.2 PETROL HIGHLINE
5999,2016,10000,Petrol,Manual,First,17.57,1193,88.7,5.0,4.0,TATA,BOLT REVOTRON XT
6000,2014,68010,Petrol,Manual,Second,18.5,1197,82.85,5.0,5.25,HYUNDAI,I20 SPORTZ 1.2
6001,2013,91903,Diesel,Automatic,First,17.68,1968,174.33,5.0,17.56,AUDI,A6 2011-2015 2.0 TDI
6002,2011,38000,Petrol,Manual,First,16.09,1598,103.5,5.0,3.25,VOLKSWAGEN,VENTO 1.6 HIGHLINE
6003,2015,67600,Petrol,Manual,First,23.1,998,67.04,5.0,4.0,MARUTI,CELERIO VXI
6004,2007,66800,Petrol,Manual,First,15.3,1341,83,5.0,2.2,HYUNDAI,GETZ GLE
6005,2016,37208,Diesel,Manual,First,24.3,1248,88.5,5.0,7.43,MARUTI,VITARA BREZZA VDI
6006,2009,102002,Diesel,Automatic,First,8.7,2987,224.34,5.0,10.75,MERCEDES-BENZ,M-CLASS ML 320 CDI
6007,2011,68000,Diesel,Manual,First,19.3,1248,73.9,5.0,2.75,MARUTI,SWIFT DZIRE VDI BSIV
6008,2013,40000,Diesel,Automatic,Second,17.85,2967,300,4.0,45.0,PORSCHE,PANAMERA DIESEL
6009,2015,33500,Petrol,Automatic,First,19.16,2494,158.2,5.0,19.75,TOYOTA,CAMRY HYBRID
6010,2013,33746,Petrol,Manual,First,18.5,1198,86.8,5.0,3.2,HONDA,BRIO 1.2 VX MT
6011,2009,53000,Petrol,Automatic,First,0.0,3597,262.6,5.0,4.75,SKODA,SUPERB 3.6 V6 FSI
6012,2011,45004,Diesel,Manual,First,12.8,2494,102,7.0,9.48,TOYOTA,INNOVA 2.5 V DIESEL 7-SEATER
6013,2015,70602,Diesel,Manual,First,25.8,1498,98.6,5.0,4.83,HONDA,AMAZE VX I-DTEC
6014,2014,27365,Diesel,Manual,First,28.4,1248,74,5.0,4.75,MARUTI,SWIFT VDI
6015,2015,100000,Diesel,Manual,First,24.4,1120,71,5.0,4.0,HYUNDAI,XCENT 1.1 CRDI S
6016,2012,55000,Diesel,Manual,Second,14.0,2498,112,8.0,2.9,MAHINDRA,XYLO D4 BSIV
6017,2013,46000,Petrol,Manual,First,18.9,998,67.1,5.0,2.65,MARUTI,WAGON R VXI
6018,2011,47000,Diesel,Manual,First,25.44,936,57.6,5.0,2.5,CHEVROLET,BEAT DIESEL
