Year,Kilometers_Driven,Fuel_Type,Transmission,Owner_Type,Mileage,Power,Price,Model,Brand
2010,72000,CNG,Manual,First,26.6,58.16,1627.325,WAGON R LXI CNG,MARUTI
2015,41000,Diesel,Manual,First,19.67,126.2,11623.75,CRETA 1.6 CRDI SX OPTION,HYUNDAI
2011,46000,Petrol,Manual,First,18.2,88.7,4184.55,JAZZ V,HONDA
2012,87000,Diesel,Manual,First,20.77,88.76,5579.4,ERTIGA VDI,MARUTI
2013,40670,Diesel,Automatic,Second,15.2,140.8,16496.426,A4 NEW 2.0 TDI MULTITRONIC,AUDI
2012,75000,LPG,Manual,First,21.1,55.2,2185.265,EON LPG ERA PLUS OPTION,HYUNDAI
2013,86999,Diesel,Manual,First,23.08,63.1,3254.65,MICRA DIESEL XV,NISSAN
2016,36000,Diesel,Automatic,First,11.36,171.5,16273.25,INNOVA CRYSTA 2.8 GX AT 8S,TOYOTA
2013,64430,Diesel,Manual,First,20.54,103.6,4835.4800000000005,VENTO DIESEL COMFORTLINE,VOLKSWAGEN
2012,65932,Diesel,Manual,Second,22.3,74.0,1813.3049999999998,INDICA VISTA QUADRAJET LS,TATA
2018,25692,Petrol,Manual,First,21.56,103.25,9252.505,CIAZ ZETA,MARUTI
2012,60000,Petrol,Automatic,First,16.8,116.3,4175.251,CITY 1.5 V AT SUNROOF,HONDA
2015,64424,Diesel,Manual,First,25.2,74.0,5207.44,SWIFT VDI BSIV,MARUTI
2014,72000,Diesel,Automatic,First,12.7,187.7,25107.3,ROVER RANGE ROVER 2.2L PURE,LAND
2012,85000,Diesel,Automatic,Second,0.0,115.0,16273.25,ROVER FREELANDER 2 TD4 SE,LAND
2014,110000,Diesel,Manual,First,13.5,175.56,13948.5,PAJERO SPORT 4X4,MITSUBISHI
2016,58950,Diesel,Manual,First,25.8,98.6,5021.46,AMAZE S I-DTECH,HONDA
2017,25000,Diesel,Manual,First,28.4,74.0,5570.101,SWIFT DDIS VDI,MARUTI
2014,77469,Diesel,Manual,First,20.45,83.8,5895.566,DUSTER 85PS DIESEL RXL PLUS,RENAULT
2014,78500,Diesel,Automatic,First,14.84,167.62,26037.2,NEW C-CLASS C 220 CDI BE AVANTGARE,MERCEDES-BENZ
2014,32982,Diesel,Automatic,First,22.69,190.0,17249.645,3 SERIES 320D,BMW
2015,55392,Diesel,Manual,Second,23.65,88.5,7671.675,S CROSS DDIS 200 ALPHA,MARUTI
2015,55985,Petrol,Automatic,First,13.53,177.01,21852.649999999998,A6 2011-2015 35 TFSI TECHNOLOGY,AUDI
2010,45807,Petrol,Manual,First,18.5,80.0,1738.913,I20 1.2 MAGNA,HYUNDAI
2010,33000,Petrol,Automatic,First,14.4,103.6,2650.215,VENTO PETROL HIGHLINE AT,VOLKSWAGEN
2012,51920,Petrol,Manual,First,16.8,116.3,3952.075,CITY CORPORATE EDITION,HONDA
2012,54000,Diesel,Manual,First,23.08,63.1,3952.075,MICRA DIESEL XV,NISSAN
2013,54000,Petrol,Manual,Second,20.92,67.1,2557.225,ALTO K10 2010-2014 VXI,MARUTI
2018,37430,Petrol,Manual,First,17.5,88.7,9206.01,WRV I-VTEC VX,HONDA
2007,262000,Diesel,Manual,Fourth & Above,12.8,102.0,3719.6,INNOVA 2.5 V DIESEL 7-SEATER,TOYOTA
2013,62000,Diesel,Manual,First,19.01,108.45,7206.724999999999,DUSTER 110PS DIESEL RXZ PACK,RENAULT
2012,87615,Petrol,Manual,First,14.53,138.1,6276.825,COROLLA ALTIS G,TOYOTA
2013,72000,Diesel,Automatic,Second,11.18,184.0,11623.75,SSANGYONG REXTON RX7,MAHINDRA
2010,35000,Diesel,Automatic,First,12.4,179.5,10693.85,A6 2.7 TDI,AUDI
2014,55431,Petrol,Manual,Second,16.09,103.5,6490.702,VENTO 1.6 HIGHLINE,VOLKSWAGEN
2009,83816,Petrol,Manual,Second,14.0,64.0,1720.315,WAGON R LXI BSIII,MARUTI
2018,50075,Diesel,Manual,First,24.3,88.5,8025.037,VITARA BREZZA ZDI PLUS,MARUTI
2017,52000,Petrol,Manual,First,18.15,82.0,4510.014999999999,KUV 100 MFALCON G80 K6 5STR AW,MAHINDRA
2013,85000,Diesel,Automatic,First,11.74,254.8,26037.2,M-CLASS ML 350 CDI,MERCEDES-BENZ
2013,62000,Diesel,Manual,First,22.07,73.9,4649.5,POLO DIESEL TRENDLINE 1.2L,VOLKSWAGEN
2008,90000,Petrol,Manual,Second,19.7,46.3,1162.375,ALTO LXI,MARUTI
2014,19698,Petrol,Manual,First,25.4,37.5,1422.747,NANO LX SE,TATA
2017,22033,Diesel,Manual,First,25.32,77.0,5188.842,KUV 100 MFALCON D75 K8 DUAL TONE,MAHINDRA
2014,35487,Petrol,Manual,First,18.5,82.9,4407.726,I20 MAGNA OPTIONAL 1.2,HYUNDAI
2014,46374,Petrol,Automatic,First,14.62,149.92,8229.615,ELANTRA 2.0 SX OPTION AT,HYUNDAI
2016,52001,Petrol,Automatic,First,14.28,138.03,9401.288999999999,COROLLA ALTIS G AT,TOYOTA
2008,58005,Diesel,Manual,Second,14.9,112.2,3952.075,ELANTRA CRDI,HYUNDAI
2012,70704,Petrol,Manual,First,11.25,163.7,10182.404999999999,INNOVA CRYSTA 2.7 GX MT,TOYOTA
2014,75000,Diesel,Manual,First,24.4,71.0,3580.115,XCENT 1.1 CRDI S,HYUNDAI
2012,75800,Diesel,Manual,Second,16.55,105.0,5114.45,THAR CRDE AC,MAHINDRA
2015,13648,Diesel,Automatic,First,17.11,174.33,19927.756999999998,A4 2.0 TDI 177 BHP PREMIUM PLUS,AUDI
2014,52000,Diesel,Manual,First,22.9,74.0,3952.075,SWIFT LDI,MARUTI
2014,53000,Diesel,Manual,First,17.8,75.0,3068.6699999999996,SWIFT LDI BSIV,MARUTI
2013,65650,Diesel,Manual,First,28.4,74.0,3580.115,SWIFT VDI,MARUTI
2015,54000,Petrol,Manual,Third,18.9,82.0,3347.64,GRAND I10 SPORTZ,HYUNDAI
2015,39000,Petrol,Manual,First,15.04,103.2,3710.301,VENTO 2013-2015 1.6 COMFORTLINE,VOLKSWAGEN
2017,16542,Petrol,Manual,First,25.17,53.3,3068.6699999999996,KWID RXT,RENAULT
2010,32000,Petrol,Manual,First,20.36,78.9,1924.8929999999998,I10 ASTA,HYUNDAI
2010,121812,Diesel,Automatic,First,13.29,147.6,7206.724999999999,X-TRAIL SLX AT,NISSAN
2010,39300,Petrol,Manual,First,18.2,67.1,2092.275,ZEN ESTILO VXI BSIII,MARUTI
2017,22000,Diesel,Manual,First,13.68,147.8,15343.35,INNOVA CRYSTA 2.4 GX MT 8S,TOYOTA
2010,72000,Diesel,Manual,First,20.0,68.0,2557.225,FIGO DIESEL TITANIUM,FORD
2015,58000,Petrol,Automatic,First,11.74,186.0,24828.329999999998,NEW C-CLASS C 200 CGI AVANTGARDE,MERCEDES-BENZ
2011,65000,Diesel,Manual,Second,15.8,170.0,9299.0,NEW C-CLASS 200 CDI CLASSIC,MERCEDES-BENZ
2016,178000,Diesel,Manual,First,25.0,69.0,2324.75,INDICA V2 ELS,TATA
2012,65664,Diesel,Automatic,First,16.55,140.0,12553.65,A4 2.0 TDI MULTITRONIC,AUDI
2007,63000,Petrol,Automatic,Second,16.4,78.0,1720.315,CITY ZX CVT,HONDA
2019,15369,Diesel,Automatic,First,0.0,194.0,33169.533,C-CLASS PROGRESSIVE C 220D,MERCEDES-BENZ
2016,63000,Diesel,Manual,First,24.52,88.5,7578.685,ERTIGA SHVS VDI,MARUTI
2018,13000,Diesel,Manual,First,22.1,88.7,9763.949999999999,CRETA 1.4 E PLUS DIESEL,HYUNDAI
2008,73000,Petrol,Automatic,First,8.5,500.0,13483.55,CAYENNE 2009-2014 TURBO,PORSCHE
2015,55729,Diesel,Manual,First,15.1,140.0,8973.535,XUV500 W8 4WD,MAHINDRA
2012,45178,Petrol,Automatic,First,16.95,78.9,3236.0519999999997,I10 SPORTZ 1.2 AT,HYUNDAI
2015,56066,Diesel,Manual,First,19.64,108.5,6434.907999999999,TERRANO XV D PRE,NISSAN
2016,37300,Petrol,Automatic,Second,16.5,86.8,6007.1539999999995,BRIO VX AT,HONDA
2014,56000,Diesel,Automatic,Second,18.53,187.74,27432.05,A6 2.0 TDI DESIGN EDITION,AUDI
2008,111111,Diesel,Manual,First,17.8,97.7,1859.8,FIESTA 1.4 SXI TDCI,FORD
2006,230000,Petrol,Manual,Third,12.4,132.0,4184.55,INNOVA 2.0 G1,TOYOTA
2012,104000,Diesel,Manual,First,12.8,102.0,10926.324999999999,INNOVA 2.5 VX 7 STR BSIV,TOYOTA
2005,87591,Petrol,Manual,First,0.0,97.7,1208.8700000000001,SANTRO XING XL,HYUNDAI
2012,95100,Diesel,Manual,First,22.9,74.0,3487.125,SWIFT VDI,MARUTI
2017,70000,Petrol,Manual,First,17.57,88.7,4184.55,ZEST REVOTRON 1.2T XE,TATA
2016,54944,Petrol,Manual,First,18.0,86.7,4482.118,AMAZE SX I-VTEC,HONDA
2012,70337,Diesel,Manual,First,20.0,68.0,2603.72,FIGO DIESEL ZXI,FORD
2013,99638,Diesel,Manual,First,23.2,73.94,2891.989,RITZ VDI,MARUTI
2009,52000,Petrol,Manual,First,17.8,117.3,3022.1749999999997,CITY I VTEC E,HONDA
2011,75000,Diesel,Automatic,Second,16.73,218.0,12925.61,5 SERIES 2003-2012 525D,BMW
2009,95980,Petrol,Manual,First,20.36,78.9,2092.275,I10 SPORTZ 1.2,HYUNDAI
2016,16000,Petrol,Manual,First,18.9,82.0,5346.925,GRAND I10 SPORTZ,HYUNDAI
2007,73745,Petrol,Manual,First,17.0,97.7,1952.79,SANTRO XING XO,HYUNDAI
2016,18949,Petrol,Manual,First,17.8,86.7,4649.5,AMAZE SX I-VTEC,HONDA
2014,107000,Diesel,Manual,First,13.0,168.5,15343.35,FORTUNER 4X2 MANUAL,TOYOTA
2018,48367,Diesel,Automatic,First,17.68,174.33,36805.441999999995,A6 2011-2015 35 TDI PREMIUM,AUDI
2013,57000,Diesel,Manual,First,22.7,89.84,5114.45,ECOSPORT 1.5 DV5 MT TITANIUM OPTIONAL,FORD
2014,58000,Diesel,Manual,First,15.1,140.0,7532.19,XUV500 W8 2WD,MAHINDRA
2015,30000,Diesel,Manual,First,25.8,98.6,3254.65,AMAZE SX I-DTEC,HONDA
2013,34212,Diesel,Manual,First,22.07,73.9,2594.421,POLO DIESEL HIGHLINE 1.2L,VOLKSWAGEN
2010,70002,Diesel,Manual,First,16.2,110.0,3208.155,VERNA TRANSFORM SX VGT CRDI,HYUNDAI
2016,62000,Petrol,Manual,First,18.9,67.1,4138.055,WAGON R VXI BS IV,MARUTI
2010,62001,Petrol,Manual,First,15.26,103.5,2464.2349999999997,POLO PETROL HIGHLINE 1.6L,VOLKSWAGEN
2011,78958,Diesel,Manual,Second,23.0,90.0,3533.62,I20 1.4 CRDI SPORTZ,HYUNDAI
2014,30180,Petrol,Manual,First,18.5,82.85,4324.035,I20 ASTA 1.2,HYUNDAI
2017,32851,Petrol,Manual,First,19.83,67.0,3673.105,GO PLUS T PETROL,DATSUN
2010,30000,Diesel,Automatic,First,14.94,241.4,9113.02,A4 3.0 TDI QUATTRO PREMIUM,AUDI
2009,66000,Petrol,Manual,Second,17.0,80.0,2510.73,I20 2015-2017 ASTA,HYUNDAI
2010,93850,Petrol,Manual,First,14.0,35.0,2241.059,OMNI 5 STR STD,MARUTI
2014,53000,Petrol,Manual,First,17.71,78.9,3626.6099999999997,ETIOS LIVA 1.2 G,TOYOTA
2011,78000,Diesel,Automatic,Second,14.74,270.9,22317.6,XF 3.0 LITRE S PREMIUM LUXURY,JAGUAR
2012,65000,Diesel,Manual,Second,16.0,140.0,5346.925,XUV500 W8 2WD,MAHINDRA
2014,40000,Diesel,Automatic,First,22.32,126.32,4881.974999999999,VERNA 1.6 SX CRDI (O) AT,HYUNDAI
2017,30000,Diesel,Automatic,First,11.36,171.5,17900.575,INNOVA CRYSTA 2.8 ZX AT,TOYOTA
2017,38053,Petrol,Manual,First,15.1,73.0,3635.909,EECO 5 SEATER AC,MARUTI
2014,25500,Petrol,Manual,First,25.4,37.5,1999.2849999999999,NANO TWIST XT,TATA
2015,56087,Diesel,Automatic,First,22.69,190.0,19295.425,3 SERIES 320D LUXURY LINE,BMW
2010,71088,Petrol,Manual,First,13.5,130.0,3115.165,CIVIC 2006-2010 1.8 V MT,HONDA
2014,55000,Diesel,Manual,First,12.99,100.6,10331.188999999998,INNOVA 2.5 VX (DIESEL) 7 SEATER,TOYOTA
2014,32700,Diesel,Automatic,First,23.3,150.0,18598.0,V40 CROSS COUNTRY D3,VOLVO
2016,39882,Petrol,Automatic,First,19.15,75.94,6090.844999999999,MICRA XV CVT,NISSAN
2009,128000,Petrol,Automatic,First,10.8,215.0,6509.3,5 SERIES 2010-2013 525I,BMW
2016,55000,Diesel,Manual,First,24.3,88.5,6974.25,VITARA BREZZA VDI,MARUTI
2005,102000,Petrol,Manual,Second,17.0,97.7,790.415,SANTRO XING XL ERLX EURO III,HYUNDAI
2014,53753,Diesel,Automatic,Second,15.0,107.3,15575.824999999999,B CLASS B200 CDI,MERCEDES-BENZ
2018,10250,Diesel,Manual,First,22.0,126.2,10182.404999999999,VERNA CRDI 1.6 SX OPTION,HYUNDAI
2011,43874,Petrol,Manual,First,18.9,67.1,2278.255,WAGON R LXI BS IV,MARUTI
2017,32684,Petrol,Automatic,First,21.9,37.48,3003.5769999999998,NANO XTA,TATA
2014,42000,Diesel,Manual,First,12.05,120.0,7206.724999999999,SCORPIO VLX,MAHINDRA
2009,28352,Petrol,Automatic,First,11.7,178.0,8694.564999999999,NEW C-CLASS 200 K AT,MERCEDES-BENZ
2013,89900,CNG,Manual,First,26.6,58.16,3022.1749999999997,WAGON R LXI CNG,MARUTI
2007,47700,Petrol,Manual,Second,10.8,152.0,4881.974999999999,CR-V 2.4 MT,HONDA
2015,55000,Diesel,Automatic,First,21.21,103.2,6741.775,VENTO 1.5 TDI COMFORTLINE AT,VOLKSWAGEN
2017,44285,Petrol,Manual,First,20.73,91.1,6946.352999999999,CIAZ VXI PLUS,MARUTI
2016,54000,Diesel,Automatic,First,16.0,140.0,12321.175,XUV500 AT W10 FWD,MAHINDRA
2016,30232,Petrol,Manual,First,21.1,85.8,5402.718999999999,RITZ VXI ABS,MARUTI
2014,88500,Petrol,Manual,First,24.07,67.1,2417.7400000000002,ALTO K10 VXI,MARUTI
2017,13372,Petrol,Automatic,First,19.0,362.07,50214.6,SLC 43 AMG,MERCEDES-BENZ
2019,12645,Petrol,Automatic,First,17.0,121.3,10693.85,VERNA VTVT 1.6 AT SX PLUS,HYUNDAI
2010,94385,Petrol,Manual,Second,19.7,46.3,1487.8400000000001,ALTO LXI BSIII,MARUTI
2015,31821,Diesel,Automatic,First,20.58,143.0,16012.877999999999,1 SERIES 118D BASE,BMW
2015,12000,Petrol,Automatic,First,19.0,88.7,5579.4,JAZZ 1.2 V CVT I VTEC,HONDA
2012,88578,Petrol,Manual,First,13.5,130.0,3673.105,CIVIC 2006-2010 1.8 V MT,HONDA
2014,44965,Diesel,Automatic,First,19.27,170.0,16691.704999999998,NEW C-CLASS C 220 CDI AVANTGARDE,MERCEDES-BENZ
2014,45044,Diesel,Manual,First,25.8,98.6,3440.63,AMAZE SX I-DTEC,HONDA
2016,34204,Petrol,Manual,First,22.0,81.8,5049.357,SWIFT VVT VXI,MARUTI
2008,80759,Petrol,Manual,Third,17.0,97.7,1552.933,SANTRO XING XO ERLX EURO II,HYUNDAI
2012,91235,Diesel,Manual,First,11.5,171.0,12544.351,FORTUNER 3.0 DIESEL,TOYOTA
2014,38800,Petrol,Manual,First,18.6,76.8,2650.215,BEAT LT OPTION,CHEVROLET
2013,83000,Diesel,Manual,First,21.14,103.52,4417.025,RAPID 1.5 TDI ELEGANCE,SKODA
2018,41283,Petrol,Manual,First,20.73,91.1,9206.01,CIAZ 1.4 ALPHA,MARUTI
2013,23000,Petrol,Automatic,First,11.05,444.0,34406.299999999996,RS5 COUPE,AUDI
2014,48000,Diesel,Automatic,First,21.76,190.0,24642.35,3 SERIES LUXURY LINE,BMW
2015,48214,Diesel,Automatic,First,17.11,174.33,21685.268,A4 2.0 TDI 177 BHP PREMIUM PLUS,AUDI
2016,35000,Diesel,Manual,First,22.9,74.0,5811.875,SWIFT VDI,MARUTI
2010,35277,Petrol,Automatic,First,7.81,362.9,27897.0,S CLASS 2005 2013 S 500,MERCEDES-BENZ
2016,54620,Diesel,Automatic,First,21.66,103.52,9168.813999999998,RAPID 1.5 TDI AT ELEGANCE PLUS BLACK PACKAGE,SKODA
2012,136997,Diesel,Automatic,First,17.2,138.1,7904.15,SUPERB ELEGANCE 2.0 TDI CR AT,SKODA
2019,14322,Petrol,Manual,First,21.1,55.2,3933.4770000000003,EON MAGNA PLUS,HYUNDAI
2012,65634,Diesel,Manual,First,22.07,73.9,3254.65,POLO DIESEL TRENDLINE 1.2L,VOLKSWAGEN
2016,6000,Petrol,Manual,First,20.63,67.06,2324.75,GO NXT,DATSUN
2013,33280,Petrol,Manual,First,19.4,86.8,2222.4610000000002,BRIO S MT,HONDA
2013,29000,Petrol,Automatic,First,14.8,120.7,10461.375,B CLASS B180,MERCEDES-BENZ
2015,42831,Diesel,Manual,First,26.0,98.6,6611.589,CITY I DTEC V,HONDA
2016,90000,Diesel,Manual,First,12.99,100.6,10135.91,INNOVA 2.5 G (DIESEL) 7 SEATER,TOYOTA
2017,24005,Petrol,Manual,First,20.4,81.8,5765.38,SWIFT VXI OPTIONAL,MARUTI
2012,32792,Diesel,Manual,First,15.1,140.0,7346.21,XUV500 W8 2WD,MAHINDRA
2014,147898,Diesel,Manual,First,22.7,89.84,4110.157999999999,ECOSPORT 1.5 DV5 MT AMBIENTE,FORD
2012,131765,Diesel,Manual,First,13.0,168.5,12553.65,FORTUNER 4X2 MANUAL,TOYOTA
2013,65000,Diesel,Automatic,First,21.5,108.5,5811.875,VENTO 1.5 HIGHLINE PLUS AT 16 ALLOY,VOLKSWAGEN
2010,66123,Diesel,Manual,Second,20.0,68.0,1952.79,FIGO DIESEL TITANIUM,FORD
2015,41000,Diesel,Automatic,First,15.3,258.0,41845.5,X5 XDRIVE 30D,BMW
2017,23550,Diesel,Automatic,First,19.27,167.62,31300.433999999997,NEW C-CLASS C 220 CDI STYLE,MERCEDES-BENZ
2012,45000,Petrol,Manual,Second,19.4,86.8,3394.1349999999998,BRIO V MT,HONDA
2013,60000,Petrol,Manual,First,20.36,78.9,2557.225,I10 MAGNA 1.2,HYUNDAI
2016,44414,Diesel,Automatic,First,17.9,170.0,39520.75,GLC 220,MERCEDES-BENZ
2019,1000,Petrol,Manual,First,18.9,81.86,6044.349999999999,GRAND I10 1.2 KAPPA ASTA,HYUNDAI
2012,62500,Diesel,Automatic,Second,17.68,174.33,17668.1,A6 2011-2015 2.0 TDI PREMIUM PLUS,AUDI
2013,21000,Petrol,Automatic,Second,14.4,103.6,4138.055,VENTO PETROL HIGHLINE AT,VOLKSWAGEN
2017,8525,Diesel,Automatic,Second,16.6,112.0,21387.7,COUNTRYMAN COOPER D,MINI
2014,29000,Diesel,Manual,First,22.54,88.73,7764.664999999999,I20 ASTA 1.4 CRDI,HYUNDAI
2014,40000,Diesel,Automatic,First,17.68,174.33,21341.204999999998,A6 2011-2015 2.0 TDI PREMIUM PLUS,AUDI
2012,88000,Diesel,Manual,First,25.44,57.6,1394.85,BEAT DIESEL LT,CHEVROLET
2012,53537,Petrol,Automatic,First,13.7,157.75,6407.0109999999995,SUPERB ELEGANCE 1.8 TSI AT,SKODA
2006,216000,Diesel,Manual,Second,17.8,68.0,1348.355,FIESTA 1.4 TDCI EXI LIMITED EDITION,FORD
2014,51000,Diesel,Automatic,First,22.48,190.0,31151.649999999998,5 SERIES 520D LUXURY LINE,BMW
2007,118500,Petrol,Manual,First,12.9,102.5,1162.375,OPTRA MAGNUM 1.6 LS BS3,CHEVROLET
2012,63000,Diesel,Manual,First,22.07,73.9,3905.58,POLO DIESEL HIGHLINE 1.2L,VOLKSWAGEN
2015,25000,Diesel,Manual,First,19.98,108.5,6276.825,LODGY 110PS RXZ 8 SEATER,RENAULT
2014,37382,Diesel,Automatic,First,13.0,201.1,29756.8,E-CLASS E250 CDI AVANTGRADE,MERCEDES-BENZ
2017,24773,Petrol,Manual,First,21.4,83.1,6974.25,BALENO ALPHA,MARUTI
2012,62000,Diesel,Manual,First,22.32,126.32,4277.54,VERNA 1.6 SX,HYUNDAI
2017,52340,Petrol,Manual,First,19.81,68.05,3756.796,I10 MAGNA 1.1,HYUNDAI
2016,56739,Diesel,Manual,First,15.4,120.0,9587.269,SCORPIO 1.99 S10 4WD,MAHINDRA
2018,36091,Diesel,Automatic,First,12.7,187.7,51851.223999999995,ROVER RANGE ROVER 2.2L DYNAMIC,LAND
2010,120000,Diesel,Manual,First,20.0,68.0,2417.7400000000002,FIGO DIESEL ZXI,FORD
2016,33000,Diesel,Manual,First,25.47,88.5,7904.15,ERTIGA ZDI,MARUTI
2007,60006,Petrol,Manual,First,0.0,97.7,2743.205,CITY 1.5 GXI,HONDA
2014,52000,Diesel,Manual,First,25.8,98.6,3254.65,AMAZE S I-DTECH,HONDA
2015,43571,Petrol,Manual,First,20.36,78.9,3301.1449999999995,I10 MAGNA,HYUNDAI
2013,50000,Diesel,Manual,First,25.8,98.6,3022.1749999999997,AMAZE S I-DTECH,HONDA
2008,113000,Diesel,Manual,First,17.5,106.0,4184.55,LAURA AMBIENTE,SKODA
2014,90000,Diesel,Manual,First,19.87,83.8,4974.964999999999,DUSTER 85PS DIESEL RXL,RENAULT
2017,29000,Diesel,Manual,Second,17.45,100.0,6044.349999999999,NUVOSPORT N6,MAHINDRA
2016,20000,Diesel,Manual,First,24.3,88.5,8369.1,VITARA BREZZA ZDI PLUS DUAL TONE,MARUTI
2016,61012,Petrol,Manual,First,18.6,81.83,5579.4,I20 ASTA OPTION 1.2,HYUNDAI
2009,87459,Petrol,Manual,First,14.7,85.0,2557.225,FABIA 1.4 MPI AMBIENTE,SKODA
2010,70500,Petrol,Manual,First,15.64,64.1,1394.85,INDIGO ECS GLX,TATA
2015,64103,Diesel,Automatic,First,15.73,174.33,18505.01,Q3 2012-2015 35 TDI QUATTRO PREMIUM PLUS,AUDI
2014,76000,Petrol,Automatic,First,14.7,177.5,9299.0,OCTAVIA ELEGANCE 1.8 TSI AT,SKODA
2014,104000,Diesel,Manual,First,23.59,67.06,2789.7,ETIOS LIVA GD SP,TOYOTA
2010,42001,Petrol,Manual,First,16.1,97.7,1962.089,SWIFT 1.3 VXI,MARUTI
2014,37245,Petrol,Automatic,First,14.8,120.7,11121.604000000001,B CLASS B180,MERCEDES-BENZ
2013,45000,Diesel,Manual,First,27.4,98.6,3022.1749999999997,AMAZE S DIESEL,HONDA
2012,117837,Diesel,Manual,Second,22.32,126.32,4417.025,VERNA 1.6 SX,HYUNDAI
2014,30000,Diesel,Manual,First,20.46,83.8,5532.905,DUSTER 85PS DIESEL RXL OPTIONAL,RENAULT
2015,27057,Petrol,Manual,Second,15.29,121.3,7578.685,CRETA 1.6 VTVT S,HYUNDAI
2016,8500,Petrol,Automatic,First,20.51,67.0,3924.178,WAGON R AMT VXI,MARUTI
2010,30500,Petrol,Automatic,First,11.74,186.0,9763.949999999999,NEW C-CLASS C250 AVANTGARDE,MERCEDES-BENZ
2012,56000,Diesel,Automatic,First,11.8,246.7,41845.5,A8 L 3.0 TDI QUATTRO,AUDI
2012,44000,Petrol,Manual,Second,19.81,68.05,2696.71,I10 MAGNA 1.1,HYUNDAI
2017,10500,Petrol,Automatic,First,14.3,103.52,8276.11,RAPID 1.6 MPI AT STYLE BLACK PACKAGE,SKODA
2017,26000,Petrol,Automatic,First,14.67,177.46,24177.399999999998,SUPERB STYLE 1.8 TSI AT,SKODA
2018,25166,Petrol,Manual,First,17.19,81.86,7643.778,I20 ACTIVE 1.2 SX,HYUNDAI
2014,64000,Diesel,Manual,Second,25.8,98.6,3254.65,AMAZE VX I-DTEC,HONDA
2004,61000,Petrol,Manual,Second,18.9,67.1,1162.375,WAGON R LXI,MARUTI
2013,107000,Diesel,Manual,First,21.03,65.0,3440.63,VERITO 1.5 D4 BSIV,MAHINDRA
2018,29161,Diesel,Automatic,First,19.27,167.62,36647.359,NEW C-CLASS C 220D AVANTGARDE EDITION C,MERCEDES-BENZ
2013,32000,Petrol,Manual,First,22.5,67.04,2464.2349999999997,WAGON R VXI,MARUTI
2015,46173,Diesel,Manual,Second,19.01,108.5,8294.708,TERRANO XV PREMIUM 110 PS ANNIVERSARY EDITION,NISSAN
2013,47000,Diesel,Manual,First,17.8,97.7,3812.5899999999997,SWIFT VDI BSIV,MARUTI
2017,26327,Petrol,Automatic,First,16.82,189.08,33169.533,COOPER CONVERTIBLE S,MINI
2015,70436,Diesel,Manual,First,0.0,99.0,3347.64,FIGO DIESEL,FORD
2007,200000,Diesel,Manual,Second,17.2,53.5,790.415,INDICA V2 DLS BSII,TATA
2016,60813,Petrol,Manual,Second,18.6,76.8,3087.2679999999996,BEAT LT,CHEVROLET
2012,45000,Diesel,Manual,First,22.07,73.9,3347.64,POLO DIESEL COMFORTLINE 1.2L,VOLKSWAGEN
2016,64000,Diesel,Manual,First,22.9,74.0,6323.32,SWIFT ZDI,MARUTI
2012,41284,Diesel,Manual,First,20.0,68.05,2324.75,FIGO DIESEL EXI,FORD
2019,14165,Diesel,Automatic,First,11.36,171.5,18263.236,INNOVA CRYSTA 2.8 GX AT,TOYOTA
2011,67000,Diesel,Automatic,Second,11.72,194.3,6509.3,SANTA FE 4X4 AT,HYUNDAI
2011,32572,Petrol,Manual,First,17.4,117.3,3598.713,CITY I-VTEC V,HONDA
2018,14960,Petrol,Manual,First,18.6,81.83,5830.472999999999,I20 1.2 MAGNA EXECUTIVE,HYUNDAI
2015,55980,Diesel,Automatic,First,19.27,167.62,16849.788,NEW C-CLASS C 220D AVANTGARDE EDITION C,MERCEDES-BENZ
2013,74000,Diesel,Manual,First,25.44,57.6,2464.2349999999997,BEAT DIESEL LT,CHEVROLET
2015,56847,Diesel,Manual,First,22.54,88.73,6695.28,I20 SPORTZ 1.4 CRDI,HYUNDAI
2015,121374,Diesel,Manual,First,12.99,100.6,13297.57,INNOVA 2.5 Z DIESEL 7 SEATER,TOYOTA
2013,52000,Diesel,Manual,First,20.77,88.76,6416.31,ERTIGA VDI,MARUTI
2014,118000,Diesel,Manual,First,12.8,102.0,9996.425,INNOVA 2.5 V DIESEL 7-SEATER,TOYOTA
2007,72000,Petrol,Manual,Third,17.0,97.7,883.405,SANTRO XING XO ERLX EURO II,HYUNDAI
2016,33915,Petrol,Manual,First,17.8,117.3,7522.891,CITY I VTEC V,HONDA
2014,82002,Diesel,Automatic,First,17.05,184.0,17203.149999999998,X1 SDRIVE20D,BMW
2017,33000,Diesel,Manual,First,24.0,70.0,4417.025,GRAND I10 CRDI ERA,HYUNDAI
2016,34000,Diesel,Manual,First,28.09,88.5,7857.654999999999,CIAZ 1.3 ALPHA,MARUTI
2012,55000,Diesel,Manual,First,20.5,103.6,3254.65,RAPID LEISURE 1.6 TDI MT,SKODA
2006,160538,Diesel,Manual,First,13.1,82.0,1673.82,ACCENT CRDI,HYUNDAI
2014,60000,Diesel,Manual,Second,19.91,103.6,3440.63,POLO GT 1.5 TDI,VOLKSWAGEN
2017,49575,Petrol,Manual,First,18.7,88.7,6667.383,JAZZ 1.2 VX I VTEC,HONDA
2010,83000,Petrol,Manual,First,19.81,68.05,1627.325,I10 ERA,HYUNDAI
2018,51346,Diesel,Automatic,First,16.38,183.0,20448.500999999997,TUCSON 2.0 E-VGT 2WD AT GLS,HYUNDAI
2017,43000,Diesel,Manual,First,13.68,147.8,17342.635,INNOVA CRYSTA 2.4 ZX MT,TOYOTA
2011,35000,Petrol,Manual,Third,19.7,35.0,1720.315,OMNI MPI CARGO BSIII W/ IMMOBILISER,MARUTI
2017,27872,Petrol,Manual,Second,20.4,81.8,5532.905,SWIFT VXI BSIV,MARUTI
2014,16514,Petrol,Manual,First,18.9,82.0,3487.125,GRAND I10 MAGNA,HYUNDAI
2012,120000,Diesel,Manual,First,22.9,74.0,3487.125,SWIFT VDI,MARUTI
2008,143275,Diesel,Manual,First,22.0,126.2,2417.7400000000002,VERNA CRDI 1.6 SX,HYUNDAI
2006,99000,Petrol,Manual,First,0.0,97.7,1627.325,SANTRO XING XL,HYUNDAI
2010,52000,Petrol,Manual,First,17.0,80.0,2603.72,I20 1.2 SPORTZ,HYUNDAI
2017,29819,Diesel,Automatic,First,11.57,254.79,56993.570999999996,GLE 350D,MERCEDES-BENZ
2014,57000,Diesel,Manual,Second,15.8,170.0,16738.2,NEW C-CLASS C 220 CDI CLASSIC,MERCEDES-BENZ
2014,88500,Diesel,Manual,First,23.2,73.94,4045.0649999999996,RITZ ZDI,MARUTI
2016,28000,Diesel,Manual,First,19.67,126.2,12786.125,CRETA 1.6 CRDI SX,HYUNDAI
2010,67000,Petrol,Manual,First,19.0,66.1,1859.8,A-STAR VXI,MARUTI
2016,26000,Diesel,Manual,First,19.64,108.45,9299.0,DUSTER 110PS DIESEL RXZ OPTION,RENAULT
2010,120000,Diesel,Manual,First,17.8,76.0,1534.3349999999998,GRANDE PUNTO 1.3 EMOTION PACK (DIESEL),FIAT
2017,51982,Diesel,Automatic,First,16.55,258.0,42561.523,X3 XDRIVE30D M SPORT,BMW
2010,36000,Petrol,Manual,Second,20.36,78.9,3022.1749999999997,I10 SPORTZ,HYUNDAI
2016,47000,Diesel,Manual,First,12.8,102.0,11902.720000000001,INNOVA 2.5 G4 DIESEL 7-SEATER,TOYOTA
2002,60000,Petrol,Manual,Third,17.3,60.0,511.44500000000005,ZEN VXI BSII,MARUTI
2018,31025,Diesel,Manual,First,28.4,74.0,6648.785,SWIFT VDI,MARUTI
2013,105000,Diesel,Manual,Second,12.05,120.0,6509.3,SCORPIO VLX 2.2 MHAWK AIRBAG BSIV,MAHINDRA
2017,121900,Diesel,Manual,First,22.95,74.0,3487.125,ZEST QUADRAJET 1.3 75PS XE,TATA
2017,22695,Petrol,Manual,First,18.88,123.24,7904.15,ECOSPORT 1.0 ECOBOOST TITANIUM PLUS,FORD
2012,73000,Diesel,Manual,First,23.4,74.0,4045.0649999999996,SWIFT DZIRE ZDI,MARUTI
2016,32227,Petrol,Manual,First,22.74,47.3,3031.4739999999997,ALTO 800 LXI,MARUTI
2011,55000,Petrol,Manual,First,17.0,118.0,3914.879,CITY 1.5 S MT,HONDA
2018,11287,Diesel,Automatic,First,12.07,241.4,65427.763999999996,Q7 3.0 TDI QUATTRO TECHNOLOGY,AUDI
2009,48000,Diesel,Automatic,Second,17.0,105.0,2743.205,LAURA 1.9 TDI AT AMBIENTE,SKODA
2012,54308,Petrol,Manual,First,17.1,121.3,3979.972,VERNA 1.6 SX VTVT (O),HYUNDAI
2009,78442,Petrol,Automatic,First,16.8,118.0,3319.743,CITY 1.5 V AT,HONDA
2013,46000,Diesel,Manual,First,21.9,88.8,2891.989,I20 MAGNA OPTIONAL 1.4 CRDI,HYUNDAI
2014,45051,Petrol,Automatic,First,15.0,98.6,5542.204,I20 SPORTZ AT 1.4,HYUNDAI
2011,69000,Diesel,Manual,First,20.54,103.6,4370.53,VENTO DIESEL HIGHLINE,VOLKSWAGEN
2014,49000,Petrol,Manual,First,17.4,117.3,6416.31,CITY I VTEC VX,HONDA
2018,45000,Diesel,Manual,First,22.95,74.0,4881.974999999999,ZEST QUADRAJET 1.3 75PS XE,TATA
2015,64000,Diesel,Automatic,First,18.48,177.0,26037.2,5 SERIES 2003-2012 520D,BMW
2009,60000,Petrol,Manual,First,18.9,67.0,1255.365,WAGON R LXI MINOR,MARUTI
2015,62178,Petrol,Manual,First,18.2,88.7,4510.014999999999,JAZZ VX,HONDA
2012,58006,Diesel,Manual,First,15.0,105.0,6230.33,JETTA 2007-2011 2.0 TDI COMFORTLINE,VOLKSWAGEN
2010,74000,Petrol,Manual,First,20.36,78.9,2882.69,I10 MAGNA 1.2,HYUNDAI
2015,77771,Diesel,Automatic,First,19.27,170.0,17333.336,NEW C-CLASS C 220 CDI AVANTGARDE,MERCEDES-BENZ
2012,45275,Petrol,Manual,First,20.36,78.9,2603.72,I10 MAGNA 1.2 ITECH SE,HYUNDAI
2016,48000,Diesel,Manual,First,13.68,147.8,18830.475,INNOVA CRYSTA 2.4 ZX MT,TOYOTA
2015,31652,Diesel,Automatic,First,17.68,174.33,24902.722,A6 2011-2015 2.0 TDI TECHNOLOGY,AUDI
2010,109000,Diesel,Manual,Second,12.99,100.6,7680.973999999999,INNOVA 2.5 VX (DIESEL) 7 SEATER,TOYOTA
2015,31978,Petrol,Manual,First,16.47,73.9,3617.311,POLO PETROL TRENDLINE 1.2L,VOLKSWAGEN
2011,70000,Petrol,Manual,First,20.92,67.1,1952.79,ALTO K10 LXI,MARUTI
2017,15000,Petrol,Automatic,First,18.0,117.3,11800.430999999999,CITY I-VTEC CVT ZX,HONDA
2013,59138,Diesel,Manual,First,17.0,70.0,2399.142,INDIGO LX,TATA
2014,61726,Diesel,Automatic,First,17.68,174.33,19314.022999999997,A6 2011-2015 2.0 TDI PREMIUM PLUS,AUDI
2015,48000,Diesel,Automatic,First,17.9,136.0,18839.774,GLA CLASS 200 CDI SPORT,MERCEDES-BENZ
2006,58000,Petrol,Manual,Second,0.0,97.7,1394.85,SANTRO XING XL,HYUNDAI
2011,60020,Diesel,Manual,First,17.8,97.7,2324.75,SWIFT VDI BSIV,MARUTI
2014,77815,Petrol,Automatic,First,23.1,67.04,3952.075,CELERIO VXI AT,MARUTI
2017,29000,Diesel,Automatic,First,17.9,201.15,53004.299999999996,GLE 250D,MERCEDES-BENZ
2017,44000,Diesel,Automatic,First,12.7,187.7,40915.6,ROVER RANGE ROVER HSE DYNAMIC,LAND
2011,108626,Diesel,Manual,First,20.54,103.6,3394.1349999999998,VENTO DIESEL TRENDLINE,VOLKSWAGEN
2012,71791,Petrol,Manual,First,14.0,35.0,1906.2949999999998,OMNI 8 SEATER BSIV,MARUTI
2012,91931,Petrol,Manual,First,18.5,86.8,2910.587,BRIO 1.2 VX MT,HONDA
2000,158000,Diesel,Manual,Second,14.07,83.1,1394.85,SUMO DELUX,TATA
2012,91183,Diesel,Manual,First,18.0,75.0,2650.215,INDICA VISTA AURA 1.3 QUADRAJET,TATA
2012,65000,Petrol,Manual,First,18.9,67.1,2464.2349999999997,WAGON R LXI BS IV,MARUTI
2015,88428,Diesel,Manual,First,16.0,140.0,9856.939999999999,XUV500 W8 4WD,MAHINDRA
2008,138000,Diesel,Manual,Second,17.1,70.0,1162.375,INDIGO LS DICOR,TATA
2018,18000,Petrol,Manual,First,16.02,93.7,7671.675,ERTIGA PASEO VXI,MARUTI
2011,60000,Petrol,Automatic,First,11.7,177.6,4138.055,ACCORD 2.4 A/T,HONDA
2012,48000,Diesel,Manual,First,19.3,73.9,3440.63,SWIFT DZIRE VDI,MARUTI
2009,160000,Diesel,Manual,First,17.8,68.0,2603.72,FIESTA EXI 1.4 TDCI LTD,FORD
2008,40000,Petrol,Manual,First,17.7,78.0,1673.82,CITY ZX GXI,HONDA
2014,51495,Diesel,Automatic,First,17.68,174.33,20411.305,A6 2011-2015 2.0 TDI PREMIUM PLUS,AUDI
2011,30000,Diesel,Automatic,First,9.52,313.0,45565.1,6 SERIES 640D GRAN COUPE,BMW
2017,97430,Diesel,Automatic,First,14.75,245.0,58276.833,Q7 45 TDI QUATTRO TECHNOLOGY,AUDI
2008,42496,CNG,Manual,First,26.3,67.1,1301.86,ZEN ESTILO LXI GREEN (CNG),MARUTI
2012,83000,Diesel,Manual,First,23.0,90.0,5114.45,I20 1.4 CRDI ASTA,HYUNDAI
2009,37000,Petrol,Automatic,Third,16.95,78.9,2743.205,I10 SPORTZ AT,HYUNDAI
2016,28503,Petrol,Automatic,First,19.0,88.7,6379.1140000000005,JAZZ 1.2 V CVT I VTEC,HONDA
2015,76496,Diesel,Manual,First,25.2,74.0,5718.885,SWIFT VDI BSIV,MARUTI
2011,79152,Petrol,Manual,Second,18.5,82.85,3068.6699999999996,I20 ASTA 1.2,HYUNDAI
2011,32000,Petrol,Manual,First,16.47,73.9,2371.245,POLO PETROL COMFORTLINE 1.2L,VOLKSWAGEN
2009,35000,Petrol,Manual,First,19.7,46.3,1394.85,ALTO LXI,MARUTI
2004,105000,Petrol,Automatic,Second,11.3,125.0,2324.75,COROLLA H4,TOYOTA
2006,56000,Petrol,Manual,Second,19.7,46.3,1301.86,ALTO LXI,MARUTI
2012,73000,Diesel,Manual,First,21.12,88.8,3161.66,MANZA ELAN QUADRAJET BS IV,TATA
2012,38000,Petrol,Manual,First,19.7,46.3,2092.275,ALTO LXI,MARUTI
2013,775000,Diesel,Automatic,First,19.3,141.0,6974.25,OCTAVIA AMBITION PLUS 2.0 TDI AT,SKODA
2008,80000,Petrol,Automatic,First,11.3,125.0,2603.72,COROLLA H4,TOYOTA
2016,24973,Petrol,Manual,First,18.6,81.83,7123.034,I20 ASTA OPTION 1.2,HYUNDAI
2016,45000,Diesel,Manual,First,24.3,88.5,6648.785,VITARA BREZZA LDI,MARUTI
2010,87430,Petrol,Manual,First,17.0,118.0,3254.65,CITY 1.5 V MT,HONDA
2014,133944,Diesel,Manual,Second,18.0,75.0,3254.65,INDICA VISTA AQUA 1.3 QUADRAJET,TATA
2013,57000,Diesel,Manual,First,25.8,98.6,3208.155,AMAZE S I-DTECH,HONDA
2016,27904,Petrol,Manual,First,21.1,55.2,3301.1449999999995,EON D LITE PLUS,HYUNDAI
2015,30717,Diesel,Automatic,Second,21.76,190.0,24168.101,3 SERIES LUXURY LINE,BMW
2012,80000,Diesel,Manual,First,22.32,126.32,4881.974999999999,VERNA 1.6 SX,HYUNDAI
2013,47304,Diesel,Manual,First,21.02,88.8,2696.71,MANZA CLUB CLASS QUADRAJET90 LS,TATA
2005,100000,Petrol,Automatic,First,14.45,227.0,1906.2949999999998,OCTAVIA RS,SKODA
2017,30000,Petrol,Manual,First,24.07,67.1,3487.125,ALTO K10 VXI,MARUTI
2014,68000,Diesel,Manual,First,22.7,89.84,6276.825,ECOSPORT 1.5 DV5 MT TITANIUM OPTIONAL,FORD
2011,21000,Petrol,Manual,Second,18.0,62.0,883.405,SPARK 1.0 LS,CHEVROLET
2017,21000,Diesel,Automatic,First,19.33,177.0,48354.799999999996,XF 2.0 DIESEL PORTFOLIO,JAGUAR
2007,119000,Petrol,Manual,Third,13.1,141.1,3635.909,CR-V RVI MT,HONDA
2019,13747,Petrol,Automatic,First,14.67,177.46,25386.27,SUPERB L&K 1.8 TSI AT,SKODA
2009,620000,Petrol,Manual,First,20.36,78.9,2510.73,I10 MAGNA 1.2,HYUNDAI
2013,70000,Diesel,Manual,First,22.9,74.0,3254.65,SWIFT LDI,MARUTI
2016,18000,Petrol,Automatic,First,18.5,83.14,5765.38,SWIFT DZIRE VXI AT,MARUTI
2011,83000,Diesel,Manual,First,23.08,63.1,2557.225,MICRA DIESEL XV,NISSAN
2015,130000,Diesel,Manual,First,23.4,74.0,3022.1749999999997,SWIFT DZIRE TOUR LDI,MARUTI
2012,63400,Diesel,Manual,First,17.8,67.0,3022.1749999999997,FIESTA CLASSIC 1.4 DURATORQ CLXI,FORD
2003,65000,Petrol,Manual,First,17.3,60.0,604.4350000000001,ZEN LX,MARUTI
2017,8350,Petrol,Manual,First,13.8,192.0,32546.5,CLUBMAN COOPER S,MINI
2014,45000,Diesel,Manual,First,23.59,67.05,3022.1749999999997,ETIOS GD,TOYOTA
2018,26200,Petrol,Manual,First,24.7,47.3,2696.71,ALTO 800 2016-2019 LXI,MARUTI
2011,11000,Petrol,Manual,Third,18.9,47.0,2696.71,ALTO VXI,MARUTI
2009,90000,Diesel,Automatic,Second,11.0,235.0,16505.725,X5 3.0D,BMW
2015,74000,Petrol,Automatic,Second,11.07,179.5,7671.675,TEANA XV,NISSAN
2015,37081,Petrol,Automatic,First,18.9,82.0,5365.522999999999,GRAND I10 AT ASTA,HYUNDAI
2017,39000,Diesel,Manual,First,24.3,88.5,8824.751,VITARA BREZZA ZDI PLUS,MARUTI
2008,99000,Diesel,Automatic,Third,12.07,241.4,12042.205,Q7 3.0 TDI QUATTRO PREMIUM PLUS,AUDI
2015,38000,Diesel,Automatic,First,17.9,136.0,18598.0,GLA CLASS 200 CDI,MERCEDES-BENZ
2007,72000,Petrol,Manual,Third,16.1,37.0,929.9,800 AC,MARUTI
2015,93000,Diesel,Manual,Second,20.45,83.8,6602.289999999999,DUSTER 85PS DIESEL RXL,RENAULT
2017,5900,Diesel,Manual,First,21.43,87.2,15343.35,COROLLA ALTIS D-4D GL,TOYOTA
2014,25000,Diesel,Manual,First,15.8,170.0,24177.399999999998,NEW C-CLASS 220,MERCEDES-BENZ
2010,68000,Diesel,Manual,Second,21.1,73.9,2975.6800000000003,RITZ VDI,MARUTI
2017,35676,Petrol,Automatic,First,16.0,117.3,8815.452,BRV I-VTEC V CVT,HONDA
2015,74310,Diesel,Manual,First,24.4,71.0,3719.6,XCENT 1.1 CRDI BASE,HYUNDAI
2014,59364,Diesel,Automatic,First,14.21,203.0,24642.35,E-CLASS 2009-2013 E250 CDI AVANTGARDE,MERCEDES-BENZ
2014,41380,Petrol,Automatic,Second,14.8,120.7,10944.922999999999,B CLASS B180,MERCEDES-BENZ
2017,33900,Diesel,Automatic,First,15.0,204.0,34406.299999999996,E-CLASS 2015-2017 E250 EDITION E,MERCEDES-BENZ
2016,28000,Petrol,Manual,First,17.8,117.3,8136.625,CITY I VTEC VX OPTION,HONDA
2007,50958,Petrol,Manual,First,17.0,97.7,1813.3049999999998,SANTRO XING XL ERLX EURO III,HYUNDAI
2011,93982,Petrol,Manual,First,17.0,118.0,3487.125,CITY 1.5 S MT,HONDA
2010,95000,Petrol,Manual,First,16.2,103.2,2324.75,VERNA TRANSFORM VTVT,HYUNDAI
2017,9000,Petrol,Automatic,First,13.5,246.74,32081.55,XE PORTFOLIO,JAGUAR
2015,52516,Petrol,Manual,First,18.0,86.7,4324.035,AMAZE S I-VTECH,HONDA
2015,20000,Petrol,Automatic,First,18.86,122.0,29756.8,COOPER CONVERTIBLE 1.6,MINI
2017,56451,Diesel,Automatic,First,13.5,282.0,58407.019,S CLASS 2005 2013 S 350 CDI,MERCEDES-BENZ
2014,37000,Petrol,Manual,First,21.1,55.2,3022.1749999999997,EON MAGNA PLUS,HYUNDAI
2014,17400,Petrol,Manual,First,20.51,67.04,2882.69,WAGON R VXI BS IV,MARUTI
2011,90207,Diesel,Manual,First,21.1,73.9,3635.909,RITZ LDI,MARUTI
2011,89616,Diesel,Automatic,First,16.07,181.0,10228.9,3 SERIES 320D SEDAN,BMW
2014,85000,Diesel,Manual,First,13.49,138.03,3254.65,XENON XT EX 4X2,TATA
2014,79271,Diesel,Automatic,First,20.38,143.0,15343.35,A3 35 TDI ATTRACTION,AUDI
2012,56000,Diesel,Automatic,First,12.7,187.7,27897.0,ROVER RANGE ROVER 2.2L DYNAMIC,LAND
2010,85001,Diesel,Automatic,Second,12.0,224.0,26037.2,GL-CLASS 2007 2012 350 CDI LUXURY,MERCEDES-BENZ
2018,12000,Diesel,Automatic,First,13.5,175.56,26037.2,PAJERO SPORT 4X2 AT DUALTONE BLACKTOP,MITSUBISHI
2010,125000,Petrol,Manual,First,19.7,46.3,855.508,ALTO LX,MARUTI
2013,53000,Petrol,Manual,First,14.0,64.0,2557.225,WAGON R LXI BSIII,MARUTI
2017,34990,Diesel,Automatic,First,12.7,187.7,50056.517,ROVER RANGE ROVER 2.2L PRESTIGE,LAND
2011,49768,Petrol,Manual,Second,17.01,121.3,4603.005,VERNA 1.6 SX VTVT,HYUNDAI
2013,56000,Diesel,Automatic,First,16.73,218.0,31151.649999999998,5 SERIES 525D SEDAN,BMW
2013,75000,Diesel,Automatic,First,14.74,270.9,25990.704999999998,XF DIESEL,JAGUAR
2010,57000,Petrol,Automatic,First,13.7,157.75,6741.775,SUPERB ELEGANCE 1.8 TSI AT,SKODA
2017,37542,Diesel,Automatic,First,15.73,174.33,23907.729,Q3 35 TDI QUATTRO PREMIUM,AUDI
2014,95649,Diesel,Automatic,First,12.7,187.7,27590.133,ROVER RANGE ROVER 2.2L PURE,LAND
2013,35299,Diesel,Automatic,First,14.84,170.0,17668.1,NEW C-CLASS 220 CDI AT,MERCEDES-BENZ
2017,28464,Diesel,Manual,First,15.4,120.0,12135.195,SCORPIO S10 4WD,MAHINDRA
2015,41000,Diesel,Automatic,First,21.76,190.0,23712.45,3 SERIES LUXURY LINE,BMW
2017,9000,Petrol,Manual,First,15.4,117.3,7904.15,BR-V I-VTEC S MT,HONDA
2010,92098,Diesel,Automatic,Second,16.0,215.0,6741.775,S80 2006-2013 D5,VOLVO
2005,5834,Petrol,Manual,First,13.2,94.0,743.9200000000001,ACCENT GLE,HYUNDAI
2017,40250,Petrol,Manual,First,17.19,81.86,6416.31,I20 ACTIVE SX PETROL,HYUNDAI
2018,22397,Petrol,Automatic,First,11.5,367.0,66013.601,GLC 43 AMG COUPE,MERCEDES-BENZ
2015,20800,Petrol,Manual,Second,21.1,55.2,2092.275,EON MAGNA PLUS,HYUNDAI
2018,40322,Petrol,Manual,First,18.9,81.86,5114.45,GRAND I10 SPORTZ EDITION,HYUNDAI
2013,52576,Petrol,Manual,First,13.0,100.0,4045.0649999999996,CITY 1.5 EXI S,HONDA
2010,55000,Petrol,Manual,First,16.47,73.9,2092.275,POLO PETROL TRENDLINE 1.2L,VOLKSWAGEN
2016,47000,Petrol,Automatic,First,15.26,187.74,22782.55,A6 35 TFSI MATRIX,AUDI
2010,42021,Diesel,Manual,First,0.0,97.7,5067.955,JETTA 2007-2011 1.9 L TDI,VOLKSWAGEN
2017,23163,Petrol,Manual,First,15.29,121.3,11186.696999999998,CRETA 1.6 SX PLUS DUAL TONE PETROL,HYUNDAI
2011,50000,Petrol,Automatic,Second,11.74,186.0,7904.15,NEW C-CLASS C 200 CGI AVANTGARDE,MERCEDES-BENZ
2014,11900,Petrol,Automatic,First,16.82,189.08,26502.149999999998,COOPER CONVERTIBLE S,MINI
2006,108000,Petrol,Manual,Second,17.0,97.7,1115.8799999999999,SANTRO XING XO ERLX EURO II,HYUNDAI
2013,37000,Diesel,Manual,First,23.59,67.04,5346.925,ETIOS VD,TOYOTA
2014,30000,Petrol,Manual,Second,19.4,86.8,2975.6800000000003,BRIO S MT,HONDA
2018,12831,Petrol,Automatic,First,21.4,83.1,9196.711000000001,BALENO ALPHA AUTOMATIC,MARUTI
2012,143017,Diesel,Automatic,First,20.0,138.1,6118.742,LAURA AMBIENTE 2.0 TDI CR AT,SKODA
2018,13102,Petrol,Manual,First,21.1,55.2,3775.3939999999993,EON ERA PLUS,HYUNDAI
2019,24950,Diesel,Manual,First,20.37,108.45,12432.762999999999,CAPTUR 1.5 DIESEL RXL,RENAULT
2011,57832,Diesel,Automatic,First,16.2,258.0,24010.018,5 SERIES 2003-2012 GT 530D LE,BMW
2016,34267,Petrol,Manual,First,22.74,47.3,3477.826,ALTO 800 LXI,MARUTI
2015,33000,Diesel,Automatic,Second,16.8,150.0,20457.8,V40 D3,VOLVO
2007,55100,Petrol,Manual,First,18.9,67.1,1348.355,WAGON R LXI BSII,MARUTI
2008,40000,Petrol,Manual,First,17.7,78.0,1859.8,CITY ZX GXI,HONDA
2017,31841,CNG,Manual,First,15.1,73.0,4370.53,EECO 5 STR WITH AC PLUS HTR CNG,MARUTI
2014,15000,Petrol,Manual,First,13.7,98.79,3487.125,ENJOY 1.4 LS 8,CHEVROLET
2016,82756,Diesel,Manual,First,15.96,62.1,7160.23,BOLERO ZLX,MAHINDRA
2012,50243,Petrol,Manual,First,0.0,97.7,3115.165,SANTRO GLS I - EURO I,HYUNDAI
2014,20600,Petrol,Manual,First,21.1,55.2,2417.7400000000002,EON D LITE,HYUNDAI
2017,29952,Petrol,Automatic,First,13.0,121.3,12804.723,CRETA 1.6 SX PLUS PETROL AUTOMATIC,HYUNDAI
2017,15000,Petrol,Manual,Second,16.09,103.5,6602.289999999999,VENTO 1.6 COMFORTLINE,VOLKSWAGEN
2008,61938,Petrol,Automatic,Second,12.9,130.0,2464.2349999999997,CIVIC 2006-2010 1.8 S AT,HONDA
2014,67000,Diesel,Manual,First,22.3,74.0,2324.75,INDICA VISTA QUADRAJET LS,TATA
2013,61672,Diesel,Manual,First,16.0,140.0,7002.147,XUV500 W8 2WD,MAHINDRA
2017,26185,Petrol,Manual,First,18.6,81.83,7420.602,I20 1.2 ASTA OPTION,HYUNDAI
2014,38000,Diesel,Automatic,Second,14.16,174.3,36266.1,Q5 30 TDI QUATTRO PREMIUM PLUS,AUDI
2011,67000,Petrol,Manual,Second,18.5,85.8,2092.275,RITZ VXI,MARUTI
2010,66000,Petrol,Manual,Second,13.17,114.0,3580.115,CEDIA SPORTS,MITSUBISHI
2015,80883,Diesel,Manual,First,12.8,102.0,12553.65,INNOVA 2.5 V DIESEL 7-SEATER,TOYOTA
2016,80219,Diesel,Manual,First,27.62,47.0,3254.65,CELERIO LDI,MARUTI
2018,12923,Diesel,Manual,First,25.1,88.5,8294.708,S-CROSS DELTA DDIS 200 SH,MARUTI
2016,86642,Diesel,Automatic,First,15.17,181.0,18942.063000000002,Q3 35 TDI QUATTRO PREMIUM PLUS,AUDI
2016,19235,Diesel,Automatic,First,21.76,190.0,33941.35,3 SERIES LUXURY LINE,BMW
2016,51002,Diesel,Automatic,First,11.33,335.2,45481.40899999999,Q7 4.2 TDI QUATTRO TECHNOLOGY,AUDI
2016,6800,Petrol,Manual,First,18.6,81.83,6695.28,I20 2015-2017 ASTA 1.2,HYUNDAI
2012,82749,Diesel,Manual,First,19.01,108.45,5570.101,DUSTER 110PS DIESEL RXL,RENAULT
2016,51000,Diesel,Manual,First,24.4,71.0,4881.974999999999,XCENT 1.1 CRDI S CELEBRATION EDITION,HYUNDAI
2014,31465,Diesel,Manual,First,22.7,89.84,6044.349999999999,ECOSPORT 1.5 DV5 MT TITANIUM,FORD
2013,76476,Petrol,Manual,First,16.47,73.9,4091.5600000000004,POLO PETROL TRENDLINE 1.2L,VOLKSWAGEN
2017,14000,Diesel,Manual,First,24.0,70.0,4277.54,GRAND I10 CRDI MAGNA,HYUNDAI
2013,47000,Diesel,Manual,First,21.12,88.8,2743.205,MANZA AQUA QUADRAJET BS IV,TATA
2011,48466,Petrol,Manual,First,17.0,118.0,3031.4739999999997,CITY 1.5 V MT,HONDA
2008,46000,Petrol,Manual,Second,17.92,62.1,2064.378,SANTRO XING GLS,HYUNDAI
2012,162663,Diesel,Manual,First,12.99,100.0,9763.949999999999,INNOVA 2.5 VX (DIESEL) 7 SEATER,TOYOTA
2017,25142,Diesel,Manual,First,28.09,88.5,7680.973999999999,CIAZ 1.3 S,MARUTI
2013,69000,Diesel,Manual,First,12.55,169.0,13437.054999999998,FORTUNER 4X4 MT TRD SPORTIVO,TOYOTA
2009,80524,Petrol,Manual,Second,15.3,97.7,2324.75,FIESTA 1.6 SXI ABS DURATEC,FORD
2018,26405,Petrol,Automatic,First,12.6,191.34,47824.757,E-CLASS E 220 D,MERCEDES-BENZ
2014,45000,Diesel,Manual,First,15.8,170.0,21387.7,NEW C-CLASS 220 CDI MT,MERCEDES-BENZ
2012,64284,Diesel,Manual,First,17.72,108.49,5114.45,YETI AMBITION 4X2,SKODA
2015,27000,Petrol,Manual,First,18.9,82.0,4184.55,GRAND I10 SPORTZ,HYUNDAI
2018,3678,Petrol,Manual,First,18.16,86.8,6323.32,FIGO 2015-2019 1.2P TITANIUM MT,FORD
2013,21000,Petrol,Manual,First,16.8,138.02,8136.625,OCTAVIA AMBITION 1.4 TSI MT,SKODA
2015,67000,Diesel,Manual,Second,19.87,83.8,6509.3,DUSTER 85PS DIESEL RXL OPTION,RENAULT
2015,24000,Diesel,Automatic,Second,15.68,177.0,31151.649999999998,ROVER RANGE ROVER EVOQUE 2.0 TD4 PURE,LAND
2011,75000,Diesel,Manual,Second,20.0,68.0,2092.275,FIGO DIESEL EXI,FORD
2008,179000,Diesel,Automatic,Second,12.8,156.0,3942.7760000000003,ENDEAVOUR HURRICANE LIMITED EDITION,FORD
2017,47198,Diesel,Manual,First,12.55,168.5,26427.758,FORTUNER 4X4 MT,TOYOTA
2012,52000,Diesel,Manual,First,22.07,73.9,2557.225,POLO DIESEL COMFORTLINE 1.2L,VOLKSWAGEN
2011,91000,Diesel,Manual,First,23.2,73.94,2789.7,RITZ VDI,MARUTI
2013,60000,Diesel,Manual,First,23.08,63.1,3301.1449999999995,MICRA DIESEL XV PREMIUM,NISSAN
2013,37873,Diesel,Manual,First,22.32,126.32,4463.5199999999995,VERNA 1.6 SX,HYUNDAI
2011,31000,Petrol,Automatic,First,10.8,150.0,12553.65,5 SERIES 2003-2012 523I,BMW
2017,129000,Diesel,Automatic,First,11.0,258.0,52074.4,GLS 350D 4MATIC,MERCEDES-BENZ
2004,78000,Petrol,Automatic,First,12.0,187.4,3710.301,CR-V 2.4L 4WD AT,HONDA
2016,32000,Diesel,Automatic,First,17.01,126.2,14413.449999999999,CRETA 1.6 CRDI AT SX PLUS,HYUNDAI
2010,59000,Petrol,Manual,Second,19.81,68.05,2157.368,I10 ERA,HYUNDAI
2016,35437,Diesel,Automatic,First,20.0,136.0,17277.541999999998,A CLASS A200 CDI SPORT,MERCEDES-BENZ
2014,98000,Petrol,Manual,First,16.02,93.7,5114.45,ERTIGA VXI,MARUTI
2006,72000,Diesel,Manual,Second,18.7,66.0,2975.6800000000003,OCTAVIA CLASSIC 1.9 TDI MT,SKODA
2015,79000,Petrol,Manual,First,18.0,86.7,3719.6,AMAZE VX I-VTECH,HONDA
2004,29000,Petrol,Manual,First,17.3,60.0,1487.8400000000001,ZEN LXI BSII,MARUTI
2013,66012,Petrol,Manual,First,15.5,103.3,3859.085,SX4 ZXI MT BSIV,MARUTI
2014,35000,Petrol,Automatic,First,16.5,86.8,3952.075,BRIO VX AT,HONDA
2011,75000,Petrol,Manual,First,18.9,67.1,2417.7400000000002,WAGON R VXI,MARUTI
2008,80000,Petrol,Automatic,Second,12.1,164.7,3189.5570000000002,CAMRY A/T,TOYOTA
2012,32717,Petrol,Manual,First,18.6,79.4,2371.245,BEAT LS,CHEVROLET
2017,25000,Diesel,Automatic,First,12.55,168.5,29756.8,FORTUNER 4X4 AT,TOYOTA
2014,79000,Diesel,Manual,First,22.7,89.84,5811.875,ECOSPORT 1.5 DV5 MT TITANIUM OPTIONAL,FORD
2010,86000,Diesel,Manual,Second,17.8,75.0,3347.64,SWIFT VDI BSIII,MARUTI
2010,137000,Diesel,Automatic,First,13.5,282.0,17203.149999999998,S CLASS 2005 2013 S 350 CDI,MERCEDES-BENZ
2015,25000,Petrol,Manual,Second,17.3,117.3,3952.075,MOBILIO S I VTEC,HONDA
2017,8500,Petrol,Manual,Second,18.9,82.0,4463.5199999999995,GRAND I10 SPORTZ,HYUNDAI
2015,34000,Diesel,Automatic,First,16.0,140.0,12088.699999999999,XUV500 AT W8 FWD,MAHINDRA
2012,41629,Petrol,Manual,Second,14.83,105.0,2092.275,FABIA 1.6 MPI ELEGANCE,SKODA
2009,80227,Petrol,Manual,First,17.92,62.1,2138.77,SANTRO XING GLS,HYUNDAI
2019,8587,Petrol,Manual,First,15.29,121.3,12609.444,CRETA 1.6 SX PLUS DUAL TONE PETROL,HYUNDAI
2017,30000,Diesel,Manual,First,15.4,120.0,11391.275,SCORPIO 1.99 S8,MAHINDRA
2013,64186,Diesel,Manual,First,20.5,103.5,3496.4239999999995,RAPID 1.6 TDI AMBITION,SKODA
2015,76427,Diesel,Manual,First,19.01,108.45,7978.5419999999995,DUSTER 110PS DIESEL RXZ,RENAULT
2011,75000,Diesel,Automatic,First,11.7,245.0,25572.25,X5 XDRIVE 30D,BMW
2013,27075,Petrol,Manual,First,17.6,88.73,4603.005,ETIOS G,TOYOTA
2012,30000,Petrol,Manual,First,22.5,67.04,3068.6699999999996,WAGON R LXI,MARUTI
2016,69434,Petrol,Manual,First,15.8,121.3,7439.2,CRETA 1.6 SX,HYUNDAI
2014,56000,Petrol,Manual,First,23.1,67.04,2594.421,CELERIO VXI,MARUTI
2017,49275,Diesel,Automatic,First,12.7,187.7,42440.636,ROVER RANGE ROVER HSE DYNAMIC,LAND
2014,8700,Petrol,Manual,First,18.6,76.8,2371.245,BEAT LT,CHEVROLET
2014,18000,Petrol,Manual,Second,25.4,37.5,929.9,NANO TWIST XT,TATA
2017,41041,Diesel,Automatic,First,17.68,174.33,34927.044,A6 2011-2015 35 TDI TECHNOLOGY,AUDI
2009,80464,Diesel,Automatic,Second,11.0,198.5,8638.770999999999,E-CLASS 280 CDI,MERCEDES-BENZ
2019,20667,Petrol,Manual,First,22.0,81.8,5923.463,SWIFT VXI,MARUTI
2013,60283,Petrol,Manual,First,14.6,112.0,2771.102,LINEA T JET,FIAT
2017,31696,Petrol,Manual,First,20.4,81.8,5346.925,SWIFT VXI OPTIONAL,MARUTI
2010,100000,Diesel,Manual,First,11.5,171.0,12088.699999999999,FORTUNER 3.0 DIESEL,TOYOTA
2014,13361,Petrol,Manual,First,16.02,93.7,6323.32,ERTIGA ZXI,MARUTI
2010,48394,Petrol,Automatic,First,12.05,154.0,9754.651,3 SERIES 320I SEDAN,BMW
2014,47399,Petrol,Manual,First,16.02,93.7,5207.44,ERTIGA VXI,MARUTI
2010,69000,Petrol,Automatic,Second,16.8,118.0,2650.215,CITY 1.5 V AT,HONDA
2013,65278,Diesel,Manual,First,14.66,194.3,7773.963999999999,SANTA FE 4X4,HYUNDAI
2005,108000,Diesel,Manual,First,17.0,70.0,929.9,INDIGO LS,TATA
2010,50645,Petrol,Automatic,Second,10.93,204.0,9996.425,E-CLASS 2009-2013 E 250 ELEGANCE,MERCEDES-BENZ
2011,130002,Diesel,Manual,First,19.3,73.9,3580.115,SWIFT DZIRE LDI,MARUTI
2012,107000,Diesel,Manual,First,17.8,67.0,2789.7,FIESTA CLASSIC 1.4 DURATORQ CLXI,FORD
2015,41950,Petrol,Automatic,First,18.0,117.3,8927.039999999999,CITY I VTEC CVT VX,HONDA
2012,109000,Diesel,Manual,First,13.0,168.5,12321.175,FORTUNER 4X2 MANUAL,TOYOTA
2016,9000,Petrol,Manual,First,18.0,86.7,5346.925,AMAZE VX O I VTEC,HONDA
2014,43900,Diesel,Manual,First,22.54,88.73,6276.825,I20 ASTA 1.4 CRDI,HYUNDAI
2013,64000,Diesel,Manual,Second,18.2,73.8,4510.014999999999,ENJOY TCDI LTZ 7 SEATER,CHEVROLET
2019,13190,Petrol,Automatic,First,0.0,181.43,36256.801,NEW C-CLASS PROGRESSIVE C 200,MERCEDES-BENZ
2009,77652,Petrol,Automatic,First,12.6,103.2,2650.215,SX4 ZXI AT LEATHER,MARUTI
2012,55000,Diesel,Manual,First,12.99,100.0,8843.349,INNOVA 2.5 VX (DIESEL) 7 SEATER,TOYOTA
2012,59900,Diesel,Automatic,Second,18.48,177.0,17203.149999999998,5 SERIES 2003-2012 520D,BMW
2015,73539,Diesel,Manual,First,19.01,108.45,6276.825,DUSTER 110PS DIESEL RXZ,RENAULT
2017,31645,Diesel,Automatic,First,20.68,190.0,27339.059999999998,X1 SDRIVE 20D XLINE,BMW
2009,69690,Petrol,Manual,First,17.7,78.0,3059.371,CITY ZX GXI,HONDA
2016,41000,Diesel,Manual,First,28.09,88.5,8834.05,CIAZ RS ZDI PLUS SHVS,MARUTI
2010,109200,Petrol,Manual,Second,17.5,85.8,2045.7800000000002,SWIFT DZIRE VXI,MARUTI
2012,80000,Diesel,Manual,First,15.1,140.0,6044.349999999999,XUV500 W6 2WD,MAHINDRA
2007,51000,Petrol,Manual,First,13.5,130.0,4556.51,CIVIC 2006-2010 1.8 S MT,HONDA
2013,105000,Diesel,Manual,Second,25.47,88.5,6276.825,ERTIGA ZDI,MARUTI
2013,179000,Diesel,Manual,First,23.59,67.04,3533.62,ETIOS LIVA GD,TOYOTA
2013,12100,Petrol,Automatic,First,9.9,207.8,27432.05,TT 2.0 TFSI,AUDI
2017,31000,Diesel,Manual,First,21.13,108.4,9763.949999999999,RAPID 1.5 TDI STYLE,SKODA
2015,50000,Diesel,Manual,First,20.14,88.8,5765.38,POLO 1.5 TDI HIGHLINE,VOLKSWAGEN
2009,48000,Diesel,Automatic,First,17.0,105.0,4649.5,LAURA 1.9 TDI AT ELEGANCE,SKODA
2007,35000,Diesel,Manual,First,19.2,65.0,2138.77,RENAULT LOGAN 1.5 DLE DIESEL,MAHINDRA
2016,100200,Diesel,Automatic,First,11.36,171.5,15808.3,INNOVA CRYSTA 2.8 GX AT,TOYOTA
2014,47000,Diesel,Automatic,First,18.88,184.0,23712.45,3 SERIES 320D LUXURY LINE,BMW
2015,63642,Diesel,Manual,First,27.3,98.6,5253.935,JAZZ 1.5 S I DTEC,HONDA
2015,62550,Diesel,Manual,First,25.8,98.6,5207.44,AMAZE VX I-DTEC,HONDA
2015,37340,Diesel,Automatic,First,16.36,187.7,27878.402,XF 2.2 LITRE LUXURY,JAGUAR
2016,38461,Diesel,Manual,First,26.59,74.0,6871.960999999999,SWIFT DZIRE VDI,MARUTI
2018,29000,Diesel,Manual,First,17.1,170.0,17668.1,COMPASS 2.0 LIMITED,JEEP
2010,31000,Petrol,Manual,First,12.5,132.0,4649.5,COROLLA ALTIS 1.8 SPORT,TOYOTA
2011,42086,Petrol,Manual,First,17.0,118.0,3115.165,CITY 1.5 V MT,HONDA
2013,49000,Petrol,Manual,First,18.6,85.8,4138.055,SWIFT ZXI,MARUTI
2019,77240,Diesel,Automatic,First,22.32,126.32,7727.469,VERNA 1.6 SX CRDI (O) AT,HYUNDAI
2012,105000,Diesel,Manual,Second,15.96,62.1,5579.4,BOLERO ZLX,MAHINDRA
2014,35000,Diesel,Manual,First,22.9,74.0,4881.974999999999,SWIFT VDI,MARUTI
2006,83072,Petrol,Manual,First,17.0,97.7,1301.86,SANTRO XING XO,HYUNDAI
2012,202082,Diesel,Automatic,First,17.68,174.33,11437.77,A6 2011-2015 2.0 TDI PREMIUM PLUS,AUDI
2004,129000,Petrol,Manual,Third,13.8,70.0,1394.85,IKON 1.3 LXI NXT,FORD
2018,33558,Diesel,Manual,First,20.14,88.0,7550.787999999999,POLO 1.5 TDI HIGHLINE,VOLKSWAGEN
2012,60271,Diesel,Manual,First,13.6,63.0,5690.988,BOLERO VLX CRDE,MAHINDRA
2017,45366,Diesel,Manual,First,25.1,98.6,10117.312,CITY I DTEC VX OPTION,HONDA
2014,9500,Petrol,Manual,First,18.2,82.5,3254.65,SAIL HATCHBACK 1.2 LS,CHEVROLET
2016,42362,Petrol,Manual,First,18.6,81.83,5718.885,I20 1.2 SPOTZ,HYUNDAI
2016,21000,Diesel,Automatic,First,17.05,184.0,30686.7,X1 SDRIVE 20D SPORTLINE,BMW
2012,15200,Diesel,Automatic,First,15.06,177.0,12553.65,X1 SDRIVE 20D EXCLUSIVE,BMW
2015,43690,Diesel,Automatic,First,12.55,168.5,15910.589,FORTUNER 4X2 AT,TOYOTA
2014,79926,Diesel,Automatic,First,11.33,335.2,27683.123,Q7 4.2 TDI QUATTRO TECHNOLOGY,AUDI
2013,53073,Diesel,Manual,First,20.77,88.76,5532.905,ERTIGA VDI,MARUTI
2015,59000,Petrol,Manual,First,18.5,80.0,5346.925,I20 1.2 MAGNA,HYUNDAI
2006,47088,Petrol,Automatic,Second,10.13,364.9,17668.1,S CLASS 2005 2013 S 350 L,MERCEDES-BENZ
2014,55000,Diesel,Manual,First,20.45,83.8,4417.025,DUSTER 85PS DIESEL RXL,RENAULT
2013,80430,Diesel,Manual,Second,17.21,100.0,3068.6699999999996,QUANTO C2,MAHINDRA
2013,71932,Diesel,Automatic,First,12.55,168.5,15343.35,FORTUNER 4X2 AT,TOYOTA
2014,19000,Diesel,Automatic,First,15.97,258.0,40915.6,X5 2014-2019 XDRIVE 30D DESIGN PURE EXPERIENCE 7 SEATER,BMW
2011,81759,Diesel,Manual,First,19.3,73.9,4082.2609999999995,SWIFT DZIRE VDI,MARUTI
2018,52010,Diesel,Manual,First,25.2,74.0,5765.38,SWIFT LDI OPTIONAL,MARUTI
2016,58953,Petrol,Automatic,First,13.53,177.01,22522.178,A6 2011-2015 35 TFSI TECHNOLOGY,AUDI
2008,93000,Diesel,Manual,Third,10.5,107.2,5067.955,PAJERO 2.8 SFX BSIV DUAL TONE,MITSUBISHI
2016,10000,Diesel,Automatic,First,16.36,187.7,40915.6,XF 2.2 LITRE EXECUTIVE,JAGUAR
2019,40674,Diesel,Automatic,First,11.36,171.5,23080.118,INNOVA CRYSTA 2.8 ZX AT,TOYOTA
2015,50000,Diesel,Automatic,First,19.3,141.0,10870.530999999999,OCTAVIA AMBITION 2.0 TDI AT,SKODA
2018,1331,Petrol,Automatic,First,14.28,138.03,18598.0,COROLLA ALTIS VL AT,TOYOTA
2010,60000,Petrol,Manual,First,19.7,35.0,1348.355,OMNI 8 SEATER BSII,MARUTI
2018,10003,Diesel,Automatic,First,17.9,170.0,45100.15,GLC 220D 4MATIC STYLE,MERCEDES-BENZ
2016,25000,Diesel,Automatic,First,21.5,108.5,8787.554999999998,VENTO 1.5 TDI HIGHLINE AT,VOLKSWAGEN
2015,73000,Diesel,Manual,First,16.0,140.0,11623.75,XUV500 W10 2WD,MAHINDRA
2014,59962,Diesel,Manual,First,20.45,83.8,6416.31,TERRANO XL 85 PS,NISSAN
2012,72000,Diesel,Manual,Second,22.32,126.32,5393.42,VERNA 1.6 SX CRDI (O),HYUNDAI
2016,20967,Diesel,Automatic,First,14.69,258.0,41436.344000000005,5 SERIES 2013-2017 530D M SPORT,BMW
2015,35000,Diesel,Manual,Second,15.4,120.0,7904.15,SCORPIO S4 PLUS,MAHINDRA
2017,38056,Diesel,Manual,First,23.9,126.2,9949.929999999998,VERNA 1.6 CRDI SX,HYUNDAI
2009,94000,Diesel,Automatic,Second,12.07,241.4,11158.8,Q7 3.0 TDI QUATTRO PREMIUM PLUS,AUDI
2010,64236,Petrol,Manual,First,14.7,76.0,2268.9559999999997,AVEO U-VA 1.2 LT,CHEVROLET
2000,124000,Diesel,Manual,First,13.6,63.0,1813.3049999999998,BOLERO ZLX BSIII,MAHINDRA
2014,7400,Petrol,Manual,First,19.1,82.0,4045.0649999999996,XCENT 1.2 KAPPA S,HYUNDAI
2017,52000,Diesel,Manual,First,13.68,147.8,16273.25,INNOVA CRYSTA 2.4 GX MT 8S,TOYOTA
2015,68764,Petrol,Manual,First,21.1,55.2,2696.71,EON ERA PLUS,HYUNDAI
2013,64000,Diesel,Manual,First,22.07,73.9,2696.71,POLO DIESEL COMFORTLINE 1.2L,VOLKSWAGEN
2016,21558,Diesel,Manual,First,24.3,88.5,8276.11,VITARA BREZZA ZDI,MARUTI
2013,37500,Diesel,Automatic,First,18.88,184.0,15575.824999999999,3 SERIES 320D PRESTIGE,BMW
2016,14077,Petrol,Manual,First,21.1,55.2,3673.105,EON SPORTZ,HYUNDAI
2009,70000,Petrol,Manual,First,17.0,118.0,1952.79,CITY 1.5 S MT,HONDA
2011,54316,Petrol,Manual,Second,12.8,177.6,3989.2709999999997,ACCORD 2.4 MT,HONDA
2009,90764,Diesel,Manual,First,14.0,112.0,3580.115,XYLO E8,MAHINDRA
2009,137000,Diesel,Automatic,Second,13.2,170.0,8369.1,3 SERIES 320D,BMW
2013,127000,Petrol,Manual,Second,16.8,116.3,4184.55,CITY V MT,HONDA
2016,51884,Diesel,Manual,First,16.0,140.0,11586.554,XUV500 W10 2WD,MAHINDRA
2014,67407,Diesel,Manual,First,21.27,88.76,4324.035,I20 ASTA 1.4 CRDI,HYUNDAI
2014,107825,Diesel,Manual,First,13.0,168.5,19062.95,FORTUNER 4X2 MANUAL,TOYOTA
2006,82453,Diesel,Manual,First,13.6,63.0,2696.71,BOLERO DI BSII,MAHINDRA
2007,30441,Petrol,Manual,First,15.9,85.0,1348.355,ESTEEM VXI - BSIII,MARUTI
2002,70000,Petrol,Manual,Third,0.0,97.7,604.4350000000001,SANTRO LS ZIPPLUS,HYUNDAI
2016,11000,Diesel,Automatic,First,20.7,113.98,27432.05,COOPER 5 DOOR D,MINI
2015,61000,Diesel,Automatic,First,15.73,174.33,23247.5,Q3 35 TDI QUATTRO PREMIUM,AUDI
2013,48454,Petrol,Manual,Second,17.0,80.0,3254.65,I20 SPORTZ OPTION,HYUNDAI
2017,37000,Diesel,Manual,First,14.1,154.0,10461.375,SAFARI STORME VX VARICOR 400,TATA
2017,32249,Diesel,Manual,First,21.9,98.6,10033.621,BR-V I-DTEC VX MT,HONDA
2013,58000,Diesel,Manual,First,19.33,138.03,5486.41,JETTA 2013-2015 2.0L TDI HIGHLINE,VOLKSWAGEN
2017,28360,Petrol,Manual,First,19.1,81.86,4761.088,XCENT 1.2 KAPPA S OPTION,HYUNDAI
2017,7000,Petrol,Manual,First,20.89,81.8,5300.43,IGNIS 1.2 ALPHA,MARUTI
2016,19658,Diesel,Automatic,First,18.12,190.0,33327.616,5 SERIES 2013-2017 520D LUXURY LINE,BMW
2007,92000,Petrol,Manual,First,13.8,70.0,1162.375,IKON 1.3 CLXI,FORD
2013,25000,Petrol,Manual,First,20.36,78.9,2464.2349999999997,I10 SPORTZ,HYUNDAI
2016,37882,Diesel,Manual,First,22.32,126.3,8545.780999999999,VERNA 1.6 CRDI,HYUNDAI
2014,69330,Diesel,Automatic,First,16.07,181.0,21852.649999999998,3 SERIES 320D HIGHLINE,BMW
2011,61000,Petrol,Automatic,First,12.3,185.0,11623.75,E-CLASS 2009-2013 E200 CGI BLUE EFFICIENCY,MERCEDES-BENZ
2010,35000,Petrol,Manual,Second,18.6,79.4,1394.85,BEAT OPTION PACK,CHEVROLET
2004,200000,Petrol,Manual,First,0.0,97.7,743.9200000000001,SANTRO XING XP,HYUNDAI
2009,82000,Diesel,Manual,Second,13.5,97.7,697.425,INDICA DLS,TATA
2012,72450,Diesel,Manual,First,15.1,140.0,7532.19,XUV500 W8 2WD,MAHINDRA
2017,36381,Diesel,Manual,First,28.09,88.5,9066.525,CIAZ ZDI PLUS SHVS,MARUTI
2017,25559,Diesel,Automatic,First,19.71,201.15,35271.106999999996,NEW C-CLASS C 250 CDI AVANTGARDE,MERCEDES-BENZ
2005,100000,Petrol,Automatic,Third,16.4,78.0,1822.6039999999998,CITY ZX CVT,HONDA
2015,94000,Diesel,Automatic,First,11.5,169.0,19062.95,FORTUNER 4X2 4 SPEED AT,TOYOTA
2011,64357,Petrol,Manual,First,24.07,67.1,2557.225,ALTO K10 VXI,MARUTI
2017,10501,Petrol,Automatic,First,9.43,237.4,69742.5,XJ 2.0L PORTFOLIO,JAGUAR
2009,47000,Diesel,Manual,First,21.9,90.0,2603.72,I20 1.4 MAGNA ABS,HYUNDAI
2017,18000,Petrol,Automatic,First,16.0,117.3,8601.574999999999,BRV I-VTEC V CVT,HONDA
2007,89000,Petrol,Manual,First,13.4,125.0,2789.7,COROLLA EXECUTIVE (HE),TOYOTA
2014,49964,Diesel,Automatic,First,17.68,174.33,22215.311,A6 2011-2015 2.0 TDI PREMIUM PLUS,AUDI
2014,35000,Diesel,Manual,First,12.99,100.6,11856.225,INNOVA 2.5 ZX DIESEL 7 SEATER BSIII,TOYOTA
2014,64000,Diesel,Manual,First,24.0,70.0,3859.085,GRAND I10 CRDI SPORTZ,HYUNDAI
2013,36000,Petrol,Automatic,First,14.8,105.0,4324.035,VENTO IPL II PETROL HIGHLINE AT,VOLKSWAGEN
2012,78600,Diesel,Manual,First,12.8,102.0,8276.11,INNOVA 2.5 VX (DIESEL) 7 SEATER BS IV,TOYOTA
2008,170000,Diesel,Manual,Second,16.8,110.0,1394.85,VERNA CRDI SX,HYUNDAI
2015,65000,Diesel,Manual,Second,23.2,73.94,3040.773,RITZ VDI,MARUTI
2008,120300,Diesel,Automatic,Second,12.07,241.4,16738.2,Q7 3.0 TDI QUATTRO TECHNOLOGY,AUDI
2016,21000,Petrol,Manual,First,18.6,81.83,5858.37,I20 ASTA OPTION 1.2,HYUNDAI
2017,18108,Diesel,Manual,First,24.3,88.5,10517.169,VITARA BREZZA ZDI PLUS DUAL TONE,MARUTI
2014,58407,Petrol,Manual,First,17.4,117.3,5728.184,CITY I VTEC S,HONDA
2014,49500,Petrol,Manual,First,20.73,91.1,5579.4,CIAZ ZXI,MARUTI
2013,37199,Petrol,Automatic,First,17.5,99.6,5049.357,SUNNY XV CVT,NISSAN
2012,62000,Diesel,Manual,First,22.07,73.9,4324.035,POLO DIESEL HIGHLINE 1.2L,VOLKSWAGEN
2015,59000,Diesel,Manual,First,20.77,88.8,6974.25,ERTIGA ZDI,MARUTI
2015,60000,Diesel,Manual,First,26.59,74.0,5811.875,SWIFT DZIRE VDI,MARUTI
2007,39037,Diesel,Automatic,First,14.84,170.0,8601.574999999999,NEW C-CLASS C 220 CDI ELEGANCE AT,MERCEDES-BENZ
2013,17003,Petrol,Manual,First,19.4,86.8,2929.185,BRIO S MT,HONDA
2008,80400,Petrol,Manual,First,16.0,66.7,2138.77,I10 MAGNA OPTIONAL 1.1L,HYUNDAI
2012,75200,Diesel,Manual,First,22.32,126.32,4881.974999999999,VERNA 1.6 SX CRDI (O),HYUNDAI
2017,41217,Diesel,Manual,First,28.09,88.5,6881.26,CIAZ VDI SHVS,MARUTI
2006,98293,Petrol,Manual,Second,13.8,70.0,1441.345,IKON 1.3 FLAIR,FORD
2017,54000,Petrol,Manual,Second,16.2,74.0,5579.4,POLO 1.2 MPI HIGHLINE,VOLKSWAGEN
2016,17377,Petrol,Manual,First,18.7,88.7,5486.41,JAZZ 1.2 V I VTEC,HONDA
2013,33800,Diesel,Manual,Second,25.8,98.6,4370.53,AMAZE EX I-DTECH,HONDA
2015,86157,Diesel,Manual,First,22.54,88.73,6044.349999999999,I20 ASTA 1.4 CRDI,HYUNDAI
2012,146824,Diesel,Manual,First,21.1,73.9,3301.1449999999995,RITZ VDI,MARUTI
2014,55000,Petrol,Manual,First,16.8,116.3,6602.289999999999,CITY V MT,HONDA
2010,53293,Petrol,Manual,First,13.14,160.0,5579.4,SUPERB 1.8 TSI MT,SKODA
2017,38000,Diesel,Manual,First,24.3,88.5,7429.901,VITARA BREZZA LDI OPTION,MARUTI
2009,64000,Petrol,Manual,Second,17.0,80.0,3812.5899999999997,I20 ASTA,HYUNDAI
2017,25058,Petrol,Automatic,First,24.07,67.1,3673.105,ALTO K10 VXI AGS,MARUTI
2016,36700,Petrol,Manual,First,21.1,55.2,4072.962,EON ERA PLUS,HYUNDAI
2011,35000,Petrol,Manual,First,20.36,78.9,2557.225,I10 SPORTZ,HYUNDAI
2016,22732,Petrol,Automatic,First,18.1,306.0,51646.646,SLK-CLASS SLK 350,MERCEDES-BENZ
2014,48000,Diesel,Automatic,First,18.53,187.74,26967.1,A6 2.0 TDI DESIGN EDITION,AUDI
2013,62084,Diesel,Manual,First,22.77,98.59,6137.339999999999,ECOSPORT 1.5 TDCI TITANIUM,FORD
2012,39273,Diesel,Automatic,First,14.3,140.0,6500.001,PASSAT HIGHLINE DSG,VOLKSWAGEN
2017,64798,Diesel,Manual,First,13.68,147.8,17435.625,INNOVA CRYSTA 2.4 ZX MT,TOYOTA
2010,100002,Diesel,Manual,Third,20.0,68.0,1190.272,FIGO DIESEL ZXI,FORD
2006,78000,Petrol,Manual,Third,14.49,92.7,1115.8799999999999,AVEO 1.4,CHEVROLET
2013,57717,Petrol,Manual,First,18.5,85.8,4007.8689999999997,RITZ LXI,MARUTI
2011,109000,Diesel,Automatic,First,12.39,147.51,15343.35,ROVER FREELANDER 2 SE,LAND
2017,74515,Petrol,Manual,First,18.9,82.0,5244.6359999999995,GRAND I10 ASTA,HYUNDAI
2017,50484,Diesel,Automatic,First,10.91,197.2,28938.488,ENDEAVOUR 3.2 TREND AT 4X4,FORD
2013,13452,Diesel,Automatic,First,12.8,167.6,23675.254,Q5 2008-2012 2.0 TDI,AUDI
2017,37688,Petrol,Manual,First,17.01,121.3,7327.612,VERNA 1.6 VTVT,HYUNDAI
2017,34000,Diesel,Automatic,First,13.0,204.0,33476.4,E-CLASS 2015-2017 E250 CDI AVANTGARDE,MERCEDES-BENZ
2014,120000,Diesel,Automatic,First,0.0,165.0,27897.0,M-CLASS ML 350 4MATIC,MERCEDES-BENZ
2008,64000,Petrol,Manual,Second,17.5,85.8,2650.215,SWIFT DZIRE ZXI,MARUTI
2011,100000,Petrol,Manual,First,13.0,90.0,3254.65,CITY 1.3 EXI S,HONDA
2014,75000,Diesel,Manual,First,20.46,83.8,6974.25,DUSTER 85PS DIESEL RXL OPTIONAL,RENAULT
2012,86000,Diesel,Automatic,First,14.84,170.0,17668.1,NEW C-CLASS 220 CDI AT,MERCEDES-BENZ
2015,69000,Diesel,Automatic,First,15.97,258.0,50214.6,X5 XDRIVE 30D DESIGN PURE EXPERIENCE 5 SEATER,BMW
2015,41721,Petrol,Manual,First,19.1,82.0,4370.53,XCENT 1.2 KAPPA SX OPTION,HYUNDAI
2017,13000,Petrol,Automatic,First,22.0,81.8,7904.15,DZIRE AMT ZXI PLUS,MARUTI
2013,38998,Diesel,Automatic,First,16.07,181.0,15808.3,3 SERIES 320D CORPORATE EDITION,BMW
2017,54250,Petrol,Manual,First,22.74,47.3,3263.9489999999996,ALTO 800 LXI,MARUTI
2013,45979,Diesel,Automatic,Second,17.11,174.33,18133.05,A4 2.0 TDI 177 BHP PREMIUM PLUS,AUDI
2012,37000,Petrol,Automatic,Second,13.6,181.0,15808.3,COOPER S,MINI
2015,46983,Diesel,Automatic,Second,12.07,241.4,40311.165,Q7 3.0 TDI QUATTRO PREMIUM PLUS,AUDI
2012,40700,Diesel,Manual,First,25.44,57.6,2464.2349999999997,BEAT DIESEL LT,CHEVROLET
2015,43828,Petrol,Manual,First,20.51,67.04,3273.248,WAGON R LXI BS IV,MARUTI
2016,53000,Diesel,Manual,First,19.01,108.5,5811.875,TERRANO XV PREMIUM 110 PS,NISSAN
2015,100000,Diesel,Automatic,First,18.88,184.0,23015.024999999998,3 SERIES 320D LUXURY PLUS,BMW
2015,19000,Petrol,Manual,First,20.85,83.14,4881.974999999999,SWIFT DZIRE VXI,MARUTI
2016,84000,Diesel,Manual,First,17.72,108.5,10228.9,YETI ELEGANCE 4X2,SKODA
2018,37630,Petrol,Automatic,First,15.63,110.4,8462.09,ECOSPORT 1.5 TI VCT AT TITANIUM,FORD
2010,67714,Petrol,Manual,First,18.5,80.0,3022.1749999999997,I20 1.2 MAGNA,HYUNDAI
2017,32000,Diesel,Manual,First,15.0,88.5,7904.15,S CROSS DDIS 200 SIGMA OPTION,MARUTI
2010,51000,Petrol,Manual,First,16.2,103.2,2882.69,VERNA TRANSFORM VTVT,HYUNDAI
2015,58390,Diesel,Automatic,First,18.88,184.0,18467.814,3 SERIES 320D LUXURY LINE,BMW
2017,14000,Diesel,Manual,First,24.0,73.97,4556.51,GRAND I10 1.2 CRDI MAGNA,HYUNDAI
2014,55818,Petrol,Manual,Second,17.4,117.3,5300.43,CITY I-VTEC V,HONDA
2006,97800,Petrol,Manual,Third,16.1,97.7,1627.325,SWIFT 1.3 VXI,MARUTI
2012,52241,Diesel,Manual,First,25.2,74.0,2696.71,SWIFT VDI BSIV,MARUTI
2018,25433,Diesel,Manual,First,27.39,74.0,7281.117,BALENO ZETA 1.3,MARUTI
2015,40611,Diesel,Manual,First,14.0,138.1,7578.685,SAFARI STORME 2012-2015 LX,TATA
2008,72000,Petrol,Manual,Second,13.2,94.0,1859.8,ACCENT GLS,HYUNDAI
2016,54631,Diesel,Manual,First,25.2,74.0,5811.875,SWIFT LDI SP LIMITED EDITION,MARUTI
2007,60000,Diesel,Manual,Second,17.8,97.7,3161.66,SWIFT VDI BSIV,MARUTI
2016,24941,Petrol,Automatic,First,21.9,37.48,2966.381,NANO XTA,TATA
2017,63939,Diesel,Manual,First,25.47,88.5,7206.724999999999,ERTIGA VDI,MARUTI
2014,35214,Petrol,Automatic,Second,23.1,67.04,2975.6800000000003,CELERIO VXI AMT,MARUTI
2015,63000,Diesel,Manual,First,25.2,74.0,4556.51,SWIFT VDI BSIV,MARUTI
2012,121377,Petrol,Manual,First,15.04,103.6,3533.62,VENTO PETROL HIGHLINE,VOLKSWAGEN
2009,100970,Diesel,Automatic,First,15.5,105.0,3719.6,JETTA 2007-2011 1.9 HIGHLINE TDI,VOLKSWAGEN
2014,60000,Diesel,Automatic,Second,20.7,113.98,21852.649999999998,COOPER 5 DOOR D,MINI
2008,77650,Diesel,Manual,First,17.2,53.5,1069.385,INDICA V2 DLS,TATA
2007,71297,Petrol,Manual,First,17.0,97.7,2045.7800000000002,SANTRO XING XO,HYUNDAI
2008,55001,Diesel,Automatic,Second,0.0,97.7,24642.35,ROVER RANGE ROVER 3.0 D,LAND
2015,18955,Petrol,Automatic,First,18.0,117.3,9903.435,CITY I-VTEC CVT VX,HONDA
2016,47877,Diesel,Automatic,First,16.36,187.7,33178.832,XF 2.2 LITRE LUXURY,JAGUAR
2017,43368,Diesel,Automatic,First,15.0,204.0,29701.006,E-CLASS 2015-2017 E250 EDITION E,MERCEDES-BENZ
2011,73000,Diesel,Manual,Third,18.3,147.9,3905.58,CRUZE LTZ,CHEVROLET
2015,72007,Diesel,Manual,First,15.1,140.0,9206.01,XUV500 W8 2WD,MAHINDRA
2014,56778,Petrol,Automatic,First,11.74,186.0,14376.254,NEW C-CLASS C 200 CGI AVANTGARDE,MERCEDES-BENZ
2018,20024,Petrol,Manual,First,18.2,88.7,7866.954000000001,JAZZ VX,HONDA
2013,42103,Petrol,Manual,First,16.78,88.73,3022.1749999999997,ETIOS G,TOYOTA
2012,67147,Petrol,Manual,First,19.7,46.3,2417.7400000000002,ALTO LXI BSIII,MARUTI
2016,37806,Petrol,Manual,First,20.4,81.8,4835.4800000000005,SWIFT VXI BSIV,MARUTI
2009,85000,Petrol,Manual,Third,19.0,66.1,1673.82,A-STAR VXI,MARUTI
2011,35000,Petrol,Manual,First,25.4,37.48,1487.8400000000001,NANO LX BSIV,TATA
2015,72035,Diesel,Manual,First,25.5,99.0,2324.75,FIGO TITANIUM DIESEL,FORD
2011,48500,Petrol,Manual,First,16.0,90.0,2324.75,LINEA EMOTION,FIAT
2017,28854,Petrol,Manual,First,18.16,86.8,6230.33,FIGO ASPIRE 1.2 TI-VCT TREND,FORD
2005,92450,Petrol,Manual,First,15.4,94.0,1115.8799999999999,BALENO LXI,MARUTI
2016,14351,Diesel,Automatic,First,18.88,184.0,33057.945,3 SERIES 320D LUXURY LINE,BMW
2017,51087,Diesel,Manual,First,17.9,163.7,7206.724999999999,CRUZE LTZ,CHEVROLET
2005,50000,Diesel,Manual,First,12.7,116.6,1804.0059999999999,SCORPIO 2.6 DX,MAHINDRA
2016,73000,Diesel,Manual,First,25.0,69.0,2045.7800000000002,INDICA V2 ELS,TATA
2011,60000,Diesel,Automatic,First,18.1,147.9,3533.62,CRUZE LTZ AT,CHEVROLET
2016,50000,Diesel,Manual,First,12.8,102.0,14552.935,INNOVA 2.5 V DIESEL 8-SEATER,TOYOTA
2018,36797,Diesel,Automatic,First,19.27,167.62,36703.153,NEW C-CLASS C 220D AVANTGARDE EDITION C,MERCEDES-BENZ
2011,50000,Petrol,Manual,Second,18.5,85.8,1394.85,RITZ VXI,MARUTI
2013,94000,Diesel,Manual,First,12.8,102.0,8229.615,INNOVA 2.5 GX (DIESEL) 8 SEATER BS IV,TOYOTA
2013,74000,Diesel,Manual,Second,12.55,168.5,16645.21,FORTUNER 4X4 MT,TOYOTA
2014,41016,Petrol,Automatic,Second,16.95,78.9,4723.892,I10 SPORTZ AT,HYUNDAI
2012,67000,Diesel,Manual,First,22.32,126.32,5811.875,VERNA 1.6 SX,HYUNDAI
2015,76927,Diesel,Automatic,First,15.73,174.33,21155.225,Q3 2012-2015 35 TDI QUATTRO PREMIUM PLUS,AUDI
2010,17088,Petrol,Manual,First,18.6,79.4,1357.654,BEAT LS,CHEVROLET
2007,112808,Diesel,Manual,Second,17.8,68.0,1906.2949999999998,FIESTA 1.4 DURATORQ ZXI,FORD
2014,74980,Diesel,Manual,First,20.0,68.0,3793.992,FIGO DIESEL EXI,FORD
2014,44600,Petrol,Automatic,First,23.1,67.04,4231.045,CELERIO VXI AT,MARUTI
2013,37000,Diesel,Automatic,First,20.0,107.3,13018.6,A CLASS A180 CDI,MERCEDES-BENZ
2016,21000,Petrol,Manual,First,15.8,121.3,10135.91,CRETA 1.6 SX,HYUNDAI
2010,81245,Petrol,Manual,First,18.9,67.1,2278.255,WAGON R VXI BS IV,MARUTI
2013,70000,Diesel,Automatic,First,10.0,170.0,14692.42,E-CLASS 2009-2013 E 220 CDI AVANTGARDE,MERCEDES-BENZ
2017,4018,Petrol,Manual,First,18.88,110.4,7671.675,ECOSPORT 1.5 TI VCT MT TITANIUM BE,FORD
2013,70000,Diesel,Automatic,Second,13.73,148.0,7904.15,KOLEOS 2.0 DIESEL,RENAULT
2016,56532,Diesel,Manual,First,16.0,140.0,14450.645999999999,XUV500 W10 2WD,MAHINDRA
2013,26875,Petrol,Manual,First,16.8,34.2,2185.265,OMNI E 8 STR STD,MARUTI
2015,72599,Petrol,Manual,First,22.5,67.04,4017.168,WAGON R VXI,MARUTI
2008,205000,Diesel,Manual,Second,13.1,141.0,3626.6099999999997,ENDEAVOUR XLT TDCI 4X2,FORD
2011,98000,Diesel,Manual,Second,22.32,126.32,4835.4800000000005,VERNA 1.6 SX,HYUNDAI
2018,19500,Petrol,Manual,First,18.6,81.83,5439.915,I20 MAGNA 1.2,HYUNDAI
2013,68000,Petrol,Manual,Second,16.02,93.7,5811.875,ERTIGA ZXI,MARUTI
2019,19654,Diesel,Automatic,First,14.0,155.0,16394.137,XUV500 W9 AT,MAHINDRA
2017,26000,Diesel,Manual,First,23.65,88.5,9066.525,SX4 S CROSS DDIS 200 ZETA,MARUTI
2015,10000,Petrol,Automatic,First,18.1,306.0,51144.5,SLK-CLASS SLK 350,MERCEDES-BENZ
2011,75020,Diesel,Manual,First,22.07,73.9,3812.5899999999997,POLO DIESEL COMFORTLINE 1.2L,VOLKSWAGEN
2011,157000,Diesel,Manual,First,12.55,168.5,11149.501,FORTUNER 4X4 MT,TOYOTA
2017,43773,Diesel,Manual,First,16.0,140.0,12590.846,XUV500 W10 2WD,MAHINDRA
2016,21000,Diesel,Automatic,First,17.9,201.15,52074.4,GLE 250D,MERCEDES-BENZ
2016,23280,Petrol,Manual,First,18.7,88.7,6044.349999999999,JAZZ 1.2 VX I VTEC,HONDA
2013,88000,Diesel,Manual,First,23.4,74.0,4417.025,SWIFT DZIRE VDI,MARUTI
2014,67000,Petrol,Manual,First,17.01,121.3,5207.44,VERNA 1.6 SX VTVT,HYUNDAI
2017,59636,Diesel,Automatic,First,10.91,197.0,27153.079999999998,ENDEAVOUR 3.2 TITANIUM AT 4X4,FORD
2018,11000,Petrol,Manual,First,18.6,81.83,5904.865,I20 1.2 ASTA OPTION,HYUNDAI
2013,60669,Petrol,Manual,First,16.8,116.3,4603.005,CITY 1.5 V MT SUNROOF,HONDA
2018,12000,Diesel,Manual,First,27.4,98.6,7904.15,AMAZE VX DIESEL,HONDA
2013,35000,Petrol,Manual,First,17.1,121.3,4184.55,VERNA 1.6 SX VTVT (O),HYUNDAI
2015,65000,Diesel,Manual,First,24.2,98.6,5114.45,MOBILIO S I DTEC,HONDA
2013,39929,Diesel,Manual,First,20.77,88.8,6100.143999999999,ERTIGA ZDI,MARUTI
2014,49000,Petrol,Manual,First,24.07,67.1,2138.77,ALTO K10 LXI,MARUTI
2004,77757,Diesel,Manual,Second,13.1,75.0,3254.65,QUALIS FS B2,TOYOTA
2016,21456,Petrol,Manual,First,20.36,78.9,4231.045,I10 SPORTZ,HYUNDAI
2009,74000,Diesel,Automatic,Second,17.0,105.0,7206.724999999999,LAURA 1.9 TDI AT AMBIENTE,SKODA
2015,37000,Petrol,Manual,Second,18.6,81.83,4881.974999999999,I20 ASTA OPTION 1.2,HYUNDAI
2013,108640,Diesel,Automatic,First,11.5,235.0,21657.371,5 SERIES 2003-2012 530D HIGHLINE,BMW
2016,38000,Diesel,Automatic,First,22.69,190.0,22308.301,3 SERIES 320D M SPORT,BMW
2010,80000,Petrol,Manual,First,14.49,92.7,1664.521,AVEO 1.4 LT ABS BSIV,CHEVROLET
2011,47000,Diesel,Automatic,Second,14.21,203.0,12925.61,E-CLASS 2009-2013 E250 CDI ELEGANCE,MERCEDES-BENZ
2013,31000,Diesel,Automatic,First,17.68,174.33,17621.605,A6 2011-2015 2.0 TDI PREMIUM PLUS,AUDI
2014,40000,Petrol,Manual,First,20.51,67.04,2315.451,WAGON R LXI BS IV,MARUTI
2016,4152,Petrol,Manual,First,25.17,53.3,2929.185,KWID RXT,RENAULT
2017,51000,Diesel,Manual,First,21.66,108.62,5997.8550000000005,AMEO 1.5 TDI HIGHLINE,VOLKSWAGEN
2013,55000,Diesel,Manual,First,22.07,73.9,3952.075,POLO DIESEL COMFORTLINE 1.2L,VOLKSWAGEN
2014,58500,Petrol,Manual,First,22.74,47.3,2557.225,ALTO 800 LXI,MARUTI
2017,58620,Petrol,Manual,First,18.6,81.83,6639.486,I20 ASTA OPTION 1.2,HYUNDAI
2012,29605,Petrol,Manual,First,18.3,97.7,2268.9559999999997,ETIOS LIVA G,TOYOTA
2012,71172,Petrol,Manual,Third,17.0,80.0,3254.65,I20 1.2 SPORTZ,HYUNDAI
2017,12000,Diesel,Manual,First,22.54,88.73,6788.2699999999995,I20 1.4 ASTA,HYUNDAI
2014,25000,Petrol,Manual,First,20.51,67.04,2557.225,WAGON R LXI OPTIONAL,MARUTI
2017,43000,Diesel,Manual,Second,22.54,88.73,7625.179999999999,I20 1.4 ASTA OPTION,HYUNDAI
2015,57022,Petrol,Automatic,First,17.21,103.6,6053.648999999999,POLO GT TSI,VOLKSWAGEN
2015,92000,Diesel,Manual,First,20.0,68.05,3952.075,FIGO DIESEL TITANIUM,FORD
2014,33372,Petrol,Manual,Second,18.6,85.8,5774.679,SWIFT ZXI,MARUTI
2016,52625,Diesel,Manual,First,24.0,70.0,4258.942,GRAND I10 CRDI MAGNA,HYUNDAI
2016,215000,Diesel,Manual,First,14.02,118.3,6974.25,XYLO H4,MAHINDRA
2012,65537,CNG,Manual,First,26.83,38.4,1952.79,ALTO GREEN LXI (CNG),MARUTI
2014,60138,Petrol,Manual,First,19.81,68.05,3803.2909999999997,I10 MAGNA 1.1,HYUNDAI
2014,84000,Diesel,Automatic,First,19.3,141.0,9996.425,OCTAVIA ELEGANCE 2.0 TDI AT,SKODA
2014,47000,Diesel,Automatic,First,15.97,258.0,38590.85,X5 2014-2019 XDRIVE 30D DESIGN PURE EXPERIENCE 7 SEATER,BMW
2014,33450,Petrol,Automatic,First,23.1,67.04,4091.5600000000004,CELERIO VXI AT,MARUTI
2013,125000,Diesel,Manual,Second,20.54,103.6,5811.875,VENTO DIESEL COMFORTLINE,VOLKSWAGEN
2011,99606,Diesel,Automatic,Second,16.07,181.0,9763.949999999999,3 SERIES 320D HIGHLINE,BMW
2014,64000,Diesel,Manual,First,20.77,88.8,6741.775,ERTIGA ZDI,MARUTI
2013,51000,Diesel,Manual,First,20.0,68.05,2975.6800000000003,FIGO DIESEL ZXI,FORD
2014,57000,Petrol,Manual,First,16.47,74.0,3673.105,POLO 1.2 MPI HIGHLINE,VOLKSWAGEN
2009,48040,Diesel,Automatic,Second,16.77,241.38,11223.893,A6 3.0 TDI QUATTRO,AUDI
2017,43200,Diesel,Manual,First,13.68,147.8,17296.14,INNOVA CRYSTA 2.4 ZX MT,TOYOTA
2013,66000,Diesel,Automatic,First,22.32,126.3,5300.43,VERNA 1.6 CRDI EX AT,HYUNDAI
2013,31000,Petrol,Manual,First,17.92,62.1,1627.325,SANTRO XING GL PLUS,HYUNDAI
2011,46000,Diesel,Automatic,Second,16.55,147.51,10219.601,A4 2.0 TDI,AUDI
2012,47346,Diesel,Automatic,First,16.55,147.51,13483.55,A4 2.0 TDI,AUDI
2009,100000,Diesel,Manual,First,17.0,105.0,2891.989,LAURA 1.9 TDI MT AMBIENTE,SKODA
2015,63856,Petrol,Automatic,First,13.7,153.86,12981.404,CR-V 2.0L 2WD AT,HONDA
2015,72996,Diesel,Manual,First,22.32,126.32,6611.589,VERNA 1.6 SX CRDI (O),HYUNDAI
2014,23000,Diesel,Manual,First,24.5,98.6,6416.31,MOBILIO RS I DTEC,HONDA
2018,15985,Petrol,Manual,First,18.6,81.83,7225.322999999999,I20 1.2 ASTA OPTION,HYUNDAI
2011,98000,Diesel,Manual,Second,12.8,102.0,5114.45,INNOVA 2.5 G (DIESEL) 7 SEATER BS IV,TOYOTA
2014,70089,Petrol,Manual,First,18.6,81.83,4974.964999999999,I20 MAGNA 1.2,HYUNDAI
2011,99000,Diesel,Manual,Second,13.6,63.0,4184.55,BOLERO VLX BS IV,MAHINDRA
2014,72000,Diesel,Manual,First,20.34,103.2,4417.025,VENTO 1.5 TDI COMFORTLINE,VOLKSWAGEN
2015,44194,Diesel,Automatic,First,16.36,187.7,30500.719999999998,XF 2.2 LITRE LUXURY,JAGUAR
2005,102000,Petrol,Manual,First,17.3,60.0,650.93,ZEN LXI - BS III,MARUTI
2018,56652,Diesel,Automatic,First,13.0,258.0,46764.670999999995,E-CLASS FACELIFT,MERCEDES-BENZ
2010,41650,Diesel,Manual,Second,11.5,171.0,10219.601,FORTUNER 3.0 DIESEL,TOYOTA
2015,61717,Petrol,Automatic,First,18.9,82.0,5179.543000000001,GRAND I10 AT ASTA,HYUNDAI
2018,25302,Diesel,Manual,First,25.4,73.97,5486.41,XCENT 1.2 CRDI S,HYUNDAI
2016,47016,Petrol,Manual,First,15.29,121.3,8768.957,CRETA 1.6 VTVT S,HYUNDAI
2010,69000,Petrol,Manual,First,20.36,78.9,2696.71,I10 SPORTZ,HYUNDAI
2016,32700,Petrol,Manual,First,19.4,86.8,3422.032,BRIO S MT,HONDA
2015,101337,Diesel,Automatic,First,12.55,168.5,20150.933,FORTUNER 4X2 AT,TOYOTA
2011,59000,Diesel,Automatic,First,16.55,140.0,11623.75,A4 2.0 TDI MULTITRONIC,AUDI
2018,41736,Diesel,Automatic,First,11.36,171.5,18523.608,INNOVA CRYSTA 2.8 ZX AT,TOYOTA
2014,71649,Diesel,Manual,First,25.1,98.6,6276.825,CITY I DTEC VX,HONDA
2015,80606,Diesel,Manual,First,25.1,98.6,6472.103999999999,CITY I DTEC VX,HONDA
2017,63262,Petrol,Manual,First,21.7,67.0,3022.1749999999997,KWID 1.0 RXT OPTIONAL,RENAULT
2018,5456,Diesel,Manual,First,28.4,74.0,8043.635,SWIFT DDIS ZDI PLUS,MARUTI
2017,7500,Petrol,Automatic,First,23.1,67.04,4649.5,CELERIO VXI OPTIONAL AMT,MARUTI
2011,66000,Diesel,Manual,First,15.1,140.0,5114.45,XUV500 W8 2WD,MAHINDRA
2010,66770,Petrol,Manual,Second,20.36,78.9,2417.7400000000002,I10 MAGNA,HYUNDAI
2014,58472,Petrol,Manual,First,19.81,68.05,3170.959,I10 MAGNA 1.1,HYUNDAI
2011,46687,Petrol,Manual,First,22.0,81.8,2510.73,DZIRE VXI,MARUTI
2008,77000,Petrol,Automatic,Fourth & Above,9.7,163.5,5114.45,GRAND VITARA AT,MARUTI
2012,7000,Petrol,Automatic,First,14.33,226.6,32546.5,TT 40 TFSI,AUDI
2011,48000,Petrol,Automatic,Second,14.74,184.0,9066.525,NEW C-CLASS C 200 CGI,MERCEDES-BENZ
2013,47000,Diesel,Manual,First,21.64,84.8,3952.075,SUNNY 2011-2014 DIESEL XV,NISSAN
2015,51530,Petrol,Manual,First,18.9,67.1,2975.6800000000003,WAGON R LXI,MARUTI
2014,25789,Diesel,Manual,Second,23.4,74.0,6369.815,SWIFT DZIRE ZDI,MARUTI
2015,48000,Diesel,Manual,First,25.8,98.6,4184.55,AMAZE S I-DTECH,HONDA
2012,52000,Diesel,Manual,First,28.4,74.0,3301.1449999999995,SWIFT ZDI,MARUTI
2010,95637,CNG,Manual,Second,13.2,93.7,1766.81,ACCENT EXECUTIVE CNG,HYUNDAI
2008,131000,Diesel,Manual,First,10.5,120.0,3347.64,SCORPIO LX 2.6 TURBO,MAHINDRA
2015,42076,Diesel,Automatic,First,13.0,201.1,20271.82,E-CLASS E250 CDI AVANTGRADE,MERCEDES-BENZ
2012,76000,Diesel,Manual,Second,13.0,168.5,12553.65,FORTUNER 4X2 MANUAL,TOYOTA
2016,20487,Petrol,Manual,First,22.7,53.64,2473.534,REDI-GO T OPTION,DATSUN
2010,43000,Petrol,Manual,Second,16.8,116.3,3487.125,CITY V MT,HONDA
2018,17000,Petrol,Automatic,First,19.16,158.2,29756.8,CAMRY HYBRID,TOYOTA
2016,60805,Diesel,Manual,First,26.0,98.6,7504.293,CITY I DTEC V,HONDA
2012,58775,Diesel,Manual,First,19.33,138.1,5244.6359999999995,JETTA 2012-2014 2.0L TDI TRENDLINE,VOLKSWAGEN
2013,70181,Diesel,Automatic,First,17.68,174.33,22308.301,A6 2011-2015 2.0 TDI,AUDI
2016,85827,Diesel,Manual,First,20.77,88.76,6974.25,ERTIGA VDI,MARUTI
2016,58205,Diesel,Automatic,First,19.27,167.62,25107.3,NEW C-CLASS C 220 CDI STYLE,MERCEDES-BENZ
2008,91000,Diesel,Manual,Second,19.3,73.9,2650.215,SWIFT DZIRE VDI BSIV,MARUTI
2012,74000,Diesel,Manual,First,19.01,108.45,5904.865,DUSTER 110PS DIESEL RXZ PACK,RENAULT
2010,79324,Diesel,Manual,First,21.1,73.9,3068.6699999999996,RITZ VDI,MARUTI
2013,38623,Petrol,Manual,First,19.1,85.8,4649.5,SWIFT DZIRE VXI,MARUTI
2014,59923,Diesel,Manual,First,22.9,74.0,6007.1539999999995,SWIFT ZDI,MARUTI
2017,23360,Petrol,Manual,First,21.1,55.2,3487.125,EON SPORTZ,HYUNDAI
2003,61495,Petrol,Manual,Third,17.3,60.0,1413.448,ZEN VXI BSII,MARUTI
2012,56661,Petrol,Manual,First,15.1,73.0,3356.939,EECO 7 SEATER STANDARD,MARUTI
2017,40318,Diesel,Automatic,First,14.16,174.3,40673.826,Q5 30 TDI QUATTRO PREMIUM,AUDI
2014,60000,Diesel,Automatic,First,15.73,174.33,18598.0,Q3 2.0 TDI,AUDI
2008,103000,Diesel,Automatic,Second,0.0,97.7,2789.7,FORTWO CDI AT,SMART
2010,130000,Diesel,Manual,First,19.3,73.9,3394.1349999999998,SWIFT DZIRE VDI,MARUTI
2013,20000,Diesel,Manual,First,14.07,83.1,4881.974999999999,SUMO DX,TATA
2016,76000,Diesel,Automatic,First,15.97,258.0,53934.2,X5 2014-2019 XDRIVE 30D DESIGN PURE EXPERIENCE 7 SEATER,BMW
2015,30000,Petrol,Automatic,First,18.0,117.3,8043.635,CITY I-VTEC CVT VX,HONDA
2015,150000,Diesel,Manual,First,25.0,69.01,2324.75,INDIGO ECS ELX BS IV,TATA
2014,28000,Petrol,Automatic,First,16.93,103.6,7206.724999999999,VENTO TSI,VOLKSWAGEN
2015,74000,Petrol,Manual,First,23.1,67.04,3859.085,CELERIO VXI,MARUTI
2011,75000,Diesel,Manual,First,11.5,171.0,10089.414999999999,FORTUNER 3.0 DIESEL,TOYOTA
2010,76000,Petrol,Automatic,Second,11.3,170.0,5142.347,OUTLANDER 2.4,MITSUBISHI
2014,64889,Diesel,Automatic,First,15.5,105.0,10693.85,JETTA 2007-2011 1.9 HIGHLINE TDI,VOLKSWAGEN
2010,10000,Petrol,Manual,First,9.0,97.7,37196.0,CAYMAN 2009-2012 S,PORSCHE
2015,43000,Diesel,Manual,First,19.67,126.2,8601.574999999999,CRETA 1.6 CRDI SX,HYUNDAI
2011,47490,Petrol,Manual,First,17.5,75.0,2129.471,FABIA 1.2 MPI AMBIENTE PETROL,SKODA
2015,80000,Diesel,Manual,First,22.77,98.59,6509.3,ECOSPORT 1.5 TDCI TITANIUM,FORD
2007,60000,Petrol,Manual,Second,18.2,64.0,1534.3349999999998,ZEN ESTILO 1.1 LXI BSIII,MARUTI
2017,6006,Petrol,Manual,First,20.73,91.1,7671.675,CIAZ 1.4 DELTA,MARUTI
2011,71703,Petrol,Automatic,First,14.74,181.03,8499.286,NEW C-CLASS C 200 AVANTGARDE EDITION C,MERCEDES-BENZ
2016,33000,Petrol,Manual,First,17.8,86.7,6044.349999999999,AMAZE SX I-VTEC,HONDA
2012,60000,Diesel,Manual,First,23.59,97.7,2743.205,ETIOS GD,TOYOTA
2015,91000,Diesel,Manual,First,19.87,83.8,5346.925,DUSTER 85PS DIESEL RXL,RENAULT
2012,72000,LPG,Manual,First,26.2,58.2,2650.215,WAGON R LXI LPG BSIV,MARUTI
2011,43000,Petrol,Manual,Second,16.47,73.9,1952.79,POLO PETROL HIGHLINE 1.2L,VOLKSWAGEN
2017,63770,Diesel,Manual,First,19.67,126.2,12600.145,CRETA 1.6 SX PLUS DIESEL,HYUNDAI
2012,43510,Diesel,Automatic,First,14.74,270.9,19062.95,XF DIESEL,JAGUAR
2017,52000,Diesel,Manual,First,16.3,170.0,18598.0,COMPASS 2.0 LIMITED 4X4,JEEP
2018,31427,Diesel,Automatic,First,15.68,177.0,55533.628,ROVER RANGE ROVER EVOQUE 2.0 TD4 HSE DYNAMIC,LAND
2016,29000,Diesel,Manual,First,27.39,74.0,6044.349999999999,BALENO ALPHA DIESEL,MARUTI
2016,56000,Diesel,Manual,First,28.09,88.5,6974.25,CIAZ ZDI SHVS,MARUTI
2007,76000,Petrol,Manual,Second,15.0,104.68,1999.2849999999999,SX4 VXI BSIII,MARUTI
2015,53615,Diesel,Manual,First,22.7,126.24,7848.356,ELANTRA CRDI SX,HYUNDAI
2013,132000,Diesel,Manual,First,13.5,175.56,11614.451,PAJERO SPORT 4X4,MITSUBISHI
2017,14800,Petrol,Manual,First,17.0,73.75,5095.852,AMEO 1.2 MPI COMFORTLINE,VOLKSWAGEN
2013,35433,Petrol,Manual,First,18.5,85.8,3905.58,RITZ VXI,MARUTI
2013,82966,Diesel,Manual,First,16.8,110.0,6695.28,VERNA CRDI SX,HYUNDAI
2014,96000,Diesel,Manual,First,23.4,74.0,4463.5199999999995,SWIFT DZIRE TOUR LDI,MARUTI
2017,39528,Diesel,Manual,First,25.32,77.0,5421.317,KUV 100 MFALCON D75 K6,MAHINDRA
2018,92056,Diesel,Manual,First,13.68,147.8,17100.861,INNOVA CRYSTA 2.4 ZX MT,TOYOTA
2016,14930,Petrol,Manual,First,21.4,83.1,5439.915,BALENO DELTA 1.2,MARUTI
2016,38000,Diesel,Manual,First,27.3,98.6,5774.679,JAZZ VX DIESEL,HONDA
2013,71000,Petrol,Manual,First,17.0,80.0,3394.1349999999998,I20 1.2 ASTA,HYUNDAI
2012,71000,Diesel,Manual,First,23.0,90.0,3440.63,I20 SPORTZ DIESEL,HYUNDAI
2015,50000,Diesel,Automatic,First,19.27,167.62,27897.0,NEW C-CLASS C 220D AVANTGARDE EDITION C,MERCEDES-BENZ
2016,48163,Petrol,Manual,First,19.1,82.0,4510.014999999999,XCENT 1.2 KAPPA BASE,HYUNDAI
2017,19168,Petrol,Automatic,First,18.9,82.0,6444.206999999999,GRAND I10 AT ASTA,HYUNDAI
2016,26000,Petrol,Manual,First,22.74,47.3,2417.7400000000002,ALTO 800 VXI,MARUTI
2014,37400,Petrol,Manual,First,18.2,82.5,1757.511,SAIL HATCHBACK 1.2 LS,CHEVROLET
2018,8682,Diesel,Automatic,First,0.0,194.0,36731.049999999996,C-CLASS PROGRESSIVE C 220D,MERCEDES-BENZ
2012,95000,Petrol,Automatic,First,13.7,157.75,9299.0,SUPERB ELEGANCE 1.8 TSI AT,SKODA
2009,34000,Diesel,Automatic,First,16.55,147.51,9252.505,A4 2.0 TDI,AUDI
2014,95000,Diesel,Manual,Second,12.8,102.0,8787.554999999998,INNOVA 2.5 G (DIESEL) 7 SEATER BS IV,TOYOTA
2017,13689,Diesel,Automatic,First,17.9,136.0,26269.675,CLA 200 CDI SPORT,MERCEDES-BENZ
2008,84000,Petrol,Manual,Second,19.81,68.05,1673.82,I10 ERA,HYUNDAI
2008,47000,Petrol,Manual,Second,17.5,85.8,1301.86,SWIFT DZIRE VXI,MARUTI
2015,60001,Diesel,Automatic,First,21.66,103.52,6741.775,RAPID 1.5 TDI AT AMBITION,SKODA
2012,96000,Diesel,Manual,First,21.1,73.9,3347.64,RITZ VDI,MARUTI
2004,47300,Petrol,Manual,Second,14.4,94.0,1115.8799999999999,ACCENT GLS 1.6,HYUNDAI
2014,28246,Petrol,Manual,Second,17.8,86.7,4593.706,AMAZE SX I-VTEC,HONDA
2007,65000,Petrol,Manual,Second,18.9,67.1,1162.375,WAGON R LXI,MARUTI
2013,68000,Diesel,Manual,Second,22.07,73.9,4463.5199999999995,POLO DIESEL COMFORTLINE 1.2L,VOLKSWAGEN
2019,11209,Diesel,Automatic,First,12.62,158.0,28966.385,ENDEAVOUR 2.2 TREND AT 4X2,FORD
2011,41980,Petrol,Manual,Second,17.0,80.0,3068.6699999999996,I20 1.2 SPORTZ,HYUNDAI
2012,65000,Diesel,Manual,First,25.44,57.6,2231.7599999999998,BEAT DIESEL PS,CHEVROLET
2010,38000,Petrol,Manual,First,14.8,130.2,1859.8,CIVIC 2010-2013 1.8 V MT,HONDA
2014,51000,Petrol,Manual,First,20.51,67.04,2882.69,WAGON R VXI BS IV,MARUTI
2014,33855,Petrol,Manual,First,15.0,103.6,4733.191,RAPID 1.6 MPI AMBITION PLUS,SKODA
2006,146000,Petrol,Manual,Second,15.4,94.0,976.395,BALENO VXI - BSIII,MARUTI
2015,47037,Diesel,Manual,Second,22.77,98.59,6509.3,ECOSPORT 1.5 TDCI TITANIUM,FORD
2010,58000,Petrol,Manual,Second,13.2,94.0,2324.75,ACCENT GLE,HYUNDAI
2012,61240,Diesel,Automatic,First,22.48,190.0,16273.25,5 SERIES 520D LUXURY LINE,BMW
2011,91211,Petrol,Manual,First,20.92,67.1,1952.79,ALTO K10 2010-2014 VXI,MARUTI
2013,84000,Diesel,Automatic,First,15.73,174.33,16505.725,Q3 2012-2015 2.0 TDI QUATTRO PREMIUM PLUS,AUDI
2008,64226,LPG,Manual,First,17.3,57.5,1348.355,WAGON R LXI DUO BSIII,MARUTI
2005,67000,Petrol,Automatic,Second,11.3,125.0,2278.255,COROLLA H4,TOYOTA
2011,106976,Diesel,Automatic,First,13.5,215.0,12832.62,XC60 D5,VOLVO
2016,27210,Diesel,Manual,First,27.3,98.6,5439.915,JAZZ 1.5 VX I DTEC,HONDA
2017,26322,Diesel,Manual,First,28.09,88.5,8276.11,CIAZ 1.3 ALPHA,MARUTI
2016,9107,Petrol,Manual,First,20.4,81.8,4788.985000000001,SWIFT VXI BSIV,MARUTI
2015,63983,Diesel,Automatic,First,19.27,170.0,15399.143999999998,NEW C-CLASS C 220 CDI AVANTGARDE,MERCEDES-BENZ
2010,134000,Petrol,Manual,Second,18.9,67.0,1534.3349999999998,WAGON R VXI MINOR,MARUTI
2015,11000,Petrol,Automatic,First,15.5,120.7,14878.4,A CLASS A180 SPORT,MERCEDES-BENZ
2008,93000,Petrol,Manual,First,0.0,62.0,1348.355,SANTRO XING GL,HYUNDAI
2017,24852,Diesel,Automatic,First,26.59,74.0,7513.592,SWIFT DZIRE AMT ZDI,MARUTI
2014,37632,Petrol,Automatic,First,18.9,82.0,4184.55,GRAND I10 AT ASTA,HYUNDAI
2013,55000,Petrol,Manual,Second,16.95,97.7,3998.5699999999997,SUNNY 2011-2014 XV SPECIAL EDITION,NISSAN
2010,81448,Petrol,Manual,First,19.0,66.1,2417.7400000000002,A-STAR LXI,MARUTI
2018,1900,Petrol,Manual,First,25.17,53.3,4138.055,KWID RXT OPTIONAL,RENAULT
2012,54957,Petrol,Automatic,First,17.1,121.4,4993.563,VERNA 1.6 SX VTVT (O) AT,HYUNDAI
2008,55000,Petrol,Manual,Second,18.9,67.0,1627.325,WAGON R LXI MINOR,MARUTI
2013,21983,Diesel,Automatic,First,18.88,184.0,15343.35,3 SERIES 320D SPORT LINE,BMW
2013,76000,Diesel,Automatic,First,18.48,177.0,17668.1,5 SERIES 2003-2012 520D,BMW
2016,65000,Diesel,Manual,First,25.0,69.01,2603.72,INDIGO CS EVX,TATA
2015,26000,Diesel,Manual,First,22.54,88.73,5765.38,I20 SPORTZ 1.4 CRDI,HYUNDAI
2019,11571,Petrol,Manual,First,16.8,34.2,3533.62,OMNI E MPI STD BS IV,MARUTI
2014,81000,Diesel,Manual,First,25.2,74.0,5672.389999999999,SWIFT ZDI,MARUTI
2019,23154,Diesel,Manual,First,23.0,98.96,10833.335000000001,ECOSPORT SIGNATURE EDITION DIESEL,FORD
2014,26856,Petrol,Automatic,First,16.5,86.8,3859.085,BRIO VX AT,HONDA
2017,67489,Diesel,Manual,First,13.68,147.8,15343.35,INNOVA CRYSTA 2.4 GX MT,TOYOTA
2008,176000,Diesel,Manual,Second,10.5,120.0,3998.5699999999997,SCORPIO 2.6 LX,MAHINDRA
2010,18000,Petrol,Manual,First,18.5,80.0,2092.275,I20 1.2 MAGNA,HYUNDAI
2014,63003,Diesel,Manual,First,22.32,126.32,6276.825,VERNA 1.6 SX,HYUNDAI
2014,80000,Diesel,Manual,First,15.1,140.0,8741.06,XUV500 W6 2WD,MAHINDRA
2014,56658,Diesel,Manual,First,20.64,108.5,5012.160999999999,VENTO 1.5 TDI COMFORTLINE,VOLKSWAGEN
2019,18592,Diesel,Manual,First,26.59,74.0,7913.449,SWIFT DZIRE VDI OPTIONAL,MARUTI
2010,75695,Petrol,Manual,First,13.7,88.8,1720.315,MANZA AURA SAFIRE BS IV,TATA
2012,82000,Diesel,Manual,Second,22.9,74.0,2324.75,SWIFT VDI,MARUTI
2013,60000,Diesel,Manual,First,22.07,73.9,4417.025,POLO DIESEL HIGHLINE 1.2L,VOLKSWAGEN
2009,138000,Petrol,Manual,Second,17.0,118.0,3254.65,CITY 1.5 V MT,HONDA
2014,67000,Diesel,Manual,First,23.0,90.0,5114.45,I20 ASTA (O) 1.4 CRDI (DIESEL),HYUNDAI
2012,42750,Petrol,Manual,First,17.0,118.0,5886.267,CITY 1.5 V MT,HONDA
2014,52398,Diesel,Manual,First,25.44,57.6,2296.853,BEAT DIESEL,CHEVROLET
2014,36657,Petrol,Manual,First,16.2,62.1,3068.6699999999996,SPARK 1.0 LS,CHEVROLET
2011,77000,Diesel,Manual,Second,11.57,138.1,3254.65,NEW SAFARI DICOR 2.2 EX 4X2,TATA
2014,85000,Diesel,Automatic,First,11.3,254.8,36033.625,GL-CLASS 350 CDI BLUE EFFICIENCY,MERCEDES-BENZ
2008,112500,Diesel,Automatic,First,11.5,235.0,7429.901,5 SERIES 2003-2012 530D HIGHLINE,BMW
2013,105072,Diesel,Manual,First,14.24,174.5,12349.071999999998,FORTUNER 2.8 4WD MT,TOYOTA
2012,80000,Petrol,Automatic,First,11.25,150.0,8834.05,X1 SDRIVE 18I,BMW
2019,3102,Diesel,Manual,First,20.37,108.45,13027.899,CAPTUR 1.5 DIESEL PLATINE MONO,RENAULT
2016,14656,Diesel,Manual,First,24.4,71.0,6500.001,XCENT 1.1 CRDI S,HYUNDAI
2010,105000,Diesel,Automatic,Second,13.2,170.0,10228.9,3 SERIES 320D,BMW
2008,61000,Petrol,Automatic,Second,10.8,215.0,10228.9,5 SERIES 2010-2013 525I,BMW
2010,85046,Petrol,Manual,Second,18.06,75.0,2138.77,MICRA XE,NISSAN
2014,48000,Diesel,Automatic,First,16.36,187.7,24642.35,XF 2.2 LITRE LUXURY,JAGUAR
2011,55000,Diesel,Automatic,First,10.2,308.0,62303.299999999996,ROVER RANGE ROVER TDV8 (DIESEL),LAND
2017,4000,Petrol,Automatic,First,16.0,160.0,16505.725,COMPASS 1.4 LIMITED OPTION,JEEP
2010,94000,Petrol,Automatic,Second,10.1,152.0,4463.5199999999995,CR-V 2.4 AT,HONDA
2013,61110,Petrol,Manual,First,18.6,85.8,4249.643,SWIFT VXI,MARUTI
2016,80000,Diesel,Manual,First,24.4,71.0,3254.65,XCENT 1.1 CRDI S,HYUNDAI
2015,43190,Diesel,Manual,First,19.01,108.5,7076.539,TERRANO XV PREMIUM 110 PS,NISSAN
2015,45000,Diesel,Automatic,First,18.25,187.74,23247.5,A4 35 TDI TECHNOLOGY,AUDI
2016,44178,Petrol,Manual,First,18.9,82.0,5467.812,GRAND I10 ASTA OPTION,HYUNDAI
2015,84415,Diesel,Manual,First,12.99,100.6,12553.65,INNOVA 2.5 G (DIESEL) 8 SEATER,TOYOTA
2015,35000,Petrol,Manual,First,18.5,80.0,4277.54,I20 1.2 MAGNA,HYUNDAI
2013,44000,Diesel,Manual,First,22.77,98.59,4556.51,ECOSPORT 1.5 TDCI TITANIUM,FORD
2012,67635,Petrol,Manual,First,17.0,118.0,4881.974999999999,CITY 1.5 S MT,HONDA
2018,18385,Petrol,Automatic,First,14.8,121.36,11540.059,ECOSPORT 1.5 PETROL TITANIUM PLUS AT,FORD
2014,35000,Diesel,Manual,First,22.07,73.9,3533.62,POLO DIESEL HIGHLINE 1.2L,VOLKSWAGEN
2010,49000,Diesel,Automatic,First,19.27,170.0,8322.605,NEW C-CLASS C 220 CDI AVANTGARDE,MERCEDES-BENZ
2013,69000,Diesel,Manual,First,22.7,89.84,6695.28,ECOSPORT 1.5 DV5 MT TITANIUM,FORD
2017,23228,Petrol,Manual,First,14.4,65.0,4184.55,INDIGO GLE,TATA
2014,68462,Diesel,Manual,First,26.59,74.0,3859.085,SWIFT DZIRE LDI,MARUTI
2016,74611,Diesel,Manual,First,25.1,88.5,7383.406,S-CROSS ZETA DDIS 200 SH,MARUTI
2014,90000,Diesel,Manual,First,19.01,108.45,6741.775,DUSTER 110PS DIESEL RXZ PACK,RENAULT
2016,22000,Petrol,Manual,First,18.9,67.1,3440.63,WAGON R VXI,MARUTI
2010,58163,Petrol,Manual,First,0.0,62.0,2278.255,SANTRO XING GL,HYUNDAI
2011,109500,Diesel,Manual,Third,25.44,57.6,1394.85,BEAT DIESEL LT,CHEVROLET
2017,13363,Diesel,Manual,First,16.0,140.0,11158.8,XUV500 W4 1.99 MHAWK,MAHINDRA
2012,51000,Petrol,Manual,Second,19.81,68.05,2045.7800000000002,I10 ERA 1.1,HYUNDAI
2007,103000,Diesel,Manual,First,13.93,138.0,3347.64,NEW SAFARI DICOR 2.2 EX 4X4,TATA
2009,43002,Petrol,Manual,First,20.36,78.9,1785.408,I10 SPORTZ,HYUNDAI
2016,108000,Diesel,Automatic,First,11.36,171.5,19062.95,INNOVA CRYSTA 2.8 ZX AT,TOYOTA
2010,82407,Diesel,Manual,First,17.5,106.0,3952.075,LAURA ELEGANCE MT,SKODA
2013,29000,Petrol,Manual,First,18.9,82.0,2975.6800000000003,GRAND I10 SPORTZ,HYUNDAI
2012,225000,Diesel,Manual,Second,23.59,97.7,2417.7400000000002,ETIOS LIVA GD,TOYOTA
2014,45000,Diesel,Manual,First,23.4,74.0,3580.115,SWIFT DZIRE VDI,MARUTI
2010,93401,Diesel,Manual,First,23.0,90.0,3236.0519999999997,I20 ASTA 1.4 CRDI (DIESEL),HYUNDAI
2017,95802,Diesel,Manual,Second,25.83,99.0,4231.045,FIGO 2015-2019 1.5D TREND MT,FORD
2016,130000,Diesel,Manual,First,25.47,88.5,6509.3,ERTIGA VDI,MARUTI
2013,67443,Diesel,Manual,First,20.77,88.8,5346.925,ERTIGA ZDI,MARUTI
2016,47681,Petrol,Automatic,First,16.8,116.3,8118.027,CITY 1.5 V AT SUNROOF,HONDA
2009,35000,Petrol,Manual,First,19.7,46.3,1580.83,ALTO LXI BSIII,MARUTI
2016,68000,Diesel,Automatic,First,10.91,197.0,27432.05,ENDEAVOUR 3.2 TITANIUM AT 4X4,FORD
2019,34688,Diesel,Manual,First,24.3,88.5,9754.651,VITARA BREZZA ZDI PLUS,MARUTI
2015,10512,Petrol,Automatic,First,8.6,265.0,59513.6,BOXSTER S TIPTRONIC,PORSCHE
2016,58000,Diesel,Manual,First,22.9,74.0,7020.745,SWIFT ZDI,MARUTI
2014,40000,Petrol,Manual,First,17.57,88.7,3673.105,ZEST REVOTRON 1.2 XT,TATA
2010,61000,Petrol,Manual,Fourth & Above,17.0,80.0,3022.1749999999997,I20 1.2 SPORTZ OPTION,HYUNDAI
2009,86000,Diesel,Manual,First,19.4,70.0,2557.225,FABIA 1.4 TDI ACTIVE,SKODA
2015,45000,Diesel,Manual,First,21.43,87.2,6834.764999999999,COROLLA ALTIS D-4D J,TOYOTA
2017,55000,Petrol,Manual,First,17.0,73.75,4370.53,AMEO 1.2 MPI COMFORTLINE,VOLKSWAGEN
2016,36855,Petrol,Manual,Second,15.29,121.3,8155.222999999999,CRETA 1.6 VTVT S,HYUNDAI
2013,46821,Petrol,Manual,First,20.36,78.9,3180.258,I10 MAGNA 1.2,HYUNDAI
2015,120000,Petrol,Manual,First,18.6,76.8,2324.75,BEAT LS,CHEVROLET
2012,29000,Diesel,Automatic,First,14.74,270.9,18598.0,XF 3.0 LITRE S PREMIUM LUXURY,JAGUAR
2014,40000,Petrol,Manual,First,13.24,102.5,4881.974999999999,TERRANO XL,NISSAN
2013,60000,Diesel,Automatic,Second,15.73,174.33,13483.55,Q3 2012-2015 2.0 TDI QUATTRO PREMIUM PLUS,AUDI
2011,64984,Petrol,Automatic,First,16.95,78.9,3208.155,I10 ASTA AT,HYUNDAI
2015,73204,Petrol,Automatic,First,24.07,67.1,3068.6699999999996,ALTO K10 VXI AGS,MARUTI
2014,50000,Diesel,Automatic,First,11.33,335.2,47424.9,Q7 4.2 TDI QUATTRO TECHNOLOGY,AUDI
2017,35000,Diesel,Manual,First,24.3,88.5,6044.349999999999,VITARA BREZZA VDI,MARUTI
2013,17729,Petrol,Manual,First,21.1,55.2,3394.1349999999998,EON D LITE PLUS,HYUNDAI
2012,97000,Diesel,Manual,First,20.0,115.0,6741.775,XUV300 W8 DIESEL,MAHINDRA
2014,89614,Diesel,Manual,First,22.0,126.2,5588.699,VERNA CRDI 1.6 SX OPTION,HYUNDAI
2015,14000,Petrol,Manual,First,18.9,67.1,2603.72,WAGON R VXI,MARUTI
2012,50000,Petrol,Manual,First,17.0,80.0,3719.6,I20 SPORTZ OPTION,HYUNDAI
2014,62505,Petrol,Manual,First,17.4,117.3,5532.905,CITY I VTEC V,HONDA
2011,248000,Diesel,Manual,Second,12.8,102.0,8555.08,INNOVA 2.5 V DIESEL 7-SEATER,TOYOTA
2012,94900,Diesel,Manual,First,16.8,110.0,4974.964999999999,VERNA CRDI SX,HYUNDAI
2017,55000,Diesel,Manual,First,17.6,153.86,11158.8,HEXA XT,TATA
2015,53735,Diesel,Automatic,Second,12.07,241.4,36210.306,Q7 3.0 TDI QUATTRO PREMIUM PLUS,AUDI
2008,53934,Petrol,Manual,Second,18.9,67.1,2501.431,WAGON R VXI,MARUTI
2013,58500,Diesel,Automatic,Second,17.09,218.0,25572.25,5 SERIES 2013-2017 525D LUXURY LINE,BMW
2014,48000,Petrol,Manual,First,18.0,86.7,2557.225,AMAZE EX I-VTECH,HONDA
2016,24000,Petrol,Manual,First,24.7,47.3,2603.72,ALTO 800 2016-2019 LXI,MARUTI
2016,52001,Petrol,Manual,First,17.01,121.3,5997.8550000000005,VERNA 1.6 SX VTVT,HYUNDAI
2018,9565,Petrol,Manual,First,23.84,84.0,5467.812,TIAGO 1.2 REVOTRON XZ,TATA
2013,32953,Petrol,Manual,First,18.6,85.8,4324.035,SWIFT LXI,MARUTI
2014,18000,Petrol,Manual,First,21.1,55.2,2324.75,EON ERA,HYUNDAI
2018,20446,Petrol,Automatic,First,12.6,191.34,47750.365,E-CLASS E 220 D,MERCEDES-BENZ
2016,33016,Diesel,Manual,First,22.54,88.73,6369.815,I20 MAGNA 1.4 CRDI,HYUNDAI
2012,48000,Diesel,Manual,First,23.59,67.05,4881.974999999999,ETIOS VD,TOYOTA
2014,72022,Diesel,Manual,First,21.43,87.2,8582.977,COROLLA ALTIS DIESEL D4DG,TOYOTA
2014,34000,Diesel,Automatic,First,20.7,113.98,20457.8,COOPER 5 DOOR D,MINI
2014,69000,Diesel,Manual,First,20.14,88.8,4826.1810000000005,POLO 1.5 TDI HIGHLINE,VOLKSWAGEN
2009,108000,Petrol,Automatic,First,13.7,157.75,4045.0649999999996,SUPERB ELEGANCE 1.8 TSI AT,SKODA
2013,34700,Diesel,Automatic,First,10.0,170.0,22782.55,E-CLASS 2009-2013 E 220 CDI AVANTGARDE,MERCEDES-BENZ
2015,79000,Diesel,Manual,First,17.8,75.0,5346.925,SWIFT VDI BSIII W/ ABS,MARUTI
2016,58197,Petrol,Automatic,First,18.0,117.3,8545.780999999999,CITY I VTEC CVT VX,HONDA
2008,66000,Petrol,Automatic,Second,8.45,321.0,9996.425,7 SERIES 2007-2012 740LI,BMW
2009,60000,Petrol,Automatic,First,19.2,80.0,2780.4010000000003,I10 MAGNA AT,HYUNDAI
2014,57000,Diesel,Manual,First,26.59,74.0,3617.311,SWIFT DZIRE VDI,MARUTI
2018,45555,Diesel,Manual,First,26.0,98.6,10907.727,CITY I DTEC VX,HONDA
2016,55137,Petrol,Manual,First,14.0,35.0,2891.989,OMNI 8 SEATER BSIV,MARUTI
2014,93325,Diesel,Manual,Second,17.2,138.1,13437.054999999998,SUPERB 2009-2014 ELEGANCE 2.0 TDI MT,SKODA
2018,38000,Diesel,Manual,First,24.52,88.5,8090.129999999999,ERTIGA SHVS VDI,MARUTI
2016,57738,Diesel,Manual,First,24.0,70.0,4686.696,GRAND I10 CRDI MAGNA,HYUNDAI
2017,38282,Diesel,Manual,First,28.09,88.5,7904.15,CIAZ VDI PLUS SHVS,MARUTI
2014,64000,Diesel,Automatic,First,19.27,170.0,14552.935,NEW C-CLASS C 220 CDI AVANTGARDE,MERCEDES-BENZ
2015,32000,Diesel,Manual,First,20.5,91.72,5253.935,AVVENTURA MULTIJET EMOTION,FIAT
2010,83000,Petrol,Automatic,First,10.93,204.0,15343.35,E-CLASS 2009-2013 E 250 ELEGANCE,MERCEDES-BENZ
2011,76000,CNG,Manual,First,26.3,67.1,1859.8,ZEN ESTILO LXI GREEN (CNG),MARUTI
2012,67200,Petrol,Manual,First,15.04,103.6,3626.6099999999997,VENTO PETROL HIGHLINE,VOLKSWAGEN
2013,62655,Diesel,Automatic,First,18.88,184.0,13483.55,3 SERIES 320D LUXURY LINE,BMW
2015,16900,Diesel,Automatic,First,14.69,258.0,40915.6,5 SERIES 2013-2017 530D M SPORT,BMW
2017,8471,Petrol,Manual,First,18.9,81.86,4649.5,GRAND I10 1.2 KAPPA MAGNA,HYUNDAI
2016,69000,Diesel,Automatic,First,11.36,171.5,18365.524999999998,INNOVA CRYSTA 2.8 ZX AT,TOYOTA
2017,30090,Diesel,Automatic,First,19.6,108.45,10638.055999999999,DUSTER 110PS DIESEL RXZ AMT,RENAULT
2011,120000,Diesel,Manual,First,18.0,75.0,1627.325,INDICA VISTA AURA 1.3 QUADRAJET,TATA
2013,23000,Diesel,Manual,First,17.8,97.7,5207.44,SWIFT VDI BSIV,MARUTI
2016,35939,Petrol,Manual,First,12.3,185.0,28287.558,E-CLASS 2009-2013 E 200 CGI AVANTGARDE,MERCEDES-BENZ
2013,116694,Diesel,Manual,First,15.1,140.0,8899.143,XUV500 W8 4WD,MAHINDRA
2016,40448,Diesel,Manual,First,15.96,62.1,3254.65,BOLERO ZLX,MAHINDRA
2018,64456,Diesel,Manual,First,24.3,88.5,9726.754,VITARA BREZZA ZDI,MARUTI
2014,52782,Diesel,Manual,First,20.5,91.72,4510.014999999999,AVVENTURA MULTIJET EMOTION,FIAT
2016,51672,Petrol,Manual,First,19.5,88.76,5281.831999999999,AMAZE S PETROL,HONDA
2015,56073,Petrol,Automatic,First,13.7,157.75,12321.175,SUPERB ELEGANCE 1.8 TSI AT,SKODA
2011,65000,Diesel,Automatic,First,14.74,270.9,14878.4,XF 3.0 LITRE S PREMIUM LUXURY,JAGUAR
2013,79000,Petrol,Manual,First,18.9,67.1,2789.7,WAGON R VXI BSIII,MARUTI
2007,43206,Petrol,Manual,First,17.0,97.7,920.601,SANTRO XING XL ERLX EURO III,HYUNDAI
2010,70200,Petrol,Automatic,First,14.53,138.1,4649.5,COROLLA ALTIS VL,TOYOTA
2016,42000,Petrol,Manual,First,16.1,85.0,4417.025,SWIFT VXI BSIV,MARUTI
2014,62000,Petrol,Manual,First,16.47,74.0,4974.964999999999,POLO 1.2 MPI HIGHLINE,VOLKSWAGEN
2017,20000,Petrol,Manual,First,18.9,81.86,5560.802000000001,GRAND I10 1.2 KAPPA ASTA,HYUNDAI
2011,80000,Diesel,Manual,Third,21.5,88.8,3254.65,SX4 ZDI,MARUTI
2018,50234,Petrol,Manual,First,18.9,81.86,4435.623,GRAND I10 1.2 KAPPA MAGNA,HYUNDAI
2016,50003,Petrol,Manual,First,21.4,83.1,5067.955,BALENO DELTA 1.2,MARUTI
2018,1000,Petrol,Automatic,First,20.3,84.0,6369.815,TIGOR 1.2 REVOTRON XTA,TATA
2016,54897,Diesel,Automatic,First,26.59,74.0,6788.2699999999995,SWIFT DZIRE AMT ZDI,MARUTI
2007,108995,Petrol,Manual,First,15.3,65.3,1162.375,INDICA GLS BS IV,TATA
2015,73000,Diesel,Manual,First,22.7,118.0,7671.675,SX4 S CROSS DDIS 320 ZETA,MARUTI
2008,65000,Petrol,Manual,First,16.1,88.2,2520.029,SWIFT VXI BSIII,MARUTI
2016,32000,Petrol,Manual,First,19.1,82.0,3347.64,XCENT 1.2 KAPPA SX,HYUNDAI
2010,65000,Petrol,Manual,First,18.5,80.0,2789.7,I20 1.2 MAGNA,HYUNDAI
2016,21600,Petrol,Automatic,First,23.1,67.04,4324.035,CELERIO VXI AT,MARUTI
2010,39000,Diesel,Automatic,First,14.84,170.0,8834.05,NEW C-CLASS C 220 CDI ELEGANCE AT,MERCEDES-BENZ
2011,58075,Petrol,Manual,First,17.5,85.8,2743.205,SWIFT DZIRE VXI,MARUTI
2011,58000,Petrol,Manual,First,15.04,103.6,2789.7,VENTO PETROL TRENDLINE,VOLKSWAGEN
2015,58000,Diesel,Manual,First,25.2,74.0,5532.905,SWIFT ZDI,MARUTI
2008,89000,Petrol,Automatic,First,14.53,138.1,3719.6,COROLLA ALTIS VL,TOYOTA
2008,72000,Petrol,Manual,First,13.5,130.0,2324.75,CIVIC 2006-2010 1.8 V MT,HONDA
2017,1800,Petrol,Automatic,First,16.05,110.4,10572.963,ECOSPORT 1.5 TI VCT AT TITANIUM BE,FORD
2010,172050,Diesel,Manual,Second,19.0,93.0,2092.275,LINEA EMOTION PACK (DIESEL),FIAT
2013,46230,Petrol,Manual,First,19.81,68.05,2882.69,I10 ERA,HYUNDAI
2014,86925,Diesel,Automatic,First,11.2,215.0,15975.681999999999,XC60 D5 INSCRIPTION,VOLVO
2018,5000,Petrol,Manual,First,18.6,81.83,6044.349999999999,I20 1.2 ASTA,HYUNDAI
2014,66000,Diesel,Manual,First,26.0,98.6,5300.43,CITY I DTEC S,HONDA
2013,119000,Diesel,Manual,First,12.99,100.0,7439.2,INNOVA 2.5 VX (DIESEL) 8 SEATER BS IV,TOYOTA
2016,45000,Petrol,Manual,First,25.17,53.3,2417.7400000000002,KWID RXT,RENAULT
2009,66149,Petrol,Manual,First,19.0,66.1,2278.255,A-STAR VXI,MARUTI
2014,42070,Petrol,Automatic,First,14.8,120.7,10758.943,B CLASS B180,MERCEDES-BENZ
2012,35503,Petrol,Manual,First,18.9,67.1,2138.77,WAGON R LXI BS IV,MARUTI
2016,41460,Diesel,Manual,First,25.2,74.0,5486.41,SWIFT VDI BSIV,MARUTI
2015,40600,Petrol,Automatic,First,17.0,121.3,6695.28,VERNA VTVT 1.6 AT SX OPTION,HYUNDAI
2013,87000,Diesel,Automatic,First,22.0,126.2,5486.41,VERNA CRDI 1.6 AT SX OPTION,HYUNDAI
2014,30000,Petrol,Manual,Second,16.8,116.3,5579.4,CITY V MT,HONDA
2010,27089,Petrol,Manual,First,16.0,66.7,1813.3049999999998,I10 MAGNA OPTIONAL 1.1L,HYUNDAI
2016,53702,Diesel,Manual,First,23.59,67.04,6090.844999999999,ETIOS GD SP,TOYOTA
2015,51000,Diesel,Automatic,First,27.03,190.0,23247.5,S60 D4 MOMENTUM,VOLVO
2012,36542,Diesel,Manual,First,20.0,68.05,2464.2349999999997,FIGO DIESEL EXI,FORD
2017,15000,Diesel,Automatic,First,13.0,265.0,64628.049999999996,E-CLASS 2015-2017 E350 CDI AVANTGRADE,MERCEDES-BENZ
2012,65000,Diesel,Automatic,First,22.69,190.0,13018.6,3 SERIES 320D LUXURY LINE,BMW
2014,32000,Petrol,Manual,Second,22.74,47.3,1952.79,ALTO 800 VXI,MARUTI
2017,24393,Diesel,Manual,First,13.68,147.8,18969.96,INNOVA CRYSTA 2.4 VX MT,TOYOTA
2019,1000,Petrol,Manual,First,18.78,75.0,5281.831999999999,POLO 1.0 MPI TRENDLINE,VOLKSWAGEN
2014,28238,Petrol,Manual,First,13.24,102.5,5160.945,TERRANO XL,NISSAN
2013,59000,Diesel,Manual,First,13.5,175.56,11856.225,PAJERO SPORT 4X4,MITSUBISHI
2012,92000,Petrol,Manual,Second,14.8,130.2,3115.165,CIVIC 2010-2013 1.8 S MT,HONDA
2013,56840,Petrol,Manual,First,22.74,47.3,1441.345,ALTO 800 LXI,MARUTI
2013,62746,Diesel,Manual,Second,20.54,103.6,5486.41,VENTO DIESEL HIGHLINE,VOLKSWAGEN
2012,96000,Diesel,Automatic,First,12.35,187.74,17649.502,ROVER FREELANDER 2 HSE,LAND
2014,24000,Petrol,Manual,First,13.7,153.86,10703.149,CR-V 2.0L 2WD MT,HONDA
2016,54000,Diesel,Manual,First,20.77,88.76,7206.724999999999,ERTIGA VDI,MARUTI
2016,90000,Diesel,Manual,First,12.99,100.6,12925.61,INNOVA 2.5 GX (DIESEL) 7 SEATER,TOYOTA
2010,40000,Petrol,Manual,First,15.0,90.0,1255.365,MANZA AURA SAFIRE,TATA
2015,65938,Diesel,Automatic,Second,12.07,241.4,35336.2,Q7 35 TDI QUATTRO PREMIUM PLUS,AUDI
2017,16100,Petrol,Automatic,First,17.1,121.4,10786.84,VERNA 1.6 SX VTVT (O) AT,HYUNDAI
2017,3600,Diesel,Automatic,First,21.5,108.5,11391.275,VENTO 1.5 HIGHLINE PLUS AT 16 ALLOY,VOLKSWAGEN
2011,52000,Petrol,Manual,First,17.0,118.0,3533.62,CITY 1.5 S MT,HONDA
2014,54000,Diesel,Manual,First,20.0,68.05,3022.1749999999997,FIGO DIESEL TITANIUM,FORD
2016,15399,Petrol,Manual,First,18.7,88.7,5951.360000000001,JAZZ 1.2 VX I VTEC,HONDA
2012,75000,Petrol,Manual,Second,16.47,73.9,3673.105,POLO PETROL HIGHLINE 1.2L,VOLKSWAGEN
2010,76752,Petrol,Manual,First,17.4,117.3,3319.743,CITY I-VTEC S,HONDA
2005,56000,Petrol,Manual,Second,17.7,78.0,1162.375,CITY ZX GXI,HONDA
2015,70000,CNG,Manual,First,26.2,58.2,3394.1349999999998,WAGON R LXI CNG,MARUTI
2013,46125,Petrol,Automatic,Second,12.0,187.4,11623.75,CR-V 2.4L 4WD AT AVN,HONDA
2014,35000,Diesel,Automatic,Second,18.12,190.0,21387.7,5 SERIES 2013-2017 520D LUXURY LINE,BMW
2003,80000,Diesel,Manual,Third,12.8,35.5,1255.365,CLASSIC NOVA DIESEL,AMBASSADOR
2012,62729,Diesel,Manual,First,12.05,120.0,5876.968,SCORPIO VLX 2.2 MHAWK BSIII,MAHINDRA
2012,34000,Diesel,Manual,First,20.54,103.6,3161.66,VENTO DIESEL COMFORTLINE,VOLKSWAGEN
1999,70000,Petrol,Manual,Second,17.3,60.0,716.023,ZEN VX,MARUTI
2009,32000,Petrol,Manual,First,16.1,37.0,836.91,800 DX BSII,MARUTI
2017,21000,Petrol,Automatic,First,14.28,138.03,16738.2,COROLLA ALTIS 1.8 VL CVT,TOYOTA
2013,49000,Petrol,Automatic,First,14.59,245.0,17668.1,3 SERIES 328I SPORT LINE,BMW
2007,40000,Petrol,Manual,Third,13.8,70.0,1022.8900000000001,IKON 1.3 FLAIR,FORD
2012,78000,Petrol,Manual,Second,18.6,79.4,1859.8,BEAT LT,CHEVROLET
2012,52000,Diesel,Manual,First,21.43,86.79,6044.349999999999,COROLLA ALTIS 1.4 DG,TOYOTA
2014,65213,Diesel,Manual,First,16.0,140.0,8787.554999999998,XUV500 W4,MAHINDRA
2016,170000,Diesel,Manual,First,24.4,71.0,3719.6,XCENT 1.1 CRDI BASE,HYUNDAI
2017,36884,Diesel,Automatic,First,13.0,204.0,29989.274999999998,E-CLASS 2015-2017 E250 CDI AVANTGARDE,MERCEDES-BENZ
2009,62500,Petrol,Manual,First,20.36,78.9,1952.79,I10 SPORTZ,HYUNDAI
2015,68000,Petrol,Automatic,Second,14.28,138.03,9066.525,COROLLA ALTIS VL AT,TOYOTA
2014,40748,Petrol,Manual,First,14.53,138.0,5858.37,COROLLA 1.8 J,TOYOTA
2013,60000,Diesel,Automatic,First,17.32,184.0,19527.899999999998,Q3 2.0 TDI QUATTRO,AUDI
2014,12400,Diesel,Manual,First,21.9,88.8,4324.035,I20 MAGNA OPTIONAL 1.4 CRDI,HYUNDAI
2013,87000,Diesel,Automatic,Second,19.27,167.62,15808.3,NEW C-CLASS C 220D AVANTGARDE EDITION C,MERCEDES-BENZ
2013,20248,Diesel,Manual,First,21.1,73.9,4045.0649999999996,RITZ VDI,MARUTI
2017,52383,Diesel,Manual,First,19.67,126.2,13781.118,CRETA 1.6 SX PLUS DIESEL,HYUNDAI
2018,1000,Diesel,Automatic,First,13.6,177.0,37196.0,XE 2.0L DIESEL PRESTIGE,JAGUAR
2016,85000,Diesel,Manual,First,14.95,93.7,5718.885,XYLO D4,MAHINDRA
2014,47000,Diesel,Manual,First,12.99,100.6,10461.375,INNOVA 2.5 G (DIESEL) 7 SEATER,TOYOTA
2018,17585,Petrol,Automatic,First,19.16,157.7,29756.8,CAMRY 2.5 HYBRID,TOYOTA
2018,32496,Diesel,Automatic,First,13.22,241.4,42422.03799999999,Q5 3.0 TDI QUATTRO,AUDI
2017,34613,Diesel,Manual,First,28.4,74.0,5802.576,SWIFT VDI,MARUTI
2015,153000,Diesel,Manual,First,20.77,88.76,4463.5199999999995,ERTIGA VDI LIMITED EDITION,MARUTI
2014,54000,Petrol,Manual,Second,16.1,85.0,4184.55,SWIFT VXI BSIV,MARUTI
2015,16900,Petrol,Manual,First,20.36,78.9,3598.713,I10 SPORTZ,HYUNDAI
2013,62334,Petrol,Manual,First,20.36,78.9,2557.225,I10 SPORTZ,HYUNDAI
2018,23714,Petrol,Manual,First,21.4,83.1,6109.443,BALENO SIGMA 1.2,MARUTI
2010,52325,Petrol,Manual,First,16.36,93.7,1859.8,ACCENT EXECUTIVE,HYUNDAI
2012,50000,Petrol,Manual,First,19.4,86.8,3394.1349999999998,BRIO S MT,HONDA
2016,55746,Diesel,Manual,First,22.9,74.0,6462.805,SWIFT ZDI,MARUTI
2014,54000,Petrol,Manual,First,20.14,81.86,5114.45,XCENT 1.2 VTVT S,HYUNDAI
2013,43000,Diesel,Manual,First,16.0,140.0,6509.3,XUV500 W8 2WD,MAHINDRA
2014,40000,Diesel,Automatic,First,13.0,201.1,22317.6,E-CLASS E250 CDI AVANTGRADE,MERCEDES-BENZ
2010,125000,Diesel,Automatic,Second,0.0,115.0,10228.9,ROVER FREELANDER 2 TD4 S,LAND
2016,51944,Diesel,Automatic,First,19.27,170.0,30221.75,NEW C-CLASS C 220 CDI AVANTGARDE,MERCEDES-BENZ
2015,46950,Diesel,Manual,First,21.27,88.76,5997.8550000000005,I20 ASTA 1.4 CRDI,HYUNDAI
2015,23000,Diesel,Automatic,First,19.3,141.0,14645.925,OCTAVIA ELEGANCE 2.0 TDI AT,SKODA
2014,54546,Petrol,Manual,First,17.0,118.0,5114.45,CITY 1.5 S MT,HONDA
2015,51535,Diesel,Automatic,First,12.55,168.5,17695.997,FORTUNER 4X2 AT,TOYOTA
2013,45000,Diesel,Automatic,First,17.32,184.0,14180.975,Q3 2.0 TDI QUATTRO,AUDI
2012,46004,Petrol,Manual,First,20.92,67.1,2231.7599999999998,ALTO K10 2010-2014 VXI,MARUTI
2011,124000,Diesel,Manual,First,23.03,69.0,2138.77,INDIGO ECS LX BSIV,TATA
2014,77395,Diesel,Automatic,First,17.11,174.33,13344.064999999999,A4 2.0 TDI 177 BHP PREMIUM PLUS,AUDI
2018,10600,CNG,Manual,First,33.44,40.3,3254.65,ALTO 800 2016-2019 CNG LXI,MARUTI
2018,22974,Petrol,Automatic,First,18.0,117.3,11130.903,CITY I-VTEC CVT VX,HONDA
2009,89000,Petrol,Manual,Second,0.0,97.7,1487.8400000000001,SANTRO GLS I - EURO II,HYUNDAI
2015,65012,Diesel,Manual,First,14.24,174.5,17575.109999999997,FORTUNER 2.8 2WD MT,TOYOTA
2017,17125,Petrol,Manual,First,18.9,82.0,5021.46,GRAND I10 SPORTZ,HYUNDAI
2015,90413,Petrol,Manual,First,15.1,73.0,2743.205,EECO 7 SEATER STANDARD,MARUTI
2013,37000,Petrol,Manual,First,16.47,73.9,4742.49,POLO PETROL HIGHLINE 1.2L,VOLKSWAGEN
2006,65000,Petrol,Manual,First,18.9,67.0,1394.85,WAGON R LXI MINOR,MARUTI
2011,66000,Petrol,Manual,First,17.0,118.0,4556.51,CITY 1.5 V MT,HONDA
2010,86000,Petrol,Manual,First,14.8,130.2,2696.71,CIVIC 2010-2013 1.8 S MT,HONDA
2005,98437,Petrol,Manual,First,13.0,100.0,1069.385,CITY 1.5 EXI,HONDA
2010,18000,Petrol,Manual,First,18.5,80.0,2138.77,I20 1.2 MAGNA,HYUNDAI
2018,35070,Diesel,Manual,First,24.0,70.0,5570.101,GRAND I10 CRDI SPORTZ CELEBRATION EDITION,HYUNDAI
2011,42000,Petrol,Automatic,Third,14.4,103.6,3161.66,VENTO PETROL HIGHLINE AT,VOLKSWAGEN
2009,40000,Petrol,Manual,First,20.36,78.9,1580.83,I10 SPORTZ 1.2,HYUNDAI
2009,43000,Petrol,Manual,First,17.0,80.0,1850.501,I20 ASTA,HYUNDAI
2012,65000,Petrol,Manual,First,18.6,79.4,2324.75,BEAT LS,CHEVROLET
2013,74000,Diesel,Manual,First,22.07,73.9,4510.014999999999,POLO DIESEL HIGHLINE 1.2L,VOLKSWAGEN
2010,51192,Petrol,Manual,First,15.6,70.0,2464.2349999999997,FIGO PETROL LXI,FORD
2014,14262,Petrol,Automatic,First,9.9,207.8,25432.765,TT 2.0 TFSI,AUDI
2015,66339,Diesel,Manual,Second,25.1,98.6,6416.31,CITY I DTEC VX,HONDA
2013,90200,Diesel,Manual,First,20.0,68.05,3254.65,FIGO DIESEL TITANIUM,FORD
2015,57854,Diesel,Manual,First,12.99,100.6,11623.75,INNOVA 2.5 ZX DIESEL 7 SEATER,TOYOTA
2017,32000,Petrol,Automatic,First,19.12,91.1,8555.08,CIAZ 1.4 AT ALPHA,MARUTI
2015,29631,Petrol,Automatic,First,18.9,82.0,4556.51,GRAND I10 AT ASTA,HYUNDAI
2009,55005,Petrol,Manual,First,12.8,97.7,2975.6800000000003,CITY 1.3 DX,HONDA
2014,54173,Petrol,Manual,First,18.88,123.24,5160.945,ECOSPORT 1.0 ECOBOOST TITANIUM PLUS BE,FORD
2014,50000,Petrol,Automatic,First,14.7,177.6,12553.65,OCTAVIA AMBITION 1.8 TSI AT,SKODA
2010,145000,Diesel,Manual,First,20.4,91.7,2417.7400000000002,LINEA EMOTION (DIESEL),FIAT
2015,78000,Petrol,Manual,First,16.1,88.2,4184.55,SWIFT LXI BSIII,MARUTI
2013,65000,Diesel,Automatic,Second,11.8,180.0,31616.6,ROVER DISCOVERY 4 TDV6 SE,LAND
2012,120000,Diesel,Manual,First,12.8,102.0,11158.8,INNOVA 2.5 V DIESEL 7-SEATER,TOYOTA
2015,14000,Diesel,Manual,First,28.4,74.0,4881.974999999999,SWIFT LDI,MARUTI
2014,57456,Diesel,Automatic,First,17.68,174.33,20048.643999999997,A6 2011-2015 2.0 TDI PREMIUM PLUS,AUDI
2012,44450,Diesel,Automatic,First,22.48,190.0,22949.932,5 SERIES 520D LUXURY LINE,BMW
2013,63777,Petrol,Manual,First,18.5,82.9,3412.7329999999997,I20 MAGNA OPTIONAL 1.2,HYUNDAI
2016,31000,Diesel,Automatic,First,17.05,190.0,27432.05,X1 M SPORT SDRIVE 20D,BMW
2012,60000,Petrol,Manual,First,17.6,88.73,2882.69,ETIOS G,TOYOTA
2015,78008,Diesel,Manual,First,17.0,70.0,2696.71,INDIGO LX,TATA
2014,33000,Diesel,Automatic,Second,0.0,165.0,39985.7,M-CLASS ML 350 4MATIC,MERCEDES-BENZ
2009,27078,Petrol,Automatic,First,10.98,114.4,14831.904999999999,BEETLE 2.0,VOLKSWAGEN
2011,57275,Diesel,Manual,First,19.7,103.6,4184.55,POLO GT TDI,VOLKSWAGEN
2014,45000,Diesel,Manual,First,24.0,70.0,3245.351,GRAND I10 CRDI MAGNA,HYUNDAI
2014,57319,Diesel,Manual,First,25.2,74.0,3952.075,SWIFT VDI BSIV,MARUTI
2008,121097,Diesel,Manual,Second,24.0,88.76,1766.81,VERNA CRDI 1.4 E,HYUNDAI
2011,89000,Diesel,Automatic,First,16.73,218.0,15408.443,5 SERIES 2003-2012 525D,BMW
2012,72000,Petrol,Manual,First,17.0,118.0,5346.925,CITY 1.5 S MT,HONDA
2013,36000,Diesel,Automatic,Second,16.55,147.51,13018.6,A4 2.0 TDI,AUDI
2013,86000,Diesel,Manual,Second,19.5,75.0,2324.75,LINEA CLASSIC PLUS 1.3 MULTIJET,FIAT
2002,85000,Petrol,Manual,First,13.0,90.0,1115.8799999999999,CITY 1.3 EXI,HONDA
2005,120000,Petrol,Manual,Second,15.5,97.7,790.415,PETRA 1.2 EL,FIAT
2013,37613,Diesel,Automatic,First,22.69,190.0,12972.105,3 SERIES 320D LUXURY LINE,BMW
2007,100000,Petrol,Manual,First,16.6,68.0,1487.8400000000001,FIESTA 1.4 DURATEC EXI,FORD
2016,5240,Petrol,Automatic,First,21.9,37.48,3347.64,NANO XTA,TATA
2018,20000,CNG,Manual,First,15.1,73.0,4184.55,EECO 5 STR WITH AC PLUS HTR CNG,MARUTI
2019,16862,Petrol,Manual,First,20.89,81.8,5635.1939999999995,IGNIS 1.2 DELTA,MARUTI
2013,59254,Petrol,Manual,Second,17.5,85.8,4919.171,SWIFT DZIRE ZXI,MARUTI
2014,60000,Diesel,Manual,First,22.7,89.84,5346.925,ECOSPORT 1.5 DV5 MT TITANIUM,FORD
2015,50295,Petrol,Manual,First,16.1,97.7,5393.42,SWIFT 1.3 ZXI,MARUTI
2014,47674,Petrol,Manual,First,19.1,85.8,5319.027999999999,SWIFT DZIRE VXI,MARUTI
2014,61517,Petrol,Automatic,First,16.95,78.9,4082.2609999999995,I10 SPORTZ AT,HYUNDAI
2016,62946,Diesel,Manual,First,15.1,140.0,10275.395,XUV500 W6 2WD,MAHINDRA
2015,66823,Diesel,Manual,Second,22.54,88.73,4491.417,I20 MAGNA 1.4 CRDI,HYUNDAI
2013,79494,CNG,Manual,First,33.54,67.04,2752.504,WAGON R CNG LXI,MARUTI
2012,107000,Diesel,Manual,Second,21.27,88.76,4184.55,I20 ASTA 1.4 CRDI,HYUNDAI
2011,55000,Diesel,Automatic,Second,16.46,258.0,18133.05,7 SERIES 730LD,BMW
2017,24000,Petrol,Automatic,First,14.3,103.52,8136.625,RAPID 1.6 MPI AT STYLE PLUS,SKODA
2016,20002,Diesel,Automatic,First,14.75,245.0,62303.299999999996,Q7 45 TDI QUATTRO TECHNOLOGY,AUDI
2016,54317,Petrol,Manual,First,17.4,117.3,7811.16,CITY I VTEC VX,HONDA
2016,10200,Petrol,Manual,First,19.1,82.0,4640.201,XCENT 1.2 KAPPA SX,HYUNDAI
2016,24337,Diesel,Manual,First,26.0,98.6,7606.581999999999,CITY I DTEC E,HONDA
2012,79000,Petrol,Manual,First,18.4,86.8,2696.71,BRIO S OPTION MT,HONDA
2015,40500,Diesel,Manual,First,28.09,88.5,6602.289999999999,CIAZ ZDI PLUS SHVS,MARUTI
2016,23000,Diesel,Manual,First,26.59,74.0,6555.795,SWIFT DZIRE VDI OPTIONAL,MARUTI
2015,63050,Petrol,Automatic,First,11.1,158.8,16273.25,CR-V 2.4L 4WD AT,HONDA
2008,78000,Petrol,Automatic,Second,14.53,138.1,3170.959,COROLLA ALTIS 2008-2013 1.8 VL AT,TOYOTA
2005,70000,Petrol,Manual,First,0.0,97.7,1208.8700000000001,BALENO VXI,MARUTI
2012,66245,Petrol,Manual,First,17.0,118.0,5281.831999999999,CITY 1.5 V MT,HONDA
2007,74112,Diesel,Manual,First,12.05,120.0,3812.5899999999997,SCORPIO LX BS IV,MAHINDRA
2011,87670,Petrol,Manual,First,13.4,157.8,3719.6,LAURA 1.8 TSI AMBIENTE,SKODA
2015,10000,Diesel,Automatic,First,18.88,184.0,27897.0,3 SERIES 320D SPORT LINE,BMW
2007,62493,Petrol,Manual,First,15.0,104.68,1673.82,SX4 ZXI BSIII,MARUTI
2015,44620,Petrol,Manual,First,20.73,91.1,6444.206999999999,CIAZ VXI PLUS,MARUTI
2012,66538,Diesel,Automatic,First,10.2,308.0,65093.0,ROVER RANGE ROVER 3.6 TDV8 VOGUE SE DIESEL,LAND
2013,60000,Diesel,Manual,First,12.99,100.0,7346.21,INNOVA 2.5 G (DIESEL) 7 SEATER BS IV,TOYOTA
2011,20842,Petrol,Manual,First,0.0,62.0,2585.122,SANTRO XING GL,HYUNDAI
2014,110000,Diesel,Automatic,First,13.01,194.3,13390.56,SANTA FE 4WD AT,HYUNDAI
2011,45000,Petrol,Automatic,Second,11.74,186.0,12553.65,NEW C-CLASS C250 AVANTGARDE,MERCEDES-BENZ
2014,40000,CNG,Manual,Second,26.6,58.16,2929.185,WAGON R LXI CNG,MARUTI
2012,49008,Petrol,Manual,First,19.7,46.3,2678.1119999999996,ALTO LXI,MARUTI
2016,31000,Petrol,Manual,First,24.7,47.3,1999.2849999999999,ALTO 800 2016-2019 LXI,MARUTI
2013,8000,Petrol,Manual,First,16.95,97.7,3487.125,SUNNY 2011-2014 XV,NISSAN
2019,171,Petrol,Manual,First,24.7,47.3,3347.64,ALTO 800 2016-2019 VXI,MARUTI
2018,2100,Petrol,Manual,First,24.07,67.1,3347.64,ALTO K10 VXI,MARUTI
2018,20667,Petrol,Automatic,First,18.9,81.86,7020.745,GRAND I10 1.2 KAPPA SPORTZ AT,HYUNDAI
2015,50000,Diesel,Manual,First,24.2,98.6,4370.53,MOBILIO S I DTEC,HONDA
2010,100030,Diesel,Manual,Second,18.8,90.0,1487.8400000000001,MANZA AQUA QUADRAJET,TATA
2011,75372,Diesel,Manual,First,16.52,123.7,3105.866,OPTRA MAGNUM 2.0 LT,CHEVROLET
2016,60475,Petrol,Automatic,First,18.0,117.3,8462.09,CITY I VTEC CVT VX,HONDA
2019,18453,Petrol,Manual,First,18.9,81.86,5737.483,GRAND I10 1.2 KAPPA SPORTZ,HYUNDAI
2008,96578,Diesel,Manual,First,22.0,126.2,2324.75,VERNA CRDI 1.6 SX,HYUNDAI
2016,31001,Petrol,Manual,First,18.44,75.0,2789.7,MICRA XL,NISSAN
2012,65900,Diesel,Manual,First,22.32,126.32,5346.925,VERNA 1.6 SX,HYUNDAI
2017,26246,Petrol,Manual,First,15.29,121.3,9996.425,CRETA 1.6 VTVT E PLUS,HYUNDAI
2013,62700,Petrol,Manual,Second,20.51,67.04,2650.215,WAGON R VXI BS IV,MARUTI
2008,90000,Petrol,Automatic,First,10.2,180.0,6044.349999999999,ACCORD 2.4 ELEGANCE A/T,HONDA
2016,36000,Petrol,Automatic,First,16.8,118.0,8787.554999999998,CITY 1.5 S AT,HONDA
2016,46000,Diesel,Manual,First,27.39,74.0,6276.825,BALENO ALPHA 1.3,MARUTI
2017,73003,Diesel,Manual,First,26.0,98.6,7206.724999999999,CITY I DTEC V,HONDA
2014,46566,Diesel,Manual,First,22.54,88.76,4091.5600000000004,I20 ERA 1.4 CRDI,HYUNDAI
2015,41493,Diesel,Automatic,First,13.0,265.0,39055.799999999996,E-CLASS 2015-2017 E350 EDITION E,MERCEDES-BENZ
2014,103788,Diesel,Manual,First,19.01,108.5,5272.532999999999,TERRANO XV 110 PS,NISSAN
2016,45000,Diesel,Automatic,First,19.6,108.45,10693.85,DUSTER 110PS DIESEL RXZ AMT,RENAULT
2009,120000,Petrol,Manual,First,18.9,67.1,1571.531,WAGON R LXI MINOR,MARUTI
2009,97359,Diesel,Manual,Second,17.1,110.0,1673.82,GETZ 1.5 CRDI GVS,HYUNDAI
2016,62000,Petrol,Manual,First,18.5,85.8,2975.6800000000003,RITZ LXI,MARUTI
2004,115000,Petrol,Manual,Second,0.0,97.7,1394.85,CITY 1.5 GXI,HONDA
2019,18373,Diesel,Automatic,First,22.48,187.74,42645.214,5 SERIES 520D SPORT LINE,BMW
2016,60453,Petrol,Manual,First,16.47,74.0,4742.49,POLO 1.2 MPI HIGHLINE,VOLKSWAGEN
2013,37000,Diesel,Manual,First,17.8,97.7,4510.014999999999,SWIFT VDI BSIV,MARUTI
2010,69009,Petrol,Manual,Second,15.6,70.0,2231.7599999999998,FIGO PETROL ZXI,FORD
2013,30000,Diesel,Automatic,First,18.88,184.0,20457.8,3 SERIES 320D LUXURY LINE,BMW
2012,70707,Diesel,Manual,First,22.32,126.32,3979.972,VERNA 1.6 SX CRDI (O),HYUNDAI
2015,64677,Diesel,Manual,First,20.45,83.8,5272.532999999999,DUSTER 85PS DIESEL RXL,RENAULT
2018,3000,Petrol,Automatic,First,18.9,81.86,5765.38,GRAND I10 1.2 KAPPA MAGNA AT,HYUNDAI
2013,49000,Diesel,Automatic,Second,17.05,184.0,13474.251,X1 SDRIVE20D,BMW
2010,71000,Diesel,Manual,First,21.1,73.9,2789.7,RITZ VDI,MARUTI
2010,52000,Petrol,Manual,Second,19.81,68.05,2092.275,I10 ERA 1.1 ITECH SE,HYUNDAI
2016,35659,Diesel,Automatic,First,15.97,258.0,40711.022,X5 2014-2019 XDRIVE 30D DESIGN PURE EXPERIENCE 7 SEATER,BMW
2019,5377,Petrol,Manual,First,16.8,116.3,10647.355,CITY V MT EXCLUSIVE,HONDA
2014,65000,Diesel,Automatic,First,11.18,184.0,9763.949999999999,SSANGYONG REXTON RX7,MAHINDRA
2015,92708,Diesel,Manual,First,22.7,89.84,6955.652,ECOSPORT 1.5 DV5 MT TITANIUM OPTIONAL,FORD
2010,48105,Petrol,Manual,First,19.7,46.3,2882.69,ALTO LXI,MARUTI
2011,46759,Petrol,Manual,First,16.47,74.0,2371.245,POLO 1.2 MPI HIGHLINE,VOLKSWAGEN
2013,62000,Diesel,Manual,First,22.07,73.9,3254.65,POLO DIESEL COMFORTLINE 1.2L,VOLKSWAGEN
2012,35175,Diesel,Manual,First,22.07,73.9,2408.441,POLO DIESEL HIGHLINE 1.2L,VOLKSWAGEN
2013,70000,Diesel,Manual,First,20.77,88.8,5067.955,ERTIGA ZDI,MARUTI
2017,30000,Diesel,Manual,First,22.77,98.59,5579.4,ECOSPORT 1.5 TDCI AMBIENTE,FORD
2016,66618,Diesel,Automatic,First,11.36,171.5,14404.151,INNOVA CRYSTA 2.8 ZX AT,TOYOTA
2010,69300,Petrol,Automatic,Second,10.8,150.0,11623.75,5 SERIES 523I SEDAN,BMW
2017,148000,Diesel,Manual,First,23.4,74.0,4417.025,SWIFT DZIRE TOUR LDI,MARUTI
2017,22000,Petrol,Manual,First,18.88,123.24,7299.714999999999,ECOSPORT 1.0 ECOBOOST PLATINUM EDITION,FORD
2013,75000,Diesel,Manual,First,16.8,110.0,5579.4,VERNA CRDI SX,HYUNDAI
2016,43706,Petrol,Manual,First,17.57,88.7,3719.6,ZEST REVOTRON 1.2T XM,TATA
2011,42000,Diesel,Automatic,First,14.4,241.4,26734.625,A7 2011-2015 3.0 TDI QUATTRO,AUDI
2012,65000,Diesel,Manual,First,22.3,74.0,2324.75,INDICA VISTA QUADRAJET VX,TATA
2015,76128,Diesel,Manual,First,26.59,74.0,5114.45,SWIFT DZIRE VDI,MARUTI
2010,39852,Petrol,Manual,First,16.0,90.0,1478.541,LINEA EMOTION,FIAT
2017,18673,Petrol,Manual,First,18.6,81.83,5783.978,I20 1.2 SPOTZ,HYUNDAI
2016,11583,Petrol,Manual,First,21.1,55.2,2557.225,EON ERA PLUS,HYUNDAI
2007,82000,Petrol,Manual,Second,0.0,97.7,1255.365,SANTRO XING XL,HYUNDAI
2017,50000,Diesel,Automatic,First,17.9,136.0,23247.5,GLA CLASS 200 CDI SPORT,MERCEDES-BENZ
2014,77000,Petrol,Manual,First,23.1,67.04,2603.72,CELERIO VXI,MARUTI
2014,54890,Petrol,Manual,Second,17.8,76.8,2278.255,BEAT LT,CHEVROLET
2016,21000,Petrol,Automatic,First,19.0,88.7,5904.865,JAZZ 1.2 V AT I VTEC PRIVILEGE,HONDA
2009,58557,Diesel,Automatic,Third,16.07,181.0,7439.2,3 SERIES 320D HIGHLINE,BMW
2014,70000,Diesel,Manual,First,19.01,108.45,7671.675,DUSTER 110PS DIESEL RXL,RENAULT
2017,16000,Petrol,Automatic,First,17.01,110.4,5532.905,FIGO 2015-2019 1.5P TITANIUM AT,FORD
2018,8899,Diesel,Manual,First,13.68,147.8,18523.608,INNOVA CRYSTA 2.4 VX MT,TOYOTA
2016,83629,Diesel,Manual,First,25.44,56.3,2929.185,BEAT DIESEL LS,CHEVROLET
2014,35059,Petrol,Automatic,First,17.21,189.0,5346.925,POLO GTI,VOLKSWAGEN
2018,30552,Diesel,Automatic,First,10.91,197.2,30165.956,ENDEAVOUR 3.2 TREND AT 4X4,FORD
2016,44875,Diesel,Automatic,Second,22.32,126.32,7448.499,VERNA 1.6 SX CRDI (O) AT,HYUNDAI
2017,25095,Petrol,Manual,First,18.16,86.8,6025.752,FIGO 2015-2019 1.2P TITANIUM OPT MT,FORD
2007,59000,Petrol,Manual,First,16.1,37.0,697.425,800 AC,MARUTI
2014,36000,Diesel,Manual,First,26.0,98.6,4649.5,CITY I DTEC V,HONDA
2012,37000,Diesel,Manual,First,16.0,140.0,7206.724999999999,XUV500 W8 2WD,MAHINDRA
2010,90000,Diesel,Manual,First,20.0,68.0,2417.7400000000002,FIGO DIESEL ZXI,FORD
2018,17000,Petrol,Manual,First,17.0,121.36,8555.08,ECOSPORT 1.5 PETROL TITANIUM,FORD
2015,42575,Petrol,Manual,First,18.6,81.83,4695.995,I20 ASTA 1.2,HYUNDAI
2012,131000,Diesel,Manual,First,12.99,100.0,8927.039999999999,INNOVA 2.5 G (DIESEL) 7 SEATER BS IV,TOYOTA
2013,74000,Diesel,Manual,First,20.46,83.8,5114.45,DUSTER 85PS DIESEL RXL OPTIONAL,RENAULT
2013,47234,Diesel,Manual,First,12.99,100.6,8694.564999999999,INNOVA 2.5 VX (DIESEL) 8 SEATER,TOYOTA
2009,231673,Petrol,Manual,First,17.0,118.0,2417.7400000000002,CITY 1.5 S MT,HONDA
2016,10000,Petrol,Manual,First,24.07,67.1,3254.65,ALTO K10 VXI,MARUTI
2016,49389,Petrol,Manual,First,19.49,67.04,3961.374,MICRA ACTIVE XL PETROL,NISSAN
2016,12000,Petrol,Automatic,Second,23.1,67.04,3952.075,CELERIO VXI AT,MARUTI
2010,65000,Petrol,Manual,Second,11.7,178.0,10926.324999999999,NEW C-CLASS 200 KOMPRESSOR,MERCEDES-BENZ
2013,177000,Diesel,Manual,First,23.5,88.7,3254.65,FIESTA DIESEL STYLE,FORD
2015,89000,Petrol,Manual,First,17.01,121.3,6974.25,VERNA 1.6 VTVT S,HYUNDAI
2009,72000,Petrol,Automatic,Third,15.0,100.0,3022.1749999999997,I20 1.4 ASTA (AT),HYUNDAI
2012,49000,Petrol,Manual,First,17.5,85.8,4556.51,SWIFT DZIRE VXI,MARUTI
2014,51355,Diesel,Automatic,First,14.84,170.0,25107.3,NEW C-CLASS C 220CDIBE AVANTGARDE COMMAND,MERCEDES-BENZ
2017,13460,Petrol,Manual,First,18.6,81.86,8285.409,ELITE I20 PETROL ASTA,HYUNDAI
2014,35642,Petrol,Automatic,First,17.01,121.4,6221.031,VERNA 1.6 VTVT EX AT,HYUNDAI
2014,52895,Diesel,Manual,First,17.3,163.7,5597.998,CRUZE LTZ,CHEVROLET
2010,93000,Petrol,Manual,First,14.28,138.03,4184.55,COROLLA ALTIS 1.8 G,TOYOTA
2011,70000,Petrol,Manual,First,19.0,66.1,1859.8,A-STAR VXI,MARUTI
2012,32048,Diesel,Manual,First,23.08,63.1,2231.7599999999998,MICRA DIESEL XV PREMIUM,NISSAN
2013,4700,Petrol,Manual,First,25.4,37.48,1115.8799999999999,NANO LX,TATA
2014,71800,Diesel,Manual,First,23.4,74.0,2696.71,SWIFT DZIRE TOUR LDI,MARUTI
2008,69078,Petrol,Manual,First,0.0,97.7,38014.312,ROVER RANGE ROVER SPORT 2005 2012 SPORT,LAND
2016,45000,Diesel,Automatic,First,17.32,184.0,25107.3,Q3 2.0 TDI QUATTRO,AUDI
2016,15388,Diesel,Manual,First,25.8,98.6,6974.25,AMAZE VX I-DTEC,HONDA
2004,98798,Petrol,Manual,First,14.7,104.0,1394.85,OPTRA 1.6 LS,CHEVROLET
2016,43000,Diesel,Automatic,First,14.16,174.3,36731.049999999996,Q5 2.0 TDI PREMIUM PLUS,AUDI
2012,85112,Diesel,Manual,First,23.2,73.94,3152.361,RITZ VDI,MARUTI
2018,37804,Diesel,Manual,First,15.4,120.0,11530.76,SCORPIO S6 7 SEATER,MAHINDRA
2014,45000,Diesel,Manual,First,28.09,88.5,6369.815,CIAZ ZDI SHVS,MARUTI
2011,116000,Diesel,Manual,Second,21.43,138.0,5346.925,COROLLA ALTIS AERO D 4D J,TOYOTA
2015,100073,Diesel,Manual,Second,25.0,69.0,1859.8,INDICA V2 ELS,TATA
2006,165000,Petrol,Manual,First,16.1,37.0,836.91,800 STD BSIII,MARUTI
2015,22000,Petrol,Manual,First,16.47,74.0,3533.62,POLO 1.2 MPI HIGHLINE,VOLKSWAGEN
2017,9500,Petrol,Automatic,First,14.62,149.92,15203.865000000002,ELANTRA 2.0 SX OPTION AT,HYUNDAI
2012,152000,Diesel,Automatic,First,11.5,169.0,15343.35,FORTUNER 4X2 4 SPEED AT,TOYOTA
2019,17705,Petrol,Manual,First,21.4,83.1,8090.129999999999,BALENO ZETA 1.2,MARUTI
2016,12000,Petrol,Manual,First,21.4,83.1,5672.389999999999,BALENO ZETA 1.2,MARUTI
2013,51000,Diesel,Automatic,First,23.8,112.0,20402.006,COOPER COUNTRYMAN D,MINI
2009,42000,Diesel,Automatic,Second,13.0,210.0,20457.8,S CLASS 2005 2013 320 CDI,MERCEDES-BENZ
2015,51000,Petrol,Manual,First,20.92,67.1,2464.2349999999997,ALTO K10 LXI,MARUTI
2017,42527,Petrol,Manual,First,20.4,81.8,4900.572999999999,SWIFT VXI OPTIONAL,MARUTI
2014,45000,Diesel,Manual,First,22.1,74.0,2306.152,SAIL LT ABS,CHEVROLET
2011,70000,Diesel,Manual,First,12.8,102.0,5579.4,INNOVA 2.5 G (DIESEL) 8 SEATER BS IV,TOYOTA
2009,92000,Diesel,Manual,First,11.5,171.0,8276.11,FORTUNER 3.0 DIESEL,TOYOTA
2012,57156,Diesel,Automatic,Second,18.88,184.0,16738.2,3 SERIES 320D SPORT LINE,BMW
2016,53211,Petrol,Manual,First,16.8,138.02,10824.036,OCTAVIA AMBITION 1.4 TSI MT,SKODA
2019,80000,Diesel,Manual,First,11.5,171.0,8359.801,FORTUNER 3.0 DIESEL,TOYOTA
2009,74000,Diesel,Automatic,First,15.5,105.0,4881.974999999999,JETTA 2007-2011 1.9 HIGHLINE TDI,VOLKSWAGEN
2011,37000,Diesel,Manual,First,23.0,90.0,2743.205,I20 1.4 CRDI ASTA,HYUNDAI
2013,64000,Diesel,Manual,Second,21.02,88.76,2464.2349999999997,MANZA CLUB CLASS QUADRAJET90 LX,TATA
2013,57197,Petrol,Manual,First,15.04,103.6,3719.6,VENTO PETROL HIGHLINE,VOLKSWAGEN
2016,55000,Diesel,Automatic,First,17.6,126.2,11623.75,CRETA 1.6 SX AUTOMATIC DIESEL,HYUNDAI
2014,33000,Petrol,Manual,First,21.1,85.8,3022.1749999999997,RITZ VXI,MARUTI
2008,70000,Petrol,Manual,First,13.1,141.1,3719.6,CR-V 2.0L 2WD MT,HONDA
2012,75000,Diesel,Manual,Second,15.1,140.0,5811.875,XUV500 W8 2WD,MAHINDRA
2016,58095,Diesel,Manual,First,21.66,108.62,5393.42,AMEO 1.5 TDI COMFORTLINE,VOLKSWAGEN
2015,7445,Petrol,Manual,First,17.57,88.7,4649.5,ZEST REVOTRON 1.2 XT,TATA
2016,17652,Diesel,Automatic,First,12.9,270.88,54613.026999999995,XJ 3.0L PORTFOLIO LWB,JAGUAR
2018,28321,Petrol,Automatic,First,14.28,138.03,16263.950999999997,COROLLA ALTIS 1.8 VL CVT,TOYOTA
2011,69000,Petrol,Manual,Second,19.0,66.1,1813.3049999999998,A-STAR VXI,MARUTI
2007,80000,Petrol,Automatic,First,11.1,142.0,2789.7,ACCORD VTI-L (AT),HONDA
2014,42365,Petrol,Manual,First,17.0,80.0,5114.45,I20 ASTA (O),HYUNDAI
2013,123000,Diesel,Automatic,First,12.55,168.5,15343.35,FORTUNER 4X2 AT,TOYOTA
2011,40000,Petrol,Automatic,Second,11.74,186.0,13483.55,NEW C-CLASS C 200 CGI AVANTGARDE,MERCEDES-BENZ
2016,30112,Diesel,Manual,First,27.39,74.0,7243.921,BALENO ALPHA 1.3,MARUTI
2017,43775,Diesel,Manual,First,20.77,88.76,7690.272999999999,ERTIGA VDI,MARUTI
2019,26013,Diesel,Automatic,First,12.65,255.0,90265.393,ROVER RANGE ROVER SPORT SE,LAND
2012,56000,Petrol,Manual,First,12.9,102.5,1999.2849999999999,OPTRA MAGNUM 1.6 LT ABS BS3,CHEVROLET
2008,95000,Petrol,Automatic,Second,12.9,130.0,2789.7,CIVIC 2006-2010 1.8 V AT,HONDA
2014,41089,Diesel,Automatic,First,16.09,184.0,26771.821,X3 XDRIVE20D,BMW
2011,41988,Diesel,Automatic,First,20.0,138.1,5067.955,LAURA AMBITION 2.0 TDI CR AT,SKODA
2013,72486,Diesel,Manual,First,23.4,74.0,3673.105,SWIFT DZIRE VDI,MARUTI
2013,92000,Diesel,Automatic,First,23.3,150.0,14878.4,V40 CROSS COUNTRY D3,VOLVO
2013,40000,Petrol,Manual,First,17.5,85.8,3952.075,SWIFT DZIRE ZXI,MARUTI
2014,56000,Diesel,Automatic,First,12.7,187.7,32081.55,ROVER RANGE ROVER 2.2L PURE,LAND
2008,125000,Petrol,Automatic,Third,11.7,177.6,2417.7400000000002,ACCORD 2.4 AT,HONDA
2017,29219,Diesel,Manual,First,12.99,100.6,12535.052,INNOVA 2.5 G (DIESEL) 8 SEATER,TOYOTA
2018,39927,Diesel,Manual,First,12.55,168.5,29849.79,FORTUNER 4X4 MT,TOYOTA
2018,38593,Petrol,Manual,First,18.7,88.7,5737.483,JAZZ 1.2 E I VTEC,HONDA
2015,32000,Petrol,Manual,First,17.0,118.0,5114.45,CITY 1.5 V MT,HONDA
2017,28226,Diesel,Automatic,First,28.4,73.75,8508.585000000001,DZIRE AMT ZDI PLUS,MARUTI
2014,95000,Diesel,Manual,First,21.64,84.8,4184.55,SUNNY 2011-2014 DIESEL XL,NISSAN
2014,194000,Diesel,Manual,First,12.99,100.6,9763.949999999999,INNOVA 2.5 G (DIESEL) 8 SEATER,TOYOTA
2016,14821,Petrol,Manual,First,19.4,86.8,4993.563,BRIO S MT,HONDA
2012,52000,Petrol,Manual,First,15.04,103.6,5067.955,VENTO PETROL TRENDLINE,VOLKSWAGEN
2016,33000,Diesel,Manual,First,16.0,140.0,8601.574999999999,XUV500 W4,MAHINDRA
2016,29200,Diesel,Manual,First,23.0,98.96,7160.23,ECOSPORT 1.5 DIESEL TITANIUM PLUS,FORD
2012,99754,Diesel,Manual,First,17.72,108.49,7429.901,YETI AMBITION 4X2,SKODA
2012,49000,Petrol,Manual,First,20.36,78.9,2789.7,I10 SPORTZ,HYUNDAI
2005,299322,Diesel,Manual,First,12.8,102.0,3719.6,INNOVA 2.5 G (DIESEL) 8 SEATER BS IV,TOYOTA
2018,38310,Diesel,Manual,First,20.65,88.7,6221.031,ZEST QUADRAJET 1.3 XT,TATA
2014,56000,Diesel,Manual,First,22.9,74.0,3952.075,SWIFT VDI,MARUTI
2017,31300,Diesel,Automatic,First,21.72,108.4,9763.949999999999,RAPID 1.5 TDI AT STYLE,SKODA
2019,11241,Diesel,Manual,First,13.68,147.8,20969.245,INNOVA CRYSTA 2.4 VX MT 8S,TOYOTA
2014,48000,Petrol,Manual,Second,17.01,121.3,4835.4800000000005,VERNA 1.6 SX VTVT,HYUNDAI
2019,23882,Petrol,Manual,First,17.4,117.3,11037.912999999999,CITY I VTEC VX OPTION,HONDA
2014,65000,Diesel,Manual,First,26.0,98.6,6500.001,CITY I DTEC SV,HONDA
2011,50000,Diesel,Manual,First,20.54,103.6,4649.5,VENTO DIESEL HIGHLINE,VOLKSWAGEN
2014,25000,Diesel,Automatic,First,12.19,236.0,40915.6,Q5 2008-2012 3.0 TDI,AUDI
2015,21000,Petrol,Manual,First,22.74,47.3,2594.421,ALTO 800 LXI,MARUTI
2012,148000,Diesel,Manual,Second,21.12,88.8,2696.71,MANZA ELAN QUADRAJET BS IV,TATA
2016,68000,Petrol,Manual,First,15.29,121.3,9159.515,CRETA 1.6 SX PLUS DUAL TONE PETROL,HYUNDAI
2014,52000,Diesel,Automatic,First,12.0,224.0,45565.1,GL-CLASS 2007 2012 350 CDI LUXURY,MERCEDES-BENZ
2016,19000,Diesel,Manual,First,16.55,105.0,8601.574999999999,THAR CRDE,MAHINDRA
2011,74000,Diesel,Manual,Second,22.32,126.3,3487.125,VERNA 1.6 CRDI,HYUNDAI
2017,30279,Diesel,Manual,First,26.1,99.0,6778.971,ASPIRE TITANIUM DIESEL,FORD
2016,20000,Diesel,Automatic,First,20.7,113.98,21852.649999999998,COOPER 3 DOOR D,MINI
2013,34834,Petrol,Manual,First,14.0,35.0,2417.7400000000002,OMNI 8 SEATER BSIV,MARUTI
2015,90000,Diesel,Manual,Second,21.03,65.0,2882.69,VERITO 1.5 D4 BSIV,MAHINDRA
2016,38730,Diesel,Automatic,First,14.21,203.0,27878.402,E-CLASS 2009-2013 E250 CDI ELEGANCE,MERCEDES-BENZ
2016,57390,Diesel,Manual,First,19.01,108.45,6258.227,DUSTER 110PS DIESEL RXZ,RENAULT
2016,100000,Diesel,Manual,First,23.4,74.0,3254.65,SWIFT DZIRE TOUR LDI,MARUTI
2011,50000,Petrol,Manual,First,16.47,73.9,2185.265,POLO PETROL HIGHLINE 1.2L,VOLKSWAGEN
2017,64961,Diesel,Manual,First,16.0,140.0,14999.286999999998,XUV500 W10 2WD,MAHINDRA
2014,72465,Petrol,Manual,First,16.47,74.0,5486.41,POLO 1.2 MPI HIGHLINE,VOLKSWAGEN
2012,68776,Petrol,Manual,First,21.1,85.8,3626.6099999999997,RITZ VXI,MARUTI
2005,150000,Petrol,Manual,First,14.7,97.7,1394.85,OPTRA 1.6 ELITE,CHEVROLET
2012,68000,Diesel,Manual,First,12.8,102.0,6462.805,INNOVA 2.5 GX 7 STR BSIV,TOYOTA
2015,33000,Diesel,Manual,First,26.0,98.6,6509.3,CITY I DTEC SV,HONDA
2017,22389,Petrol,Manual,First,17.0,73.75,6723.177000000001,AMEO 1.2 MPI HIGHLINE,VOLKSWAGEN
2012,90000,Diesel,Manual,First,21.5,88.8,3542.919,SX4 ZDI LEATHER,MARUTI
2012,42000,Petrol,Manual,Third,18.6,85.8,4184.55,SWIFT ZXI,MARUTI
2017,38767,Diesel,Manual,First,19.67,126.2,11716.74,CRETA 1.6 CRDI SX,HYUNDAI
2015,21000,Diesel,Automatic,First,12.07,241.4,44635.2,Q7 35 TDI QUATTRO TECHNOLOGY,AUDI
2010,59136,Petrol,Manual,First,19.7,46.3,2752.504,ALTO LXI BSIII,MARUTI
2014,36000,Diesel,Manual,First,25.8,98.6,3022.1749999999997,AMAZE SX I-DTEC,HONDA
2011,95000,Diesel,Automatic,Second,18.33,167.7,7904.15,PASSAT DIESEL HIGHLINE 2.0 TDI,VOLKSWAGEN
2013,51000,Diesel,Automatic,First,19.5,126.24,8136.625,ELANTRA CRDI SX AT,HYUNDAI
2011,36411,Petrol,Manual,First,18.9,67.1,2864.092,WAGON R VXI BS IV,MARUTI
2017,40000,Diesel,Automatic,First,12.81,148.31,38590.85,ROVER DISCOVERY SPORT TD4 HSE 7S,LAND
2016,27300,Petrol,Manual,First,17.8,117.3,6509.3,CITY I VTEC SV,HONDA
2011,29813,Petrol,Automatic,Second,14.74,181.03,10693.85,NEW C-CLASS C 200 AVANTGARDE EDITION C,MERCEDES-BENZ
2011,71000,Petrol,Manual,First,20.51,67.04,2417.7400000000002,WAGON R LX BS IV,MARUTI
2014,32000,Diesel,Manual,First,22.32,126.3,3998.5699999999997,VERNA 1.6 CRDI,HYUNDAI
2017,19234,CNG,Manual,First,17.5,80.46,7764.664999999999,ERTIGA VXI CNG,MARUTI
2017,50510,Diesel,Automatic,First,17.06,141.0,23154.51,TIGUAN 2.0 TDI HIGHLINE,VOLKSWAGEN
2011,102000,Diesel,Automatic,First,15.06,177.0,12786.125,X1 SDRIVE 20D EXCLUSIVE,BMW
2014,42277,Diesel,Manual,First,24.0,73.97,3580.115,GRAND I10 1.2 CRDI SPORTZ OPTION,HYUNDAI
2014,46000,Diesel,Automatic,First,13.0,201.1,21620.175,E-CLASS E250 CDI AVANTGRADE,MERCEDES-BENZ
2012,35000,Diesel,Manual,First,13.6,97.7,6509.3,BOLERO ZLX,MAHINDRA
2015,50000,Petrol,Manual,First,18.9,82.0,5346.925,GRAND I10 ASTA OPTION,HYUNDAI
2008,62000,Petrol,Manual,Second,20.36,78.9,1534.3349999999998,I10 MAGNA 1.2,HYUNDAI
2012,78000,Diesel,Manual,First,19.33,138.1,6044.349999999999,JETTA 2012-2014 2.0L TDI COMFORTLINE,VOLKSWAGEN
2011,79000,Diesel,Manual,First,17.67,138.08,6974.25,YETI ELEGANCE,SKODA
2019,6773,Diesel,Automatic,First,14.75,245.0,67826.906,Q7 45 TDI QUATTRO PREMIUM PLUS,AUDI
2010,135000,Diesel,Manual,Second,11.5,171.0,10228.9,FORTUNER 3.0 DIESEL,TOYOTA
2013,36716,Petrol,Manual,First,18.9,67.0,2808.298,WAGON R VXI MINOR ABS,MARUTI
2013,65060,Petrol,Manual,First,21.1,55.2,3087.2679999999996,EON ERA,HYUNDAI
2013,33000,Petrol,Manual,First,19.4,86.8,3012.876,BRIO S MT,HONDA
2015,11110,Petrol,Manual,First,22.74,47.3,2185.265,ALTO 800 VXI,MARUTI
2013,63000,Diesel,Manual,First,15.96,62.1,5114.45,BOLERO ZLX,MAHINDRA
2015,27030,Petrol,Manual,First,17.8,117.3,6276.825,CITY I VTEC SV,HONDA
2015,19600,Petrol,Manual,First,15.0,103.52,5718.885,RAPID 1.6 MPI ELEGANCE BLACK PACKAGE,SKODA
2016,27755,Petrol,Manual,First,22.0,81.8,5067.955,SWIFT VVT VXI,MARUTI
2013,20000,Petrol,Manual,Second,21.1,55.2,2138.77,EON MAGNA PLUS,HYUNDAI
2015,24782,Petrol,Manual,First,20.85,83.14,5774.679,SWIFT DZIRE ZXI,MARUTI
2014,47303,Petrol,Automatic,First,19.34,76.0,4844.7789999999995,MICRA XV CVT,NISSAN
2008,71000,Petrol,Automatic,First,8.3,250.0,11149.501,Q7 4.2 FSI QUATTRO,AUDI
2010,135000,Diesel,Manual,First,17.8,75.0,2882.69,SWIFT VDI BSIII,MARUTI
2017,1000,Diesel,Manual,First,13.49,138.03,6974.25,XENON XT EX 4X2,TATA
2016,29000,Diesel,Manual,First,20.14,88.8,3719.6,POLO 1.5 TDI COMFORTLINE,VOLKSWAGEN
2016,36367,Petrol,Manual,First,17.8,117.3,7188.127,CITY I VTEC SV,HONDA
2015,38000,Petrol,Manual,First,17.4,117.3,7253.219999999999,CITY I VTEC V,HONDA
2011,83969,Petrol,Manual,First,16.1,37.0,1208.8700000000001,800 AC BSIII,MARUTI
2014,82621,Diesel,Manual,First,20.14,88.8,4110.157999999999,POLO 1.5 TDI TRENDLINE,VOLKSWAGEN
2009,89000,Diesel,Automatic,First,12.5,147.9,3719.6,CAPTIVA LTZ VCDI,CHEVROLET
2016,54000,Diesel,Manual,First,16.0,140.0,12088.699999999999,XUV500 W10 2WD,MAHINDRA
2015,61691,Diesel,Manual,First,25.8,98.6,5002.862,AMAZE VX I-DTEC,HONDA
2011,32200,Petrol,Manual,Second,17.0,80.0,3022.1749999999997,I20 1.2 SPORTZ OPTION,HYUNDAI
2016,68630,Petrol,Automatic,First,20.51,67.0,3598.713,WAGON R AMT VXI,MARUTI
2014,61000,Diesel,Automatic,Second,16.96,138.03,7671.675,JETTA 2013-2015 2.0L TDI HIGHLINE AT,VOLKSWAGEN
2018,32644,Petrol,Manual,First,20.73,91.1,8629.472,CIAZ 1.4 ZETA,MARUTI
2012,85000,Diesel,Automatic,First,11.79,120.0,5811.875,SCORPIO 2009-2014 VLX 4WD AT 7S BSIV,MAHINDRA
2008,75000,Petrol,Manual,Second,15.26,74.9,1069.385,AVEO U-VA 1.2 LS,CHEVROLET
2016,40347,Petrol,Manual,First,20.73,91.2,7253.219999999999,CIAZ ZXI OPTION,MARUTI
2012,60788,Diesel,Manual,First,23.0,90.0,4184.55,I20 1.4 CRDI ASTA,HYUNDAI
2018,18664,Petrol,Manual,First,18.7,88.7,7030.044,JAZZ 1.2 SV I VTEC,HONDA
2017,57847,Diesel,Manual,First,16.0,140.0,14952.791999999998,XUV500 W10 2WD,MAHINDRA
2012,52237,Petrol,Manual,First,17.0,80.0,4184.55,I20 1.2 SPORTZ,HYUNDAI
2012,128000,Diesel,Manual,First,22.32,126.32,4649.5,VERNA 1.6 SX,HYUNDAI
2011,54000,Petrol,Manual,First,19.81,68.05,2045.7800000000002,I10 ERA 1.1,HYUNDAI
2014,49800,Petrol,Automatic,First,23.1,67.04,3719.6,CELERIO VXI AT,MARUTI
2012,98000,Diesel,Manual,First,20.86,73.9,2334.0489999999995,FABIA 1.2 TDI AMBITION,SKODA
2015,60095,Diesel,Manual,First,25.2,74.0,4417.025,SWIFT VDI BSIV,MARUTI
2008,68000,Petrol,Manual,Second,16.0,66.7,1859.8,I10 MAGNA(O) WITH SUN ROOF,HYUNDAI
2010,81402,Petrol,Manual,Second,20.36,78.9,1952.79,I10 MAGNA 1.2,HYUNDAI
2013,38000,Petrol,Automatic,First,16.5,110.0,5811.875,ECOSPORT 1.5 TI VCT AT TITANIUM,FORD
2011,92239,Diesel,Automatic,Second,11.5,210.0,9856.939999999999,E-CLASS 2009-2013 E350 CDI AVANTGARDE,MERCEDES-BENZ
2017,49224,Diesel,Manual,First,25.2,74.0,5579.4,SWIFT VDI BSIV,MARUTI
2004,12000,Petrol,Manual,Second,16.1,37.0,418.455,800 STD BSIII,MARUTI
2010,54898,Petrol,Manual,Third,16.1,88.2,2324.75,SWIFT LXI BSIII,MARUTI
2018,2500,Petrol,Manual,First,15.29,121.3,11856.225,CRETA 1.6 SX PLUS DUAL TONE PETROL,HYUNDAI
2017,32838,Diesel,Automatic,First,17.05,190.0,28166.671,X1 M SPORT SDRIVE 20D,BMW
2006,27076,Petrol,Manual,First,13.8,70.0,1487.8400000000001,IKON 1.3 FLAIR,FORD
2017,75445,Diesel,Manual,First,22.7,89.84,7011.446,ECOSPORT 1.5 DV5 MT TITANIUM OPTIONAL,FORD
2015,46601,Petrol,Manual,First,20.73,91.1,6360.516,CIAZ VXI PLUS,MARUTI
2012,72000,Diesel,Automatic,First,18.33,167.7,5579.4,PASSAT DIESEL HIGHLINE 2.0 TDI,VOLKSWAGEN
2017,27000,Diesel,Manual,First,27.3,98.6,7439.2,JAZZ 1.5 VX I DTEC,HONDA
2016,68193,Diesel,Automatic,First,17.11,174.33,23005.726,A4 35 TDI PREMIUM,AUDI
2017,34429,Diesel,Manual,First,24.0,70.0,5114.45,GRAND I10 CRDI SPORTZ CELEBRATION EDITION,HYUNDAI
2013,46000,Diesel,Automatic,First,12.0,224.0,33476.4,GL-CLASS 2007 2012 350 CDI LUXURY,MERCEDES-BENZ
2013,80544,Diesel,Manual,First,12.99,100.6,10963.520999999999,INNOVA 2.5 G (DIESEL) 7 SEATER,TOYOTA
2011,42000,Petrol,Manual,Second,16.95,97.7,2789.7,SUNNY 2011-2014 XL,NISSAN
2011,94821,Diesel,Automatic,Second,20.0,138.1,6276.825,LAURA AMBIENTE 2.0 TDI CR AT,SKODA
2006,100000,Petrol,Manual,First,14.49,92.7,1301.86,AVEO 1.4 LS,CHEVROLET
2014,57000,Diesel,Manual,First,24.2,98.6,5346.925,MOBILIO V I DTEC,HONDA
2010,79894,Diesel,Manual,First,21.1,73.9,3161.66,RITZ VDI,MARUTI
2011,44748,Petrol,Manual,Second,16.47,73.9,4547.210999999999,POLO PETROL HIGHLINE 1.2L,VOLKSWAGEN
2013,31000,Petrol,Manual,First,13.24,102.5,4603.005,TERRANO XL,NISSAN
2013,60587,Petrol,Automatic,Second,16.98,66.1,3245.351,A-STAR AT VXI AKTIV,MARUTI
2011,32000,Diesel,Manual,First,23.59,97.7,3580.115,ETIOS LIVA GD,TOYOTA
2014,43772,Petrol,Manual,First,17.0,118.0,5904.865,CITY 1.5 S MT,HONDA
2017,23576,Petrol,Automatic,First,18.9,82.0,6583.692,GRAND I10 AT ASTA,HYUNDAI
2017,4000,Diesel,Automatic,First,13.6,177.0,35336.2,XE 2.0L DIESEL PRESTIGE,JAGUAR
2012,62000,Diesel,Manual,First,12.05,120.0,5811.875,SCORPIO VLX,MAHINDRA
2011,36000,Petrol,Automatic,First,11.74,186.0,9438.485,NEW C-CLASS C 200 KOMPRESSOR ELEGANCE AT,MERCEDES-BENZ
2014,80000,Petrol,Automatic,First,13.7,157.75,9996.425,SUPERB ELEGANCE 1.8 TSI AT,SKODA
2012,137008,Diesel,Automatic,First,18.1,147.9,4324.035,CRUZE LTZ AT,CHEVROLET
2010,61001,Diesel,Manual,First,12.05,120.0,4417.025,SCORPIO VLX,MAHINDRA
2015,52191,Petrol,Manual,First,17.1,121.3,7234.622,VERNA 1.6 SX VTVT (O),HYUNDAI
2016,77076,Diesel,Manual,First,23.0,90.0,6276.825,I20 1.4 ASTA CRDI WITH AVN,HYUNDAI
2008,56000,Petrol,Automatic,First,16.4,78.0,2780.4010000000003,CITY ZX CVT,HONDA
2013,21000,Petrol,Manual,First,20.36,78.9,2185.265,I10 MAGNA,HYUNDAI
2013,89429,Diesel,Manual,First,25.8,98.6,3394.1349999999998,AMAZE S I-DTECH,HONDA
2012,45631,Petrol,Manual,Second,22.5,67.04,2547.926,WAGON R LXI,MARUTI
2013,53959,Petrol,Manual,First,19.4,86.8,3254.65,BRIO S MT,HONDA
2014,55804,Petrol,Manual,First,17.0,80.0,4426.324,I20 1.2 SPORTZ OPTION,HYUNDAI
2016,25899,Petrol,Manual,First,15.04,103.2,5765.38,VENTO 2013-2015 1.6 COMFORTLINE,VOLKSWAGEN
2008,82000,Diesel,Manual,Second,18.7,66.0,2185.265,OCTAVIA RIDER 1.9 TDI MT,SKODA
2014,52000,Diesel,Automatic,First,13.0,204.0,22782.55,E-CLASS 2015-2017 E250 CDI AVANTGARDE,MERCEDES-BENZ
2013,20000,Petrol,Manual,First,13.24,102.57,5579.4,DUSTER PETROL RXL,RENAULT
2017,31829,Petrol,Manual,First,21.1,55.2,3394.1349999999998,EON SPORTZ,HYUNDAI
2016,18094,Petrol,Manual,Second,18.6,85.8,5821.174,SWIFT VXI,MARUTI
2011,80000,Diesel,Manual,Second,19.5,97.7,1952.79,MICRA DIESEL,NISSAN
2015,11964,Diesel,Automatic,First,13.22,241.4,30640.205,Q5 3.0 TDI QUATTRO TECHNOLOGY,AUDI
2018,22684,Petrol,Manual,First,18.6,81.83,7253.219999999999,I20 1.2 SPOTZ,HYUNDAI
2014,43521,Petrol,Manual,First,19.4,86.8,3952.075,BRIO S MT,HONDA
2014,49386,Petrol,Manual,First,17.5,85.8,4519.314,SWIFT DZIRE ZXI,MARUTI
2017,12248,Petrol,Manual,First,18.9,81.86,4556.51,GRAND I10 1.2 KAPPA MAGNA,HYUNDAI
2014,67771,Diesel,Manual,First,11.68,112.0,6565.093999999999,XYLO E8 ABS BS IV,MAHINDRA
2015,60007,Petrol,Automatic,First,17.21,189.0,4184.55,POLO GTI,VOLKSWAGEN
2011,48624,Petrol,Manual,First,24.07,67.1,2994.2780000000002,ALTO K10 VXI,MARUTI
2014,30000,Diesel,Manual,First,22.07,73.9,3022.1749999999997,POLO DIESEL COMFORTLINE 1.2L,VOLKSWAGEN
2016,81605,Petrol,Manual,First,18.9,82.0,4212.447,GRAND I10 SPORTZ,HYUNDAI
2017,32642,Diesel,Automatic,First,14.84,170.0,32341.922,NEW C-CLASS C 220 CDI ELEGANCE AT,MERCEDES-BENZ
2014,34200,Petrol,Automatic,First,15.74,121.3,6044.349999999999,VERNA 1.6 SX VTVT AT,HYUNDAI
2010,72204,Petrol,Manual,First,15.7,67.0,2092.275,PUNTO EVO 1.2 EMOTION,FIAT
2011,156347,Diesel,Manual,Second,12.99,100.0,7439.2,INNOVA 2.5 VX (DIESEL) 8 SEATER BS IV,TOYOTA
2017,47357,Diesel,Automatic,First,18.49,100.0,7783.262999999999,TUV 300 2015-2019 MHAWK100 T8 AMT,MAHINDRA
2015,61738,Diesel,Manual,First,20.14,88.8,5012.160999999999,POLO 1.5 TDI COMFORTLINE,VOLKSWAGEN
2018,32586,Diesel,Automatic,First,22.48,190.0,34685.27,5 SERIES 520D LUXURY LINE,BMW
2018,40129,Diesel,Automatic,First,11.57,254.79,65836.92,GLE 350D,MERCEDES-BENZ
2012,51000,Diesel,Automatic,First,11.74,254.8,20690.274999999998,M-CLASS ML 350 CDI,MERCEDES-BENZ
2018,10393,Petrol,Manual,First,18.9,81.86,5607.2970000000005,GRAND I10 1.2 KAPPA SPORTZ,HYUNDAI
2011,46000,Petrol,Automatic,First,13.7,157.75,4556.51,SUPERB ELEGANCE 1.8 TSI AT,SKODA
2013,21000,Petrol,Automatic,First,16.95,78.9,3682.404,I10 SPORTZ AT,HYUNDAI
2011,113562,Diesel,Manual,First,23.0,90.0,4277.54,I20 1.4 CRDI ASTA,HYUNDAI
2011,100010,Diesel,Manual,Second,12.05,120.0,5114.45,SCORPIO VLX,MAHINDRA
2013,63107,Petrol,Manual,First,19.4,86.8,3022.1749999999997,BRIO V MT,HONDA
2017,58500,Petrol,Manual,First,18.6,81.83,5811.875,I20 1.2 MAGNA EXECUTIVE,HYUNDAI
2007,90000,Diesel,Manual,Fourth & Above,10.9,143.0,2789.7,ENDEAVOUR 4X2 XLT LIMITED EDITION,FORD
2011,108242,Diesel,Manual,First,16.8,110.0,3952.075,VERNA CRDI SX,HYUNDAI
2011,146300,Diesel,Manual,First,11.5,171.0,11391.275,FORTUNER 3.0 DIESEL,TOYOTA
2011,62943,Diesel,Automatic,Second,17.05,184.0,10182.404999999999,X1 SDRIVE20D,BMW
2013,65000,Diesel,Automatic,First,12.55,168.5,15343.35,FORTUNER 4X2 AT,TOYOTA
2018,1700,Petrol,Automatic,First,19.0,88.76,7253.219999999999,AMAZE V CVT PETROL,HONDA
2013,34697,Petrol,Manual,First,19.81,68.05,3440.63,I10 ERA 1.1,HYUNDAI
2012,58000,Petrol,Manual,First,17.0,80.0,3719.6,I20 1.2 SPORTZ,HYUNDAI
2015,32500,Diesel,Automatic,First,19.59,187.74,24874.825,3 SERIES 320D GT LUXURY LINE,BMW
2016,58661,Diesel,Automatic,First,15.17,181.0,26065.097,Q3 35 TDI QUATTRO PREMIUM PLUS,AUDI
2017,37124,Petrol,Manual,First,20.4,81.8,5058.656,SWIFT VXI OPTIONAL,MARUTI
2017,44000,Petrol,Automatic,First,21.4,83.1,5765.38,BALENO DELTA AUTOMATIC,MARUTI
2005,45200,Petrol,Manual,First,13.2,94.0,836.91,ACCENT GLE,HYUNDAI
2016,11000,Petrol,Manual,First,18.5,85.8,3673.105,RITZ LXI,MARUTI
2011,65000,Petrol,Manual,Second,26.0,35.0,409.156,NANO LX,TATA
2012,55005,Diesel,Manual,First,20.0,68.0,2557.225,FIGO DIESEL EXI,FORD
2011,81650,Diesel,Automatic,First,18.33,167.7,6974.25,PASSAT DIESEL HIGHLINE 2.0 TDI,VOLKSWAGEN
2010,160000,Diesel,Manual,Second,19.0,93.0,2324.75,LINEA EMOTION PACK (DIESEL),FIAT
2015,169000,Diesel,Manual,First,14.95,93.7,4649.5,XYLO D4,MAHINDRA
2013,67263,Petrol,Manual,First,18.9,67.1,3347.64,WAGON R VXI,MARUTI
2012,44223,Petrol,Manual,First,17.6,88.7,3710.301,ETIOS G SAFETY,TOYOTA
2015,36840,Petrol,Manual,First,18.9,82.0,5244.6359999999995,GRAND I10 SPORTZ,HYUNDAI
2014,160000,Diesel,Manual,First,12.99,100.0,11158.8,INNOVA 2.5 VX (DIESEL) 8 SEATER BS IV,TOYOTA
2008,133000,Diesel,Manual,First,16.8,62.0,650.93,INDICA V2 DLS TC,TATA
2015,69123,Diesel,Automatic,First,18.88,184.0,17668.1,3 SERIES 320D SPORT LINE,BMW
2017,38000,Diesel,Automatic,First,10.91,197.0,28343.352,ENDEAVOUR 3.2 TITANIUM AT 4X4,FORD
2017,5500,Petrol,Manual,First,21.56,103.25,7625.179999999999,CIAZ ZETA,MARUTI
2015,1001,Diesel,Manual,First,25.83,99.0,7020.745,FIGO 1.5D TITANIUM PLUS MT,FORD
2007,59000,Petrol,Manual,Third,15.26,74.9,920.601,AVEO U-VA 1.2 LS,CHEVROLET
2011,78256,Petrol,Automatic,First,16.8,118.0,3859.085,CITY 1.5 V AT,HONDA
2016,90000,Petrol,Manual,First,16.95,97.6,5765.38,SUNNY XL,NISSAN
2016,18000,Petrol,Manual,First,19.1,85.8,4091.5600000000004,SWIFT DZIRE VXI,MARUTI
2012,60000,Diesel,Manual,First,20.0,68.0,1952.79,FIGO DIESEL TITANIUM,FORD
2011,130000,Diesel,Manual,First,20.3,75.0,2045.7800000000002,GRANDE PUNTO 1.3 EMOTION (DIESEL),FIAT
2018,32851,Petrol,Manual,First,18.6,81.86,7755.366,ELITE I20 PETROL ASTA,HYUNDAI
2014,32000,Diesel,Manual,First,23.4,74.0,4045.0649999999996,SWIFT DZIRE VDI,MARUTI
2014,62700,Diesel,Manual,First,22.7,89.84,6323.32,ECOSPORT 1.5 DV5 MT TITANIUM,FORD
2010,71000,Diesel,Manual,First,19.3,73.9,3068.6699999999996,SWIFT DZIRE VDI,MARUTI
2016,19947,Petrol,Manual,First,18.9,82.0,4686.696,GRAND I10 SPORTZ,HYUNDAI
2012,91000,Diesel,Automatic,First,11.4,153.86,8555.08,ENDEAVOUR 3.0L 4X4 AT,FORD
2014,74000,Diesel,Manual,First,22.07,73.9,5300.43,POLO DIESEL HIGHLINE 1.2L,VOLKSWAGEN
2018,55594,Diesel,Manual,First,18.49,100.0,7885.552000000001,TUV 300 2015-2019 MHAWK100 T8,MAHINDRA
2013,58000,Diesel,Automatic,First,11.2,306.0,44635.2,X6 XDRIVE 40D,BMW
2012,110224,Diesel,Manual,First,19.01,108.45,5672.389999999999,DUSTER 110PS DIESEL RXZ,RENAULT
2010,21002,Petrol,Manual,First,22.5,67.04,2557.225,WAGON R LXI,MARUTI
2017,121000,Diesel,Manual,First,24.52,88.5,7439.2,ERTIGA SHVS VDI,MARUTI
2010,73513,Petrol,Manual,First,19.7,46.3,1720.315,ALTO LXI BSIII,MARUTI
2015,34000,Petrol,Automatic,First,20.51,67.0,3580.115,WAGON R AMT VXI OPTION,MARUTI
2017,28371,Petrol,Manual,First,15.1,73.0,4407.726,EECO 7 SEATER STANDARD,MARUTI
2013,74755,Diesel,Manual,First,19.6,108.45,5235.3369999999995,DUSTER 110PS DIESEL RXL,RENAULT
2011,25805,Petrol,Manual,First,18.2,64.0,2436.338,ZEN ESTILO 1.1 LX BSIII,MARUTI
2015,82603,Petrol,Manual,First,13.06,102.53,4556.51,DUSTER PETROL RXL,RENAULT
2006,110000,Petrol,Manual,First,13.5,130.0,2464.2349999999997,CIVIC 2006-2010 1.8 S MT,HONDA
2012,88000,Diesel,Manual,First,16.0,140.0,5570.101,XUV500 W8 2WD,MAHINDRA
2011,110000,Diesel,Manual,Second,21.0,64.1,2231.7599999999998,VERITO 1.5 D6 BSIV,MAHINDRA
2017,15000,Petrol,Manual,First,21.7,67.0,3952.075,KWID CLIMBER 1.0 MT,RENAULT
2013,70000,Diesel,Automatic,First,15.15,240.0,37196.0,CAYENNE DIESEL,PORSCHE
2008,150000,Diesel,Manual,Second,28.4,74.0,2510.73,SWIFT DDIS VDI,MARUTI
2016,19000,Petrol,Manual,First,20.63,67.0,2780.4010000000003,GO T OPTION,DATSUN
2011,37442,Petrol,Manual,First,18.5,80.0,3161.66,I20 1.2 MAGNA,HYUNDAI
2016,63111,Diesel,Automatic,Second,18.12,190.0,28640.92,5 SERIES 2013-2017 520D LUXURY LINE,BMW
2012,88000,Diesel,Manual,First,20.77,88.8,5439.915,ERTIGA ZDI,MARUTI
2014,42355,Petrol,Manual,First,18.9,82.0,3719.6,GRAND I10 MAGNA,HYUNDAI
2011,75871,Petrol,Automatic,First,9.43,254.0,13130.187999999998,3 SERIES 330I,BMW
2011,65000,Diesel,Manual,First,17.9,163.7,4231.045,CRUZE LTZ,CHEVROLET
2015,69000,Diesel,Automatic,First,0.0,165.0,35336.2,M-CLASS ML 350 4MATIC,MERCEDES-BENZ
2011,79232,Diesel,Manual,First,21.1,73.9,2696.71,RITZ LDI,MARUTI
2007,220000,Petrol,Automatic,Second,11.74,186.0,5579.4,NEW C-CLASS C 200 KOMPRESSOR ELEGANCE AT,MERCEDES-BENZ
2016,28470,Petrol,Manual,First,18.6,81.83,6462.805,I20 1.2 MAGNA EXECUTIVE,HYUNDAI
2014,9759,Petrol,Manual,First,20.3,68.05,2557.225,EON 1.0 KAPPA MAGNA PLUS OPTIONAL,HYUNDAI
2014,75216,Diesel,Manual,First,22.9,74.0,4742.49,SWIFT VDI,MARUTI
2017,8000,Petrol,Manual,First,18.6,81.83,6276.825,I20 SPORTZ 1.2,HYUNDAI
2014,59451,Petrol,Manual,First,18.5,85.8,3431.3309999999997,RITZ ZXI,MARUTI
2013,53996,Diesel,Manual,First,22.9,74.0,5067.955,SWIFT VDI,MARUTI
2018,15135,Petrol,Manual,First,17.5,88.7,8638.770999999999,WRV I-VTEC VX,HONDA
2015,53000,Petrol,Automatic,Second,16.9,81.86,3719.6,XCENT 1.2 KAPPA AT S OPTION,HYUNDAI
2013,40000,Petrol,Manual,First,18.0,86.7,2696.71,AMAZE E I-VTECH,HONDA
2013,21107,Petrol,Manual,First,17.1,121.3,4881.974999999999,VERNA 1.6 SX VTVT (O),HYUNDAI
2014,56000,Petrol,Manual,First,16.8,116.3,5346.925,CITY V MT,HONDA
2017,19623,Petrol,Manual,First,15.29,121.3,12200.287999999999,CRETA 1.6 SX PLUS DUAL TONE PETROL,HYUNDAI
2014,70963,Diesel,Manual,First,15.1,140.0,7281.117,XUV500 W8 2WD,MAHINDRA
2013,25755,CNG,Manual,First,26.6,58.16,2929.185,WAGON R LXI CNG,MARUTI
2013,51450,Diesel,Manual,First,12.8,102.0,9670.960000000001,INNOVA 2.5 V DIESEL 7-SEATER,TOYOTA
2012,75000,Diesel,Manual,First,22.9,74.0,4045.0649999999996,SWIFT VDI,MARUTI
2017,37832,Petrol,Automatic,First,22.5,67.0,4863.377,WAGON R VXI AMT,MARUTI
2016,43041,Petrol,Manual,First,18.9,81.86,5588.699,GRAND I10 1.2 KAPPA ASTA,HYUNDAI
2014,97236,Diesel,Manual,First,25.8,98.6,4091.5600000000004,AMAZE VX I-DTEC,HONDA
2010,83000,Diesel,Automatic,First,16.07,181.0,11856.225,3 SERIES 320D HIGHLINE,BMW
2011,65000,Petrol,Manual,First,15.6,70.0,2231.7599999999998,FIGO PETROL TITANIUM,FORD
2018,46007,Petrol,Manual,First,17.0,73.75,5309.729,AMEO 1.2 MPI TRENDLINE,VOLKSWAGEN
2015,65925,Diesel,Manual,Second,22.7,89.84,5105.151,ECOSPORT 1.5 DV5 MT TREND,FORD
2004,73500,Petrol,Manual,Second,13.0,90.0,1208.8700000000001,CITY 1.3 EXI,HONDA
2014,55000,Diesel,Manual,First,16.0,140.0,7904.15,XUV500 W6 2WD,MAHINDRA
2012,115000,Diesel,Manual,First,13.0,168.5,12079.401,FORTUNER 4X2 MANUAL,TOYOTA
2017,31184,Petrol,Manual,First,18.9,81.86,4649.5,GRAND I10 1.2 KAPPA MAGNA,HYUNDAI
2017,41747,Diesel,Automatic,First,28.4,73.75,8369.1,DZIRE AMT ZDI PLUS,MARUTI
2016,38143,Diesel,Manual,First,22.9,74.0,4854.0779999999995,SWIFT VDI,MARUTI
2012,19030,Petrol,Manual,First,16.47,73.9,3533.62,POLO PETROL HIGHLINE 1.2L,VOLKSWAGEN
2019,20877,Petrol,Manual,First,18.16,78.9,6760.373,ETIOS LIVA 1.2 VX DUAL TONE,TOYOTA
2016,23555,Petrol,Manual,First,22.0,81.8,4742.49,SWIFT VXI,MARUTI
2013,29000,Diesel,Automatic,First,14.21,203.0,26967.1,E-CLASS 2009-2013 E250 CDI ELEGANCE,MERCEDES-BENZ
2013,61000,Petrol,Manual,First,18.9,67.1,2696.71,WAGON R VXI,MARUTI
2012,4187,Petrol,Manual,First,26.0,35.0,1283.262,NANO LX BSIV,TATA
2011,46000,Petrol,Manual,First,13.4,157.8,5114.45,LAURA 1.8 TSI AMBIENTE,SKODA
2016,28000,Petrol,Automatic,First,17.21,103.5,6741.775,POLO GT TSI,VOLKSWAGEN
2014,83558,Diesel,Manual,First,22.32,126.32,6490.702,VERNA 1.6 SX,HYUNDAI
2017,40000,Diesel,Manual,First,22.95,74.0,4881.974999999999,BOLT QUADRAJET XE,TATA
2013,36000,Petrol,Manual,First,21.1,55.2,1813.3049999999998,EON D LITE PLUS,HYUNDAI
2014,21000,Diesel,Automatic,First,17.11,174.33,22782.55,A4 2.0 TDI 177 BHP PREMIUM PLUS,AUDI
2013,62162,Diesel,Manual,First,12.99,100.0,7727.469,INNOVA 2.5 GX (DIESEL) 7 SEATER,TOYOTA
2012,83000,Diesel,Automatic,First,11.74,254.8,33476.4,M-CLASS ML 350 CDI,MERCEDES-BENZ
2015,58000,Diesel,Manual,First,24.4,71.0,5114.45,XCENT 1.1 CRDI S,HYUNDAI
2011,62332,Petrol,Automatic,First,11.7,177.6,5477.111,ACCORD 2.4 AT,HONDA
2016,50867,Diesel,Manual,First,20.34,103.2,7392.705,VENTO 1.5 TDI HIGHLINE,VOLKSWAGEN
2010,73000,Petrol,Manual,First,17.0,80.0,2557.225,I20 SPORTZ PETROL,HYUNDAI
2012,98008,Diesel,Manual,First,22.7,126.24,5811.875,ELANTRA CRDI SX,HYUNDAI
2015,36000,Diesel,Manual,First,20.0,68.05,4603.005,FIGO DIESEL TITANIUM,FORD
2019,27339,Petrol,Manual,First,18.6,81.83,5830.472999999999,I20 1.2 MAGNA EXECUTIVE,HYUNDAI
2017,25000,Diesel,Manual,First,23.9,126.2,8043.635,VERNA 1.6 CRDI SX,HYUNDAI
2014,37000,Petrol,Manual,First,18.9,82.0,3254.65,GRAND I10 ASTA,HYUNDAI
2015,56000,Diesel,Automatic,First,14.16,174.3,32546.5,Q5 2.0 TDI,AUDI
2015,27000,Petrol,Manual,First,17.5,85.8,4138.055,SWIFT DZIRE ZXI,MARUTI
2012,37000,Petrol,Manual,First,18.5,80.0,2464.2349999999997,I20 MAGNA,HYUNDAI
2017,10500,Diesel,Manual,First,25.32,77.0,4370.53,KUV 100 MFALCON D75 K4 PLUS 5STR,MAHINDRA
2014,49000,Diesel,Automatic,First,18.23,126.2,8276.11,ELANTRA 1.6 SX OPTION AT,HYUNDAI
2017,7000,Diesel,Manual,First,17.1,170.0,16226.755,COMPASS 2.0 LIMITED OPTION BLACK,JEEP
2017,71256,Diesel,Manual,First,24.3,88.5,8908.442,VITARA BREZZA VDI OPTION,MARUTI
2012,83184,Petrol,Manual,First,14.28,138.03,5783.978,COROLLA ALTIS 1.8 GL,TOYOTA
2013,87284,Diesel,Manual,First,15.1,140.0,7253.219999999999,XUV500 W8 2WD,MAHINDRA
2016,7000,Diesel,Automatic,First,20.68,190.0,25804.725,X1 XDRIVE 20D XLINE,BMW
2015,29000,Diesel,Manual,Second,22.54,88.73,6509.3,I20 MAGNA 1.4 CRDI,HYUNDAI
2017,33552,Diesel,Automatic,First,11.57,254.79,60322.613000000005,GLE 350D,MERCEDES-BENZ
2013,64000,Diesel,Manual,Second,17.3,163.7,6044.349999999999,CRUZE LTZ,CHEVROLET
2011,82000,Petrol,Manual,Second,18.5,80.0,2510.73,I20 1.2 MAGNA,HYUNDAI
2012,70000,Petrol,Manual,Second,19.4,86.8,2324.75,BRIO S MT,HONDA
2013,166194,Diesel,Manual,First,19.3,84.8,3626.6099999999997,EVALIA 2013 XL,NISSAN
2015,58000,Petrol,Manual,First,16.47,73.9,3673.105,POLO PETROL TRENDLINE 1.2L,VOLKSWAGEN
2010,77000,Petrol,Manual,Second,20.36,78.9,1952.79,I10 SPORTZ 1.2,HYUNDAI
2009,73204,Diesel,Automatic,Third,18.1,147.9,3254.65,CRUZE LTZ AT,CHEVROLET
2007,70000,Petrol,Manual,Second,19.81,68.05,1859.8,I10 ERA,HYUNDAI
2014,79870,Diesel,Manual,First,20.77,88.76,4974.964999999999,ERTIGA VDI,MARUTI
2013,90000,Diesel,Manual,First,25.8,98.6,3533.62,AMAZE S I-DTECH,HONDA
2016,17000,Petrol,Automatic,First,15.5,122.0,16040.775,A CLASS A180 SPORT,MERCEDES-BENZ
2018,46493,Petrol,Manual,First,18.9,81.86,5142.347,GRAND I10 1.2 KAPPA MAGNA,HYUNDAI
2009,68000,Petrol,Manual,Third,20.36,78.9,1813.3049999999998,I10 SPORTZ 1.2,HYUNDAI
2017,2000,Diesel,Manual,First,28.4,74.0,7625.179999999999,SWIFT DDIS ZDI PLUS,MARUTI
1999,140000,Petrol,Manual,First,13.0,90.0,836.91,CITY 1.3 EXI,HONDA
2013,255000,Diesel,Manual,Third,12.99,100.6,6044.349999999999,INNOVA 2.5 GX (DIESEL) 7 SEATER,TOYOTA
2014,45535,Diesel,Automatic,First,23.8,112.0,18049.359,COOPER COUNTRYMAN D HIGH,MINI
2016,39228,Petrol,Manual,First,15.7,112.4,6118.742,LINEA T-JET ACTIVE,FIAT
2011,57000,Petrol,Manual,Second,14.49,92.7,1952.79,AVEO 1.4 LT,CHEVROLET
2008,85445,Petrol,Manual,Second,19.81,68.05,1859.8,I10 ERA 1.1,HYUNDAI
2015,54000,Diesel,Manual,First,24.4,71.0,3440.63,XCENT 1.1 CRDI BASE,HYUNDAI
2014,53000,Petrol,Automatic,First,23.1,67.04,3533.62,CELERIO VXI AT,MARUTI
2014,60000,Petrol,Manual,First,20.36,78.9,3022.1749999999997,I10 SPORTZ,HYUNDAI
2015,65668,Diesel,Manual,First,19.87,83.8,5142.347,DUSTER 85PS DIESEL RXL,RENAULT
2011,100000,Diesel,Automatic,Second,22.69,190.0,10135.91,3 SERIES 320D,BMW
2018,1800,Petrol,Manual,First,18.9,82.0,4742.49,GRAND I10 SPORTZ,HYUNDAI
2007,96000,Petrol,Manual,Second,0.0,97.7,2045.7800000000002,SANTRO DX,HYUNDAI
2009,44200,Petrol,Manual,Second,18.0,62.0,1487.8400000000001,SPARK 1.0 LS,CHEVROLET
2018,14000,Petrol,Manual,First,17.4,117.3,10461.375,CITY I VTEC VX OPTION,HONDA
2013,720000,Diesel,Manual,First,20.54,103.6,5486.41,VENTO DIESEL HIGHLINE,VOLKSWAGEN
2012,73000,Diesel,Automatic,First,11.5,169.0,13390.56,FORTUNER 4X2 4 SPEED AT,TOYOTA
2011,68000,Petrol,Manual,First,17.0,118.0,3347.64,CITY 1.5 S MT,HONDA
2017,19543,Diesel,Automatic,First,18.12,190.0,37660.95,5 SERIES 2013-2017 520D LUXURY LINE,BMW
2014,38000,Diesel,Automatic,Second,14.16,174.3,36219.605,Q5 30 TDI QUATTRO PREMIUM PLUS,AUDI
2014,32805,Diesel,Manual,First,23.2,73.94,3347.64,RITZ LDI,MARUTI
2016,44782,Diesel,Automatic,First,21.21,103.2,6620.888,VENTO 1.5 TDI HIGHLINE AT,VOLKSWAGEN
2016,55700,Diesel,Manual,First,26.0,98.6,6992.847999999999,CITY I DTEC SV,HONDA
2012,60000,Diesel,Automatic,Second,15.2,140.8,9624.465,A4 NEW 2.0 TDI MULTITRONIC,AUDI
2014,56000,Petrol,Manual,First,15.0,103.52,6509.3,RAPID 1.6 MPI ELEGANCE,SKODA
2011,60000,Diesel,Manual,First,11.5,171.0,10089.414999999999,FORTUNER 3.0 DIESEL,TOYOTA
2010,78563,Diesel,Manual,First,16.52,123.7,2185.265,OPTRA MAGNUM 2.0 LT BS3,CHEVROLET
2014,34669,Petrol,Manual,First,15.1,73.0,2696.71,EECO 7 SEATER STANDARD,MARUTI
2017,17000,Petrol,Manual,First,20.73,91.1,7113.735000000001,CIAZ ZXI,MARUTI
2016,66000,Diesel,Manual,First,28.09,88.5,5951.360000000001,CIAZ VDI PLUS SHVS,MARUTI
2014,102418,Diesel,Manual,First,12.99,100.6,9391.99,INNOVA 2.5 LE 2014 DIESEL 7 SEATER,TOYOTA
2014,48800,Petrol,Manual,First,19.1,85.8,3952.075,SWIFT DZIRE VXI,MARUTI
2019,10601,Diesel,Automatic,First,11.36,171.5,18272.535,INNOVA CRYSTA 2.8 GX AT,TOYOTA
2017,8200,Diesel,Manual,First,25.0,69.0,4091.5600000000004,INDICA V2 ELX,TATA
2012,100000,Petrol,Manual,First,18.5,82.85,3022.1749999999997,I20 MAGNA,HYUNDAI
2012,78000,Diesel,Manual,First,17.8,68.0,2603.72,FIESTA 1.4 DURATORQ ZXI,FORD
2015,50000,Diesel,Manual,First,18.2,73.74,3998.5699999999997,ENJOY 1.3 TCDI LS 8,CHEVROLET
2006,89327,Diesel,Manual,Third,17.8,68.0,1441.345,FIESTA 1.4 DURATORQ EXI,FORD
2007,98000,Petrol,Manual,Second,10.8,152.0,4370.53,CR-V 2.4 MT,HONDA
2017,24700,Petrol,Manual,First,18.7,88.7,6574.393,JAZZ 1.2 VX I VTEC,HONDA
2018,6000,Diesel,Automatic,First,11.0,258.0,73462.09999999999,GLS 350D GRAND EDITION,MERCEDES-BENZ
2018,9434,Petrol,Manual,First,18.9,81.86,5346.925,GRAND I10 1.2 KAPPA SPORTZ,HYUNDAI
2012,29000,Petrol,Manual,First,18.5,85.8,3022.1749999999997,RITZ VXI,MARUTI
2017,22440,Diesel,Automatic,First,22.0,108.495,8266.811,AMEO 1.5 TDI HIGHLINE AT,VOLKSWAGEN
2015,73070,Petrol,Manual,First,17.4,117.3,5486.41,CITY I VTEC SV,HONDA
2016,21771,Petrol,Manual,First,18.7,88.7,4603.005,JAZZ 1.2 S I VTEC,HONDA
2014,62000,Diesel,Manual,First,17.8,75.0,3487.125,SWIFT LDI BSIV,MARUTI
2017,37024,Diesel,Automatic,First,17.01,126.2,10201.003,CRETA 1.6 CRDI AT SX PLUS,HYUNDAI
2014,60336,Diesel,Automatic,Second,14.4,241.4,23191.706000000002,A7 2011-2015 3.0 TDI QUATTRO,AUDI
2014,26008,Petrol,Manual,First,21.1,55.2,1831.903,EON D LITE PLUS,HYUNDAI
2010,90000,Diesel,Manual,Second,20.0,68.0,1301.86,FIGO DIESEL EXI,FORD
2018,35569,Petrol,Manual,First,17.0,73.75,6760.373,AMEO 1.2 MPI HIGHLINE,VOLKSWAGEN
2013,40000,Diesel,Manual,First,21.64,84.8,3719.6,SCALA DIESEL RXL,RENAULT
2015,45000,Petrol,Manual,First,18.7,88.7,4417.025,JAZZ 1.2 V I VTEC,HONDA
2015,42000,Petrol,Manual,First,17.0,80.0,4742.49,I20 1.2 SPORTZ,HYUNDAI
2012,46913,Diesel,Automatic,First,14.94,241.4,14980.688999999998,A4 3.0 TDI QUATTRO PREMIUM,AUDI
2014,62000,Diesel,Automatic,First,11.18,184.0,9810.445,SSANGYONG REXTON RX7,MAHINDRA
2017,15000,Diesel,Automatic,First,12.9,174.5,27897.0,FORTUNER 2.8 2WD AT,TOYOTA
2002,69000,Diesel,Manual,First,18.7,66.0,1487.8400000000001,OCTAVIA CLASSIC 1.9 TDI MT,SKODA
2012,41367,Diesel,Automatic,First,15.8,170.0,17193.851,NEW C-CLASS 250 CDI CLASSIC,MERCEDES-BENZ
2018,15982,Petrol,Manual,First,20.73,91.1,9261.804,CIAZ 1.4 ZETA,MARUTI
2013,99595,Diesel,Manual,Second,22.9,74.0,4417.025,SWIFT ZDI,MARUTI
2002,63000,Diesel,Manual,Third,13.1,75.0,3394.1349999999998,QUALIS FS B3,TOYOTA
2012,49000,Diesel,Automatic,Second,16.73,218.0,14413.449999999999,5 SERIES 2007-2010 525D SEDAN,BMW
2013,48272,Diesel,Manual,First,10.5,116.9,10991.418,PAJERO 2.8 SFX BSIII DUAL TONE,MITSUBISHI
2008,63000,Petrol,Manual,First,13.4,125.0,1906.2949999999998,COROLLA H2,TOYOTA
2016,77000,CNG,Manual,First,26.6,58.16,3068.6699999999996,WAGON R LXI CNG,MARUTI
2013,11734,Petrol,Manual,First,16.8,34.2,2092.275,OMNI E MPI STD BS IV,MARUTI
2014,62012,Diesel,Automatic,First,17.68,174.33,18709.588,A6 2011-2015 2.0 TDI,AUDI
2017,46000,CNG,Manual,First,25.0,81.86,4603.005,XCENT 1.2 KAPPA S OPTION CNG,HYUNDAI
2016,45449,Diesel,Manual,First,27.3,98.6,6955.652,JAZZ 1.5 S I DTEC,HONDA
2004,85000,Petrol,Automatic,Second,10.5,157.7,5114.45,E-CLASS 200 KOMPRESSOR ELEGANCE,MERCEDES-BENZ
2005,88000,Petrol,Manual,Second,13.0,100.0,1580.83,CITY 1.5 EXI,HONDA
2013,45330,Diesel,Automatic,First,16.55,147.51,12265.381,A4 2.0 TDI,AUDI
2012,88000,Petrol,Manual,First,19.1,85.8,3580.115,SWIFT DZIRE VXI,MARUTI
2016,45376,Diesel,Manual,First,28.4,73.75,5346.925,DZIRE VDI,MARUTI
2014,81000,Diesel,Manual,First,15.1,140.0,8369.1,XUV500 W8 4WD,MAHINDRA
2012,83381,Petrol,Manual,First,18.6,79.4,2055.0789999999997,BEAT LT,CHEVROLET
2017,78526,Diesel,Manual,First,23.0,98.96,7522.891,ECOSPORT 1.5 DIESEL TITANIUM PLUS,FORD
2017,27313,Diesel,Automatic,First,14.69,258.0,45221.037000000004,5 SERIES 2013-2017 530D M SPORT,BMW
2015,42747,Diesel,Automatic,Second,14.16,174.3,36703.153,Q5 30 TDI QUATTRO PREMIUM PLUS,AUDI
2015,42265,Diesel,Automatic,Second,20.68,190.0,20680.976,X1 SDRIVE 20D XLINE,BMW
2009,21000,Petrol,Automatic,First,19.2,80.0,2417.7400000000002,I10 MAGNA AT,HYUNDAI
2016,55100,Diesel,Automatic,First,17.01,126.2,11158.8,CRETA 1.6 CRDI AT SX PLUS,HYUNDAI
2014,70000,Diesel,Automatic,First,17.11,174.33,16738.2,A4 2.0 TDI 177 BHP PREMIUM PLUS,AUDI
2007,55000,Petrol,Automatic,Third,10.13,364.9,9289.701,S CLASS 2005 2013 S 350 L,MERCEDES-BENZ
2012,58235,Petrol,Manual,First,20.36,78.9,2278.255,I10 MAGNA,HYUNDAI
2017,26000,Diesel,Manual,First,23.0,98.96,8359.801,ECOSPORT 1.5 DIESEL TITANIUM,FORD
2011,35000,Diesel,Manual,First,20.54,103.6,2929.185,VENTO DIESEL HIGHLINE,VOLKSWAGEN
2017,24000,Diesel,Manual,First,28.4,73.75,7625.179999999999,DZIRE ZDI PLUS,MARUTI
2016,98000,Diesel,Manual,First,15.4,120.0,10693.85,SCORPIO 1.99 S10,MAHINDRA
2016,44487,Diesel,Manual,First,22.54,88.73,6788.2699999999995,I20 ASTA 1.4 CRDI,HYUNDAI
2008,65000,Petrol,Manual,First,19.7,46.3,1478.541,ALTO LXI,MARUTI
2015,34951,Petrol,Manual,Second,20.36,78.9,2929.185,I10 MAGNA,HYUNDAI
2015,52373,Diesel,Manual,Second,15.4,120.0,7904.15,SCORPIO S6 7 SEATER,MAHINDRA
2010,66285,Diesel,Manual,First,19.5,75.0,2789.7,FABIA 1.2L DIESEL CLASSIC,SKODA
2012,66000,Diesel,Automatic,First,15.3,258.0,19527.899999999998,X5 XDRIVE 30D,BMW
2016,43000,Diesel,Manual,First,27.3,98.6,7206.724999999999,JAZZ 1.5 S I DTEC,HONDA
2013,45200,Diesel,Automatic,First,10.0,170.0,21387.7,E-CLASS 2009-2013 E 220 CDI AVANTGARDE,MERCEDES-BENZ
2016,41000,Diesel,Automatic,First,16.0,140.0,12786.125,XUV500 AT W10 FWD,MAHINDRA
2017,39430,Petrol,Automatic,First,18.0,117.3,7708.870999999999,CITY I VTEC CVT SV,HONDA
2014,83274,Diesel,Manual,First,22.9,74.0,5384.121,SWIFT VDI,MARUTI
2017,32324,Diesel,Automatic,First,14.84,170.0,28361.95,NEW C-CLASS 220 CDI AT,MERCEDES-BENZ
2011,49999,Petrol,Manual,First,17.0,118.0,3533.62,CITY 1.5 S MT,HONDA
2014,66000,Diesel,Manual,First,15.3,83.8,4138.055,SUMO EX,TATA
2012,54000,Petrol,Manual,First,18.5,82.85,3068.6699999999996,I20 MAGNA,HYUNDAI
2009,80000,Diesel,Manual,Second,20.4,91.2,1627.325,LINEA 1.3 DYNAMIC,FIAT
2011,72000,Petrol,Automatic,Second,12.9,130.0,5114.45,CIVIC 2006-2010 1.8 V AT,HONDA
2017,44865,Diesel,Manual,First,19.67,126.2,12414.164999999999,CRETA 1.6 SX PLUS DIESEL,HYUNDAI
2017,22000,Diesel,Automatic,Second,20.38,143.0,20922.75,A3 35 TDI TECHNOLOGY,AUDI
2013,57478,Petrol,Manual,Second,17.0,121.3,4881.974999999999,VERNA VTVT 1.6 SX OPTION,HYUNDAI
2011,75000,Diesel,Manual,First,21.9,90.0,3487.125,I20 1.4 CRDI MAGNA,HYUNDAI
2015,50624,Diesel,Manual,First,24.2,98.6,5876.968,MOBILIO S I DTEC,HONDA
2018,75000,Diesel,Automatic,First,22.32,126.32,7206.724999999999,VERNA 1.6 SX CRDI (O) AT,HYUNDAI
2006,87000,Petrol,Manual,Second,15.3,101.0,1273.963,FIESTA 1.6 ZXI DURATEC,FORD
2010,62000,Petrol,Manual,First,20.36,78.9,1952.79,I10 SPORTZ 1.2,HYUNDAI
2016,41372,Diesel,Manual,First,24.3,88.5,8648.07,VITARA BREZZA ZDI,MARUTI
2015,70000,Diesel,Manual,First,12.99,100.6,11158.8,INNOVA 2.5 VX (DIESEL) 7 SEATER,TOYOTA
2017,35000,Diesel,Automatic,First,17.9,136.0,21852.649999999998,GLA CLASS 200 D SPORT,MERCEDES-BENZ
2006,71993,Petrol,Manual,First,19.7,46.3,1673.82,ALTO LXI BSIII,MARUTI
2013,62000,Diesel,Automatic,Second,14.84,170.0,11623.75,NEW C-CLASS C 220 CDI ELEGANCE AT,MERCEDES-BENZ
2015,51000,Diesel,Manual,First,22.9,74.0,4407.726,SWIFT LDI,MARUTI
2016,26038,Petrol,Manual,First,18.9,82.0,5049.357,GRAND I10 SPORTZ,HYUNDAI
2018,37713,Diesel,Automatic,Second,12.55,168.5,29403.438000000002,FORTUNER 4X4 AT,TOYOTA
2011,78088,Petrol,Manual,First,12.4,132.0,5858.37,INNOVA 2.0 GX 8 STR,TOYOTA
2017,30453,Diesel,Manual,First,22.77,98.59,7857.654999999999,ECOSPORT 1.5 TDCI TITANIUM,FORD
2016,54000,Petrol,Manual,First,18.16,86.8,4649.5,FIGO 1.2P TITANIUM MT,FORD
2011,190000,Diesel,Manual,First,11.5,171.0,12088.699999999999,FORTUNER 3.0 DIESEL,TOYOTA
2012,65097,Petrol,Manual,First,19.1,85.8,4370.53,SWIFT DZIRE VXI,MARUTI
2018,28060,Petrol,Automatic,First,12.05,320.0,87103.733,7 SERIES 740LI,BMW
2012,282000,Petrol,Manual,First,13.14,160.0,3068.6699999999996,SUPERB 1.8 TSI MT,SKODA
2009,111000,Petrol,Manual,Second,18.9,67.0,1404.149,WAGON R LXI MINOR,MARUTI
2013,63295,Diesel,Manual,First,19.01,108.45,5663.090999999999,DUSTER 110PS DIESEL RXZ,RENAULT
2015,35770,Petrol,Manual,First,20.73,91.1,5532.905,CIAZ VXI PLUS,MARUTI
2012,125928,Diesel,Manual,First,22.7,126.24,8369.1,ELANTRA CRDI SX,HYUNDAI
2015,45000,Diesel,Automatic,First,21.66,103.52,3952.075,RAPID 1.5 TDI AT ELEGANCE,SKODA
2013,21000,Diesel,Automatic,First,14.84,170.0,21852.649999999998,NEW C-CLASS C 220 CDI ELEGANCE AT,MERCEDES-BENZ
2011,54774,Petrol,Automatic,First,11.7,177.6,5904.865,ACCORD 2.4 A/T,HONDA
2014,41123,Petrol,Manual,First,23.1,67.04,3161.66,CELERIO VXI,MARUTI
2017,17465,Petrol,Automatic,First,12.05,320.0,86480.7,7 SERIES 740LI,BMW
2014,48000,Diesel,Automatic,First,22.69,190.0,20085.84,3 SERIES 320D SPORT,BMW
2011,173000,Diesel,Manual,First,20.54,103.6,3719.6,VENTO DIESEL TRENDLINE,VOLKSWAGEN
2018,12000,Diesel,Manual,First,23.4,74.0,5114.45,SWIFT DZIRE TOUR LDI,MARUTI
2012,34000,Diesel,Automatic,First,12.39,147.51,17900.575,ROVER FREELANDER 2 SE,LAND
2012,71360,Diesel,Manual,First,21.9,90.0,3673.105,I20 1.4 CRDI MAGNA,HYUNDAI
2012,74000,Diesel,Manual,Second,28.4,73.75,3952.075,DZIRE VDI,MARUTI
2018,28937,Diesel,Manual,First,17.1,170.0,15826.898,COMPASS 2.0 LONGITUDE,JEEP
2012,82085,Diesel,Manual,First,20.77,88.76,6044.349999999999,ERTIGA VDI,MARUTI
2011,68465,Petrol,Manual,First,15.6,70.0,2743.205,FIGO PETROL ZXI,FORD
2013,63854,Diesel,Manual,First,21.43,86.79,6620.888,COROLLA ALTIS 1.4 DG,TOYOTA
2018,3000,Diesel,Automatic,First,24.3,88.5,10461.375,VITARA BREZZA ZDI PLUS AMT DUAL TONE,MARUTI
2009,65055,Petrol,Manual,First,17.0,118.0,2557.225,CITY 1.5 S MT,HONDA
2015,120000,Diesel,Manual,First,15.4,120.0,11158.8,SCORPIO S10 4WD,MAHINDRA
2014,64241,Petrol,Manual,First,20.14,81.86,3412.7329999999997,XCENT 1.2 VTVT SX,HYUNDAI
2001,121000,Diesel,Manual,First,15.0,97.7,4649.5,E-CLASS 220 CDI,MERCEDES-BENZ
2008,2200,Petrol,Manual,First,15.7,75.0,2138.77,RENAULT LOGAN 1.4 GLX PETROL,MAHINDRA
2008,88123,Diesel,Manual,First,18.7,66.0,2045.7800000000002,OCTAVIA 1.9 TDI,SKODA
2014,79000,Diesel,Automatic,First,12.0,224.0,38125.9,GL-CLASS 2007 2012 350 CDI LUXURY,MERCEDES-BENZ
2016,28143,Diesel,Automatic,First,20.68,190.0,26502.149999999998,X1 SDRIVE 20D XLINE,BMW
2015,23001,Petrol,Manual,First,15.04,103.2,5105.151,VENTO 2013-2015 1.6 COMFORTLINE,VOLKSWAGEN
2013,82002,Diesel,Automatic,Second,16.55,147.51,16273.25,A4 2.0 TDI,AUDI
2009,75000,Diesel,Manual,First,13.8,68.0,1850.501,IKON 1.4 TDCI DURATORQ,FORD
2016,37451,Diesel,Manual,First,22.32,126.3,6174.535999999999,VERNA 1.6 CRDI EX MT,HYUNDAI
2017,67000,Diesel,Manual,First,13.68,147.8,15343.35,INNOVA CRYSTA 2.4 VX MT,TOYOTA
2016,25000,Petrol,Manual,First,18.9,82.0,4649.5,GRAND I10 ASTA OPTION,HYUNDAI
2017,12000,Petrol,Manual,First,17.0,73.75,5021.46,AMEO 1.2 MPI COMFORTLINE,VOLKSWAGEN
2017,25000,Petrol,Manual,First,25.17,53.3,2780.4010000000003,KWID RXT,RENAULT
2011,95936,Petrol,Manual,First,17.0,118.0,3812.5899999999997,CITY 1.5 S MT,HONDA
2018,5354,Petrol,Automatic,First,18.9,81.86,6286.124,GRAND I10 1.2 KAPPA MAGNA AT,HYUNDAI
2016,42000,Petrol,Manual,Second,18.78,75.0,5114.45,POLO 1.0 MPI COMFORTLINE,VOLKSWAGEN
2014,44282,Diesel,Manual,First,25.2,74.0,5570.101,SWIFT VDI BSIV,MARUTI
2012,70000,Diesel,Manual,First,21.64,84.8,2408.441,SUNNY 2011-2014 DIESEL XV,NISSAN
2013,31400,Diesel,Automatic,First,16.36,187.7,24874.825,XF 2.2 LITRE LUXURY,JAGUAR
2016,50000,Diesel,Manual,First,28.09,88.5,7904.15,CIAZ ZDI SHVS,MARUTI
2011,53000,Diesel,Automatic,First,12.8,167.6,21387.7,Q5 2008-2012 2.0 TDI,AUDI
2014,21727,Petrol,Manual,First,15.6,70.02,3115.165,FIGO PETROL ZXI,FORD
2012,43000,Diesel,Automatic,Second,11.72,194.3,9996.425,SANTA FE 4X4 AT,HYUNDAI
2013,75000,Diesel,Manual,First,12.05,120.0,5849.071,SCORPIO VLX 2WD AIRBAG BSIV,MAHINDRA
2014,73557,Diesel,Manual,First,19.6,108.45,7206.724999999999,DUSTER 110PS DIESEL RXL,RENAULT
2012,44555,Diesel,Automatic,First,15.2,140.8,12553.65,A4 NEW 2.0 TDI MULTITRONIC,AUDI
2013,54885,Petrol,Manual,First,15.1,73.0,3487.125,EECO 7 SEATER STANDARD,MARUTI
2011,76000,Diesel,Manual,Second,14.0,112.0,3487.125,XYLO E4,MAHINDRA
2006,101000,Petrol,Manual,Second,18.9,67.1,1394.85,WAGON R LXI,MARUTI
2005,66000,Petrol,Manual,First,14.0,64.0,1348.355,WAGON R LXI BSIII,MARUTI
2013,84360,Petrol,Manual,First,15.5,103.3,3831.188,SX4 ZXI MT BSIV,MARUTI
2016,25121,Diesel,Manual,First,13.68,147.8,15910.589,INNOVA CRYSTA 2.4 VX MT,TOYOTA
2015,100000,Diesel,Manual,Second,12.99,100.6,9531.475,INNOVA 2.5 G (DIESEL) 7 SEATER,TOYOTA
2011,66035,Diesel,Manual,First,22.07,73.9,2315.451,POLO DIESEL TRENDLINE 1.2L,VOLKSWAGEN
2015,190000,Petrol,Manual,Second,16.78,88.73,3580.115,ETIOS G,TOYOTA
2014,85670,Diesel,Manual,First,22.7,89.84,5811.875,ECOSPORT 1.5 DV5 MT TITANIUM,FORD
2015,35000,Diesel,Manual,First,24.0,70.0,4537.911999999999,GRAND I10 CRDI MAGNA,HYUNDAI
2016,8000,Petrol,Automatic,First,18.0,117.3,8787.554999999998,CITY I VTEC CVT SV,HONDA
2007,162000,Diesel,Manual,Second,12.8,102.0,4463.5199999999995,INNOVA 2.5 G3,TOYOTA
2012,60000,Petrol,Manual,First,21.1,55.2,1850.501,EON ERA PLUS,HYUNDAI
2010,70600,Petrol,Manual,First,20.36,78.9,2603.72,I10 MAGNA 1.2,HYUNDAI
2011,25000,Petrol,Automatic,Second,12.3,185.0,20457.8,E-CLASS 2009-2013 E 200 CGI ELEGANCE,MERCEDES-BENZ
2012,75000,Diesel,Manual,First,15.96,62.1,3998.5699999999997,BOLERO SLE,MAHINDRA
2014,85071,Diesel,Automatic,First,20.0,138.1,9066.525,LAURA AMBITION 2.0 TDI CR AT,SKODA
2015,40000,Petrol,Manual,First,20.4,81.8,5486.41,SWIFT ZXI,MARUTI
2013,67000,Diesel,Automatic,First,16.55,147.51,13483.55,A4 2.0 TDI,AUDI
2009,55000,Diesel,Manual,Second,17.8,68.0,2231.7599999999998,FIESTA 1.4 SXI TDCI ABS,FORD
2008,62000,Petrol,Manual,Second,15.0,104.68,1962.089,SX4 VXI BSIII,MARUTI
2017,22526,Petrol,Automatic,First,18.9,82.0,7067.24,GRAND I10 AT ASTA,HYUNDAI
2012,57788,Petrol,Automatic,First,17.16,85.8,3347.64,RITZ AT,MARUTI
2013,72000,Diesel,Manual,First,10.5,120.0,5579.4,SCORPIO 2.6 CRDE,MAHINDRA
2014,83128,Diesel,Manual,First,15.4,120.0,6927.755,SCORPIO S4 7 SEATER,MAHINDRA
2011,75000,Petrol,Manual,First,19.7,46.3,1952.79,ALTO LXI,MARUTI
2013,58000,Diesel,Manual,Second,19.01,108.45,4835.4800000000005,DUSTER 110PS DIESEL RXZ,RENAULT
2009,26000,Diesel,Manual,First,0.0,97.7,6500.001,JEEP MM 550 PE,MAHINDRA
2017,1000,Petrol,Manual,First,20.89,81.8,5914.164,IGNIS 1.2 ALPHA,MARUTI
2015,59751,Diesel,Manual,First,12.99,100.6,10805.437999999998,INNOVA 2.5 ZX DIESEL 7 SEATER,TOYOTA
2015,29966,Diesel,Automatic,Second,16.77,261.49,40543.64,7 SERIES 730LD EMINENCE,BMW
2009,65000,Diesel,Manual,Second,13.6,142.0,4556.51,SONATA EMBERA 2.0L CRDI MT,HYUNDAI
2015,75863,Diesel,Manual,First,19.01,108.45,6230.33,DUSTER ADVENTURE EDITION,RENAULT
2013,54000,CNG,Manual,First,33.54,67.04,2836.1949999999997,WAGON R CNG LXI,MARUTI
2014,24000,Diesel,Automatic,First,17.11,174.33,23247.5,A4 2.0 TDI 177 BHP TECHNOLOGY EDITION,AUDI
2018,33218,Diesel,Manual,First,17.1,170.0,17714.595,COMPASS 2.0 LONGITUDE,JEEP
2015,33425,Petrol,Manual,First,17.43,105.5,4184.55,VERNA 1.4 VTVT,HYUNDAI
2013,47000,Petrol,Manual,First,18.0,86.7,3859.085,AMAZE VX I-VTECH,HONDA
2015,41000,Diesel,Manual,First,19.67,126.2,11065.81,CRETA 1.6 CRDI SX OPTION,HYUNDAI
2011,62000,Petrol,Manual,First,19.81,68.05,1952.79,I10 MAGNA 1.1,HYUNDAI
2016,47035,Diesel,Manual,First,18.49,100.0,6462.805,TUV 300 T8,MAHINDRA
2008,56230,Petrol,Manual,Second,17.5,85.8,2231.7599999999998,SWIFT DZIRE VXI,MARUTI
2007,55000,Petrol,Manual,First,13.2,94.0,2464.2349999999997,ACCENT GLE 1,HYUNDAI
2014,70669,Diesel,Manual,First,15.1,140.0,8369.1,XUV500 W8 2WD,MAHINDRA
2012,69000,Petrol,Manual,First,20.92,67.1,1952.79,ALTO K10 2010-2014 VXI,MARUTI
2011,65000,Petrol,Manual,Second,18.6,79.4,2324.75,BEAT LT,CHEVROLET
2009,30000,Diesel,Automatic,First,12.4,179.5,8322.605,A6 2.7 TDI,AUDI
2017,2000,Diesel,Automatic,First,20.7,113.98,31616.6,COOPER 5 DOOR D,MINI
2011,24255,Petrol,Manual,First,16.1,97.7,2929.185,SWIFT 1.3 LXI,MARUTI
2015,40000,Petrol,Manual,First,17.57,88.7,3719.6,ZEST REVOTRON 1.2T XMS,TATA
2014,40000,Diesel,Manual,First,26.0,98.6,4138.055,CITY I DTEC SV,HONDA
2010,26000,Petrol,Manual,First,18.6,79.4,1394.85,BEAT LT,CHEVROLET
2011,105000,Diesel,Automatic,Second,16.55,140.0,13483.55,A4 2.0 TDI MULTITRONIC,AUDI
2015,2800,Diesel,Manual,First,26.1,99.0,7820.459,ASPIRE TITANIUM PLUS DIESEL,FORD
2014,71000,Diesel,Automatic,Second,19.08,126.32,5067.955,VERNA SX CRDI AT,HYUNDAI
2015,32896,Petrol,Automatic,First,18.0,117.3,8276.11,CITY I VTEC CVT VX,HONDA
2012,45000,Petrol,Manual,First,20.36,78.9,3394.1349999999998,I10 SPORTZ 1.2,HYUNDAI
2015,65000,Diesel,Automatic,Second,18.56,190.0,26967.1,X3 XDRIVE20D EXPEDITION,BMW
2013,45200,Diesel,Automatic,First,16.55,147.51,12553.65,A4 2.0 TDI,AUDI
2008,82167,Petrol,Automatic,First,10.1,152.0,5021.46,CR-V 2.4 AT,HONDA
2016,37429,Petrol,Manual,First,18.9,81.86,5477.111,GRAND I10 1.2 KAPPA ASTA,HYUNDAI
2016,46000,Diesel,Manual,First,28.09,88.5,7857.654999999999,CIAZ ZDI PLUS SHVS,MARUTI
2011,67031,Petrol,Manual,First,17.4,117.3,3719.6,CITY I-VTEC V,HONDA
2013,30000,Diesel,Automatic,First,9.52,313.0,41845.5,6 SERIES 640D COUPE,BMW
2016,47691,Petrol,Automatic,First,23.1,67.04,3663.806,CELERIO VXI AMT,MARUTI
2011,32531,Diesel,Automatic,Second,13.73,148.0,7439.2,KOLEOS 2.0 DIESEL,RENAULT
2013,71336,Diesel,Manual,First,20.0,68.0,3812.5899999999997,FIGO DIESEL ZXI,FORD
2006,196000,Diesel,Manual,First,12.8,102.0,5811.875,INNOVA 2.5 V DIESEL 7-SEATER,TOYOTA
2015,28193,Diesel,Manual,First,28.4,73.75,4881.974999999999,DZIRE VDI,MARUTI
2019,2526,Petrol,Automatic,First,19.0,362.07,78074.404,SLC 43 AMG,MERCEDES-BENZ
2004,52146,Petrol,Manual,First,0.0,97.7,1794.7069999999999,SANTRO LP ZIPPLUS,HYUNDAI
2013,85000,Diesel,Automatic,First,16.1,194.0,19527.899999999998,E-CLASS E 220 D,MERCEDES-BENZ
2015,20780,Petrol,Manual,First,18.9,81.86,3998.5699999999997,GRAND I10 1.2 KAPPA SPORTZ,HYUNDAI
2014,43081,Petrol,Manual,First,17.3,117.3,4881.974999999999,MOBILIO S I VTEC,HONDA
2010,35000,Petrol,Automatic,Second,11.9,550.0,29756.8,CAYENNE TURBO S,PORSCHE
2013,36000,Diesel,Manual,First,17.21,100.0,3626.6099999999997,QUANTO C8,MAHINDRA
2007,67000,Petrol,Manual,Third,13.4,125.0,2045.7800000000002,COROLLA H5,TOYOTA
2016,34079,Diesel,Manual,First,25.32,77.0,3440.63,KUV 100 MFALCON D75 K4,MAHINDRA
2010,77849,Petrol,Automatic,Second,10.9,215.0,10479.973,3 SERIES 2005-2011 325I SEDAN,BMW
2013,86000,Petrol,Manual,First,22.74,47.3,2241.059,ALTO 800 LXI,MARUTI
2015,110000,Diesel,Automatic,First,15.73,174.33,17668.1,Q3 35 TDI QUATTRO PREMIUM,AUDI
2015,116000,Diesel,Manual,Second,23.59,67.05,5393.42,ETIOS GD,TOYOTA
2016,41840,Diesel,Manual,First,15.1,140.0,12572.248,XUV500 W8 2WD,MAHINDRA
2015,19317,Diesel,Manual,First,13.0,168.7,22782.55,FORTUNER 4X2 MT TRD SPORTIVO,TOYOTA
2014,41000,CNG,Manual,First,24.6,55.23,3022.1749999999997,INDIGO CS EMAX CNG GLX,TATA
2017,25601,Diesel,Automatic,First,17.9,201.15,52753.227,GLE 250D,MERCEDES-BENZ
2015,83950,Diesel,Manual,First,19.67,126.2,9252.505,CRETA 1.6 CRDI SX,HYUNDAI
2012,60000,Petrol,Automatic,First,16.8,118.0,5114.45,CITY 1.5 V AT,HONDA
2015,50000,Diesel,Automatic,First,17.11,174.33,23247.5,A4 35 TDI PREMIUM,AUDI
2009,37000,Petrol,Manual,First,17.3,60.0,929.9,ZEN VXI,MARUTI
2011,76976,Petrol,Manual,Second,19.7,46.3,1999.2849999999999,ALTO LXI,MARUTI
2018,21684,Petrol,Automatic,First,21.4,83.1,7336.910999999999,BALENO DELTA AUTOMATIC,MARUTI
2015,62000,Diesel,Manual,First,16.0,140.0,9531.475,XUV500 W10 2WD,MAHINDRA
2007,1261,Petrol,Manual,First,19.0,94.68,5579.4,FREESTYLE TITANIUM PETROL,FORD
2017,59450,Petrol,Manual,First,18.6,81.86,7002.147,ELITE I20 ASTA OPTION,HYUNDAI
2018,24465,Diesel,Automatic,First,19.27,167.62,36684.555,NEW C-CLASS C 220D AVANTGARDE EDITION C,MERCEDES-BENZ
2014,55000,Petrol,Manual,First,17.8,117.3,5430.616,CITY I VTEC SV,HONDA
2017,2000,Petrol,Manual,First,18.88,110.4,8043.635,ECOSPORT 1.5 TI VCT MT TITANIUM BE,FORD
2017,25040,Petrol,Manual,First,21.4,83.1,7197.426,BALENO ALPHA 1.2,MARUTI
2008,84000,Petrol,Manual,First,20.36,78.9,2324.75,I10 SPORTZ,HYUNDAI
2007,170428,Diesel,Manual,Second,12.8,102.0,5300.43,INNOVA 2.5 G (DIESEL) 8 SEATER BS IV,TOYOTA
2016,12573,Petrol,Manual,First,21.4,83.1,5393.42,BALENO DELTA,MARUTI
2012,88000,Diesel,Automatic,First,12.07,241.4,33941.35,Q7 3.0 TDI QUATTRO TECHNOLOGY,AUDI
2012,86000,Diesel,Automatic,Second,13.01,194.3,8834.05,SANTA FE 2WD AT,HYUNDAI
2012,51019,Petrol,Manual,First,0.0,97.7,3236.0519999999997,SANTRO GLS I - EURO II,HYUNDAI
2013,45000,Petrol,Manual,First,17.0,118.0,4231.045,CITY 1.5 V MT EXCLUSIVE,HONDA
2012,51000,Diesel,Manual,First,21.9,90.0,3626.6099999999997,I20 1.4 CRDI MAGNA,HYUNDAI
2007,92000,Diesel,Manual,First,13.6,63.0,2510.73,BOLERO SLE BSIII,MAHINDRA
2017,29000,Diesel,Automatic,First,12.9,174.5,28826.899999999998,FORTUNER 2.8 2WD AT,TOYOTA
2009,70521,Petrol,Automatic,Second,10.9,215.0,9577.970000000001,3 SERIES 2005-2011 325I SEDAN,BMW
2010,51000,Diesel,Automatic,First,16.07,181.0,7206.724999999999,3 SERIES 320D SEDAN,BMW
2012,52618,Petrol,Manual,First,18.9,67.1,2975.6800000000003,WAGON R LXI,MARUTI
2013,68000,Diesel,Manual,First,25.47,88.5,4510.014999999999,ERTIGA ZDI,MARUTI
2016,29022,Diesel,Automatic,Second,15.68,177.0,31690.992,ROVER RANGE ROVER EVOQUE 2.0 TD4 PURE,LAND
2017,80000,Diesel,Manual,First,24.52,88.5,7532.19,ERTIGA SHVS VDI,MARUTI
2016,78000,Diesel,Manual,Second,25.0,69.01,2185.265,INDIGO CS EVX,TATA
2012,100000,Petrol,Manual,First,20.92,67.1,1673.82,ALTO K10 LXI,MARUTI
2015,31412,Petrol,Manual,First,21.1,55.2,3180.258,EON D LITE PLUS,HYUNDAI
2010,78000,Diesel,Automatic,Second,11.4,153.86,4965.666,ENDEAVOUR 3.0L 4X4 AT,FORD
2018,14000,Diesel,Automatic,First,12.62,158.0,29747.500999999997,ENDEAVOUR 2.2 TITANIUM AT 4X2,FORD
2011,80000,Diesel,Manual,First,20.54,103.6,4417.025,VENTO DIESEL HIGHLINE,VOLKSWAGEN
2014,46738,Petrol,Automatic,First,19.12,91.1,5672.389999999999,CIAZ AT ZXI,MARUTI
2013,54884,Petrol,Manual,Second,21.1,55.2,3431.3309999999997,EON D LITE PLUS,HYUNDAI
2012,74500,Diesel,Automatic,Second,14.16,174.3,13948.5,Q5 2.0 TDI PREMIUM PLUS,AUDI
2016,67472,Diesel,Manual,First,16.0,140.0,13483.55,XUV500 W10 AWD,MAHINDRA
2013,84000,Diesel,Manual,First,28.4,74.0,5253.935,SWIFT VDI,MARUTI
2011,77400,Diesel,Manual,First,21.1,73.9,2324.75,RITZ VDI,MARUTI
2017,14470,Diesel,Automatic,First,19.71,201.15,35801.15,NEW C-CLASS C 250 CDI AVANTGARDE,MERCEDES-BENZ
2014,52108,Diesel,Manual,First,19.01,108.45,5105.151,DUSTER 110PS DIESEL RXZ,RENAULT
2013,40000,Petrol,Manual,First,19.1,85.8,3301.1449999999995,SWIFT DZIRE VXI,MARUTI
2014,105044,Diesel,Manual,First,12.99,100.6,9996.425,INNOVA 2.5 VX (DIESEL) 7 SEATER,TOYOTA
2016,24347,Petrol,Manual,First,15.8,121.3,10228.9,CRETA 1.6 SX OPTION,HYUNDAI
2014,58000,Diesel,Manual,First,21.79,88.73,4184.55,SX4 ZDI,MARUTI
2014,49663,Diesel,Manual,First,15.1,140.0,7829.758,XUV500 W8 2WD,MAHINDRA
2017,17000,Petrol,Automatic,First,18.0,117.3,10786.84,CITY I-VTEC CVT VX,HONDA
2016,13418,Diesel,Automatic,First,16.36,187.7,31272.537,XF 2.2 LITRE LUXURY,JAGUAR
2008,117080,Diesel,Manual,Third,17.8,68.0,2092.275,FIESTA 1.4 SXI TDCI ABS,FORD
2010,74000,Petrol,Automatic,First,10.8,150.0,12042.205,5 SERIES 523I SEDAN,BMW
2010,86514,Diesel,Manual,First,17.8,97.7,3952.075,SWIFT VDI BSIV W ABS,MARUTI
2014,66882,Diesel,Automatic,First,17.68,174.33,23266.097999999998,A6 2011-2015 2.0 TDI PREMIUM PLUS,AUDI
2014,41460,Petrol,Manual,First,18.5,86.8,3673.105,BRIO 1.2 VX MT,HONDA
2011,57000,Petrol,Automatic,First,16.8,118.0,4091.5600000000004,CITY 1.5 V AT,HONDA
2015,34010,Petrol,Manual,Third,16.47,73.9,4603.005,POLO PETROL COMFORTLINE 1.2L,VOLKSWAGEN
2010,96813,Diesel,Manual,Second,12.05,120.0,5114.45,SCORPIO SLE BSIII,MAHINDRA
2011,84000,Petrol,Manual,First,16.8,116.3,3022.1749999999997,CITY V MT,HONDA
2013,50004,Petrol,Manual,First,15.0,103.5,3738.1979999999994,RAPID 1.6 MPI ELEGANCE,SKODA
2016,67995,Diesel,Manual,First,16.0,140.0,10907.727,XUV500 W6 2WD,MAHINDRA
2012,55000,Diesel,Manual,First,15.0,105.0,8834.05,JETTA 2007-2011 2.0 TDI TRENDLINE,VOLKSWAGEN
2017,14900,Petrol,Automatic,First,21.4,83.1,7997.139999999999,BALENO ALPHA AUTOMATIC,MARUTI
2013,70961,Diesel,Manual,First,25.8,98.6,3719.6,AMAZE EX I-DTECH,HONDA
2015,40194,Petrol,Manual,First,15.04,103.2,5160.945,VENTO 1.6 HIGHLINE,VOLKSWAGEN
2015,96000,Petrol,Manual,First,22.74,47.3,2324.75,ALTO 800 LXI,MARUTI
2017,35000,Diesel,Automatic,First,18.0,255.0,38683.840000000004,ROVER DISCOVERY HSE LUXURY 3.0 TD6,LAND
2015,50000,Petrol,Automatic,First,18.0,117.3,6890.559,CITY I VTEC CVT VX,HONDA
2014,50000,Diesel,Manual,First,19.01,108.5,6044.349999999999,TERRANO XL 110 PS,NISSAN
2008,26299,Petrol,Manual,First,19.7,46.3,1115.8799999999999,ALTO LXI,MARUTI
2015,150386,Diesel,Manual,First,14.24,174.5,21387.7,FORTUNER 2.8 4WD MT,TOYOTA
2012,60000,Diesel,Manual,First,21.9,90.0,2547.926,I20 1.4 CRDI MAGNA,HYUNDAI
2013,65000,Diesel,Manual,First,20.0,68.0,3626.6099999999997,FIGO DIESEL TITANIUM,FORD
2017,80000,Diesel,Manual,First,24.3,88.5,7439.2,VITARA BREZZA ZDI PLUS,MARUTI
2012,92000,Diesel,Manual,Third,22.32,126.32,3719.6,VERNA 1.6 SX,HYUNDAI
2016,13000,Petrol,Automatic,First,12.95,152.88,16505.725,TUCSON 2.0 DUAL VTVT 2WD AT GL,HYUNDAI
2013,73278,Diesel,Manual,First,21.1,73.9,4695.995,RITZ VDI,MARUTI
2011,38000,Petrol,Automatic,First,10.8,132.0,11158.8,A4 2.0 TFSI,AUDI
2016,46936,Diesel,Automatic,First,13.0,204.0,27525.04,E-CLASS E250 CDI LAUNCH EDITION,MERCEDES-BENZ
2015,55000,Diesel,Manual,First,19.87,83.8,6044.349999999999,DUSTER 85PS DIESEL RXE,RENAULT
2014,19000,Petrol,Automatic,First,15.5,86.7,4417.025,AMAZE S AT I-VTECH,HONDA
2016,42259,Diesel,Automatic,First,9.0,181.0,22652.363999999998,S60 D4 SUMMUM,VOLVO
2011,14000,Petrol,Manual,Second,17.5,85.8,2975.6800000000003,SWIFT DZIRE 1.2 LXI BSIV,MARUTI
2016,16956,Petrol,Manual,First,22.5,67.04,3347.64,WAGON R VXI,MARUTI
2017,15473,Petrol,Manual,First,16.8,34.2,3329.042,OMNI MPI STD BSIV,MARUTI
2011,75000,Diesel,Manual,First,21.5,88.8,2324.75,SX4 VDI,MARUTI
2013,96000,Diesel,Manual,Second,23.5,90.0,3254.65,FIESTA TITANIUM 1.5 TDCI,FORD
2015,25000,Petrol,Automatic,First,19.16,158.2,23247.5,CAMRY HYBRID,TOYOTA
2010,38000,Petrol,Manual,Second,22.5,67.04,1627.325,WAGON R VXI,MARUTI
2005,54000,Diesel,Automatic,First,11.0,198.5,9299.0,E-CLASS E270 CDI,MERCEDES-BENZ
2018,4131,Petrol,Automatic,First,21.4,83.1,7206.724999999999,BALENO ZETA AUTOMATIC,MARUTI
2016,31700,Petrol,Manual,First,18.7,88.7,5997.8550000000005,JAZZ 1.2 VX I VTEC,HONDA
2017,66988,Diesel,Automatic,First,15.4,120.0,9299.0,SCORPIO S10 AT 4WD,MAHINDRA
2014,54230,Petrol,Manual,First,16.47,74.0,4184.55,POLO 1.2 MPI TRENDLINE,VOLKSWAGEN
2015,35000,Petrol,Manual,First,17.0,80.0,3161.66,I20 1.2 ERA,HYUNDAI
2010,62714,Petrol,Automatic,First,12.1,164.7,4184.55,CAMRY W4 (AT),TOYOTA
2015,45295,Petrol,Manual,First,18.9,67.1,3998.5699999999997,WAGON R VXI,MARUTI
2018,7000,Diesel,Automatic,First,18.12,190.0,42775.4,5 SERIES 2013-2017 520D M SPORT,BMW
2016,57000,Petrol,Automatic,First,24.07,67.1,3161.66,ALTO K10 VXI AGS,MARUTI
2013,40100,Diesel,Automatic,First,14.84,170.0,13483.55,NEW C-CLASS 220 CDI AT,MERCEDES-BENZ
2013,56000,Petrol,Manual,First,24.7,47.3,1952.79,ALTO 800 2016-2019 LXI,MARUTI
2012,15000,Petrol,Manual,First,18.6,85.8,3394.1349999999998,SWIFT VXI,MARUTI
2014,14000,Petrol,Manual,First,18.2,82.5,2789.7,SAIL HATCHBACK 1.2 LS ABS,CHEVROLET
2009,68000,Diesel,Manual,Second,23.0,90.0,3673.105,I20 ASTA 1.4 CRDI (DIESEL),HYUNDAI
2012,83000,Diesel,Automatic,First,11.9,163.2,6276.825,SUPERB 2.5 TDI AT,SKODA
2013,81504,Diesel,Manual,First,21.43,87.2,6072.247,COROLLA ALTIS D-4D G,TOYOTA
2015,73500,Diesel,Manual,First,13.0,168.5,20457.8,FORTUNER 4X2 MANUAL,TOYOTA
2013,52900,Petrol,Automatic,First,14.3,103.52,4417.025,RAPID 1.6 MPI AT ELEGANCE,SKODA
2017,20000,Petrol,Automatic,First,16.5,86.8,5570.101,BRIO 1.2 VX AT,HONDA
2011,46000,Petrol,Manual,First,16.47,73.9,2836.1949999999997,POLO PETROL COMFORTLINE 1.2L,VOLKSWAGEN
2010,65000,Petrol,Manual,First,16.47,73.9,2231.7599999999998,POLO PETROL COMFORTLINE 1.2L,VOLKSWAGEN
2007,42000,Petrol,Manual,Third,18.2,67.1,1208.8700000000001,ZEN ESTILO LXI BSIII,MARUTI
2016,36681,Diesel,Manual,First,23.59,67.06,6239.629,ETIOS CROSS 1.4L GD,TOYOTA
2014,67000,Diesel,Manual,Second,15.1,140.0,6695.28,XUV500 W8 2WD,MAHINDRA
2016,18000,Petrol,Automatic,First,18.9,82.0,5021.46,GRAND I10 AT ASTA,HYUNDAI
2015,56409,Diesel,Manual,First,22.7,89.84,6165.237,ECOSPORT 1.5 DV5 MT TITANIUM OPTIONAL,FORD
2016,65263,CNG,Manual,First,17.5,80.46,6974.25,ERTIGA VXI CNG,MARUTI
2018,20300,Petrol,Automatic,First,18.0,117.3,13213.879,CITY I-VTEC CVT ZX,HONDA
2010,45008,Petrol,Manual,First,17.0,118.0,2789.7,CITY 1.5 V MT,HONDA
2017,21799,Petrol,Manual,First,23.1,67.04,4751.789,CELERIO ZXI MT,MARUTI
2011,57328,Petrol,Manual,First,15.04,103.6,3152.361,VENTO PETROL HIGHLINE,VOLKSWAGEN
2017,35358,Diesel,Automatic,First,11.36,171.5,21378.400999999998,INNOVA CRYSTA 2.8 ZX AT,TOYOTA
2009,46946,Petrol,Manual,Second,18.5,80.0,2185.265,I20 MAGNA,HYUNDAI
2012,39772,Diesel,Manual,First,23.2,73.94,2650.215,RITZ VDI,MARUTI
2014,58000,Diesel,Automatic,First,17.68,174.33,17203.149999999998,A6 2011-2015 2.0 TDI PREMIUM PLUS,AUDI
2014,52000,Petrol,Manual,First,13.24,102.57,5570.101,DUSTER PETROL RXL,RENAULT
2008,152000,Petrol,Manual,Second,13.5,130.0,2789.7,CIVIC 2006-2010 1.8 V MT,HONDA
2016,42700,Petrol,Manual,First,23.84,84.0,3347.64,TIAGO 1.2 REVOTRON XT,TATA
2014,60000,Diesel,Automatic,First,16.55,147.51,22317.6,A4 2.0 TDI,AUDI
2015,33195,Petrol,Manual,First,19.1,85.8,5821.174,SWIFT DZIRE VXI,MARUTI
2010,110000,Diesel,Manual,First,14.24,174.5,12739.63,FORTUNER 2.8 4WD MT,TOYOTA
2016,52000,Diesel,Automatic,First,15.26,203.2,32546.5,M-CLASS ML 250 CDI,MERCEDES-BENZ
2015,64399,Diesel,Manual,First,21.9,90.0,4668.097999999999,I20 MAGNA 1.4 CRDI,HYUNDAI
2015,55000,Petrol,Manual,First,21.5,81.8,2882.69,WAGON R VXI 1.2,MARUTI
2012,50000,Diesel,Manual,First,20.54,103.6,5114.45,VENTO DIESEL HIGHLINE,VOLKSWAGEN
2014,33485,Petrol,Manual,First,19.1,85.8,3338.341,SWIFT DZIRE VXI,MARUTI
2015,32000,Diesel,Manual,First,20.4,91.7,4324.035,LINEA EMOTION (DIESEL),FIAT
2009,71400,Petrol,Manual,Third,17.0,118.0,3533.62,CITY 1.5 V MT,HONDA
2016,41713,Diesel,Manual,First,19.67,126.2,11623.75,CRETA 1.6 SX PLUS DIESEL,HYUNDAI
2017,46000,Diesel,Manual,First,25.6,98.6,11995.710000000001,CITY I-DTEC ZX,HONDA
2015,52950,Petrol,Manual,First,14.0,35.0,2185.265,OMNI 8 SEATER BSIV,MARUTI
2015,29500,Petrol,Manual,First,20.4,81.8,3859.085,SWIFT LXI OPTION,MARUTI
2012,63888,Diesel,Automatic,First,14.0,224.0,20997.141999999996,M-CLASS ML 350 CDI CORPORATE,MERCEDES-BENZ
2016,60000,Petrol,Manual,First,24.7,47.3,2464.2349999999997,ALTO 800 2016-2019 LXI,MARUTI
2010,59196,Petrol,Manual,Second,15.6,70.0,2092.275,FIGO PETROL TITANIUM,FORD
2016,121362,Diesel,Manual,First,13.68,147.8,14878.4,INNOVA CRYSTA 2.4 G MT,TOYOTA
2013,78000,Diesel,Automatic,First,18.48,177.0,18133.05,5 SERIES 2003-2012 520D,BMW
2015,59000,Diesel,Automatic,First,13.01,194.3,19527.899999999998,SANTA FE 4WD AT,HYUNDAI
2012,95000,Diesel,Automatic,Second,22.48,190.0,16273.25,5 SERIES 520D LUXURY LINE,BMW
2010,84000,Diesel,Manual,Second,17.8,68.0,2241.059,FIESTA EXI 1.4 TDCI LTD,FORD
2012,58253,Diesel,Manual,Second,23.59,97.7,4138.055,ETIOS GD,TOYOTA
2014,64557,Diesel,Automatic,Second,12.7,187.7,27831.907,ROVER RANGE ROVER 2.2L PRESTIGE,LAND
2012,24500,Petrol,Manual,Second,18.3,97.7,2743.205,ETIOS LIVA V,TOYOTA
2009,68078,Petrol,Manual,First,19.7,46.3,948.498,ALTO LX,MARUTI
2009,149706,Diesel,Manual,First,11.5,171.0,10228.9,FORTUNER 3.0 DIESEL,TOYOTA
2004,215750,Diesel,Manual,Second,0.0,97.7,3254.65,QUALIS RS E2,TOYOTA
2013,25984,Petrol,Manual,First,15.8,110.0,4974.964999999999,ECOSPORT 1.5 TI VCT MT TITANIUM,FORD
2017,15544,Petrol,Manual,First,21.4,83.1,5253.935,BALENO SIGMA 1.2,MARUTI
2015,34000,Diesel,Automatic,First,23.8,112.0,20457.8,COOPER COUNTRYMAN D HIGH,MINI
2013,24000,Petrol,Automatic,First,17.01,121.4,5532.905,VERNA 1.6 VTVT EX AT,HYUNDAI
2011,95000,Diesel,Manual,Third,20.0,68.0,2185.265,FIGO DIESEL TITANIUM,FORD
2014,52000,Diesel,Manual,Second,25.8,98.6,3812.5899999999997,AMAZE S I-DTECH,HONDA
2012,135000,Diesel,Manual,First,19.01,108.45,5021.46,DUSTER 110PS DIESEL RXZ,RENAULT
2017,39000,Diesel,Manual,First,23.0,98.96,7857.654999999999,ECOSPORT 1.5 DIESEL TITANIUM,FORD
2013,45306,Diesel,Automatic,Second,11.2,241.0,39520.75,X6 XDRIVE30D,BMW
2010,140000,Diesel,Manual,First,14.24,174.5,9996.425,FORTUNER 2.8 4WD MT,TOYOTA
2010,55000,LPG,Manual,Second,13.45,62.1,1534.3349999999998,SANTRO XING GLS LPG,HYUNDAI
2015,67415,Diesel,Automatic,First,11.18,184.0,10256.796999999999,SSANGYONG REXTON RX7,MAHINDRA
2016,25562,Petrol,Manual,First,23.1,67.04,3254.65,CELERIO VXI,MARUTI
2016,30292,Petrol,Manual,First,18.6,81.83,5858.37,I20 SPORTZ 1.2,HYUNDAI
2014,84056,Petrol,Manual,First,18.88,123.24,6276.825,ECOSPORT 1.0 ECOBOOST TITANIUM PLUS,FORD
2017,62691,Diesel,Manual,First,26.21,88.5,6974.25,CIAZ VDI,MARUTI
2013,87000,Diesel,Automatic,First,17.11,174.33,14413.449999999999,A4 2.0 TDI 177 BHP PREMIUM PLUS,AUDI
2015,52513,Petrol,Manual,First,18.0,86.7,4324.035,AMAZE S I-VTECH,HONDA
2016,43983,Petrol,Automatic,First,15.63,110.4,7048.642,ECOSPORT 1.5 TI VCT AT TITANIUM,FORD
2013,90121,Petrol,Manual,First,20.92,67.1,2045.7800000000002,ALTO K10 2010-2014 VXI,MARUTI
2011,50000,Diesel,Automatic,Third,16.77,241.38,19527.899999999998,A6 3.0 TDI QUATTRO,AUDI
2011,42500,Diesel,Automatic,First,18.33,167.7,4881.974999999999,PASSAT DIESEL HIGHLINE 2.0 TDI,VOLKSWAGEN
2016,62192,Diesel,Manual,First,28.4,74.0,4854.0779999999995,SWIFT VDI,MARUTI
2011,128000,Diesel,Manual,Third,19.2,65.0,1859.8,LOGAN DIESEL 1.5 DLS,MAHINDRA
2018,38394,Petrol,Manual,First,21.56,103.25,8536.482,CIAZ ALPHA,MARUTI
2013,37287,Petrol,Manual,First,26.0,35.0,1618.0259999999998,NANO LX,TATA
2011,60000,Petrol,Automatic,First,16.8,118.0,4138.055,CITY 1.5 V AT,HONDA
2017,39419,Petrol,Manual,First,18.16,86.8,4603.005,FIGO 2015-2019 1.2P TREND MT,FORD
2014,55000,Diesel,Manual,First,22.54,88.73,5244.6359999999995,I20 SPORTZ 1.4 CRDI,HYUNDAI
2016,7000,Petrol,Manual,First,18.88,110.4,6416.31,ECOSPORT 1.5 TI VCT MT TITANIUM BE,FORD
2011,85000,Diesel,Automatic,First,16.55,147.51,12972.105,A4 2.0 TDI,AUDI
2013,51000,Diesel,Automatic,Second,20.58,143.0,15808.3,1 SERIES 118D SPORT LINE,BMW
2012,90000,Diesel,Manual,Second,13.93,138.03,4277.54,SAFARI DICOR 2.2 LX 4X2,TATA
2010,105000,Diesel,Manual,Second,12.05,120.0,4844.7789999999995,SCORPIO VLX 4WD AIRBAG BSIV,MAHINDRA
2017,36458,Petrol,Manual,First,15.29,121.3,11474.966,CRETA 1.6 SX PLUS DUAL TONE PETROL,HYUNDAI
2006,109000,Petrol,Manual,First,16.9,100.0,1394.85,CITY ZX VTEC,HONDA
2015,49000,Diesel,Automatic,First,17.05,184.0,21378.400999999998,X1 SDRIVE 20D SPORTLINE,BMW
2011,8000,Petrol,Automatic,First,9.0,97.7,39985.7,CAYMAN 2009-2012 S TIPTRONIC,PORSCHE
2010,45000,Diesel,Automatic,First,14.7,241.4,37196.0,ROVER RANGE ROVER SPORT 2005 2012 HSE,LAND
2008,68000,Petrol,Manual,Third,19.7,46.3,1115.8799999999999,ALTO LXI BSIII,MARUTI
2011,54000,Petrol,Automatic,First,19.2,80.0,2696.71,I10 ASTA SUNROOF AT,HYUNDAI
2016,28000,Petrol,Automatic,First,14.62,149.92,12925.61,ELANTRA 2.0 SX OPTION AT,HYUNDAI
2016,38500,Diesel,Manual,Second,28.09,88.5,7299.714999999999,CIAZ RS ZDI PLUS SHVS,MARUTI
2016,17738,Diesel,Automatic,First,15.3,258.0,50633.055,X5 XDRIVE 30D,BMW
2012,67132,Diesel,Manual,First,13.58,78.0,4417.025,TAVERA LT 9 STR BS IV,CHEVROLET
2011,47000,Diesel,Manual,First,20.64,108.5,3022.1749999999997,VENTO 1.5 TDI TRENDLINE,VOLKSWAGEN
2015,28005,Petrol,Manual,First,17.8,117.3,6602.289999999999,CITY I VTEC V,HONDA
2017,13000,Petrol,Manual,First,20.4,81.8,4324.035,SWIFT VXI BSIV,MARUTI
2012,67000,Diesel,Manual,First,19.33,138.1,4649.5,JETTA 2012-2014 2.0L TDI COMFORTLINE,VOLKSWAGEN
2015,50000,Petrol,Manual,First,18.6,81.83,4603.005,I20 SPORTZ 1.2,HYUNDAI
2014,55000,Diesel,Manual,First,15.1,140.0,9113.02,XUV500 W8 2WD,MAHINDRA
2019,9312,Diesel,Automatic,First,18.0,258.0,73276.12,E-CLASS E 350 D,MERCEDES-BENZ
2015,30458,Petrol,Manual,First,23.1,67.04,2780.4010000000003,CELERIO LXI,MARUTI
2014,46000,Petrol,Manual,First,15.04,103.2,4138.055,VENTO 1.6 HIGHLINE,VOLKSWAGEN
2011,50000,Petrol,Manual,Second,23.9,37.48,697.425,NANO XT,TATA
2016,36676,CNG,Manual,First,25.0,81.86,4649.5,XCENT 1.2 KAPPA S OPTION CNG,HYUNDAI
2014,72563,Diesel,Manual,Second,22.77,98.59,4649.5,ECOSPORT 1.5 TDCI TITANIUM,FORD
2015,67000,Petrol,Manual,First,16.1,97.7,4370.53,SWIFT 1.3 VXI ABS,MARUTI
2015,58239,Petrol,Automatic,First,14.62,149.92,9010.731,ELANTRA 2.0 SX OPTION AT,HYUNDAI
2015,57934,Diesel,Manual,First,18.2,73.74,5114.45,ENJOY 1.3 TCDI LTZ 8,CHEVROLET
2017,6500000,Diesel,Automatic,First,15.97,258.0,60443.5,X5 XDRIVE 30D M SPORT,BMW
2015,63000,Diesel,Manual,First,20.14,88.8,4751.789,POLO 1.5 TDI HIGHLINE,VOLKSWAGEN
2012,27014,Petrol,Manual,First,16.25,75.0,2036.481,FABIA 1.2 MPI AMBITION PLUS,SKODA
2012,90906,Diesel,Manual,First,20.54,103.6,3952.075,VENTO DIESEL COMFORTLINE,VOLKSWAGEN
2013,61202,Diesel,Automatic,First,11.18,184.0,13483.55,SSANGYONG REXTON RX7,MAHINDRA
2014,51000,Diesel,Manual,First,19.87,83.14,5253.935,TERRANO XL D OPTION,NISSAN
2016,88008,Diesel,Automatic,Second,12.9,174.5,20922.75,FORTUNER 2.8 2WD AT,TOYOTA
2007,55000,Petrol,Manual,Second,16.1,97.7,1627.325,SWIFT 1.3 VXI,MARUTI
2004,160000,Petrol,Automatic,Second,11.3,125.0,1394.85,COROLLA H4,TOYOTA
2012,42591,Petrol,Manual,First,20.36,78.9,2975.6800000000003,I10 SPORTZ,HYUNDAI
2012,67000,Diesel,Manual,First,23.0,90.0,4184.55,I20 1.4 CRDI SPORTZ,HYUNDAI
2014,48000,Diesel,Manual,Second,25.8,98.6,4184.55,AMAZE S I-DTECH,HONDA
2014,97000,Diesel,Automatic,First,22.32,126.32,7439.2,VERNA 1.6 SX CRDI (O) AT,HYUNDAI
2018,10000,Diesel,Automatic,First,17.9,136.0,26874.109999999997,GLA CLASS 200 D SPORT,MERCEDES-BENZ
2015,56900,Diesel,Manual,First,20.14,88.8,3812.5899999999997,POLO 1.5 TDI TRENDLINE,VOLKSWAGEN
2006,74483,Petrol,Automatic,First,0.0,97.7,2138.77,SANTRO AT,HYUNDAI
2017,36152,Petrol,Automatic,First,21.4,83.1,6713.878,BALENO ZETA AUTOMATIC,MARUTI
2014,85512,Diesel,Manual,First,22.9,74.0,5393.42,SWIFT VDI,MARUTI
2013,234000,Diesel,Manual,Second,14.0,95.0,3254.65,XYLO D2 BSIV,MAHINDRA
2013,36000,Diesel,Manual,Second,22.7,89.84,5904.865,ECOSPORT 1.5 DV5 MT TREND,FORD
2015,36096,Diesel,Manual,First,15.1,140.0,8229.615,XUV500 W8 2WD,MAHINDRA
2010,111111,Petrol,Manual,Second,18.6,79.4,1859.8,BEAT LS,CHEVROLET
2012,73000,Petrol,Manual,First,17.01,121.3,5114.45,VERNA 1.6 VTVT,HYUNDAI
2014,44300,Petrol,Manual,Second,18.9,82.0,2138.77,GRAND I10 ASTA,HYUNDAI
2014,74500,Diesel,Manual,First,19.01,108.45,7392.705,DUSTER 110PS DIESEL RXZ,RENAULT
2016,21495,Petrol,Manual,First,19.1,81.86,5728.184,XCENT 1.2 KAPPA S OPTION,HYUNDAI
2012,59000,Petrol,Manual,First,20.36,78.9,2650.215,I10 SPORTZ,HYUNDAI
2016,23000,Petrol,Automatic,First,13.7,183.0,23247.5,GLA CLASS 200 SPORT EDITION,MERCEDES-BENZ
2008,50135,Diesel,Manual,First,15.8,170.0,9633.764,NEW C-CLASS 220 CDI MT,MERCEDES-BENZ
2016,25000,Petrol,Automatic,First,15.04,183.0,24177.399999999998,CLA 200 SPORT EDITION,MERCEDES-BENZ
2013,47000,Diesel,Manual,First,22.32,126.32,4045.0649999999996,VERNA 1.6 SX CRDI (O),HYUNDAI
2016,150000,Diesel,Manual,First,14.95,93.7,4184.55,XYLO D2 MAXX,MAHINDRA
2015,53503,Diesel,Manual,First,26.59,74.0,4649.5,SWIFT DZIRE LDI,MARUTI
2014,47003,Petrol,Manual,First,20.36,78.9,3412.7329999999997,I10 SPORTZ,HYUNDAI
2014,80000,Diesel,Manual,First,14.0,138.1,5579.4,SAFARI STORME EXPLORER EDITION,TATA
2018,20492,Petrol,Manual,First,18.9,82.0,5895.566,GRAND I10 ASTA,HYUNDAI
2012,17000,Petrol,Automatic,Second,16.82,189.08,20457.8,COOPER CONVERTIBLE S,MINI
2006,79000,Petrol,Manual,Second,13.4,125.0,1552.933,COROLLA H5,TOYOTA
2014,27000,Petrol,Manual,First,14.28,138.03,7392.705,COROLLA ALTIS G MT,TOYOTA
2018,28786,Petrol,Manual,First,10.4,163.5,9057.226,GRAND VITARA 2.4 MT,MARUTI
2011,143354,Diesel,Manual,Second,16.0,140.0,5579.4,XUV500 W8 1.99 MHAWK,MAHINDRA
2008,56000,Petrol,Manual,Second,19.5,97.7,1394.85,ESTILO LXI,MARUTI
2013,21000,Petrol,Automatic,First,17.44,189.08,19992.85,COOPER 3 DOOR S,MINI
2014,29202,CNG,Manual,First,33.54,67.04,3626.6099999999997,WAGON R CNG LXI,MARUTI
2009,73000,Diesel,Manual,Second,21.1,73.9,2185.265,RITZ VDI,MARUTI
2012,74000,Diesel,Manual,Second,22.07,73.9,2464.2349999999997,POLO DIESEL COMFORTLINE 1.2L,VOLKSWAGEN
2011,65423,Petrol,Manual,First,20.36,78.9,2938.484,I10 MAGNA,HYUNDAI
2009,65000,Petrol,Manual,Second,19.0,66.1,1906.2949999999998,A-STAR VXI,MARUTI
2013,83875,CNG,Manual,Second,26.6,58.16,2743.205,WAGON R LXI CNG,MARUTI
2014,55277,Petrol,Manual,First,20.51,67.04,3626.6099999999997,WAGON R STINGRAY LXI,MARUTI
2017,50808,Diesel,Manual,Second,24.2,98.6,6211.732,MOBILIO S I DTEC,HONDA
2017,52000,Petrol,Manual,Second,21.1,55.2,3254.65,EON ERA PLUS,HYUNDAI
2017,32000,Petrol,Automatic,First,14.84,103.52,7541.489,RAPID 1.6 MPI AT AMBITION,SKODA
2017,25000,Diesel,Manual,First,28.09,88.5,7718.17,CIAZ VDI PLUS SHVS,MARUTI
2016,23218,Diesel,Automatic,First,15.26,203.2,42412.739,M-CLASS ML 250 CDI,MERCEDES-BENZ
2010,84000,Diesel,Automatic,First,20.0,138.1,4138.055,LAURA ELEGANCE 2.0 TDI CR AT,SKODA
2017,40000,Diesel,Manual,First,24.3,88.5,7299.714999999999,VITARA BREZZA VDI OPTION,MARUTI
2011,17000,LPG,Manual,First,13.45,62.1,2882.69,SANTRO XING GLS LPG,HYUNDAI
2014,25135,Diesel,Manual,First,24.0,70.0,3487.125,GRAND I10 CRDI SPORTZ,HYUNDAI
2017,65000,Diesel,Manual,First,25.47,88.5,7113.735000000001,ERTIGA VDI,MARUTI
2013,40000,Petrol,Manual,First,17.0,80.0,4556.51,I20 1.2 SPORTZ,HYUNDAI
2018,24500,Diesel,Automatic,First,16.0,140.0,15361.947999999999,XUV500 AT W10 FWD,MAHINDRA
2016,56674,Petrol,Automatic,First,13.7,157.75,13065.095000000001,SUPERB ELEGANCE 1.8 TSI AT,SKODA
2016,51950,Petrol,Manual,First,20.73,91.1,6276.825,CIAZ VXI PLUS,MARUTI
2016,51000,Diesel,Manual,First,19.67,126.2,8555.08,CRETA 1.6 CRDI SX,HYUNDAI
2012,150000,Diesel,Manual,Third,23.59,97.7,2789.7,ETIOS GD,TOYOTA
2008,114750,Petrol,Manual,Second,17.0,118.0,2557.225,CITY 1.5 S MT,HONDA
2016,107890,Diesel,Manual,First,13.5,157.7,19062.95,ENDEAVOUR 2.2 TREND MT 4X4,FORD
2012,64000,Diesel,Manual,First,21.9,90.0,3952.075,I20 2015-2017 1.4 MAGNA ABS,HYUNDAI
2016,21460,Petrol,Manual,First,17.0,121.36,5579.4,ECOSPORT 1.5 PETROL TREND,FORD
2015,29634,Petrol,Manual,Second,17.0,80.0,5579.4,I20 1.2 SPORTZ,HYUNDAI
2008,52000,Petrol,Manual,First,16.1,88.2,2241.059,SWIFT VXI BSIII,MARUTI
2015,33000,Petrol,Automatic,First,19.0,88.7,6741.775,JAZZ V CVT,HONDA
2014,89230,Diesel,Manual,First,11.1,200.0,21992.135,XC90 2007-2015 D5 AWD,VOLVO
2016,27000,Petrol,Manual,First,21.4,83.1,6044.349999999999,BALENO ALPHA 1.2,MARUTI
2017,72524,Diesel,Automatic,Second,17.9,136.0,16793.994,GLA CLASS 200 CDI SPORT,MERCEDES-BENZ
2016,73000,Petrol,Manual,First,25.17,53.3,2975.6800000000003,KWID RXT,RENAULT
2017,21740,Petrol,Manual,First,18.16,86.8,5969.958,FIGO 2015-2019 1.2P TITANIUM OPT MT,FORD
2015,59000,Diesel,Manual,First,13.0,168.5,21387.7,FORTUNER 4X2 MANUAL,TOYOTA
2013,83432,Petrol,Manual,First,17.0,118.0,5486.41,CITY 1.5 S MT,HONDA
2014,87200,Diesel,Manual,First,15.4,75.0,7206.724999999999,SCORPIO S2 7 SEATER,MAHINDRA
2012,88000,Diesel,Automatic,First,13.2,170.0,13948.5,3 SERIES 320D,BMW
2017,48324,Diesel,Manual,First,24.3,88.5,8369.1,VITARA BREZZA ZDI PLUS,MARUTI
2011,51000,Petrol,Automatic,First,11.74,186.0,10693.85,NEW C-CLASS C 200 CGI ELEGANCE,MERCEDES-BENZ
2012,24000,Petrol,Manual,Second,17.01,121.3,5765.38,VERNA 1.6 VTVT,HYUNDAI
2017,20773,Diesel,Manual,First,24.0,73.97,5505.008,GRAND I10 1.2 CRDI SPORTZ,HYUNDAI
2016,22000,Diesel,Manual,First,20.14,88.0,5849.071,POLO 1.5 TDI HIGHLINE,VOLKSWAGEN
2014,66355,Petrol,Manual,First,18.0,86.7,3831.188,AMAZE S I-VTECH,HONDA
2007,115800,Petrol,Automatic,Third,10.1,152.0,3533.62,CR-V 2.4 AT,HONDA
2014,41125,Petrol,Manual,First,17.92,62.1,2510.73,SANTRO XING GL PLUS,HYUNDAI
2017,43812,Diesel,Automatic,First,15.0,107.3,18858.372,B CLASS B200 CDI,MERCEDES-BENZ
2014,69876,Petrol,Manual,First,18.0,86.7,3626.6099999999997,AMAZE S I-VTECH,HONDA
2014,102000,Diesel,Automatic,Second,12.55,168.5,15343.35,FORTUNER 4X2 AT,TOYOTA
2011,68000,Petrol,Manual,First,17.01,121.3,3440.63,VERNA 1.6 VTVT,HYUNDAI
2016,12000,Diesel,Automatic,First,10.5,271.23,73462.09999999999,XJ 3.0L PORTFOLIO,JAGUAR
2013,25000,Diesel,Automatic,First,22.69,190.0,16728.900999999998,3 SERIES 320D,BMW
2013,51873,Diesel,Manual,First,21.9,88.76,3626.6099999999997,I20 MAGNA 1.4 CRDI (DIESEL),HYUNDAI
2012,72500,Diesel,Manual,First,18.5,68.0,2901.288,FIGO DIESEL EXI OPTION,FORD
2007,83000,Petrol,Manual,First,14.0,64.0,1534.3349999999998,WAGON R LXI BSIII,MARUTI
2015,39871,Petrol,Manual,First,19.1,81.86,3254.65,XCENT 1.2 KAPPA S OPTION,HYUNDAI
2015,82000,Diesel,Manual,Second,14.02,118.3,4510.014999999999,XYLO H4,MAHINDRA
2018,23152,Diesel,Automatic,First,19.27,167.62,36470.678,NEW C-CLASS C 220D AVANTGARDE EDITION C,MERCEDES-BENZ
2007,71600,Petrol,Manual,Second,20.36,78.9,1859.8,I10 MAGNA,HYUNDAI
2010,122000,Diesel,Manual,Second,11.5,171.0,9717.455,FORTUNER 3.0 DIESEL,TOYOTA
2016,29277,Petrol,Automatic,First,19.16,158.2,25107.3,CAMRY HYBRID,TOYOTA
2011,60000,Diesel,Manual,First,20.0,68.0,2092.275,FIGO DIESEL ZXI,FORD
2014,42000,Petrol,Manual,First,19.1,81.86,3208.155,XCENT 1.2 KAPPA S OPTION,HYUNDAI
2016,61823,Petrol,Manual,First,18.6,81.83,5709.585999999999,I20 SPORTZ 1.2,HYUNDAI
2012,53000,LPG,Manual,Second,19.2,68.05,2650.215,I10 MAGNA LPG,HYUNDAI
2015,75000,CNG,Manual,First,24.6,55.23,3022.1749999999997,INDIGO CS EMAX CNG GLX,TATA
2011,110000,Diesel,Manual,First,28.4,73.75,3719.6,DZIRE VDI,MARUTI
2010,38446,Petrol,Manual,First,17.0,118.0,2408.441,CITY 1.5 S MT,HONDA
2017,33000,Diesel,Manual,First,27.39,74.0,6472.103999999999,BALENO DELTA 1.3,MARUTI
2011,42118,Petrol,Manual,First,18.3,97.7,2036.481,ETIOS LIVA G,TOYOTA
2016,70000,Petrol,Manual,First,21.1,55.2,2789.7,EON ERA PLUS,HYUNDAI
2012,68038,Diesel,Manual,First,20.14,88.0,3347.64,POLO 1.5 TDI HIGHLINE,VOLKSWAGEN
2014,55012,Diesel,Manual,Second,25.44,57.6,3440.63,BEAT DIESEL LS,CHEVROLET
2013,55000,Diesel,Automatic,First,22.48,190.0,20225.325,5 SERIES 520D LUXURY LINE,BMW
2017,25000,Diesel,Automatic,First,17.9,170.0,41845.5,GLC 220D 4MATIC SPORT,MERCEDES-BENZ
2011,46808,Petrol,Manual,Second,24.07,67.1,2966.381,ALTO K10 VXI,MARUTI
2015,65743,Petrol,Manual,First,20.14,81.86,5765.38,XCENT 1.2 VTVT S,HYUNDAI
2013,64466,Petrol,Manual,First,19.81,68.05,3682.404,I10 MAGNA 1.1,HYUNDAI
2009,75648,Diesel,Manual,First,13.5,97.7,762.5179999999999,INDICA DLS,TATA
2016,80000,Diesel,Manual,First,23.4,74.0,4184.55,SWIFT DZIRE TOUR LDI,MARUTI
2017,69000,Diesel,Manual,First,25.4,73.97,3301.1449999999995,XCENT 1.2 CRDI E PLUS,HYUNDAI
2014,79200,Diesel,Manual,First,22.71,84.8,5114.45,SUNNY DIESEL XV,NISSAN
2016,29477,Petrol,Manual,First,15.8,121.3,9531.475,CRETA 1.6 SX OPTION,HYUNDAI
2017,40000,Diesel,Automatic,First,12.9,174.5,27897.0,FORTUNER 2.8 2WD AT,TOYOTA
2014,25000,Petrol,Manual,Second,18.5,85.8,3254.65,RITZ VXI,MARUTI
2014,67668,Diesel,Manual,First,23.08,63.12,2882.69,PULSE RXL,RENAULT
2010,78000,Petrol,Manual,First,17.5,75.0,3022.1749999999997,FABIA 1.2 MPI AMBIENTE PETROL,SKODA
2017,30000,Diesel,Manual,First,23.0,98.96,8359.801,ECOSPORT 1.5 DIESEL TITANIUM,FORD
2015,70623,Petrol,Manual,First,15.04,103.6,3710.301,VENTO PETROL COMFORTLINE,VOLKSWAGEN
2015,54000,Diesel,Manual,Second,19.01,108.5,5579.4,TERRANO XV 110 PS,NISSAN
2015,48000,Diesel,Automatic,First,15.73,174.33,16970.675,Q3 2012-2015 35 TDI QUATTRO PREMIUM,AUDI
2012,62000,Diesel,Manual,First,12.99,100.0,7206.724999999999,INNOVA 2.5 GX (DIESEL) 7 SEATER,TOYOTA
2017,47000,Petrol,Manual,Second,17.57,88.7,4184.55,ZEST REVOTRON 1.2T XE,TATA
2014,171000,Diesel,Manual,First,11.5,171.0,15575.824999999999,FORTUNER 3.0 DIESEL,TOYOTA
2012,108000,Diesel,Automatic,First,16.09,184.0,16273.25,X3 XDRIVE20D,BMW
2016,41000,Diesel,Manual,First,22.7,118.0,7160.23,SX4 S CROSS DDIS 320 ZETA,MARUTI
2012,66000,Petrol,Manual,Second,17.0,118.0,4138.055,CITY 1.5 S MT,HONDA
2015,144000,Diesel,Manual,First,26.59,74.0,4881.974999999999,SWIFT DZIRE LDI,MARUTI
2017,23806,Diesel,Automatic,First,22.69,190.0,31300.433999999997,3 SERIES 320D M SPORT,BMW
2013,89000,Petrol,Automatic,Second,19.34,76.0,2603.72,MICRA XV CVT,NISSAN
2018,38852,Petrol,Automatic,First,21.4,83.1,7876.253000000001,BALENO ZETA AUTOMATIC,MARUTI
2018,68737,Diesel,Manual,First,26.21,88.5,8666.668,CIAZ ZDI PLUS,MARUTI
2017,23106,Diesel,Automatic,First,17.9,136.0,25507.157,CLA 200 CDI STYLE,MERCEDES-BENZ
2015,31250,Diesel,Manual,First,24.5,98.6,6044.349999999999,MOBILIO RS I DTEC,HONDA
2014,77795,Diesel,Manual,First,12.99,100.6,8834.05,INNOVA 2.5 GX (DIESEL) 8 SEATER,TOYOTA
2015,47759,Diesel,Automatic,First,14.74,270.9,29570.82,XF 3.0 LITRE S PREMIUM LUXURY,JAGUAR
2013,67620,Petrol,Manual,Second,17.6,88.8,3905.58,ETIOS PETROL TRD SPORTIVO,TOYOTA
2013,44378,Diesel,Manual,First,25.44,57.6,3580.115,BEAT DIESEL LS,CHEVROLET
2012,64709,Petrol,Manual,Second,12.8,177.6,5579.4,ACCORD 2.4 M/T,HONDA
2007,76161,Petrol,Manual,First,19.7,46.3,1534.3349999999998,ALTO LXI,MARUTI
2013,58410,Diesel,Automatic,First,19.3,141.0,13483.55,OCTAVIA AMBITION 2.0 TDI AT,SKODA
2011,72000,Diesel,Manual,First,12.8,102.0,6602.289999999999,INNOVA 2.5 V DIESEL 7-SEATER,TOYOTA
2016,11000,Diesel,Automatic,First,17.11,174.33,26037.2,A4 35 TDI PREMIUM SPORT,AUDI
2017,45362,Diesel,Manual,First,24.3,88.5,8722.462000000001,VITARA BREZZA ZDI PLUS DUAL TONE,MARUTI
2016,59767,Petrol,Manual,First,18.9,82.0,4444.9220000000005,GRAND I10 SPORTZ,HYUNDAI
2003,70000,Petrol,Manual,Second,13.4,125.0,1580.83,COROLLA DX,TOYOTA
2019,14233,Diesel,Automatic,First,17.6,153.86,16598.715,HEXA XTA,TATA
2010,72000,Petrol,Manual,Second,17.0,80.0,2557.225,I20 2015-2017 1.2 ASTA,HYUNDAI
2014,11000,Petrol,Manual,First,17.01,121.3,5532.905,VERNA 1.6 SX VTVT,HYUNDAI
2011,39000,Petrol,Manual,First,14.0,35.0,1394.85,OMNI 8 SEATER BSIV,MARUTI
2019,19855,Petrol,Manual,First,24.7,47.3,3533.62,ALTO 800 2016-2019 VXI,MARUTI
2017,20149,Diesel,Automatic,First,19.27,167.62,35801.15,NEW C-CLASS C 220D AVANTGARDE EDITION C,MERCEDES-BENZ
2011,70000,Petrol,Manual,First,19.81,68.05,1999.2849999999999,I10 ERA 1.1,HYUNDAI
2010,62004,Petrol,Automatic,Second,14.67,177.46,3487.125,SUPERB STYLE 1.8 TSI AT,SKODA
2016,25500,Diesel,Automatic,First,21.5,108.5,8322.605,VENTO 1.5 TDI HIGHLINE AT,VOLKSWAGEN
2013,68800,Diesel,Manual,First,17.8,97.7,4649.5,SWIFT VDI BSIV,MARUTI
2010,61700,Petrol,Manual,First,14.8,130.2,2743.205,CIVIC 2010-2013 1.8 V MT,HONDA
2010,59660,Petrol,Automatic,First,12.05,154.0,9754.651,3 SERIES 320I SEDAN,BMW
2007,69775,Petrol,Manual,Second,17.92,62.1,1720.315,SANTRO XING GLS,HYUNDAI
2016,51787,Diesel,Manual,First,17.8,97.7,5997.8550000000005,SWIFT VDI BSIV,MARUTI
2009,88000,Petrol,Automatic,First,11.1,142.0,4881.974999999999,ACCORD 2001-2003 2.3 VTI L AT,HONDA
2014,47052,Diesel,Manual,First,20.77,88.76,5570.101,ERTIGA VDI,MARUTI
2015,69749,Diesel,Manual,First,18.6,67.0,3552.218,FIESTA CLASSIC 1.4 DURATORQ LXI,FORD
2012,79000,Diesel,Automatic,First,12.07,241.4,36266.1,Q7 3.0 TDI QUATTRO PREMIUM PLUS,AUDI
2016,39644,Diesel,Automatic,First,17.11,174.33,23944.925,A4 35 TDI PREMIUM,AUDI
2012,137800,Diesel,Manual,First,22.3,74.0,2045.7800000000002,INDICA VISTA QUADRAJET VX,TATA
2008,120000,Diesel,Manual,Second,18.1,110.0,1859.8,VERNA CRDI ABS,HYUNDAI
2018,11000,Diesel,Automatic,First,16.1,194.0,52539.35,E-CLASS E 220 D,MERCEDES-BENZ
2014,18600,Diesel,Automatic,Second,22.69,190.0,19527.899999999998,3 SERIES 320D LUXURY LINE,BMW
2014,116905,Diesel,Manual,First,24.0,70.0,3719.6,GRAND I10 CRDI ASTA,HYUNDAI
2011,32824,Petrol,Automatic,First,16.95,78.9,3561.517,I10 SPORTZ AT,HYUNDAI
2016,19148,Petrol,Manual,First,16.1,85.0,5477.111,SWIFT VXI BSIV,MARUTI
2010,35008,Petrol,Manual,First,17.92,62.1,1264.664,SANTRO XING GLS,HYUNDAI
2013,21000,Diesel,Automatic,Second,17.54,313.0,40915.6,6 SERIES GRAN COUPE,BMW
2014,53000,CNG,Manual,First,22.1,85.7,3031.4739999999997,SX4 GREEN VXI (CNG),MARUTI
2016,36000,Petrol,Manual,First,17.43,105.5,7439.2,VERNA 1.4 VTVT,HYUNDAI
2012,56121,Diesel,Manual,First,23.4,74.0,3952.075,SWIFT DZIRE ZDI,MARUTI
2018,30000,Diesel,Manual,First,28.4,74.0,5579.4,SWIFT VDI,MARUTI
2016,31021,Diesel,Automatic,First,19.5,141.0,15445.639,OCTAVIA 2.0 TDI AT STYLE PLUS,SKODA
2013,52600,Diesel,Manual,First,19.6,108.45,6751.074,DUSTER 110PS DIESEL RXL,RENAULT
2005,60000,Diesel,Manual,First,10.5,120.0,3719.6,SCORPIO 2.6 CRDE,MAHINDRA
2016,44001,Diesel,Automatic,First,18.12,190.0,32090.849,5 SERIES 2013-2017 520D LUXURY LINE,BMW
2003,101000,Petrol,Manual,Third,17.3,64.0,883.405,WAGON R VXI BSIII,MARUTI
2007,84169,Petrol,Manual,First,14.0,64.0,2045.7800000000002,WAGON R LXI BSIII,MARUTI
2017,14001,Petrol,Manual,First,18.6,81.83,5346.925,I20 SPORTZ 1.2,HYUNDAI
2005,100000,CNG,Manual,Third,17.0,97.7,1115.8799999999999,SANTRO XING XO CNG,HYUNDAI
2016,59000,Diesel,Automatic,First,18.0,255.0,34173.825,ROVER DISCOVERY SE 3.0 TD6,LAND
2009,29000,Petrol,Automatic,Second,11.7,178.0,9299.0,NEW C-CLASS 230 AVANTGARDE,MERCEDES-BENZ
2014,64158,Diesel,Automatic,First,18.48,97.7,16635.911,5 SERIES 520D SEDAN,BMW
2012,38800,Diesel,Manual,First,21.64,84.8,3766.095,SUNNY 2011-2014 DIESEL XV,NISSAN
2011,98000,Diesel,Automatic,First,12.07,241.4,20457.8,Q7 3.0 TDI QUATTRO,AUDI
2017,20969,Diesel,Automatic,First,17.9,136.0,25916.313000000002,CLA 200 CDI SPORT,MERCEDES-BENZ
2018,2900,Diesel,Manual,First,24.3,88.5,8136.625,VITARA BREZZA ZDI,MARUTI
2016,69000,Diesel,Manual,First,19.3,73.9,4454.221,SWIFT DZIRE VDI BSIV,MARUTI
2018,5833,Diesel,Manual,First,21.13,108.4,11084.408,RAPID 1.5 TDI AMBITION,SKODA
2016,28733,Diesel,Automatic,Second,12.07,241.4,49386.989,Q7 35 TDI QUATTRO TECHNOLOGY,AUDI
2006,145000,Petrol,Manual,First,18.9,67.1,1069.385,WAGON R LXI,MARUTI
2014,71000,Diesel,Manual,First,25.1,98.6,6927.755,CITY I DTEC VX OPTION,HONDA
2017,12000,Petrol,Manual,First,21.1,55.2,3254.65,EON MAGNA PLUS,HYUNDAI
2018,21603,Diesel,Automatic,First,13.0,265.0,65232.485,E-CLASS 2015-2017 E350 CDI AVANTGRADE,MERCEDES-BENZ
2011,65000,Petrol,Manual,Second,0.0,97.7,2929.185,SANTRO GLS II - EURO II,HYUNDAI
2013,58000,Diesel,Automatic,First,13.2,170.0,18133.05,3 SERIES 320D,BMW
2012,39000,Petrol,Automatic,Second,12.05,154.0,13948.5,3 SERIES 318I SEDAN,BMW
2017,37712,Diesel,Manual,First,17.45,100.0,7039.343,NUVOSPORT N8,MAHINDRA
2012,68000,Petrol,Manual,First,18.5,85.8,4091.5600000000004,RITZ VXI,MARUTI
2016,25000,Diesel,Automatic,First,15.87,308.43,55794.0,X6 XDRIVE 40D M SPORT,BMW
2010,30000,Petrol,Manual,First,18.6,79.4,1487.8400000000001,BEAT LT,CHEVROLET
2014,68218,Petrol,Manual,First,19.1,85.8,4556.51,SWIFT DZIRE VXI,MARUTI
2014,52000,Diesel,Manual,First,20.77,88.8,5532.905,ERTIGA ZDI,MARUTI
2015,63591,Diesel,Manual,First,20.45,83.8,4974.964999999999,DUSTER 85PS DIESEL RXL,RENAULT
2014,57937,Petrol,Automatic,First,15.5,86.7,5021.46,AMAZE VX AT I-VTECH,HONDA
2015,21979,Diesel,Automatic,First,17.11,174.33,21806.155,A4 2.0 TDI PREMIUM SPORT LIMITED EDITION,AUDI
2002,99000,Diesel,Manual,Second,18.7,66.0,1766.81,OCTAVIA AMBIENTE 1.9 TDI MT,SKODA
2016,62000,Diesel,Manual,First,25.8,98.6,5672.389999999999,AMAZE E I-DTECH,HONDA
2006,127001,Diesel,Manual,First,12.8,102.0,4603.005,INNOVA 2.5 EV DIESEL MS 8 STR BSIII,TOYOTA
2013,84600,Petrol,Manual,Second,21.1,55.2,2324.75,EON D LITE PLUS,HYUNDAI
2018,30953,Petrol,Manual,First,22.7,53.64,3236.0519999999997,REDI-GO T OPTION,DATSUN
2012,78000,Diesel,Manual,First,22.9,74.0,4091.5600000000004,SWIFT VDI,MARUTI
2008,85000,Diesel,Manual,First,9.5,118.6,7429.901,PAJERO 2.8 GLX SPORTS,MITSUBISHI
2008,79000,Diesel,Automatic,First,13.1,215.0,10219.601,S80 D5,VOLVO
2014,79000,Diesel,Automatic,First,12.55,168.5,17203.149999999998,FORTUNER 4X2 AT,TOYOTA
2018,48188,Diesel,Manual,First,16.3,170.0,20169.531,COMPASS 2.0 LIMITED 4X4,JEEP
2014,67557,Diesel,Manual,First,23.4,74.0,4807.583,SWIFT DZIRE VDI,MARUTI
2011,103814,Diesel,Manual,Second,22.32,126.32,4184.55,VERNA 1.6 SX,HYUNDAI
2014,45128,Diesel,Manual,First,12.05,120.0,6276.825,SCORPIO VLX 2WD BSIV,MAHINDRA
2013,56075,Petrol,Manual,First,19.81,68.05,2901.288,I10 ERA,HYUNDAI
2011,166000,Diesel,Manual,First,12.99,100.6,7671.675,INNOVA 2.5 G (DIESEL) 8 SEATER,TOYOTA
2017,65367,Diesel,Automatic,First,11.36,171.5,18728.186,INNOVA CRYSTA 2.8 ZX AT,TOYOTA
2013,114708,Diesel,Manual,First,12.99,100.0,11716.74,INNOVA 2.5 G (DIESEL) 8 SEATER,TOYOTA
2015,35082,Diesel,Manual,First,23.4,74.0,6146.639,SWIFT DZIRE ZDI,MARUTI
2016,38593,Diesel,Automatic,First,17.01,126.2,12302.577,CRETA 1.6 CRDI AT SX PLUS,HYUNDAI
2008,70700,Diesel,Manual,First,12.99,100.0,4417.025,INNOVA 2.5 G (DIESEL) 8 SEATER BS IV,TOYOTA
2011,83000,Diesel,Manual,Second,20.54,103.6,2696.71,VENTO DIESEL HIGHLINE,VOLKSWAGEN
2015,120000,Diesel,Manual,First,14.8,80.0,5114.45,TAVERA LS B3 10 SEATS BSIII,CHEVROLET
2014,91586,Diesel,Automatic,Second,11.18,184.0,8806.153,SSANGYONG REXTON RX7,MAHINDRA
2008,38235,Petrol,Manual,First,20.36,78.9,1813.3049999999998,I10 MAGNA,HYUNDAI
2011,37000,Petrol,Manual,First,20.36,78.9,2045.7800000000002,I10 SPORTZ 1.2,HYUNDAI
2006,50888,Petrol,Manual,First,17.0,97.7,1069.385,SANTRO XING XG ERLX EURO III,HYUNDAI
2013,44000,Petrol,Manual,Second,18.0,86.7,4045.0649999999996,AMAZE S I-VTECH,HONDA
2016,54000,Petrol,Automatic,First,23.1,67.04,4184.55,CELERIO ZXI AT,MARUTI
2013,90000,Petrol,Manual,First,18.9,82.0,3301.1449999999995,GRAND I10 ASTA,HYUNDAI
2015,35000,Diesel,Manual,First,19.3,73.9,4417.025,SWIFT DZIRE VDI,MARUTI
2012,47324,Petrol,Manual,Second,20.36,78.9,4203.147999999999,I10 SPORTZ,HYUNDAI
2012,65148,Diesel,Automatic,First,15.06,177.0,11856.225,X1 SDRIVE 20D EXCLUSIVE,BMW
2014,57773,Diesel,Automatic,Second,17.11,174.33,18635.196,A4 2.0 TDI 177 BHP PREMIUM PLUS,AUDI
2014,87000,Diesel,Manual,First,20.45,83.8,6044.349999999999,TERRANO XL 85 PS,NISSAN
2007,179032,Diesel,Manual,First,11.56,199.3,6974.25,MONTERO 3.2 GLS,MITSUBISHI
2016,8000,Petrol,Automatic,First,22.5,67.0,3859.085,WAGON R VXI AMT,MARUTI
2007,77000,Petrol,Manual,First,13.5,130.0,2324.75,CIVIC 2006-2010 1.8 (E) MT,HONDA
2016,20600,Petrol,Manual,First,18.6,81.83,5021.46,I20 2015-2017 MAGNA 1.2,HYUNDAI
2016,13198,Petrol,Manual,First,24.07,67.1,2929.185,ALTO K10 VXI,MARUTI
2015,21000,Diesel,Automatic,Second,12.07,241.4,48819.75,Q7 35 TDI QUATTRO TECHNOLOGY,AUDI
2016,38000,Petrol,Manual,First,18.6,81.83,5532.905,I20 SPORTZ OPTION 1.2,HYUNDAI
2019,15379,Petrol,Automatic,First,23.84,83.83,6481.402999999999,TIAGO AMT 1.2 REVOTRON XZA,TATA
2011,60000,Petrol,Manual,First,20.36,78.9,2975.6800000000003,I10 SPORTZ 1.2,HYUNDAI
2007,70000,Petrol,Manual,First,0.0,97.7,1041.488,SANTRO XING XP,HYUNDAI
2013,75371,Diesel,Manual,First,20.46,83.8,6221.031,DUSTER 85PS DIESEL RXL OPTIONAL,RENAULT
2014,60000,Diesel,Manual,Second,13.49,138.03,5486.41,XENON XT EX 4X4,TATA
2009,30675,Petrol,Manual,First,18.5,80.0,2092.275,I20 MAGNA,HYUNDAI
2013,22000,Diesel,Manual,First,23.4,74.0,4184.55,SWIFT DZIRE VDI,MARUTI
2015,55000,Petrol,Manual,First,22.0,55.0,2427.0389999999998,EON MAGNA,HYUNDAI
2010,74213,Diesel,Automatic,First,14.84,170.0,10693.85,NEW C-CLASS 220 CDI AT,MERCEDES-BENZ
2016,15000,Petrol,Automatic,First,16.82,189.08,32546.5,COOPER CONVERTIBLE S,MINI
2010,57000,Petrol,Manual,First,26.0,35.0,464.95,NANO CX,TATA
2015,62144,Diesel,Manual,Second,26.21,88.5,5346.925,CIAZ ZDI PLUS,MARUTI
2017,50000,Diesel,Manual,First,22.0,126.2,10693.85,VERNA CRDI 1.6 SX OPTION,HYUNDAI
2015,38000,Petrol,Manual,First,21.1,55.2,2557.225,EON ERA PLUS,HYUNDAI
2016,30000,Diesel,Automatic,Second,18.12,190.0,29291.85,5 SERIES 2013-2017 520D LUXURY LINE,BMW
2016,38735,Petrol,Manual,First,19.4,86.8,4575.108,BRIO S MT,HONDA
2012,23598,Diesel,Manual,First,23.2,73.94,3273.248,RITZ VDI,MARUTI
2014,70000,Diesel,Automatic,First,18.88,184.0,16319.745,3 SERIES 320D PRESTIGE,BMW
2016,39000,Diesel,Manual,First,26.59,74.0,5393.42,SWIFT DZIRE LDI,MARUTI
2013,84175,Diesel,Manual,First,23.4,74.0,6462.805,SWIFT DZIRE VDI,MARUTI
2013,45000,Petrol,Manual,First,16.95,97.6,2231.7599999999998,SCALA RXL,RENAULT
2013,59302,Diesel,Automatic,First,14.39,163.7,4881.974999999999,CRUZE LTZ AT,CHEVROLET
2012,55002,Petrol,Manual,First,17.5,85.8,3952.075,SWIFT DZIRE ZXI,MARUTI
2008,128813,Diesel,Manual,First,19.09,69.0,1394.85,INDIGO CS LX (TDI) BS III,TATA
2016,46522,Diesel,Manual,First,24.0,70.0,4184.55,GRAND I10 CRDI SPORTZ,HYUNDAI
2014,180000,Diesel,Manual,First,22.3,74.0,2324.75,INDICA VISTA QUADRAJET LS,TATA
2006,89326,Diesel,Manual,Third,17.8,68.0,1441.345,FIESTA 1.4 TDCI EXI,FORD
2016,54000,Diesel,Manual,First,19.87,83.8,6044.349999999999,DUSTER 85PS DIESEL RXE,RENAULT
2012,95000,Diesel,Automatic,Second,18.48,97.7,16738.2,5 SERIES 520D SEDAN,BMW
2015,66337,Diesel,Manual,First,24.0,70.0,4612.304,GRAND I10 CRDI SPORTZ EDITION,HYUNDAI
2012,60000,Petrol,Manual,First,19.4,86.8,3022.1749999999997,BRIO S MT,HONDA
2010,38001,Petrol,Automatic,First,12.3,163.2,7904.15,A4 1.8 TFSI,AUDI
2014,73000,Petrol,Manual,Second,24.7,47.3,2557.225,ALTO 800 2016-2019 LXI,MARUTI
2011,61000,Petrol,Manual,Second,16.2,103.2,3161.66,VERNA TRANSFORM SX VTVT,HYUNDAI
2013,120000,Diesel,Manual,First,20.77,88.8,6509.3,ERTIGA ZDI,MARUTI
2012,71787,Petrol,Manual,First,12.9,102.5,2984.979,OPTRA MAGNUM 1.6 LT ABS BS3,CHEVROLET
2016,11554,Diesel,Manual,First,19.67,126.2,13251.074999999999,CRETA 1.6 CRDI SX OPTION,HYUNDAI
2014,90000,Diesel,Manual,First,20.34,103.2,6044.349999999999,VENTO 1.5 TDI HIGHLINE,VOLKSWAGEN
2014,48104,Petrol,Manual,First,17.4,117.3,5105.151,CITY I VTEC SV,HONDA
2005,91000,Petrol,Manual,Third,16.8,83.0,743.9200000000001,GETZ GLS ABS,HYUNDAI
2007,58815,Petrol,Manual,First,17.0,97.7,1850.501,SANTRO XING XG ERLX EURO III,HYUNDAI
2015,33931,Petrol,Automatic,Second,18.9,82.0,5495.709,GRAND I10 AT ASTA,HYUNDAI
2019,13916,Petrol,Manual,First,18.9,81.86,5988.5560000000005,GRAND I10 1.2 KAPPA SPORTZ OPTION,HYUNDAI
2012,90400,CNG,Manual,First,26.2,58.2,2696.71,WAGON R LXI CNG,MARUTI
2015,14000,Petrol,Manual,First,18.9,82.0,4277.54,GRAND I10 SPORTZ,HYUNDAI
2007,121000,Diesel,Manual,Second,17.8,97.7,2185.265,SWIFT VDI BSIV,MARUTI
2016,17560,Petrol,Manual,First,18.6,81.83,6704.579,I20 ASTA 1.2,HYUNDAI
2016,60000,Diesel,Manual,First,19.87,83.8,7439.2,DUSTER 85PS DIESEL RXL,RENAULT
2009,88096,Diesel,Manual,Second,19.3,73.9,3254.65,SWIFT DZIRE VDI,MARUTI
2008,178280,Diesel,Manual,First,12.8,102.0,5486.41,INNOVA 2.5 G (DIESEL) 8 SEATER BS IV,TOYOTA
2015,19963,Petrol,Manual,Second,25.4,37.5,1618.0259999999998,NANO TWIST XT,TATA
2019,1000,Petrol,Manual,First,18.12,86.8,6323.32,FIGO 2015-2019 1.2P SPORTS EDITION MT,FORD
2017,8000,Petrol,Manual,First,18.6,81.83,6974.25,I20 1.2 ASTA OPTION,HYUNDAI
2016,9200,Petrol,Manual,First,15.4,117.3,7439.2,BRV I-VTEC V MT,HONDA
2015,29000,Diesel,Manual,First,27.4,98.6,5570.101,AMAZE S DIESEL,HONDA
2017,27000,Diesel,Manual,First,19.67,126.2,11995.710000000001,CRETA 1.6 CRDI SX,HYUNDAI
2018,22900,Petrol,Manual,First,21.4,83.1,6509.3,BALENO ZETA 1.2,MARUTI
2014,50000,Diesel,Automatic,First,14.16,174.3,32546.5,Q5 2.0 TDI TECHNOLOGY,AUDI
2015,60207,Diesel,Manual,First,25.8,98.6,5114.45,AMAZE S I-DTEC,HONDA
2010,101119,Diesel,Automatic,First,11.0,235.0,17165.954,X5 3.0D,BMW
2010,42000,Petrol,Manual,First,15.6,70.0,2231.7599999999998,FIGO PETROL TITANIUM,FORD
2002,93000,Petrol,Manual,Third,18.9,67.1,929.9,WAGON R VXI,MARUTI
2012,60000,Petrol,Manual,Second,19.81,68.05,2464.2349999999997,I10 ERA,HYUNDAI
2015,66122,Diesel,Automatic,First,21.66,103.52,5542.204,RAPID 1.5 TDI AT ELEGANCE,SKODA
2015,25100,Diesel,Automatic,First,17.85,300.0,69742.5,PANAMERA DIESEL,PORSCHE
2017,24733,Petrol,Automatic,First,15.04,183.0,25246.785,CLA 200 SPORT EDITION,MERCEDES-BENZ
2008,41000,Petrol,Automatic,Second,10.4,201.0,9763.949999999999,A6 2.8 FSI,AUDI
2015,30000,Petrol,Manual,First,20.73,91.1,6230.33,CIAZ ZXI PLUS,MARUTI
2013,36000,Diesel,Manual,First,22.7,89.84,4556.51,ECOSPORT 1.5 DV5 MT TITANIUM,FORD
2017,40279,Diesel,Manual,First,16.5,70.0,7439.2,BOLERO MHAWK D70 ZLX,MAHINDRA
2018,46805,Petrol,Manual,First,24.07,67.1,3375.537,ALTO K10 VXI,MARUTI
2015,60000,Petrol,Manual,First,17.5,85.8,4463.5199999999995,SWIFT DZIRE 1.2 VXI BSIV,MARUTI
2017,100000,Petrol,Manual,First,17.57,88.7,3952.075,ZEST REVOTRON 1.2T XE,TATA
2014,32986,Petrol,Manual,First,16.1,97.7,3942.7760000000003,SWIFT 1.3 VXI,MARUTI
2018,51530,Diesel,Automatic,First,10.91,197.2,28148.073,ENDEAVOUR 3.2 TREND AT 4X4,FORD
2013,81456,Diesel,Manual,First,15.8,170.0,13251.074999999999,NEW C-CLASS C 220 CDI CLASSIC,MERCEDES-BENZ
2012,37229,Petrol,Automatic,First,16.95,78.9,3170.959,I10 SPORTZ AT,HYUNDAI
2009,73200,Petrol,Manual,First,17.0,118.0,2585.122,CITY 1.5 S MT,HONDA
2015,71826,Diesel,Automatic,First,19.3,141.0,14413.449999999999,OCTAVIA ELEGANCE 2.0 TDI AT,SKODA
2017,129000,Diesel,Manual,First,25.0,69.0,2789.7,INDICA V2 ELS,TATA
2012,82000,Petrol,Manual,First,18.9,67.1,2138.77,WAGON R VXI BSII,MARUTI
2017,40459,Diesel,Manual,First,19.67,126.2,12349.071999999998,CRETA 1.6 CRDI SX,HYUNDAI
2009,61964,Petrol,Manual,First,19.0,66.1,2092.275,A-STAR LXI,MARUTI
2011,15466,Petrol,Manual,First,22.5,67.04,3124.464,WAGON R LXI,MARUTI
2014,23000,Petrol,Manual,First,17.3,117.3,3952.075,MOBILIO E I VTEC,HONDA
2012,43766,Petrol,Manual,First,20.36,78.9,3998.5699999999997,I10 MAGNA,HYUNDAI
2010,54000,Petrol,Automatic,First,0.0,262.6,5579.4,SUPERB 3.6 V6 FSI,SKODA
2018,18521,Diesel,Manual,First,22.54,88.73,8536.482,I20 1.4 SPORTZ,HYUNDAI
2017,26400,Petrol,Manual,First,23.1,67.04,4640.201,CELERIO ZXI OPTIONAL,MARUTI
2011,31900,Petrol,Manual,First,13.4,157.8,3487.125,LAURA 1.8 TSI AMBIENTE,SKODA
2010,39000,Diesel,Manual,First,20.0,68.0,2324.75,FIGO DIESEL LXI,FORD
2016,45671,Diesel,Manual,First,27.3,98.6,6695.28,JAZZ 1.5 VX I DTEC,HONDA
2016,39500,Diesel,Automatic,First,15.0,204.0,27432.05,E-CLASS 2015-2017 E250 EDITION E,MERCEDES-BENZ
2015,54000,Diesel,Automatic,First,17.9,136.0,16319.745,GLA CLASS 200 CDI SPORT,MERCEDES-BENZ
2012,20000,Diesel,Automatic,First,18.5,163.0,11158.8,S60 D3,VOLVO
2009,55000,Diesel,Automatic,First,11.8,246.7,12553.65,A8 L 3.0 TDI QUATTRO,AUDI
2014,48000,Diesel,Automatic,First,22.32,126.32,4742.49,VERNA 1.6 SX CRDI (O) AT,HYUNDAI
2011,70000,Diesel,Automatic,First,22.69,190.0,9577.970000000001,3 SERIES 320D,BMW
2014,62000,Diesel,Manual,First,22.32,126.32,5300.43,VERNA 1.6 SX,HYUNDAI
2014,41994,Petrol,Manual,First,22.5,67.04,3170.959,WAGON R VXI,MARUTI
2010,108882,Diesel,Manual,Second,20.0,68.0,2231.7599999999998,FIGO DIESEL EXI,FORD
2017,24806,Petrol,Manual,First,18.15,82.0,5207.44,KUV 100 MFALCON G80 K2,MAHINDRA
2006,160000,Diesel,Manual,First,17.0,70.0,929.9,INDIGO LS,TATA
2017,30000,Diesel,Automatic,First,18.49,100.0,7625.179999999999,TUV 300 T8 AMT,MAHINDRA
2015,51000,Diesel,Automatic,First,15.17,181.0,25572.25,Q3 35 TDI QUATTRO PREMIUM PLUS,AUDI
2015,64876,Petrol,Manual,First,21.5,81.8,3254.65,WAGON R VXI 1.2,MARUTI
2016,70536,CNG,Manual,First,31.79,58.33,4258.942,CELERIO CNG VXI MT,MARUTI
2017,25299,Diesel,Manual,First,24.3,88.5,9615.166,VITARA BREZZA ZDI PLUS DUAL TONE,MARUTI
2006,89869,Diesel,Manual,First,12.7,116.6,3022.1749999999997,SCORPIO DX 2.6 TURBO 8 STR,MAHINDRA
2007,103515,Diesel,Manual,Third,12.6,112.0,4649.5,TUCSON CRDI,HYUNDAI
2008,68282,Petrol,Manual,First,17.92,62.1,2092.275,SANTRO XING GLS,HYUNDAI
2014,60033,Diesel,Automatic,First,18.18,250.0,47908.448000000004,PANAMERA DIESEL 250HP,PORSCHE
2018,51921,Diesel,Manual,First,24.3,88.5,8015.737999999999,VITARA BREZZA VDI OPTION,MARUTI
2017,18414,Diesel,Manual,First,23.4,74.0,6741.775,SWIFT DZIRE VDI,MARUTI
2016,40866,Petrol,Manual,First,19.5,86.76,5086.553,AMAZE V PETROL,HONDA
2014,55001,Diesel,Automatic,First,16.36,187.7,28826.899999999998,XF 2.2 LITRE LUXURY,JAGUAR
2017,20469,Petrol,Automatic,First,16.82,189.08,33457.801999999996,COOPER CONVERTIBLE S,MINI
2017,8500,Petrol,Manual,First,21.1,55.2,3180.258,EON ERA PLUS,HYUNDAI
2008,45000,Diesel,Automatic,Second,16.77,241.38,10693.85,A6 3.0 TDI QUATTRO,AUDI
2016,6000,Petrol,Manual,First,17.19,81.86,6741.775,I20 ACTIVE 1.2 SX DUAL TONE,HYUNDAI
2018,11000,Diesel,Manual,First,28.4,74.0,7439.2,SWIFT AMT DDIS VDI,MARUTI
2015,80064,Diesel,Manual,First,22.7,89.84,6816.1669999999995,ECOSPORT 1.5 DV5 MT TITANIUM,FORD
2016,29930,Petrol,Manual,First,18.9,67.1,3115.165,WAGON R VXI BS IV WITH ABS,MARUTI
2013,49105,Diesel,Manual,First,20.34,103.2,4091.5600000000004,VENTO 1.5 TDI HIGHLINE,VOLKSWAGEN
2012,55000,Petrol,Manual,First,17.6,88.7,2780.4010000000003,ETIOS VX,TOYOTA
2015,23000,Petrol,Manual,First,18.7,88.7,5207.44,JAZZ 1.2 SV I VTEC,HONDA
2016,54727,Diesel,Manual,First,20.14,88.73,6165.237,CROSSPOLO 1.5 TDI,VOLKSWAGEN
2018,31426,Diesel,Manual,First,21.66,108.62,7346.21,AMEO 1.5 TDI HIGHLINE,VOLKSWAGEN
2015,53442,Petrol,Manual,First,16.8,116.3,6509.3,CITY V MT EXCLUSIVE,HONDA
2014,28000,Petrol,Automatic,First,16.5,86.8,4603.005,BRIO VX AT,HONDA
2017,13412,Petrol,Automatic,First,14.3,103.52,8545.780999999999,RAPID 1.6 MPI AT STYLE,SKODA
2011,70000,Diesel,Manual,First,16.8,110.0,4742.49,VERNA CRDI,HYUNDAI
2015,81310,Diesel,Manual,First,21.19,88.76,5486.41,I20 ACTIVE S DIESEL,HYUNDAI
2019,13574,Petrol,Automatic,First,21.4,83.1,8843.349,BALENO ALPHA CVT,MARUTI
2008,75000,Petrol,Manual,Second,11.1,158.8,3626.6099999999997,CR-V 2.4L 4WD MT,HONDA
2014,58310,Petrol,Manual,Second,19.1,85.8,5012.160999999999,SWIFT DZIRE VXI,MARUTI
2009,90000,Diesel,Manual,Second,19.3,73.9,2789.7,SWIFT DZIRE VDI,MARUTI
2012,83000,Diesel,Manual,First,23.4,74.0,3998.5699999999997,SWIFT DZIRE ZDI,MARUTI
2017,37282,Petrol,Manual,First,20.85,83.14,6276.825,SWIFT DZIRE ZXI,MARUTI
2017,23000,Petrol,Manual,First,18.9,82.0,4184.55,GRAND I10 SPORTZ,HYUNDAI
2010,82000,Diesel,Manual,First,17.8,68.0,2557.225,FIESTA 1.4 ZXI TDCI ABS,FORD
2016,31000,Diesel,Manual,First,23.9,126.2,8369.1,VERNA 1.6 CRDI S,HYUNDAI
2001,200000,Petrol,Manual,First,12.0,97.7,650.93,WAGON R VX,MARUTI
2014,45001,Diesel,Manual,Second,20.0,68.05,2371.245,FIGO DIESEL EXI,FORD
2014,50446,Diesel,Manual,First,21.12,88.8,3291.846,MANZA AQUA QUADRAJET BS IV,TATA
2009,89000,Petrol,Manual,First,13.5,130.0,3952.075,CIVIC 2006-2010 1.8 S MT,HONDA
2007,72000,Petrol,Manual,Second,19.7,46.3,1115.8799999999999,ALTO LX BSIII,MARUTI
2013,90000,Diesel,Automatic,First,22.48,190.0,18133.05,5 SERIES 520D LUXURY LINE,BMW
2015,76000,Diesel,Manual,Second,16.0,140.0,11158.8,XUV500 W8 2WD,MAHINDRA
2012,78401,Diesel,Manual,First,23.2,73.94,3626.6099999999997,RITZ VDI,MARUTI
2017,38426,Diesel,Manual,First,24.3,88.5,8489.987000000001,VITARA BREZZA ZDI PLUS,MARUTI
2011,45000,Petrol,Manual,First,15.1,73.0,2092.275,EECO 7 SEATER STANDARD,MARUTI
2012,83000,Petrol,Manual,First,17.5,85.8,3022.1749999999997,SWIFT DZIRE 1.2 VXI BSIV,MARUTI
2017,50170,Diesel,Automatic,First,17.01,126.2,13753.221,CRETA 1.6 CRDI AT SX PLUS,HYUNDAI
2010,37822,Petrol,Manual,First,22.5,67.04,2185.265,WAGON R LXI,MARUTI
2015,33517,Diesel,Manual,First,27.62,47.0,2882.69,CELERIO ZDI,MARUTI
2014,110000,Diesel,Automatic,First,13.01,194.3,11995.710000000001,SANTA FE 2WD AT,HYUNDAI
2017,60000,Petrol,Manual,First,21.1,55.2,2324.75,EON D LITE PLUS OPTION,HYUNDAI
2013,92408,Petrol,Manual,First,18.5,82.85,3394.1349999999998,I20 SPORTZ 1.2,HYUNDAI
2014,45000,Petrol,Manual,First,17.1,121.3,6974.25,VERNA 1.6 SX VTVT (O),HYUNDAI
2013,33793,Petrol,Manual,First,18.4,86.8,3477.826,BRIO S OPTION MT,HONDA
2017,26327,Petrol,Manual,First,20.4,81.8,5449.214,SWIFT VXI OPTIONAL,MARUTI
2018,20604,Diesel,Automatic,First,19.27,167.62,36842.638,NEW C-CLASS C 220D AVANTGARDE EDITION C,MERCEDES-BENZ
2018,61386,Diesel,Manual,First,25.2,74.0,6555.795,SWIFT VDI OPTIONAL,MARUTI
2018,11500,Diesel,Automatic,First,28.4,74.0,6974.25,SWIFT AMT VDI,MARUTI
2012,58000,Diesel,Manual,First,25.44,57.6,1952.79,BEAT DIESEL LS,CHEVROLET
2014,38000,Petrol,Automatic,First,13.7,157.75,10786.84,SUPERB ELEGANCE 1.8 TSI AT,SKODA
2012,49000,Diesel,Automatic,Second,14.84,167.62,17900.575,NEW C-CLASS C 220 CDI BE AVANTGARE,MERCEDES-BENZ
2017,72202,Diesel,Manual,First,13.68,147.8,16663.808,INNOVA CRYSTA 2.4 VX MT 8S,TOYOTA
2016,7000,Petrol,Manual,First,20.36,78.9,3347.64,I10 SPORTZ,HYUNDAI
2014,20000,Diesel,Manual,Second,25.8,98.6,4184.55,AMAZE S I-DTEC,HONDA
2017,14061,Diesel,Manual,First,21.9,88.76,6881.26,I20 MAGNA 1.4 CRDI (DIESEL),HYUNDAI
2018,30706,Diesel,Automatic,First,11.57,254.79,55133.771,GLE 350D,MERCEDES-BENZ
2011,51387,Diesel,Manual,First,12.05,120.0,5114.45,SCORPIO 2009-2014 SLE 7S BSIV,MAHINDRA
2006,44000,Petrol,Manual,Second,15.3,83.0,1627.325,GETZ GLE,HYUNDAI
2016,12208,Petrol,Manual,First,21.4,83.1,6276.825,BALENO ALPHA,MARUTI
2011,55000,Diesel,Manual,First,16.52,123.7,3673.105,OPTRA MAGNUM 2.0 LT,CHEVROLET
2011,61600,Petrol,Manual,First,17.1,121.3,3905.58,VERNA 1.6 SX VTVT (O),HYUNDAI
2016,28414,Petrol,Manual,First,17.0,118.0,7811.16,CITY 1.5 V MT,HONDA
2017,27853,Petrol,Automatic,First,17.21,103.5,7671.675,POLO GT TSI,VOLKSWAGEN
2013,55116,Petrol,Manual,First,19.4,86.8,3077.969,BRIO E MT,HONDA
2017,26000,Diesel,Manual,First,26.59,74.0,6974.25,SWIFT DZIRE VDI,MARUTI
2012,45496,Petrol,Manual,First,17.0,118.0,4417.025,CITY 1.5 V MT EXCLUSIVE,HONDA
2013,76000,Diesel,Automatic,Second,11.18,184.0,8173.820999999999,SSANGYONG REXTON RX7,MAHINDRA
2014,136000,Petrol,Manual,First,13.1,157.75,8834.05,SUPERB ELEGANCE 1.8 TSI MT,SKODA
2009,100000,Petrol,Manual,First,0.0,97.7,1487.8400000000001,SANTRO GLS II - EURO II,HYUNDAI
2010,38127,Petrol,Manual,First,19.7,46.3,1441.345,ALTO LXI,MARUTI
2014,82450,Diesel,Manual,First,23.0,90.0,5439.915,I20 ASTA (O) 1.4 CRDI (DIESEL),HYUNDAI
2014,62497,Petrol,Manual,First,15.8,110.0,6992.847999999999,ECOSPORT 1.5 TI VCT MT TREND,FORD
2011,86732,Diesel,Manual,First,23.08,63.1,3347.64,MICRA DIESEL XV,NISSAN
2016,27969,Petrol,Manual,First,19.4,86.8,4398.427000000001,BRIO E MT,HONDA
2013,66372,Diesel,Automatic,First,11.18,184.0,9763.949999999999,SSANGYONG REXTON RX7,MAHINDRA
2013,73525,Diesel,Automatic,First,16.46,258.0,32118.746,7 SERIES 730LD SEDAN,BMW
2018,20689,Petrol,Manual,First,18.9,81.86,5644.493,GRAND I10 1.2 KAPPA SPORTZ,HYUNDAI
2018,25093,Petrol,Manual,First,21.4,83.1,7216.023999999999,BALENO DELTA 1.2,MARUTI
2016,49176,Diesel,Manual,First,11.68,112.0,6937.054,XYLO E8 ABS BS IV,MAHINDRA
2012,87510,Diesel,Manual,First,21.8,78.0,3245.351,FLUENCE DIESEL E4,RENAULT
2012,38214,Petrol,Manual,Second,18.5,80.0,3766.095,I20 1.2 MAGNA,HYUNDAI
2013,48986,Diesel,Manual,First,10.5,107.2,11047.212000000001,PAJERO 2.8 SFX,MITSUBISHI
2011,88000,Petrol,Automatic,First,14.53,138.1,5997.8550000000005,COROLLA ALTIS 2008-2013 1.8 VL AT,TOYOTA
2015,69002,Diesel,Automatic,First,15.97,258.0,46495.0,X5 X5 M,BMW
2011,43706,Petrol,Automatic,First,10.9,215.0,8369.1,3 SERIES 2005-2011 325I SEDAN,BMW
2016,58671,Diesel,Automatic,First,17.01,126.2,13251.074999999999,CRETA 1.6 CRDI AT SX PLUS,HYUNDAI
2017,49404,Diesel,Manual,First,18.49,100.0,6844.064,TUV 300 2015-2019 T8,MAHINDRA
2010,72000,Diesel,Manual,First,12.05,120.0,4091.5600000000004,SCORPIO VLX 2.2 MHAWK BSIII,MAHINDRA
2016,24000,Petrol,Manual,First,25.17,53.3,2882.69,KWID RXT,RENAULT
2017,53285,Petrol,Automatic,First,22.5,67.0,3979.972,KWID 1.0 RXT OPTIONAL AMT,RENAULT
2017,12000,Petrol,Manual,First,16.1,85.0,5114.45,SWIFT VXI BSIV,MARUTI
2012,45000,Diesel,Automatic,First,17.0,105.0,6500.001,LAURA 1.9 TDI AT AMBIENTE,SKODA
2018,26234,Petrol,Manual,First,24.7,47.3,3989.2709999999997,ALTO 800 2016-2019 VXI,MARUTI
2014,55000,Petrol,Manual,First,18.6,85.8,3905.58,SWIFT VXI,MARUTI
2012,90000,Diesel,Manual,First,23.0,90.0,3821.889,I20 1.4 CRDI SPORTZ,HYUNDAI
2015,48000,Diesel,Automatic,First,15.73,174.33,17435.625,Q3 2012-2015 35 TDI QUATTRO PREMIUM,AUDI
2017,19863,Diesel,Automatic,First,11.57,254.79,60397.005000000005,GLE 350D,MERCEDES-BENZ
2010,55000,Petrol,Manual,Second,19.81,68.05,1478.541,I10 ERA,HYUNDAI
2016,4800,Petrol,Manual,First,20.51,67.04,3347.64,WAGON R LXI OPTIONAL,MARUTI
2017,38607,Petrol,Manual,Second,17.8,117.3,7318.313,CITY I VTEC V,HONDA
2018,3958,Petrol,Manual,First,18.9,81.86,5160.945,GRAND I10 1.2 KAPPA SPORTZ,HYUNDAI
2014,74000,Diesel,Manual,Second,25.1,98.6,5951.360000000001,CITY I DTEC VX,HONDA
2009,54540,Petrol,Manual,Third,17.5,85.8,2464.2349999999997,SWIFT DZIRE VXI,MARUTI
2015,58400,Petrol,Manual,First,17.5,85.8,5114.45,SWIFT DZIRE ZXI,MARUTI
2013,73648,Diesel,Manual,First,15.1,140.0,6797.5689999999995,XUV500 W8 2WD,MAHINDRA
2016,83000,Diesel,Manual,First,28.09,88.5,6602.289999999999,CIAZ ZDI PLUS SHVS,MARUTI
2016,16159,Diesel,Manual,First,22.32,126.32,7281.117,VERNA 1.6 SX CRDI (O),HYUNDAI
2005,150000,Diesel,Manual,First,13.1,82.0,790.415,ACCENT CRDI,HYUNDAI
2014,22100,Petrol,Manual,First,19.4,86.8,3301.1449999999995,BRIO S MT,HONDA
2017,35043,Petrol,Manual,First,17.19,81.86,7615.880999999999,I20 ACTIVE 1.2 SX,HYUNDAI
2018,24000,Diesel,Automatic,First,18.88,184.0,26037.2,3 SERIES 320D SPORT LINE,BMW
2015,480000,Diesel,Automatic,First,16.96,138.03,12088.699999999999,JETTA 2013-2015 2.0L TDI HIGHLINE AT,VOLKSWAGEN
2011,70000,Petrol,Manual,Second,15.26,103.5,3059.371,POLO PETROL HIGHLINE 1.6L,VOLKSWAGEN
2015,13769,Petrol,Manual,Second,16.1,85.0,4100.859,SWIFT VXI BSIV,MARUTI
2013,58000,Diesel,Manual,First,19.01,108.45,4640.201,DUSTER 110PS DIESEL RXZ,RENAULT
2009,58000,Diesel,Automatic,First,18.56,190.0,16719.602,X3 XDRIVE 20D LUXURY LINE,BMW
2018,18705,Diesel,Manual,First,20.5,91.72,7169.5289999999995,AVVENTURA MULTIJET EMOTION,FIAT
2013,32378,Petrol,Manual,First,20.51,67.04,2603.72,WAGON R STINGRAY VXI,MARUTI
2013,45000,Diesel,Manual,First,22.1,76.9,2789.7,SAIL HATCHBACK LS ABS,CHEVROLET
2015,36836,Diesel,Manual,First,15.1,140.0,11614.451,XUV500 W8 2WD,MAHINDRA
2016,54199,Diesel,Manual,First,23.0,88.8,4649.5,ZEST QUADRAJET 1.3,TATA
2017,36935,Diesel,Automatic,First,18.56,190.0,30351.936,X3 XDRIVE20D XLINE,BMW
2015,23000,Diesel,Manual,First,25.2,74.0,6044.349999999999,SWIFT VDI BSIV,MARUTI
2015,14000,Diesel,Automatic,First,18.12,190.0,32546.5,5 SERIES 2013-2017 520D LUXURY LINE,BMW
2015,100073,Diesel,Manual,Second,25.0,69.01,1859.8,INDIGO CS EVX,TATA
2015,59182,Diesel,Manual,First,15.1,140.0,8796.854000000001,XUV500 W8 2WD,MAHINDRA
2016,72132,Diesel,Automatic,Second,12.07,241.4,36266.1,Q7 35 TDI QUATTRO PREMIUM PLUS,AUDI
2009,79000,Diesel,Automatic,First,18.48,177.0,13948.5,5 SERIES 2003-2012 520D,BMW
2013,66930,Petrol,Manual,First,17.1,121.3,5718.885,VERNA 1.6 SX VTVT (O),HYUNDAI
2015,100000,Diesel,Automatic,Second,13.01,194.3,13483.55,SANTA FE 4WD AT,HYUNDAI
2012,43000,Petrol,Manual,First,0.0,97.7,3022.1749999999997,SANTRO GLS II - EURO II,HYUNDAI
2018,27413,Petrol,Automatic,First,20.51,67.0,4816.882,WAGON R AMT VXI,MARUTI
2007,90000,Petrol,Manual,Second,17.3,64.0,1153.076,WAGON R LX BSIII,MARUTI
2013,40300,Petrol,Manual,First,18.5,82.85,2603.72,I20 SPORTZ 1.2,HYUNDAI
2011,73783,Petrol,Automatic,Second,13.7,157.75,4863.377,SUPERB ELEGANCE 1.8 TSI AT,SKODA
2005,86000,Petrol,Manual,Second,15.3,83.0,418.455,GETZ GLS,HYUNDAI
2014,65694,Petrol,Manual,First,18.9,67.1,3022.1749999999997,WAGON R LXI BS IV,MARUTI
2015,23000,Petrol,Manual,First,16.8,34.2,1394.85,OMNI MPI CARGO BSIV,MARUTI
2012,51000,Petrol,Manual,First,20.36,78.9,2650.215,I10 MAGNA 1.2,HYUNDAI
2018,18335,Petrol,Manual,First,21.7,67.0,4184.55,KWID 1.0 RXT OPTIONAL,RENAULT
2014,36000,Diesel,Automatic,First,15.0,107.3,15110.875,B CLASS 2012-2015 B200 SPORT CDI,MERCEDES-BENZ
2017,25000,Petrol,Automatic,First,17.21,103.5,7206.724999999999,POLO GT TSI,VOLKSWAGEN
2007,81000,Diesel,Manual,Third,12.05,120.0,4045.0649999999996,SCORPIO VLX 4WD,MAHINDRA
2019,21719,Diesel,Automatic,First,12.9,174.5,30807.587000000003,FORTUNER 2.8 2WD AT,TOYOTA
2013,75421,Diesel,Manual,First,25.44,56.3,3375.537,BEAT DIESEL LT,CHEVROLET
2010,80000,Diesel,Manual,First,12.8,102.0,4417.025,INNOVA 2.5 G4 DIESEL 8-SEATER,TOYOTA
2018,10671,Petrol,Manual,First,20.85,83.14,6053.648999999999,SWIFT DZIRE VXI,MARUTI
2018,4126,Petrol,Manual,First,21.7,67.0,4463.5199999999995,KWID CLIMBER 1.0 MT,RENAULT
2017,98500,Diesel,Manual,First,22.95,74.0,5579.4,BOLT QUADRAJET XM,TATA
2016,61578,Petrol,Manual,First,18.9,82.0,5951.360000000001,GRAND I10 ASTA,HYUNDAI
2014,54000,Diesel,Manual,First,20.34,103.2,4556.51,VENTO 1.5 TDI HIGHLINE,VOLKSWAGEN
2013,70998,Diesel,Automatic,First,17.68,174.33,19128.043,A6 2011-2015 2.0 TDI,AUDI
2015,40082,Diesel,Manual,First,19.3,73.9,4426.324,SWIFT DZIRE LDI BSIV,MARUTI
2012,50619,Petrol,Manual,First,18.0,62.0,1859.8,SPARK 1.0 LT,CHEVROLET
2009,103905,Diesel,Automatic,First,22.69,190.0,9224.608,3 SERIES 320D,BMW
2018,15334,Petrol,Manual,First,21.1,55.2,3431.3309999999997,EON ERA PLUS,HYUNDAI
2013,69000,Diesel,Manual,First,23.4,74.0,5346.925,SWIFT DZIRE VDI,MARUTI
2014,75160,Diesel,Manual,First,20.14,88.5,5300.43,CROSSPOLO 1.5 TDI,VOLKSWAGEN
2014,44753,Petrol,Manual,First,18.0,86.7,4593.706,AMAZE E I-VTECH,HONDA
2012,53024,Petrol,Automatic,First,14.4,103.6,3989.2709999999997,VENTO PETROL HIGHLINE AT,VOLKSWAGEN
2014,23840,Petrol,Manual,First,20.51,67.04,2789.7,WAGON R STINGRAY VXI,MARUTI
2014,81298,Diesel,Manual,First,20.14,88.8,6044.349999999999,POLO 1.5 TDI HIGHLINE,VOLKSWAGEN
2015,59000,Petrol,Manual,Second,16.47,73.9,4556.51,POLO PETROL COMFORTLINE 1.2L,VOLKSWAGEN
2016,51806,Diesel,Manual,First,25.8,98.6,5021.46,AMAZE SX I-DTEC,HONDA
2014,56000,Diesel,Automatic,First,18.53,187.74,22317.6,A6 35 TDI MATRIX,AUDI
2019,29279,Diesel,Manual,First,24.7,69.0,6937.054,TIGOR 1.05 REVOTORQ XZ OPTION,TATA
2017,33550,Diesel,Automatic,First,21.5,108.5,8927.039999999999,VENTO 1.5 TDI HIGHLINE AT,VOLKSWAGEN
2014,62000,Diesel,Automatic,First,18.53,187.74,23247.5,A6 35 TDI MATRIX,AUDI
2014,66000,Diesel,Manual,First,19.01,108.5,6323.32,TERRANO XL 110 PS,NISSAN
2016,46630,Diesel,Automatic,First,21.66,103.52,7987.840999999999,RAPID 1.5 TDI AT ELEGANCE,SKODA
2016,72566,Diesel,Manual,First,25.83,99.0,4919.171,FIGO ASPIRE 1.5 TDCI TREND,FORD
2011,51482,Diesel,Manual,First,15.42,70.0,2324.75,VENTURE EX,TATA
2011,90000,Diesel,Automatic,First,14.84,167.62,12925.61,NEW C-CLASS C 220 CDI BE AVANTGARE,MERCEDES-BENZ
2014,69000,Diesel,Manual,Second,13.0,168.5,18598.0,FORTUNER 4X2 MANUAL,TOYOTA
2011,90000,Petrol,Manual,Second,17.0,118.0,3161.66,CITY 1.5 V MT,HONDA
2015,39000,Petrol,Manual,First,18.6,81.83,5114.45,I20 ASTA OPTION 1.2,HYUNDAI
2012,110000,Diesel,Manual,Second,20.54,103.6,3394.1349999999998,VENTO DIESEL TRENDLINE,VOLKSWAGEN
2011,68022,Diesel,Manual,First,13.1,141.0,5449.214,ENDEAVOUR 2.5L 4X2 MT,FORD
2018,27852,Petrol,Automatic,First,14.8,121.36,9708.155999999999,ECOSPORT 1.5 PETROL TITANIUM PLUS AT,FORD
2013,58291,Diesel,Manual,First,17.8,97.7,4649.5,SWIFT VDI BSIV,MARUTI
2011,68439,Diesel,Manual,First,23.0,90.0,3133.763,I20 SPORTZ DIESEL,HYUNDAI
2011,150000,Diesel,Manual,First,12.99,100.6,6462.805,INNOVA 2.5 VX (DIESEL) 8 SEATER,TOYOTA
2018,14000,Diesel,Manual,First,21.5,108.5,9206.01,NEXON 1.5 REVOTORQ XZ PLUS DUAL TONE,TATA
2012,71558,Diesel,Manual,First,20.0,68.05,3068.6699999999996,FIGO DIESEL TITANIUM,FORD
2013,48000,Diesel,Automatic,Second,17.85,300.0,46959.95,PANAMERA DIESEL,PORSCHE
2015,65800,Diesel,Automatic,First,17.01,126.2,11623.75,CRETA 1.6 CRDI AT SX PLUS,HYUNDAI
2014,53000,Diesel,Automatic,First,16.55,140.0,19062.95,A4 2.0 TDI MULTITRONIC,AUDI
2017,14600,Diesel,Manual,First,16.0,140.0,13483.55,XUV500 W8 4WD,MAHINDRA
2017,34429,Diesel,Automatic,First,13.8,174.57,18598.0,MUX 4WD,ISUZU
2014,52000,Diesel,Manual,First,23.4,74.0,4881.974999999999,SWIFT DZIRE VDI,MARUTI
2015,25470,Petrol,Manual,First,20.73,91.1,5486.41,CIAZ ZXI,MARUTI
2013,22000,Petrol,Manual,First,21.1,55.2,2417.7400000000002,EON ERA PLUS,HYUNDAI
2007,75000,Diesel,Automatic,First,11.0,198.5,10228.9,E-CLASS 280 CDI,MERCEDES-BENZ
2011,95995,Diesel,Automatic,First,18.48,177.0,14413.449999999999,5 SERIES 2003-2012 520D,BMW
2017,26877,Diesel,Manual,First,24.0,73.97,5346.925,GRAND I10 1.2 CRDI SPORTZ OPTION,HYUNDAI
2015,26000,Diesel,Automatic,First,14.47,301.73,69742.5,XJ 3.0L PORTFOLIO,JAGUAR
2007,140000,Diesel,Manual,Second,17.8,75.0,1859.8,SWIFT LDI BSIII,MARUTI
2008,95291,Petrol,Manual,First,17.92,62.1,2138.77,SANTRO XING GLS,HYUNDAI
2009,135000,Diesel,Manual,Second,12.8,102.0,7625.179999999999,INNOVA 2.5 V DIESEL 8-SEATER,TOYOTA
2015,32000,Petrol,Manual,First,18.6,81.83,4463.5199999999995,I20 SPORTZ 1.2,HYUNDAI
2008,68333,Diesel,Automatic,Second,11.0,198.5,7904.15,E-CLASS 280 CDI,MERCEDES-BENZ
2011,72000,Diesel,Manual,First,20.0,68.0,2696.71,FIGO DIESEL ZXI,FORD
2012,52100,Diesel,Manual,First,21.43,86.79,6044.349999999999,COROLLA ALTIS 1.4 DG,TOYOTA
2018,10000,Petrol,Manual,First,18.9,81.86,5439.915,GRAND I10 1.2 KAPPA SPORTZ,HYUNDAI
2019,6261,Diesel,Manual,First,16.3,170.0,22233.909,COMPASS 2.0 LIMITED 4X4,JEEP
2019,3906,Petrol,Automatic,First,20.89,81.8,6844.064,IGNIS 1.2 AMT ALPHA,MARUTI
2014,55960,Diesel,Manual,First,11.5,171.0,16040.775,FORTUNER 3.0 DIESEL,TOYOTA
2013,144000,Diesel,Manual,First,20.54,103.6,6509.3,VENTO DIESEL HIGHLINE,VOLKSWAGEN
2017,38000,Diesel,Manual,First,13.68,147.8,16412.734999999997,INNOVA CRYSTA 2.4 VX MT,TOYOTA
2013,51000,Diesel,Manual,First,20.0,68.1,2324.75,FIGO DIESEL CELEBRATION EDITION,FORD
2015,150000,Diesel,Manual,First,23.59,67.05,5579.4,PLATINUM ETIOS 1.4 GXD,TOYOTA
2018,2500,Diesel,Manual,First,18.06,63.0,7671.675,THAR DI 4X4,MAHINDRA
2018,41661,Diesel,Automatic,First,12.7,187.7,41687.416999999994,ROVER RANGE ROVER HSE DYNAMIC,LAND
2011,64000,Diesel,Automatic,First,16.07,181.0,9763.949999999999,3 SERIES 320D HIGHLINE,BMW
2008,80000,Petrol,Manual,Second,13.2,94.0,1766.81,ACCENT GLS,HYUNDAI
2016,30000,Petrol,Automatic,Second,23.1,67.04,3952.075,CELERIO ZXI AT,MARUTI
2014,43000,Diesel,Automatic,Second,16.36,187.7,24642.35,XF 2.2 LITRE LUXURY,JAGUAR
2013,90000,Diesel,Automatic,Second,12.4,179.5,20922.75,A6 2.7 TDI,AUDI
2011,123880,Diesel,Manual,First,23.08,63.1,3068.6699999999996,MICRA DIESEL XV,NISSAN
2015,42000,Petrol,Manual,Second,18.0,86.7,3998.5699999999997,AMAZE S I-VTECH,HONDA
2012,79824,Diesel,Manual,First,19.87,83.8,4881.974999999999,DUSTER 85PS DIESEL RXL OPTION,RENAULT
2015,75000,Diesel,Manual,First,12.99,100.6,10926.324999999999,INNOVA 2.5 G (DIESEL) 8 SEATER,TOYOTA
2014,72411,Petrol,Manual,First,18.0,86.7,3952.075,AMAZE E I-VTECH,HONDA
2012,63000,Diesel,Automatic,First,14.94,204.0,13223.178,NEW C-CLASS C 250 CDI ELEGANCE,MERCEDES-BENZ
2015,53713,Petrol,Manual,First,17.71,78.9,3905.58,ETIOS LIVA G,TOYOTA
2017,18000,Diesel,Automatic,First,11.36,171.5,16970.675,INNOVA CRYSTA 2.8 GX AT 8S,TOYOTA
2013,51000,Diesel,Manual,First,15.8,170.0,17203.149999999998,NEW C-CLASS 200 CDI ELEGANCE,MERCEDES-BENZ
2008,86700,Petrol,Manual,Second,16.1,88.2,2231.7599999999998,SWIFT VXI BSIII,MARUTI
2016,29000,Diesel,Manual,First,27.39,74.0,6044.349999999999,BALENO ALPHA 1.3,MARUTI
2014,56000,LPG,Manual,First,13.45,62.1,2975.6800000000003,SANTRO XING GL PLUS LPG,HYUNDAI
2015,33000,Petrol,Automatic,First,23.1,67.04,3710.301,CELERIO VXI AT,MARUTI
2014,64394,Diesel,Manual,First,22.7,89.84,5067.955,ECOSPORT 1.5 DV5 MT AMBIENTE,FORD
2010,76000,Diesel,Manual,First,18.8,90.0,2510.73,MANZA AURA QUADRAJET,TATA
2016,48719,Diesel,Manual,First,27.3,98.6,5811.875,JAZZ 1.5 SV I DTEC,HONDA
2016,59711,Diesel,Manual,First,15.1,140.0,12349.071999999998,XUV500 W8 2WD,MAHINDRA
2012,83000,Diesel,Manual,First,23.08,63.1,3440.63,MICRA DIESEL XV PREMIUM,NISSAN
2018,10714,Diesel,Automatic,First,19.27,167.62,36740.348999999995,NEW C-CLASS C 220D AVANTGARDE EDITION C,MERCEDES-BENZ
2010,127510,Diesel,Manual,Second,19.0,90.0,1301.86,MANZA AURA PLUS QUADRAJET BS IV,TATA
2014,35010,Diesel,Manual,First,22.9,74.0,3254.65,SWIFT VDI,MARUTI
2012,75451,Petrol,Manual,First,17.5,85.8,3515.022,SWIFT DZIRE 1.2 LXI BSIV,MARUTI
2015,83000,Diesel,Manual,First,19.09,69.01,2510.73,INDIGO ECS LS (TDI) BS-III,TATA
2013,38755,Diesel,Manual,First,25.8,98.6,2975.6800000000003,AMAZE S I-DTECH,HONDA
2016,30000,Petrol,Manual,First,20.4,81.8,4649.5,SWIFT VXI BSIV,MARUTI
2012,40000,Diesel,Manual,First,20.77,88.8,6509.3,ERTIGA ZDI,MARUTI
2014,19500,Petrol,Manual,Second,18.9,82.0,2650.215,GRAND I10 ERA,HYUNDAI
2016,41000,Petrol,Manual,First,19.69,67.04,3952.075,MICRA ACTIVE XV,NISSAN
2014,30000,Petrol,Manual,Second,18.9,82.0,4556.51,GRAND I10 ASTA OPTION,HYUNDAI
2017,37000,Diesel,Manual,First,17.1,170.0,15715.309999999998,COMPASS 2.0 SPORT,JEEP
2014,62000,Diesel,Manual,Second,22.07,73.9,3952.075,POLO DIESEL COMFORTLINE 1.2L,VOLKSWAGEN
2015,42023,Petrol,Automatic,First,15.5,86.7,4035.7659999999996,AMAZE S AT I-VTECH,HONDA
2012,51001,Diesel,Automatic,First,16.09,184.0,15808.3,X3 XDRIVE20D ADVANTAGE EDITION,BMW
2017,55389,Diesel,Automatic,First,18.88,184.0,26455.655,3 SERIES 320D LUXURY LINE,BMW
2014,46728,Petrol,Automatic,First,15.6,116.3,5718.885,CITY V AT,HONDA
2014,58995,Diesel,Manual,First,12.83,162.0,8601.574999999999,SSANGYONG REXTON RX5,MAHINDRA
2015,37857,Diesel,Manual,First,26.59,74.0,4510.014999999999,SWIFT DZIRE LDI,MARUTI
2014,71000,Diesel,Manual,First,25.2,74.0,4463.5199999999995,SWIFT VDI BSIV,MARUTI
2012,49024,Petrol,Manual,First,18.4,86.8,2138.77,BRIO S OPTION MT,HONDA
2016,10770,Petrol,Manual,First,18.9,82.0,4417.025,GRAND I10 SPORTZ,HYUNDAI
2017,72000,Diesel,Manual,First,22.95,74.0,4649.5,ZEST QUADRAJET 1.3 75PS XM,TATA
2015,91000,Petrol,Manual,First,21.1,55.2,2324.75,EON ERA PLUS,HYUNDAI
2017,14000,Petrol,Manual,First,18.6,81.83,5532.905,I20 1.2 SPOTZ,HYUNDAI
2014,48000,Diesel,Automatic,Second,9.0,181.0,14878.4,S60 D4 KINETIC,VOLVO
2014,75136,Diesel,Manual,First,22.7,89.84,5718.885,ECOSPORT 1.5 DV5 MT TITANIUM OPTIONAL,FORD
2014,32500,Petrol,Manual,Second,21.1,85.8,3766.095,RITZ VXI,MARUTI
2010,94500,Diesel,Manual,Second,21.9,90.0,2882.69,I20 1.4 CRDI MAGNA,HYUNDAI
2013,34900,Petrol,Manual,First,22.0,81.8,5105.151,DZIRE VXI,MARUTI
2010,42400,Petrol,Automatic,Third,8.0,394.3,39902.009,PANAMERA 2010 2013 4S,PORSCHE
2015,50000,Diesel,Manual,First,17.8,75.0,5300.43,SWIFT VDI BSIII W/ ABS,MARUTI
2014,35000,Petrol,Manual,First,19.4,86.8,2650.215,BRIO S MT,HONDA
2012,37000,Petrol,Manual,Second,18.6,79.4,2185.265,BEAT LS,CHEVROLET
2018,32807,Petrol,Automatic,First,13.0,121.3,13725.323999999999,CRETA 1.6 SX PLUS PETROL AUTOMATIC,HYUNDAI
2008,119000,Petrol,Manual,Second,17.7,78.0,2092.275,CITY ZX GXI,HONDA
2016,12000,Petrol,Manual,First,18.5,85.8,3394.1349999999998,RITZ LXI,MARUTI
2016,46727,Diesel,Manual,First,22.77,98.59,6741.775,ECOSPORT 1.5 TDCI TREND,FORD
2010,73336,Diesel,Automatic,First,13.2,170.0,9940.631,3 SERIES 320D,BMW
2014,9000,Petrol,Manual,Second,17.01,121.3,5114.45,VERNA 1.6 SX VTVT,HYUNDAI
2005,240000,Diesel,Manual,Fourth & Above,12.8,102.0,4742.49,INNOVA 2.5 G4 DIESEL 8-SEATER,TOYOTA
2014,25422,Petrol,Manual,First,22.5,67.04,3022.1749999999997,WAGON R LXI,MARUTI
2018,14000,Diesel,Manual,First,25.47,88.5,8601.574999999999,ERTIGA VDI,MARUTI
2008,66000,Petrol,Manual,First,19.7,46.3,1580.83,ALTO LXI BSIII,MARUTI
2010,55324,Petrol,Manual,First,19.0,66.1,2668.813,A-STAR VXI,MARUTI
2009,90000,Diesel,Automatic,First,11.0,235.0,16505.725,X5 3.0D,BMW
2017,43000,Petrol,Manual,First,18.15,82.0,4184.55,KUV 100 G80 K6 PLUS 5STR,MAHINDRA
2008,58483,Petrol,Automatic,Second,19.2,80.0,2743.205,I10 MAGNA AT,HYUNDAI
2007,93000,Petrol,Automatic,Second,12.9,130.0,2417.7400000000002,CIVIC 2006-2010 1.8 S AT,HONDA
2010,50000,Petrol,Manual,First,20.36,78.9,2789.7,I10 SPORTZ 1.2,HYUNDAI
2014,78616,Diesel,Automatic,Second,14.84,170.0,14413.449999999999,NEW C-CLASS C 220 CDI ELEGANCE AT,MERCEDES-BENZ
2011,37000,Petrol,Manual,First,17.6,88.73,2603.72,ETIOS G,TOYOTA
2010,54801,Petrol,Manual,First,17.0,118.0,2324.75,CITY 1.5 E MT,HONDA
2014,29000,Diesel,Manual,First,23.4,74.0,5346.925,SWIFT DZIRE VDI,MARUTI
2010,68000,Petrol,Manual,First,22.0,81.8,2603.72,SWIFT VXI,MARUTI
2014,58000,Petrol,Manual,First,17.01,121.3,4268.241,VERNA 1.6 EX VTVT,HYUNDAI
2012,64290,Diesel,Manual,First,23.2,73.94,3394.1349999999998,RITZ VDI,MARUTI
2015,31000,Diesel,Manual,First,13.0,168.5,18458.515,FORTUNER 4X2 MANUAL,TOYOTA
2018,16039,Diesel,Manual,First,17.1,170.0,17203.149999999998,COMPASS 2.0 LIMITED,JEEP
2017,19860,Petrol,Manual,First,18.6,81.83,6462.805,I20 ASTA OPTION 1.2,HYUNDAI
2014,48500,CNG,Manual,Second,26.6,58.16,2650.215,WAGON R LXI CNG,MARUTI
2012,75391,Diesel,Manual,First,13.93,138.0,3487.125,NEW SAFARI DICOR 2.2 EX 4X4 BS IV,TATA
2008,78000,Diesel,Manual,Second,19.3,73.9,2138.77,SWIFT DZIRE LDI,MARUTI
2016,78000,Diesel,Manual,First,25.0,69.01,2138.77,INDIGO ECS ELS BS IV,TATA
2016,52000,Diesel,Manual,First,28.4,74.0,5532.905,SWIFT LDI,MARUTI
2016,30000,Petrol,Automatic,First,23.1,67.04,3245.351,CELERIO VXI AT,MARUTI
2016,19254,Diesel,Automatic,First,14.69,258.0,44356.23,5 SERIES 2013-2017 530D M SPORT,BMW
2015,29651,Petrol,Manual,First,16.47,74.0,5979.257,POLO 1.2 MPI HIGHLINE,VOLKSWAGEN
2011,80000,Diesel,Manual,First,13.93,138.03,4184.55,SAFARI DICOR 2.2 LX 4X2,TATA
2018,2971,Petrol,Automatic,First,13.6,181.0,36963.525,COOPER S CARBON EDITION,MINI
2015,21400,Petrol,Manual,First,15.6,70.0,3719.6,FIGO PETROL TITANIUM,FORD
2015,77000,Diesel,Manual,First,26.0,98.6,6490.702,CITY I DTEC V,HONDA
2006,80000,Diesel,Manual,Second,12.6,112.0,1627.325,TUCSON CRDI,HYUNDAI
2013,81755,Diesel,Manual,First,20.0,108.5,4417.025,LAURA AMBIENTE 2.0 TDI CR MT,SKODA
2016,99593,Diesel,Manual,First,11.5,171.0,21852.649999999998,FORTUNER 3.0 DIESEL,TOYOTA
2014,39791,Diesel,Manual,First,22.32,126.32,6964.951,VERNA 1.6 SX,HYUNDAI
2015,113000,Diesel,Manual,First,15.1,140.0,10089.414999999999,XUV500 W6 2WD,MAHINDRA
2017,24000,Petrol,Manual,First,25.17,53.3,3254.65,KWID RXT,RENAULT
2015,39000,Petrol,Manual,Second,18.6,81.83,5858.37,I20 ASTA 1.2,HYUNDAI
2012,37000,Petrol,Automatic,First,15.6,116.3,6276.825,CITY V AT,HONDA
2017,61108,Diesel,Automatic,First,10.91,197.0,26855.512,ENDEAVOUR 3.2 TITANIUM AT 4X4,FORD
2016,61648,Petrol,Automatic,First,13.7,157.75,13232.477,SUPERB ELEGANCE 1.8 TSI AT,SKODA
2012,37000,Diesel,Automatic,Third,22.69,190.0,13948.5,3 SERIES 320D SPORT,BMW
2013,53000,CNG,Manual,First,22.8,80.9,5393.42,ERTIGA VXI CNG,MARUTI
2013,65000,Diesel,Manual,First,23.2,73.94,3487.125,RITZ LDI,MARUTI
2005,120000,Petrol,Manual,First,0.0,97.7,1069.385,SANTRO XING XP,HYUNDAI
2011,148009,Diesel,Manual,Second,11.5,171.0,11856.225,FORTUNER 3.0 DIESEL,TOYOTA
2009,53001,Petrol,Manual,First,16.1,88.2,1813.3049999999998,SWIFT LXI BSIII,MARUTI
2018,22345,Petrol,Manual,First,20.3,84.0,4603.005,TIGOR 1.2 REVOTRON XT,TATA
2015,50000,Petrol,Automatic,First,18.0,117.3,7671.675,CITY I VTEC CVT VX,HONDA
2013,48183,Diesel,Automatic,First,13.2,170.0,19518.601,3 SERIES 320D,BMW
2010,93000,Diesel,Automatic,Second,14.21,203.0,16273.25,E-CLASS 2009-2013 E250 CDI BLUE EFFICIENCY,MERCEDES-BENZ
2015,53500,Diesel,Manual,First,28.4,74.0,4984.264,SWIFT VDI,MARUTI
2014,17585,Petrol,Manual,First,16.02,93.7,5904.865,ERTIGA VXI,MARUTI
2011,36226,Petrol,Manual,First,17.01,121.3,2743.205,VERNA 1.6 VTVT,HYUNDAI
2019,25899,Diesel,Automatic,First,12.63,147.5,51795.43,ROVER DISCOVERY SPORT TD4 HSE,LAND
2009,60170,Petrol,Manual,First,0.0,62.0,1069.385,SANTRO XING GL,HYUNDAI
2017,11200,Diesel,Automatic,First,19.27,167.62,34871.25,NEW C-CLASS C 220 CDI STYLE,MERCEDES-BENZ
2017,49045,Petrol,Manual,First,20.36,78.9,3784.693,I10 MAGNA 1.2,HYUNDAI
2012,45000,Diesel,Manual,First,22.07,73.9,2780.4010000000003,POLO DIESEL COMFORTLINE 1.2L,VOLKSWAGEN
2017,40000,Diesel,Manual,First,24.3,88.5,7346.21,VITARA BREZZA VDI OPTION,MARUTI
2016,36600,Diesel,Manual,First,19.87,83.8,6964.951,DUSTER 85PS DIESEL RXL,RENAULT
2009,117000,Diesel,Manual,First,18.0,75.0,1022.8900000000001,INDICA VISTA AQUA 1.3 QUADRAJET,TATA
2016,16000,Diesel,Automatic,First,11.3,254.8,52074.4,GL-CLASS 350 CDI BLUE EFFICIENCY,MERCEDES-BENZ
2016,50000,Diesel,Manual,First,25.4,73.97,3254.65,XCENT 1.2 CRDI S,HYUNDAI
2008,150000,Diesel,Manual,First,18.1,110.0,2789.7,VERNA CRDI SX ABS,HYUNDAI
2014,11000,Petrol,Manual,First,17.01,121.3,5672.389999999999,VERNA 1.6 SX VTVT,HYUNDAI
2010,102016,Petrol,Manual,First,15.6,70.0,2092.275,FIGO PETROL ZXI,FORD
2016,38000,Diesel,Manual,First,25.2,74.0,5532.905,SWIFT VDI OPTIONAL,MARUTI
2013,71491,Diesel,Manual,First,23.08,63.12,4603.005,PULSE RXL,RENAULT
2015,46354,Petrol,Manual,Second,16.47,74.0,5105.151,POLO 1.2 MPI HIGHLINE,VOLKSWAGEN
2019,87000,Diesel,Automatic,First,22.69,190.0,6202.433,3 SERIES 320D LUXURY LINE,BMW
2015,20765,Petrol,Manual,First,15.0,103.52,5811.875,RAPID 1.6 MPI ACTIVE,SKODA
2005,58000,Petrol,Manual,Second,0.0,97.7,1404.149,SANTRO GS,HYUNDAI
2014,51076,Diesel,Automatic,First,12.07,241.4,32434.912,Q7 3.0 TDI QUATTRO PREMIUM PLUS,AUDI
2016,84085,Diesel,Manual,First,26.21,88.5,6416.31,CIAZ VDI PLUS,MARUTI
2014,55000,Diesel,Manual,First,25.1,98.6,5570.101,CITY I DTEC VX,HONDA
2010,73000,Petrol,Automatic,First,10.93,272.0,9670.960000000001,E-CLASS 2009-2013 E350 PETROL,MERCEDES-BENZ
2012,50001,Diesel,Automatic,First,14.57,241.38,26967.1,A6 2011-2015 3.0 TDI QUATTRO PREMIUM PLUS,AUDI
2016,93166,Diesel,Manual,Second,14.02,118.3,5439.915,XYLO H4,MAHINDRA
2006,99583,Petrol,Automatic,Third,12.0,100.0,2055.0789999999997,CITY 1.5 EXI AT,HONDA
2010,72000,Petrol,Manual,First,15.5,103.3,2231.7599999999998,SX4 ZXI MT BSIV,MARUTI
2009,70000,Petrol,Manual,Third,14.53,138.1,2789.7,COROLLA ALTIS G,TOYOTA
2012,61000,Petrol,Automatic,Second,14.4,103.6,3487.125,VENTO PETROL HIGHLINE AT,VOLKSWAGEN
2015,66510,Petrol,Manual,First,21.1,55.2,2743.205,EON ERA PLUS,HYUNDAI
2011,84062,Diesel,Manual,First,20.0,108.5,5393.42,LAURA AMBITION 2.0 TDI CR MT,SKODA
2012,80799,Diesel,Manual,First,22.9,74.0,4556.51,SWIFT VDI,MARUTI
2018,5000,Petrol,Automatic,First,14.28,138.03,15761.804999999998,COROLLA ALTIS 1.8 VL CVT,TOYOTA
2013,92000,Diesel,Manual,First,12.99,100.0,11623.75,INNOVA 2.5 G (DIESEL) 8 SEATER,TOYOTA
2017,53000,Diesel,Manual,First,27.28,69.0,4649.5,TIAGO WIZZ 1.05 REVOTORQ,TATA
2015,39822,Petrol,Manual,First,15.41,103.52,4351.932,RAPID 1.6 MPI AMBITION,SKODA
2016,29000,Diesel,Automatic,First,10.91,197.0,27711.02,ENDEAVOUR 3.2 TITANIUM AT 4X4,FORD
2017,24214,Petrol,Manual,Second,25.17,53.3,3217.4539999999997,KWID RXL,RENAULT
2012,75000,Diesel,Manual,First,23.0,90.0,3719.6,I20 1.4 ASTA CRDI WITH AVN,HYUNDAI
2012,77216,Diesel,Manual,Second,17.5,106.0,4184.55,LAURA AMBIENTE,SKODA
2013,74290,Diesel,Manual,First,21.43,87.2,5458.513,COROLLA ALTIS DIESEL D4DG,TOYOTA
2015,61000,Diesel,Manual,First,15.4,120.0,8834.05,SCORPIO S8 8 SEATER,MAHINDRA
2013,44000,Diesel,Automatic,First,14.16,174.3,30221.75,Q5 2.0 TDI PREMIUM PLUS,AUDI
2014,74041,Diesel,Manual,First,18.2,73.8,3608.0119999999997,ENJOY TCDI LS 8 SEATER,CHEVROLET
2013,85846,Diesel,Automatic,First,22.69,190.0,12163.092,3 SERIES 320D,BMW
2012,52000,Diesel,Manual,First,21.64,84.8,3254.65,SUNNY 2011-2014 DIESEL XV,NISSAN
2010,47000,Petrol,Manual,Second,12.8,177.6,3254.65,ACCORD 2.4 MT,HONDA
2010,72010,Diesel,Manual,First,16.8,110.0,4138.055,VERNA CRDI,HYUNDAI
2015,15000,Petrol,Manual,First,16.8,34.2,2185.265,OMNI E MPI STD BS IV,MARUTI
2015,480000,Petrol,Manual,First,17.4,117.3,4649.5,CITY I VTEC SV,HONDA
2012,24720,Diesel,Automatic,Second,0.0,241.4,26037.2,A7 2011-2015 SPORTBACK,AUDI
2007,75000,Petrol,Manual,Second,16.6,68.0,1859.8,FIESTA 1.4 ZXI LEATHER,FORD
2015,57000,Diesel,Manual,First,22.54,88.73,5904.865,I20 1.4 ASTA,HYUNDAI
2015,41057,Diesel,Automatic,First,13.0,201.1,22903.436999999998,E-CLASS E250 CDI AVANTGRADE,MERCEDES-BENZ
2012,92000,CNG,Manual,Second,26.2,58.2,2789.7,WAGON R LXI CNG,MARUTI
2016,20000,Diesel,Manual,First,22.77,98.59,7346.21,ECOSPORT 1.5 TDCI TREND PLUS,FORD
2011,52359,Petrol,Manual,First,18.5,80.0,3022.1749999999997,I20 1.2 MAGNA,HYUNDAI
2016,17000,Petrol,Manual,Second,17.8,117.3,7671.675,CITY I VTEC V,HONDA
2011,39002,Diesel,Manual,First,23.08,63.1,2650.215,MICRA DIESEL XV,NISSAN
2010,129986,Diesel,Manual,Second,20.0,68.0,2975.6800000000003,FIGO DIESEL EXI,FORD
2013,45000,Petrol,Manual,First,18.44,75.0,1627.325,MICRA XL,NISSAN
2013,41300,Diesel,Manual,First,17.8,97.7,3143.062,SWIFT VDI BSIV,MARUTI
2009,82002,Petrol,Manual,Second,12.8,177.6,5346.925,ACCORD 2.4 MT,HONDA
2010,67000,Petrol,Automatic,First,13.7,157.75,4370.53,SUPERB ELEGANCE 1.8 TSI AT,SKODA
2017,21260,Petrol,Manual,First,14.0,35.0,2696.71,OMNI 8 SEATER BSIV,MARUTI
2012,55362,Diesel,Manual,First,21.9,88.8,3952.075,I20 MAGNA OPTIONAL 1.4 CRDI,HYUNDAI
2017,13000,Diesel,Automatic,First,17.01,126.2,13483.55,CRETA 1.6 CRDI AT SX PLUS,HYUNDAI
2016,45725,Diesel,Manual,First,25.2,74.0,4965.666,SWIFT VDI BSIV,MARUTI
2014,105000,Diesel,Manual,First,25.2,74.0,3580.115,SWIFT LDI BSIV,MARUTI
2009,156056,Diesel,Manual,First,12.8,102.0,7904.15,INNOVA 2.5 G (DIESEL) 8 SEATER BS IV,TOYOTA
2016,135000,Diesel,Manual,First,24.4,71.0,3905.58,XCENT 1.1 CRDI BASE,HYUNDAI
2016,67000,Diesel,Manual,First,20.77,88.7,6276.825,ERTIGA PASEO VDI,MARUTI
2016,90000,Diesel,Automatic,First,10.91,197.2,24177.399999999998,ENDEAVOUR 3.2 TREND AT 4X4,FORD
2019,32251,Diesel,Manual,First,22.54,88.73,8006.438999999999,I20 1.4 SPORTZ,HYUNDAI
2009,47000,Petrol,Manual,First,19.0,67.1,1357.654,ZEN ESTILO LXI BS IV,MARUTI
2011,75308,Diesel,Manual,Second,21.1,73.9,2603.72,RITZ VDI,MARUTI
2018,44202,CNG,Manual,First,32.26,58.2,3719.6,ALTO K10 LXI CNG OPTIONAL,MARUTI
2014,58000,Petrol,Manual,First,17.0,118.0,5086.553,CITY 1.5 S MT,HONDA
2009,60000,Petrol,Manual,First,17.5,85.8,2278.255,SWIFT DZIRE ZXI,MARUTI
2014,45000,Diesel,Automatic,First,17.05,184.0,19992.85,X1 SDRIVE 20D SPORTLINE,BMW
2010,41195,Petrol,Manual,First,15.0,90.0,1283.262,MANZA AQUA SAFIRE,TATA
2016,89000,Diesel,Manual,First,16.0,140.0,12553.65,XUV500 W10 2WD,MAHINDRA
2009,60510,Petrol,Automatic,Second,16.95,78.9,2882.69,I10 SPORTZ AT,HYUNDAI
2016,8500,Petrol,Manual,First,21.4,83.1,5105.151,BALENO SIGMA 1.2,MARUTI
2017,35981,Diesel,Manual,First,24.3,88.5,8843.349,VITARA BREZZA ZDI PLUS DUAL TONE,MARUTI
2012,23152,Petrol,Manual,First,15.6,70.02,2222.4610000000002,FIGO PETROL ZXI,FORD
2014,74663,CNG,Manual,First,33.54,67.04,3022.1749999999997,WAGON R CNG LXI,MARUTI
2014,61529,Petrol,Automatic,First,18.19,103.5,5253.935,VENTO SPORT 1.2 TSI AT,VOLKSWAGEN
2010,91596,Diesel,Manual,First,14.95,93.7,1720.315,XYLO D2 BS III,MAHINDRA
2019,14298,Petrol,Automatic,First,13.33,340.0,1878.398,CAYENNE BASE,PORSCHE
2013,83327,Diesel,Manual,First,19.3,73.9,5393.42,SWIFT DZIRE VDI,MARUTI
2017,22857,Petrol,Manual,First,16.2,74.0,6416.31,POLO 1.2 MPI HIGHLINE PLUS,VOLKSWAGEN
2013,34620,Petrol,Manual,Second,17.01,121.3,4974.964999999999,VERNA 1.6 VTVT,HYUNDAI
2010,56000,Petrol,Manual,First,19.81,68.05,2650.215,I10 ERA 1.1,HYUNDAI
2014,81000,Diesel,Automatic,First,13.0,204.0,21155.225,E-CLASS E250 CDI LAUNCH EDITION,MERCEDES-BENZ
1998,95150,Petrol,Manual,Third,17.3,60.0,418.455,ZEN LXI,MARUTI
2013,32776,Petrol,Manual,First,20.36,78.9,4314.736,I10 SPORTZ,HYUNDAI
2016,51587,Diesel,Manual,First,25.8,98.6,4900.572999999999,AMAZE S I-DTECH,HONDA
2016,36000,Diesel,Manual,First,14.1,148.0,9299.0,SAFARI STORME VX,TATA
2015,22000,Petrol,Manual,First,18.5,86.8,3673.105,BRIO 1.2 S MT,HONDA
2010,30754,Petrol,Manual,First,17.0,80.0,3143.062,I20 ASTA,HYUNDAI
2018,37109,Petrol,Manual,First,14.69,120.33,15622.32,JETTA 2012-2014 1.4 TSI,VOLKSWAGEN
2010,45000,Petrol,Manual,First,16.7,88.8,1850.501,JAZZ SELECT EDITION,HONDA
2017,33284,Petrol,Manual,First,18.9,82.0,5430.616,GRAND I10 SPORTZ,HYUNDAI
2016,55115,Diesel,Automatic,First,14.74,270.9,33615.884999999995,XF DIESEL,JAGUAR
2014,18000,Diesel,Automatic,First,16.36,187.7,23898.43,XF 2.2 LITRE LUXURY,JAGUAR
2013,130790,Diesel,Manual,First,16.0,140.0,8592.276,XUV500 W8 2WD,MAHINDRA
2015,16607,Diesel,Manual,First,22.7,118.0,7113.735000000001,S CROSS DDIS 320 ALPHA,MARUTI
2015,32205,Diesel,Automatic,First,17.11,174.33,23535.768999999997,A4 2.0 TDI 177 BHP PREMIUM PLUS,AUDI
2013,67000,Diesel,Manual,First,19.01,108.45,4417.025,DUSTER 110PS DIESEL RXZ,RENAULT
2014,57676,Petrol,Manual,First,19.1,85.8,6221.031,SWIFT DZIRE VXI,MARUTI
2012,41000,Petrol,Manual,First,16.47,73.9,2882.69,POLO PETROL TRENDLINE 1.2L,VOLKSWAGEN
2012,65000,Petrol,Manual,First,19.7,35.0,1441.345,OMNI 8 SEATER BSII,MARUTI
2019,12153,Petrol,Automatic,First,18.9,81.86,6360.516,GRAND I10 1.2 KAPPA MAGNA AT,HYUNDAI
2014,16810,Petrol,Manual,First,25.4,37.5,1487.8400000000001,NANO TWIST XT,TATA
2017,61221,Petrol,Automatic,First,17.84,147.51,20206.727,A4 30 TFSI PREMIUM PLUS,AUDI
2015,22000,Petrol,Manual,First,16.47,74.0,4417.025,POLO 1.2 MPI HIGHLINE,VOLKSWAGEN
2015,63714,Petrol,Manual,First,22.74,47.3,2278.255,ALTO 800 LXI,MARUTI
2019,14857,Diesel,Automatic,First,20.7,113.98,29338.345,COOPER 5 DOOR D,MINI
2012,69000,Diesel,Automatic,Second,15.2,140.8,9531.475,A4 NEW 2.0 TDI MULTITRONIC,AUDI
2019,14648,Diesel,Manual,First,12.62,158.0,25442.064,ENDEAVOUR TITANIUM 4X2,FORD
2013,100000,Petrol,Manual,Second,15.8,110.0,6044.349999999999,ECOSPORT 1.5 TI VCT MT TITANIUM,FORD
2016,22000,Petrol,Manual,First,18.9,82.0,3952.075,GRAND I10 MAGNA,HYUNDAI
2014,10000,Petrol,Manual,First,18.2,82.4,5114.45,SAIL 1.2 LS,CHEVROLET
2015,107000,Petrol,Manual,First,20.85,83.14,3719.6,SWIFT DZIRE LXI,MARUTI
2017,48198,Petrol,Manual,First,17.57,88.7,4324.035,ZEST REVOTRON 1.2T XM,TATA
2015,15000,Diesel,Automatic,First,19.27,170.0,26502.149999999998,NEW C-CLASS C 220 CDI AVANTGARDE,MERCEDES-BENZ
2014,80073,Diesel,Manual,First,17.3,163.7,6611.589,CRUZE LTZ,CHEVROLET
2013,85388,Diesel,Manual,First,21.1,73.9,3626.6099999999997,RITZ VDI,MARUTI
2017,14700,Petrol,Manual,First,18.9,81.86,5207.44,GRAND I10 1.2 KAPPA SPORTZ OPTION,HYUNDAI
2012,150000,Diesel,Manual,Third,28.4,73.75,2092.275,DZIRE LDI,MARUTI
2011,34994,Diesel,Manual,First,22.32,126.32,3626.6099999999997,VERNA 1.6 SX,HYUNDAI
2014,82536,Diesel,Automatic,First,14.74,270.9,26623.036999999997,XF DIESEL,JAGUAR
2013,82000,Petrol,Automatic,First,13.7,157.75,6741.775,SUPERB ELEGANCE 1.8 TSI AT,SKODA
2006,52000,Petrol,Manual,Second,18.9,67.1,1859.8,WAGON R LXI,MARUTI
2011,20000,Petrol,Manual,First,16.47,73.9,3254.65,POLO PETROL HIGHLINE 1.2L,VOLKSWAGEN
2011,55000,Petrol,Manual,First,14.8,130.2,4649.5,CIVIC 2010-2013 1.8 S MT,HONDA
2015,47001,CNG,Manual,First,20.0,63.0,3459.228,EECO CNG 5 SEATER AC,MARUTI
2014,52000,Petrol,Manual,First,22.5,67.04,3208.155,WAGON R VXI,MARUTI
2013,43284,Diesel,Manual,First,23.4,74.0,4184.55,SWIFT DZIRE VDI,MARUTI
2018,23875,Petrol,Automatic,First,13.0,121.3,13353.364,CRETA 1.6 SX PLUS PETROL AUTOMATIC,HYUNDAI
2016,51866,Petrol,Manual,First,18.9,82.0,5114.45,GRAND I10 ASTA,HYUNDAI
2013,69000,Diesel,Manual,First,23.08,63.1,2789.7,MICRA DIESEL XV PREMIUM,NISSAN
2017,62788,Petrol,Manual,First,18.9,81.86,5653.792,GRAND I10 1.2 KAPPA ASTA,HYUNDAI
2013,150000,Diesel,Manual,First,20.54,103.6,4649.5,VENTO DIESEL HIGHLINE,VOLKSWAGEN
2015,47566,Diesel,Automatic,First,12.55,168.5,18830.475,FORTUNER 4X2 AT,TOYOTA
2002,67000,Petrol,Manual,Third,0.0,97.7,1115.8799999999999,SANTRO GS ZIPDRIVE - EURO II,HYUNDAI
2018,20300,Diesel,Automatic,First,11.36,171.5,16738.2,INNOVA CRYSTA 2.8 GX AT,TOYOTA
2015,48300,Diesel,Automatic,First,20.0,107.3,16273.25,A CLASS A180 CDI,MERCEDES-BENZ
2013,30000,Petrol,Manual,First,21.1,55.2,1952.79,EON D LITE,HYUNDAI
2012,36000,Diesel,Manual,Second,22.7,126.24,6974.25,ELANTRA CRDI SX,HYUNDAI
2015,27641,Diesel,Automatic,Second,20.7,113.98,23033.623,COOPER 3 DOOR D,MINI
2015,60000,Diesel,Manual,First,19.64,108.45,8043.635,DUSTER 110PS DIESEL RXZ OPTION,RENAULT
2019,9000,Diesel,Automatic,First,10.91,197.0,33011.45,ENDEAVOUR 3.2 TITANIUM AT 4X4,FORD
2014,60750,Petrol,Manual,First,14.28,138.03,9763.949999999999,COROLLA ALTIS GL MT,TOYOTA
2018,9000,Diesel,Manual,First,14.0,155.0,12088.699999999999,XUV500 W7,MAHINDRA
2012,41100,Diesel,Automatic,First,16.77,261.49,24642.35,7 SERIES 730LD DESIGN PURE EXCELLENCE CBU,BMW
2004,60000,Petrol,Manual,Second,17.3,64.0,1301.86,WAGON R LX BSIII,MARUTI
2017,38424,Petrol,Manual,First,17.8,117.3,6983.549,CITY I VTEC SV,HONDA
2014,50000,Diesel,Manual,First,22.9,74.0,3998.5699999999997,SWIFT VDI,MARUTI
2015,19000,Petrol,Automatic,First,18.0,117.3,8322.605,CITY I-VTEC CVT VX,HONDA
2015,58734,Diesel,Manual,First,20.77,88.76,6425.609,ERTIGA VDI,MARUTI
2016,65257,Diesel,Manual,First,19.01,108.45,9066.525,DUSTER 110PS DIESEL RXZ,RENAULT
2010,130000,Diesel,Manual,Second,19.3,73.9,3719.6,SWIFT DZIRE VDI,MARUTI
2011,79000,Diesel,Manual,First,23.2,73.94,3394.1349999999998,RITZ VDI,MARUTI
2013,78000,Diesel,Manual,First,15.1,140.0,9996.425,XUV500 W8 4WD,MAHINDRA
2015,49133,Petrol,Manual,First,19.4,86.8,4193.848999999999,BRIO S MT,HONDA
2016,22769,Diesel,Automatic,First,0.0,165.0,45769.678,M-CLASS ML 350 4MATIC,MERCEDES-BENZ
2014,54448,Diesel,Manual,First,21.02,88.8,3440.63,MANZA CLUB CLASS QUADRAJET90 LS,TATA
2014,158793,Diesel,Manual,First,12.8,102.0,12079.401,INNOVA 2.5 V DIESEL 7-SEATER,TOYOTA
2015,62088,Petrol,Manual,First,18.6,85.8,3859.085,SWIFT VXI,MARUTI
2012,14800,Petrol,Manual,First,17.01,121.3,4091.5600000000004,VERNA 1.6 EX VTVT,HYUNDAI
2015,26000,Petrol,Manual,First,17.3,117.3,3952.075,MOBILIO S I VTEC,HONDA
2017,32005,Petrol,Manual,First,18.0,86.7,3952.075,AMAZE S I-VTECH,HONDA
2017,35000,Petrol,Automatic,First,18.0,117.3,7160.23,CITY I-VTEC CVT VX,HONDA
2015,52000,Diesel,Automatic,First,12.7,187.7,36963.525,ROVER RANGE ROVER 2.2L DYNAMIC,LAND
2017,11000,Petrol,Manual,First,17.4,117.3,7904.15,CITY I-VTEC V,HONDA
2008,62000,Petrol,Automatic,First,9.5,231.1,6509.3,E-CLASS 280 ELEGANCE,MERCEDES-BENZ
2002,65134,Petrol,Manual,Third,13.8,70.0,743.9200000000001,IKON 1.3 FLAIR,FORD
2013,71000,Diesel,Manual,First,13.0,168.5,14180.975,FORTUNER 4X2 MANUAL,TOYOTA
2008,51366,Petrol,Manual,First,19.0,66.1,2092.275,A-STAR VXI,MARUTI
2016,46300,Diesel,Manual,First,14.07,83.1,4510.014999999999,SUMO EX,TATA
2012,60908,Petrol,Automatic,Second,15.6,116.3,5969.958,CITY V AT,HONDA
2012,93450,Diesel,Manual,Second,23.19,63.12,2324.75,MICRA XV D,NISSAN
2011,104000,Diesel,Automatic,First,19.08,126.32,5346.925,VERNA SX CRDI AT,HYUNDAI
2003,52000,Petrol,Manual,First,16.1,37.0,464.95,800 STD,MARUTI
2015,42999,Diesel,Manual,First,15.1,140.0,10712.447999999999,XUV500 W8 4WD,MAHINDRA
2014,90000,Diesel,Manual,First,21.5,88.8,4184.55,SX4 VDI,MARUTI
2013,72000,Petrol,Automatic,First,15.0,98.6,4417.025,I20 SPORTZ AT 1.4,HYUNDAI
2019,54321,Diesel,Manual,First,19.67,126.2,12590.846,CRETA 1.6 CRDI SX,HYUNDAI
2015,59630,Diesel,Automatic,First,13.0,201.1,21768.959,E-CLASS E250 CDI AVANTGRADE,MERCEDES-BENZ
2013,116000,Diesel,Automatic,Second,12.55,168.5,17900.575,FORTUNER 4X2 AT,TOYOTA
2015,34000,Diesel,Automatic,First,9.0,181.0,18598.0,S60 D4 KINETIC,VOLVO
2011,70000,Diesel,Automatic,First,14.21,203.0,12088.699999999999,E-CLASS 2009-2013 E250 CDI AVANTGARDE,MERCEDES-BENZ
2010,80000,Petrol,Manual,First,10.2,180.0,3710.301,ACCORD 2.4 ELEGANCE M/T,HONDA
2015,110000,Diesel,Manual,First,25.8,98.6,4324.035,AMAZE S I-DTECH,HONDA
2013,56454,Diesel,Manual,First,28.4,73.75,4324.035,DZIRE ZDI,MARUTI
2013,60000,Petrol,Manual,First,18.6,85.8,2929.185,SWIFT LXI,MARUTI
2013,56000,Petrol,Automatic,First,14.53,138.1,7671.675,COROLLA ALTIS G HV AT,TOYOTA
2012,63000,Diesel,Automatic,Second,11.49,335.3,60443.5,ROVER RANGE ROVER VOGUE SE 4.4 SDV8,LAND
2012,63000,Diesel,Manual,First,22.9,74.0,4184.55,SWIFT VDI,MARUTI
2017,15050,Diesel,Manual,First,16.3,170.0,16273.25,COMPASS 2.0 LIMITED OPTION 4X4,JEEP
2016,29401,Petrol,Manual,First,20.4,81.8,4007.8689999999997,SWIFT VXI BSIV,MARUTI
2016,25238,Petrol,Manual,First,18.7,88.7,5765.38,JAZZ 1.2 SV I VTEC,HONDA
2011,79000,Diesel,Manual,First,23.59,97.7,4342.633,ETIOS GD,TOYOTA
2011,58752,Petrol,Manual,First,16.47,73.9,3087.2679999999996,POLO PETROL TRENDLINE 1.2L,VOLKSWAGEN
2011,62000,Petrol,Automatic,First,12.9,130.0,3487.125,CIVIC 2006-2010 1.8 V AT,HONDA
2013,132000,Petrol,Manual,First,16.78,88.73,4370.53,ETIOS G SP,TOYOTA
2016,51000,Petrol,Manual,First,17.01,121.3,6044.349999999999,VERNA 1.6 SX VTVT,HYUNDAI
2009,185200,Diesel,Manual,First,12.8,102.0,6741.775,INNOVA 2.5 G4 DIESEL 8-SEATER,TOYOTA
2016,61717,Diesel,Manual,First,22.7,118.0,8313.305999999999,SX4 S CROSS DDIS 320 ZETA,MARUTI
2018,8896,Petrol,Manual,First,19.0,94.68,6825.465999999999,FREESTYLE TITANIUM PLUS PETROL,FORD
2016,17000,Petrol,Manual,First,21.4,83.1,6416.31,BALENO ALPHA 1.2,MARUTI
2016,31378,Petrol,Manual,First,18.2,88.7,5486.41,JAZZ V,HONDA
2013,114000,Diesel,Automatic,First,22.32,126.3,6276.825,VERNA 1.6 CRDI EX AT,HYUNDAI
2014,81000,Diesel,Manual,First,25.8,98.6,3812.5899999999997,AMAZE VX I-DTEC,HONDA
2017,31000,Diesel,Automatic,First,18.51,147.51,25107.3,Q3 30 TDI PREMIUM FWD,AUDI
2014,35000,Petrol,Manual,First,15.0,103.52,4184.55,RAPID 2013-2016 1.6 MPI AMBITION,SKODA
2013,60001,Diesel,Automatic,First,17.11,174.33,13483.55,A4 2.0 TDI 177 BHP PREMIUM PLUS,AUDI
2014,75074,Diesel,Manual,First,23.4,74.0,4881.974999999999,SWIFT DZIRE VDI,MARUTI
2012,80000,Diesel,Manual,Second,22.3,74.0,1115.8799999999999,INDICA VISTA QUADRAJET LS,TATA
2006,147350,Diesel,Manual,Second,12.99,100.6,4603.005,INNOVA 2.5 G (DIESEL) 8 SEATER,TOYOTA
2013,60000,Diesel,Manual,First,19.64,108.45,6974.25,DUSTER 110PS DIESEL RXZ PLUS,RENAULT
2015,7501,Petrol,Automatic,First,10.0,333.0,44635.2,E-CLASS E400 CABRIOLET,MERCEDES-BENZ
2015,58000,Diesel,Manual,First,25.8,98.6,4138.055,AMAZE S I-DTECH,HONDA
2018,29277,Diesel,Automatic,First,11.57,254.79,55468.534999999996,GLE 350D,MERCEDES-BENZ
2015,57034,Diesel,Manual,First,23.2,73.94,4072.962,RITZ VDI,MARUTI
2016,40810,Diesel,Manual,First,28.09,88.5,7346.21,CIAZ ZDI PLUS SHVS,MARUTI
2008,35268,Petrol,Manual,Second,0.0,62.0,1748.2119999999998,SANTRO XING GL,HYUNDAI
2008,81000,Diesel,Automatic,Second,18.48,97.7,9763.949999999999,5 SERIES 520D SEDAN,BMW
2018,34630,Petrol,Automatic,First,21.4,83.1,6778.971,BALENO DELTA CVT,MARUTI
2012,45122,Diesel,Manual,First,23.5,88.7,5579.4,FIESTA DIESEL TITANIUM PLUS,FORD
2011,126000,Diesel,Manual,Third,16.0,140.0,6230.33,XUV500 W8 2WD,MAHINDRA
2009,63000,Petrol,Manual,First,19.7,46.3,1394.85,ALTO LXI,MARUTI
2016,32298,Diesel,Automatic,First,20.7,113.98,22131.62,COOPER 3 DOOR D,MINI
2014,63288,Diesel,Manual,First,15.1,140.0,7225.322999999999,XUV500 W8 4WD,MAHINDRA
2012,43337,Petrol,Manual,First,17.92,62.1,3087.2679999999996,SANTRO XING GLS,HYUNDAI
2015,46561,Diesel,Manual,First,22.9,74.0,4593.706,SWIFT VDI,MARUTI
2013,34000,Diesel,Automatic,Second,20.0,107.3,10228.9,A CLASS A180 CDI,MERCEDES-BENZ
2016,48000,Petrol,Manual,First,25.17,53.3,3161.66,KWID RXT,RENAULT
2013,56263,Diesel,Manual,First,22.9,74.0,3877.683,SWIFT VDI,MARUTI
2005,84060,Petrol,Manual,Second,17.3,60.0,1162.375,ZEN LXI,MARUTI
2016,9000,Petrol,Automatic,First,18.9,82.0,5067.955,GRAND I10 MAGNA AT,HYUNDAI
2012,79000,Diesel,Manual,First,21.12,88.8,2408.441,MANZA AURA QUADRAJET BS IV,TATA
2015,87900,Diesel,Manual,First,16.0,140.0,11168.099,XUV500 W10 AWD,MAHINDRA
2010,72425,Petrol,Manual,Second,17.5,85.8,2278.255,SWIFT DZIRE 1.2 VXI BSIV,MARUTI
2015,38000,Diesel,Automatic,First,15.73,174.33,26967.1,Q3 35 TDI QUATTRO PREMIUM PLUS,AUDI
2008,83000,Diesel,Manual,Second,17.8,97.7,2231.7599999999998,FIESTA 1.4 SXI TDCI,FORD
2010,107000,Diesel,Automatic,First,14.84,170.0,11149.501,NEW C-CLASS C 220 CDI ELEGANCE AT,MERCEDES-BENZ
2015,51000,Petrol,Automatic,First,18.0,117.3,7346.21,CITY I VTEC CVT VX,HONDA
2010,140000,Diesel,Manual,Third,12.8,102.0,5811.875,INNOVA 2.5 GX 7 STR,TOYOTA
2011,48000,Petrol,Manual,Second,18.6,79.4,1673.82,BEAT LT,CHEVROLET
2013,62000,CNG,Manual,First,26.6,58.16,2603.72,WAGON R LXI CNG,MARUTI
2015,31000,Petrol,Manual,First,18.7,88.7,4556.51,JAZZ 1.2 S I VTEC,HONDA
2010,75055,Petrol,Manual,First,18.06,75.0,2092.275,MICRA XL PRIMO,NISSAN
2017,51210,Petrol,Automatic,First,19.12,91.1,8266.811,CIAZ AT ZXI,MARUTI
2012,87000,Diesel,Automatic,First,12.55,168.5,13948.5,FORTUNER 4X2 AT,TOYOTA
2018,17000,Diesel,Manual,First,26.1,99.0,5253.935,ASPIRE AMBIENTE DIESEL,FORD
2014,57000,Diesel,Manual,First,20.77,88.8,6509.3,ERTIGA ZDI,MARUTI
2016,9370,Petrol,Manual,First,22.74,47.3,2743.205,ALTO 800 LXI,MARUTI
2013,53226,Petrol,Manual,First,19.4,86.8,3068.6699999999996,BRIO V MT,HONDA
2010,120000,Diesel,Manual,Second,16.2,110.0,3254.65,VERNA TRANSFORM CRDI VGT SX ABS,HYUNDAI
2007,75055,Petrol,Manual,First,12.8,100.0,2138.77,CITY 1.5 GXI,HONDA
2017,37247,Diesel,Manual,First,19.67,126.2,12730.331,CRETA 1.6 CRDI SX,HYUNDAI
2013,64000,Diesel,Manual,First,23.59,67.06,2882.69,ETIOS LIVA GD,TOYOTA
2014,12000,Petrol,Manual,First,13.44,198.25,11856.225,SONATA TRANSFORM 2.4 GDI MT,HYUNDAI
2017,40158,Diesel,Manual,First,19.67,126.2,12786.125,CRETA 1.6 CRDI SX OPTION,HYUNDAI
2017,11000,Petrol,Manual,First,18.7,88.7,6276.825,JAZZ 1.2 SV I VTEC,HONDA
2014,70010,Diesel,Manual,First,20.54,103.6,4881.974999999999,VENTO DIESEL COMFORTLINE,VOLKSWAGEN
2015,82000,Diesel,Manual,First,16.0,140.0,8136.625,XUV500 W6 2WD,MAHINDRA
2017,57259,Diesel,Manual,First,18.49,100.0,8248.213,TUV 300 2015-2019 T8,MAHINDRA
2010,84000,Petrol,Automatic,Second,11.1,142.0,6044.349999999999,ACCORD 2001-2003 2.3 VTI L AT,HONDA
2012,168000,Diesel,Manual,First,20.77,88.76,4184.55,ERTIGA VDI,MARUTI
2012,73670,Diesel,Manual,First,12.83,162.0,11623.75,SSANGYONG REXTON RX5,MAHINDRA
2014,89540,Diesel,Automatic,First,12.55,168.5,15622.32,FORTUNER 4X2 AT,TOYOTA
2016,85423,Diesel,Manual,First,20.77,88.8,8136.625,ERTIGA ZDI,MARUTI
2013,48823,Diesel,Automatic,First,19.5,126.24,7904.15,ELANTRA CRDI SX AT,HYUNDAI
2011,35082,Petrol,Manual,First,20.36,78.9,2055.0789999999997,I10 MAGNA 1.2,HYUNDAI
2012,126000,Petrol,Manual,First,16.8,34.2,1487.8400000000001,OMNI MPI STD BSIV,MARUTI
2016,19000,Petrol,Automatic,First,15.5,86.7,5811.875,AMAZE VX AT I-VTECH,HONDA
2007,69000,Petrol,Automatic,Second,12.9,130.0,2092.275,CIVIC 2006-2010 1.8 V AT,HONDA
2019,29836,Diesel,Automatic,First,17.9,136.0,23944.925,CLA 200 CDI SPORT,MERCEDES-BENZ
2010,48002,Petrol,Manual,Second,13.14,157.8,6276.825,SUPERB 1.8 TFSI MT,SKODA
2015,52324,Diesel,Manual,First,28.09,88.5,5811.875,CIAZ ZDI PLUS SHVS,MARUTI
2013,65000,Diesel,Manual,First,22.7,89.84,4742.49,ECOSPORT 1.5 DV5 MT TITANIUM OPTIONAL,FORD
2009,66000,Diesel,Automatic,Second,8.7,224.34,9996.425,M-CLASS ML 320 CDI,MERCEDES-BENZ
2016,75700,Diesel,Manual,First,24.0,70.0,5300.43,GRAND I10 CRDI SPORTZ,HYUNDAI
2013,43000,Diesel,Manual,First,20.5,105.0,5532.905,VENTO DIESEL BREEZE,VOLKSWAGEN
2012,42706,Diesel,Manual,First,25.44,56.3,2231.7599999999998,BEAT DIESEL LT,CHEVROLET
2013,35000,Diesel,Manual,First,17.21,100.0,3245.351,QUANTO C6,MAHINDRA
2011,54348,Petrol,Automatic,First,19.2,80.0,3719.6,I10 ASTA 1.2 AT WITH SUNROOF,HYUNDAI
2013,84000,Diesel,Manual,First,23.59,67.04,3580.115,ETIOS LIVA 1.4 GD,TOYOTA
2010,63298,Petrol,Automatic,First,14.53,138.1,3673.105,COROLLA ALTIS 2008-2013 1.8 VL AT,TOYOTA
2013,75049,Petrol,Manual,Second,20.36,78.9,2789.7,I10 MAGNA 1.2,HYUNDAI
2018,24237,Petrol,Manual,First,18.16,86.8,6230.33,FIGO ASPIRE 1.2 TI-VCT TITANIUM,FORD
2016,22767,Petrol,Manual,First,18.5,85.8,5709.585999999999,RITZ ZXI,MARUTI
2012,58000,Petrol,Automatic,Second,15.0,98.6,4091.5600000000004,I20 SPORTZ AT 1.4,HYUNDAI
2017,57000,Diesel,Manual,First,26.59,74.0,3952.075,SWIFT DZIRE LDI,MARUTI
2010,50161,Petrol,Automatic,First,8.77,402.0,24112.307,7 SERIES 2007-2012 750LI,BMW
2016,45000,Diesel,Manual,First,22.7,118.0,6509.3,S CROSS DDIS 320 ALPHA,MARUTI
2017,68319,Diesel,Automatic,First,12.55,168.5,23359.088,FORTUNER 4X4 AT,TOYOTA
2017,30711,Petrol,Manual,First,20.3,68.05,4138.055,EON 1.0 MAGNA PLUS OPTION O,HYUNDAI
2011,38277,Diesel,Manual,First,21.9,90.0,2231.7599999999998,I20 1.4 CRDI MAGNA,HYUNDAI
2012,115000,Diesel,Manual,Second,20.54,103.6,4026.467,VENTO DIESEL HIGHLINE,VOLKSWAGEN
2017,46849,Petrol,Automatic,First,18.5,83.14,6444.206999999999,SWIFT DZIRE VXI AT,MARUTI
2014,64000,Diesel,Manual,First,21.9,90.0,3952.075,I20 MAGNA 1.4 CRDI,HYUNDAI
2010,130923,Diesel,Automatic,First,14.21,203.0,11623.75,E-CLASS 2009-2013 E250 CDI BLUE EFFICIENCY,MERCEDES-BENZ
2015,15000,Petrol,Manual,First,18.9,82.0,4556.51,GRAND I10 SPORTZ,HYUNDAI
2014,32720,Diesel,Manual,First,23.0,90.0,4184.55,I20 1.4 CRDI SPORTZ,HYUNDAI
2016,12500,Petrol,Manual,First,25.17,53.3,2789.7,KWID RXT,RENAULT
2015,59800,Petrol,Automatic,First,16.9,82.0,5393.42,XCENT 1.2 KAPPA AT SX OPTION,HYUNDAI
2011,54211,Petrol,Manual,First,15.04,103.6,3096.567,VENTO PETROL HIGHLINE,VOLKSWAGEN
2015,62242,Diesel,Automatic,First,14.39,163.7,6155.938,CRUZE LTZ AT,CHEVROLET
2015,54000,Diesel,Manual,Second,19.01,108.5,5346.925,TERRANO XL 110 PS,NISSAN
2012,65000,Diesel,Manual,First,22.32,126.32,5765.38,VERNA 1.6 SX,HYUNDAI
2015,55000,Petrol,Automatic,First,23.1,67.04,3254.65,CELERIO VXI AMT,MARUTI
2010,71000,Petrol,Manual,First,18.9,67.1,1859.8,WAGON R LXI,MARUTI
2012,70000,Diesel,Manual,First,21.9,88.8,3719.6,I20 MAGNA OPTIONAL 1.4 CRDI,HYUNDAI
2011,53000,Petrol,Automatic,First,12.3,163.2,8834.05,A4 1.8 TFSI,AUDI
2013,43000,Diesel,Automatic,First,17.05,184.0,16273.25,X1 SDRIVE20D,BMW
2015,54000,Petrol,Automatic,First,14.3,103.52,5681.689,RAPID 1.6 MPI AT ELEGANCE PLUS,SKODA
2014,51000,Petrol,Manual,First,20.36,78.9,3487.125,I10 MAGNA,HYUNDAI
2007,78000,Diesel,Manual,Second,10.5,107.2,5765.38,PAJERO 2.8 GLX CRZ,MITSUBISHI
2014,25000,Diesel,Manual,First,26.0,98.6,5718.885,CITY I DTEC SV,HONDA
2012,12600,Petrol,Manual,First,20.92,67.1,2231.7599999999998,ALTO K10 2010-2014 VXI,MARUTI
2009,80000,Diesel,Manual,Fourth & Above,17.8,75.0,1999.2849999999999,SWIFT LDI BSIII,MARUTI
2016,21000,Petrol,Manual,First,18.9,82.0,3487.125,GRAND I10 MAGNA,HYUNDAI
2011,32000,Petrol,Manual,Second,15.6,70.0,1999.2849999999999,FIGO PETROL ZXI,FORD
2015,50000,Petrol,Manual,First,18.9,81.86,4417.025,GRAND I10 SPORTZ EDITION,HYUNDAI
2010,47500,Petrol,Manual,First,15.5,103.3,2278.255,SX4 VXI BSIV,MARUTI
2017,7500,Petrol,Manual,First,17.4,117.3,10368.385,CITY I-VTEC VX,HONDA
2016,68163,Diesel,Automatic,First,19.6,108.45,8276.11,DUSTER 110PS DIESEL RXZ AMT,RENAULT
2014,61000,Diesel,Manual,First,25.8,98.6,4045.0649999999996,AMAZE S I-DTECH,HONDA
2015,100000,Diesel,Manual,Second,12.99,100.6,11158.8,INNOVA 2.5 Z DIESEL 7 SEATER,TOYOTA
2009,61500,Diesel,Automatic,Second,16.07,181.0,7904.15,3 SERIES 320D HIGHLINE,BMW
2017,42883,Petrol,Manual,First,19.81,68.05,3970.6729999999993,I10 MAGNA 1.1 ITECH SE,HYUNDAI
2012,97000,Diesel,Manual,Second,20.45,83.8,3952.075,DUSTER 85PS DIESEL RXL OPTIONAL WITH NAV,RENAULT
2010,39525,Petrol,Automatic,First,11.3,170.0,8601.574999999999,OUTLANDER 2.4,MITSUBISHI
2017,35384,Diesel,Manual,First,24.3,88.5,8006.438999999999,VITARA BREZZA LDI,MARUTI
2010,46000,Diesel,Automatic,First,11.8,261.0,26037.2,R-CLASS R350 CDI 4MATIC,MERCEDES-BENZ
2018,32189,Diesel,Manual,First,23.0,98.96,8601.574999999999,ECOSPORT 1.5 DIESEL TITANIUM,FORD
2016,27000,Diesel,Automatic,First,19.08,126.2,7997.139999999999,VERNA 1.6 CRDI AT SX OPTION,HYUNDAI
2018,22734,Petrol,Manual,First,16.47,74.0,7002.147,POLO 1.2 MPI HIGHLINE,VOLKSWAGEN
2014,58002,Diesel,Manual,First,19.64,108.45,5346.925,DUSTER 110PS DIESEL RXL,RENAULT
2012,31500,Petrol,Automatic,First,16.5,86.8,3859.085,BRIO S OPTION AT,HONDA
2017,30933,Petrol,Manual,First,18.16,86.8,5430.616,FIGO 2015-2019 1.2P TITANIUM MT,FORD
2012,27090,Diesel,Automatic,First,18.53,187.74,15343.35,A6 2.0 TDI DESIGN EDITION,AUDI
2015,29500,Diesel,Automatic,First,15.97,258.0,39985.7,X5 2014-2019 XDRIVE 30D DESIGN PURE EXPERIENCE 7 SEATER,BMW
2013,45000,Petrol,Manual,First,20.36,78.9,3301.1449999999995,I10 SPORTZ OPTION,HYUNDAI
2018,11691,Petrol,Manual,First,18.6,81.83,8276.11,I20 1.2 ASTA OPTION,HYUNDAI
2006,121000,Diesel,Manual,Second,16.4,90.0,2324.75,OCTAVIA L AND K 1.9 TDI MT,SKODA
2010,118077,Diesel,Manual,First,16.2,110.0,3580.115,VERNA TRANSFORM SX VGT CRDI,HYUNDAI
2012,36300,Petrol,Automatic,Third,17.1,121.4,6974.25,VERNA 1.6 SX VTVT (O) AT,HYUNDAI
2005,90000,Petrol,Manual,Second,15.3,61.0,1673.82,GETZ GVS,HYUNDAI
2010,78000,Diesel,Manual,First,20.0,68.0,2092.275,FIGO DIESEL EXI,FORD
2015,42000,Diesel,Automatic,First,17.68,174.33,22550.075,A6 2011-2015 35 TDI TECHNOLOGY,AUDI
2015,27000,Petrol,Manual,First,16.47,74.0,4045.0649999999996,POLO 1.2 MPI HIGHLINE,VOLKSWAGEN
2012,22000,Diesel,Automatic,First,17.05,184.0,10693.85,X1 SDRIVE20D,BMW
2014,49000,Petrol,Manual,First,17.4,117.3,4417.025,CITY I VTEC SV,HONDA
2012,42600,Diesel,Manual,First,23.0,90.0,4640.201,I20 SPORTZ OPTION DIESEL,HYUNDAI
2018,12794,Petrol,Automatic,First,19.0,88.7,8508.585000000001,JAZZ 1.2 V CVT I VTEC,HONDA
2006,125000,Petrol,Manual,Fourth & Above,16.1,97.7,2185.265,SWIFT 1.3 VXI,MARUTI
2014,88046,Petrol,Automatic,First,10.1,152.0,13009.301,CR-V 2.4 AT,HONDA
2014,8000,Diesel,Automatic,Second,20.0,107.3,18365.524999999998,A CLASS A180 CDI,MERCEDES-BENZ
2018,82739,Diesel,Automatic,First,16.0,140.0,15594.422999999999,XUV500 AT W10 AWD,MAHINDRA
2006,193000,Diesel,Manual,Third,13.6,63.0,2324.75,BOLERO SLX 2WD,MAHINDRA
2013,7000,Petrol,Automatic,First,17.97,99.6,3394.1349999999998,SCALA RXL AT,RENAULT
2012,60000,Diesel,Automatic,Second,12.35,187.74,21852.649999999998,ROVER FREELANDER 2 HSE SD4,LAND
2017,38000,Petrol,Manual,First,22.74,47.3,2891.989,ALTO 800 VXI,MARUTI
2013,56344,Petrol,Manual,First,17.6,88.73,4249.643,ETIOS G,TOYOTA
2014,17858,Petrol,Manual,First,17.0,80.0,4947.068,I20 SPORTZ OPTION,HYUNDAI
2012,53000,Petrol,Manual,First,20.36,78.9,2975.6800000000003,I10 SPORTZ,HYUNDAI
2016,67906,Diesel,Manual,First,25.2,74.0,5235.3369999999995,SWIFT VDI BSIV,MARUTI
2015,19000,Petrol,Manual,First,21.1,55.2,2789.7,EON MAGNA PLUS,HYUNDAI
2010,67000,Diesel,Automatic,Second,22.69,190.0,8601.574999999999,3 SERIES 320D,BMW
2011,80000,Diesel,Manual,First,23.57,70.0,1115.8799999999999,INDIGO XL CLASSIC DICOR,TATA
2015,61000,Petrol,Manual,First,22.74,47.3,1999.2849999999999,ALTO 800 LXI,MARUTI
2010,39000,Diesel,Manual,First,22.07,73.9,2836.1949999999997,POLO DIESEL HIGHLINE 1.2L,VOLKSWAGEN
2014,59000,Petrol,Automatic,First,14.28,138.03,10693.85,COROLLA ALTIS VL AT,TOYOTA
2008,80931,Petrol,Manual,First,17.92,62.1,2138.77,SANTRO XING GLS,HYUNDAI
2016,34000,Petrol,Manual,First,20.4,81.8,4603.005,SWIFT ZXI,MARUTI
2013,130000,Diesel,Manual,First,21.64,84.8,4417.025,SCALA DIESEL RXL,RENAULT
2018,52380,Diesel,Manual,First,24.3,88.5,9438.485,VITARA BREZZA ZDI PLUS,MARUTI
2011,44000,Petrol,Manual,First,18.06,75.0,2464.2349999999997,MICRA XV,NISSAN
2015,84000,Diesel,Manual,First,20.0,68.05,3533.62,FIGO DIESEL EXI,FORD
2017,41697,Petrol,Automatic,First,13.1,141.1,15510.732,CR-V 2.0 AT,HONDA
2014,163000,Diesel,Manual,First,19.01,108.5,4649.5,TERRANO XV 110 PS,NISSAN
2011,42000,Petrol,Manual,Second,17.71,78.9,3487.125,ETIOS LIVA 1.2 G,TOYOTA
2013,129000,Diesel,Manual,Third,21.27,88.76,3821.889,I20 ASTA 1.4 CRDI,HYUNDAI
2015,32200,Petrol,Manual,Second,18.16,86.8,3952.075,FIGO ASPIRE 1.2 TI-VCT AMBIENTE,FORD
2004,129000,Diesel,Manual,First,10.5,107.2,3208.155,PAJERO 2.8 GLX CRZ,MITSUBISHI
2014,40000,Diesel,Automatic,First,17.11,174.33,20922.75,A4 2.0 TDI 177 BHP PREMIUM PLUS,AUDI
2006,150000,Petrol,Manual,First,12.4,132.0,4184.55,INNOVA 2.0 E,TOYOTA
2007,140000,Petrol,Manual,First,15.26,74.9,836.91,AVEO U-VA 1.2 LS,CHEVROLET
2006,63181,Petrol,Manual,First,15.3,83.0,1720.315,GETZ GLS,HYUNDAI
2013,39575,Diesel,Manual,First,25.8,98.6,3022.1749999999997,AMAZE S I-DTECH,HONDA
2010,63600,Diesel,Manual,Second,17.8,97.7,2882.69,SWIFT VDI BSIV W ABS,MARUTI
2014,70374,Diesel,Manual,First,22.7,89.84,6825.465999999999,ECOSPORT 1.5 DV5 MT TITANIUM OPTIONAL,FORD
2015,26256,Diesel,Manual,First,20.14,88.5,3952.075,CROSSPOLO 1.5 TDI,VOLKSWAGEN
2016,13460,Petrol,Manual,First,18.6,81.86,5997.8550000000005,ELITE I20 PETROL SPORTZ,HYUNDAI
2011,122000,Diesel,Manual,Second,12.8,102.0,9996.425,INNOVA 2.5 V DIESEL 8-SEATER,TOYOTA
2015,58589,Diesel,Automatic,First,15.26,203.2,25804.725,M-CLASS ML 250 CDI,MERCEDES-BENZ
2005,115000,Petrol,Manual,Second,17.3,64.0,920.601,WAGON R LX BSIII,MARUTI
2016,75000,Diesel,Automatic,First,12.62,158.0,22317.6,ENDEAVOUR 2.2 TREND AT 4X2,FORD
2016,30292,Petrol,Manual,First,18.6,81.86,5672.389999999999,ELITE I20 PETROL SPORTZ,HYUNDAI
2017,32248,Petrol,Manual,First,17.5,88.7,7671.675,WRV I-VTEC VX,HONDA
2013,74000,Petrol,Manual,First,16.47,73.9,4324.035,POLO PETROL HIGHLINE 1.2L,VOLKSWAGEN
2014,56100,Petrol,Manual,First,13.7,153.86,9066.525,CR-V 2.0L 2WD MT,HONDA
2014,61325,Petrol,Manual,First,18.9,81.86,4091.5600000000004,GRAND I10 1.2 KAPPA ASTA,HYUNDAI
2014,33000,Petrol,Manual,First,19.1,85.8,3710.301,SWIFT DZIRE VXI,MARUTI
2016,18090,Diesel,Automatic,First,16.2,258.0,42524.327,5 SERIES 2003-2012 530D,BMW
2014,71390,Diesel,Manual,First,22.7,89.84,4900.572999999999,ECOSPORT 1.5 DV5 MT AMBIENTE,FORD
2014,41000,CNG,Manual,First,26.2,58.2,3254.65,WAGON R LXI CNG,MARUTI
2016,67000,Diesel,Manual,First,26.0,98.6,6741.775,CITY I DTEC V,HONDA
2008,99000,Diesel,Manual,Second,17.0,70.0,1487.8400000000001,INDIGO LS,TATA
2014,142000,Diesel,Manual,Second,19.01,108.45,5579.4,DUSTER 110PS DIESEL RXL,RENAULT
2010,26966,Petrol,Manual,First,20.36,78.9,2789.7,I10 SPORTZ,HYUNDAI
2015,27628,Petrol,Manual,First,18.7,88.7,4603.005,JAZZ 1.2 SV I VTEC,HONDA
2016,82497,Diesel,Manual,First,23.65,88.5,8359.801,SX4 S CROSS DDIS 200 ZETA,MARUTI
2007,86000,Petrol,Manual,Third,11.9,144.0,1720.315,ACCORD VTI-L MT,HONDA
2016,26981,Petrol,Manual,First,16.47,73.9,5728.184,POLO PETROL COMFORTLINE 1.2L,VOLKSWAGEN
2010,110471,Diesel,Manual,First,21.1,73.9,3254.65,RITZ VDI,MARUTI
2014,69000,Petrol,Manual,First,19.5,88.76,4184.55,AMAZE S PETROL,HONDA
2017,12000,Petrol,Manual,First,18.6,81.83,7206.724999999999,I20 1.2 ASTA OPTION,HYUNDAI
2014,77500,Diesel,Manual,First,20.45,83.8,6137.339999999999,DUSTER 85PS DIESEL RXL,RENAULT
2014,48031,Petrol,Manual,First,18.9,82.0,4630.902,GRAND I10 MAGNA,HYUNDAI
2008,170000,Diesel,Automatic,Third,16.07,181.0,9066.525,3 SERIES 320D HIGHLINE,BMW
2014,69565,Diesel,Manual,First,22.7,89.84,5160.945,ECOSPORT 1.5 DV5 MT TREND,FORD
2016,45492,Diesel,Automatic,First,21.5,108.5,9577.970000000001,VENTO 1.5 TDI HIGHLINE AT,VOLKSWAGEN
2011,85000,Petrol,Automatic,Second,11.7,177.6,6974.25,ACCORD 2.4 AT,HONDA
2008,55902,Petrol,Manual,First,14.49,92.7,1673.82,AVEO 1.4,CHEVROLET
2017,18500,Petrol,Manual,First,16.2,74.0,5811.875,POLO 1.2 MPI HIGHLINE PLUS,VOLKSWAGEN
2015,129750,Diesel,Manual,Second,14.95,93.7,6323.32,XYLO D4 BS III,MAHINDRA
2009,50902,Petrol,Automatic,First,19.2,80.0,2789.7,I10 MAGNA AT,HYUNDAI
2015,84725,Diesel,Manual,First,15.1,140.0,10786.84,XUV500 W8 4WD,MAHINDRA
2013,40000,Diesel,Manual,Second,22.7,126.24,6462.805,ELANTRA CRDI SX,HYUNDAI
2010,60000,Petrol,Manual,Third,14.3,160.0,3254.65,PASSAT 1.8 TSI MT,VOLKSWAGEN
2014,33496,Petrol,Manual,First,18.9,81.86,5114.45,GRAND I10 1.2 KAPPA SPORTZ,HYUNDAI
2015,25000,Petrol,Manual,First,18.6,81.83,5253.935,I20 ASTA OPTION 1.2,HYUNDAI
2013,71000,Diesel,Manual,First,18.2,73.8,3022.1749999999997,ENJOY TCDI LS 8 SEATER,CHEVROLET
2015,20826,Petrol,Automatic,First,14.3,103.6,7178.8279999999995,RAPID 1.6 MPI AT AMBITION PLUS ALLOY,SKODA
2016,42244,Diesel,Manual,First,19.67,126.2,11158.8,CRETA 1.6 CRDI SX,HYUNDAI
2013,98598,Diesel,Manual,First,25.44,57.6,1441.345,BEAT DIESEL PS,CHEVROLET
2011,62100,Diesel,Manual,First,11.5,171.0,9996.425,FORTUNER 3.0 DIESEL,TOYOTA
2016,44238,Petrol,Manual,First,18.6,81.83,6248.928,I20 SPORTZ OPTION 1.2,HYUNDAI
2012,91743,Diesel,Automatic,First,12.07,241.4,26548.645,Q7 3.0 TDI QUATTRO,AUDI
2013,19828,Diesel,Automatic,Second,17.85,300.0,69742.5,PANAMERA DIESEL,PORSCHE
2016,36891,Petrol,Manual,First,17.8,117.3,9754.651,CITY I VTEC VX,HONDA
2012,90049,Diesel,Manual,First,17.21,100.0,3533.62,QUANTO C4,MAHINDRA
2012,74002,Diesel,Automatic,First,16.55,140.0,17203.149999999998,A4 2.0 TDI MULTITRONIC,AUDI
2013,41000,Petrol,Automatic,First,12.37,198.25,5579.4,SONATA TRANSFORM 2.4 GDI AT,HYUNDAI
2012,83678,Diesel,Manual,First,22.32,126.32,5114.45,VERNA 1.6 SX,HYUNDAI
2010,91000,Petrol,Manual,First,18.9,67.1,2138.77,WAGON R LXI BS IV,MARUTI
2016,50000,Diesel,Manual,First,24.52,88.5,8090.129999999999,ERTIGA SHVS ZDI PLUS,MARUTI
2015,58000,Diesel,Manual,First,24.4,71.01,4603.005,XCENT 1.1 CRDI S OPTION,HYUNDAI
2012,80000,Diesel,Manual,First,22.9,74.0,3952.075,SWIFT VDI,MARUTI
2017,41290,Diesel,Manual,Second,16.0,140.0,10173.106,XUV500 W6 2WD,MAHINDRA
2013,65000,Diesel,Automatic,First,22.48,190.0,19769.674000000003,5 SERIES 520D LUXURY LINE,BMW
2016,16471,Petrol,Manual,Second,14.28,138.03,10693.85,COROLLA ALTIS 1.8 G,TOYOTA
2015,54339,Diesel,Manual,Second,22.54,88.73,5579.4,I20 ASTA 1.4 CRDI,HYUNDAI
2016,24025,Petrol,Manual,First,18.15,82.0,3812.5899999999997,KUV 100 MFALCON G80 K2,MAHINDRA
2013,24027,Petrol,Manual,First,24.7,47.3,1869.0989999999997,ALTO 800 2016-2019 LXI,MARUTI
2010,59270,Petrol,Manual,First,15.7,67.0,2417.7400000000002,PUNTO EVO 1.2 EMOTION,FIAT
2012,40000,Petrol,Manual,First,18.9,67.1,2185.265,WAGON R VXI BS IV,MARUTI
2012,155566,Diesel,Manual,Second,9.5,118.6,8508.585000000001,PAJERO 4X4 LHD,MITSUBISHI
2013,42320,Petrol,Manual,First,19.4,86.8,2696.71,BRIO EX MT,HONDA
2017,24153,Diesel,Manual,Second,22.54,88.73,8536.482,I20 ASTA OPTION 1.4 CRDI,HYUNDAI
2016,27000,Petrol,Automatic,First,13.0,121.3,10647.355,CRETA 1.6 SX PLUS PETROL AUTOMATIC,HYUNDAI
2012,92000,CNG,Manual,Second,26.83,38.4,1952.79,ALTO GREEN LXI (CNG),MARUTI
2017,61795,Petrol,Manual,First,17.8,86.7,5142.347,AMAZE S I-VTEC,HONDA
2016,13500,Petrol,Manual,First,18.15,82.0,3487.125,KUV 100 MFALCON G80 K6 PLUS,MAHINDRA
2018,4500,Petrol,Automatic,First,18.0,117.3,11623.75,CITY I-VTEC CVT VX,HONDA
2017,23000,Diesel,Automatic,First,16.0,140.0,14413.449999999999,XUV500 AT W10 FWD,MAHINDRA
2011,65400,Petrol,Manual,First,0.0,97.7,1952.79,SANTRO GLS I - EURO I,HYUNDAI
2013,80578,Diesel,Automatic,Second,14.84,170.0,13483.55,NEW C-CLASS 220 CDI AT,MERCEDES-BENZ
2017,42646,Diesel,Automatic,First,19.6,108.45,11586.554,DUSTER 110PS DIESEL RXZ AMT,RENAULT
2014,30000,Petrol,Manual,Second,16.47,74.0,4881.974999999999,POLO 1.2 MPI COMFORTLINE,VOLKSWAGEN
2012,90000,Diesel,Automatic,First,18.48,97.7,13483.55,5 SERIES 520D SEDAN,BMW
2009,98000,Diesel,Automatic,Second,13.5,282.0,23247.5,S CLASS 2005 2013 S 350 CDI,MERCEDES-BENZ
2012,66400,Petrol,Manual,First,0.0,97.7,2473.534,SANTRO GLS II - EURO II,HYUNDAI
2012,50000,Diesel,Automatic,First,12.9,271.23,41845.5,XJ 3.0L PREMIUM LUXURY,JAGUAR
2015,63310,Diesel,Manual,First,28.4,74.0,4742.49,SWIFT VDI,MARUTI
2014,66000,Diesel,Manual,First,25.8,98.6,3254.65,AMAZE S I-DTECH,HONDA
2011,74000,Diesel,Automatic,Second,16.07,181.0,11623.75,3 SERIES 320D HIGHLINE,BMW
2012,93000,Diesel,Manual,First,23.5,88.7,5160.945,VERNA 1.4 EX,HYUNDAI
2015,70000,Diesel,Automatic,First,11.5,169.0,18114.452,FORTUNER 4X2 4 SPEED AT,TOYOTA
2012,48772,Petrol,Manual,First,18.6,85.8,3635.909,SWIFT VXI,MARUTI
2010,66000,Petrol,Manual,First,18.6,79.4,2036.481,BEAT LS,CHEVROLET
2017,27417,Petrol,Automatic,First,18.9,82.0,6407.0109999999995,GRAND I10 ASTA OPTION AT,HYUNDAI
2011,51593,Petrol,Manual,Second,15.6,70.0,3226.753,FIGO PETROL ZXI,FORD
2008,86340,Petrol,Automatic,Second,9.1,97.7,3022.1749999999997,TEANA 230JM,NISSAN
2010,75000,Petrol,Manual,First,16.1,88.2,2650.215,SWIFT VXI BSIII,MARUTI
2016,39237,Diesel,Automatic,First,17.11,174.33,23842.636,A4 35 TDI PREMIUM,AUDI
2018,11966,Petrol,Manual,First,16.8,116.3,9559.372,CITY V MT,HONDA
2015,37000,Petrol,Manual,First,18.2,88.7,5858.37,JAZZ V,HONDA
2014,70920,Diesel,Manual,First,20.14,88.8,4417.025,POLO 1.5 TDI HIGHLINE,VOLKSWAGEN
2013,65280,Diesel,Manual,First,19.87,83.14,5393.42,TERRANO XL D OPTION,NISSAN
2016,62000,Diesel,Automatic,First,12.51,187.7,41380.549999999996,ROVER DISCOVERY SPORT SD4 HSE LUXURY 7S,LAND
2014,44525,Petrol,Manual,First,18.5,82.9,4324.035,I20 MAGNA OPTIONAL 1.2,HYUNDAI
2009,86863,Petrol,Manual,First,17.0,118.0,3347.64,CITY 1.5 E MT,HONDA
2015,102626,Diesel,Manual,First,16.0,140.0,11391.275,XUV500 W10 AWD,MAHINDRA
2017,45000,Diesel,Manual,First,16.3,170.0,18598.0,COMPASS 2.0 LIMITED OPTION 4X4,JEEP
2017,22000,Diesel,Manual,First,16.0,140.0,14878.4,XUV500 W10 AWD,MAHINDRA
2011,108905,Diesel,Automatic,Second,11.79,120.0,5774.679,SCORPIO VLX 4WD AIRBAG AT BSIV,MAHINDRA
2016,12800,Petrol,Manual,First,19.44,67.0,3022.1749999999997,GO PLUS T,DATSUN
2016,32000,Diesel,Manual,First,15.4,120.0,9066.525,SCORPIO S6 PLUS 7 SEATER,MAHINDRA
2014,39000,Petrol,Automatic,First,15.5,86.7,4138.055,AMAZE S AT I-VTECH,HONDA
2017,42000,Diesel,Manual,First,25.6,98.6,11158.8,CITY I-DTEC ZX,HONDA
2008,73000,Petrol,Manual,First,14.4,65.0,743.9200000000001,INDIGO GLE,TATA
2018,48000,Diesel,Manual,First,24.0,73.97,5532.905,GRAND I10 1.2 CRDI SPORTZ,HYUNDAI
2015,18000,CNG,Manual,First,33.44,40.3,2789.7,ALTO 800 2016-2019 CNG LXI,MARUTI
2014,19000,Petrol,Manual,First,17.43,105.5,4881.974999999999,VERNA 1.4 CX VTVT,HYUNDAI
2019,33598,Diesel,Manual,First,13.68,147.8,20643.78,INNOVA CRYSTA 2.4 VX MT,TOYOTA
2012,63000,Diesel,Automatic,First,17.05,184.0,12553.65,X1 SDRIVE20D,BMW
2015,48000,Diesel,Automatic,First,16.96,138.03,12553.65,JETTA 2013-2015 2.0L TDI HIGHLINE AT,VOLKSWAGEN
2014,66000,Diesel,Manual,First,20.0,68.05,3226.753,FIGO DIESEL ZXI,FORD
2013,80000,Diesel,Automatic,Second,11.18,184.0,8834.05,SSANGYONG REXTON RX7,MAHINDRA
2011,37000,Petrol,Manual,First,15.04,103.6,4463.5199999999995,VENTO PETROL HIGHLINE,VOLKSWAGEN
2016,35058,Petrol,Manual,First,15.0,103.52,6081.546,RAPID 1.6 MPI AMBITION WITH ALLOY WHEEL,SKODA
2012,52000,Petrol,Manual,First,16.47,73.9,2882.69,POLO PETROL COMFORTLINE 1.2L,VOLKSWAGEN
2015,61313,Diesel,Manual,First,23.65,88.5,7429.901,S CROSS DDIS 200 DELTA,MARUTI
2009,45000,Petrol,Manual,Second,14.53,138.1,3068.6699999999996,COROLLA ALTIS G,TOYOTA
2015,74000,Diesel,Manual,First,20.77,88.8,8136.625,ERTIGA ZDI,MARUTI
2013,89000,Petrol,Automatic,First,19.2,80.0,3896.2810000000004,I10 ASTA SUNROOF AT,HYUNDAI
2019,13414,Diesel,Automatic,First,17.9,136.0,28613.022999999997,CLA 200 CDI SPORT,MERCEDES-BENZ
2006,95000,Petrol,Manual,Second,16.9,100.0,1962.089,CITY ZX VTEC,HONDA
2018,15900,Petrol,Manual,First,18.15,82.0,5811.875,KUV 100 G80 K8,MAHINDRA
2011,151000,Diesel,Manual,First,11.5,171.0,10600.86,FORTUNER 3.0 DIESEL,TOYOTA
2011,65000,Petrol,Manual,First,17.0,118.0,4835.4800000000005,CITY 1.5 V MT,HONDA
2017,36824,Diesel,Automatic,First,18.53,187.74,37047.216,A6 35 TDI MATRIX,AUDI
2013,65287,Diesel,Manual,First,20.0,68.05,4138.055,FIGO DIESEL ZXI,FORD
2014,52000,Diesel,Automatic,First,17.9,136.0,18133.05,GLA CLASS 200 CDI,MERCEDES-BENZ
2007,33000,Petrol,Manual,First,15.26,74.9,1627.325,AVEO U-VA 1.2 LS,CHEVROLET
2016,71000,Diesel,Manual,First,25.83,99.0,4742.49,FIGO 2015-2019 1.5D TITANIUM MT,FORD
2013,71000,Diesel,Automatic,First,22.7,126.2,6323.32,ELANTRA CRDI SX AT,HYUNDAI
2016,20000,Petrol,Automatic,First,21.4,83.1,5337.626,BALENO ZETA CVT,MARUTI
2010,71000,Petrol,Manual,First,16.1,85.0,3068.6699999999996,SWIFT LXI BSIV,MARUTI
2010,29000,Diesel,Automatic,First,9.9,271.72,29756.8,CLS-CLASS 2006-2010 350 CDI,MERCEDES-BENZ
2016,27000,Diesel,Automatic,First,21.76,190.0,32546.5,3 SERIES LUXURY LINE,BMW
2017,19000,Diesel,Automatic,First,28.4,73.75,8276.11,DZIRE AMT ZDI PLUS,MARUTI
2011,58000,Petrol,Manual,Second,17.01,121.3,3719.6,VERNA 1.6 SX VTVT,HYUNDAI
2018,42203,Diesel,Manual,First,17.1,170.0,18095.854,COMPASS 2.0 LONGITUDE,JEEP
2009,94000,Diesel,Automatic,First,11.4,142.0,4881.974999999999,SONATA EMBERA 2.0L CRDI AT,HYUNDAI
2013,52000,CNG,Manual,Second,15.1,73.0,2417.7400000000002,EECO 5 STR WITH AC PLUS HTR CNG,MARUTI
2018,4900,Diesel,Manual,First,21.5,108.5,8573.678,NEXON 1.5 REVOTORQ XZ PLUS DUAL TONE,TATA
2013,70000,Petrol,Manual,First,21.1,55.2,1673.82,EON ERA PLUS,HYUNDAI
2005,100000,Diesel,Manual,Second,13.5,97.7,1208.8700000000001,INDICA DLS,TATA
2015,65266,Diesel,Automatic,First,14.69,258.0,29524.325,5 SERIES 2013-2017 530D M SPORT,BMW
2014,54569,Diesel,Manual,First,20.77,88.76,5570.101,ERTIGA VDI,MARUTI
2015,51361,Petrol,Manual,First,18.0,86.7,4593.706,AMAZE E I-VTECH,HONDA
2007,125000,Petrol,Manual,Third,16.6,68.0,1394.85,FIESTA 1.4 DURATEC ZXI,FORD
2008,66000,Petrol,Manual,Third,13.5,130.0,3022.1749999999997,CIVIC 2006-2010 1.8 V MT,HONDA
2007,65047,LPG,Manual,First,17.3,57.5,1813.3049999999998,WAGON R LX DUO BSIII,MARUTI
2014,22281,Diesel,Manual,First,20.77,88.8,6044.349999999999,ERTIGA ZDI,MARUTI
2013,63210,Diesel,Manual,First,24.0,70.0,3449.929,GRAND I10 CRDI SPORTZ,HYUNDAI
2018,31000,Petrol,Manual,First,20.14,81.86,4649.5,XCENT 1.2 VTVT E PLUS,HYUNDAI
2008,60000,Petrol,Manual,First,19.81,68.05,1850.501,I10 ERA,HYUNDAI
2017,32006,Petrol,Manual,First,18.0,86.7,3952.075,AMAZE S I-VTECH,HONDA
2009,78000,Diesel,Automatic,First,12.4,179.5,7439.2,A6 2.7 TDI,AUDI
2011,9489,Petrol,Manual,First,20.36,78.9,2743.205,I10 MAGNA 1.2 ITECH SE,HYUNDAI
2018,5000,Petrol,Manual,First,25.17,53.3,3254.65,KWID RXT OPTIONAL,RENAULT
2012,60000,Diesel,Automatic,Second,15.2,140.8,14878.4,A4 NEW 2.0 TDI MULTITRONIC,AUDI
2015,50000,Petrol,Manual,First,22.74,47.3,2557.225,ALTO 800 LXI AIRBAG,MARUTI
2015,53000,Petrol,Manual,First,17.8,117.3,6462.805,CITY I VTEC VX OPTION,HONDA
2011,64000,Petrol,Automatic,Second,11.74,186.0,11623.75,NEW C-CLASS C250 AVANTGARDE,MERCEDES-BENZ
2017,43827,Diesel,Automatic,First,13.22,241.4,34248.217,Q5 3.0 TDI QUATTRO TECHNOLOGY,AUDI
2011,36431,Petrol,Manual,First,16.2,74.0,2510.73,POLO 1.2 MPI COMFORTLINE,VOLKSWAGEN
2017,35000,Diesel,Manual,First,21.38,88.7,9206.01,CRETA 1.4 E PLUS DIESEL,HYUNDAI
2011,94832,Petrol,Manual,First,17.0,118.0,3561.517,CITY 1.5 V MT,HONDA
2012,88381,Petrol,Manual,First,17.0,118.0,4881.974999999999,CITY 1.5 S MT,HONDA
2016,45194,Diesel,Manual,First,22.7,118.0,7206.724999999999,S CROSS DDIS 320 ALPHA,MARUTI
2010,66000,Petrol,Manual,Second,16.51,103.2,2287.554,SX4 VXI BSIV,MARUTI
2014,38578,Diesel,Manual,First,23.4,74.0,3682.404,SWIFT DZIRE VDI,MARUTI
2015,40000,Diesel,Manual,First,20.77,88.8,7671.675,ERTIGA ZDI,MARUTI
2018,20632,Petrol,Manual,First,18.6,81.83,7048.642,I20 1.2 SPOTZ,HYUNDAI
2014,73042,Diesel,Manual,First,24.0,70.0,3710.301,GRAND I10 CRDI MAGNA,HYUNDAI
2014,54257,Petrol,Manual,First,17.4,117.3,5811.875,CITY I VTEC SV,HONDA
2013,93000,Diesel,Manual,First,20.5,103.5,4649.5,RAPID 1.6 TDI ELEGANCE,SKODA
2005,102000,Diesel,Automatic,Second,11.0,198.5,4324.035,E-CLASS E270 CDI,MERCEDES-BENZ
2016,28881,Diesel,Automatic,First,13.01,194.3,19871.963,SANTA FE 4WD AT,HYUNDAI
2007,52195,Petrol,Manual,First,19.7,46.3,1627.325,ALTO LXI,MARUTI
2018,20422,Diesel,Manual,First,12.4,134.0,14962.091,D-MAX V-CROSS 4X4,ISUZU
2012,38000,Diesel,Manual,First,24.8,88.7,3812.5899999999997,VERNA 1.4 CRDI GL,HYUNDAI
2015,92885,Diesel,Manual,First,20.0,68.0,3310.444,FIGO DIESEL ZXI,FORD
2010,43000,Petrol,Manual,Second,17.0,118.0,3914.879,CITY 1.5 S MT,HONDA
2016,70478,Diesel,Manual,First,17.8,97.7,6379.1140000000005,SWIFT VDI BSIV W ABS,MARUTI
2015,57000,Diesel,Manual,First,23.9,126.2,6137.339999999999,VERNA 1.6 CRDI S,HYUNDAI
2018,32434,Petrol,Automatic,First,13.0,121.3,13344.064999999999,CRETA 1.6 SX PLUS PETROL AUTOMATIC,HYUNDAI
2017,32000,Diesel,Manual,First,22.7,89.84,8834.05,ECOSPORT 1.5 DV5 MT TITANIUM,FORD
2011,59000,Diesel,Automatic,First,11.2,241.0,20364.809999999998,X6 XDRIVE30D,BMW
2016,76467,Diesel,Automatic,First,18.12,190.0,28315.454999999998,5 SERIES 2013-2017 520D LUXURY LINE,BMW
2016,100000,Diesel,Manual,First,25.83,99.0,4742.49,FIGO ASPIRE 1.5 TDCI AMBIENTE,FORD
2013,37086,Petrol,Automatic,First,17.0,121.3,5058.656,VERNA VTVT 1.6 AT EX,HYUNDAI
2010,135000,Diesel,Manual,First,13.8,68.0,1487.8400000000001,IKON 1.4 TDCI DURATORQ,FORD
2014,54862,Diesel,Automatic,First,17.68,174.33,15501.433,A6 2011-2015 2.0 TDI,AUDI
2010,67758,Petrol,Manual,First,10.8,97.7,8834.05,CR-V SPORT,HONDA
2012,56200,Petrol,Automatic,First,15.0,98.6,3580.115,I20 2015-2017 SPORTZ AT 1.4,HYUNDAI
2011,169006,Diesel,Manual,First,14.24,174.5,9894.136,FORTUNER 2.8 4WD MT,TOYOTA
2016,20229,Petrol,Manual,First,25.17,53.3,3254.65,KWID RXT,RENAULT
2008,62000,Petrol,Manual,Third,18.0,62.0,1022.8900000000001,SPARK 1.0 LT,CHEVROLET
2011,51500,Petrol,Manual,Second,16.2,103.2,2417.7400000000002,VERNA TRANSFORM VTVT,HYUNDAI
2012,69000,Diesel,Automatic,First,18.88,184.0,17203.149999999998,3 SERIES 320D SPORT LINE,BMW
2004,167000,Petrol,Manual,First,0.0,97.7,1255.365,SANTRO XING XP,HYUNDAI
2015,62476,Diesel,Manual,First,26.59,74.0,7392.705,SWIFT DZIRE VDI,MARUTI
2017,60500,Diesel,Manual,First,25.4,73.97,5105.151,XCENT 1.2 CRDI E PLUS,HYUNDAI
2017,17978,Petrol,Automatic,First,19.0,88.7,6462.805,JAZZ V CVT,HONDA
2008,300000,Diesel,Manual,First,17.0,70.0,929.9,INDIGO LS,TATA
2013,123000,Diesel,Manual,Second,17.8,67.0,4138.055,FIESTA CLASSIC 1.4 DURATORQ CLXI,FORD
2016,45296,Diesel,Manual,First,25.1,88.5,6500.001,S-CROSS ALPHA DDIS 200 SH,MARUTI
2008,77325,Petrol,Manual,First,15.6,104.68,3263.9489999999996,SX4 ZXI WITH LEATHER BSIII,MARUTI
2018,25858,Petrol,Automatic,First,21.4,83.1,7011.446,BALENO ZETA AUTOMATIC,MARUTI
2016,120000,Diesel,Manual,First,23.2,73.94,3394.1349999999998,RITZ LDI,MARUTI
2016,22000,Diesel,Automatic,First,19.5,126.24,14878.4,ELANTRA CRDI SX AT,HYUNDAI
2012,11000,Petrol,Manual,First,16.2,62.1,1301.86,SPARK 1.0 LT,CHEVROLET
2017,3900,Petrol,Manual,First,18.6,81.83,5997.8550000000005,I20 1.2 SPOTZ,HYUNDAI
2016,106092,Diesel,Manual,First,24.4,71.0,4091.5600000000004,XCENT 1.1 CRDI BASE,HYUNDAI
2015,27000,Petrol,Automatic,First,19.0,88.7,5532.905,JAZZ 1.2 V CVT I VTEC,HONDA
2013,11000,Petrol,Manual,First,19.4,86.8,3626.6099999999997,BRIO S MT,HONDA
2016,39753,Diesel,Automatic,First,13.0,201.1,32806.872,E-CLASS E250 CDI AVANTGRADE,MERCEDES-BENZ
2017,39800,Diesel,Manual,First,17.6,153.86,13251.074999999999,HEXA XT,TATA
2017,73000,Diesel,Manual,First,24.4,71.0,4184.55,XCENT 1.1 CRDI BASE,HYUNDAI
2015,55000,Diesel,Manual,First,22.7,89.84,6974.25,ECOSPORT 1.5 DV5 MT TITANIUM OPTIONAL,FORD
2017,18351,Petrol,Automatic,First,21.9,37.48,3170.959,NANO XTA,TATA
2013,45000,Petrol,Manual,Second,19.4,86.8,3022.1749999999997,BRIO VX,HONDA
2016,112200,Diesel,Manual,First,24.52,88.5,7718.17,ERTIGA SHVS ZDI PLUS,MARUTI
2010,29000,Petrol,Manual,First,20.36,78.9,3208.155,I10 SPORTZ 1.2,HYUNDAI
2007,57309,Petrol,Manual,First,17.0,97.7,1952.79,SANTRO XING XO,HYUNDAI
2015,53392,Diesel,Manual,First,16.0,140.0,11112.304999999998,XUV500 W10 2WD,MAHINDRA
2010,71000,Diesel,Manual,First,20.54,103.6,3952.075,VENTO DIESEL HIGHLINE,VOLKSWAGEN
2014,93000,Diesel,Manual,First,14.0,138.1,7671.675,SAFARI STORME 2012-2015 VX,TATA
2010,119000,Petrol,Manual,First,10.2,180.0,5532.905,ACCORD 2.4 ELEGANCE M/T,HONDA
2016,42225,Petrol,Manual,First,15.1,73.0,3998.5699999999997,EECO 7 SEATER STANDARD,MARUTI
2012,65000,Diesel,Manual,First,22.9,74.0,3626.6099999999997,SWIFT VDI,MARUTI
2016,27809,Petrol,Automatic,First,21.4,83.1,5960.659,BALENO ZETA AUTOMATIC,MARUTI
2015,65100,Diesel,Manual,First,15.1,140.0,7773.963999999999,XUV500 W8 2WD,MAHINDRA
2014,51000,Petrol,Manual,First,19.1,82.0,3580.115,XCENT 1.2 KAPPA S,HYUNDAI
2017,10000,Diesel,Automatic,First,19.27,167.62,33476.4,NEW C-CLASS C 220 CDI STYLE,MERCEDES-BENZ
2011,54895,Petrol,Manual,First,13.14,160.0,6974.25,SUPERB 1.8 TSI MT,SKODA
2015,80768,Diesel,Manual,First,20.14,88.73,5300.43,CROSSPOLO 1.5 TDI,VOLKSWAGEN
2019,12076,Petrol,Manual,First,20.89,81.8,5114.45,IGNIS 1.2 DELTA,MARUTI
2016,49000,Diesel,Manual,First,25.2,74.0,5486.41,SWIFT VDI BSIV,MARUTI
2015,42366,Petrol,Manual,First,17.8,117.3,7206.724999999999,CITY I VTEC VX OPTION,HONDA
2010,68000,Diesel,Automatic,First,11.5,235.0,16738.2,5 SERIES 530D HIGHLINE SEDAN,BMW
2008,122397,Diesel,Manual,First,17.5,106.0,4091.5600000000004,LAURA AMBIENTE,SKODA
2017,50534,Petrol,Automatic,First,17.21,103.5,7690.272999999999,POLO GT TSI,VOLKSWAGEN
2014,55300,Diesel,Manual,First,19.87,83.8,4417.025,DUSTER 85PS DIESEL RXL,RENAULT
2008,73095,Petrol,Automatic,First,16.8,118.0,3533.62,CITY 1.5 S AT,HONDA
2011,51100,Diesel,Manual,First,20.54,103.6,3161.66,VENTO DIESEL HIGHLINE,VOLKSWAGEN
2016,13436,Petrol,Manual,Second,18.9,82.0,4370.53,GRAND I10 SPORTZ,HYUNDAI
2008,76000,Petrol,Manual,Second,16.6,68.0,1385.551,FIESTA 1.4 ZXI DURATEC,FORD
2016,63141,Diesel,Manual,Second,24.4,71.0,4184.55,XCENT 1.1 CRDI S,HYUNDAI
2014,74885,Diesel,Manual,First,25.8,98.6,5021.46,AMAZE VX I-DTEC,HONDA
2016,14000,Petrol,Automatic,First,18.0,117.3,10693.85,CITY I VTEC CVT VX,HONDA
2012,56000,Diesel,Manual,Second,20.4,108.5,3254.65,FLUENCE 1.5,RENAULT
2010,46000,Diesel,Automatic,First,22.48,190.0,15343.35,5 SERIES 520D LUXURY LINE,BMW
2012,51800,Petrol,Manual,First,15.5,103.3,3626.6099999999997,SX4 ZXI MT BSIV,MARUTI
2007,81000,Petrol,Automatic,First,16.4,78.0,3022.1749999999997,CITY ZX CVT,HONDA
2018,17370,Petrol,Manual,First,17.0,73.75,5430.616,AMEO 1.2 MPI COMFORTLINE,VOLKSWAGEN
2016,18456,Petrol,Manual,First,17.0,73.75,5346.925,AMEO 1.2 MPI COMFORTLINE,VOLKSWAGEN
2010,59000,Diesel,Automatic,First,16.55,140.0,9299.0,A4 2.0 TDI MULTITRONIC,AUDI
2006,141537,Petrol,Manual,Second,18.9,67.1,976.395,WAGON R VXI,MARUTI
2013,51000,Diesel,Automatic,First,19.08,126.32,5244.6359999999995,VERNA SX CRDI AT,HYUNDAI
2019,29311,Diesel,Automatic,First,17.9,170.0,47397.003,GLC 220D 4MATIC STYLE,MERCEDES-BENZ
2016,31000,Diesel,Automatic,First,21.76,190.0,27850.504999999997,3 SERIES LUXURY LINE,BMW
2014,80000,Diesel,Manual,Second,24.2,98.6,4510.014999999999,MOBILIO V OPTION I DTEC,HONDA
2016,33000,Diesel,Automatic,First,17.01,126.2,13483.55,CRETA 1.6 CRDI AT SX PLUS,HYUNDAI
2011,71556,Petrol,Manual,First,17.0,118.0,5114.45,CITY 1.5 S MT,HONDA
2011,85000,Diesel,Manual,First,17.8,68.0,2975.6800000000003,FIESTA 1.4 TDCI EXI,FORD
2016,91000,Diesel,Manual,First,26.59,74.0,4184.55,SWIFT DZIRE LDI,MARUTI
2015,73187,Diesel,Automatic,First,13.0,204.0,28566.528,E-CLASS E250 CDI LAUNCH EDITION,MERCEDES-BENZ
2009,232000,Diesel,Manual,First,11.5,147.9,3254.65,CAPTIVA LT,CHEVROLET
2007,127079,Diesel,Manual,First,12.8,102.0,6500.001,INNOVA 2.5 V DIESEL 7-SEATER,TOYOTA
2014,58816,Diesel,Manual,First,17.21,100.0,3208.155,QUANTO C8,MAHINDRA
2015,63818,Petrol,Manual,First,17.4,117.3,6109.443,CITY I VTEC V,HONDA
2014,40000,Diesel,Automatic,First,17.11,174.33,16273.25,A4 2.0 TDI 177 BHP PREMIUM PLUS,AUDI
2013,77445,Diesel,Manual,First,22.07,73.9,3487.125,POLO DIESEL COMFORTLINE 1.2L,VOLKSWAGEN
2017,14000,Petrol,Automatic,First,14.8,121.36,9289.701,ECOSPORT 1.5 PETROL TITANIUM PLUS AT,FORD
2012,85122,Diesel,Manual,First,12.99,100.0,7625.179999999999,INNOVA 2.5 G (DIESEL) 7 SEATER BS IV,TOYOTA
2005,123000,Petrol,Manual,Third,13.0,100.0,1022.8900000000001,CITY 1.5 EXI,HONDA
2015,61000,CNG,Manual,First,22.1,85.7,3617.311,SX4 GREEN VXI (CNG),MARUTI
2015,63714,Petrol,Manual,First,24.7,47.3,2278.255,ALTO 800 2016-2019 LXI OPTIONAL,MARUTI
2009,53000,Diesel,Automatic,First,8.7,224.34,12786.125,M-CLASS ML 320 CDI,MERCEDES-BENZ
2017,60000,Diesel,Manual,First,26.59,74.0,2789.7,SWIFT DZIRE LDI,MARUTI
2017,33000,Diesel,Manual,First,24.3,88.5,8601.574999999999,VITARA BREZZA ZDI PLUS DUAL TONE,MARUTI
2013,31000,Diesel,Automatic,First,13.2,215.0,16412.734999999997,S60 D5 SUMMUM,VOLVO
2014,79000,Diesel,Automatic,First,12.55,168.5,16970.675,FORTUNER 4X2 AT,TOYOTA
2013,67914,Diesel,Manual,First,23.0,90.0,3208.155,I20 SPORTZ OPTION DIESEL,HYUNDAI
2015,58970,Diesel,Automatic,First,17.11,174.33,22085.125,A4 35 TDI PREMIUM,AUDI
2013,60000,Diesel,Manual,Second,19.64,108.5,5067.955,TERRANO XV D PRE,NISSAN
2017,35225,Petrol,Automatic,First,23.1,67.04,4881.974999999999,CELERIO ZXI AMT,MARUTI
2005,69496,Petrol,Manual,First,15.9,97.7,1022.8900000000001,ESTEEM VXI,MARUTI
2012,62282,Petrol,Automatic,First,16.95,78.9,2696.71,I10 SPORTZ AT,HYUNDAI
2010,80000,Diesel,Automatic,First,22.69,190.0,13204.579999999998,3 SERIES 320D,BMW
2018,43698,Petrol,Manual,First,18.9,82.0,5393.42,GRAND I10 SPORTZ,HYUNDAI
2017,28052,Petrol,Automatic,First,18.9,82.0,6713.878,GRAND I10 ASTA OPTION AT,HYUNDAI
2016,29091,Petrol,Manual,First,18.9,81.86,4528.613,GRAND I10 1.2 KAPPA SPORTZ,HYUNDAI
2013,63000,Petrol,Manual,First,16.47,74.0,3068.6699999999996,POLO 1.2 MPI COMFORTLINE,VOLKSWAGEN
2007,91000,Petrol,Manual,Second,17.7,78.0,2789.7,CITY ZX EXI,HONDA
2014,30000,Diesel,Automatic,First,17.9,136.0,24177.399999999998,GLA CLASS 200 CDI,MERCEDES-BENZ
2017,24571,Petrol,Manual,First,14.0,35.0,2696.71,OMNI 8 SEATER BSIV,MARUTI
2014,45000,Petrol,Automatic,First,15.74,121.3,6974.25,VERNA 1.6 SX VTVT AT,HYUNDAI
2015,24617,Petrol,Manual,First,22.74,47.3,2194.564,ALTO 800 LXI,MARUTI
2017,26927,Diesel,Manual,First,24.3,88.5,10591.561,VITARA BREZZA ZDI PLUS DUAL TONE,MARUTI
2013,87736,Diesel,Manual,First,15.1,140.0,6527.897999999999,XUV500 W8 2WD,MAHINDRA
2016,35299,Diesel,Manual,First,24.3,88.5,7439.2,VITARA BREZZA ZDI,MARUTI
2017,51612,Petrol,Manual,First,18.6,81.83,6611.589,I20 1.2 SPOTZ,HYUNDAI
1998,55300,Diesel,Automatic,First,10.0,157.7,3626.6099999999997,E-CLASS 250 D W 210,MERCEDES-BENZ
2009,65090,Petrol,Manual,First,19.7,46.3,1999.2849999999999,ALTO LXI,MARUTI
2013,40000,Petrol,Manual,First,18.0,86.7,3022.1749999999997,AMAZE S I-VTECH,HONDA
2015,38467,Diesel,Automatic,First,12.65,255.0,65706.734,ROVER RANGE ROVER SPORT HSE,LAND
2013,71904,Diesel,Manual,First,24.0,70.0,4286.839,GRAND I10 CRDI MAGNA,HYUNDAI
2008,87000,Petrol,Manual,First,13.5,130.0,2185.265,CIVIC 2006-2010 1.8 S MT,HONDA
2014,33000,Diesel,Manual,Second,24.0,70.0,3766.095,GRAND I10 CRDI MAGNA,HYUNDAI
2009,22100,Petrol,Manual,Second,16.1,37.0,743.9200000000001,800 AC UNIQ,MARUTI
2014,59589,Diesel,Manual,First,23.59,67.1,5207.44,ETIOS LIVA DIESEL,TOYOTA
2015,44000,Diesel,Manual,First,22.54,88.73,4974.964999999999,I20 MAGNA 1.4 CRDI,HYUNDAI
2017,12000,Petrol,Manual,First,24.07,67.1,3022.1749999999997,ALTO K10 VXI,MARUTI
2012,66000,Diesel,Automatic,Second,17.05,184.0,10693.85,X1 SDRIVE20D,BMW
2016,38009,Petrol,Automatic,First,23.1,67.04,3952.075,CELERIO VXI AT,MARUTI
2009,35000,Petrol,Automatic,Second,13.7,157.75,4138.055,SUPERB ELEGANCE 1.8 TSI AT,SKODA
2009,70000,Diesel,Manual,First,14.0,112.0,2650.215,XYLO E4,MAHINDRA
2014,86000,Diesel,Manual,First,15.1,140.0,7299.714999999999,XUV500 W8 2WD,MAHINDRA
2016,32000,Petrol,Manual,First,19.1,85.8,4928.469999999999,SWIFT DZIRE VXI,MARUTI
2017,15000,Petrol,Manual,First,18.88,123.24,7439.2,ECOSPORT 1.0 ECOBOOST PLATINUM EDITION,FORD
2014,69918,Diesel,Manual,First,21.43,87.2,8768.957,COROLLA ALTIS DIESEL D4DG,TOYOTA
2012,39000,Petrol,Manual,First,18.5,80.0,2557.225,I20 2015-2017 1.2 MAGNA,HYUNDAI
2018,1011,Diesel,Manual,First,20.37,108.45,12553.65,CAPTUR 1.5 DIESEL PLATINE MONO,RENAULT
2009,85000,Diesel,Automatic,First,11.0,198.5,9289.701,E-CLASS 280 CDI,MERCEDES-BENZ
2017,46663,Petrol,Manual,First,21.1,100.0,6462.805,BALENO RS 1.0 PETROL,MARUTI
2015,27000,Petrol,Automatic,First,17.97,99.6,6276.825,SUNNY 2011-2014 XL AT SPECIAL EDITION,NISSAN
2015,15000,Petrol,Automatic,First,18.9,82.0,5114.45,GRAND I10 AT ASTA,HYUNDAI
2018,10575,Petrol,Manual,First,21.56,103.25,8536.482,CIAZ ZETA,MARUTI
2014,12500,Petrol,Manual,First,19.1,82.0,3859.085,XCENT 1.2 KAPPA S,HYUNDAI
2012,52000,Diesel,Manual,First,22.32,126.32,6044.349999999999,VERNA 1.6 SX CRDI (O),HYUNDAI
2015,49818,Petrol,Manual,First,21.5,81.8,3821.889,WAGON R VXI 1.2,MARUTI
2008,90000,Diesel,Manual,Second,16.8,110.0,2092.275,VERNA CRDI,HYUNDAI
2015,52207,Petrol,Manual,First,17.71,78.9,4240.343999999999,ETIOS LIVA G,TOYOTA
2013,167362,Diesel,Manual,First,11.68,112.0,3719.6,XYLO E4 ABS BS III,MAHINDRA
2015,49894,Diesel,Manual,First,23.59,67.06,4900.572999999999,ETIOS LIVA GD,TOYOTA
2019,13024,Diesel,Manual,First,18.06,63.0,8471.389,THAR DI 4X4,MAHINDRA
2010,128000,Diesel,Manual,Second,14.42,147.6,5765.38,X-TRAIL SLX MT,NISSAN
2017,26023,Diesel,Automatic,First,11.36,171.5,18570.103,INNOVA CRYSTA 2.8 ZX AT,TOYOTA
2016,42784,Diesel,Manual,First,21.38,88.7,9457.083,CRETA 1.4 CRDI S,HYUNDAI
2014,115000,Diesel,Manual,First,28.4,74.0,4184.55,SWIFT VDI,MARUTI
2019,30529,Diesel,Manual,First,23.9,126.2,13278.972,VERNA 1.6 CRDI SX OPTION,HYUNDAI
2012,14814,Petrol,Manual,Second,19.7,46.3,2296.853,ALTO LXI BSIII,MARUTI
2016,58000,Diesel,Manual,First,23.65,88.5,7346.21,S CROSS DDIS 200 ALPHA,MARUTI
2011,68128,Petrol,Manual,First,21.1,55.2,2138.77,EON ERA,HYUNDAI
2013,63220,Petrol,Manual,First,13.24,102.5,6044.349999999999,TERRANO XL,NISSAN
2016,30000,Petrol,Manual,First,21.1,55.2,3022.1749999999997,EON ERA,HYUNDAI
2017,27768,Diesel,Manual,First,20.65,88.7,5439.915,ZEST QUADRAJET 1.3 XT,TATA
2014,53000,Diesel,Automatic,Second,14.21,203.0,26967.1,E-CLASS 2009-2013 E250 CDI ELEGANCE,MERCEDES-BENZ
2014,87652,Diesel,Automatic,Second,14.16,174.3,23907.729,Q5 2.0 TDI PREMIUM PLUS,AUDI
2008,94873,Petrol,Manual,Second,15.3,101.0,1720.315,FIESTA 1.6 ZXI LEATHER,FORD
2015,56000,Diesel,Automatic,First,18.88,184.0,21155.225,3 SERIES 320D PRESTIGE,BMW
2018,18678,Petrol,Manual,First,21.1,100.0,7736.768,BALENO RS 1.0 PETROL,MARUTI
2014,30000,Diesel,Automatic,First,14.21,203.0,24177.399999999998,E-CLASS 2009-2013 E250 CDI BLUE EFFICIENCY,MERCEDES-BENZ
2012,129000,Diesel,Automatic,First,12.8,97.7,6509.3,ENDEAVOUR HURRICANE LE,FORD
2013,59000,Petrol,Manual,First,20.36,78.9,3208.155,I10 SPORTZ 1.2,HYUNDAI
2017,13000,Petrol,Manual,First,18.9,82.0,4788.985000000001,GRAND I10 ASTA OPTION,HYUNDAI
2014,74325,Petrol,Manual,First,19.4,86.8,3263.9489999999996,BRIO S MT,HONDA
2015,45000,Diesel,Manual,First,21.9,88.76,3208.155,I20 MAGNA 1.4 CRDI (DIESEL),HYUNDAI
2013,57000,Petrol,Manual,First,16.47,73.9,3487.125,POLO PETROL HIGHLINE 1.2L,VOLKSWAGEN
2001,125943,Petrol,Manual,Second,13.0,100.0,1348.355,CITY 1.5 EXI,HONDA
2008,80000,Diesel,Manual,First,18.7,66.0,2045.7800000000002,OCTAVIA AMBIENTE 1.9 TDI,SKODA
2010,154000,Diesel,Manual,First,13.1,141.0,7429.901,ENDEAVOUR 2.5L 4X2,FORD
2013,62000,Diesel,Manual,Second,18.3,147.9,6276.825,CRUZE LTZ,CHEVROLET
2013,27000,Petrol,Automatic,First,14.0,97.7,11149.501,CR-V AT WITH SUN ROOF,HONDA
2014,45000,Diesel,Manual,First,24.2,98.6,4649.5,MOBILIO V I DTEC,HONDA
2012,105000,Diesel,Manual,Second,20.77,88.76,5486.41,ERTIGA VDI,MARUTI
2013,26000,Petrol,Manual,First,18.9,82.0,3487.125,GRAND I10 SPORTZ,HYUNDAI
2014,30900,Diesel,Automatic,First,14.74,270.9,27432.05,XF 3.0 LITRE S PREMIUM LUXURY,JAGUAR
2014,48000,Petrol,Manual,First,18.0,86.7,4417.025,AMAZE VX I-VTECH,HONDA
2011,112719,Diesel,Automatic,First,12.4,179.5,10693.85,A6 2.7 TDI,AUDI
2017,5000,Petrol,Manual,First,18.6,81.83,6462.805,I20 1.2 SPOTZ,HYUNDAI
2016,16000,Petrol,Manual,First,17.0,73.75,5021.46,AMEO 1.2 MPI HIGHLINE PLUS 16,VOLKSWAGEN
2011,63000,Petrol,Automatic,First,13.4,135.1,4417.025,FLUENCE 2.0,RENAULT
2011,28300,Petrol,Manual,First,24.07,67.1,1999.2849999999999,ALTO K10 VXI,MARUTI
2005,49000,Petrol,Manual,First,19.7,46.3,836.91,ALTO STD,MARUTI
2016,12501,Petrol,Manual,First,20.51,67.04,3254.65,WAGON R VXI BS IV,MARUTI
2016,56628,Diesel,Manual,First,20.4,92.0,5439.915,LINEA 1.3 EMOTION,FIAT
2010,105000,Diesel,Manual,First,19.3,73.9,2929.185,SWIFT DZIRE VDI BSIV,MARUTI
2016,52126,Diesel,Manual,First,21.64,84.8,5579.4,SCALA DIESEL RXL,RENAULT
2010,38000,Petrol,Manual,First,18.5,80.0,2073.677,I20 MAGNA,HYUNDAI
2016,50000,Petrol,Manual,First,19.1,82.0,2324.75,XCENT 1.2 KAPPA SX OPTION,HYUNDAI
2015,50230,Petrol,Manual,First,18.9,67.1,3598.713,WAGON R LXI,MARUTI
2014,31000,Diesel,Manual,First,15.1,140.0,8834.05,XUV500 W8 2WD,MAHINDRA
2014,79000,Diesel,Automatic,First,12.55,168.5,16505.725,FORTUNER 4X2 AT,TOYOTA
2012,130000,Diesel,Manual,First,19.64,108.45,3487.125,DUSTER 110PS DIESEL RXZ PLUS,RENAULT
2010,115000,Petrol,Manual,Second,17.92,62.1,1394.85,SANTRO XING GLS,HYUNDAI
2013,41500,Petrol,Manual,Second,17.01,121.3,4649.5,VERNA 1.6 SX VTVT,HYUNDAI
2014,54385,Diesel,Automatic,Second,15.06,177.0,15808.3,X1 SDRIVE 20D EXCLUSIVE,BMW
2011,56361,Petrol,Automatic,First,12.9,130.0,4072.962,CIVIC 2006-2010 1.8 V AT,HONDA
2018,22000,Petrol,Automatic,First,15.26,187.74,38590.85,A6 35 TFSI MATRIX,AUDI
2017,8000,Petrol,Manual,First,20.51,67.04,2789.7,WAGON R LXI BS IV,MARUTI
2018,28741,Diesel,Manual,First,24.3,88.5,10228.9,VITARA BREZZA ZDI PLUS DUAL TONE,MARUTI
2012,117236,Diesel,Automatic,Second,11.8,190.0,13018.6,ROVER DISCOVERY 3 TDV6 DIESEL AUTOMATIC,LAND
2016,30500,Diesel,Automatic,First,26.59,74.0,7113.735000000001,DZIRE NEW,MARUTI
2018,5000,Petrol,Manual,First,17.0,121.3,8090.129999999999,VERNA VTVT 1.6 SX,HYUNDAI
2016,42000,Diesel,Manual,First,25.47,88.5,9206.01,ERTIGA ZDI PLUS,MARUTI
2010,32773,Petrol,Manual,First,13.2,94.0,1906.2949999999998,ACCENT GLE,HYUNDAI
2016,19008,Petrol,Manual,First,17.0,80.0,4881.974999999999,I20 1.2 SPORTZ,HYUNDAI
2012,32542,Petrol,Manual,First,17.0,121.3,5365.522999999999,VERNA VTVT 1.6 SX,HYUNDAI
2010,94753,Petrol,Manual,First,19.7,46.3,1813.3049999999998,ALTO LX,MARUTI
2011,70000,Diesel,Manual,Second,12.05,120.0,6927.755,SCORPIO VLX,MAHINDRA
2012,68347,Petrol,Manual,First,18.9,67.1,2417.7400000000002,WAGON R LXI,MARUTI
2011,72000,Petrol,Manual,Second,17.0,80.0,3022.1749999999997,I20 1.2 SPORTZ,HYUNDAI
2010,75014,Diesel,Manual,First,21.1,73.9,3580.115,RITZ VDI,MARUTI
2013,65000,Diesel,Automatic,Second,13.73,148.0,6974.25,KOLEOS 2.0 DIESEL,RENAULT
2012,55598,Diesel,Automatic,First,22.69,190.0,10693.85,3 SERIES 320D,BMW
2013,50000,Petrol,Manual,First,19.4,86.8,3022.1749999999997,BRIO V MT,HONDA
2003,44200,Petrol,Manual,Second,11.7,134.0,1394.85,SONATA GOLD,HYUNDAI
2014,65000,Diesel,Manual,First,19.3,73.9,4937.768999999999,SWIFT DZIRE VDI,MARUTI
2013,49000,Diesel,Manual,First,16.0,140.0,8369.1,XUV500 W8 4WD,MAHINDRA
2016,7200,Petrol,Manual,First,19.81,68.05,3338.341,I10 SPORTZ 1.1L,HYUNDAI
2016,43152,Petrol,Manual,First,20.73,91.1,6834.764999999999,CIAZ ZXI PLUS,MARUTI
2013,112000,Diesel,Manual,First,12.8,102.0,11158.8,INNOVA 2.5 V DIESEL 8-SEATER,TOYOTA
2017,23540,Petrol,Manual,First,18.9,82.0,5597.998,GRAND I10 SPORTZ,HYUNDAI
2008,82160,Diesel,Manual,First,16.52,123.7,2389.843,OPTRA MAGNUM 2.0 LS BSIII,CHEVROLET
2013,57000,Diesel,Manual,First,12.83,162.0,11577.255,SSANGYONG REXTON RX5,MAHINDRA
2015,39335,Diesel,Manual,First,15.1,140.0,11744.637,XUV500 W8 2WD,MAHINDRA
2014,62000,Petrol,Manual,Second,17.4,117.3,7206.724999999999,CITY I VTEC SV,HONDA
2014,60000,Diesel,Manual,First,22.7,89.84,5114.45,ECOSPORT 1.5 DV5 MT TITANIUM,FORD
2015,35000,Petrol,Manual,First,18.6,81.83,4119.456999999999,I20 SPORTZ 1.2,HYUNDAI
2016,32345,Diesel,Automatic,First,17.9,136.0,22791.849000000002,CLA 200 CDI SPORT,MERCEDES-BENZ
2014,47000,Petrol,Manual,First,22.0,55.0,2464.2349999999997,EON MAGNA,HYUNDAI
2012,65537,CNG,Manual,Second,33.44,40.3,1952.79,ALTO 800 2016-2019 CNG LXI,MARUTI
2011,36000,Petrol,Manual,First,17.6,88.7,2975.6800000000003,ETIOS G SAFETY,TOYOTA
2016,75000,Diesel,Manual,First,23.4,74.0,3952.075,SWIFT DZIRE TOUR LDI,MARUTI
2008,38000,Petrol,Manual,First,19.7,46.3,1022.8900000000001,ALTO LXI,MARUTI
2015,57818,Petrol,Manual,First,23.1,67.04,3998.5699999999997,CELERIO ZXI,MARUTI
2015,45000,Diesel,Manual,First,22.7,89.84,8276.11,ECOSPORT 1.5 DV5 MT TITANIUM OPTIONAL,FORD
2015,75055,Diesel,Manual,First,19.01,108.5,6044.349999999999,TERRANO XV 110 PS LIMITED EDITION,NISSAN
2009,65462,Petrol,Automatic,Third,11.1,142.0,3254.65,ACCORD VTI-L AT,HONDA
2008,76206,Diesel,Manual,First,17.8,75.0,3952.075,SWIFT LDI BSIII,MARUTI
2018,25948,Diesel,Automatic,First,16.0,140.0,15306.154,XUV500 AT W10 FWD,MAHINDRA
2016,28500,Petrol,Manual,First,18.7,88.7,5532.905,JAZZ 1.2 VX I VTEC,HONDA
2015,28004,Petrol,Manual,First,17.8,117.3,6602.289999999999,CITY I VTEC V,HONDA
2011,25000,Petrol,Manual,Second,15.7,67.0,1162.375,GRANDE PUNTO 1.2 DYNAMIC,FIAT
2010,40000,Petrol,Manual,Second,19.5,97.7,2324.75,ESTILO LXI,MARUTI
2013,82543,Petrol,Manual,First,16.02,93.7,5114.45,ERTIGA ZXI,MARUTI
2013,30000,Petrol,Manual,First,18.44,75.0,3022.1749999999997,MICRA XL,NISSAN
2010,27800,Petrol,Manual,First,17.0,118.0,4649.5,CITY 1.5 V MT,HONDA
2016,33415,Petrol,Manual,First,16.78,88.73,6118.742,ETIOS VX,TOYOTA
2013,38000,Diesel,Automatic,First,18.88,184.0,18133.05,3 SERIES 320D LUXURY LINE,BMW
2017,41981,Petrol,Manual,First,18.7,88.7,5709.585999999999,JAZZ 1.2 SV I VTEC,HONDA
2013,77084,Diesel,Manual,First,28.4,73.75,4603.005,DZIRE VDI,MARUTI
2013,71803,Diesel,Manual,First,20.5,103.5,5346.925,RAPID 1.6 TDI ELEGANCE,SKODA
2013,73314,Diesel,Manual,First,15.1,140.0,6137.339999999999,XUV500 W6 2WD,MAHINDRA
2015,69053,Petrol,Automatic,First,18.9,82.0,5319.027999999999,GRAND I10 AT ASTA,HYUNDAI
2009,79782,Petrol,Manual,Second,17.0,118.0,2417.7400000000002,CITY 1.5 V MT,HONDA
2010,250000,Diesel,Manual,Second,12.8,102.0,6044.349999999999,INNOVA 2.5 GX 7 STR,TOYOTA
2011,90000,Diesel,Manual,Second,15.1,140.0,5672.389999999999,XUV500 W8 2WD,MAHINDRA
2010,130000,Diesel,Manual,First,19.3,73.9,3580.115,SWIFT DZIRE VDI,MARUTI
2013,65000,Petrol,Manual,Second,15.04,103.6,4184.55,VENTO PETROL HIGHLINE,VOLKSWAGEN
2013,46496,Diesel,Manual,First,23.59,97.7,4928.469999999999,ETIOS GD,TOYOTA
2013,76000,Diesel,Automatic,Second,16.55,147.51,16970.675,A4 2.0 TDI,AUDI
2012,28002,Petrol,Manual,First,16.02,93.7,5346.925,ERTIGA LXI,MARUTI
2010,63000,CNG,Manual,Second,14.53,138.0,3115.165,COROLLA ALTIS 1.8 G CNG,TOYOTA
2010,70000,Petrol,Manual,Second,16.1,37.0,836.91,800 AC,MARUTI
2011,66276,Petrol,Manual,First,17.0,118.0,5114.45,CITY 1.5 V MT,HONDA
2014,45000,Petrol,Manual,First,19.1,85.8,3710.301,SWIFT DZIRE VXI,MARUTI
2014,67000,Petrol,Automatic,First,19.16,158.2,17435.625,CAMRY HYBRID,TOYOTA
2014,43068,Diesel,Manual,First,24.0,70.0,3254.65,GRAND I10 CRDI SPORTZ,HYUNDAI
2016,40000,Diesel,Automatic,First,11.36,171.5,15296.855,INNOVA CRYSTA 2.8 GX AT 8S,TOYOTA
2011,50436,Petrol,Manual,First,20.36,78.9,3394.1349999999998,I10 MAGNA,HYUNDAI
2014,21000,Petrol,Automatic,First,18.9,82.0,5021.46,GRAND I10 AT ASTA,HYUNDAI
2018,2000,Diesel,Manual,First,27.39,74.0,8090.129999999999,BALENO ALPHA DIESEL,MARUTI
2016,14500,Petrol,Automatic,First,14.67,177.46,19295.425,SUPERB STYLE 1.8 TSI AT,SKODA
2010,68782,Diesel,Automatic,First,14.84,170.0,11623.75,NEW C-CLASS 220 CDI AT,MERCEDES-BENZ
2011,35888,Diesel,Manual,First,21.1,73.9,1757.511,RITZ VDI,MARUTI
2015,168205,Diesel,Manual,First,23.4,74.0,3719.6,SWIFT DZIRE TOUR LDI,MARUTI
2012,47000,Petrol,Manual,First,14.8,130.2,3673.105,CIVIC 2010-2013 1.8 V MT,HONDA
2015,93700,Diesel,Manual,First,24.52,88.5,7299.714999999999,ERTIGA SHVS VDI,MARUTI
2014,45000,Diesel,Manual,First,22.7,126.24,6509.3,ELANTRA CRDI SX,HYUNDAI
2016,55547,Diesel,Automatic,First,12.55,168.5,23238.200999999997,FORTUNER 4X2 AT,TOYOTA
2013,69000,Petrol,Automatic,First,17.21,103.6,4184.55,POLO GT TSI,VOLKSWAGEN
2005,88000,Diesel,Manual,Third,18.7,66.0,1162.375,OCTAVIA CLASSIC 1.9 TDI MT,SKODA
2014,32400,Diesel,Manual,First,20.14,88.8,3673.105,POLO 1.5 TDI TRENDLINE,VOLKSWAGEN
2012,79000,Petrol,Manual,Second,17.92,62.1,1487.8400000000001,SANTRO XING GL PLUS,HYUNDAI
2004,110000,Petrol,Manual,First,13.2,94.0,557.9399999999999,ACCENT GLE,HYUNDAI
2014,45407,Petrol,Manual,Second,21.1,55.2,3152.361,EON D LITE PLUS,HYUNDAI
2011,136490,Diesel,Manual,First,12.8,102.0,9113.02,INNOVA 2.5 V DIESEL 7-SEATER,TOYOTA
2017,19000,Diesel,Manual,First,26.8,74.0,5495.709,IGNIS 1.3 ZETA,MARUTI
2017,19416,Petrol,Manual,First,21.56,103.25,7671.675,CIAZ ALPHA,MARUTI
2012,15500,Petrol,Manual,First,17.5,85.8,3487.125,SWIFT DZIRE VXI,MARUTI
2017,12538,Petrol,Automatic,First,18.0,117.3,11623.75,CITY I VTEC CVT VX,HONDA
2015,62588,Diesel,Manual,First,17.8,97.7,5532.905,SWIFT VDI BSIV W ABS,MARUTI
2015,44328,Petrol,Manual,First,19.4,86.8,3533.62,BRIO S MT,HONDA
2014,63000,Diesel,Manual,First,23.59,67.04,4045.0649999999996,ETIOS LIVA GD,TOYOTA
2015,100000,Diesel,Automatic,First,13.5,215.0,30221.75,XC60 D5,VOLVO
2015,103000,Petrol,Manual,First,15.64,64.08,2789.7,INDIGO CS EGVX,TATA
2016,50296,Diesel,Automatic,Second,11.36,171.5,17668.1,INNOVA CRYSTA 2.8 ZX AT,TOYOTA
2013,95500,Diesel,Manual,First,20.54,103.6,4649.5,VENTO DIESEL HIGHLINE,VOLKSWAGEN
2014,72100,Diesel,Manual,First,22.7,89.84,5067.955,ECOSPORT 1.5 DV5 MT TITANIUM,FORD
2010,19119,Petrol,Manual,First,18.9,67.1,2510.73,WAGON R VXI,MARUTI
2006,30000,Petrol,Manual,First,13.0,210.0,9996.425,S-CLASS 320 L,MERCEDES-BENZ
2015,75600,Diesel,Manual,First,20.14,88.8,5393.42,POLO 1.5 TDI HIGHLINE,VOLKSWAGEN
2007,137000,Petrol,Manual,Second,15.3,65.3,883.405,INDICA GLS BS IV,TATA
2002,53500,Petrol,Manual,Second,16.1,37.0,585.837,800 STD BSIII,MARUTI
2018,26101,Diesel,Manual,First,17.1,170.0,16319.745,COMPASS 2.0 LONGITUDE,JEEP
2016,7000,Petrol,Manual,First,24.07,67.1,2789.7,ALTO K10 LXI OPTIONAL,MARUTI
2013,50000,Diesel,Automatic,First,19.3,141.0,13948.5,OCTAVIA ELEGANCE 2.0 TDI AT,SKODA
2016,30000,Diesel,Manual,First,26.59,74.0,5579.4,SWIFT DZIRE VDI OPTIONAL,MARUTI
2016,38151,Diesel,Manual,First,28.09,88.5,7113.735000000001,CIAZ VDI PLUS SHVS,MARUTI
2009,116000,Diesel,Manual,Second,15.8,170.0,7904.15,NEW C-CLASS C 220 CDI CLASSIC,MERCEDES-BENZ
2013,22000,Diesel,Manual,First,20.0,68.0,2092.275,FIGO DIESEL ZXI,FORD
2010,60000,Petrol,Automatic,Second,14.53,138.1,4324.035,COROLLA ALTIS VL,TOYOTA
2016,38000,Diesel,Manual,First,22.7,118.0,7299.714999999999,SX4 S CROSS DDIS 320 ZETA,MARUTI
2011,51928,Petrol,Manual,First,15.6,70.0,3217.4539999999997,FIGO PETROL ZXI,FORD
2018,3000,Petrol,Automatic,First,19.0,88.7,7671.675,JAZZ EXCLUSIVE CVT,HONDA
2006,67196,Petrol,Manual,First,17.3,60.0,1162.375,ZEN LXI - BS III,MARUTI
2012,100000,Diesel,Manual,Third,11.5,171.0,14878.4,FORTUNER 3.0 DIESEL,TOYOTA
2015,65218,Diesel,Manual,First,26.21,88.5,6881.26,CIAZ ZDI PLUS,MARUTI
2016,53886,Petrol,Manual,First,25.17,53.3,2854.7929999999997,KWID RXT,RENAULT
2011,50058,Petrol,Automatic,First,19.2,80.0,3570.816,I10 MAGNA AT,HYUNDAI
2016,64000,Petrol,Automatic,First,23.1,67.04,3905.58,CELERIO ZXI AT OPTIONAL,MARUTI
2018,41641,Diesel,Manual,First,21.38,88.7,10061.518,CRETA 1.4 E PLUS DIESEL,HYUNDAI
2016,44345,Diesel,Manual,First,27.3,98.6,5672.389999999999,JAZZ 1.5 SV I DTEC,HONDA
2011,45501,Petrol,Manual,First,17.0,118.0,2882.69,CITY 1.5 S MT,HONDA
2001,104000,Petrol,Manual,Third,13.7,85.8,929.9,LANCER 1.5 SFXI,MITSUBISHI
2012,50297,Petrol,Manual,First,16.95,97.6,4361.231000000001,SUNNY XE P,NISSAN
2011,87000,Petrol,Automatic,First,11.7,177.6,5021.46,ACCORD 2.4 AT,HONDA
2016,120000,Diesel,Manual,First,15.1,140.0,11158.8,XUV500 W8 2WD,MAHINDRA
2018,17000,Petrol,Manual,First,18.6,81.83,6044.349999999999,I20 1.2 MAGNA EXECUTIVE,HYUNDAI
2014,100000,Diesel,Manual,First,23.08,63.1,2789.7,MICRA DIESEL XL,NISSAN
2015,50979,Petrol,Automatic,First,19.12,91.1,6416.31,CIAZ AT ZXI,MARUTI
2011,41000,Diesel,Manual,First,20.54,103.6,3719.6,VENTO DIESEL TRENDLINE,VOLKSWAGEN
2011,24000,Petrol,Manual,First,17.0,80.0,3952.075,I20 ASTA,HYUNDAI
2008,44738,Petrol,Manual,First,14.53,138.1,4742.49,COROLLA ALTIS G,TOYOTA
2014,37298,Diesel,Manual,First,25.1,98.6,4556.51,CITY I DTEC VX,HONDA
2014,42000,Petrol,Manual,Second,20.4,81.8,3347.64,SWIFT VXI BSIV,MARUTI
2016,45000,Diesel,Automatic,First,14.21,203.0,31616.6,E-CLASS 2009-2013 E250 CDI ELEGANCE,MERCEDES-BENZ
2015,102000,Diesel,Manual,First,12.99,100.6,7671.675,INNOVA 2.5 G (DIESEL) 7 SEATER,TOYOTA
2011,70000,Petrol,Manual,First,16.1,88.2,1208.8700000000001,SWIFT LXI BSIII,MARUTI
2018,27467,Diesel,Automatic,First,19.27,167.62,36312.594999999994,NEW C-CLASS C 220D AVANTGARDE EDITION C,MERCEDES-BENZ
2015,15305,Petrol,Manual,First,18.9,82.0,3487.125,GRAND I10 ASTA,HYUNDAI
2010,70000,Petrol,Manual,First,18.9,67.1,1952.79,WAGON R LXI BS IV,MARUTI
2016,36778,Diesel,Manual,First,22.77,98.59,8183.120000000001,ECOSPORT 1.5 TDCI TITANIUM,FORD
2015,25845,Petrol,Manual,First,16.47,74.0,5430.616,POLO 1.2 MPI COMFORTLINE,VOLKSWAGEN
2018,33858,Petrol,Automatic,First,17.01,121.3,8396.997,VERNA 1.6 VTVT AT SX,HYUNDAI
2017,12000,Petrol,Automatic,Second,24.04,67.0,3022.1749999999997,KWID AMT RXL,RENAULT
2013,33709,Petrol,Automatic,First,16.5,86.8,4556.51,BRIO S OPTION AT,HONDA
2018,32709,Petrol,Manual,First,18.16,86.8,6007.1539999999995,FIGO ASPIRE 1.2 TI-VCT TITANIUM,FORD
2014,72000,Diesel,Manual,Second,11.5,171.0,17203.149999999998,FORTUNER 3.0 DIESEL,TOYOTA
2013,31000,Diesel,Manual,First,25.0,69.01,2510.73,INDIGO ECS ELX BS IV,TATA
2016,70000,Diesel,Manual,First,25.83,99.0,4277.54,FIGO 2015-2019 1.5D AMBIENTE MT,FORD
2014,61000,Diesel,Manual,First,23.4,74.0,4974.964999999999,SWIFT DZIRE VDI,MARUTI
2011,72000,Diesel,Manual,First,23.08,63.1,2138.77,MICRA DIESEL XV PRIMO,NISSAN
2016,49000,Diesel,Automatic,First,19.3,141.0,14366.954999999998,OCTAVIA STYLE PLUS 2.0 TDI AT,SKODA
2014,42939,Diesel,Automatic,First,16.96,138.03,11614.451,JETTA 2013-2015 2.0L TDI HIGHLINE AT,VOLKSWAGEN
2016,32545,Diesel,Automatic,First,12.07,241.4,45341.924,Q7 35 TDI QUATTRO TECHNOLOGY,AUDI
2011,54000,Petrol,Manual,First,17.0,80.0,2975.6800000000003,I20 1.2 SPORTZ,HYUNDAI
2012,76000,Diesel,Automatic,First,16.07,181.0,8136.625,3 SERIES 320D CORPORATE EDITION,BMW
2015,27000,Diesel,Manual,First,21.19,88.73,5570.101,I20 ACTIVE 1.4 SX DUAL TONE,HYUNDAI
2005,120000,Diesel,Manual,Second,12.7,116.6,2696.71,SCORPIO 2.6 DX,MAHINDRA
2012,125000,Petrol,Automatic,First,10.5,97.7,16738.2,A4 3.2 FSI TIPTRONIC QUATTRO,AUDI
2011,37000,Diesel,Manual,First,20.0,68.05,1673.82,FIGO DIESEL EXI,FORD
2012,42000,Petrol,Manual,First,9.8,180.0,5811.875,ACCORD 2.4 INSPIRE M/T,HONDA
2013,60000,Diesel,Manual,First,21.9,88.76,5067.955,I20 SPORTZ 1.4 CRDI,HYUNDAI
2018,3000,Diesel,Automatic,First,16.36,187.7,48819.75,XF 2.2 LITRE LUXURY,JAGUAR
2013,44000,Petrol,Automatic,First,17.1,121.4,5207.44,VERNA 1.6 SX VTVT (O) AT,HYUNDAI
2014,37000,Petrol,Manual,First,17.4,117.3,5997.8550000000005,CITY I VTEC VX OPTION,HONDA
2012,50000,Petrol,Manual,First,18.5,82.85,3440.63,I20 ASTA OPTIONAL WITH SUNROOF 1.2,HYUNDAI
2013,58581,Petrol,Manual,First,19.4,86.8,3245.351,BRIO S MT,HONDA
2013,25500,Diesel,Manual,First,21.9,88.76,3301.1449999999995,I20 SPORTZ 1.4 CRDI,HYUNDAI
2017,25000,Petrol,Manual,First,10.4,163.5,8369.1,GRAND VITARA 2.4 MT,MARUTI
2011,53766,Petrol,Manual,First,19.0,66.1,2510.73,A-STAR VXI,MARUTI
2011,45271,Diesel,Manual,First,20.3,97.7,2417.7400000000002,PUNTO 1.3 EMOTION,FIAT
2006,68000,Petrol,Manual,First,19.7,46.3,1394.85,ALTO LXI,MARUTI
2017,40000,Diesel,Manual,First,16.0,140.0,14785.41,XUV500 W10 2WD,MAHINDRA
2013,73212,Diesel,Manual,First,22.9,74.0,4835.4800000000005,SWIFT RS VDI,MARUTI
2014,69000,Diesel,Automatic,First,17.05,184.0,15110.875,X1 SDRIVE20D,BMW
2007,61932,Diesel,Automatic,Second,14.3,140.0,3077.969,PASSAT 2.0 PD DSG,VOLKSWAGEN
2012,52000,Diesel,Automatic,First,16.09,184.0,22317.6,X3 XDRIVE20D,BMW
2011,150000,Petrol,Manual,First,18.5,85.8,2324.75,RITZ VXI,MARUTI
2013,70933,Diesel,Manual,Second,21.9,88.76,3626.6099999999997,I20 SPORTZ 1.4 CRDI,HYUNDAI
2013,115195,Diesel,Manual,First,25.2,74.0,3580.115,SWIFT VDI BSIV,MARUTI
2011,62148,Petrol,Manual,First,11.7,178.0,8183.120000000001,NEW C-CLASS 200 KOMPRESSOR,MERCEDES-BENZ
2009,32000,Petrol,Manual,Second,14.28,138.03,4603.005,COROLLA ALTIS 1.8 GL,TOYOTA
2014,58000,Diesel,Manual,First,22.32,126.32,5346.925,VERNA 1.6 SX CRDI (O),HYUNDAI
2014,68598,Diesel,Manual,First,19.01,108.45,5737.483,DUSTER 110PS DIESEL RXZ,RENAULT
2010,84072,Diesel,Manual,First,17.8,75.0,3208.155,SWIFT LDI BSIII,MARUTI
2016,51264,Petrol,Manual,First,24.07,67.1,2975.6800000000003,ALTO K10 VXI,MARUTI
2017,21363,Petrol,Automatic,First,13.0,121.3,12544.351,CRETA 1.6 SX PLUS PETROL AUTOMATIC,HYUNDAI
2016,40000,Petrol,Automatic,First,15.04,183.0,22782.55,CLA 200 CGI SPORT,MERCEDES-BENZ
2015,35000,Petrol,Automatic,First,10.1,152.0,13669.529999999999,CR-V 2.4 4WD AT,HONDA
2014,55000,Diesel,Manual,First,22.7,89.84,5579.4,ECOSPORT 1.5 DV5 MT TREND,FORD
2016,43252,Diesel,Automatic,First,13.0,204.0,31783.982,E-CLASS 2015-2017 E250 CDI AVANTGARDE,MERCEDES-BENZ
2014,42000,Diesel,Manual,First,24.0,70.0,3254.65,GRAND I10 CRDI MAGNA,HYUNDAI
2006,69000,Petrol,Manual,First,16.6,68.0,1999.2849999999999,FIESTA 1.4 DURATEC ZXI,FORD
2018,14000,Diesel,Automatic,First,17.6,126.2,10461.375,CRETA 1.6 SX AUTOMATIC DIESEL,HYUNDAI
2010,70000,Petrol,Manual,First,19.0,66.1,1859.8,A-STAR LXI,MARUTI
2015,35314,Diesel,Manual,First,23.2,73.94,3970.6729999999993,RITZ LDI,MARUTI
2017,38691,Petrol,Manual,First,17.8,117.3,7141.632,CITY I VTEC SV,HONDA
2017,72717,Diesel,Manual,First,12.99,100.6,13502.148,INNOVA 2.5 GX (DIESEL) 7 SEATER,TOYOTA
2011,82000,Petrol,Automatic,Second,11.8,272.0,15668.815,R-CLASS R350 4MATIC LONG,MERCEDES-BENZ
2015,44000,Diesel,Manual,First,21.14,103.52,5346.925,RAPID 1.5 TDI ELEGANCE,SKODA
2017,27000,Petrol,Manual,First,15.8,110.0,7718.17,ECOSPORT 1.5 TI VCT MT TITANIUM,FORD
2014,18500,Petrol,Automatic,First,23.1,67.04,3673.105,CELERIO VXI AT,MARUTI
2014,45000,Petrol,Manual,First,15.04,103.6,4463.5199999999995,VENTO PETROL HIGHLINE,VOLKSWAGEN
2011,173000,Diesel,Automatic,First,13.5,215.0,11158.8,XC60 D5,VOLVO
2017,42000,Diesel,Manual,First,23.59,67.04,5811.875,ETIOS CROSS 1.4 GD,TOYOTA
2012,90000,Diesel,Manual,First,19.4,70.0,2324.75,INDICA VISTA TDI LX,TATA
2014,82329,Petrol,Automatic,First,18.0,117.3,6974.25,CITY I VTEC CVT VX,HONDA
2010,80302,Petrol,Manual,First,17.0,118.0,3254.65,CITY 1.5 V MT,HONDA
2005,105000,Diesel,Manual,First,18.7,66.0,1850.501,OCTAVIA RIDER CLASSIC 1.9 TDI,SKODA
2009,60000,Petrol,Manual,First,14.53,138.0,2092.275,COROLLA 1.8 J,TOYOTA
2014,70000,Petrol,Manual,First,16.78,88.73,3022.1749999999997,ETIOS G,TOYOTA
2016,45000,Diesel,Automatic,First,17.05,184.0,26502.149999999998,X1 SDRIVE20D,BMW
2006,44000,Petrol,Automatic,First,16.4,78.0,1394.85,CITY ZX CVT,HONDA
2017,25500,Diesel,Manual,First,22.54,88.73,6509.3,I20 SPORTZ 1.4 CRDI,HYUNDAI
2014,68000,Diesel,Automatic,First,13.0,261.5,25572.25,E-CLASS E350 CDI,MERCEDES-BENZ
2015,61786,Diesel,Manual,First,19.67,126.2,9763.949999999999,CRETA 1.6 CRDI SX OPTION,HYUNDAI
2014,65000,Diesel,Automatic,Second,15.73,174.33,19992.85,Q3 2012-2015 2.0 TDI QUATTRO PREMIUM PLUS,AUDI
2016,77000,Diesel,Automatic,First,12.63,147.5,32546.5,ROVER DISCOVERY SPORT TD4 HSE,LAND
2015,34000,Diesel,Automatic,First,21.66,103.52,7429.901,RAPID 1.5 TDI AT ELEGANCE PLUS,SKODA
2015,59751,Petrol,Automatic,First,23.1,67.04,4537.911999999999,CELERIO VXI AT,MARUTI
2013,23312,Petrol,Automatic,First,11.05,444.0,37660.95,RS5 COUPE,AUDI
2015,30000,Petrol,Manual,First,20.73,91.1,6090.844999999999,CIAZ ZXI PLUS,MARUTI
2015,60146,Diesel,Automatic,First,14.16,174.3,27562.236,Q5 2.0 TDI PREMIUM PLUS,AUDI
2013,44731,Diesel,Manual,Second,20.0,68.0,4035.7659999999996,FIGO DIESEL TITANIUM,FORD
2014,43316,Petrol,Manual,First,18.88,123.37,5783.978,ECOSPORT 1.0 ECOBOOST TITANIUM,FORD
2009,92000,Petrol,Manual,Second,17.0,118.0,2092.275,CITY 1.5 S MT,HONDA
2015,50000,Diesel,Automatic,First,16.36,187.7,35336.2,XF 2.2 LITRE LUXURY,JAGUAR
2008,69000,Petrol,Manual,Second,20.4,81.8,1999.2849999999999,SWIFT VXI BSIV,MARUTI
2014,60280,Diesel,Automatic,First,22.48,190.0,20876.254999999997,5 SERIES 520D LUXURY LINE,BMW
2017,48161,Diesel,Automatic,First,15.0,107.3,19407.013,B CLASS B200 CDI,MERCEDES-BENZ
2013,41000,Petrol,Manual,First,19.4,86.8,2882.69,BRIO S MT,HONDA
2016,6000,Petrol,Manual,First,18.6,81.83,5532.905,I20 SPORTZ 1.2,HYUNDAI
2006,133000,Diesel,Manual,Second,16.8,68.0,799.7139999999999,INDICA V2 DLG TC,TATA
2010,76000,Diesel,Manual,First,11.5,171.0,8601.574999999999,FORTUNER 3.0 DIESEL,TOYOTA
2011,15590,Petrol,Manual,First,19.81,68.05,2092.275,I10 SPORTZ 1.1L,HYUNDAI
2016,69681,Petrol,Manual,First,17.0,80.0,5700.286999999999,I20 1.2 SPORTZ OPTION,HYUNDAI
2006,70362,Petrol,Manual,Second,15.4,97.7,1683.119,BALENO LXI - BSIII,MARUTI
2014,49112,Petrol,Automatic,Second,15.5,86.7,3524.321,AMAZE S AT I-VTECH,HONDA
2017,25000,Diesel,Automatic,First,13.33,255.0,148784.0,ROVER RANGE ROVER 3.0 DIESEL LWB VOGUE,LAND
2011,74000,Diesel,Manual,First,23.59,97.7,3347.64,ETIOS LIVA GD,TOYOTA
2013,15200,Petrol,Automatic,Second,16.95,78.9,3580.115,I10 SPORTZ 1.2 AT,HYUNDAI
2013,86300,Diesel,Manual,First,22.07,73.9,4184.55,POLO DIESEL TRENDLINE 1.2L,VOLKSWAGEN
2018,26731,Petrol,Manual,First,21.1,100.0,8006.438999999999,BALENO RS PETROL,MARUTI
2016,74000,Diesel,Manual,First,21.9,88.76,6044.349999999999,I20 SPORTZ 1.4 CRDI,HYUNDAI
2005,83929,Petrol,Automatic,First,11.3,125.0,2417.7400000000002,COROLLA H4,TOYOTA
2015,65000,Diesel,Manual,First,12.99,100.6,13948.5,INNOVA 2.5 VX (DIESEL) 7 SEATER,TOYOTA
2017,20000,Petrol,Automatic,First,23.1,67.04,4370.53,CELERIO VXI AT OPTIONAL,MARUTI
2015,122086,Diesel,Automatic,First,19.3,141.0,12079.401,OCTAVIA ELEGANCE 2.0 TDI AT,SKODA
2018,35442,Petrol,Manual,First,17.3,117.3,6806.868,MOBILIO S I VTEC,HONDA
2015,62542,Diesel,Manual,Second,23.9,126.2,6044.349999999999,VERNA 1.6 CRDI SX,HYUNDAI
2012,26671,Petrol,Manual,Second,17.0,118.0,5272.532999999999,CITY 1.5 S MT,HONDA
2014,83500,Diesel,Manual,Second,19.68,67.0,2789.7,CLASSIC 1.4 DURATORQ TITANIUM,FORD
2015,46166,Diesel,Manual,Second,26.21,88.5,5114.45,CIAZ ZDI,MARUTI
2015,25200,Petrol,Manual,First,18.9,67.1,3115.165,WAGON R VXI BS IV,MARUTI
2015,35463,Diesel,Automatic,First,14.94,241.4,23266.097999999998,A4 3.0 TDI QUATTRO,AUDI
2017,23249,Petrol,Automatic,First,19.16,175.67,24279.689,CAMRY HYBRID 2.5,TOYOTA
2016,40310,Petrol,Manual,First,18.6,81.83,6592.991,I20 ASTA 1.2,HYUNDAI
2012,82069,CNG,Manual,First,21.4,103.3,2464.2349999999997,SX4 GREEN VXI (CNG),MARUTI
2018,10000,Petrol,Manual,First,18.9,81.86,6044.349999999999,GRAND I10 1.2 KAPPA ASTA,HYUNDAI
2012,94000,Diesel,Manual,First,22.07,73.9,4184.55,POLO DIESEL TRENDLINE 1.2L,VOLKSWAGEN
2016,45000,Diesel,Automatic,First,15.97,258.0,53004.299999999996,X5 XDRIVE 30D M SPORT,BMW
2012,52818,Petrol,Manual,First,16.47,73.9,3552.218,POLO PETROL COMFORTLINE 1.2L,VOLKSWAGEN
2013,61238,Diesel,Manual,First,20.45,83.8,4881.974999999999,DUSTER 85PS DIESEL RXE,RENAULT
2016,54253,Petrol,Automatic,First,14.67,177.46,15631.618999999999,SUPERB STYLE 1.8 TSI AT,SKODA
2013,71000,Diesel,Automatic,First,14.16,174.3,19992.85,Q5 2.0 TDI,AUDI
2017,20000,Diesel,Manual,First,27.39,74.0,7904.15,BALENO DELTA 1.3,MARUTI
2013,75000,Petrol,Manual,First,16.47,73.9,3022.1749999999997,POLO PETROL COMFORTLINE 1.2L,VOLKSWAGEN
2019,11827,Diesel,Automatic,First,13.5,175.56,25209.589,PAJERO SPORT 4X4 AT,MITSUBISHI
2015,51579,Petrol,Manual,First,20.73,91.1,5532.905,CIAZ VXI PLUS,MARUTI
2015,65178,Diesel,Manual,First,19.87,83.8,6314.021,DUSTER 85PS DIESEL RXL OPTION,RENAULT
2016,25350,Petrol,Manual,First,21.1,55.2,2371.245,EON D LITE PLUS OPTION,HYUNDAI
2008,92000,Petrol,Manual,Second,10.8,152.0,3440.63,CR-V 2.4 MT,HONDA
2014,45000,Petrol,Manual,Second,17.01,121.3,6276.825,VERNA 1.6 SX VTVT,HYUNDAI
2015,46000,Petrol,Manual,First,14.28,138.03,6462.805,COROLLA ALTIS JS MT,TOYOTA
2011,79940,Petrol,Manual,First,15.5,103.3,2585.122,SX4 ZXI MT BSIV,MARUTI
2016,28851,Petrol,Manual,First,16.47,73.9,5746.781999999999,POLO PETROL COMFORTLINE 1.2L,VOLKSWAGEN
2015,63000,Diesel,Automatic,First,14.16,174.3,33476.4,Q5 30 TDI QUATTRO PREMIUM PLUS,AUDI
2012,77283,Petrol,Manual,First,17.0,118.0,5402.718999999999,CITY 1.5 V MT,HONDA
2014,38958,Petrol,Manual,First,22.5,67.04,3170.959,WAGON R VXI,MARUTI
2018,8900,Diesel,Automatic,First,13.5,175.56,24642.35,PAJERO SPORT 4X4 AT,MITSUBISHI
2015,38000,Petrol,Automatic,First,14.7,177.5,14878.4,OCTAVIA ELEGANCE 1.8 TSI AT,SKODA
2017,44887,Diesel,Manual,First,19.67,126.2,11279.687,CRETA 1.6 CRDI SX OPTION,HYUNDAI
2009,85000,Petrol,Manual,Second,19.7,46.3,1673.82,ALTO LXI BSIII,MARUTI
2013,100000,Petrol,Manual,First,16.8,116.3,5811.875,CITY V MT,HONDA
2016,26239,Petrol,Manual,First,22.7,53.0,2557.225,REDI-GO S,DATSUN
2011,97000,Diesel,Manual,First,17.67,138.08,5579.4,YETI AMBITION 4WD,SKODA
2013,28000,Petrol,Automatic,First,14.8,120.7,10749.644,B CLASS B180,MERCEDES-BENZ
2014,20364,Petrol,Automatic,Second,17.21,103.6,4835.4800000000005,POLO GT TSI,VOLKSWAGEN
2014,64637,Diesel,Manual,First,22.77,98.59,6992.847999999999,ECOSPORT 1.5 TDCI TITANIUM,FORD
2017,15731,Petrol,Manual,First,15.29,121.3,11614.451,CRETA 1.6 SX PLUS DUAL TONE PETROL,HYUNDAI
2019,56251,Diesel,Manual,First,14.24,174.5,33309.018,FORTUNER 2.8 2WD MT,TOYOTA
2017,28000,Petrol,Manual,First,20.85,83.14,5811.875,SWIFT DZIRE ZXI,MARUTI
2015,20045,Petrol,Manual,First,17.0,80.0,5783.978,I20 1.2 ASTA WITH AVN,HYUNDAI
2016,34004,Petrol,Manual,First,15.4,117.3,7457.798,BR-V I-VTEC S MT,HONDA
2014,21000,Petrol,Manual,First,23.1,67.04,3487.125,CELERIO ZXI,MARUTI
2009,68001,Petrol,Automatic,Second,10.93,272.0,10926.324999999999,E-CLASS 2009-2013 E350 PETROL,MERCEDES-BENZ
2012,31000,Petrol,Manual,First,20.36,78.9,2092.275,I10 MAGNA 1.2 ITECH SE,HYUNDAI
2013,8950,Petrol,Manual,First,17.71,78.9,3301.1449999999995,ETIOS LIVA V,TOYOTA
2017,43477,Diesel,Automatic,First,15.0,204.0,35475.685,E-CLASS 2015-2017 E250 EDITION E,MERCEDES-BENZ
2015,20000,Petrol,Manual,First,21.1,55.2,2473.534,EON D LITE PLUS,HYUNDAI
2014,47200,CNG,Manual,First,33.54,67.04,2650.215,WAGON R CNG LXI,MARUTI
2011,60000,Petrol,Manual,First,17.0,118.0,4603.005,CITY 1.5 S MT,HONDA
2003,111000,Petrol,Automatic,First,13.0,210.0,6044.349999999999,S-CLASS 280 AT,MERCEDES-BENZ
2016,52000,Diesel,Manual,Second,25.0,69.01,2231.7599999999998,INDIGO CS EVX,TATA
2016,26000,Petrol,Manual,First,15.29,121.3,11623.75,CRETA 1.6 VTVT S,HYUNDAI
2013,32425,Petrol,Manual,First,20.51,67.04,2789.7,WAGON R LXI BS IV,MARUTI
2017,54758,Diesel,Manual,First,28.4,73.75,6202.433,DZIRE VDI,MARUTI
2008,59833,Petrol,Manual,Fourth & Above,13.8,70.0,1831.903,IKON 1.3 FLAIR,FORD
2013,30000,Petrol,Manual,First,16.47,73.9,2603.72,POLO PETROL COMFORTLINE 1.2L,VOLKSWAGEN
2011,40496,Petrol,Manual,First,20.36,78.9,2464.2349999999997,I10 MAGNA 1.2,HYUNDAI
2014,45000,Diesel,Manual,First,18.2,73.74,4417.025,ENJOY 1.3 TCDI LTZ 8,CHEVROLET
2003,75000,Diesel,Automatic,Second,0.0,97.7,14980.688999999998,ROVER RANGE ROVER 3.0 D,LAND
2011,34000,Petrol,Automatic,Second,10.5,157.7,17668.1,E-CLASS 200 KOMPRESSOR ELEGANCE,MERCEDES-BENZ
2012,62000,Diesel,Manual,First,17.8,75.0,4184.55,SWIFT VDI BSIII,MARUTI
2012,123600,Diesel,Manual,First,15.1,140.0,7671.675,XUV500 W8 4WD,MAHINDRA
2014,80102,Petrol,Manual,First,17.71,78.9,3254.65,ETIOS LIVA G,TOYOTA
2013,55000,Diesel,Manual,First,15.1,140.0,7904.15,XUV500 W8 4WD,MAHINDRA
2015,48200,Petrol,Manual,First,15.29,121.3,8369.1,CRETA 1.6 VTVT S,HYUNDAI
2014,90000,Diesel,Manual,First,26.0,98.6,6276.825,CITY I DTEC SV,HONDA
2014,123900,Diesel,Manual,First,19.3,73.9,5021.46,SWIFT DZIRE VDI,MARUTI
2015,13008,Petrol,Manual,First,20.51,67.04,3254.65,WAGON R LXI BS IV,MARUTI
2012,60500,Petrol,Manual,First,21.1,55.2,2417.7400000000002,EON ERA PLUS,HYUNDAI
2017,53841,Diesel,Automatic,First,11.36,171.5,19062.95,INNOVA CRYSTA 2.8 ZX AT,TOYOTA
2017,47183,Petrol,Manual,Second,15.8,121.3,10517.169,CRETA 1.6 SX OPTION,HYUNDAI
2018,10000,Petrol,Manual,First,20.51,67.04,4184.55,WAGON R VXI PLUS,MARUTI
2015,45000,Diesel,Automatic,First,11.3,254.8,52074.4,GL-CLASS 350 CDI BLUE EFFICIENCY,MERCEDES-BENZ
2017,3923,Petrol,Manual,First,23.1,67.04,4835.4800000000005,CELERIO VXI,MARUTI
2011,85000,Diesel,Manual,First,12.05,120.0,4881.974999999999,SCORPIO SLE BSIV,MAHINDRA
2018,6279,Petrol,Manual,First,22.7,53.64,3347.64,REDI-GO T OPTION,DATSUN
2014,74500,Diesel,Manual,First,21.2,75.0,3068.6699999999996,GRANDE PUNTO EVO 1.3 ACTIVE,FIAT
2013,42000,Diesel,Manual,First,22.7,126.24,5439.915,ELANTRA CRDI SX,HYUNDAI
2014,56510,Petrol,Manual,First,19.1,85.8,3626.6099999999997,SWIFT DZIRE LXI,MARUTI
2009,88000,Diesel,Automatic,First,16.55,140.0,7420.602,A4 2.0 TDI MULTITRONIC,AUDI
2014,36631,Petrol,Automatic,First,16.5,86.8,3998.5699999999997,BRIO VX AT,HONDA
2011,34000,Petrol,Manual,First,18.9,67.1,2092.275,WAGON R LXI BS IV,MARUTI
2013,49000,Petrol,Manual,First,19.81,68.05,2975.6800000000003,I10 MAGNA 1.1,HYUNDAI
2012,65254,Diesel,Manual,First,22.32,126.32,6090.844999999999,VERNA 1.6 SX,HYUNDAI
2014,95000,Diesel,Manual,Second,22.32,126.32,6416.31,VERNA 1.6 SX,HYUNDAI
2009,83000,Diesel,Manual,First,23.2,73.94,2743.205,RITZ VDI,MARUTI
2017,101065,Diesel,Manual,First,20.5,126.2,10647.355,CRETA 1.6 SX OPTION DIESEL,HYUNDAI
2017,15134,Petrol,Manual,First,21.4,83.1,5923.463,BALENO DELTA,MARUTI
2011,72000,Diesel,Manual,First,22.32,126.3,4649.5,VERNA 1.6 CRDI,HYUNDAI
2012,120000,Diesel,Manual,Second,22.3,74.0,2417.7400000000002,INDICA VISTA QUADRAJET VX,TATA
2010,45000,Petrol,Manual,First,18.5,80.0,1766.81,I20 1.2 MAGNA,HYUNDAI
2015,54996,Diesel,Automatic,First,17.85,300.0,56677.405,PANAMERA DIESEL,PORSCHE
2017,22874,Petrol,Manual,First,15.1,73.0,4128.756,EECO SMILES 5 SEATER AC,MARUTI
2012,58000,Diesel,Automatic,Second,22.69,190.0,14227.470000000001,3 SERIES 320D SPORT,BMW
2016,86000,Diesel,Manual,Second,25.47,88.5,7625.179999999999,ERTIGA VDI,MARUTI
2014,69000,Petrol,Automatic,First,16.9,81.86,4881.974999999999,XCENT 1.2 KAPPA AT S OPTION,HYUNDAI
2016,55001,Petrol,Automatic,Second,16.93,103.2,7904.15,VENTO 1.2 TSI HIGHLINE AT,VOLKSWAGEN
2015,28000,Diesel,Automatic,First,15.73,174.33,22085.125,Q3 35 TDI QUATTRO PREMIUM,AUDI
2013,53213,Petrol,Manual,First,19.81,68.05,2547.926,I10 MAGNA 1.1,HYUNDAI
2016,44340,Diesel,Automatic,First,16.96,138.03,12860.517,JETTA 2013-2015 2.0L TDI HIGHLINE AT,VOLKSWAGEN
2017,16900,Petrol,Manual,First,21.1,100.0,6500.001,BALENO RS 1.0 PETROL,MARUTI
2009,57000,Petrol,Manual,First,19.81,68.05,2092.275,I10 ERA,HYUNDAI
2013,83165,Diesel,Manual,First,12.8,102.0,10684.551,INNOVA 2.5 G4 DIESEL 8-SEATER,TOYOTA
2012,24735,Petrol,Manual,Second,18.6,79.4,2668.813,BEAT LT,CHEVROLET
2005,65175,Diesel,Manual,First,12.8,102.0,3022.1749999999997,INNOVA 2.5 G3,TOYOTA
2009,60000,Petrol,Manual,Second,9.8,180.0,3254.65,ACCORD 2.4 INSPIRE M/T,HONDA
2017,60357,Diesel,Manual,First,25.32,77.0,4175.251,KUV 100 MFALCON D75 K4 PLUS,MAHINDRA
2011,77000,Diesel,Manual,First,22.07,73.9,2696.71,POLO DIESEL TRENDLINE 1.2L,VOLKSWAGEN
2014,85301,Petrol,Manual,First,12.4,132.0,11493.563999999998,INNOVA 2.0 GX 8 STR,TOYOTA
2011,50000,Diesel,Automatic,First,11.79,120.0,5579.4,SCORPIO VLX AT AIRBAG BSIV,MAHINDRA
2010,58000,Diesel,Automatic,First,16.46,258.0,28826.899999999998,7 SERIES 730LD SEDAN,BMW
2015,39000,Diesel,Manual,First,25.6,98.6,5105.151,CITY I-DTEC SV,HONDA
2015,46190,Diesel,Manual,First,22.07,73.9,5449.214,POLO DIESEL COMFORTLINE 1.2L,VOLKSWAGEN
2015,83000,Diesel,Manual,First,16.0,140.0,8369.1,XUV500 W8 2WD,MAHINDRA
2016,33000,Petrol,Manual,First,16.09,103.5,7160.23,VENTO 1.6 HIGHLINE,VOLKSWAGEN
2017,27279,Petrol,Manual,First,17.4,117.3,8806.153,CITY I VTEC V,HONDA
2014,53900,Diesel,Automatic,First,14.16,174.3,26967.1,Q5 2.0 TDI PREMIUM PLUS,AUDI
2012,63998,Petrol,Automatic,First,17.0,118.0,5040.058,CITY 1.5 V AT EXCLUSIVE,HONDA
2016,57932,Petrol,Manual,First,20.4,81.8,5942.061,SWIFT VXI BSIV,MARUTI
2015,25000,Petrol,Manual,First,22.74,47.3,2557.225,ALTO 800 LXI,MARUTI
2011,169000,Diesel,Manual,First,20.0,68.0,2324.75,FIGO DIESEL TITANIUM,FORD
2012,53000,Petrol,Manual,First,17.92,62.1,2185.265,SANTRO XING GL PLUS,HYUNDAI
2015,43053,Petrol,Manual,First,18.9,67.1,4324.035,WAGON R VXI,MARUTI
2014,75000,Diesel,Manual,First,26.0,98.6,5579.4,CITY I DTEC SV,HONDA
2012,89000,Petrol,Manual,Second,16.8,116.3,3254.65,CITY V MT AVN,HONDA
2014,75578,Diesel,Manual,First,25.1,98.6,6509.3,CITY I DTEC VX,HONDA
2014,46676,Petrol,Manual,First,17.0,121.3,7206.724999999999,VERNA VTVT 1.6 SX,HYUNDAI
2014,51349,Petrol,Manual,First,24.07,67.1,2724.607,ALTO K10 LXI,MARUTI
2014,34233,Diesel,Automatic,First,14.21,203.0,20922.75,E-CLASS 2009-2013 E250 CDI AVANTGARDE,MERCEDES-BENZ
2014,39626,Diesel,Automatic,First,11.2,241.0,37809.734,X6 XDRIVE30D,BMW
2008,82500,Petrol,Manual,First,14.0,64.0,1627.325,WAGON R LXI BSIII,MARUTI
2015,63000,Diesel,Manual,Second,19.72,108.45,7625.179999999999,DUSTER RXZ AWD,RENAULT
2011,77001,Diesel,Manual,First,12.05,120.0,4175.251,SCORPIO VLX 2.2 MHAWK AIRBAG BSIV,MAHINDRA
2016,43000,Diesel,Automatic,First,10.91,197.2,24642.35,ENDEAVOUR 3.2 TREND AT 4X4,FORD
2011,61111,Petrol,Manual,First,19.0,67.1,2417.7400000000002,ZEN ESTILO LXI BS IV,MARUTI
2005,79000,Petrol,Manual,Second,17.0,97.7,1534.3349999999998,SANTRO XING XG,HYUNDAI
2011,43000,Petrol,Manual,First,20.36,78.9,2315.451,I10 ASTA,HYUNDAI
2013,47000,Petrol,Automatic,First,16.5,86.8,5021.46,BRIO VX AT,HONDA
2017,34000,Petrol,Automatic,First,20.51,67.0,4045.0649999999996,WAGON R AMT VXI,MARUTI
2018,22060,Diesel,Automatic,First,18.51,147.51,30435.626999999997,Q3 30 TDI PREMIUM FWD,AUDI
2012,63000,Diesel,Automatic,First,0.0,165.0,24177.399999999998,M-CLASS ML 350 4MATIC,MERCEDES-BENZ
2011,80000,Petrol,Manual,First,18.9,67.1,2324.75,WAGON R LXI,MARUTI
2015,13506,Diesel,Automatic,First,18.25,187.74,20141.634,A4 35 TDI PREMIUM PLUS,AUDI
2016,16000,Petrol,Manual,First,25.17,53.3,2780.4010000000003,KWID RXT OPTIONAL,RENAULT
2016,31006,Petrol,Manual,First,24.7,47.3,2427.0389999999998,ALTO 800 2016-2019 VXI,MARUTI
2013,91200,Diesel,Manual,First,12.99,100.0,7671.675,INNOVA 2.5 GX (DIESEL) 8 SEATER,TOYOTA
2015,43000,Petrol,Automatic,First,14.53,138.1,11623.75,COROLLA ALTIS 2008-2013 1.8 VL AT,TOYOTA
2015,45000,Diesel,Manual,First,25.83,99.0,5114.45,FIGO 2015-2019 1.5D TITANIUM PLUS MT,FORD
2014,28637,Petrol,Manual,First,19.4,86.8,5142.347,BRIO S MT,HONDA
2004,69870,Petrol,Manual,Second,14.2,92.0,1022.8900000000001,IKON 1.6 ZXI NXT,FORD
2014,84000,Diesel,Manual,First,12.05,120.0,6369.815,SCORPIO 2009-2014 LX 2WD 7S,MAHINDRA
2007,84143,Petrol,Manual,First,13.0,210.0,15891.991,S-CLASS 320 L,MERCEDES-BENZ
2012,77000,Diesel,Manual,Second,12.05,120.0,4584.406999999999,SCORPIO SLE BSIV,MAHINDRA
2012,75000,Diesel,Automatic,Second,12.39,147.51,16273.25,ROVER FREELANDER 2 SE,LAND
2011,76155,Petrol,Manual,First,18.6,79.4,1813.3049999999998,BEAT LS,CHEVROLET
2014,98000,Diesel,Manual,First,22.9,74.0,5672.389999999999,SWIFT ZDI,MARUTI
2008,48233,Petrol,Manual,Second,13.4,125.0,1673.82,COROLLA H2,TOYOTA
2015,63000,Diesel,Automatic,First,13.22,241.4,32081.55,Q5 3.0 TDI QUATTRO,AUDI
2015,34063,Petrol,Manual,First,21.1,55.2,3728.899,EON ERA PLUS,HYUNDAI
2013,32576,Petrol,Manual,First,19.5,88.76,2929.185,AMAZE S PETROL,HONDA
2015,28843,Petrol,Automatic,First,17.01,110.5,5105.151,FIGO ASPIRE 1.5 TI-VCT TITANIUM,FORD
2016,26000,Diesel,Automatic,Second,19.6,108.45,9299.0,DUSTER 110PS DIESEL RXL AMT,RENAULT
2013,39000,Petrol,Automatic,First,15.6,116.3,4231.045,CITY V AT,HONDA
2010,66000,Petrol,Manual,First,19.7,46.3,1394.85,ALTO LXI,MARUTI
2011,38002,Petrol,Manual,First,20.36,78.9,1999.2849999999999,I10 MAGNA 1.2,HYUNDAI
2010,49000,Petrol,Manual,Second,18.0,62.0,1301.86,SPARK 1.0 LS,CHEVROLET
2014,52000,Diesel,Manual,First,21.14,103.6,5765.38,RAPID 1.5 TDI AMBITION PLUS,SKODA
2013,56500,Diesel,Automatic,First,17.68,174.33,18412.02,A6 2011-2015 2.0 TDI PREMIUM PLUS,AUDI
2015,20568,Petrol,Manual,First,18.7,88.7,5207.44,JAZZ 1.2 V I VTEC,HONDA
2015,26000,Petrol,Manual,First,15.29,121.3,8834.05,CRETA 1.6 SX PLUS DUAL TONE PETROL,HYUNDAI
2012,56000,Petrol,Manual,First,18.6,79.4,2055.0789999999997,BEAT LS,CHEVROLET
2017,27509,Petrol,Manual,First,22.7,53.64,3077.969,REDI-GO T OPTION,DATSUN
2016,36216,Petrol,Manual,First,19.1,81.86,5058.656,XCENT 1.2 KAPPA S OPTION,HYUNDAI
2009,28888,Petrol,Automatic,First,10.0,157.7,7030.044,E-CLASS 230 E AT,MERCEDES-BENZ
2011,120000,Diesel,Manual,Second,22.9,74.0,2975.6800000000003,SWIFT ZDI,MARUTI
2018,31396,Petrol,Manual,First,23.1,67.04,5142.347,CELERIO ZXI,MARUTI
2015,79000,Diesel,Automatic,First,19.3,141.0,15808.3,OCTAVIA ELEGANCE 2.0 TDI AT,SKODA
2010,62000,Petrol,Automatic,First,16.8,118.0,3301.1449999999995,CITY 1.5 V AT,HONDA
2006,120000,Petrol,Automatic,Second,9.0,218.0,2464.2349999999997,ACCORD V6 AT,HONDA
2016,53000,Petrol,Automatic,First,14.67,177.46,16598.715,SUPERB STYLE 1.8 TSI AT,SKODA
2010,124313,Diesel,Manual,First,12.99,100.6,7402.004,INNOVA 2.5 G (DIESEL) 8 SEATER,TOYOTA
2015,26725,Petrol,Automatic,First,23.1,67.04,3952.075,CELERIO VXI AT,MARUTI
2014,45617,Diesel,Manual,First,20.77,88.76,5439.915,ERTIGA VDI,MARUTI
2013,37000,Diesel,Automatic,First,20.0,107.3,12088.699999999999,A CLASS A180 CDI,MERCEDES-BENZ
2010,109147,Diesel,Manual,First,14.0,112.0,2464.2349999999997,XYLO E2,MAHINDRA
2014,59000,Diesel,Manual,First,25.8,98.6,4417.025,AMAZE E I-DTECH,HONDA
2015,28000,Petrol,Manual,First,25.17,53.3,2464.2349999999997,KWID RXT,RENAULT
2017,4700,Petrol,Manual,First,25.17,53.3,2789.7,KWID RXT,RENAULT
2014,72469,Diesel,Automatic,First,12.07,241.4,30240.348,Q7 3.0 TDI QUATTRO PREMIUM PLUS,AUDI
2014,57539,Diesel,Automatic,First,22.32,126.32,7206.724999999999,VERNA 1.6 SX CRDI (O) AT,HYUNDAI
2016,42000,Diesel,Automatic,First,11.36,171.5,18226.04,INNOVA CRYSTA 2.8 ZX AT,TOYOTA
2010,62489,Petrol,Manual,First,17.0,80.0,2417.7400000000002,I20 SPORTZ OPTION,HYUNDAI
2013,51167,Petrol,Manual,First,16.47,73.9,3496.4239999999995,POLO PETROL COMFORTLINE 1.2L,VOLKSWAGEN
2012,130000,Diesel,Manual,First,20.54,103.6,4417.025,VENTO DIESEL TRENDLINE,VOLKSWAGEN
2007,63000,Petrol,Manual,Second,17.7,78.0,1627.325,CITY ZX GXI,HONDA
2011,60000,Petrol,Manual,First,16.2,103.2,3673.105,VERNA TRANSFORM XXI ABS,HYUNDAI
2005,123200,Petrol,Manual,Second,13.2,94.0,929.9,ACCENT GLE,HYUNDAI
2011,115692,Diesel,Automatic,First,20.0,138.1,4184.55,LAURA AMBIENTE 2.0 TDI CR AT,SKODA
2011,87073,Petrol,Automatic,First,10.93,204.0,16022.177,E-CLASS 2009-2013 E 250 ELEGANCE,MERCEDES-BENZ
2015,40901,Petrol,Manual,First,18.6,81.83,5356.223999999999,I20 SPORTZ 1.2,HYUNDAI
2013,36264,Petrol,Manual,First,20.36,78.9,4017.168,I10 MAGNA 1.2,HYUNDAI
2009,60000,Petrol,Manual,Second,19.81,68.05,1766.81,I10 MAGNA 1.1L,HYUNDAI
2018,20000,Petrol,Manual,First,17.0,74.0,5114.45,AMEO 1.2 MPI ANNIVERSARY EDITION,VOLKSWAGEN
2014,68400,Petrol,Automatic,First,12.98,178.4,12553.65,CAMRY 2.5 G,TOYOTA
2013,71231,Diesel,Manual,Second,16.0,140.0,9066.525,XUV500 W8 2WD,MAHINDRA
2011,75000,Diesel,Automatic,First,17.2,138.1,8778.256,SUPERB ELEGANCE 2.0 TDI CR AT,SKODA
2018,1997,Petrol,Automatic,First,22.5,67.0,4138.055,WAGON R VXI AMT,MARUTI
2016,47300,Diesel,Manual,First,24.3,88.5,8229.615,VITARA BREZZA ZDI PLUS DUAL TONE,MARUTI
2012,61449,Petrol,Manual,First,0.0,62.0,1999.2849999999999,SANTRO XING GL,HYUNDAI
2013,47910,Diesel,Manual,First,20.54,103.6,4547.210999999999,VENTO DIESEL COMFORTLINE,VOLKSWAGEN
2015,62000,Diesel,Manual,First,20.14,88.8,5811.875,POLO 1.5 TDI HIGHLINE,VOLKSWAGEN
2012,65060,Diesel,Manual,First,22.9,74.0,4463.5199999999995,SWIFT ZDI,MARUTI
2008,82203,Petrol,Manual,First,19.81,68.05,1673.82,I10 ERA 1.1,HYUNDAI
2013,44000,Diesel,Manual,First,16.0,140.0,6741.775,XUV500 W8 2WD,MAHINDRA
2014,53817,Diesel,Manual,First,25.47,88.5,7030.044,ERTIGA VDI,MARUTI
2013,61591,Diesel,Manual,First,16.0,140.0,6341.918,XUV500 W8 2WD,MAHINDRA
2011,86500,Diesel,Manual,Second,21.12,88.8,1673.82,MANZA AURA QUADRAJET BS IV,TATA
2009,100000,Diesel,Automatic,First,11.0,198.5,10693.85,E-CLASS 280 CDI,MERCEDES-BENZ
2010,87000,Petrol,Manual,First,15.6,104.68,2603.72,SX4 ZXI WITH LEATHER BSIII,MARUTI
2016,35000,Petrol,Automatic,First,20.51,67.0,5114.45,WAGON R AMT VXI,MARUTI
2016,6000,Petrol,Manual,First,20.63,67.06,2510.73,GO NXT,DATSUN
2014,59327,Diesel,Manual,First,20.0,68.0,3022.1749999999997,FIGO DIESEL ZXI,FORD
2014,81001,Diesel,Automatic,First,17.2,138.1,10135.91,SUPERB ELEGANCE 2.0 TDI CR AT,SKODA
2014,44612,Petrol,Manual,First,18.5,80.0,3784.693,I20 1.2 MAGNA,HYUNDAI
2016,42388,Diesel,Automatic,First,11.36,171.5,16738.2,INNOVA CRYSTA 2.8 ZX AT,TOYOTA
2012,54000,Petrol,Manual,First,19.4,86.8,2743.205,BRIO V MT,HONDA
2011,83010,Diesel,Automatic,First,17.2,138.1,6974.25,SUPERB ELEGANCE 2.0 TDI CR AT,SKODA
2016,65405,Diesel,Automatic,First,13.0,204.0,30435.626999999997,E-CLASS 2015-2017 E250 CDI AVANTGARDE,MERCEDES-BENZ
2015,36000,Diesel,Automatic,Second,12.55,168.7,19992.85,FORTUNER 4X2 AT TRD SPORTIVO,TOYOTA
2008,85000,Petrol,Manual,First,16.51,103.2,2324.75,SX4 ZXI MT BSIV,MARUTI
2016,35000,Diesel,Manual,First,27.3,98.6,5114.45,JAZZ 1.5 V I DTEC,HONDA
2012,54000,Petrol,Automatic,First,14.53,138.1,6974.25,COROLLA ALTIS 2008-2013 1.8 VL AT,TOYOTA
2007,70000,Petrol,Manual,First,16.9,100.0,1441.345,CITY ZX VTEC,HONDA
2017,27001,Diesel,Automatic,First,20.68,190.0,26967.1,X1 XDRIVE 20D M SPORT,BMW
2019,41075,Diesel,Manual,First,28.4,74.0,7811.16,SWIFT DDIS VDI,MARUTI
2016,26000,Diesel,Manual,First,25.32,77.0,6044.349999999999,KUV 100 MFALCON D75 K8,MAHINDRA
2010,55000,Petrol,Manual,First,16.0,90.0,2185.265,JAZZ MODE,HONDA
2016,19000,Petrol,Manual,First,20.4,81.8,5160.945,SWIFT ZXI,MARUTI
2016,15000,Petrol,Automatic,First,18.9,82.0,4974.964999999999,GRAND I10 ASTA OPTION AT,HYUNDAI
2016,37000,Petrol,Manual,First,17.8,86.7,4881.974999999999,AMAZE SX I-VTEC,HONDA
2017,38712,Petrol,Manual,First,18.9,81.86,5458.513,GRAND I10 1.2 KAPPA SPORTZ,HYUNDAI
2014,52400,Diesel,Manual,First,20.54,103.6,4984.264,VENTO DIESEL COMFORTLINE,VOLKSWAGEN
2016,23988,Diesel,Manual,First,28.09,88.5,7206.724999999999,CIAZ 1.3 S,MARUTI
2014,32283,Petrol,Automatic,Second,14.4,103.6,5030.759,VENTO PETROL HIGHLINE AT,VOLKSWAGEN
2010,52000,Petrol,Manual,First,18.5,80.0,3394.1349999999998,I20 1.2 MAGNA,HYUNDAI
2016,32000,Petrol,Automatic,First,16.5,86.8,4881.974999999999,BRIO VX AT,HONDA
2014,39000,Petrol,Manual,First,17.4,117.3,5811.875,CITY I VTEC VX,HONDA
2017,14149,Petrol,Manual,First,23.9,37.48,3226.753,NANO XT,TATA
2006,103000,Petrol,Automatic,First,10.13,364.9,8229.615,S CLASS 2005 2013 S 350 L,MERCEDES-BENZ
2004,82000,Petrol,Manual,First,14.0,64.0,790.415,WAGON R LXI BSIII,MARUTI
2015,34000,Petrol,Automatic,First,13.7,157.75,12693.135,SUPERB ELEGANCE 1.8 TSI AT,SKODA
2016,45180,Diesel,Automatic,First,12.07,241.4,46699.578,Q7 35 TDI QUATTRO TECHNOLOGY,AUDI
2018,2000,Petrol,Manual,First,22.0,81.8,7206.724999999999,SWIFT ZXI PLUS,MARUTI
2011,82321,Diesel,Manual,First,12.8,102.0,9345.495,INNOVA 2.5 G4 DIESEL 7-SEATER,TOYOTA
2011,7000,Petrol,Automatic,First,12.05,154.0,9066.525,3 SERIES 320I SEDAN,BMW
2015,27000,Diesel,Automatic,First,17.9,136.0,21387.7,GLA CLASS 200 CDI SPORT,MERCEDES-BENZ
2019,31271,Diesel,Manual,First,13.68,147.8,19918.458000000002,INNOVA CRYSTA 2.4 VX MT 8S,TOYOTA
2003,55000,Petrol,Manual,Third,15.9,97.7,650.93,ESTEEM LX BSII,MARUTI
2014,24000,Diesel,Manual,First,25.2,74.0,4844.7789999999995,SWIFT VDI BSIV,MARUTI
2009,147000,Diesel,Manual,First,12.99,100.6,6974.25,INNOVA 2.5 GX (DIESEL) 7 SEATER,TOYOTA
2012,72351,Diesel,Manual,First,23.59,97.7,2464.2349999999997,ETIOS LIVA GD,TOYOTA
2010,115000,Petrol,Manual,First,18.6,79.4,1627.325,BEAT LT,CHEVROLET
2010,82000,Diesel,Manual,Second,13.8,68.0,929.9,IKON 1.4 TDCI DURATORQ,FORD
2016,20000,Diesel,Automatic,First,19.27,170.0,30686.7,NEW C-CLASS C 220 CDI AVANTGARDE,MERCEDES-BENZ
2011,45560,Petrol,Manual,First,17.6,88.73,2045.7800000000002,ETIOS G,TOYOTA
2017,57539,Diesel,Manual,First,12.8,102.0,11930.617,INNOVA 2.5 GX (DIESEL) 7 SEATER BS IV,TOYOTA
2018,20004,Diesel,Automatic,First,17.54,313.0,64107.306,6 SERIES GRAN COUPE,BMW
2012,54500,Diesel,Manual,First,21.13,108.4,3812.5899999999997,RAPID 1.5 TDI AMBITION,SKODA
2016,27886,Petrol,Manual,First,22.0,55.0,2650.215,EON MAGNA,HYUNDAI
2007,66000,Petrol,Automatic,First,11.1,158.8,3440.63,CR-V 2.4L 4WD AT,HONDA
2013,72202,Diesel,Automatic,First,20.0,138.1,8424.894,LAURA ELEGANCE 2.0 TDI CR AT,SKODA
2011,70000,Petrol,Manual,Second,13.4,157.8,4417.025,LAURA RS,SKODA
2015,78233,Diesel,Manual,First,26.0,98.6,6137.339999999999,CITY I DTEC S,HONDA
2007,120203,Diesel,Manual,Second,13.93,138.0,3254.65,NEW SAFARI 4X4 EX,TATA
2011,20575,Petrol,Manual,First,19.0,67.1,1859.8,ZEN ESTILO LXI BS IV,MARUTI
2013,39879,Petrol,Manual,First,17.8,86.7,3617.311,AMAZE S I-VTEC,HONDA
2017,31056,Petrol,Manual,First,23.01,67.0,3347.64,KWID 1.0 RXL,RENAULT
2015,50940,Petrol,Automatic,First,19.12,91.1,6462.805,CIAZ AT ZXI,MARUTI
2016,99362,Diesel,Manual,First,22.54,88.73,6537.197,I20 ASTA OPTION 1.4 CRDI,HYUNDAI
2016,54000,Diesel,Manual,First,13.68,147.8,15343.35,INNOVA CRYSTA 2.4 ZX MT,TOYOTA
2016,54268,Diesel,Manual,First,28.09,88.5,7132.333,CIAZ ZDI PLUS SHVS,MARUTI
2012,94521,Diesel,Automatic,First,14.74,270.9,21564.381,XF DIESEL,JAGUAR
2017,38932,Petrol,Manual,First,19.1,82.0,5774.679,XCENT 1.2 KAPPA S,HYUNDAI
2015,60395,Diesel,Automatic,First,16.12,245.0,42608.018,CAYENNE DIESEL,PORSCHE
2016,29000,Diesel,Manual,First,24.4,71.0,5532.905,XCENT 1.1 CRDI S,HYUNDAI
2011,58000,Diesel,Automatic,First,16.55,140.0,10228.9,A4 2.0 TDI MULTITRONIC,AUDI
2016,60913,Petrol,Manual,First,20.73,91.1,6685.981,CIAZ RS ZXI PLUS,MARUTI
2011,65000,Diesel,Manual,First,12.8,102.0,5951.360000000001,INNOVA 2.5 G4 DIESEL 8-SEATER,TOYOTA
2015,26000,Diesel,Manual,First,15.8,170.0,24177.399999999998,NEW C-CLASS 220 CDI MT,MERCEDES-BENZ
2016,19947,Petrol,Manual,First,20.36,78.9,4184.55,I10 SPORTZ,HYUNDAI
2011,70816,Petrol,Automatic,First,16.95,78.9,2882.69,I10 SPORTZ 1.2 AT,HYUNDAI
2015,54000,Diesel,Manual,First,27.39,74.0,5532.905,BALENO ZETA 1.3,MARUTI
2008,138000,Petrol,Manual,First,18.2,64.0,1115.8799999999999,ZEN ESTILO 1.1 VXI BSIII,MARUTI
2014,35000,Diesel,Automatic,First,16.46,258.0,48354.799999999996,7 SERIES 730LD,BMW
2015,50000,Diesel,Automatic,First,11.33,335.2,44635.2,Q7 4.2 TDI QUATTRO TECHNOLOGY,AUDI
2011,124652,Diesel,Automatic,First,11.7,245.0,20448.500999999997,X5 XDRIVE 30D,BMW
2013,80264,Petrol,Manual,First,21.1,85.8,3998.5699999999997,RITZ LXI,MARUTI
2013,125600,Diesel,Manual,First,21.64,84.8,3487.125,SUNNY 2011-2014 DIESEL XL,NISSAN
2015,49000,Petrol,Manual,First,14.28,138.03,8322.605,COROLLA ALTIS 1.8 LIMITED EDITION,TOYOTA
2012,111000,Diesel,Manual,First,23.59,67.1,4417.025,ETIOS VXD,TOYOTA
2016,33690,Petrol,Manual,First,14.28,138.03,13576.539999999999,COROLLA ALTIS GL MT,TOYOTA
2012,50000,Diesel,Automatic,First,17.68,174.33,16273.25,A6 2011-2015 2.0 TDI PREMIUM PLUS,AUDI
2012,38092,Diesel,Manual,First,20.77,88.8,4835.4800000000005,ERTIGA ZDI,MARUTI
2017,47774,Petrol,Manual,First,18.9,82.0,5616.596,GRAND I10 SPORTZ,HYUNDAI
2009,167000,Diesel,Manual,Second,19.09,69.0,2510.73,INDIGO CS LX (TDI) BS III,TATA
2019,65000,Diesel,Automatic,First,26.59,74.0,6276.825,SWIFT DZIRE AMT ZDI,MARUTI
2011,46000,Petrol,Manual,First,15.26,103.5,2185.265,POLO PETROL HIGHLINE 1.6L,VOLKSWAGEN
2017,16500,Petrol,Manual,First,23.84,84.0,4649.5,TIAGO 1.2 REVOTRON XZ WO ALLOY,TATA
2016,39000,Petrol,Manual,First,17.8,117.3,6462.805,CITY I VTEC VX,HONDA
2018,6000,Petrol,Manual,First,19.5,86.76,6230.33,AMAZE V PETROL,HONDA
2015,60000,Diesel,Automatic,First,17.11,174.33,23247.5,A4 35 TDI PREMIUM,AUDI
2011,97320,Petrol,Automatic,First,14.4,103.6,3487.125,VENTO PETROL HIGHLINE AT,VOLKSWAGEN
2011,99807,Diesel,Manual,First,20.54,103.6,3487.125,VENTO DIESEL TRENDLINE,VOLKSWAGEN
2013,46000,Petrol,Manual,First,17.0,118.0,4742.49,CITY 1.5 S MT,HONDA
2010,12000,Petrol,Manual,First,22.5,67.04,2278.255,WAGON R LXI,MARUTI
2005,13002,Petrol,Automatic,First,9.3,193.1,3022.1749999999997,SUPERB 2.8 V6 AT,SKODA
2014,26000,Diesel,Manual,First,26.0,98.6,5114.45,CITY I DTEC SV,HONDA
2014,68365,CNG,Manual,First,26.6,58.16,3505.723,WAGON R LXI CNG,MARUTI
2016,27833,Diesel,Automatic,First,0.0,165.0,45788.276,M-CLASS ML 350 4MATIC,MERCEDES-BENZ
2016,51639,Petrol,Manual,First,22.74,47.3,2826.896,ALTO 800 LXI,MARUTI
2015,21000,Petrol,Manual,First,18.6,81.83,4556.51,I20 MAGNA 1.2,HYUNDAI
2013,90000,Diesel,Manual,First,22.7,89.84,5811.875,ECOSPORT 1.5 DV5 MT TREND,FORD
2015,36255,Diesel,Automatic,First,19.59,184.0,30686.7,3 SERIES GT 320D LUXURY LINE,BMW
2011,58000,Diesel,Automatic,Second,11.7,245.0,25107.3,X5 XDRIVE 30D,BMW
2014,48997,Petrol,Manual,Second,18.0,86.7,4844.7789999999995,AMAZE S I-VTECH,HONDA
2014,31130,Petrol,Manual,First,15.85,110.4,5346.925,ECOSPORT 1.5 TI VCT MT TITANIUM,FORD
2012,75668,Diesel,Automatic,First,14.74,270.9,15417.741999999998,XF 3.0 LITRE S PREMIUM LUXURY,JAGUAR
2015,12000,Petrol,Manual,First,14.53,138.0,10228.9,COROLLA 1.8 J,TOYOTA
2014,90000,Petrol,Manual,Second,20.36,78.9,2603.72,I10 SPORTZ,HYUNDAI
2019,17320,Diesel,Automatic,First,15.8,170.0,35326.901,NEW C-CLASS C220 CDI EXECUTIVE EDITION,MERCEDES-BENZ
2011,85000,Diesel,Manual,Second,20.0,108.5,3394.1349999999998,LAURA AMBIENTE 2.0 TDI CR MT,SKODA
2007,130000,Diesel,Manual,First,13.1,141.0,5579.4,ENDEAVOUR 4X2 XLT,FORD
2013,60328,Petrol,Manual,First,15.6,70.0,4221.746,FIGO PETROL EXI,FORD
2015,34327,Petrol,Manual,First,18.0,86.7,5021.46,AMAZE S I-VTECH,HONDA
2014,75000,Diesel,Manual,First,19.1,70.0,3068.6699999999996,INDICA VISTA TDI LS,TATA
2012,86000,Diesel,Automatic,Second,14.7,163.0,16970.675,XC60 D4 SUMMUM,VOLVO
2017,12000,Petrol,Manual,First,22.7,53.0,2882.69,REDI GO SPORT,DATSUN
2013,57759,Petrol,Manual,First,21.1,55.2,3570.816,EON ERA PLUS,HYUNDAI
2016,24300,Petrol,Manual,First,22.74,47.3,2268.9559999999997,ALTO 800 VXI,MARUTI
2011,66000,Petrol,Manual,Second,16.47,73.9,3347.64,POLO PETROL TRENDLINE 1.2L,VOLKSWAGEN
2015,75915,Petrol,Manual,First,20.36,78.9,3626.6099999999997,I10 ASTA,HYUNDAI
2013,107000,Petrol,Manual,Second,16.95,97.7,2696.71,SUNNY 2011-2014 XL,NISSAN
2008,86000,Petrol,Manual,Second,14.53,138.1,3254.65,COROLLA ALTIS G,TOYOTA
2009,160000,Diesel,Manual,Second,18.1,110.0,3254.65,VERNA CRDI ABS,HYUNDAI
2019,3000,Petrol,Manual,First,24.7,47.3,3254.65,ALTO 800 2016-2019 LXI OPTIONAL,MARUTI
2015,72495,Diesel,Manual,First,21.9,88.76,6509.3,I20 SPORTZ 1.4 CRDI,HYUNDAI
2016,33000,Diesel,Automatic,First,19.08,126.2,8090.129999999999,VERNA 1.6 CRDI AT S,HYUNDAI
2014,60000,Diesel,Automatic,First,12.07,241.4,41845.5,Q7 3.0 TDI QUATTRO TECHNOLOGY,AUDI
2016,80103,Diesel,Manual,First,25.0,69.0,1673.82,INDICA V2 ELS,TATA
2007,42100,Petrol,Manual,First,18.0,62.0,920.601,SPARK 1.0 LS,CHEVROLET
2018,4500,Petrol,Manual,First,18.9,81.86,4463.5199999999995,GRAND I10 1.2 KAPPA MAGNA,HYUNDAI
2014,97000,Diesel,Manual,First,12.55,169.0,16691.704999999998,FORTUNER 4X4 MT TRD SPORTIVO,TOYOTA
2016,50000,Electric,Automatic,First,18.15,41.0,12088.699999999999,E VERITO D4,MAHINDRA
2017,51223,Petrol,Manual,First,18.9,81.86,5263.234,GRAND I10 1.2 KAPPA ASTA,HYUNDAI
2009,64000,Petrol,Manual,First,17.0,118.0,2882.69,CITY 1.5 S MT,HONDA
2016,56911,Petrol,Manual,First,18.6,81.86,6081.546,ELITE I20 PETROL ASTA,HYUNDAI
2015,147848,Diesel,Manual,First,12.8,102.0,12274.679999999998,INNOVA 2.5 G4 DIESEL 8-SEATER,TOYOTA
2018,21290,Petrol,Automatic,First,13.0,395.0,52818.31999999999,MUSTANG V8,FORD
2019,14076,Diesel,Automatic,First,11.36,171.5,18040.059999999998,INNOVA CRYSTA 2.8 GX AT,TOYOTA
2007,75180,Petrol,Manual,First,18.2,64.0,1534.3349999999998,ZEN ESTILO 1.1 VXI BSIII,MARUTI
2013,92000,Diesel,Manual,Second,22.9,74.0,4045.0649999999996,SWIFT ZDI,MARUTI
2015,57266,Diesel,Manual,First,20.5,91.72,6044.349999999999,AVVENTURA MULTIJET EMOTION,FIAT
2007,64000,Petrol,Manual,First,18.2,67.1,1032.189,ZEN ESTILO VXI BSIII,MARUTI
2013,41000,Diesel,Manual,First,19.87,83.8,5114.45,DUSTER 85PS DIESEL RXL,RENAULT
2012,45999,Diesel,Manual,First,10.5,107.2,10228.9,PAJERO 2.8 SFX,MITSUBISHI
2015,50000,Petrol,Automatic,First,23.1,67.04,3626.6099999999997,CELERIO VXI AT,MARUTI
2013,70000,Diesel,Manual,First,17.88,48.21,1673.82,INDICA V2 DLS BSIII,TATA
2016,37540,Petrol,Manual,First,18.6,81.86,5783.978,ELITE I20 PETROL ASTA,HYUNDAI
2014,44000,Petrol,Automatic,First,23.1,67.04,3998.5699999999997,CELERIO VXI AT,MARUTI
2017,22500,Petrol,Manual,First,18.9,81.86,5570.101,GRAND I10 1.2 KAPPA ASTA,HYUNDAI
2017,17431,Petrol,Manual,First,18.6,81.83,5579.4,I20 1.2 MAGNA EXECUTIVE,HYUNDAI
2014,61566,Petrol,Manual,First,17.1,121.3,5439.915,VERNA 1.6 SX VTVT (O),HYUNDAI
2014,61730,Diesel,Automatic,First,12.39,147.51,18542.206000000002,ROVER FREELANDER 2 SE,LAND
2009,68000,Petrol,Manual,First,16.1,88.2,2696.71,SWIFT VXI BSIII,MARUTI
2014,29000,Petrol,Manual,First,18.0,86.7,3952.075,AMAZE SX I-VTEC,HONDA
2010,156210,Diesel,Manual,First,21.43,87.2,5570.101,COROLLA ALTIS DIESEL D4DG,TOYOTA
2013,46500,Diesel,Manual,First,27.4,98.6,3068.6699999999996,AMAZE S DIESEL,HONDA
2009,52830,Diesel,Automatic,Second,16.77,241.38,7513.592,A6 3.0 TDI QUATTRO,AUDI
2017,39867,Petrol,Manual,First,22.5,67.04,4184.55,WAGON R VXI,MARUTI
2014,58972,Diesel,Manual,First,24.2,98.6,6044.349999999999,MOBILIO E I DTEC,HONDA
2006,66000,Petrol,Automatic,Second,10.1,152.0,3626.6099999999997,CR-V 2.4 4WD AT,HONDA
2013,52000,Petrol,Manual,First,17.1,121.3,4881.974999999999,VERNA 1.6 SX VTVT (O),HYUNDAI
2014,58000,Diesel,Automatic,First,11.72,194.3,15808.3,SANTA FE 4X4 AT,HYUNDAI
2012,58000,Petrol,Automatic,First,16.95,78.9,3254.65,I10 SPORTZ AT,HYUNDAI
2008,75000,Diesel,Manual,Second,17.7,68.0,2789.7,FUSION PLUS 1.4 TDCI DIESEL,FORD
2015,41008,Petrol,Manual,Second,20.36,78.9,4528.613,I10 SPORTZ,HYUNDAI
2014,65000,Diesel,Manual,First,24.4,71.0,5579.4,XCENT 1.1 CRDI SX OPTION,HYUNDAI
2015,19000,Diesel,Automatic,First,18.19,174.5,14413.449999999999,SUPERB STYLE 2.0 TDI AT,SKODA
2008,74000,Petrol,Manual,Second,16.6,68.0,1487.8400000000001,FIESTA 1.4 DURATEC EXI,FORD
2017,33000,Petrol,Automatic,First,21.4,83.1,6741.775,BALENO ZETA AUTOMATIC,MARUTI
2010,95000,Diesel,Manual,Second,17.0,105.0,3022.1749999999997,LAURA 1.9 TDI MT AMBIENTE,SKODA
2012,34000,Diesel,Manual,First,20.64,108.5,3161.66,VENTO 1.5 TDI COMFORTLINE,VOLKSWAGEN
2014,102865,Diesel,Automatic,First,12.07,241.4,28361.95,Q7 3.0 TDI QUATTRO TECHNOLOGY,AUDI
2016,52378,Petrol,Manual,First,17.0,121.3,7411.303,VERNA VTVT 1.6 SX OPTION,HYUNDAI
2012,38000,Diesel,Automatic,First,14.84,170.0,12562.948999999999,NEW C-CLASS 220 CDI AT,MERCEDES-BENZ
2015,60334,Diesel,Manual,First,25.8,98.6,5049.357,AMAZE S I-DTECH,HONDA
2010,107000,Petrol,Manual,First,16.6,68.0,2417.7400000000002,FIESTA 1.4 DURATEC EXI LIMITED EDITION,FORD
2013,445000,Petrol,Manual,First,18.5,82.9,4138.055,I20 MAGNA OPTIONAL 1.2,HYUNDAI
2017,2196,Petrol,Manual,First,22.74,47.3,2557.225,ALTO 800 LXI,MARUTI
2010,24000,Petrol,Automatic,First,10.6,258.0,8136.625,5 SERIES 530I SEDAN,BMW
2015,44846,Petrol,Manual,Second,14.6,88.7,5030.759,GRANDE PUNTO 1.4 EMOTION,FIAT
2018,64035,Diesel,Automatic,First,28.4,73.75,7950.645,DZIRE AMT ZDI PLUS,MARUTI
2014,45600,Diesel,Manual,First,15.1,140.0,7671.675,XUV500 W6 2WD,MAHINDRA
2014,102001,Diesel,Automatic,First,11.1,200.0,21927.041999999998,XC90 2007-2015 D5 AT AWD,VOLVO
2014,47439,Petrol,Manual,First,20.36,78.9,4175.251,I10 SPORTZ 1.2,HYUNDAI
2010,193254,Diesel,Manual,First,11.5,171.0,12079.401,FORTUNER 3.0 DIESEL,TOYOTA
2016,29000,Petrol,Automatic,First,21.9,37.48,2603.72,NANO XTA,TATA
2016,51681,Diesel,Manual,First,19.98,108.5,7839.057,LODGY 110PS RXZ 8 SEATER,RENAULT
2015,50000,Diesel,Automatic,First,12.07,241.4,44170.25,Q7 3.0 TDI QUATTRO PREMIUM PLUS,AUDI
2016,42666,Petrol,Automatic,First,18.0,117.3,8322.605,CITY I VTEC CVT VX,HONDA
2013,65000,Diesel,Manual,Second,19.01,108.45,5114.45,DUSTER 110PS DIESEL RXL,RENAULT
2014,18776,Petrol,Manual,First,17.8,86.7,4417.025,AMAZE S I-VTEC,HONDA
2016,6714,Petrol,Manual,First,18.0,86.7,4417.025,AMAZE S I-VTECH,HONDA
2009,40000,Petrol,Automatic,Second,12.05,154.0,8834.05,3 SERIES 320I,BMW
2011,88539,Diesel,Manual,First,23.2,73.94,3505.723,RITZ LDI,MARUTI
2012,65055,Petrol,Manual,Second,17.0,118.0,3952.075,CITY 1.5 S MT,HONDA
2014,23000,Diesel,Automatic,First,18.88,184.0,18505.01,3 SERIES 320D SPORT LINE,BMW
2009,60000,Diesel,Manual,First,15.0,105.0,3719.6,JETTA 2007-2011 1.9 TDI TRENDLINE,VOLKSWAGEN
2013,59350,Petrol,Manual,First,19.1,85.8,3868.384,SWIFT DZIRE LXI,MARUTI
2015,19000,Diesel,Automatic,Second,16.36,187.7,35336.2,XF 2.2 LITRE EXECUTIVE,JAGUAR
2016,45560,Petrol,Automatic,First,16.9,82.0,5895.566,XCENT 1.2 KAPPA AT SX OPTION,HYUNDAI
2009,118000,Diesel,Manual,First,12.8,102.0,4184.55,INNOVA 2.5 G (DIESEL) 7 SEATER BS IV,TOYOTA
2016,55000,Petrol,Manual,First,15.1,73.0,3487.125,EECO 7 SEATER STANDARD,MARUTI
2012,60000,Diesel,Automatic,Second,15.2,140.8,9484.98,A4 NEW 2.0 TDI MULTITRONIC,AUDI
2007,145000,Diesel,Manual,First,12.8,102.0,4649.5,INNOVA 2.5 G (DIESEL) 7 SEATER BS IV,TOYOTA
2008,46810,Petrol,Manual,First,9.8,163.5,3673.105,GRAND VITARA MT,MARUTI
2016,62767,Diesel,Manual,First,20.34,103.2,9066.525,VENTO 1.5 TDI HIGHLINE,VOLKSWAGEN
2018,18553,Petrol,Manual,First,18.6,81.86,7374.107,ELITE I20 PETROL ASTA,HYUNDAI
2011,143143,Diesel,Manual,First,17.8,67.0,1952.79,FIESTA CLASSIC 1.4 DURATORQ CLXI,FORD
2015,53497,Diesel,Manual,First,13.5,175.56,15268.958,PAJERO SPORT 4X4,MITSUBISHI
2011,148000,Diesel,Manual,Second,14.66,194.3,8276.11,SANTA FE 4X4,HYUNDAI
2012,95000,Diesel,Manual,First,15.1,140.0,6704.579,XUV500 W8 2WD,MAHINDRA
2015,100000,Diesel,Manual,First,12.8,102.0,12553.65,INNOVA 2.5 V DIESEL 8-SEATER,TOYOTA
2016,29000,Diesel,Automatic,First,11.57,254.79,60443.5,GLE 350D,MERCEDES-BENZ
2014,87000,Diesel,Manual,First,12.05,120.0,6881.26,SCORPIO 2009-2014 SLE 7S BSIV,MAHINDRA
2014,56838,Petrol,Automatic,First,16.8,118.0,4788.985000000001,CITY 1.5 S AT,HONDA
2013,100000,Diesel,Automatic,First,12.0,224.0,29756.8,GL-CLASS 2007 2012 350 CDI LUXURY,MERCEDES-BENZ
2011,125000,Petrol,Manual,First,17.0,118.0,3022.1749999999997,CITY 1.5 S MT,HONDA
2017,17000,Petrol,Automatic,First,22.5,67.0,3673.105,WAGON R VXI AMT,MARUTI
2013,70000,Petrol,Manual,Second,15.4,65.0,1394.85,INDIGO ECS GLE BSIII,TATA
2010,50000,Petrol,Manual,Second,17.0,80.0,2789.7,I20 2015-2017 1.2 ASTA WITH AVN,HYUNDAI
2010,39800,Petrol,Manual,First,16.0,90.0,1850.501,JAZZ ACTIVE,HONDA
2010,60000,Petrol,Manual,First,19.0,66.1,1255.365,A-STAR LXI,MARUTI
2009,58000,Diesel,Automatic,First,16.07,181.0,12553.65,3 SERIES 320D HIGHLINE,BMW
2010,110009,Diesel,Manual,First,17.67,138.08,6500.001,YETI ELEGANCE,SKODA
2013,85000,Diesel,Manual,First,19.01,108.5,7904.15,TERRANO XV PREMIUM 110 PS,NISSAN
2010,84000,Diesel,Manual,Second,22.07,73.9,2687.411,POLO DIESEL COMFORTLINE 1.2L,VOLKSWAGEN
2011,51000,Diesel,Automatic,First,22.69,190.0,9763.949999999999,3 SERIES 320D,BMW
2013,68880,Petrol,Manual,First,16.95,97.7,3691.703,SUNNY 2011-2014 XL,NISSAN
2017,5500,Petrol,Automatic,First,24.07,67.1,3952.075,ALTO K10 VXI AGS,MARUTI
2016,40052,Petrol,Manual,First,21.1,85.8,5737.483,RITZ ZXI,MARUTI
2016,47293,Diesel,Automatic,First,14.16,174.3,36005.727999999996,Q5 30 TDI QUATTRO PREMIUM PLUS,AUDI
2013,79663,Diesel,Manual,First,16.8,110.0,6044.349999999999,VERNA CRDI SX,HYUNDAI
2013,63000,Diesel,Manual,Second,25.8,98.6,3952.075,AMAZE S I-DTECH,HONDA
2014,45000,Diesel,Manual,First,26.0,98.6,4417.025,CITY I DTEC SV,HONDA
2014,56501,Diesel,Automatic,First,12.9,174.5,16468.529,FORTUNER TRD SPORTIVO 2.8 2WD AT,TOYOTA
2015,58000,Diesel,Manual,First,20.34,103.2,5439.915,VENTO 1.5 TDI HIGHLINE,VOLKSWAGEN
2011,51602,Diesel,Automatic,First,22.48,190.0,16059.373,5 SERIES 520D LUXURY LINE,BMW
2007,74199,Diesel,Automatic,First,16.07,181.0,8601.574999999999,3 SERIES 320D SEDAN,BMW
2017,25000,Petrol,Automatic,First,13.0,121.3,11856.225,CRETA 1.6 SX PLUS PETROL AUTOMATIC,HYUNDAI
2016,70000,Diesel,Automatic,Second,21.76,190.0,25107.3,3 SERIES LUXURY LINE,BMW
2013,25000,Diesel,Automatic,Second,14.84,167.62,19527.899999999998,NEW C-CLASS C 220 CDI BE AVANTGARE,MERCEDES-BENZ
2017,22000,Diesel,Manual,First,26.59,74.0,7392.705,SWIFT DZIRE VDI,MARUTI
2015,47020,Petrol,Manual,Second,23.1,67.04,4184.55,CELERIO ZXI,MARUTI
2017,8000,Diesel,Automatic,First,19.59,187.74,31384.125,3 SERIES 320D GT LUXURY LINE,BMW
2010,73000,Diesel,Automatic,First,11.33,335.2,16282.549,Q7 4.2 TDI QUATTRO TECHNOLOGY,AUDI
2017,36973,Petrol,Manual,First,18.2,88.7,6323.32,JAZZ V,HONDA
2014,42083,Petrol,Manual,First,25.4,37.48,1562.232,NANO CX BSIV,TATA
2016,61000,Petrol,Manual,First,24.7,47.3,2696.71,ALTO 800 2016-2019 LXI,MARUTI
2014,43628,Petrol,Manual,First,22.5,67.04,2938.484,WAGON R VXI,MARUTI
2014,60000,Diesel,Manual,First,24.4,71.0,3626.6099999999997,XCENT 1.1 CRDI BASE,HYUNDAI
2010,54000,Petrol,Manual,Second,17.8,76.8,1813.3049999999998,BEAT LT,CHEVROLET
2015,27001,Diesel,Automatic,First,16.36,187.7,24660.948,XF 2.2 LITRE LUXURY,JAGUAR
2010,52000,Diesel,Automatic,First,18.33,167.7,8369.1,PASSAT DIESEL HIGHLINE 2.0 TDI,VOLKSWAGEN
2012,80000,Diesel,Manual,First,21.27,88.76,4184.55,I20 ASTA 1.4 CRDI,HYUNDAI
2008,160000,Diesel,Manual,First,10.5,107.2,8136.625,PAJERO 2.8 SFX,MITSUBISHI
2018,3300,Diesel,Automatic,First,24.3,88.5,10693.85,VITARA BREZZA ZDI PLUS AMT DUAL TONE,MARUTI
2016,35027,Petrol,Manual,First,24.07,67.1,2789.7,ALTO K10 LXI,MARUTI
2015,26568,Petrol,Manual,First,21.1,55.2,3524.321,EON MAGNA PLUS,HYUNDAI
2015,59000,Diesel,Manual,First,28.09,88.5,5579.4,CIAZ VDI PLUS SHVS,MARUTI
2016,51000,Diesel,Manual,First,19.67,126.2,12321.175,CRETA 1.6 CRDI SX OPTION,HYUNDAI
2012,56400,Diesel,Automatic,First,17.2,138.1,7439.2,SUPERB AMBITION 2.0 TDI CR AT,SKODA
2015,80000,Diesel,Manual,First,20.14,88.8,5393.42,POLO 1.5 TDI HIGHLINE,VOLKSWAGEN
2012,72000,Diesel,Automatic,Third,18.48,97.7,12879.115,5 SERIES 520D SEDAN,BMW
2013,107000,Diesel,Manual,Second,12.99,100.6,12553.65,INNOVA 2.5 VX (DIESEL) 7 SEATER,TOYOTA
2014,100000,Diesel,Automatic,First,14.21,203.0,23247.5,E-CLASS 2009-2013 E250 CDI ELEGANCE,MERCEDES-BENZ
2016,59998,Diesel,Manual,First,20.14,88.8,5105.151,POLO 1.5 TDI HIGHLINE,VOLKSWAGEN
2013,105000,Diesel,Automatic,First,17.32,150.0,17668.1,Q3 2.0 TDI,AUDI
2011,36000,Petrol,Manual,First,18.5,80.0,2324.75,I20 1.2 MAGNA,HYUNDAI
2015,24350,Petrol,Manual,Second,19.81,68.05,2789.7,I10 SPORTZ 1.1L,HYUNDAI
2018,28973,Diesel,Manual,First,24.7,69.0,6174.535999999999,TIGOR 1.05 REVOTORQ XT,TATA
2017,8243,Petrol,Manual,First,21.1,55.2,2984.979,EON ERA,HYUNDAI
2009,136642,Petrol,Manual,Second,17.92,62.1,1441.345,SANTRO XING GLS,HYUNDAI
2011,60000,Petrol,Manual,First,17.92,62.1,2408.441,SANTRO XING GLS,HYUNDAI
2008,100000,Diesel,Manual,Second,12.7,120.0,3719.6,SCORPIO SLX,MAHINDRA
2010,48689,Petrol,Manual,First,17.4,117.3,3598.713,CITY I-VTEC S,HONDA
2017,45000,Diesel,Manual,First,24.3,88.5,9066.525,VITARA BREZZA ZDI,MARUTI
2019,38163,Diesel,Automatic,First,17.11,174.33,30603.008999999995,A4 35 TDI TECHNOLOGY EDITION,AUDI
2011,43800,Diesel,Automatic,Second,14.21,203.0,15575.824999999999,E-CLASS 2009-2013 E250 CDI ELEGANCE,MERCEDES-BENZ
2007,92000,Petrol,Manual,First,13.5,130.0,1766.81,CIVIC 2006-2010 1.8 MT SPORT,HONDA
2017,14064,Petrol,Manual,First,18.6,81.83,6128.041,I20 MAGNA 1.2,HYUNDAI
2017,42366,Diesel,Automatic,First,15.73,174.33,29691.707,Q3 35 TDI QUATTRO PREMIUM PLUS,AUDI
2014,76551,Diesel,Manual,First,25.1,98.6,6741.775,CITY I DTEC VX,HONDA
2008,72672,Petrol,Manual,First,19.81,68.05,1766.81,I10 ERA 1.1 ITECH SE,HYUNDAI
2015,45000,Diesel,Manual,First,25.2,74.0,3301.1449999999995,SWIFT VDI BSIV,MARUTI
2012,91696,Diesel,Automatic,First,11.4,153.86,8601.574999999999,ENDEAVOUR 3.0L 4X4 AT,FORD
2009,66484,Petrol,Manual,First,13.8,70.0,1534.3349999999998,IKON 1.3 FLAIR,FORD
2019,15456,Diesel,Automatic,First,20.68,190.0,34071.536,X1 SDRIVE 20D XLINE,BMW
2011,55000,Diesel,Automatic,Second,14.21,203.0,14878.4,E-CLASS 2009-2013 E250 CDI CLASSIC,MERCEDES-BENZ
2019,21112,CNG,Manual,First,15.1,73.0,5002.862,EECO 5 STR WITH AC PLUS HTR CNG,MARUTI
2011,98000,Petrol,Manual,First,16.7,97.7,2929.185,JAZZ SELECT EDITION,HONDA
2014,61297,Diesel,Manual,First,25.8,98.6,4045.0649999999996,AMAZE S I-DTECH,HONDA
2006,80000,Petrol,Manual,Second,17.3,60.0,1115.8799999999999,ZEN LXI - BS III,MARUTI
2013,59000,Petrol,Manual,Second,18.5,80.0,3812.5899999999997,I20 MAGNA,HYUNDAI
2009,150000,Diesel,Automatic,First,11.0,235.0,17435.625,X5 3.0D,BMW
2017,60083,Diesel,Manual,First,19.67,126.2,12814.021999999999,CRETA 1.6 CRDI SX OPTION,HYUNDAI
2016,85450,Diesel,Manual,First,26.59,74.0,3719.6,SWIFT DZIRE LDI,MARUTI
2013,88000,Diesel,Manual,First,22.9,74.0,4026.467,SWIFT VDI,MARUTI
2015,81828,Diesel,Manual,First,24.0,73.97,5049.357,GRAND I10 1.2 CRDI ASTA,HYUNDAI
2016,18000,Petrol,Manual,First,18.16,86.8,4556.51,FIGO ASPIRE 1.2 TI-VCT TREND,FORD
2017,15000,Diesel,Automatic,First,15.97,258.0,65093.0,X5 X5 M,BMW
2016,34000,Diesel,Automatic,First,11.78,167.62,23712.45,NEW C-CLASS C 220 CDI CELEBRATION EDITION,MERCEDES-BENZ
2015,46000,Petrol,Automatic,First,18.9,82.0,4742.49,GRAND I10 AT ASTA,HYUNDAI
2013,48158,Diesel,Manual,First,22.32,126.32,6230.33,VERNA 1.6 SX CRDI (O),HYUNDAI
2013,93000,Diesel,Automatic,First,16.73,218.0,24642.35,5 SERIES 525D SEDAN,BMW
2013,71007,Diesel,Manual,First,23.08,63.1,3626.6099999999997,MICRA DIESEL XV PREMIUM,NISSAN
2010,63067,Petrol,Manual,Second,15.5,103.3,2510.73,SX4 ZXI MT BSIV,MARUTI
2011,70259,Diesel,Manual,First,21.12,88.8,2743.205,MANZA AURA QUADRAJET BS IV,TATA
2015,13000,Diesel,Automatic,First,16.55,140.0,21387.7,A4 2.0 TDI MULTITRONIC,AUDI
2009,140000,Diesel,Manual,Second,17.8,75.0,2315.451,SWIFT LDI BSIV,MARUTI
2015,130000,Diesel,Manual,First,25.2,74.0,4184.55,SWIFT LDI OPTIONAL,MARUTI
2011,89401,Diesel,Manual,First,21.43,87.2,4184.55,COROLLA ALTIS DIESEL D4DJ,TOYOTA
2015,67000,Diesel,Manual,First,27.3,98.6,6416.31,JAZZ 1.5 VX I DTEC,HONDA
2010,65329,Petrol,Automatic,First,7.94,450.0,19267.528,6 SERIES 650I COUPE,BMW
2010,72000,Petrol,Manual,First,16.25,73.9,2055.0789999999997,FABIA 1.2 PETROL ACTIVE,SKODA
2001,70000,Petrol,Manual,Third,0.0,97.7,511.44500000000005,SIENA 1.2 ELX,FIAT
2011,82000,Diesel,Automatic,Second,12.35,187.74,12925.61,ROVER FREELANDER 2 HSE,LAND
2010,85000,Petrol,Manual,First,15.3,101.0,1357.654,FIESTA 1.6 ZXI DURATEC,FORD
2012,83000,Diesel,Automatic,First,19.08,126.32,5579.4,VERNA SX CRDI AT,HYUNDAI
2016,26000,Petrol,Manual,First,21.7,67.0,2789.7,KWID 1.0 RXT OPTIONAL,RENAULT
2012,27000,Diesel,Manual,First,22.3,88.8,3254.65,INDICA VISTA QUADRAJET 90 ZX PLUS,TATA
2018,37746,Diesel,Manual,First,21.19,88.73,7057.941,I20 ACTIVE 1.4 SX,HYUNDAI
2009,63274,Petrol,Manual,Second,15.0,104.68,1850.501,SX4 ZXI BSIII,MARUTI
2016,25000,Petrol,Manual,First,25.17,53.3,3533.62,KWID RXT,RENAULT
2013,197000,Diesel,Manual,First,11.68,112.0,3719.6,XYLO E4 ABS BS III,MAHINDRA
2013,45010,Petrol,Manual,Second,21.1,55.2,2743.205,EON D LITE PLUS,HYUNDAI
2013,75348,Diesel,Manual,First,25.8,98.6,3487.125,AMAZE VX I-DTEC,HONDA
2010,90110,Diesel,Manual,First,22.07,73.9,2324.75,POLO DIESEL HIGHLINE 1.2L,VOLKSWAGEN
2011,102013,Petrol,Manual,First,17.0,118.0,3487.125,CITY 1.5 V MT,HONDA
2015,36000,Diesel,Automatic,First,12.55,168.5,20457.8,FORTUNER 4X2 AT,TOYOTA
2017,37578,Petrol,Manual,First,18.0,86.7,5709.585999999999,AMAZE E I-VTECH,HONDA
2015,46001,Diesel,Automatic,First,20.58,143.0,14878.4,1 SERIES 118D BASE,BMW
2014,46559,Petrol,Automatic,First,23.1,67.04,3487.125,CELERIO VXI AT,MARUTI
2015,48000,Diesel,Manual,First,12.99,100.6,10926.324999999999,INNOVA 2.5 GX (DIESEL) 8 SEATER,TOYOTA
2013,46000,Diesel,Automatic,Second,16.36,187.7,22317.6,XF 2.2 LITRE LUXURY,JAGUAR
2017,15000,Petrol,Manual,First,17.5,88.7,8276.11,WRV I-VTEC VX,HONDA
2012,85000,Diesel,Automatic,Third,17.05,184.0,9299.0,X1 SDRIVE20D,BMW
2014,32000,Petrol,Automatic,First,14.3,103.5,5160.945,RAPID 1.6 MPI AT ELEGANCE,SKODA
2012,60818,Petrol,Manual,First,16.09,103.5,3338.341,VENTO 1.6 COMFORTLINE,VOLKSWAGEN
2019,35188,Diesel,Manual,First,22.77,98.59,10349.787,ECOSPORT 1.5 TDCI TREND PLUS BE,FORD
2012,110000,Diesel,Manual,First,15.1,140.0,6695.28,XUV500 W6 2WD,MAHINDRA
2014,61000,Diesel,Manual,First,18.6,67.0,2771.102,FIESTA CLASSIC 1.4 DURATORQ LXI,FORD
2010,75000,Petrol,Manual,Second,17.92,62.1,1580.83,SANTRO XING GLS,HYUNDAI
2015,55000,Diesel,Automatic,First,12.0,224.0,48354.799999999996,GL-CLASS 2007 2012 350 CDI LUXURY,MERCEDES-BENZ
2003,69966,Petrol,Manual,First,19.7,46.3,883.405,ALTO LXI BSII,MARUTI
2016,42000,Petrol,Manual,First,17.8,117.3,8601.574999999999,CITY I VTEC VX OPTION,HONDA
2014,48000,Diesel,Automatic,First,13.01,194.3,15110.875,SANTA FE 2WD AT,HYUNDAI
2015,35000,Diesel,Automatic,First,17.9,136.0,19518.601,GLA CLASS 200 CDI SPORT,MERCEDES-BENZ
2005,128000,Diesel,Manual,Second,12.8,102.0,3952.075,INNOVA 2.5 G4 DIESEL 8-SEATER,TOYOTA
2008,78000,Diesel,Automatic,Second,16.07,181.0,6695.28,3 SERIES 320D SEDAN,BMW
2011,53080,Petrol,Manual,First,18.6,85.8,4091.5600000000004,SWIFT ZXI,MARUTI
2011,66000,Petrol,Manual,Second,15.04,103.6,3952.075,VENTO PETROL HIGHLINE,VOLKSWAGEN
2012,25000,Petrol,Manual,First,16.02,93.7,4974.964999999999,ERTIGA VXI,MARUTI
2016,36139,Petrol,Automatic,Second,18.9,82.0,5858.37,GRAND I10 AT ASTA,HYUNDAI
2017,44000,Diesel,Manual,First,19.67,126.2,11623.75,CRETA 1.6 CRDI SX,HYUNDAI
2008,50000,Diesel,Automatic,Second,16.77,241.38,6974.25,A6 3.0 TDI QUATTRO,AUDI
2016,81177,Diesel,Manual,First,16.0,140.0,10461.375,XUV500 W8 1.99 MHAWK,MAHINDRA
2016,26000,Petrol,Automatic,First,16.05,110.4,7113.735000000001,ECOSPORT 1.5 TI VCT AT TITANIUM BE,FORD
2016,100000,Diesel,Manual,First,24.4,71.0,4184.55,XCENT 1.1 CRDI BASE,HYUNDAI
2014,75000,Diesel,Automatic,First,21.21,103.2,6974.25,VENTO 1.5 TDI COMFORTLINE AT,VOLKSWAGEN
2004,119859,Petrol,Automatic,First,13.0,210.0,6602.289999999999,S-CLASS 280 AT,MERCEDES-BENZ
2010,55980,Petrol,Manual,First,20.36,78.9,2092.275,I10 MAGNA,HYUNDAI
2015,30000,Diesel,Automatic,First,17.11,174.33,25107.3,A4 35 TDI TECHNOLOGY EDITION,AUDI
2012,49700,Diesel,Manual,Second,21.9,88.76,3886.9819999999995,I20 SPORTZ 1.4 CRDI,HYUNDAI
2013,79000,Diesel,Manual,First,23.5,88.7,6044.349999999999,VERNA 1.4 EX,HYUNDAI
2010,65100,Petrol,Manual,First,17.0,118.0,2929.185,CITY 1.5 V MT,HONDA
2016,54161,Diesel,Manual,First,25.47,88.5,7104.436,ERTIGA VDI,MARUTI
2011,28619,Petrol,Manual,First,19.7,46.3,2231.7599999999998,ALTO LXI BSII,MARUTI
2016,9000,Petrol,Automatic,First,20.51,67.0,3952.075,WAGON R AMT VXI,MARUTI
2016,42876,Diesel,Automatic,First,19.08,126.2,8657.369,VERNA 1.6 CRDI AT SX,HYUNDAI
2011,64000,Petrol,Manual,First,19.7,46.3,2222.4610000000002,ALTO LXI BSIII,MARUTI
2018,20488,Petrol,Manual,Second,16.09,103.5,7104.436,VENTO 1.6 COMFORTLINE,VOLKSWAGEN
2016,21000,Petrol,Manual,First,21.4,83.1,5774.679,BALENO ZETA 1.2,MARUTI
2012,119203,Diesel,Automatic,First,0.0,115.0,15343.35,ROVER FREELANDER 2 TD4 SE,LAND
2011,55987,Petrol,Automatic,First,13.7,153.86,7643.778,CR-V 2.0L 2WD AT,HONDA
2017,72668,Diesel,Manual,First,14.24,174.5,26827.615,FORTUNER 2.8 2WD MT,TOYOTA
2015,32000,Petrol,Automatic,First,15.6,116.3,7904.15,CITY V AT,HONDA
2014,3000,Petrol,Automatic,Second,12.0,421.0,83691.0,SLK-CLASS 55 AMG,MERCEDES-BENZ
2015,10400,Petrol,Manual,First,17.4,117.3,6053.648999999999,CITY I-VTEC S,HONDA
2013,35000,Diesel,Manual,First,22.9,74.0,4324.035,SWIFT VDI,MARUTI
2013,55101,Petrol,Automatic,First,14.53,138.1,7811.16,COROLLA ALTIS 2008-2013 1.8 VL AT,TOYOTA
2014,57464,Diesel,Manual,First,23.59,67.06,5346.925,ETIOS CROSS 1.4L VD,TOYOTA
2006,110000,Petrol,Manual,First,18.9,67.1,1032.189,WAGON R LX,MARUTI
2017,17941,Petrol,Manual,First,15.7,97.7,3654.507,PUNTO 1.2 DYNAMIC,FIAT
2014,72000,Petrol,Automatic,First,12.0,184.0,16040.775,E-CLASS 2015-2017 E 200 CGI,MERCEDES-BENZ
2012,16000,Diesel,Automatic,First,16.36,187.7,29756.8,XF AERO SPORT EDITION,JAGUAR
2011,62020,Petrol,Manual,First,17.0,80.0,3208.155,I20 SPORTZ PETROL,HYUNDAI
2014,85000,Diesel,Automatic,Second,12.39,147.51,21387.7,ROVER FREELANDER 2 SE,LAND
2018,14223,Petrol,Manual,First,18.6,81.86,6806.868,ELITE I20 PETROL SPORTZ,HYUNDAI
2014,41210,Petrol,Manual,First,18.0,86.7,4091.5600000000004,AMAZE S I-VTECH,HONDA
2015,20000,Diesel,Automatic,First,0.0,165.0,44030.765,M-CLASS ML 350 4MATIC,MERCEDES-BENZ
2016,18043,Petrol,Manual,First,22.74,47.3,3831.188,ALTO 800 VXI,MARUTI
2016,80000,Diesel,Automatic,First,11.36,171.5,18133.05,INNOVA CRYSTA 2.8 ZX AT,TOYOTA
2016,21000,Petrol,Automatic,First,18.9,82.0,5765.38,GRAND I10 AT ASTA,HYUNDAI
2016,49000,Diesel,Automatic,First,16.55,258.0,41845.5,X3 XDRIVE30D M SPORT,BMW
1998,104000,Petrol,Manual,Second,15.0,97.7,790.415,1000 AC,MARUTI
2010,95000,Petrol,Manual,Second,18.5,80.0,2603.72,I20 MAGNA,HYUNDAI
2015,32000,Petrol,Automatic,First,18.9,82.0,4463.5199999999995,GRAND I10 AT ASTA,HYUNDAI
2003,80000,Petrol,Manual,Second,17.0,97.7,836.91,SANTRO XING XG,HYUNDAI
2014,122800,Diesel,Manual,First,25.01,89.75,5253.935,FIESTA 1.5 TDCI TITANIUM,FORD
2011,78000,Diesel,Manual,Second,15.0,97.7,13483.55,E-CLASS 220 CDI,MERCEDES-BENZ
2015,69000,Diesel,Manual,First,26.59,74.0,5486.41,SWIFT DZIRE VDI,MARUTI
2015,65000,Diesel,Manual,Second,23.59,67.04,4649.5,ETIOS VXD,TOYOTA
2015,23000,Petrol,Manual,First,19.1,82.0,4556.51,XCENT 1.2 KAPPA BASE,HYUNDAI
2009,70000,Petrol,Manual,First,13.5,130.0,3952.075,CIVIC 2006-2010 1.8 S MT,HONDA
2014,250000,Diesel,Manual,First,12.99,100.6,10135.91,INNOVA 2.5 GX (DIESEL) 8 SEATER,TOYOTA
2012,56000,Petrol,Manual,First,13.2,94.0,2278.255,ACCENT GLE,HYUNDAI
2013,30000,Petrol,Manual,First,22.74,47.3,2324.75,ALTO 800 LXI,MARUTI
2010,35000,Petrol,Automatic,First,8.1,387.3,27432.05,SL-CLASS SL 500,MERCEDES-BENZ
2013,92250,Diesel,Manual,Second,22.7,89.84,5346.925,ECOSPORT 1.5 DV5 MT TITANIUM OPTIONAL,FORD
2018,40000,Petrol,Manual,First,20.14,81.86,4649.5,XCENT 1.2 VTVT E,HYUNDAI
2014,96848,Petrol,Automatic,First,14.3,103.6,4296.138,RAPID 1.6 MPI AT AMBITION PLUS,SKODA
2016,42000,Diesel,Automatic,First,15.73,174.33,21852.649999999998,Q3 2012-2015 35 TDI QUATTRO PREMIUM PLUS,AUDI
2013,55886,Diesel,Manual,First,16.0,140.0,6741.775,XUV500 W8 2WD,MAHINDRA
2019,12336,Petrol,Manual,First,17.0,121.3,11047.212000000001,VERNA VTVT 1.6 SX OPTION,HYUNDAI
2009,60000,Petrol,Manual,Third,13.9,103.2,2092.275,VERNA XI (PETROL),HYUNDAI
2003,83000,Petrol,Manual,Second,14.2,92.0,790.415,IKON 1.6 CLXI,FORD
2018,24000,Petrol,Manual,First,19.69,67.04,3719.6,MICRA ACTIVE XV,NISSAN
2016,32198,Petrol,Automatic,First,16.5,86.8,4742.49,BRIO VX AT,HONDA
2014,92247,Diesel,Manual,First,12.99,100.6,11623.75,INNOVA 2.5 GX (DIESEL) 7 SEATER,TOYOTA
2011,121311,Diesel,Manual,First,20.64,108.5,2696.71,VENTO 1.5 TDI HIGHLINE,VOLKSWAGEN
2016,66296,Diesel,Manual,First,16.0,140.0,14841.204,XUV500 W10 AWD,MAHINDRA
2015,41000,Petrol,Automatic,First,16.9,82.0,5067.955,XCENT 1.2 KAPPA AT SX OPTION,HYUNDAI
2017,38681,Diesel,Manual,First,13.5,157.7,22187.414,ENDEAVOUR 2.2 TREND MT 4X4,FORD
2008,43761,Petrol,Manual,First,18.0,62.0,1627.325,SPARK 1.0 LT,CHEVROLET
2017,17400,Diesel,Manual,First,24.52,88.5,9066.525,ERTIGA SHVS VDI,MARUTI
2013,61510,Diesel,Manual,First,25.8,98.6,4417.025,AMAZE S I-DTECH,HONDA
2014,60000,Petrol,Manual,First,17.4,117.3,5811.875,CITY I VTEC S,HONDA
2014,35165,Diesel,Automatic,Second,23.8,112.0,20457.8,COOPER COUNTRYMAN D,MINI
2016,41617,Petrol,Automatic,First,14.53,138.1,13148.786,COROLLA ALTIS 2008-2013 1.8 VL AT,TOYOTA
2005,45000,Petrol,Manual,First,17.0,97.7,883.405,SANTRO XING XL ERLX EURO III,HYUNDAI
2014,65000,Petrol,Automatic,First,13.7,157.75,11112.304999999998,SUPERB ELEGANCE 1.8 TSI AT,SKODA
2011,68000,Petrol,Manual,First,18.9,67.1,2324.75,WAGON R LXI BS IV,MARUTI
2013,49000,Petrol,Manual,First,19.81,68.05,2557.225,I10 ERA 1.1,HYUNDAI
2019,16698,Petrol,Manual,First,23.84,84.0,5439.915,TIAGO 1.2 REVOTRON XT OPTION,TATA
2016,30965,Petrol,Manual,First,21.4,83.1,5811.875,BALENO ZETA 1.2,MARUTI
2014,56058,Petrol,Manual,First,15.04,103.2,4603.005,VENTO 1.6 HIGHLINE,VOLKSWAGEN
2017,15356,Petrol,Manual,First,18.9,81.86,4417.025,GRAND I10 1.2 KAPPA SPORTZ OPTION,HYUNDAI
2013,54000,Diesel,Manual,First,20.0,68.05,2371.245,FIGO DIESEL EXI,FORD
2011,47000,Petrol,Automatic,Second,13.9,130.3,4184.55,CIVIC 2010-2013 1.8 V AT SUNROOF,HONDA
2015,21652,Petrol,Manual,First,22.74,47.3,2798.999,ALTO 800 LXI,MARUTI
2016,52000,Diesel,Automatic,First,15.68,177.0,39055.799999999996,ROVER RANGE ROVER EVOQUE 2.0 TD4 HSE DYNAMIC,LAND
2010,35010,Diesel,Automatic,First,12.4,179.5,10693.85,A6 2.7 TDI,AUDI
2006,76662,Diesel,Automatic,First,11.0,198.5,10219.601,E-CLASS 280 CDI,MERCEDES-BENZ
2009,89000,Petrol,Automatic,First,17.0,118.0,3449.929,CITY 1.5 V AT EXCLUSIVE,HONDA
2006,80000,Petrol,Automatic,Third,10.1,152.0,1859.8,CR-V 2.4 4WD AT,HONDA
2018,39023,Diesel,Manual,First,28.09,88.5,8815.452,CIAZ 1.3 ALPHA,MARUTI
2004,62000,Petrol,Manual,Second,18.9,67.1,1162.375,WAGON R LXI,MARUTI
2015,78046,Diesel,Manual,First,19.67,126.2,10135.91,CRETA 1.6 CRDI SX OPTION,HYUNDAI
2015,34400,Diesel,Manual,First,28.09,88.5,5114.45,CIAZ VDI PLUS SHVS,MARUTI
2016,64624,Petrol,Manual,First,21.1,55.2,3449.929,EON D LITE PLUS,HYUNDAI
2014,69192,Petrol,Manual,First,16.02,93.7,5811.875,ERTIGA VXI,MARUTI
2012,55000,Diesel,Manual,First,20.54,103.6,4556.51,VENTO DIESEL HIGHLINE,VOLKSWAGEN
2005,81000,Petrol,Manual,Second,12.8,100.0,1022.8900000000001,CITY 1.5 GXI,HONDA
2016,36733,Petrol,Manual,First,16.47,73.9,4389.128,POLO PETROL TRENDLINE 1.2L,VOLKSWAGEN
2017,24310,CNG,Manual,First,33.44,40.3,3440.63,ALTO 800 2016-2019 CNG LXI,MARUTI
2016,43022,Diesel,Automatic,First,17.9,136.0,23108.015,GLA CLASS 200 CDI,MERCEDES-BENZ
2013,74000,Diesel,Manual,First,14.66,194.3,11391.275,SANTA FE 4X2,HYUNDAI
2014,47000,Diesel,Manual,First,22.9,74.0,3626.6099999999997,SWIFT VDI,MARUTI
2017,37460,Petrol,Manual,First,18.6,81.86,5839.772,ELITE I20 SPORTZ PLUS,HYUNDAI
2011,130000,Diesel,Manual,First,14.0,112.0,2557.225,XYLO E8 BS IV,MAHINDRA
2017,31576,Petrol,Manual,First,18.9,82.0,7299.714999999999,GRAND I10 ASTA OPTION,HYUNDAI
2011,66000,Petrol,Manual,First,15.04,103.6,2743.205,VENTO PETROL HIGHLINE,VOLKSWAGEN
2008,79000,Petrol,Automatic,Second,11.7,177.6,4510.014999999999,ACCORD 2.4 A/T,HONDA
2011,47140,Diesel,Automatic,Second,13.5,281.61,27897.0,S-CLASS S 350 D,MERCEDES-BENZ
2016,36610,Diesel,Automatic,First,15.0,107.3,18505.01,B CLASS B200 CDI,MERCEDES-BENZ
2016,93000,Diesel,Manual,First,20.5,126.2,10042.92,CRETA 1.6 SX OPTION DIESEL,HYUNDAI
2007,52195,Petrol,Manual,First,19.7,46.3,1627.325,ALTO LXI,MARUTI
2016,20003,Diesel,Automatic,First,20.38,143.0,17900.575,A3 35 TDI PREMIUM,AUDI
2013,66314,Diesel,Manual,First,19.87,83.8,5114.45,DUSTER 85PS DIESEL RXL,RENAULT
2009,76000,Diesel,Manual,First,17.8,68.0,2557.225,FIESTA 1.4 ZXI TDCI ABS,FORD
2015,29000,Diesel,Manual,First,19.67,126.2,12088.699999999999,CRETA 1.6 SX PLUS DIESEL,HYUNDAI
2011,30000,Diesel,Manual,First,20.0,68.0,2975.6800000000003,FIGO DIESEL ZXI,FORD
2013,56526,Petrol,Manual,First,15.26,103.5,5430.616,POLO PETROL HIGHLINE 1.6L,VOLKSWAGEN
2015,38000,Diesel,Automatic,Second,16.8,150.0,22317.6,V40 D3 R DESIGN,VOLVO
2012,41000,Diesel,Automatic,First,19.08,126.32,5811.875,VERNA SX CRDI AT,HYUNDAI
2009,53000,Diesel,Automatic,First,14.49,258.0,33476.4,7 SERIES 2007-2012 730LD,BMW
2003,125000,Diesel,Manual,Third,14.8,68.0,2789.7,LANCER GLXD,MITSUBISHI
2010,242000,Diesel,Manual,First,11.5,171.0,10228.9,FORTUNER 3.0 DIESEL,TOYOTA
2015,90000,Diesel,Manual,First,26.21,88.5,6044.349999999999,CIAZ VDI PLUS,MARUTI
2018,11000,Diesel,Manual,First,24.3,88.5,8741.06,VITARA BREZZA VDI OPTION,MARUTI
2018,21936,Diesel,Automatic,First,21.76,190.0,35261.808,3 SERIES LUXURY LINE,BMW
2013,41000,Petrol,Automatic,First,14.4,103.6,4881.974999999999,VENTO PETROL HIGHLINE AT,VOLKSWAGEN
2011,47000,Petrol,Manual,First,17.0,80.0,4184.55,I20 1.2 ASTA,HYUNDAI
2009,110000,Diesel,Automatic,First,11.0,235.0,16738.2,X5 3.0D,BMW
2015,45960,Petrol,Manual,First,19.1,82.0,5170.244,XCENT 1.2 KAPPA S,HYUNDAI
2013,48000,Diesel,Automatic,First,14.21,203.0,20457.8,E-CLASS 2009-2013 E250 CDI BLUE EFFICIENCY,MERCEDES-BENZ
2011,68000,Diesel,Automatic,First,12.39,147.51,20457.8,ROVER FREELANDER 2 SE,LAND
2011,41000,Petrol,Manual,First,20.36,78.9,2464.2349999999997,I10 MAGNA,HYUNDAI
2013,69573,Diesel,Manual,Second,22.32,126.32,5439.915,VERNA 1.6 SX CRDI (O),HYUNDAI
2012,115000,Diesel,Manual,First,19.33,138.1,6462.805,JETTA 2012-2014 2.0L TDI HIGHLINE,VOLKSWAGEN
2012,47629,Diesel,Manual,First,15.1,140.0,6044.349999999999,XUV500 W8 2WD,MAHINDRA
2004,66624,Petrol,Manual,Third,19.7,35.0,790.415,OMNI 8 SEATER BSII,MARUTI
2013,80000,Petrol,Automatic,Second,14.67,177.46,6741.775,SUPERB STYLE 1.8 TSI AT,SKODA
2012,94868,Diesel,Manual,First,22.9,74.0,4184.55,SWIFT VDI,MARUTI
2010,76477,Diesel,Manual,First,10.5,120.0,3952.075,SCORPIO 2.6 LX,MAHINDRA
2016,28000,Petrol,Automatic,First,13.7,183.0,24177.399999999998,GLA CLASS 200 SPORT EDITION,MERCEDES-BENZ
2017,28599,Diesel,Manual,First,16.55,105.0,8982.834,THAR CRDE,MAHINDRA
2013,45348,Diesel,Manual,Second,19.01,108.45,6369.815,DUSTER 110PS DIESEL RXZ,RENAULT
2013,80127,Diesel,Automatic,First,12.8,167.6,22020.032,Q5 2008-2012 2.0 TDI,AUDI
2013,68000,Diesel,Automatic,Second,12.39,147.51,14645.925,ROVER FREELANDER 2 SE,LAND
2012,75000,Diesel,Manual,Third,20.54,103.6,3254.65,VENTO DIESEL COMFORTLINE,VOLKSWAGEN
2006,48000,Petrol,Automatic,Second,11.62,306.0,6500.001,5 SERIES 2003-2012 540I SEDAN,BMW
2019,41871,Diesel,Manual,First,22.7,126.2,14478.543,ELANTRA CRDI SX,HYUNDAI
2015,84931,Diesel,Manual,First,15.3,83.8,4919.171,SUMO EX,TATA
2016,15000,Petrol,Manual,First,22.7,53.64,2092.275,REDI-GO T,DATSUN
2009,110000,Diesel,Automatic,First,11.7,245.0,18598.0,X5 XDRIVE 30D,BMW
2011,5900,Petrol,Automatic,First,7.94,450.0,44170.25,6 SERIES 630I COUPE,BMW
2002,103653,Petrol,Manual,Second,18.9,47.0,1134.4779999999998,ALTO VXI 1.1,MARUTI
2012,64806,Petrol,Manual,First,16.47,73.9,3394.1349999999998,POLO PETROL COMFORTLINE 1.2L,VOLKSWAGEN
2016,35000,Petrol,Manual,First,20.62,67.0,2882.69,GO PLUS A,DATSUN
2016,40000,Petrol,Manual,First,15.29,121.3,10693.85,CRETA 1.6 VTVT S,HYUNDAI
2015,23876,Petrol,Manual,First,24.07,67.1,3217.4539999999997,ALTO K10 VXI,MARUTI
2013,67901,Diesel,Manual,First,14.66,194.3,7792.562000000001,SANTA FE 4X4,HYUNDAI
2014,68865,Diesel,Manual,First,15.11,103.6,4463.5199999999995,POLO GT TDI,VOLKSWAGEN
2014,71000,Diesel,Manual,Second,25.8,98.6,4184.55,AMAZE S I-DTECH,HONDA
2004,95000,Petrol,Manual,First,15.9,97.7,743.9200000000001,ESTEEM VXI,MARUTI
2014,25000,Diesel,Manual,First,22.9,74.0,3673.105,SWIFT VDI,MARUTI
2012,180000,Diesel,Manual,First,20.5,103.5,3394.1349999999998,RAPID 1.6 TDI AMBITION,SKODA
2005,131000,Diesel,Automatic,First,11.0,198.5,9299.0,E-CLASS 280 CDI,MERCEDES-BENZ
2011,65000,Diesel,Manual,Second,12.05,120.0,3719.6,SCORPIO SLE BSIV,MAHINDRA
2012,117777,Diesel,Manual,First,21.64,84.8,4417.025,SUNNY 2011-2014 DIESEL XL,NISSAN
2009,65000,Petrol,Manual,Second,17.5,85.8,2882.69,SWIFT DZIRE VXI,MARUTI
2017,46897,Petrol,Manual,First,21.1,55.2,3356.939,EON SPORTZ,HYUNDAI
2015,36695,Petrol,Manual,First,19.4,86.8,3989.2709999999997,BRIO S MT,HONDA
2011,43000,Petrol,Manual,First,18.06,75.0,1980.687,MICRA XV PRIMO,NISSAN
2008,54000,Petrol,Manual,First,19.7,46.3,1022.8900000000001,ALTO LXI BSII,MARUTI
2011,89000,Diesel,Automatic,First,22.69,190.0,12972.105,3 SERIES 320D,BMW
2014,7000,Petrol,Manual,First,16.47,74.0,4974.964999999999,POLO 1.2 MPI HIGHLINE,VOLKSWAGEN
2014,58470,Petrol,Manual,First,23.1,67.04,3626.6099999999997,CELERIO LXI,MARUTI
2014,37000,Petrol,Manual,First,21.5,81.8,2603.72,WAGON R VXI 1.2,MARUTI
2016,29000,Diesel,Manual,First,26.21,88.5,8136.625,CIAZ ZDI PLUS,MARUTI
2013,52000,Diesel,Automatic,First,16.55,147.51,18133.05,A4 2.0 TDI,AUDI
2013,32807,Petrol,Manual,First,19.4,86.8,2557.225,BRIO S MT,HONDA
2013,86000,Diesel,Automatic,First,11.79,120.0,7439.2,SCORPIO VLX 2WD AT BSIV,MAHINDRA
2014,66500,Diesel,Manual,First,26.0,98.6,5300.43,CITY I DTEC V,HONDA
2012,94000,Diesel,Automatic,First,17.05,184.0,11623.75,X1 SDRIVE20D,BMW
2011,29000,Petrol,Manual,Second,18.0,62.0,1627.325,SPARK 1.0 LT,CHEVROLET
2010,107389,Diesel,Manual,Second,20.0,68.0,1766.81,FIGO DIESEL EXI,FORD
2015,36100,Petrol,Manual,First,20.4,81.8,4184.55,SWIFT VXI BSIV,MARUTI
2015,16329,Diesel,Automatic,First,19.27,170.0,28175.97,NEW C-CLASS C 220 CDI AVANTGARDE,MERCEDES-BENZ
2014,36000,Diesel,Automatic,First,19.3,141.0,14878.4,OCTAVIA ELEGANCE 2.0 TDI AT,SKODA
2017,41816,Diesel,Automatic,First,18.56,190.0,30482.122,X3 XDRIVE20D XLINE,BMW
2015,54680,Petrol,Manual,First,21.1,55.2,2324.75,EON ERA PLUS,HYUNDAI
2017,14000,Diesel,Automatic,First,18.25,187.74,39985.7,A4 35 TDI TECHNOLOGY,AUDI
2017,23977,Petrol,Manual,First,18.16,86.8,5002.862,FIGO 2015-2019 1.2P TITANIUM MT,FORD
2013,30131,Petrol,Manual,First,20.92,67.1,2464.2349999999997,ALTO K10 2010-2014 VXI,MARUTI
2017,2530,Petrol,Manual,First,24.7,47.3,3068.6699999999996,ALTO 800 2016-2019 VXI,MARUTI
2015,39000,Diesel,Automatic,First,19.27,167.62,31616.6,NEW C-CLASS C 220 CDI STYLE,MERCEDES-BENZ
2001,140000,Petrol,Manual,Third,20.3,68.0,650.93,SANTRO D LITE,HYUNDAI
2017,32257,Diesel,Manual,First,24.4,71.0,6351.217,XCENT 1.1 CRDI S,HYUNDAI
2016,46983,Diesel,Manual,First,25.8,98.6,5365.522999999999,AMAZE S I-DTECH,HONDA
2008,107000,Diesel,Manual,Second,17.8,75.0,2882.69,SWIFT VDI BSIII,MARUTI
2017,19000,Petrol,Manual,First,16.2,74.0,4603.005,POLO 1.2 MPI COMFORTLINE,VOLKSWAGEN
2013,88000,Diesel,Automatic,First,17.11,174.33,15110.875,A4 2.0 TDI 177 BHP PREMIUM PLUS,AUDI
2012,84384,Diesel,Automatic,First,10.2,308.0,48856.945999999996,ROVER RANGE ROVER 3.6 TDV8 VOGUE SE,LAND
2011,128000,Diesel,Manual,Third,16.0,140.0,5951.360000000001,XUV500 W8 2WD,MAHINDRA
2011,71000,Diesel,Manual,Third,13.1,141.0,6462.805,ENDEAVOUR 2.5L 4X2,FORD
2008,50000,Diesel,Manual,First,17.2,53.5,790.415,INDICA V2 DLX,TATA
2016,16000,Petrol,Manual,First,21.4,83.1,6462.805,BALENO ALPHA,MARUTI
2017,82000,Diesel,Manual,First,24.4,71.0,3208.155,XCENT 1.1 CRDI BASE,HYUNDAI
2008,80000,Petrol,Manual,First,13.5,130.0,2557.225,CIVIC 2006-2010 1.8 S MT,HONDA
2015,36000,Petrol,Manual,Second,18.6,81.83,4603.005,I20 SPORTZ OPTION 1.2,HYUNDAI
2018,17477,Petrol,Manual,First,17.0,108.5,8945.637999999999,NEXON 1.2 REVOTRON XZ PLUS,TATA
2016,16725,Petrol,Manual,First,18.6,81.83,6314.021,I20 SPORTZ 1.2,HYUNDAI
2014,48241,Petrol,Manual,First,19.1,85.8,4184.55,SWIFT DZIRE ZXI,MARUTI
2014,52431,Petrol,Manual,First,22.5,67.04,2798.999,WAGON R LXI,MARUTI
2012,68000,Diesel,Manual,First,21.9,88.76,4091.5600000000004,I20 SPORTZ 1.4 CRDI,HYUNDAI
2012,158000,Diesel,Automatic,First,12.55,168.5,16263.950999999997,FORTUNER 4X2 AT,TOYOTA
2014,31446,Petrol,Manual,First,20.36,78.9,4333.334,I10 SPORTZ,HYUNDAI
2015,25000,Petrol,Manual,First,18.9,82.0,5114.45,GRAND I10 ASTA,HYUNDAI
2016,57000,Petrol,Manual,First,18.6,81.83,5579.4,I20 ASTA 1.2,HYUNDAI
2007,76000,Petrol,Automatic,First,17.0,97.7,2231.7599999999998,SANTRO XING XL AT ERLX EURO II,HYUNDAI
2018,57078,Diesel,Manual,First,24.3,88.5,9475.680999999999,VITARA BREZZA ZDI PLUS,MARUTI
2016,47471,Diesel,Manual,First,25.8,98.6,4881.974999999999,AMAZE S I-DTECH,HONDA
2014,50000,Diesel,Automatic,First,15.26,203.2,41845.5,M-CLASS ML 250 CDI,MERCEDES-BENZ
2010,62000,Diesel,Manual,First,23.0,90.0,2510.73,I20 SPORTZ DIESEL,HYUNDAI
2013,65807,Petrol,Manual,First,19.81,68.05,3152.361,I10 ERA,HYUNDAI
2014,81768,Diesel,Manual,First,26.59,74.0,5291.131,SWIFT DZIRE VDI,MARUTI
2018,9952,Petrol,Automatic,First,10.37,306.0,54436.346,Z4 2009-2013 ROADSTER 2.5I,BMW
2017,24000,Diesel,Manual,First,27.39,74.0,7811.16,BALENO ALPHA DIESEL,MARUTI
2012,72921,Diesel,Manual,First,25.44,57.6,2324.75,BEAT DIESEL,CHEVROLET
2012,59000,Petrol,Manual,First,19.4,86.8,3022.1749999999997,BRIO V MT,HONDA
2014,33000,Diesel,Manual,Second,20.0,68.05,3022.1749999999997,FIGO DIESEL TITANIUM,FORD
2016,36789,Petrol,Automatic,First,23.1,67.04,3952.075,CELERIO VXI AT,MARUTI
2014,41000,Diesel,Automatic,First,14.84,170.0,17203.149999999998,NEW C-CLASS C 220 CDI ELEGANCE AT,MERCEDES-BENZ
2007,71000,Petrol,Automatic,First,17.0,97.7,2231.7599999999998,SANTRO XING XL AT ERLX EURO III,HYUNDAI
2015,46650,Petrol,Manual,First,19.4,86.8,3952.075,BRIO S MT,HONDA
2018,3000,Petrol,Automatic,First,21.4,83.1,8229.615,BALENO ALPHA CVT,MARUTI
2014,14799,Petrol,Manual,First,21.1,55.2,3849.7859999999996,EON SPORTZ,HYUNDAI
2011,44000,Electric,Automatic,First,18.15,73.0,11856.225,PRIUS 2009-2016 Z4,TOYOTA
2015,68525,Diesel,Manual,First,23.0,90.0,6509.3,I20 1.4 CRDI SPORTZ,HYUNDAI
2018,15000,Diesel,Automatic,First,10.91,197.0,30686.7,ENDEAVOUR 3.2 TITANIUM AT 4X4,FORD
2017,29000,Petrol,Manual,First,17.4,117.3,9299.0,CITY I-VTEC VX,HONDA
2012,77407,Diesel,Manual,Second,21.5,88.8,3282.5469999999996,SX4 ZDI,MARUTI
2007,118000,Petrol,Manual,First,12.9,102.5,1255.365,OPTRA MAGNUM 1.6 LS PETROL,CHEVROLET
2013,75000,Diesel,Manual,First,20.54,103.6,4184.55,VENTO DIESEL HIGHLINE,VOLKSWAGEN
2012,69000,Petrol,Manual,First,16.8,116.3,4556.51,CITY V MT,HONDA
2016,52553,Diesel,Manual,First,19.67,126.2,11400.573999999999,CRETA 1.6 CRDI SX OPTION,HYUNDAI
2014,58000,Diesel,Manual,Second,24.4,71.0,3710.301,XCENT 1.1 CRDI SX,HYUNDAI
2017,24000,Diesel,Automatic,First,17.9,170.0,43658.805,GLC 220D 4MATIC STYLE,MERCEDES-BENZ
2015,65542,Diesel,Manual,First,20.0,68.0,3533.62,FIGO DIESEL EXI,FORD
2013,68008,Diesel,Manual,Second,15.0,105.0,6276.825,JETTA 2007-2011 2.0 TDI TRENDLINE,VOLKSWAGEN
2017,22251,Diesel,Manual,First,18.49,100.0,8136.625,TUV 300 2015-2019 T8,MAHINDRA
2013,55000,Petrol,Manual,Second,15.8,110.0,4835.4800000000005,ECOSPORT 1.5 TI VCT MT TITANIUM,FORD
2017,19387,Petrol,Manual,First,17.1,121.3,7829.758,VERNA 1.6 SX VTVT (O),HYUNDAI
2014,58000,CNG,Manual,First,26.6,58.16,2789.7,WAGON R LXI CNG,MARUTI
2016,24001,Petrol,Manual,First,18.6,81.83,5346.925,I20 SPORTZ 1.2,HYUNDAI
2008,17000,Diesel,Automatic,First,15.2,140.8,9066.525,A4 NEW 2.0 TDI MULTITRONIC,AUDI
2015,28500,Petrol,Manual,First,19.49,67.04,3254.65,MICRA ACTIVE XV S,NISSAN
2014,66000,Diesel,Automatic,First,15.26,203.2,27897.0,M-CLASS ML 250 CDI,MERCEDES-BENZ
2017,22000,Diesel,Automatic,First,12.83,147.5,32546.5,ROVER DISCOVERY SPORT TD4 S,LAND
2018,44383,Petrol,Manual,First,15.8,121.3,12321.175,CRETA 1.6 SX OPTION EXECUTIVE,HYUNDAI
2013,45000,Diesel,Manual,First,20.5,103.5,3394.1349999999998,RAPID 1.6 TDI ACTIVE,SKODA
2015,58000,Diesel,Manual,First,23.4,74.0,4881.974999999999,SWIFT DZIRE VDI,MARUTI
2016,69000,Petrol,Manual,First,15.8,121.3,9020.029999999999,CRETA 1.6 SX,HYUNDAI
2017,60993,Diesel,Manual,First,24.0,70.0,4844.7789999999995,GRAND I10 CRDI SPORTZ,HYUNDAI
2016,67000,Diesel,Manual,First,18.49,100.0,5858.37,TUV 300 T8,MAHINDRA
2014,51134,Diesel,Manual,First,24.0,70.0,4389.128,GRAND I10 CRDI SPORTZ,HYUNDAI
2011,55000,Diesel,Automatic,Second,11.7,245.0,26037.2,X5 XDRIVE 30D,BMW
2018,25082,Diesel,Automatic,First,28.4,73.75,7783.262999999999,DZIRE AMT VDI,MARUTI
2012,68350,Diesel,Manual,First,12.55,168.5,13018.6,FORTUNER 4X4 MT,TOYOTA
2015,50000,Diesel,Automatic,First,17.68,174.33,33476.4,A6 2011-2015 35 TDI TECHNOLOGY,AUDI
2015,97000,Diesel,Manual,First,27.3,98.6,5951.360000000001,JAZZ 1.5 V I DTEC,HONDA
2015,56238,Diesel,Automatic,First,11.33,335.2,48066.530999999995,Q7 4.2 TDI QUATTRO TECHNOLOGY,AUDI
2014,72618,Diesel,Manual,First,12.05,120.0,7439.2,SCORPIO 2009-2014 VLX 2WD 7S BSIV,MAHINDRA
2012,62005,Diesel,Manual,First,18.3,147.9,9113.02,CRUZE LTZ,CHEVROLET
2012,61250,Diesel,Manual,First,25.44,57.6,2510.73,BEAT DIESEL LT,CHEVROLET
2014,28469,Diesel,Automatic,First,18.25,187.74,22661.663,A4 35 TDI PREMIUM PLUS,AUDI
2018,21488,Petrol,Automatic,First,14.3,103.52,9038.628,RAPID 1.6 MPI AT STYLE,SKODA
2014,197000,Diesel,Manual,First,23.4,74.0,4649.5,SWIFT DZIRE VDI,MARUTI
2009,138205,Diesel,Manual,Second,11.5,171.0,9763.949999999999,FORTUNER 3.0 DIESEL,TOYOTA
2012,160000,Diesel,Manual,Second,22.9,74.0,3626.6099999999997,SWIFT VDI,MARUTI
2012,67590,Petrol,Manual,First,17.0,118.0,5253.935,CITY 1.5 V MT EXCLUSIVE,HONDA
2012,52000,Diesel,Automatic,First,15.26,203.2,27850.504999999997,M-CLASS ML 250 CDI,MERCEDES-BENZ
2008,100000,Diesel,Manual,Second,17.8,75.0,2789.7,SWIFT LDI BSIII,MARUTI
2017,60048,Diesel,Manual,First,26.1,99.0,5579.4,ASPIRE TITANIUM DIESEL,FORD
2009,48000,Petrol,Manual,First,20.36,78.9,1962.089,I10 SPORTZ,HYUNDAI
2010,47000,Petrol,Manual,First,14.6,97.7,1385.551,PUNTO 1.4 EMOTION,FIAT
2011,100000,Petrol,Manual,First,19.7,46.3,1394.85,ALTO LXI,MARUTI
2013,62601,Diesel,Manual,First,23.59,97.7,4342.633,ETIOS LIVA GD,TOYOTA
2006,80010,Petrol,Manual,Second,20.4,81.8,2650.215,SWIFT VXI BSIV,MARUTI
2017,26493,Diesel,Automatic,First,19.27,170.0,31281.836,NEW C-CLASS C 220 CDI AVANTGARDE,MERCEDES-BENZ
2011,96000,Diesel,Manual,Second,17.88,52.8,846.2090000000001,INDICA V2 DLE BSIII,TATA
2014,45700,Petrol,Manual,Second,22.74,47.3,2250.3579999999997,ALTO 800 VXI,MARUTI
2005,13000,Petrol,Automatic,First,9.3,193.1,3022.1749999999997,SUPERB 2.8 V6 AT,SKODA
2013,38000,Petrol,Manual,First,16.47,73.9,2603.72,POLO PETROL COMFORTLINE 1.2L,VOLKSWAGEN
2019,8018,Petrol,Automatic,First,22.0,81.8,7718.17,DZIRE AMT ZXI PLUS,MARUTI
2010,144400,Diesel,Manual,Third,12.05,120.0,4881.974999999999,SCORPIO VLX,MAHINDRA
2010,152000,Diesel,Manual,First,17.8,75.0,2696.71,SWIFT VDI BSIII,MARUTI
2013,71000,Diesel,Automatic,First,18.88,184.0,13948.5,3 SERIES 320D PRESTIGE,BMW
2012,80000,Petrol,Manual,Second,25.4,37.5,492.84700000000004,NANO STD SE,TATA
2014,87143,Diesel,Manual,First,12.99,100.0,11623.75,INNOVA 2.5 VX (DIESEL) 8 SEATER,TOYOTA
2012,25000,Petrol,Manual,First,18.4,86.8,2557.225,BRIO S OPTION MT,HONDA
2018,2000,Petrol,Automatic,First,23.84,83.83,4649.5,TIAGO AMT 1.2 REVOTRON XZA,TATA
2014,45239,Diesel,Manual,First,12.05,120.0,6592.991,SCORPIO SLE BSIV,MAHINDRA
2011,101999,Diesel,Automatic,First,16.73,218.0,18588.700999999997,5 SERIES 2003-2012 525D,BMW
2014,74219,Diesel,Manual,First,21.43,87.2,9996.425,COROLLA ALTIS D-4D GL,TOYOTA
2016,25000,Petrol,Automatic,First,18.0,117.3,8787.554999999998,CITY I VTEC CVT VX,HONDA
2008,109606,Diesel,Manual,First,22.0,126.2,2696.71,VERNA CRDI 1.6 SX OPTION,HYUNDAI
2015,36000,Diesel,Manual,First,26.59,74.0,4370.53,SWIFT DZIRE VDI OPTIONAL,MARUTI
2016,41810,Petrol,Manual,First,20.73,91.1,6611.589,CIAZ ZXI,MARUTI
2014,93321,Diesel,Manual,First,22.7,89.84,5811.875,ECOSPORT 1.5 DV5 MT TITANIUM,FORD
2011,81000,Petrol,Manual,First,20.92,67.1,2045.7800000000002,ALTO K10 2010-2014 VXI,MARUTI
2019,25717,Petrol,Automatic,First,19.0,88.76,8238.913999999999,AMAZE V CVT PETROL,HONDA
2015,37000,Diesel,Manual,First,15.1,140.0,8648.07,XUV500 W6 2WD,MAHINDRA
2017,56380,Diesel,Manual,First,18.49,100.0,7039.343,TUV 300 2015-2019 T8,MAHINDRA
2017,8000,Petrol,Manual,First,18.2,88.7,7346.21,JAZZ VX,HONDA
2018,14589,Petrol,Manual,First,16.1,88.2,5253.935,SWIFT VXI BSIII W/ ABS,MARUTI
2013,65088,Petrol,Manual,First,16.47,73.9,3022.1749999999997,POLO PETROL HIGHLINE 1.2L,VOLKSWAGEN
2019,24864,Diesel,Manual,First,20.5,126.2,15129.473,CRETA 1.6 SX OPTION DIESEL,HYUNDAI
2011,64831,Petrol,Manual,First,18.6,79.4,2984.979,BEAT LS,CHEVROLET
2013,38001,Diesel,Manual,First,25.8,98.6,3626.6099999999997,AMAZE VX I-DTEC,HONDA
2008,77000,Petrol,Automatic,Second,10.0,157.7,6044.349999999999,E-CLASS 230 E AT,MERCEDES-BENZ
2016,27000,Diesel,Automatic,First,18.59,265.0,44635.2,5 SERIES 530D M SPORT,BMW
2016,39000,Diesel,Automatic,First,20.38,143.0,17575.109999999997,A3 35 TDI PREMIUM PLUS,AUDI
2015,131000,Diesel,Manual,First,26.59,74.0,3347.64,SWIFT DZIRE VDI,MARUTI
2015,43000,Diesel,Manual,First,26.59,74.0,5114.45,SWIFT DZIRE VDI,MARUTI
2011,68000,Diesel,Manual,Second,12.8,102.0,6509.3,INNOVA 2.5 V DIESEL 7-SEATER,TOYOTA
2016,45165,Diesel,Automatic,First,16.09,184.0,38823.325,X3 XDRIVE20D,BMW
2007,120000,Diesel,Automatic,First,16.73,218.0,9763.949999999999,5 SERIES 2003-2012 525D,BMW
2014,86091,Diesel,Manual,First,15.1,140.0,9382.690999999999,XUV500 W8 2WD,MAHINDRA
2009,71499,Petrol,Manual,First,17.0,118.0,2789.7,CITY 1.5 S MT,HONDA
2014,50000,Diesel,Manual,First,17.0,139.01,11158.8,ONE LX 4X4,FORCE
2015,66000,Diesel,Manual,First,20.14,88.0,4565.809,POLO 1.5 TDI COMFORTLINE,VOLKSWAGEN
2010,45000,Petrol,Manual,First,16.0,90.0,1859.8,JAZZ S,HONDA
2015,69189,Diesel,Manual,First,23.59,67.06,4928.469999999999,ETIOS LIVA GD SP,TOYOTA
2014,40206,Diesel,Manual,First,19.01,108.5,6713.878,TERRANO XV PREMIUM 110 PS,NISSAN
2017,36723,Diesel,Automatic,First,18.56,190.0,30286.843,X3 XDRIVE 20D XLINE,BMW
2010,57500,Petrol,Manual,First,18.5,80.0,2557.225,I20 1.2 MAGNA,HYUNDAI
2018,43912,CNG,Manual,First,15.1,73.0,4026.467,EECO 5 STR WITH AC PLUS HTR CNG,MARUTI
2011,52000,Diesel,Manual,First,17.8,68.0,3487.125,FIESTA EXI 1.4 TDCI LTD,FORD
2014,60952,Petrol,Automatic,First,16.8,118.0,5495.709,CITY 1.5 V AT,HONDA
2013,87192,Diesel,Manual,First,25.2,74.0,4045.0649999999996,SWIFT VDI BSIV,MARUTI
2014,58000,Diesel,Manual,First,24.0,70.0,3022.1749999999997,GRAND I10 CRDI SPORTZ EDITION,HYUNDAI
2017,59500,Diesel,Automatic,First,14.75,245.0,63233.2,Q7 45 TDI QUATTRO TECHNOLOGY,AUDI
2016,16650,Petrol,Manual,First,17.0,74.0,5114.45,AMEO 1.2 MPI HIGHLINE 16 ALLOY,VOLKSWAGEN
2018,34696,Petrol,Automatic,First,18.0,117.3,11233.192,CITY I VTEC CVT VX,HONDA
2018,42243,Diesel,Manual,First,27.39,74.0,6955.652,BALENO ALPHA 1.3,MARUTI
2016,57824,Diesel,Manual,First,24.0,70.0,5114.45,GRAND I10 CRDI SPORTZ,HYUNDAI
2011,110000,Diesel,Manual,First,19.3,73.9,3254.65,SWIFT DZIRE VDI,MARUTI
2006,63000,Petrol,Manual,First,16.1,97.7,1487.8400000000001,SWIFT 1.3 VXI,MARUTI
2013,72000,Diesel,Automatic,First,0.0,115.0,14413.449999999999,ROVER FREELANDER 2 TD4 HSE,LAND
2013,63455,Diesel,Manual,First,11.5,171.0,17668.1,FORTUNER 3.0 DIESEL,TOYOTA
2017,17151,Diesel,Manual,First,27.3,98.6,7811.16,JAZZ VX DIESEL,HONDA
2016,31001,Diesel,Manual,First,24.3,88.5,6741.775,VITARA BREZZA LDI OPTION,MARUTI
2014,42109,Diesel,Manual,First,23.4,74.0,3952.075,SWIFT DZIRE VDI,MARUTI
2015,55000,Diesel,Automatic,Second,21.66,103.52,5300.43,RAPID 1.5 TDI AT ELEGANCE,SKODA
2013,46000,Diesel,Automatic,Second,0.0,115.0,24177.399999999998,ROVER FREELANDER 2 TD4 SE,LAND
2013,30852,Petrol,Manual,First,22.74,47.3,2315.451,ALTO 800 LXI,MARUTI
2011,65000,Petrol,Manual,Second,16.47,73.9,2789.7,POLO PETROL HIGHLINE 1.2L,VOLKSWAGEN
2015,65000,Diesel,Manual,First,26.0,98.6,5532.905,CITY I DTEC SV,HONDA
2013,72000,Diesel,Manual,First,23.4,74.0,2501.431,SWIFT DZIRE LDI,MARUTI
2014,29000,Diesel,Automatic,First,17.11,174.33,24177.399999999998,A4 2.0 TDI 177 BHP TECHNOLOGY EDITION,AUDI
2015,32000,Petrol,Manual,First,17.8,117.3,5114.45,CITY I VTEC VX,HONDA
2016,29875,Petrol,Manual,First,18.16,86.8,4510.014999999999,FIGO ASPIRE 1.2 TI-VCT AMBIENTE,FORD
2018,32539,Diesel,Manual,First,24.3,88.5,7801.861000000001,VITARA BREZZA LDI,MARUTI
2015,83090,Diesel,Manual,First,19.01,108.45,7429.901,DUSTER 110PS DIESEL RXL,RENAULT
2016,62679,Diesel,Manual,First,21.19,88.73,6462.805,I20 ACTIVE 1.4 SX,HYUNDAI
2010,93000,Petrol,Manual,First,15.7,75.0,1394.85,LOGAN PETROL 1.4 GLE,MAHINDRA
2006,44000,Petrol,Manual,First,17.7,78.0,1441.345,CITY ZX GXI,HONDA
2010,78400,Petrol,Manual,Second,15.6,70.0,2557.225,FIGO PETROL EXI,FORD
2014,71300,Petrol,Manual,First,13.06,102.53,3952.075,DUSTER PETROL RXL,RENAULT
2015,18000,Petrol,Manual,First,20.36,78.9,2650.215,I10 SPORTZ 1.2,HYUNDAI
2019,24013,Diesel,Automatic,First,12.81,148.31,52204.585999999996,ROVER DISCOVERY SPORT TD4 HSE 7S,LAND
2009,99100,Petrol,Automatic,Second,9.74,208.0,9299.0,Q5 2008-2012 2.0 TFSI QUATTRO,AUDI
2003,62000,Petrol,Manual,Second,11.3,83.1,1162.375,VERSA DX2 BS II,MARUTI
2017,14000,Diesel,Manual,First,26.59,74.0,6974.25,SWIFT DZIRE ZDI,MARUTI
2015,44811,Diesel,Automatic,First,17.11,174.33,24000.718999999997,A4 2.0 TDI PREMIUM SPORT LIMITED EDITION,AUDI
2014,44000,Petrol,Manual,First,16.47,74.0,3998.5699999999997,POLO 1.2 MPI COMFORTLINE,VOLKSWAGEN
2010,136000,Diesel,Manual,Second,11.5,171.0,10228.9,FORTUNER 3.0 DIESEL,TOYOTA
2010,144113,Diesel,Manual,Second,11.5,171.0,10926.324999999999,FORTUNER 3.0 DIESEL,TOYOTA
2012,94989,Petrol,Manual,First,12.8,177.6,6118.742,ACCORD 2.4 MT,HONDA
2012,58133,Diesel,Manual,First,22.9,74.0,4463.5199999999995,SWIFT ZDI,MARUTI
2008,61000,Petrol,Manual,Second,17.5,70.0,1534.3349999999998,FABIA 1.2 MPI CLASSIC,SKODA
2017,27000,Diesel,Manual,First,17.1,170.0,13948.5,COMPASS 2.0 SPORT,JEEP
2014,18050,Petrol,Manual,Second,25.4,37.5,929.9,NANO TWIST XT,TATA
2007,145277,Petrol,Manual,First,15.3,101.0,1534.3349999999998,FIESTA 1.6 ZXI ABS,FORD
2015,42000,Diesel,Manual,First,27.62,47.0,3347.64,CELERIO ZDI,MARUTI
2011,86000,Diesel,Manual,First,11.5,171.0,10693.85,FORTUNER 3.0 DIESEL,TOYOTA
2015,42150,Diesel,Manual,First,27.62,47.0,3347.64,CELERIO ZDI,MARUTI
2015,30158,Petrol,Manual,First,21.1,55.2,2836.1949999999997,EON ERA PLUS,HYUNDAI
2011,47000,Diesel,Manual,Second,23.5,90.0,5579.4,FIESTA DIESEL TREND,FORD
2013,39000,Petrol,Manual,First,16.47,74.0,3487.125,POLO 1.2 MPI COMFORTLINE,VOLKSWAGEN
2016,32125,Petrol,Manual,First,16.2,74.0,5737.483,POLO 1.2 MPI COMFORTLINE,VOLKSWAGEN
2017,58829,Diesel,Manual,First,24.3,88.5,8415.595000000001,VITARA BREZZA ZDI,MARUTI
2013,67559,Petrol,Manual,First,19.4,86.8,3766.095,BRIO S MT,HONDA
2013,55000,Petrol,Manual,First,17.5,85.8,3952.075,SWIFT DZIRE VXI,MARUTI
2018,30000,Petrol,Manual,First,23.1,67.04,3487.125,CELERIO LXI MT,MARUTI
2016,28000,Petrol,Automatic,First,13.0,121.3,11019.314999999999,CRETA 1.6 SX PLUS PETROL AUTOMATIC,HYUNDAI
2016,31826,Diesel,Manual,First,22.7,89.84,7662.376,ECOSPORT 1.5 DV5 MT TITANIUM,FORD
2016,64000,Diesel,Manual,First,17.8,97.7,5570.101,SWIFT VDI BSIV W ABS,MARUTI
2008,100009,Petrol,Manual,Second,13.1,141.1,6044.349999999999,CR-V RVI MT,HONDA
2019,17201,Diesel,Automatic,First,12.51,187.7,54780.40899999999,ROVER DISCOVERY SPORT SD4 HSE LUXURY 7S,LAND
2014,74345,Diesel,Manual,First,15.1,140.0,7439.2,XUV500 W8 2WD,MAHINDRA
2015,58134,Petrol,Manual,First,16.47,74.0,4314.736,POLO 1.2 MPI HIGHLINE,VOLKSWAGEN
2010,30566,Petrol,Automatic,First,19.2,80.0,3087.2679999999996,I10 MAGNA AT,HYUNDAI
2012,55231,Petrol,Manual,Second,20.36,78.9,2585.122,I10 MAGNA 1.2,HYUNDAI
2016,67774,Diesel,Automatic,First,14.81,163.7,8322.605,CRUZE LTZ AT,CHEVROLET
2013,50319,Petrol,Automatic,First,12.0,181.03,20411.305,E-CLASS E 200 CGI,MERCEDES-BENZ
2013,45000,Petrol,Manual,First,11.7,134.0,7346.21,SONATA 2.4 GDI,HYUNDAI
2007,43627,Petrol,Automatic,First,11.74,186.0,26967.1,NEW C-CLASS C 200 KOMPRESSOR ELEGANCE AT,MERCEDES-BENZ
2013,45000,Diesel,Manual,First,22.07,73.9,3022.1749999999997,POLO DIESEL TRENDLINE 1.2L,VOLKSWAGEN
2014,10500,Petrol,Manual,First,17.4,117.3,5486.41,CITY I VTEC SV,HONDA
2017,21789,Diesel,Manual,First,24.3,88.5,9187.412,VITARA BREZZA ZDI,MARUTI
2019,21134,Petrol,Manual,First,18.6,81.86,8164.521999999999,ELITE I20 ASTA OPTION,HYUNDAI
2011,90000,Diesel,Manual,Second,13.93,138.1,2557.225,NEW SAFARI DICOR EX 4X2,TATA
2014,51553,Diesel,Manual,First,21.64,84.8,5560.802000000001,SUNNY 2011-2014 DIESEL XL,NISSAN
2011,31000,Petrol,Automatic,First,10.9,215.0,28826.899999999998,3 SERIES 330 CI CONVERTIBLE,BMW
2011,67422,Petrol,Manual,Second,14.53,138.0,3301.1449999999995,COROLLA 1.8 J,TOYOTA
2015,60519,Diesel,Manual,First,22.32,126.32,5802.576,VERNA 1.6 SX,HYUNDAI
2009,34000,Diesel,Manual,First,19.3,73.9,2036.481,SWIFT DZIRE VDI,MARUTI
2013,68434,Diesel,Manual,First,28.4,73.75,5114.45,DZIRE VDI,MARUTI
2014,17000,Petrol,Manual,First,24.07,67.1,1952.79,ALTO K10 VXI,MARUTI
2011,43686,Petrol,Automatic,First,10.5,503.0,47108.734,XJ 5.0 L V8 SUPERCHARGED,JAGUAR
2012,22000,Diesel,Automatic,First,14.84,170.0,13018.6,NEW C-CLASS 220 CDI AT,MERCEDES-BENZ
2013,79225,Diesel,Manual,First,22.0,126.2,5114.45,VERNA CRDI 1.6 SX OPTION,HYUNDAI
2007,63000,Petrol,Manual,Third,14.2,102.0,1115.8799999999999,AVEO 1.6 LT,CHEVROLET
2014,61922,Petrol,Manual,First,20.4,81.8,4928.469999999999,SWIFT VXI BSIV,MARUTI
2015,85000,Diesel,Manual,First,23.9,126.2,5858.37,VERNA 1.6 CRDI S,HYUNDAI
2017,26192,Diesel,Automatic,First,17.9,168.0,37633.053,GLC 220D CELEBRATION EDITION,MERCEDES-BENZ
2013,65000,Diesel,Manual,First,13.0,168.5,14971.390000000001,FORTUNER 4X2 MANUAL,TOYOTA
2014,44999,Diesel,Automatic,First,12.8,167.6,23247.5,Q5 2008-2012 2.0 TDI,AUDI
2008,81308,Diesel,Automatic,Second,13.2,170.0,7392.705,3 SERIES 320D DYNAMIC,BMW
2016,35000,Petrol,Manual,First,24.7,47.3,2464.2349999999997,ALTO 800 2016-2019 LXI,MARUTI
2012,65349,Petrol,Manual,First,20.92,67.1,2613.019,ALTO K10 2010-2014 VXI,MARUTI
2012,80000,Petrol,Automatic,First,15.64,167.62,16273.25,A4 1.8 TFSI TECHNOLOGY EDITION,AUDI
2012,61000,Petrol,Manual,First,16.1,85.0,3068.6699999999996,SWIFT VXI BSIV,MARUTI
2019,31817,Petrol,Manual,First,22.5,67.04,4965.666,WAGON R VXI,MARUTI
2016,41000,Diesel,Manual,First,21.14,103.52,7904.15,RAPID 1.5 TDI AMBITION,SKODA
2010,82606,Petrol,Manual,Second,16.0,90.0,2501.431,JAZZ S,HONDA
2015,52000,Diesel,Manual,First,16.0,140.0,10693.85,XUV500 W10 2WD,MAHINDRA
2011,50318,Petrol,Manual,First,18.5,85.8,3775.3939999999993,RITZ VXI,MARUTI
2016,50000,Diesel,Automatic,First,17.9,201.15,45565.1,GLE 250D,MERCEDES-BENZ
2012,72000,Diesel,Manual,First,20.5,103.5,4277.54,RAPID 1.6 TDI AMBITION,SKODA
2015,63776,Diesel,Manual,First,24.0,70.0,3682.404,GRAND I10 CRDI MAGNA,HYUNDAI
2015,28133,Petrol,Manual,First,18.6,81.86,5207.44,ELITE I20 PETROL ASTA,HYUNDAI
2017,45000,Diesel,Manual,First,22.95,74.0,3487.125,ZEST QUADRAJET 1.3 75PS XE,TATA
2015,55697,Diesel,Manual,First,22.54,88.73,5114.45,I20 MAGNA 1.4 CRDI,HYUNDAI
2012,62000,Diesel,Manual,Second,20.5,103.5,2789.7,RAPID 1.6 TDI ELEGANCE,SKODA
2011,48000,Petrol,Manual,First,16.0,90.0,2789.7,LINEA EMOTION,FIAT
2010,90246,Petrol,Manual,First,16.1,88.2,2743.205,SWIFT VXI BSIII W/ ABS,MARUTI
2015,80500,Diesel,Manual,First,25.0,69.0,2278.255,INDICA V2 2001-2011 ELS,TATA
2012,119000,Diesel,Automatic,First,14.84,170.0,13009.301,NEW C-CLASS C 220 CDI ELEGANCE AT,MERCEDES-BENZ
2016,28541,Diesel,Automatic,First,11.57,254.79,56491.424999999996,GLE 350D,MERCEDES-BENZ
2008,45500,Petrol,Manual,Second,0.0,97.7,1087.983,SANTRO XING XP,HYUNDAI
2012,41000,Petrol,Manual,Second,16.8,116.3,4184.55,CITY V MT AVN,HONDA
2010,58000,Petrol,Manual,Second,18.5,80.0,2324.75,I20 MAGNA,HYUNDAI
2015,99000,Diesel,Manual,First,13.0,168.5,19062.95,FORTUNER 4X2 MANUAL,TOYOTA
2014,31200,Petrol,Manual,First,18.9,82.0,3626.6099999999997,GRAND I10 MAGNA,HYUNDAI
2009,85000,Diesel,Manual,Second,15.0,105.0,3254.65,JETTA 2007-2011 2.0 TDI COMFORTLINE,VOLKSWAGEN
2016,60924,Petrol,Automatic,First,15.63,110.4,7718.17,ECOSPORT 1.5 TI VCT AT TITANIUM,FORD
2012,45000,Petrol,Manual,First,21.1,55.2,2324.75,EON MAGNA PLUS,HYUNDAI
2011,44000,Petrol,Automatic,First,19.15,75.94,2464.2349999999997,MICRA XV CVT,NISSAN
2016,30534,Petrol,Automatic,First,19.0,88.7,6899.858,JAZZ 1.2 V CVT I VTEC,HONDA
2016,46399,Petrol,Manual,First,16.47,74.0,4305.437,POLO 1.2 MPI TRENDLINE,VOLKSWAGEN
2008,42000,Petrol,Manual,First,19.7,46.3,1013.591,ALTO LXI,MARUTI
2011,67000,Diesel,Manual,First,22.32,126.32,3533.62,VERNA 1.6 SX,HYUNDAI
2013,58000,Diesel,Automatic,First,10.0,170.0,14645.925,E-CLASS 2009-2013 E 220 CDI AVANTGARDE,MERCEDES-BENZ
2015,27000,Petrol,Manual,First,17.57,88.7,4900.572999999999,ZEST REVOTRON 1.2 XT,TATA
2012,39566,Petrol,Manual,Second,18.4,86.8,2557.225,BRIO S OPTION MT,HONDA
2016,14980,Diesel,Manual,First,27.3,98.6,6881.26,JAZZ VX DIESEL,HONDA
2017,18491,Petrol,Automatic,First,24.07,67.1,3626.6099999999997,ALTO K10 VXI AGS,MARUTI
2000,90000,Petrol,Manual,Second,17.3,60.0,650.93,ZEN VXI - BS III,MARUTI
2015,118211,Diesel,Manual,First,22.54,88.73,5486.41,I20 SPORTZ 1.4 CRDI,HYUNDAI
2016,63316,Diesel,Manual,First,22.7,118.0,8908.442,SX4 S CROSS DDIS 320 ZETA,MARUTI
2014,42000,Diesel,Automatic,First,14.21,203.0,23201.004999999997,E-CLASS 2009-2013 E250 CDI ELEGANCE,MERCEDES-BENZ
2015,25648,Petrol,Manual,First,13.7,98.82,3989.2709999999997,ENJOY PETROL LS 7 SEATER,CHEVROLET
2011,67612,Diesel,Automatic,Second,14.21,203.0,10693.85,E-CLASS 2009-2013 E250 CDI BLUE EFFICIENCY,MERCEDES-BENZ
2016,33000,Diesel,Manual,First,16.0,140.0,8973.535,XUV500 W4,MAHINDRA
2015,20000,Petrol,Manual,First,20.36,78.9,3487.125,I10 SPORTZ,HYUNDAI
2007,143000,Petrol,Manual,Second,14.2,82.9,1022.8900000000001,GETZ 1.3 GLS,HYUNDAI
2014,118218,Diesel,Automatic,First,12.07,241.4,29208.159,Q7 3.0 TDI QUATTRO,AUDI
2012,99000,Diesel,Manual,Third,12.05,120.0,5579.4,SCORPIO SLE BSIV,MAHINDRA
2016,22700,Petrol,Manual,First,18.7,88.7,5160.945,JAZZ 1.2 SV I VTEC,HONDA
2017,28000,Diesel,Manual,First,14.0,138.1,10145.209,SAFARI STORME 2012-2015 EX,TATA
2014,62000,Diesel,Manual,First,15.1,140.0,6741.775,XUV500 W6 2WD,MAHINDRA
2012,107023,Diesel,Manual,First,22.07,73.9,3626.6099999999997,POLO DIESEL COMFORTLINE 1.2L,VOLKSWAGEN
2012,71082,Diesel,Manual,First,19.3,73.9,3673.105,SWIFT DZIRE ZDI,MARUTI
2013,60000,Diesel,Automatic,First,15.73,174.33,20457.8,Q3 2.0 TDI,AUDI
2014,21701,Petrol,Manual,First,23.1,67.04,3143.062,CELERIO ZXI,MARUTI
2011,56000,Petrol,Manual,First,16.8,116.3,3208.155,CITY V MT EXCLUSIVE,HONDA
2016,32450,Petrol,Manual,First,18.6,81.83,5346.925,I20 1.2 SPOTZ,HYUNDAI
2016,12500,Petrol,Manual,First,25.17,53.3,2557.225,KWID RXT,RENAULT
2019,20483,Diesel,Automatic,First,17.9,136.0,28175.97,CLA 200 CDI SPORT,MERCEDES-BENZ
2014,45800,Diesel,Manual,First,22.7,89.84,6974.25,ECOSPORT 1.5 DV5 MT TITANIUM,FORD
2015,35441,Petrol,Manual,First,18.6,81.83,6388.413,I20 ASTA 1.2,HYUNDAI
2015,86398,Diesel,Manual,First,12.99,100.6,14134.48,INNOVA 2.5 ZX DIESEL 7 SEATER,TOYOTA
2012,150000,Diesel,Manual,First,21.64,84.8,3254.65,SUNNY 2011-2014 DIESEL XL,NISSAN
2014,89000,Diesel,Manual,First,25.2,74.0,5439.915,SWIFT VDI BSIV,MARUTI
2010,68375,Petrol,Manual,First,19.0,66.1,2324.75,A-STAR VXI,MARUTI
2013,52000,Petrol,Manual,First,18.6,85.8,3673.105,SWIFT ZXI,MARUTI
2017,39000,Diesel,Automatic,First,17.9,136.0,25107.3,CLA 200 CDI SPORT,MERCEDES-BENZ
2014,68000,Petrol,Manual,Second,16.02,93.7,6276.825,ERTIGA ZXI,MARUTI
2007,71000,Petrol,Manual,Second,18.9,67.1,1394.85,WAGON R LXI,MARUTI
2012,72003,Diesel,Manual,First,22.07,73.9,3626.6099999999997,POLO DIESEL TRENDLINE 1.2L,VOLKSWAGEN
2014,135670,Diesel,Manual,First,22.7,89.84,6090.844999999999,ECOSPORT 1.5 DV5 MT TITANIUM OPTIONAL,FORD
2017,65850,Diesel,Manual,First,25.1,98.6,8778.256,CITY I DTEC VX,HONDA
2015,53920,Petrol,Manual,First,14.28,138.03,10015.023,COROLLA ALTIS 1.8 GL,TOYOTA
2014,58000,Diesel,Manual,First,15.1,140.0,6974.25,XUV500 W8 2WD,MAHINDRA
2016,4000,Petrol,Manual,First,24.7,47.3,2789.7,ALTO 800 2016-2019 VXI,MARUTI
2010,58000,Diesel,Automatic,First,18.59,265.0,10926.324999999999,5 SERIES 530D M SPORT,BMW
2016,29832,Petrol,Manual,First,21.1,55.2,3059.371,EON D LITE PLUS,HYUNDAI
2016,71156,Diesel,Manual,First,26.59,74.0,6044.349999999999,SWIFT DZIRE VDI,MARUTI
2015,64687,CNG,Manual,First,31.79,58.33,3533.62,CELERIO CNG VXI MT,MARUTI
2011,54000,Diesel,Automatic,First,16.55,147.51,16738.2,A4 2.0 TDI,AUDI
2009,75000,Petrol,Automatic,Second,13.7,157.75,4603.005,SUPERB ELEGANCE 1.8 TSI AT,SKODA
2015,39208,Petrol,Manual,First,17.57,88.7,4203.147999999999,ZEST REVOTRON 1.2T XM,TATA
2014,41000,Diesel,Manual,First,17.0,139.07,7439.2,ONE LX ABS 7 SEATING,FORCE
2013,38622,Petrol,Manual,First,17.4,117.3,5821.174,CITY I-VTEC VX,HONDA
2016,18000,Petrol,Manual,First,16.95,97.7,6974.25,SUNNY 2011-2014 XV,NISSAN
2012,52000,Petrol,Manual,First,16.1,97.7,3394.1349999999998,SWIFT 1.3 LXI,MARUTI
2011,45000,Petrol,Automatic,First,14.4,103.6,3115.165,VENTO PETROL HIGHLINE AT,VOLKSWAGEN
2014,48656,Petrol,Automatic,First,15.74,121.3,5114.45,VERNA 1.6 SX VTVT AT,HYUNDAI
2012,79000,Diesel,Automatic,First,22.0,126.2,4881.974999999999,VERNA CRDI 1.6 AT SX PLUS,HYUNDAI
2012,88000,Diesel,Automatic,First,16.55,140.0,15110.875,A4 2.0 TDI MULTITRONIC,AUDI
2009,92000,Petrol,Manual,First,15.5,103.3,2510.73,SX4 VXI BSIV,MARUTI
2019,9000,Diesel,Automatic,First,12.62,158.0,30593.71,ENDEAVOUR 2.2 TITANIUM AT 4X2,FORD
2008,50121,Petrol,Manual,First,20.4,83.11,3170.959,SWIFT LXI BSIV,MARUTI
2014,79000,Diesel,Manual,First,24.0,70.0,3859.085,GRAND I10 CRDI MAGNA,HYUNDAI
2014,46000,Diesel,Manual,Second,20.14,88.8,5486.41,POLO 1.5 TDI HIGHLINE,VOLKSWAGEN
2012,100000,Petrol,Automatic,First,10.0,157.7,10693.85,E-CLASS 230,MERCEDES-BENZ
2015,41000,Petrol,Manual,First,18.6,81.83,4417.025,I20 ASTA 1.2,HYUNDAI
2015,25000,Petrol,Automatic,First,24.07,67.1,3254.65,ALTO K10 VXI AGS,MARUTI
2014,71899,Diesel,Manual,First,20.77,88.76,6741.775,ERTIGA VDI,MARUTI
2016,7100,Petrol,Automatic,First,23.1,67.04,4045.0649999999996,CELERIO VXI AT,MARUTI
2018,38171,Petrol,Automatic,Second,22.5,67.0,4640.201,KWID CLIMBER 1.0 AMT,RENAULT
2013,70359,Diesel,Manual,First,12.05,120.0,7113.735000000001,SCORPIO SLE BSIV,MAHINDRA
2011,200000,Diesel,Manual,First,12.8,102.0,8369.1,INNOVA 2.5 GX (DIESEL) 7 SEATER BS IV,TOYOTA
2017,26969,Diesel,Manual,First,22.07,73.9,6416.31,POLO DIESEL HIGHLINE 1.2L,VOLKSWAGEN
2011,56500,Diesel,Manual,First,20.0,68.0,2696.71,FIGO DIESEL ZXI,FORD
2014,40000,Diesel,Manual,First,20.45,83.8,5346.925,TERRANO XL PLUS 85 PS,NISSAN
2014,41000,Diesel,Manual,First,17.0,139.01,7439.2,ONE LX 4X4,FORCE
2017,53105,Petrol,Automatic,First,22.5,67.0,4100.859,KWID 1.0 RXT OPTIONAL AMT,RENAULT
2013,23000,Diesel,Manual,First,21.14,103.52,4603.005,RAPID 1.5 TDI ELEGANCE,SKODA
2016,80999,Diesel,Automatic,First,16.0,140.0,13390.56,XUV500 AT W10 FWD,MAHINDRA
2012,82000,Diesel,Manual,First,20.0,68.05,2743.205,FIGO DIESEL TITANIUM,FORD
2017,68557,Diesel,Manual,First,15.96,62.1,7569.386,BOLERO ZLX,MAHINDRA
2016,34000,Diesel,Manual,First,20.64,108.5,7857.654999999999,VENTO 1.5 TDI HIGHLINE,VOLKSWAGEN
2015,77000,Diesel,Manual,First,12.99,100.0,11623.75,INNOVA 2.5 VX (DIESEL) 8 SEATER BS IV,TOYOTA
2012,48000,Diesel,Manual,First,15.1,140.0,6044.349999999999,XUV500 W8 2WD,MAHINDRA
2015,28232,Petrol,Manual,Second,15.8,110.0,7178.8279999999995,ECOSPORT 1.5 TI VCT MT TITANIUM,FORD
2011,110000,Diesel,Automatic,First,16.96,138.1,7439.2,JETTA 2012-2014 2.0L TDI HIGHLINE AT,VOLKSWAGEN
2009,120000,Diesel,Manual,Second,13.93,138.0,2789.7,NEW SAFARI DICOR 2.2 VX 4X4,TATA
2013,49000,Diesel,Automatic,First,8.2,245.0,26967.1,3 SERIES 330D CONVERTIBLE,BMW
2014,22000,Petrol,Manual,First,16.47,74.0,3821.889,POLO 1.2 MPI HIGHLINE,VOLKSWAGEN
2015,14925,Petrol,Manual,First,18.5,82.9,4993.563,I20 MAGNA OPTIONAL 1.2,HYUNDAI
2013,75000,Diesel,Manual,First,20.77,88.8,6090.844999999999,ERTIGA ZDI,MARUTI
2015,23000,Petrol,Manual,First,17.4,117.3,6509.3,CITY I VTEC V,HONDA
2014,57000,Petrol,Manual,First,17.0,118.0,5095.852,CITY 1.5 S MT,HONDA
2013,76718,Diesel,Automatic,First,16.96,138.03,6053.648999999999,JETTA 2013-2015 2.0L TDI HIGHLINE AT,VOLKSWAGEN
2016,138000,Diesel,Manual,First,25.8,98.6,4788.985000000001,AMAZE VX I-DTEC,HONDA
2013,140000,Diesel,Manual,Second,15.1,140.0,8369.1,XUV500 W8 2WD,MAHINDRA
2008,110000,Petrol,Automatic,Second,14.53,138.1,2557.225,COROLLA ALTIS VL,TOYOTA
2005,126000,Petrol,Manual,Second,17.0,97.7,1115.8799999999999,SANTRO XING XL ERLX EURO III,HYUNDAI
2012,73000,Diesel,Automatic,First,22.69,190.0,11623.75,3 SERIES 320D,BMW
2017,63423,Diesel,Manual,First,23.0,98.96,7150.9310000000005,ECOSPORT 1.5 DIESEL TREND,FORD
2013,62132,Petrol,Manual,First,18.5,82.85,4249.643,I20 ASTA OPTIONAL WITH SUNROOF 1.2,HYUNDAI
2013,51000,Petrol,Automatic,First,16.8,118.0,4184.55,CITY 1.5 S AT,HONDA
2015,75000,Diesel,Manual,First,23.2,73.94,4556.51,RITZ VDI (ABS) BS IV,MARUTI
2008,55410,Petrol,Manual,First,19.81,68.05,1534.3349999999998,I10 ERA 1.1,HYUNDAI
2015,41000,Petrol,Manual,First,18.2,82.4,3022.1749999999997,SAIL 1.2 LS,CHEVROLET
2012,45000,Diesel,Manual,First,22.32,126.32,5811.875,VERNA 1.6 SX CRDI (O),HYUNDAI
2018,53322,Petrol,Manual,First,15.8,121.3,11279.687,CRETA 1.6 SX OPTION,HYUNDAI
2013,48000,Petrol,Manual,First,18.2,82.4,3022.1749999999997,SAIL 1.2 LS,CHEVROLET
2013,72000,Diesel,Automatic,First,14.16,174.3,26967.1,Q5 2.0 TDI,AUDI
2013,50266,Petrol,Manual,First,17.0,118.0,5142.347,CITY 1.5 V MT EXCLUSIVE,HONDA
2017,21800,Petrol,Manual,First,17.0,121.36,8136.625,ECOSPORT 1.5 PETROL TITANIUM,FORD
2014,45000,Diesel,Automatic,Second,12.07,241.4,35243.21,Q7 3.0 TDI QUATTRO PREMIUM PLUS,AUDI
2010,62000,Petrol,Manual,First,20.36,78.9,2231.7599999999998,I10 MAGNA 1.2,HYUNDAI
2014,41681,Petrol,Manual,First,17.0,80.0,4231.045,I20 1.2 ASTA,HYUNDAI
2011,69313,Petrol,Manual,Second,17.5,85.8,2464.2349999999997,SWIFT DZIRE 1.2 VXI BSIV,MARUTI
2017,49000,Diesel,Manual,Second,25.0,69.0,1487.8400000000001,INDICA V2 ELX,TATA
2012,40471,Diesel,Automatic,Second,16.2,235.0,23917.028,5 SERIES 2010-2013 530D,BMW
2013,60000,Diesel,Manual,First,22.9,74.0,3859.085,SWIFT VDI,MARUTI
2018,1001,Petrol,Manual,First,19.0,94.68,6723.177000000001,FREESTYLE TITANIUM PLUS PETROL,FORD
2008,38000,Petrol,Manual,Second,13.9,103.2,2417.7400000000002,VERNA XXI ABS (PETROL),HYUNDAI
2008,66000,Diesel,Automatic,Second,16.07,181.0,6741.775,3 SERIES 320D HIGHLINE,BMW
2017,33901,Diesel,Manual,First,12.8,102.0,13288.270999999999,INNOVA 2.5 G4 DIESEL 8-SEATER,TOYOTA
2011,57000,Diesel,Automatic,Second,14.94,204.0,16040.775,NEW C-CLASS C 250 CDI ELEGANCE,MERCEDES-BENZ
2013,170000,Diesel,Manual,First,22.54,126.2,6974.25,ELANTRA 1.6 SX,HYUNDAI
2014,60000,Diesel,Manual,First,23.2,73.94,4045.0649999999996,RITZ ZDI,MARUTI
2016,85000,Diesel,Manual,First,24.3,88.5,8276.11,VITARA BREZZA ZDI PLUS DUAL TONE,MARUTI
2016,146000,Petrol,Manual,Second,19.1,82.0,3254.65,XCENT 1.2 KAPPA S,HYUNDAI
2014,56002,Diesel,Manual,First,26.0,98.6,5672.389999999999,CITY I DTEC V,HONDA
2016,8554,Petrol,Manual,First,25.17,53.3,2975.6800000000003,KWID RXT,RENAULT
2014,62322,Diesel,Manual,First,23.59,67.06,4556.51,ETIOS CROSS 1.4L VD,TOYOTA
2015,37929,Petrol,Manual,First,24.07,67.1,3431.3309999999997,ALTO K10 VXI,MARUTI
2016,5400,Petrol,Manual,First,23.84,84.0,3701.002,TIAGO 1.2 REVOTRON XM OPTION,TATA
2013,60000,Diesel,Manual,First,21.9,90.0,2743.205,I20 1.4 CRDI MAGNA,HYUNDAI
2014,55730,Diesel,Automatic,First,16.55,147.51,14143.779,A4 2.0 TDI,AUDI
2015,62000,Diesel,Manual,First,28.4,74.0,5858.37,SWIFT VDI,MARUTI
2017,14576,Petrol,Manual,First,17.0,73.75,6221.031,AMEO 1.2 MPI HIGHLINE,VOLKSWAGEN
2017,17000,Petrol,Automatic,First,16.0,117.3,8834.05,BRV I-VTEC V CVT,HONDA
2009,28000,Petrol,Manual,First,17.0,80.0,2464.2349999999997,I20 ASTA,HYUNDAI
2012,58200,Diesel,Manual,First,14.66,194.3,6974.25,SANTA FE 4X4,HYUNDAI
2002,53000,Petrol,Manual,Second,0.0,97.7,1720.315,CITY 1.5 GXI,HONDA
2018,12278,Petrol,Automatic,First,23.1,67.04,5235.3369999999995,CELERIO ZXI OPTIONAL AMT,MARUTI
2018,17665,Petrol,Manual,First,15.8,121.3,10954.222,CRETA 1.6 SX,HYUNDAI
2004,200000,Diesel,Manual,Second,17.88,52.8,790.415,INDICA V2 DL BSIII,TATA
2011,55893,Petrol,Manual,First,15.04,103.6,3115.165,VENTO PETROL HIGHLINE,VOLKSWAGEN
2015,60586,Petrol,Manual,First,23.1,67.04,3821.889,CELERIO VXI,MARUTI
2015,13500,Diesel,Automatic,First,17.9,136.0,23721.749,CLA 200 D SPORT EDITION,MERCEDES-BENZ
2017,30000,Petrol,Manual,First,22.74,47.3,2882.69,ALTO 800 LXI,MARUTI
2018,12000,Diesel,Automatic,First,10.91,197.0,31151.649999999998,ENDEAVOUR 3.2 TITANIUM AT 4X4,FORD
2017,65000,Petrol,Manual,First,17.57,88.7,4463.5199999999995,ZEST REVOTRON 1.2T XE,TATA
2014,38000,Petrol,Manual,First,16.09,103.5,3245.351,VENTO 1.6 COMFORTLINE,VOLKSWAGEN
2012,25000,Petrol,Manual,Second,17.5,91.1,4788.985000000001,ERTIGA ZXI,MARUTI
2011,100000,Diesel,Automatic,First,14.0,224.0,13399.859,M-CLASS ML 350 CDI CORPORATE,MERCEDES-BENZ
2014,13710,Petrol,Manual,First,16.2,74.0,4417.025,POLO 1.2 MPI HIGHLINE,VOLKSWAGEN
2015,100000,Diesel,Automatic,First,12.55,168.5,17668.1,FORTUNER 4X2 AT,TOYOTA
2017,17000,Petrol,Manual,First,23.1,67.04,4556.51,CELERIO VXI,MARUTI
2008,89000,Diesel,Automatic,Second,16.07,181.0,5858.37,3 SERIES 320D CORPORATE EDITION,BMW
2006,100173,Petrol,Manual,Second,16.9,100.0,2231.7599999999998,CITY ZX VTEC,HONDA
2009,97000,Petrol,Manual,First,13.17,114.0,2789.7,CEDIA SPORTS,MITSUBISHI
2016,40190,Petrol,Manual,First,18.06,74.93,3952.075,PULSE PETROL RXL,RENAULT
2016,29647,Diesel,Manual,First,20.14,88.0,5858.37,POLO 1.5 TDI HIGHLINE,VOLKSWAGEN
2018,43639,Petrol,Manual,First,21.1,100.0,7578.685,BALENO RS PETROL,MARUTI
2012,37333,Petrol,Manual,First,20.36,78.9,2994.2780000000002,I10 MAGNA,HYUNDAI
2018,48407,Petrol,Manual,First,18.6,81.83,7113.735000000001,I20 1.2 SPOTZ,HYUNDAI
2011,25000,Petrol,Automatic,First,10.37,306.0,27897.0,Z4 2009-2013 35I,BMW
2010,72400,Petrol,Manual,Second,20.36,78.9,2138.77,I10 SPORTZ 1.2,HYUNDAI
2012,18000,Petrol,Automatic,First,13.6,181.0,20457.8,COOPER S CARBON EDITION,MINI
2012,65167,Petrol,Manual,First,19.4,86.8,3050.0719999999997,BRIO V MT,HONDA
2016,25418,Petrol,Manual,First,20.73,91.2,6592.991,CIAZ ZXI OPTION,MARUTI
2013,38995,Diesel,Manual,First,19.3,73.9,6007.1539999999995,SWIFT DZIRE ZDI,MARUTI
2012,60000,Diesel,Manual,First,22.07,73.9,3719.6,POLO DIESEL COMFORTLINE 1.2L,VOLKSWAGEN
2011,72000,Diesel,Automatic,First,17.05,184.0,10228.9,X1 SDRIVE20D,BMW
2016,31075,Diesel,Automatic,Second,12.07,241.4,46299.721,Q7 3.0 TDI QUATTRO PREMIUM PLUS,AUDI
2015,4311,Diesel,Manual,First,25.83,99.0,4463.5199999999995,FIGO 1.5D TREND MT,FORD
2017,21000,Diesel,Automatic,First,21.76,190.0,32546.5,3 SERIES LUXURY LINE,BMW
2011,54000,Diesel,Automatic,First,14.0,224.0,20448.500999999997,M-CLASS ML 350 CDI CORPORATE,MERCEDES-BENZ
2007,50000,Petrol,Manual,Second,17.3,64.0,1022.8900000000001,WAGON R LX BSIII,MARUTI
2018,13000,Petrol,Manual,First,21.4,83.1,6137.339999999999,BALENO ZETA 1.2,MARUTI
2013,74000,Petrol,Manual,First,22.0,81.8,4184.55,DZIRE VXI,MARUTI
2009,75000,Petrol,Manual,Second,14.7,76.0,929.9,AVEO U-VA 1.2 LT,CHEVROLET
2017,25000,Diesel,Manual,First,20.14,88.0,6416.31,POLO 1.5 TDI HIGHLINE,VOLKSWAGEN
2012,139000,Diesel,Automatic,First,0.0,115.0,15575.824999999999,ROVER FREELANDER 2 TD4 SE,LAND
2015,52000,Diesel,Automatic,First,14.16,174.3,23703.150999999998,Q5 30 TDI QUATTRO PREMIUM,AUDI
2015,20000,Diesel,Automatic,First,18.53,187.74,33011.45,A6 35 TDI MATRIX,AUDI
2018,32663,Diesel,Manual,First,24.0,73.97,5839.772,GRAND I10 1.2 CRDI SPORTZ,HYUNDAI
2012,76777,Diesel,Manual,Second,12.05,120.0,4537.911999999999,SCORPIO SLE BSIV,MAHINDRA
2016,100303,Diesel,Manual,First,22.95,74.0,3440.63,BOLT QUADRAJET XE,TATA
2015,43993,Petrol,Manual,First,21.1,55.2,3208.155,EON ERA PLUS,HYUNDAI
2016,72118,Diesel,Manual,First,15.4,120.0,9512.877,SCORPIO S8 8 SEATER,MAHINDRA
2010,83000,Petrol,Automatic,Second,11.1,142.0,6044.349999999999,ACCORD 2001-2003 2.0 AT,HONDA
2016,7523,Petrol,Manual,First,16.2,74.0,5718.885,POLO 1.2 MPI HIGHLINE,VOLKSWAGEN
2014,34670,Petrol,Manual,First,15.1,73.0,2696.71,EECO 7 SEATER STANDARD,MARUTI
2016,30000,Diesel,Manual,First,24.0,70.0,5114.45,GRAND I10 CRDI SPORTZ,HYUNDAI
2017,17000,Diesel,Automatic,First,10.91,197.0,28826.899999999998,ENDEAVOUR 3.2 TITANIUM AT 4X4,FORD
2015,59261,Diesel,Manual,First,24.0,73.97,3952.075,GRAND I10 1.2 CRDI SPORTZ,HYUNDAI
2016,65210,Diesel,Manual,First,22.9,74.0,5095.852,SWIFT VDI,MARUTI
2016,19000,Petrol,Manual,First,18.6,81.83,6741.775,I20 1.2 ASTA OPTION,HYUNDAI
2012,50000,Petrol,Manual,First,17.5,85.8,2789.7,SWIFT DZIRE VXI,MARUTI
2015,47000,Diesel,Automatic,First,22.69,190.0,27432.05,3 SERIES 320D LUXURY LINE,BMW
2007,75000,Petrol,Manual,Second,17.7,78.0,1385.551,CITY ZX GXI,HONDA
2013,54534,Petrol,Automatic,First,16.95,78.9,3394.1349999999998,I10 SPORTZ 1.2 AT,HYUNDAI
2018,13000,Diesel,Manual,First,23.0,98.96,10135.91,ECOSPORT SIGNATURE EDITION DIESEL,FORD
2015,48808,Petrol,Manual,First,23.1,67.04,3998.5699999999997,CELERIO ZXI MT,MARUTI
2012,63001,Diesel,Manual,Second,20.77,88.76,5681.689,ERTIGA VDI,MARUTI
2015,64771,Diesel,Manual,First,12.8,102.0,14413.449999999999,INNOVA 2.5 V DIESEL 8-SEATER,TOYOTA
2016,34634,Petrol,Manual,First,17.8,117.3,6416.31,CITY I VTEC SV,HONDA
2012,69242,Petrol,Manual,First,19.1,85.8,4361.231000000001,SWIFT DZIRE VXI,MARUTI
2011,33292,Petrol,Manual,First,18.5,85.8,2966.381,RITZ LXI,MARUTI
2012,55000,Petrol,Automatic,Second,15.0,98.6,3487.125,I20 SPORTZ AT 1.4,HYUNDAI
2019,1000,Petrol,Manual,First,17.19,81.86,7997.139999999999,I20 ACTIVE SX DUAL TONE PETROL,HYUNDAI
2011,80000,Petrol,Manual,Second,17.0,118.0,3580.115,CITY 1.5 E MT,HONDA
2016,65003,Diesel,Automatic,First,13.6,382.0,63075.117,CAYENNE S DIESEL,PORSCHE
2019,16573,Petrol,Manual,First,17.8,86.7,8657.369,AMAZE VX I-VTEC,HONDA
2008,152633,Petrol,Automatic,First,12.9,130.0,2789.7,CIVIC 2006-2010 1.8 S AT,HONDA
2015,53000,Petrol,Manual,First,18.6,81.83,5114.45,I20 MAGNA 1.2,HYUNDAI
2017,50129,Diesel,Manual,First,19.67,126.2,12367.67,CRETA 1.6 CRDI SX,HYUNDAI
2013,63716,Diesel,Automatic,First,15.73,174.33,21387.7,Q3 2012-2015 2.0 TDI QUATTRO PREMIUM PLUS,AUDI
2018,11000,Petrol,Manual,First,24.7,47.3,3115.165,ALTO 800 2016-2019 LXI,MARUTI
2012,115000,Diesel,Automatic,Third,15.06,177.0,9299.0,X1 SDRIVE 20D EXCLUSIVE,BMW
2013,63265,Petrol,Manual,First,20.36,78.9,2743.205,I10 MAGNA,HYUNDAI
2016,20000,Diesel,Manual,First,21.66,108.62,6276.825,AMEO 1.5 TDI HIGHLINE,VOLKSWAGEN
2010,79000,Petrol,Manual,Third,16.47,73.9,2268.9559999999997,POLO PETROL HIGHLINE 1.2L,VOLKSWAGEN
2015,41000,Petrol,Manual,First,20.73,91.1,5439.915,CIAZ VXI PLUS,MARUTI
2015,26323,Petrol,Automatic,First,17.21,103.5,6881.26,POLO GT TSI,VOLKSWAGEN
2016,76000,Diesel,Manual,First,24.4,71.0,3533.62,XCENT 1.1 CRDI BASE,HYUNDAI
2008,69972,Petrol,Manual,First,13.5,130.0,3533.62,CIVIC 2006-2010 1.8 S MT,HONDA
2008,69000,Petrol,Manual,First,17.7,78.0,2510.73,CITY ZX GXI,HONDA
2016,65000,Diesel,Manual,First,15.96,62.1,6704.579,BOLERO ZLX,MAHINDRA
2016,29512,Petrol,Manual,First,17.4,117.3,7346.21,CITY I VTEC V,HONDA
2017,51000,Diesel,Manual,First,25.4,73.97,3905.58,XCENT 1.2 CRDI S,HYUNDAI
2014,58003,Diesel,Manual,First,19.01,108.45,5346.925,DUSTER 110PS DIESEL RXL,RENAULT
2013,56500,Petrol,Automatic,First,16.98,66.1,3208.155,A-STAR AT VXI,MARUTI
2014,29063,Diesel,Automatic,First,17.11,174.33,23944.925,A4 2.0 TDI 177 BHP PREMIUM PLUS,AUDI
2018,46811,Diesel,Manual,First,16.0,140.0,15427.041,XUV500 W8 2WD,MAHINDRA
2014,31897,Petrol,Manual,First,18.06,74.96,4361.231000000001,PULSE PETROL RXZ,RENAULT
2009,52100,Diesel,Automatic,Second,13.2,170.0,6974.25,3 SERIES 320D,BMW
2016,73000,Diesel,Manual,First,13.68,147.8,15343.35,INNOVA CRYSTA 2.4 GX MT,TOYOTA
2009,31423,Petrol,Manual,First,17.0,118.0,1850.501,CITY 1.5 S MT,HONDA
2014,75180,Diesel,Manual,First,22.9,74.0,4881.974999999999,SWIFT VDI,MARUTI
2013,75000,Diesel,Manual,Second,19.64,108.45,5021.46,DUSTER 110PS DIESEL RXZ PLUS,RENAULT
2014,15000,Petrol,Manual,First,16.47,74.0,3626.6099999999997,POLO 1.2 MPI COMFORTLINE,VOLKSWAGEN
2015,12000,Petrol,Manual,First,17.19,81.86,5393.42,I20 ACTIVE 1.2 S,HYUNDAI
2014,32000,Diesel,Automatic,First,18.12,190.0,28361.95,5 SERIES 2013-2017 520D LUXURY LINE,BMW
2017,44504,Diesel,Manual,First,23.4,74.0,5207.44,SWIFT DZIRE LDI,MARUTI
2012,66000,Diesel,Automatic,First,0.0,165.0,21387.7,M-CLASS ML 350 4MATIC,MERCEDES-BENZ
2015,39437,Diesel,Manual,First,28.4,74.0,4788.985000000001,SWIFT LDI,MARUTI
2017,36931,Diesel,Automatic,First,19.08,126.2,8815.452,VERNA 1.6 CRDI AT SX OPTION,HYUNDAI
2016,17800,Petrol,Automatic,Second,21.9,37.48,2213.162,NANO XTA,TATA
2009,71346,Petrol,Manual,First,17.5,85.8,3533.62,SWIFT DZIRE LXI,MARUTI
2015,45000,Petrol,Manual,Second,18.6,81.83,5114.45,I20 ASTA OPTION 1.2,HYUNDAI
2010,85155,Petrol,Manual,First,17.0,80.0,3301.1449999999995,I20 1.2 SPORTZ,HYUNDAI
2015,48823,Petrol,Manual,First,20.73,91.1,5904.865,CIAZ ZXI,MARUTI
2015,37000,Diesel,Automatic,First,12.7,187.7,33476.4,ROVER RANGE ROVER 2.2L PRESTIGE,LAND
2005,92000,Diesel,Manual,Second,16.1,70.0,1022.8900000000001,INDIGO LX BSII,TATA
2014,36000,Petrol,Manual,First,17.57,88.7,3440.63,ZEST REVOTRON 1.2T XM,TATA
2016,24569,Diesel,Manual,First,16.0,140.0,12553.65,XUV500 W10 1.99 MHAWK,MAHINDRA
2008,95000,Petrol,Automatic,Third,11.7,177.6,2650.215,ACCORD 2.4 AT,HONDA
2015,25811,Petrol,Manual,Second,25.4,37.5,1980.687,NANO TWIST XT,TATA
2015,65000,Diesel,Manual,First,22.7,126.2,7206.724999999999,ELANTRA CRDI S,HYUNDAI
2017,100400,Diesel,Manual,First,25.0,69.0,2650.215,INDICA V2 ELS,TATA
2014,76414,Diesel,Manual,First,25.8,98.6,4603.005,AMAZE S I-DTECH,HONDA
2012,82103,Diesel,Manual,First,15.1,140.0,5765.38,XUV500 W8 2WD,MAHINDRA
2013,98000,Diesel,Automatic,First,18.56,190.0,16273.25,X3 XDRIVE 20D EXPEDITION,BMW
2010,45252,Petrol,Manual,First,18.9,81.86,2092.275,GRAND I10 1.2 KAPPA MAGNA,HYUNDAI
2017,10300,Petrol,Manual,First,21.4,83.1,6276.825,BALENO ZETA 1.2,MARUTI
2016,42024,Diesel,Automatic,First,19.08,126.2,9047.927,VERNA 1.6 CRDI AT SX,HYUNDAI
2018,51236,Diesel,Manual,First,25.47,88.5,7894.851,ERTIGA VDI,MARUTI
2013,52000,Petrol,Automatic,First,13.6,181.0,23247.5,COOPER S CARBON EDITION,MINI
2015,42894,Diesel,Manual,First,23.2,73.94,5198.141,RITZ ZDI,MARUTI
2011,68000,Diesel,Automatic,First,15.6,106.0,4463.5199999999995,LAURA L N K 1.9 PD AT,SKODA
2014,69000,Diesel,Manual,First,22.7,89.84,5067.955,ECOSPORT 1.5 DV5 MT TITANIUM OPTIONAL,FORD
2017,10000,Petrol,Manual,First,18.6,81.83,6044.349999999999,I20 2015-2017 SPORTZ 1.2,HYUNDAI
2015,16000,Petrol,Manual,First,19.4,86.8,4045.0649999999996,BRIO E MT,HONDA
2013,46992,Diesel,Manual,First,25.8,98.6,3487.125,AMAZE S I-DTECH,HONDA
2010,170000,Diesel,Automatic,Third,18.48,177.0,11158.8,5 SERIES 2003-2012 520D,BMW
2014,58000,Diesel,Automatic,First,12.07,241.4,29756.8,Q7 3.0 TDI QUATTRO PREMIUM PLUS,AUDI
2015,50000,Diesel,Manual,Second,24.0,70.0,3719.6,GRAND I10 CRDI MAGNA,HYUNDAI
2011,39010,Diesel,Manual,First,23.08,63.1,2417.7400000000002,MICRA DIESEL XV,NISSAN
2016,26946,Petrol,Manual,First,18.9,82.0,4138.055,GRAND I10 SPORTZ,HYUNDAI
2015,28700,Petrol,Manual,First,21.1,55.2,2417.7400000000002,EON ERA,HYUNDAI
2011,60000,Petrol,Automatic,First,11.74,186.0,14878.4,NEW C-CLASS C250 AVANTGARDE,MERCEDES-BENZ
2014,38999,Diesel,Automatic,First,12.7,187.7,30221.75,ROVER RANGE ROVER 2.2L PURE,LAND
2016,39000,Diesel,Automatic,First,11.18,184.0,12879.115,SSANGYONG REXTON RX7,MAHINDRA
2018,7784,Petrol,Manual,First,20.73,91.1,8145.924,CIAZ 1.4 DELTA,MARUTI
2014,45710,Petrol,Automatic,First,11.8,272.0,22020.032,R-CLASS R350 4MATIC LONG,MERCEDES-BENZ
2017,42000,Petrol,Automatic,First,22.0,81.8,5114.45,DZIRE AMT VXI,MARUTI
2013,75995,Diesel,Automatic,Second,11.49,335.3,61196.719,ROVER RANGE ROVER VOGUE SE 4.4 SDV8,LAND
2013,57000,Diesel,Manual,First,19.01,108.45,4640.201,DUSTER 110PS DIESEL RXZ,RENAULT
2013,85350,Diesel,Manual,Second,22.32,126.32,5300.43,VERNA 1.6 SX,HYUNDAI
2016,82725,Petrol,Automatic,First,14.28,138.03,11149.501,COROLLA ALTIS 1.8 VL CVT,TOYOTA
2016,19000,Diesel,Automatic,Second,21.76,190.0,27887.700999999997,3 SERIES SPORT,BMW
2018,13900,Petrol,Manual,First,18.88,110.4,8834.05,ECOSPORT 1.5 TI VCT MT SIGNATURE,FORD
2014,108000,Diesel,Manual,First,25.2,74.0,5114.45,SWIFT VDI BSIV,MARUTI
2016,36000,Diesel,Automatic,First,11.72,194.3,21387.7,SANTA FE 4X4 AT,HYUNDAI
2013,62188,Diesel,Manual,First,17.2,53.5,2743.205,INDICA V2 DLS,TATA
2015,58397,Diesel,Manual,First,24.0,70.0,4556.51,GRAND I10 CRDI SPORTZ,HYUNDAI
2006,85000,Petrol,Manual,Third,0.0,97.7,1208.8700000000001,SANTRO XING XL,HYUNDAI
2016,30000,Petrol,Automatic,First,22.5,67.0,3952.075,WAGON R VXI AMT,MARUTI
2018,29907,Diesel,Manual,First,16.0,140.0,15213.163999999999,XUV500 W10 2WD,MAHINDRA
2009,46000,Diesel,Automatic,First,16.55,147.51,9252.505,A4 2.0 TDI,AUDI
2012,65000,Diesel,Manual,First,20.54,103.6,5114.45,VENTO DIESEL HIGHLINE,VOLKSWAGEN
2016,22000,Diesel,Manual,First,24.3,88.5,7671.675,VITARA BREZZA ZDI PLUS DUAL TONE,MARUTI
2002,99024,Petrol,Manual,First,17.3,60.0,883.405,ZEN LX,MARUTI
2016,34952,Petrol,Manual,First,19.81,68.05,3728.899,I10 ERA,HYUNDAI
2019,13913,Petrol,Manual,First,17.5,88.7,7625.179999999999,WR-V EDGE EDITION I-VTEC S,HONDA
2014,71000,Diesel,Manual,Second,25.1,98.6,5765.38,CITY I DTEC VX,HONDA
2012,97000,Diesel,Automatic,First,11.5,169.0,15575.824999999999,FORTUNER 4X2 4 SPEED AT,TOYOTA
2017,21000,Diesel,Automatic,First,16.0,140.0,15343.35,XUV500 AT W10 FWD,MAHINDRA
2007,116000,Diesel,Manual,Third,10.9,97.7,3487.125,ENDEAVOUR XLT TDCI 4X4,FORD
2012,110438,Diesel,Manual,First,20.0,68.05,3254.65,FIGO DIESEL ZXI,FORD
2017,66507,Petrol,Automatic,Second,19.0,88.7,5049.357,JAZZ 1.2 V CVT I VTEC,HONDA
2017,54650,Diesel,Automatic,First,10.91,197.0,28222.465,ENDEAVOUR 3.2 TITANIUM AT 4X4,FORD
2014,32000,Petrol,Automatic,First,17.97,99.6,7429.901,SUNNY XL CVT,NISSAN
2011,75378,Diesel,Manual,First,18.7,66.0,3338.341,OCTAVIA AMBIENTE 1.9 TDI MT,SKODA
2012,82697,Diesel,Manual,First,25.44,57.6,1766.81,BEAT DIESEL LT,CHEVROLET
2009,135000,Petrol,Automatic,First,12.1,164.7,4370.53,CAMRY W2 (AT),TOYOTA
2012,149000,Diesel,Manual,First,19.01,108.45,6741.775,DUSTER 110PS DIESEL RXZ,RENAULT
2016,26212,Diesel,Automatic,First,17.9,136.0,22745.354,GLA CLASS 200 D STYLE,MERCEDES-BENZ
2014,23500,Petrol,Manual,Second,17.57,88.7,3626.6099999999997,ZEST REVOTRON 1.2T XMS,TATA
2013,56127,Petrol,Manual,First,18.5,80.0,4788.985000000001,I20 1.2 MAGNA,HYUNDAI
2015,26000,Petrol,Automatic,First,21.5,81.8,3394.1349999999998,WAGON R VXI AMT1.2,MARUTI
2016,26000,Diesel,Manual,First,25.4,73.97,4649.5,XCENT 1.2 CRDI S,HYUNDAI
2009,42000,Petrol,Manual,First,17.0,118.0,2138.77,CITY 1.5 S MT,HONDA
2001,130000,Petrol,Manual,Second,13.2,94.0,697.425,ACCENT GLE,HYUNDAI
2009,137148,Petrol,Manual,Second,13.9,103.2,1720.315,VERNA XI (PETROL),HYUNDAI
2010,114703,Petrol,Manual,First,15.6,70.0,1673.82,FIGO PETROL ZXI,FORD
2014,97439,Diesel,Manual,First,25.8,98.6,4100.859,AMAZE S I-DTECH,HONDA
2006,40000,Petrol,Manual,First,18.9,67.1,1859.8,WAGON R LX BSII,MARUTI
2014,81609,Diesel,Manual,First,17.8,97.7,5160.945,SWIFT VDI BSIV,MARUTI
2014,28000,Diesel,Automatic,First,13.0,258.0,29524.325,E-CLASS FACELIFT,MERCEDES-BENZ
2015,37500,Diesel,Automatic,First,17.68,174.33,29756.8,A6 2011-2015 35 TDI TECHNOLOGY,AUDI
2010,37000,Diesel,Automatic,First,13.5,282.0,19527.899999999998,S CLASS 2005 2013 S 350 CDI,MERCEDES-BENZ
2010,83000,Diesel,Manual,First,19.3,73.9,2557.225,SWIFT DZIRE LDI,MARUTI
2005,79012,Petrol,Manual,First,13.4,125.0,2454.936,COROLLA H2,TOYOTA
2018,27395,Diesel,Manual,First,15.4,120.0,13195.280999999999,SCORPIO S10 7 SEATER,MAHINDRA
2017,35362,Petrol,Manual,First,22.5,67.04,3580.115,WAGON R VXI,MARUTI
2014,117000,Diesel,Manual,First,13.0,168.5,14413.449999999999,FORTUNER 4X2 MANUAL,TOYOTA
2010,23000,Petrol,Manual,First,18.2,64.0,1766.81,ZEN ESTILO 1.1 LX BSIII,MARUTI
2014,59508,Petrol,Manual,First,25.4,37.48,1171.674,NANO CX,TATA
2009,69000,Petrol,Manual,Second,18.5,80.0,2231.7599999999998,I20 MAGNA,HYUNDAI
2010,58000,Diesel,Automatic,First,22.69,190.0,10693.85,3 SERIES 320D,BMW
2014,88511,Diesel,Manual,First,16.0,140.0,7671.675,XUV500 W6 2WD,MAHINDRA
2011,66000,Petrol,Manual,First,15.8,105.0,2557.225,VENTO IPL II PETROL TRENDLINE,VOLKSWAGEN
2009,65000,Petrol,Manual,Second,17.5,70.0,1301.86,FABIA 1.2 MPI CLASSIC,SKODA
2015,30676,Petrol,Manual,First,25.4,37.5,2696.71,NANO TWIST XT,TATA
2011,76000,Diesel,Manual,First,20.0,68.0,2231.7599999999998,FIGO DIESEL EXI,FORD
2013,23627,Petrol,Automatic,First,14.8,105.0,4417.025,VENTO IPL II PETROL HIGHLINE AT,VOLKSWAGEN
2018,52827,Diesel,Automatic,First,12.7,187.7,41622.324,ROVER RANGE ROVER HSE DYNAMIC,LAND
2015,64465,Diesel,Manual,First,26.0,98.6,5783.978,CITY I DTEC SV,HONDA
2018,14000,Petrol,Automatic,First,22.5,67.0,4184.55,KWID CLIMBER 1.0 AMT,RENAULT
2015,26000,Petrol,Manual,First,18.9,82.0,3952.075,GRAND I10 ASTA OPTION,HYUNDAI
2011,78203,Diesel,Automatic,First,18.1,147.9,5114.45,CRUZE LTZ AT,CHEVROLET
2017,27000,Diesel,Manual,First,22.54,88.73,6462.805,I20 1.4 ASTA,HYUNDAI
2018,31919,Petrol,Automatic,First,24.07,67.1,4240.343999999999,ALTO K10 VXI AGS,MARUTI
2016,47392,Diesel,Manual,First,20.5,126.2,12851.218,CRETA 1.6 SX OPTION DIESEL,HYUNDAI
2016,17362,Petrol,Manual,First,18.0,86.7,5253.935,AMAZE VX I-VTECH,HONDA
2016,49716,Diesel,Manual,First,21.19,88.73,5765.38,I20 ACTIVE 1.4 SX DUAL TONE,HYUNDAI
2014,48000,Petrol,Manual,First,23.1,67.04,3022.1749999999997,CELERIO VXI,MARUTI
2009,46000,Diesel,Automatic,First,16.55,147.51,7904.15,A4 2.0 TDI,AUDI
2016,79000,Diesel,Manual,First,24.8,88.7,6741.775,VERNA 1.4 CRDI,HYUNDAI
2013,57000,Diesel,Manual,First,21.8,78.0,4286.839,FLUENCE DIESEL E4,RENAULT
2016,29754,Petrol,Manual,First,16.2,74.0,4928.469999999999,POLO 1.2 MPI HIGHLINE,VOLKSWAGEN
2012,50123,Diesel,Manual,First,17.0,70.0,1766.81,INDIGO LX,TATA
2012,57184,Petrol,Manual,First,20.36,78.9,2873.3909999999996,I10 SPORTZ,HYUNDAI
2007,75000,Diesel,Automatic,Second,16.46,258.0,8834.05,7 SERIES 730LD SEDAN,BMW
2015,26000,Diesel,Automatic,First,17.01,126.2,11763.235,CRETA 1.6 CRDI AT SX PLUS,HYUNDAI
2016,22129,Petrol,Manual,First,18.9,82.0,3952.075,GRAND I10 MAGNA,HYUNDAI
2011,127887,Diesel,Manual,First,21.1,73.9,2743.205,RITZ VDI,MARUTI
2006,92000,Diesel,Manual,First,10.5,120.0,3208.155,SCORPIO 2.6 SLX CRDE,MAHINDRA
2011,60634,Petrol,Manual,First,19.81,68.05,3068.6699999999996,I10 ERA,HYUNDAI
2014,90000,Diesel,Manual,First,14.0,138.1,7439.2,SAFARI STORME 2012-2015 VX,TATA
2009,59000,Petrol,Manual,First,13.5,130.0,2520.029,CIVIC 2006-2010 1.8 V MT,HONDA
2012,59293,Petrol,Manual,First,18.2,67.1,2510.73,ZEN ESTILO LXI BSIII,MARUTI
2012,80753,Diesel,Manual,Second,23.4,74.0,4184.55,SWIFT DZIRE VDI,MARUTI
2015,40000,Diesel,Manual,Second,13.0,168.5,17435.625,FORTUNER 4X2 MANUAL,TOYOTA
2014,103000,Diesel,Manual,Second,28.4,74.0,4881.974999999999,SWIFT VDI,MARUTI
2012,72389,LPG,Manual,First,26.2,58.2,2975.6800000000003,WAGON R DUO LX BSIII,MARUTI
2017,48000,Diesel,Manual,First,28.4,73.75,5579.4,DZIRE LDI,MARUTI
2014,41000,Petrol,Manual,First,18.9,82.0,2919.886,GRAND I10 ASTA,HYUNDAI
2016,26000,Petrol,Manual,First,25.17,53.3,2371.245,KWID RXL,RENAULT
2012,30000,Petrol,Manual,Second,15.64,64.08,2138.77,INDIGO CS EGLX BS IV,TATA
2014,74624,Diesel,Manual,First,20.0,68.05,5253.935,FIGO DIESEL TITANIUM,FORD
2015,47877,Diesel,Automatic,First,15.15,240.0,44839.778,CAYENNE 2009-2014 DIESEL,PORSCHE
2016,35000,Petrol,Manual,First,24.07,67.1,2789.7,ALTO K10 VXI,MARUTI
2015,52123,Diesel,Manual,First,20.34,103.2,6974.25,VENTO 1.5 TDI HIGHLINE,VOLKSWAGEN
2005,90000,Diesel,Manual,First,10.5,120.0,2417.7400000000002,SCORPIO 2.6 SLX CRDE,MAHINDRA
2018,1400,Diesel,Automatic,First,18.56,190.0,56956.375,X3 XDRIVE 20D LUXURY LINE,BMW
2009,122000,Petrol,Manual,Second,17.0,118.0,3254.65,CITY 1.5 V MT,HONDA
2016,21110,Petrol,Automatic,First,17.44,189.08,26920.605,COOPER 3 DOOR S,MINI
2015,78000,Diesel,Automatic,First,13.5,175.56,13948.5,PAJERO SPORT 4X4 AT,MITSUBISHI
2012,72000,Diesel,Manual,First,19.3,73.9,3952.075,SWIFT DZIRE VDI,MARUTI
2006,48000,Petrol,Automatic,First,8.6,552.0,54864.1,CONTINENTAL FLYING SPUR,BENTLEY
2013,43486,Diesel,Manual,First,20.77,88.76,6137.339999999999,ERTIGA VDI,MARUTI
2007,199000,Diesel,Manual,Second,12.8,102.0,4835.4800000000005,INNOVA 2.5 G4 DIESEL 7-SEATER,TOYOTA
2010,34000,Petrol,Manual,First,11.7,178.0,9299.0,NEW C-CLASS C 200 KOMPRESSOR ELEGANCE MT,MERCEDES-BENZ
2016,37944,Diesel,Automatic,First,14.84,167.62,32546.5,NEW C-CLASS C 220 CDI BE AVANTGARE,MERCEDES-BENZ
2017,30000,Diesel,Manual,First,22.7,89.84,8136.625,ECOSPORT 1.5 DV5 MT TITANIUM OPTIONAL,FORD
2015,64005,Petrol,Manual,First,17.71,78.9,4249.643,ETIOS LIVA 1.2 G,TOYOTA
2012,62000,Petrol,Manual,First,20.36,78.9,2324.75,I10 MAGNA 1.2,HYUNDAI
2005,105000,Petrol,Manual,First,0.0,97.7,1627.325,SANTRO LP - EURO II,HYUNDAI
2014,59885,Diesel,Automatic,First,12.39,147.51,18700.289,ROVER FREELANDER 2 SE,LAND
2011,144471,Diesel,Manual,First,12.8,102.0,7253.219999999999,INNOVA 2.5 V DIESEL 8-SEATER,TOYOTA
2011,63991,Petrol,Manual,First,18.5,80.0,3356.939,I20 1.2 MAGNA,HYUNDAI
2007,72000,Petrol,Manual,Second,17.0,97.7,1032.189,SANTRO XING XO ERLX EURO II,HYUNDAI
2015,34895,Petrol,Automatic,First,19.15,75.94,4277.54,MICRA XV CVT,NISSAN
2015,97003,Diesel,Automatic,First,15.87,308.43,79041.5,X6 XDRIVE 40D M SPORT,BMW
2015,45000,Petrol,Automatic,First,16.8,118.0,4881.974999999999,CITY 1.5 V AT,HONDA
2013,45000,Diesel,Manual,Second,25.8,98.6,3068.6699999999996,AMAZE E I-DTECH,HONDA
2013,100000,Diesel,Manual,Second,11.5,171.0,16505.725,FORTUNER 3.0 DIESEL,TOYOTA
2016,70000,Diesel,Automatic,First,12.97,187.7,32546.5,ROVER DISCOVERY SPORT SD4 HSE LUXURY,LAND
2016,37023,Diesel,Manual,First,19.67,126.2,12451.361,CRETA 1.6 CRDI SX,HYUNDAI
2012,81000,Diesel,Manual,First,25.44,56.3,2324.75,BEAT DIESEL LT,CHEVROLET
2017,20789,Diesel,Automatic,First,11.36,171.5,17072.964,INNOVA CRYSTA 2.8 GX AT,TOYOTA
2015,68310,Diesel,Manual,First,23.4,74.0,5532.905,SWIFT DZIRE VDI,MARUTI
2015,47250,Diesel,Manual,Second,19.67,126.2,10228.9,CRETA 1.6 CRDI SX OPTION,HYUNDAI
2014,47000,Diesel,Automatic,Second,12.65,255.0,60211.025,ROVER RANGE ROVER SPORT SE,LAND
2017,128000,Diesel,Manual,First,25.8,98.6,5858.37,AMAZE VX I-DTEC,HONDA
2017,17702,Petrol,Manual,First,15.29,121.3,11103.006,CRETA 1.6 SX PLUS DUAL TONE PETROL,HYUNDAI
2014,34987,Petrol,Automatic,First,18.19,103.5,5532.905,VENTO SPORT 1.2 TSI AT,VOLKSWAGEN
2017,37000,Diesel,Manual,First,26.0,98.6,10228.9,CITY I DTEC VX,HONDA
2017,38271,Petrol,Manual,First,15.29,121.3,11651.646999999999,CRETA 1.6 SX PLUS DUAL TONE PETROL,HYUNDAI
2012,32510,Diesel,Manual,Second,20.0,68.0,3487.125,FIGO DIESEL TITANIUM,FORD
2014,88000,Diesel,Automatic,First,14.69,258.0,25107.3,5 SERIES 2013-2017 530D M SPORT,BMW
2012,116000,Diesel,Manual,First,10.5,107.2,9252.505,PAJERO 2.8 SFX 7STR,MITSUBISHI
2013,156000,Diesel,Manual,First,19.87,83.8,3905.58,DUSTER 85PS DIESEL RXL OPTION,RENAULT
2010,75319,Petrol,Manual,Second,21.1,85.8,1859.8,RITZ VXI,MARUTI
2013,28000,Petrol,Manual,First,18.9,82.0,3022.1749999999997,GRAND I10 SPORTZ,HYUNDAI
2017,16500,Diesel,Automatic,First,17.9,136.0,31616.6,GLA CLASS 200 CDI SPORT,MERCEDES-BENZ
2016,75637,Diesel,Automatic,First,22.48,190.0,28241.063000000002,5 SERIES 520D LUXURY LINE,BMW
2018,32854,Petrol,Automatic,First,13.0,121.3,11716.74,CRETA 1.6 SX PLUS PETROL AUTOMATIC,HYUNDAI
2019,6568,Petrol,Manual,First,25.17,53.3,4733.191,KWID RXT OPTIONAL,RENAULT
2014,30000,Diesel,Automatic,First,14.94,241.4,22782.55,A4 3.0 TDI QUATTRO,AUDI
2018,17804,Diesel,Manual,Second,28.09,88.5,7411.303,CIAZ VDI SHVS,MARUTI
2011,69768,Petrol,Manual,First,16.0,90.0,2696.71,JAZZ S,HONDA
2016,62404,Diesel,Automatic,First,22.69,190.0,19834.766999999996,3 SERIES 320D LUXURY LINE,BMW
2012,97000,Diesel,Automatic,Second,19.08,126.32,6044.349999999999,VERNA SX CRDI AT,HYUNDAI
2016,55687,Diesel,Manual,First,21.38,88.7,11298.285,CRETA 1.4 CRDI S PLUS,HYUNDAI
2014,17000,Petrol,Manual,First,15.04,103.2,3952.075,VENTO 2013-2015 1.6 COMFORTLINE,VOLKSWAGEN
2017,34232,Diesel,Automatic,First,21.76,190.0,33327.616,3 SERIES LUXURY LINE,BMW
2004,135000,Petrol,Automatic,Third,14.4,152.0,2789.7,CR-V PETROL 2WD,HONDA
2012,80000,Diesel,Manual,First,19.72,108.45,6276.825,DUSTER 110PS DIESEL RXZ AWD,RENAULT
2014,31045,Petrol,Manual,Second,18.6,81.83,5253.935,I20 ASTA 1.2,HYUNDAI
2013,58000,Diesel,Automatic,Second,16.96,138.03,6974.25,JETTA 2013-2015 2.0L TDI HIGHLINE AT,VOLKSWAGEN
2018,35480,Diesel,Manual,First,19.67,126.2,12404.866,CRETA 1.6 SX PLUS DIESEL,HYUNDAI
2016,62287,Diesel,Manual,First,28.09,88.5,7346.21,CIAZ VDI SHVS,MARUTI
2015,46162,Diesel,Manual,First,22.54,88.73,6490.702,I20 ASTA 1.4 CRDI,HYUNDAI
2014,9200,Petrol,Manual,First,17.01,121.3,5346.925,VERNA 1.6 SX VTVT,HYUNDAI
2012,55339,Diesel,Manual,First,22.07,73.9,2464.2349999999997,POLO DIESEL TRENDLINE 1.2L,VOLKSWAGEN
2011,55476,Diesel,Manual,First,22.07,73.9,2315.451,POLO DIESEL TRENDLINE 1.2L,VOLKSWAGEN
2007,68553,Petrol,Manual,Second,15.0,104.68,1394.85,SX4 VXI BSIII,MARUTI
2016,67376,Diesel,Manual,First,24.5,98.6,6044.349999999999,MOBILIO RS OPTION I DTEC,HONDA
2013,42000,Diesel,Manual,First,19.64,108.45,7439.2,DUSTER 110PS DIESEL RXZ PLUS,RENAULT
2019,28069,Diesel,Automatic,First,12.9,174.5,28687.415,FORTUNER 2.8 2WD AT,TOYOTA
2014,93144,Diesel,Automatic,First,14.7,181.0,15947.784999999998,XC60 D4 SUMMUM,VOLVO
2014,24300,Petrol,Automatic,First,23.1,67.04,4231.045,CELERIO VXI AT,MARUTI
2015,47883,Diesel,Manual,Second,26.21,88.5,6881.26,CIAZ ZDI PLUS,MARUTI
2013,12467,Diesel,Automatic,First,12.8,167.6,23842.636,Q5 2008-2012 2.0 TDI,AUDI
2013,56683,Diesel,Automatic,Second,17.05,184.0,12553.65,X1 SDRIVE 20D SPORTLINE,BMW
2013,38000,Petrol,Manual,First,15.6,70.0,3301.1449999999995,FIGO PETROL ZXI,FORD
2018,35000,Diesel,Manual,First,22.7,126.2,13948.5,ELANTRA CRDI SX,HYUNDAI
2007,80000,Petrol,Manual,Second,13.9,103.2,1813.3049999999998,VERNA 1.6 I ABS,HYUNDAI
2006,125000,Petrol,Manual,Second,13.5,130.0,2138.77,CIVIC 2006-2010 1.8 S MT,HONDA
2013,123000,Diesel,Manual,Second,12.55,168.5,13948.5,FORTUNER 4X4 MT,TOYOTA
2012,70000,Petrol,Manual,First,20.36,78.9,2929.185,I10 SPORTZ,HYUNDAI
2012,87982,Diesel,Manual,First,21.64,84.8,4649.5,SUNNY 2011-2014 DIESEL XL,NISSAN
2013,40714,Diesel,Automatic,Second,18.12,190.0,23015.024999999998,5 SERIES 2013-2017 520D LUXURY LINE,BMW
2008,83000,Diesel,Manual,Second,16.52,123.7,2417.7400000000002,OPTRA MAGNUM 2.0 LT,CHEVROLET
2011,86000,Petrol,Manual,First,20.36,78.9,3487.125,I10 ASTA,HYUNDAI
2009,60002,Diesel,Manual,Second,17.5,106.0,4510.014999999999,LAURA AMBIENTE,SKODA
2013,60000,Diesel,Automatic,First,10.0,170.0,25107.3,E-CLASS 2009-2013 E 220 CDI AVANTGARDE,MERCEDES-BENZ
2014,84677,Diesel,Manual,First,25.8,98.6,2789.7,AMAZE SX I-DTEC,HONDA
2017,23000,Diesel,Automatic,First,20.68,190.0,26734.625,X1 XDRIVE 20D XLINE,BMW
2016,81424,Diesel,Manual,First,12.99,100.6,13474.251,INNOVA 2.5 G (DIESEL) 8 SEATER,TOYOTA
2013,36400,Diesel,Automatic,First,7.5,394.3,66952.8,PANAMERA 2010 2013 DIESEL,PORSCHE
2012,70000,Diesel,Manual,Second,22.71,84.8,3719.6,SUNNY XV D,NISSAN
2015,40000,Diesel,Manual,Second,26.59,74.0,4184.55,SWIFT DZIRE LDI,MARUTI
2019,600,Petrol,Automatic,First,21.5,81.8,5811.875,WAGON R ZXI AMT 1.2,MARUTI
2015,65320,Diesel,Automatic,Second,16.96,138.03,10693.85,JETTA 2013-2015 2.0L TDI HIGHLINE AT,VOLKSWAGEN
2009,79000,Petrol,Manual,Third,9.8,180.0,2882.69,ACCORD 2.4 INSPIRE M/T,HONDA
2018,5000,Petrol,Manual,First,17.8,117.3,9401.288999999999,CITY I VTEC V,HONDA
2019,6028,Petrol,Manual,First,17.01,121.3,10731.045999999998,VERNA 1.6 SX VTVT,HYUNDAI
2006,86000,Petrol,Manual,Second,18.9,67.1,929.9,WAGON R LX BSII,MARUTI
2013,160000,Diesel,Manual,Second,23.4,74.0,2324.75,SWIFT DZIRE TOUR LDI,MARUTI
2011,59967,Petrol,Automatic,First,9.74,208.0,16738.2,Q5 2008-2012 2.0 TFSI QUATTRO,AUDI
2018,43127,Diesel,Manual,First,23.59,67.04,6369.815,ETIOS CROSS 1.4 GD,TOYOTA
2012,65727,Petrol,Manual,First,19.81,68.05,2761.8030000000003,I10 ERA 1.1 ITECH SE,HYUNDAI
2013,70000,Petrol,Manual,First,17.01,121.3,4417.025,VERNA 1.6 VTVT,HYUNDAI
2018,39861,Diesel,Manual,First,20.14,88.8,6862.661999999999,POLO 1.5 TDI HIGHLINE,VOLKSWAGEN
2017,16485,Diesel,Automatic,First,22.48,187.74,39753.225,5 SERIES 520D SPORT LINE,BMW
2010,77332,Diesel,Manual,Second,23.0,90.0,3394.1349999999998,I20 1.4 ASTA OPTIONAL WITH SUNROOF,HYUNDAI
2017,17489,Petrol,Automatic,First,18.9,82.0,5570.101,GRAND I10 ASTA OPTION AT,HYUNDAI
2012,125000,Diesel,Automatic,First,11.5,169.0,12553.65,FORTUNER 4X2 4 SPEED AT,TOYOTA
2016,35129,Petrol,Automatic,First,21.4,83.1,6509.3,BALENO ZETA AUTOMATIC,MARUTI
2016,22982,Petrol,Automatic,First,13.0,121.3,10182.404999999999,CRETA 1.6 SX PLUS PETROL AUTOMATIC,HYUNDAI
2013,54500,Petrol,Manual,Third,20.36,78.9,2743.205,I10 SPORTZ,HYUNDAI
2017,16235,Diesel,Manual,First,24.7,69.0,5114.45,TIGOR XE DIESEL,TATA
2017,73641,Petrol,Automatic,First,14.67,177.46,15882.691999999997,SUPERB STYLE 1.8 TSI AT,SKODA
2015,59572,Diesel,Manual,First,26.59,74.0,6369.815,SWIFT DZIRE VDI,MARUTI
2014,112827,Petrol,Automatic,First,13.1,141.1,9763.949999999999,CR-V 2.0 AT,HONDA
2010,118000,Diesel,Manual,First,12.8,102.0,8136.625,INNOVA 2.5 G (DIESEL) 8 SEATER BS IV,TOYOTA
2010,60000,Petrol,Manual,First,17.0,118.0,2510.73,CITY 1.5 V MT,HONDA
2012,75059,Petrol,Automatic,First,17.0,121.3,3952.075,VERNA VTVT 1.6 AT SX PLUS,HYUNDAI
2018,3000,Diesel,Manual,First,23.59,67.04,7346.21,ETIOS 1.4 VXD,TOYOTA
2011,78000,Petrol,Automatic,Second,13.7,157.75,4184.55,SUPERB ELEGANCE 1.8 TSI AT,SKODA
2012,47000,Diesel,Manual,First,21.64,84.8,3719.6,SUNNY 2011-2014 DIESEL XV,NISSAN
2012,42000,Petrol,Manual,First,17.0,118.0,4417.025,CITY 1.5 V MT EXCLUSIVE,HONDA
2018,6820,Diesel,Manual,First,22.54,88.76,7113.735000000001,ELITE I20 DIESEL ASTA OPTION,HYUNDAI
2013,55176,Petrol,Manual,Second,17.4,104.0,3226.753,OPTRA 1.6 LT ROYALE,CHEVROLET
2016,39854,Petrol,Manual,First,18.0,86.7,5244.6359999999995,AMAZE S I-VTECH,HONDA
2013,24000,Petrol,Manual,First,16.47,73.9,2743.205,POLO PETROL COMFORTLINE 1.2L,VOLKSWAGEN
2016,55000,Diesel,Manual,First,22.9,74.0,5253.935,SWIFT VDI,MARUTI
2012,45840,Diesel,Automatic,First,11.4,153.86,7820.459,ENDEAVOUR 3.0L 4X4 AT,FORD
2006,155000,Petrol,Manual,Third,15.4,94.0,790.415,BALENO LXI,MARUTI
2003,125000,Petrol,Manual,Second,18.9,67.1,743.9200000000001,WAGON R LX,MARUTI
2014,52951,Diesel,Manual,First,20.14,88.0,5253.935,POLO 1.5 TDI HIGHLINE,VOLKSWAGEN
2013,49000,Petrol,Manual,First,17.1,121.3,4184.55,VERNA 1.6 SX VTVT (O),HYUNDAI
2015,52000,Diesel,Manual,First,28.09,88.5,6416.31,CIAZ ZDI PLUS SHVS,MARUTI
2001,227000,Diesel,Manual,Fourth & Above,0.0,97.7,2045.7800000000002,QUALIS FLEET A3,TOYOTA
2013,120005,Diesel,Manual,First,21.64,84.8,3719.6,SUNNY 2011-2014 DIESEL XL,NISSAN
2015,33000,Petrol,Manual,First,15.0,103.52,5207.44,RAPID 1.6 MPI AMBITION WITH ALLOY WHEEL,SKODA
2016,126000,Petrol,Manual,First,15.1,73.0,2045.7800000000002,EECO 7 SEATER STANDARD,MARUTI
2013,66700,Petrol,Manual,First,15.0,103.5,3719.6,RAPID ULTIMA 1.6 MPI AMBITION PLUS,SKODA
2014,122000,Diesel,Manual,Second,12.55,168.5,14878.4,FORTUNER 4X4 MT,TOYOTA
2016,29000,Diesel,Manual,First,19.67,126.2,11716.74,CRETA 1.6 CRDI SX,HYUNDAI
2014,42315,Petrol,Manual,First,18.5,82.9,4454.221,I20 MAGNA OPTIONAL 1.2,HYUNDAI
2015,22001,CNG,Manual,First,26.6,58.16,3394.1349999999998,WAGON R LXI CNG,MARUTI
2016,84580,Diesel,Manual,First,26.0,98.6,6351.217,CITY I DTEC V,HONDA
2002,75000,Petrol,Manual,First,16.1,37.0,474.249,800 STD,MARUTI
2006,85000,Petrol,Manual,Second,13.8,70.0,641.631,IKON 1.3 FLAIR,FORD
2015,24296,Petrol,Manual,First,20.85,83.14,4324.035,SWIFT DZIRE LXI,MARUTI
2014,40000,Petrol,Manual,First,16.8,116.3,6035.051,CITY 1.5 V MT SUNROOF,HONDA
2009,64514,Diesel,Manual,First,16.8,110.0,2696.71,VERNA CRDI,HYUNDAI
2016,35000,Petrol,Manual,First,17.01,121.3,6881.26,VERNA 1.6 SX VTVT,HYUNDAI
2016,41000,Petrol,Manual,Second,25.17,53.3,3022.1749999999997,KWID RXT,RENAULT
2008,60123,Petrol,Manual,Second,18.9,67.1,1813.3049999999998,WAGON R LXI,MARUTI
2015,53000,Petrol,Manual,Second,18.9,82.0,3719.6,GRAND I10 SPORTZ,HYUNDAI
2017,9000,Petrol,Manual,First,18.6,81.83,6369.815,I20 1.2 ASTA,HYUNDAI
2015,53497,Petrol,Manual,First,18.0,86.7,5067.955,AMAZE S I-VTECH,HONDA
2007,68000,Diesel,Manual,First,17.8,68.0,1850.501,FIESTA 1.4 DURATORQ ZXI,FORD
2014,65000,Diesel,Automatic,First,19.08,126.32,8359.801,VERNA SX CRDI AT,HYUNDAI
2014,45155,Diesel,Manual,First,23.59,67.04,6044.349999999999,ETIOS VD SP,TOYOTA
2018,20026,Petrol,Automatic,First,19.0,88.7,8620.172999999999,JAZZ 1.2 V CVT I VTEC,HONDA
2015,60000,Diesel,Manual,First,23.9,126.2,6500.001,VERNA 1.6 CRDI SX,HYUNDAI
2019,15976,Diesel,Automatic,First,17.9,136.0,34183.123999999996,CLA 200 D SPORT EDITION,MERCEDES-BENZ
2017,30523,Petrol,Automatic,First,14.7,177.5,15882.691999999997,OCTAVIA ELEGANCE 1.8 TSI AT,SKODA
2013,26300,Diesel,Manual,First,25.44,57.6,2603.72,BEAT DIESEL LS,CHEVROLET
2011,66000,Diesel,Manual,First,22.07,73.9,2315.451,POLO DIESEL TRENDLINE 1.2L,VOLKSWAGEN
2016,70000,Diesel,Manual,First,23.65,88.5,8229.615,SX4 S CROSS DDIS 200 ZETA,MARUTI
2011,46000,Petrol,Manual,First,16.8,116.3,3859.085,CITY V MT,HONDA
2017,28000,Diesel,Manual,First,20.64,108.5,9299.0,VENTO 1.5 TDI HIGHLINE,VOLKSWAGEN
2017,46000,Petrol,Manual,First,18.9,81.86,4417.025,GRAND I10 1.2 KAPPA MAGNA,HYUNDAI
2017,33000,Petrol,Automatic,First,24.04,67.0,2975.6800000000003,KWID AMT RXL,RENAULT
2017,27718,Petrol,Manual,First,22.74,47.3,3050.0719999999997,ALTO 800 LXI,MARUTI
2013,58000,Petrol,Manual,First,15.8,110.0,6974.25,ECOSPORT 1.5 TI VCT MT TITANIUM,FORD
2018,33150,Petrol,Manual,First,21.4,83.1,6871.960999999999,BALENO ZETA,MARUTI
2013,77000,Diesel,Manual,First,23.2,73.94,3394.1349999999998,RITZ VDI,MARUTI
2007,70000,Diesel,Automatic,First,11.0,198.5,10228.9,E-CLASS 280 CDI,MERCEDES-BENZ
2012,97000,Diesel,Manual,First,23.2,73.94,2789.7,RITZ VDI,MARUTI
2012,75300,Diesel,Manual,Second,25.44,57.6,2092.275,BEAT DIESEL LT,CHEVROLET
2010,69918,Petrol,Manual,First,15.5,103.3,2631.617,SX4 VXI BSIV,MARUTI
2019,4721,Petrol,Manual,First,14.0,35.0,3821.889,OMNI 5 SEATER BSIV,MARUTI
2014,39163,Diesel,Manual,First,13.5,178.0,13669.529999999999,PAJERO SPORT ANNIVERSARY EDITION,MITSUBISHI
2013,80000,Petrol,Automatic,First,13.0,210.0,23247.5,S CLASS 2005 2013 S 300 L,MERCEDES-BENZ
2015,66000,Diesel,Manual,First,25.44,56.3,2185.265,BEAT DIESEL LS,CHEVROLET
2017,36154,Diesel,Manual,Second,25.83,99.0,5960.659,FIGO 2015-2019 1.5D TITANIUM MT,FORD
2012,34000,Petrol,Manual,First,17.4,117.3,5346.925,CITY I-VTEC VX,HONDA
2016,60000,Diesel,Automatic,Second,17.9,136.0,16319.745,GLA CLASS 200 CDI SPORT,MERCEDES-BENZ
2015,32000,Diesel,Manual,First,21.38,88.7,9531.475,CRETA 1.4 CRDI S PLUS,HYUNDAI
2012,79985,Diesel,Manual,First,17.8,67.0,2938.484,FIESTA CLASSIC 1.4 DURATORQ CLXI,FORD
2014,37600,Diesel,Automatic,Second,16.55,147.51,20922.75,A4 2.0 TDI,AUDI
2015,31965,Petrol,Manual,First,19.81,68.05,3301.1449999999995,I10 MAGNA 1.1,HYUNDAI
2010,70749,Petrol,Automatic,First,12.05,154.0,9168.813999999998,3 SERIES 320I SEDAN,BMW
2013,38000,Diesel,Automatic,First,16.46,258.0,41845.5,7 SERIES 730LD,BMW
2017,41534,Petrol,Manual,First,17.01,121.3,7429.901,VERNA 1.6 SX VTVT,HYUNDAI
2017,54455,Diesel,Automatic,First,22.0,108.495,6044.349999999999,AMEO 1.5 TDI COMFORTLINE AT,VOLKSWAGEN
2007,42000,Petrol,Manual,First,14.49,92.7,697.425,AVEO 1.4 LS,CHEVROLET
2018,52073,Diesel,Manual,Second,18.3,147.9,9178.113,CRUZE LTZ,CHEVROLET
2018,40175,Diesel,Manual,Second,22.54,88.73,5914.164,I20 1.4 SPORTZ,HYUNDAI
2017,16503,Petrol,Automatic,First,16.0,117.3,8834.05,BRV I-VTEC V CVT,HONDA
2017,15029,Petrol,Manual,First,19.1,82.0,5625.8949999999995,XCENT 1.2 KAPPA SX,HYUNDAI
2013,26200,CNG,Manual,First,30.46,47.3,1999.2849999999999,ALTO 800 CNG LXI,MARUTI
2015,76362,Diesel,Manual,First,24.0,70.0,5114.45,GRAND I10 CRDI SPORTZ,HYUNDAI
2007,18700,Petrol,Manual,Second,19.7,46.3,1162.375,ALTO LXI,MARUTI
2015,67585,Diesel,Manual,First,12.99,100.6,11149.501,INNOVA 2.5 VX (DIESEL) 7 SEATER,TOYOTA
2010,57000,Petrol,Automatic,Second,16.95,78.9,2324.75,I10 SPORTZ 1.2 AT,HYUNDAI
2019,22321,Petrol,Automatic,First,18.0,117.3,10842.634,CITY I-VTEC CVT V,HONDA
1998,95150,Petrol,Manual,Third,17.3,60.0,492.84700000000004,ZEN LX,MARUTI
2015,36428,Petrol,Manual,First,20.51,67.04,2882.69,WAGON R LXI BS IV,MARUTI
2012,73500,Diesel,Manual,Second,20.0,68.0,2417.7400000000002,FIGO DIESEL TITANIUM,FORD
2015,47234,Petrol,Manual,First,18.0,86.7,4733.191,AMAZE S I-VTECH,HONDA
2008,62364,Petrol,Manual,First,13.2,94.0,2138.77,ACCENT GLE,HYUNDAI
2012,89000,Diesel,Manual,First,22.32,126.32,5579.4,VERNA 1.6 SX CRDI (O),HYUNDAI
2013,58653,Diesel,Manual,First,25.2,74.0,4091.5600000000004,SWIFT ZDI,MARUTI
2013,30000,Petrol,Automatic,Second,14.8,120.7,10228.9,B CLASS B180,MERCEDES-BENZ
2014,64042,Diesel,Manual,First,17.3,163.7,5300.43,CRUZE LTZ,CHEVROLET
2013,120000,Diesel,Automatic,First,20.0,138.1,6462.805,LAURA AMBIENTE 2.0 TDI CR AT,SKODA
2014,90000,Diesel,Manual,First,12.05,120.0,7346.21,SCORPIO VLX 2WD BSIV,MAHINDRA
2018,30733,Diesel,Automatic,First,20.68,190.0,27246.07,X1 XDRIVE 20D XLINE,BMW
2009,43600,Petrol,Automatic,First,10.93,272.0,9522.176,E-CLASS 2009-2013 E350 PETROL,MERCEDES-BENZ
2010,71473,Petrol,Automatic,Second,13.7,157.75,4974.964999999999,SUPERB ELEGANCE 1.8 TSI AT,SKODA
2014,39000,Petrol,Automatic,Second,16.5,86.8,3245.351,BRIO VX AT,HONDA
2009,84045,Petrol,Manual,First,20.36,78.9,2650.215,I10 MAGNA 1.2,HYUNDAI
2014,57004,Petrol,Manual,First,17.4,117.3,4974.964999999999,CITY I VTEC SV,HONDA
2012,75464,Petrol,Manual,First,15.6,70.0,3366.238,FIGO PETROL ZXI,FORD
2006,142000,Diesel,Manual,First,12.8,102.0,5811.875,INNOVA 2.5 G4 DIESEL 7-SEATER,TOYOTA
2012,118683,Diesel,Manual,Second,21.0,64.1,2966.381,VERITO 1.5 D6 BSIV,MAHINDRA
2018,42000,Petrol,Manual,First,18.15,82.0,5114.45,KUV 100 G80 K8 DUAL TONE,MAHINDRA
2019,12800,Petrol,Manual,First,18.6,81.83,7132.333,I20 SPORTZ OPTION 1.2,HYUNDAI
2011,80000,Petrol,Manual,First,12.0,127.0,5114.45,NEW SAFARI EX 4X2,TATA
2014,76126,Diesel,Manual,First,19.3,73.9,6137.339999999999,SWIFT DZIRE VDI,MARUTI
2017,21000,Diesel,Automatic,Second,15.97,258.0,51144.5,X5 XDRIVE 30D M SPORT,BMW
2013,85000,Diesel,Automatic,First,17.68,174.33,19527.899999999998,A6 2011-2015 2.0 TDI PREMIUM PLUS,AUDI
2017,27000,Petrol,Manual,First,21.4,83.1,4184.55,BALENO DELTA 1.2,MARUTI
2016,45794,Diesel,Automatic,First,13.01,194.3,19221.033,SANTA FE 4WD AT,HYUNDAI
2013,57352,Diesel,Automatic,First,14.39,163.7,6044.349999999999,CRUZE LTZ AT,CHEVROLET
2018,41467,Diesel,Automatic,First,15.0,204.0,35317.602,E-CLASS 2015-2017 E250 EDITION E,MERCEDES-BENZ
2009,42000,Petrol,Manual,First,17.92,62.1,1348.355,SANTRO XING GLS,HYUNDAI
2014,62549,CNG,Manual,First,26.6,58.16,2743.205,WAGON R LXI CNG,MARUTI
2015,67048,Diesel,Manual,First,28.09,88.5,7346.21,CIAZ VDI PLUS SHVS,MARUTI
2018,11732,Petrol,Manual,First,17.4,117.3,9364.093,CITY I-VTEC V,HONDA
2016,37000,Diesel,Manual,First,20.45,83.8,6044.349999999999,TERRANO XL PLUS ICC WT20 SE,NISSAN
2015,30000,Diesel,Automatic,First,18.88,184.0,20457.8,3 SERIES 320D PRESTIGE,BMW
2016,53000,Diesel,Manual,First,26.0,98.6,9066.525,CITY I DTEC V,HONDA
2014,60000,Diesel,Manual,First,20.45,83.8,5579.4,TERRANO XL PLUS 85 PS,NISSAN
2014,65000,Diesel,Manual,First,24.0,70.0,3710.301,GRAND I10 CRDI SPORTZ,HYUNDAI
2008,51000,Petrol,Manual,First,17.0,97.7,1627.325,SANTRO XING XL ERLX EURO III,HYUNDAI
2015,92000,Diesel,Automatic,First,12.55,168.5,18365.524999999998,FORTUNER 4X2 AT,TOYOTA
2017,31000,Diesel,Manual,First,13.68,147.8,15761.804999999998,INNOVA CRYSTA 2.4 VX MT,TOYOTA
2017,43917,Petrol,Manual,First,21.4,83.1,6323.32,BALENO ZETA 1.2,MARUTI
2007,46707,Petrol,Manual,First,17.0,97.7,920.601,SANTRO XING XL ERLX EURO III,HYUNDAI
2013,84000,Petrol,Manual,First,19.81,68.05,2743.205,I10 SPORTZ 1.1L,HYUNDAI
2015,55662,Diesel,Automatic,First,12.07,241.4,39827.617,Q7 3.0 TDI QUATTRO PREMIUM PLUS,AUDI
2014,51000,Diesel,Automatic,First,27.03,190.0,19992.85,S60 D4 MOMENTUM,VOLVO
2015,24398,Petrol,Manual,First,17.8,117.3,7346.21,CITY I VTEC V,HONDA
2011,78000,Petrol,Manual,Second,20.92,67.1,2138.77,ALTO K10 2010-2014 VXI,MARUTI
2012,40315,Petrol,Manual,First,18.5,86.8,2557.225,BRIO 1.2 S OPTION MT,HONDA
2011,83000,Diesel,Manual,First,12.05,120.0,6239.629,SCORPIO VLX 2WD AIRBAG BSIV,MAHINDRA
2017,58151,Diesel,Automatic,First,19.6,108.45,8927.039999999999,DUSTER 110PS DIESEL RXL AMT,RENAULT
2017,30519,Diesel,Manual,First,19.67,126.2,11912.019,CRETA 1.6 CRDI SX,HYUNDAI
2019,20712,Petrol,Manual,First,23.84,84.0,6453.506,TIAGO 1.2 REVOTRON XZ,TATA
2015,48000,Diesel,Manual,First,16.0,140.0,8787.554999999998,XUV500 W6 2WD,MAHINDRA
2015,85000,Diesel,Manual,First,20.34,103.2,5579.4,VENTO 1.5 TDI HIGHLINE,VOLKSWAGEN
2013,32000,Petrol,Automatic,First,14.8,120.7,10228.9,B CLASS B180,MERCEDES-BENZ
2011,52000,Petrol,Manual,First,15.5,103.3,2417.7400000000002,SX4 VXI BSIV,MARUTI
2007,58307,Petrol,Manual,First,15.3,83.0,1813.3049999999998,GETZ GLE,HYUNDAI
2013,30000,Diesel,Automatic,First,17.54,313.0,41845.5,6 SERIES GRAN COUPE,BMW
2014,40000,Diesel,Automatic,First,17.11,174.33,20457.8,A4 2.0 TDI 177 BHP PREMIUM PLUS,AUDI
2015,36000,Petrol,Manual,First,18.6,81.83,4556.51,I20 ASTA OPTION 1.2,HYUNDAI
2015,58817,Diesel,Manual,First,19.87,83.14,5811.875,TERRANO XL D OPTION,NISSAN
2013,55000,Diesel,Manual,Second,20.54,103.6,5672.389999999999,VENTO KONEKT DIESEL HIGHLINE,VOLKSWAGEN
2011,39000,Petrol,Manual,First,20.36,78.9,2417.7400000000002,I10 SPORTZ,HYUNDAI
2011,6500,Petrol,Automatic,Third,6.4,560.0,111588.0,GALLARDO COUPE,LAMBORGHINI
2012,35000,Diesel,Automatic,First,14.74,270.9,26967.1,XF 3.0 LITRE S PREMIUM LUXURY,JAGUAR
2010,49900,Petrol,Manual,Second,17.5,85.8,3068.6699999999996,SWIFT DZIRE VXI,MARUTI
2013,99500,Diesel,Manual,Second,22.3,74.0,2836.1949999999997,INDICA VISTA QUADRAJET VX,TATA
2012,33249,Diesel,Manual,First,21.27,88.76,3022.1749999999997,I20 ASTA 1.4 CRDI,HYUNDAI
2014,52000,Petrol,Manual,First,19.1,81.86,3487.125,XCENT 1.2 KAPPA S OPTION,HYUNDAI
2015,45000,Diesel,Manual,First,12.99,100.6,12321.175,INNOVA 2.5 VX (DIESEL) 7 SEATER,TOYOTA
2017,22000,Petrol,Manual,First,23.84,84.0,4463.5199999999995,TIAGO 1.2 REVOTRON XZ,TATA
2019,7858,Petrol,Manual,First,25.17,53.3,3533.62,KWID RXL,RENAULT
2011,112000,Diesel,Manual,First,12.8,102.0,7904.15,INNOVA 2.5 V DIESEL 7-SEATER,TOYOTA
2016,41082,Diesel,Automatic,First,13.0,204.0,36042.924,E-CLASS 2015-2017 E250 CDI AVANTGARDE,MERCEDES-BENZ
2009,72000,Petrol,Automatic,First,16.8,116.4,2975.6800000000003,CITY 1.5 S AT,HONDA
2011,84912,Petrol,Manual,First,20.36,78.9,3254.65,I10 SPORTZ 1.2,HYUNDAI
2015,70000,Diesel,Manual,First,19.67,126.2,11391.275,CRETA 1.6 CRDI SX OPTION,HYUNDAI
2014,21000,Petrol,Manual,First,19.5,86.76,4417.025,AMAZE VX PETROL,HONDA
2016,27000,Petrol,Manual,First,18.78,74.0,4184.55,POLO 1.2 MPI TRENDLINE,VOLKSWAGEN
2012,29000,Petrol,Manual,First,20.36,78.9,2185.265,I10 MAGNA 1.2,HYUNDAI
2014,48425,Diesel,Manual,First,23.08,63.12,3161.66,PULSE RXL,RENAULT
2016,19000,Diesel,Automatic,First,21.5,108.5,9299.0,VENTO 1.5 TDI HIGHLINE AT,VOLKSWAGEN
2012,210000,Diesel,Manual,First,12.99,100.0,8369.1,INNOVA 2.5 VX (DIESEL) 7 SEATER BS IV,TOYOTA
2013,64000,Petrol,Manual,Second,14.53,138.1,4835.4800000000005,COROLLA ALTIS G,TOYOTA
2006,200000,Diesel,Manual,Second,16.8,110.0,1720.315,VERNA CRDI,HYUNDAI
2013,100000,Diesel,Automatic,Second,11.3,254.8,35336.2,GL-CLASS 350 CDI BLUE EFFICIENCY,MERCEDES-BENZ
2013,69140,Diesel,Manual,First,20.46,83.8,4751.789,DUSTER 85PS DIESEL RXL OPTIONAL,RENAULT
2019,21214,Petrol,Manual,First,15.41,103.52,8982.834,RAPID 1.6 MPI AMBITION,SKODA
2015,28000,Petrol,Manual,First,20.36,78.9,3161.66,I10 SPORTZ 1.2,HYUNDAI
2017,29085,Petrol,Manual,First,18.15,82.0,5430.616,KUV 100 MFALCON G80 K8,MAHINDRA
2016,30000,Petrol,Automatic,First,23.1,67.04,3533.62,CELERIO VXI AMT,MARUTI
2012,32910,Petrol,Automatic,First,16.98,66.1,2324.75,A-STAR AT VXI,MARUTI
2015,30000,Diesel,Manual,First,25.1,98.6,6462.805,CITY I DTEC VX,HONDA
2010,35102,Petrol,Automatic,First,12.6,161.6,5114.45,SUPERB 1.8 TSI,SKODA
2017,22831,Petrol,Manual,First,18.9,82.0,5756.081,GRAND I10 SPORTZ,HYUNDAI
2013,74911,Diesel,Manual,First,20.45,83.8,5579.4,DUSTER 85PS DIESEL RXL,RENAULT
2015,21000,Petrol,Manual,First,18.9,82.0,3487.125,GRAND I10 MAGNA,HYUNDAI
2018,37160,Diesel,Manual,First,22.77,98.59,8796.854000000001,ECOSPORT 1.5 TDCI TITANIUM,FORD
2011,41000,Petrol,Manual,Second,16.95,97.7,2789.7,SUNNY 2011-2014 XL,NISSAN
2016,37294,Diesel,Manual,First,25.83,99.0,5346.925,FIGO ASPIRE 1.5 TDCI TITANIUM,FORD
2009,56927,Petrol,Manual,First,13.5,130.0,4100.859,CIVIC 2006-2010 1.8 V MT,HONDA
2017,21954,Petrol,Manual,First,25.17,53.3,3440.63,KWID RXT OPTIONAL,RENAULT
2014,50000,Petrol,Manual,Second,19.4,86.8,2324.75,BRIO EX MT,HONDA
2012,78212,Petrol,Manual,First,16.1,88.2,4974.964999999999,SWIFT ZXI ABS,MARUTI
2013,64500,Diesel,Manual,First,21.9,88.8,3394.1349999999998,I20 MAGNA OPTIONAL 1.4 CRDI,HYUNDAI
2014,51000,Diesel,Automatic,First,17.2,138.03,12088.699999999999,SUPERB ELEGANCE 2.0 TDI CR AT,SKODA
2012,52000,Petrol,Manual,First,18.9,67.1,2278.255,WAGON R LXI BSII,MARUTI
2015,120000,Diesel,Automatic,First,21.21,103.2,5346.925,VENTO 1.5 TDI HIGHLINE AT,VOLKSWAGEN
2017,65792,Diesel,Manual,First,26.0,98.6,7541.489,CITY I DTEC S,HONDA
2018,30000,Diesel,Manual,First,22.54,88.73,7206.724999999999,I20 1.4 SPORTZ,HYUNDAI
2017,54387,Petrol,Automatic,First,19.15,75.94,5439.915,MICRA XV CVT,NISSAN
2018,1617,Petrol,Manual,First,25.17,53.3,3989.2709999999997,KWID RXT OPTIONAL,RENAULT
2015,82000,Diesel,Manual,First,25.6,98.6,7439.2,CITY I-DTEC SV,HONDA
2017,20000,Diesel,Manual,First,13.68,147.8,15343.35,INNOVA CRYSTA 2.4 G MT 8S,TOYOTA
2015,98000,Diesel,Manual,First,27.39,74.0,5114.45,BALENO ALPHA 1.3,MARUTI
2015,57000,Diesel,Manual,First,22.77,98.59,5904.865,ECOSPORT 1.5 TDCI TREND,FORD
2013,250000,Diesel,Manual,Second,12.99,100.6,7346.21,INNOVA 2.5 G (DIESEL) 8 SEATER,TOYOTA
2014,56549,Diesel,Manual,First,22.7,89.84,6695.28,ECOSPORT 1.5 DV5 MT AMBIENTE,FORD
2012,78500,Diesel,Manual,First,22.07,73.9,3394.1349999999998,POLO DIESEL COMFORTLINE 1.2L,VOLKSWAGEN
2016,55036,Diesel,Manual,First,22.54,88.73,5904.865,I20 SPORTZ 1.4 CRDI,HYUNDAI
2016,55000,Diesel,Manual,First,19.87,83.8,7253.219999999999,DUSTER 85PS DIESEL RXL EXPLORE,RENAULT
2007,90000,Petrol,Manual,Second,13.8,70.0,1301.86,IKON 1.3 FLAIR,FORD
2007,155000,Diesel,Manual,First,13.1,141.0,5114.45,ENDEAVOUR XLT TDCI 4X2,FORD
2018,17810,Diesel,Manual,First,27.39,74.0,7904.15,BALENO DELTA 1.3,MARUTI
2011,42408,Diesel,Automatic,First,14.84,170.0,9745.352,NEW C-CLASS C 220 CDI ELEGANCE AT,MERCEDES-BENZ
2005,81000,Petrol,Manual,Second,15.9,85.0,697.425,ESTEEM VXI - BSIII,MARUTI
2008,52000,Petrol,Manual,Second,12.85,99.6,1208.8700000000001,INDIGO XL GRAND PETROL,TATA
2013,35000,Diesel,Automatic,First,16.73,218.0,19527.899999999998,5 SERIES 525D SEDAN,BMW
2013,60000,Petrol,Manual,First,17.92,62.1,2138.77,SANTRO XING GL PLUS,HYUNDAI
2015,27000,Diesel,Automatic,First,19.5,141.0,13902.005,OCTAVIA 2.0 TDI AT STYLE PLUS,SKODA
2017,55975,Diesel,Automatic,Second,17.68,174.33,33402.008,A6 2011-2015 35 TDI TECHNOLOGY,AUDI
2016,115000,Diesel,Manual,First,25.83,99.0,4184.55,FIGO 1.5D TREND MT,FORD
2016,132000,Diesel,Manual,First,14.95,93.7,5114.45,XYLO D4 BS III,MAHINDRA
2015,40337,Petrol,Automatic,First,23.1,67.04,4138.055,CELERIO ZXI AT,MARUTI
2008,192000,Diesel,Manual,First,12.8,102.0,6369.815,INNOVA 2.5 G4 DIESEL 8-SEATER,TOYOTA
2016,50000,Diesel,Manual,First,24.0,70.0,5114.45,GRAND I10 CRDI ASTA,HYUNDAI
2016,28147,Petrol,Manual,First,18.9,81.86,4714.593,GRAND I10 1.2 KAPPA SPORTZ,HYUNDAI
2015,20000,Petrol,Manual,First,18.9,82.0,3580.115,GRAND I10 SPORTZ,HYUNDAI
2016,11000,Petrol,Manual,First,18.6,81.86,7392.705,ELITE I20 PETROL ASTA,HYUNDAI
2009,63000,Petrol,Manual,Second,18.2,67.1,1162.375,ZEN ESTILO LXI BSIII,MARUTI
2014,36967,Petrol,Manual,First,20.92,67.1,3384.8360000000002,ALTO K10 2010-2014 VXI,MARUTI
2016,73053,Diesel,Manual,First,13.0,168.5,18598.0,FORTUNER 4X2 MANUAL,TOYOTA
2019,16392,Diesel,Manual,First,16.55,105.0,9633.764,THAR CRDE AC,MAHINDRA
2007,79000,Petrol,Manual,First,17.0,97.7,1720.315,SANTRO XING XO,HYUNDAI
2013,67000,Petrol,Manual,Second,16.78,88.73,3766.095,ETIOS G,TOYOTA
2015,48600,Diesel,Automatic,First,12.0,224.0,45100.15,GL-CLASS 2007 2012 350 CDI LUXURY,MERCEDES-BENZ
2014,70000,Diesel,Manual,First,19.6,108.45,7671.675,DUSTER 110PS DIESEL RXZ,RENAULT
2014,84000,Diesel,Manual,First,22.9,74.0,4881.974999999999,SWIFT VDI,MARUTI
2013,49106,Petrol,Manual,First,15.04,103.2,4091.5600000000004,VENTO MAGNIFIC 1.6 COMFORTLINE,VOLKSWAGEN
2017,35000,Diesel,Automatic,First,18.19,174.5,23944.925,SUPERB L&K 2.0 TDI AT,SKODA
2014,51240,Diesel,Automatic,First,8.2,245.0,27450.647999999997,3 SERIES 330D CONVERTIBLE,BMW
2011,37000,Petrol,Manual,Second,18.9,67.1,1952.79,WAGON R VXI BS IV,MARUTI
2017,32587,Petrol,Manual,First,25.17,53.3,3449.929,KWID RXT,RENAULT
2009,180000,Diesel,Manual,First,10.9,143.0,6974.25,ENDEAVOUR 4X2 XLT LIMITED EDITION,FORD
2017,21248,Diesel,Manual,First,24.3,88.5,8778.256,VITARA BREZZA ZDI PLUS DUAL TONE,MARUTI
2006,47200,Petrol,Manual,Second,17.0,97.7,1115.8799999999999,SANTRO XING XO ERLX EURO II,HYUNDAI
2014,40000,Petrol,Automatic,First,10.5,157.7,22317.6,E-CLASS 200 KOMPRESSOR ELEGANCE,MERCEDES-BENZ
2019,4000,Diesel,Automatic,First,0.0,194.0,32546.5,C-CLASS PROGRESSIVE C 220D,MERCEDES-BENZ
2017,23700,CNG,Manual,First,17.5,80.46,7671.675,ERTIGA VXI CNG,MARUTI
2011,57000,Diesel,Automatic,Second,16.55,147.51,9066.525,A4 2.0 TDI CELEBRATION EDITION,AUDI
2014,37000,Petrol,Manual,First,18.9,82.0,3208.155,GRAND I10 ASTA,HYUNDAI
2014,70000,Diesel,Manual,Second,13.5,175.56,11019.314999999999,PAJERO SPORT 4X4,MITSUBISHI
2012,92469,Diesel,Automatic,Second,19.71,201.15,15008.586,NEW C-CLASS C 250 CDI AVANTGARDE,MERCEDES-BENZ
2015,55000,CNG,Manual,First,26.6,58.16,3440.63,WAGON R LXI CNG,MARUTI
2017,20000,Petrol,Automatic,First,24.07,67.1,3719.6,ALTO K10 VXI AGS,MARUTI
2015,42000,Petrol,Manual,Second,18.6,81.83,5393.42,I20 SPORTZ 1.2,HYUNDAI
2014,28000,Diesel,Manual,First,23.4,74.0,4324.035,SWIFT DZIRE VDI,MARUTI
2010,93000,Petrol,Automatic,Second,11.8,272.0,13948.5,R-CLASS R350 4MATIC LONG,MERCEDES-BENZ
2015,23000,Petrol,Automatic,First,15.63,110.4,6323.32,ECOSPORT 1.5 TI VCT AT TITANIUM,FORD
2016,36000,Diesel,Manual,First,25.1,98.6,9531.475,CITY I DTEC VX OPTION,HONDA
2014,52000,Petrol,Manual,First,20.92,67.1,2510.73,ALTO K10 2010-2014 VXI,MARUTI
2015,59245,Diesel,Manual,First,20.77,88.8,7904.15,ERTIGA ZDI,MARUTI
2018,31000,Diesel,Manual,First,22.54,88.73,7206.724999999999,I20 DIESEL ASTA OPTION,HYUNDAI
2015,83000,Petrol,Manual,First,15.64,64.08,2510.73,INDIGO CS EGLX BS IV,TATA
2004,81500,Petrol,Manual,Second,19.7,46.3,1208.8700000000001,ALTO STD,MARUTI
2008,51000,Petrol,Manual,Second,19.5,97.7,1627.325,ESTILO LXI,MARUTI
2018,9900,Petrol,Manual,First,15.8,121.3,12274.679999999998,CRETA 1.6 SX,HYUNDAI
2004,94000,Petrol,Manual,Second,18.9,67.1,929.9,WAGON R LX,MARUTI
2017,27100,Petrol,Manual,First,16.78,88.73,5923.463,ETIOS V,TOYOTA
2015,12000,Petrol,Manual,First,16.78,88.73,4184.55,ETIOS V,TOYOTA
2013,29000,Diesel,Manual,First,19.01,108.45,6044.349999999999,DUSTER 110PS DIESEL RXZ OPTIONAL WITH NAV,RENAULT
2013,65000,Diesel,Manual,Second,19.3,73.9,4640.201,SWIFT DZIRE VDI BSIV,MARUTI
2017,50794,Diesel,Automatic,First,17.9,170.0,40264.67,GLC 220,MERCEDES-BENZ
2014,59000,Diesel,Manual,First,22.7,89.84,6044.349999999999,ECOSPORT 1.5 DV5 MT TITANIUM OPTIONAL,FORD
2012,72000,CNG,Manual,First,26.2,58.2,2092.275,WAGON R LXI CNG,MARUTI
2017,15234,Petrol,Automatic,First,19.12,91.1,9252.505,CIAZ 1.4 AT ALPHA,MARUTI
2015,44000,Diesel,Manual,First,22.7,89.84,6834.764999999999,ECOSPORT 1.5 DV5 MT TITANIUM,FORD
2016,125000,Diesel,Manual,First,22.95,74.0,4277.54,ZEST QUADRAJET 1.3 75PS XE,TATA
2011,100000,Diesel,Automatic,First,11.4,153.86,7904.15,ENDEAVOUR 3.0L 4X4 AT,FORD
2017,34686,Diesel,Automatic,First,19.6,108.45,11028.614,DUSTER 110PS DIESEL RXZ AMT,RENAULT
2011,98000,Diesel,Manual,First,14.42,147.6,7439.2,X-TRAIL SLX MT,NISSAN
2015,90000,Diesel,Automatic,First,12.55,168.5,19992.85,FORTUNER 4X4 AT,TOYOTA
2007,81000,Petrol,Manual,First,15.26,74.9,1208.8700000000001,AVEO U-VA 1.2 LS,CHEVROLET
2012,55000,Diesel,Manual,First,20.5,103.5,5486.41,RAPID 1.6 TDI AMBITION,SKODA
2013,52910,Diesel,Manual,Second,15.1,140.0,8834.05,XUV500 W8 4WD,MAHINDRA
2010,100000,Diesel,Manual,First,19.3,73.9,4184.55,SWIFT DZIRE ZDI,MARUTI
2003,132000,Diesel,Manual,First,18.7,66.0,2092.275,OCTAVIA ELEGANCE 1.9 TDI,SKODA
2014,18000,Petrol,Manual,First,13.7,98.82,3115.165,ENJOY PETROL LS 7 SEATER,CHEVROLET
2005,50000,Petrol,Manual,First,13.2,94.0,650.93,ACCENT GLE,HYUNDAI
2012,33000,Petrol,Automatic,First,14.74,184.0,14878.4,NEW C-CLASS C 200 CGI,MERCEDES-BENZ
2014,30000,Diesel,Manual,First,20.45,83.8,7439.2,DUSTER 85PS DIESEL RXE,RENAULT
2015,8000,Petrol,Automatic,First,12.5,488.1,92990.0,F TYPE 5.0 V8 S,JAGUAR
2012,58646,Diesel,Manual,First,22.32,126.32,4407.726,VERNA 1.6 SX,HYUNDAI
2016,21000,Diesel,Automatic,First,13.0,204.0,33476.4,E-CLASS 2015-2017 E250 CDI AVANTGARDE,MERCEDES-BENZ
2015,57026,Petrol,Manual,First,15.04,103.6,5151.646,VENTO PETROL HIGHLINE,VOLKSWAGEN
2017,42000,Diesel,Automatic,First,18.19,174.5,21378.400999999998,SUPERB STYLE 2.0 TDI AT,SKODA
2017,26741,Diesel,Manual,First,15.4,120.0,9373.392,SCORPIO 1.99 S4 PLUS,MAHINDRA
2010,85000,Petrol,Manual,First,17.5,97.7,2650.215,LAURA CLASSIC 1.8 TSI,SKODA
2000,78000,Petrol,Manual,First,16.1,37.0,511.44500000000005,800 DX BSII,MARUTI
2018,29091,Diesel,Automatic,First,13.22,241.4,42329.048,Q5 3.0 TDI QUATTRO TECHNOLOGY,AUDI
2018,37323,Diesel,Manual,Second,17.45,100.0,6778.971,NUVOSPORT N6,MAHINDRA
2011,55595,Diesel,Manual,Second,20.54,103.6,3998.5699999999997,VENTO DIESEL HIGHLINE,VOLKSWAGEN
2015,49900,Petrol,Manual,First,20.85,83.14,4463.5199999999995,SWIFT DZIRE VXI OPTIONAL,MARUTI
2012,52500,Petrol,Manual,Second,16.02,93.7,4881.974999999999,ERTIGA VXI,MARUTI
2016,5700,Petrol,Manual,First,24.7,47.3,2603.72,ALTO 800 2016-2019 LXI,MARUTI
2014,53340,Diesel,Manual,First,21.9,88.76,4045.0649999999996,I20 MAGNA 1.4 CRDI (DIESEL),HYUNDAI
2014,57000,Diesel,Manual,First,22.7,89.84,5105.151,ECOSPORT 1.5 DV5 MT TITANIUM,FORD
2015,59525,CNG,Manual,Second,32.26,58.2,2882.69,ALTO K10 LXI CNG,MARUTI
2014,58000,Diesel,Manual,First,20.34,103.2,6044.349999999999,VENTO 1.5 TDI HIGHLINE,VOLKSWAGEN
2011,73000,Diesel,Manual,First,12.05,120.0,5951.360000000001,SCORPIO VLX 2WD AIRBAG BSIII,MAHINDRA
2016,33554,Diesel,Manual,First,25.83,99.0,5783.978,FIGO ASPIRE 1.5 TDCI TITANIUM PLUS,FORD
2012,106000,Diesel,Manual,First,12.99,100.0,7811.16,INNOVA 2.5 G (DIESEL) 8 SEATER,TOYOTA
2018,27000,Diesel,Manual,First,28.4,73.75,5486.41,DZIRE LDI,MARUTI
2018,1000,Petrol,Manual,First,25.17,53.3,3161.66,KWID RXL,RENAULT
2011,119000,Diesel,Manual,Third,13.1,141.0,6044.349999999999,ENDEAVOUR 2.5L 4X2 MT,FORD
2002,75000,Diesel,Manual,First,0.0,97.7,1580.83,JEEP MM 540 DP,MAHINDRA
2015,64000,Petrol,Manual,First,18.88,123.24,5579.4,ECOSPORT 1.0 ECOBOOST TITANIUM PLUS,FORD
2016,63738,Diesel,Manual,First,19.67,126.2,11065.81,CRETA 1.6 CRDI SX,HYUNDAI
2016,16000,Diesel,Automatic,First,14.69,258.0,44635.2,5 SERIES 2013-2017 530D M SPORT,BMW
2017,28000,Petrol,Automatic,First,18.69,103.0,7439.2,ERTIGA VXI AT PETROL,MARUTI
2007,91000,Diesel,Automatic,Second,15.6,106.0,2278.255,LAURA L AND K AT,SKODA
2013,25000,Petrol,Manual,First,18.6,79.4,1627.325,BEAT LS,CHEVROLET
2014,65630,Diesel,Automatic,First,15.73,174.33,20225.325,Q3 2.0 TDI,AUDI
2014,48094,Petrol,Manual,First,17.0,118.0,6741.775,CITY 1.5 V MT,HONDA
2009,90456,Petrol,Manual,Second,16.1,88.2,2789.7,SWIFT LXI BSIII,MARUTI
2012,140000,Diesel,Manual,First,20.0,68.0,2334.0489999999995,FIGO DIESEL EXI,FORD
2015,95000,Diesel,Automatic,First,12.55,168.5,18226.04,FORTUNER 4X4 AT,TOYOTA
2013,79000,Diesel,Manual,Second,15.8,170.0,14413.449999999999,NEW C-CLASS 200 CDI CLASSIC,MERCEDES-BENZ
2012,96000,Diesel,Manual,First,12.99,100.0,10693.85,INNOVA 2.5 GX (DIESEL) 7 SEATER,TOYOTA
2004,186679,Petrol,Manual,Second,13.0,100.0,1636.624,CITY 1.5 EXI,HONDA
2015,91000,Diesel,Manual,First,25.8,98.6,4351.932,AMAZE S I-DTECH,HONDA
2010,109703,Petrol,Automatic,Second,14.28,138.03,3719.6,COROLLA ALTIS 1.8 G CVT,TOYOTA
2012,110000,Diesel,Manual,First,22.3,74.0,2603.72,INDICA VISTA QUADRAJET VX,TATA
2012,35000,Diesel,Manual,First,16.0,140.0,7671.675,XUV500 W8 2WD,MAHINDRA
2010,47722,Diesel,Manual,First,21.1,73.9,1580.83,RITZ VDI,MARUTI
2013,25000,Petrol,Automatic,First,14.74,181.04,13809.015,NEW C-CLASS C 200 AVANTGARDE,MERCEDES-BENZ
2018,8000,Petrol,Automatic,First,17.0,121.3,11949.215,VERNA VTVT 1.6 AT SX OPTION,HYUNDAI
2012,65000,Diesel,Automatic,First,14.94,204.0,14878.4,NEW C-CLASS C 250 CDI ELEGANCE,MERCEDES-BENZ
2018,1048,Petrol,Manual,First,18.9,67.1,4370.53,WAGON R VXI BS IV,MARUTI
2014,42000,Petrol,Manual,Second,16.02,93.7,5523.606000000001,ERTIGA VXI,MARUTI
2013,55000,Diesel,Manual,First,20.5,103.5,7439.2,RAPID ULTIMA 1.6 TDI ELEGANCE,SKODA
2010,72000,Diesel,Manual,First,12.8,102.0,5067.955,INNOVA 2.5 V DIESEL 8-SEATER,TOYOTA
2018,17773,Petrol,Automatic,First,13.7,183.0,24884.124,GLA CLASS 200 SPORT,MERCEDES-BENZ
2013,65000,Diesel,Manual,Second,20.14,88.0,3254.65,POLO 1.5 TDI HIGHLINE,VOLKSWAGEN
2008,65000,Petrol,Manual,Second,0.0,62.0,1292.561,SANTRO XING GL,HYUNDAI
2013,53280,Diesel,Manual,First,22.32,126.3,4370.53,VERNA 1.6 CRDI EX MT,HYUNDAI
2016,34005,Petrol,Manual,First,17.0,73.75,5346.925,AMEO 1.2 MPI HIGHLINE,VOLKSWAGEN
2017,14618,Petrol,Manual,First,18.6,81.83,7541.489,I20 ASTA OPTION 1.2,HYUNDAI
2006,65771,Petrol,Manual,Second,17.3,64.0,697.425,WAGON R LX BSIII,MARUTI
2006,78000,Petrol,Manual,Second,13.5,60.0,929.9,INDICA LEI,TATA
2016,105545,Diesel,Manual,First,14.0,112.0,4928.469999999999,XYLO D4,MAHINDRA
2017,25000,Diesel,Manual,First,12.4,134.0,7439.2,D-MAX V-CROSS 4X4,ISUZU
2010,80561,Petrol,Manual,First,18.5,80.0,2547.926,I20 2015-2017 MAGNA,HYUNDAI
2017,6000,Petrol,Manual,First,21.4,83.1,6974.25,BALENO ALPHA,MARUTI
2016,39000,Diesel,Automatic,First,17.6,153.86,12553.65,HEXA XTA,TATA
2011,55001,Petrol,Manual,First,16.47,73.9,2045.7800000000002,POLO PETROL COMFORTLINE 1.2L,VOLKSWAGEN
2012,63720,Petrol,Automatic,First,11.74,186.0,12321.175,NEW C-CLASS C 200 CGI ELEGANCE,MERCEDES-BENZ
2013,70000,Diesel,Manual,First,23.59,97.7,3608.0119999999997,ETIOS GD,TOYOTA
2005,100000,Petrol,Manual,Second,15.3,83.0,790.415,GETZ GLS,HYUNDAI
2017,15386,Petrol,Manual,First,23.84,84.0,4751.789,TIAGO 1.2 REVOTRON XT,TATA
2013,102486,Diesel,Manual,First,19.87,83.8,3952.075,DUSTER 85PS DIESEL RXL OPTION,RENAULT
2013,58629,Diesel,Automatic,Second,18.25,187.74,15361.947999999999,A4 35 TDI PREMIUM PLUS,AUDI
2008,86000,Diesel,Manual,Third,13.93,138.0,557.9399999999999,NEW SAFARI DICOR 2.2 VX 4X2,TATA
2012,68238,Diesel,Manual,First,22.9,74.0,4463.5199999999995,SWIFT VDI,MARUTI
2011,42036,Petrol,Automatic,First,13.7,157.75,5811.875,SUPERB ELEGANCE 1.8 TSI AT,SKODA
2014,55619,Petrol,Manual,First,16.3,147.5,7718.17,ELANTRA SX,HYUNDAI
2009,60000,Petrol,Manual,Third,17.0,118.0,3022.1749999999997,CITY 1.5 E MT,HONDA
2015,30000,Diesel,Manual,First,19.87,83.8,7206.724999999999,DUSTER 85PS DIESEL RXL EXPLORE,RENAULT
2016,31150,Diesel,Automatic,First,16.36,187.7,28399.145999999997,XF 2.2 LITRE LUXURY,JAGUAR
2010,70000,LPG,Manual,First,26.2,58.2,2110.873,WAGON R DUO LXI,MARUTI
2010,70290,Petrol,Manual,Second,17.24,73.9,2752.504,POLO IPL II 1.2 PETROL HIGHLINE,VOLKSWAGEN
2016,10000,Petrol,Manual,First,17.57,88.7,3719.6,BOLT REVOTRON XT,TATA
2014,68010,Petrol,Manual,Second,18.5,82.85,4881.974999999999,I20 SPORTZ 1.2,HYUNDAI
2013,91903,Diesel,Automatic,First,17.68,174.33,16329.043999999998,A6 2011-2015 2.0 TDI,AUDI
2011,38000,Petrol,Manual,First,16.09,103.5,3022.1749999999997,VENTO 1.6 HIGHLINE,VOLKSWAGEN
2015,67600,Petrol,Manual,First,23.1,67.04,3719.6,CELERIO VXI,MARUTI
2007,66800,Petrol,Manual,First,15.3,83.0,2045.7800000000002,GETZ GLE,HYUNDAI
2016,37208,Diesel,Manual,First,24.3,88.5,6909.156999999999,VITARA BREZZA VDI,MARUTI
2009,102002,Diesel,Automatic,First,8.7,224.34,9996.425,M-CLASS ML 320 CDI,MERCEDES-BENZ
2011,68000,Diesel,Manual,First,19.3,73.9,2557.225,SWIFT DZIRE VDI BSIV,MARUTI
2013,40000,Diesel,Automatic,Second,17.85,300.0,41845.5,PANAMERA DIESEL,PORSCHE
2015,33500,Petrol,Automatic,First,19.16,158.2,18365.524999999998,CAMRY HYBRID,TOYOTA
2013,33746,Petrol,Manual,First,18.5,86.8,2975.6800000000003,BRIO 1.2 VX MT,HONDA
2009,53000,Petrol,Automatic,First,0.0,262.6,4417.025,SUPERB 3.6 V6 FSI,SKODA
2011,45004,Diesel,Manual,First,12.8,102.0,8815.452,INNOVA 2.5 V DIESEL 7-SEATER,TOYOTA
2015,70602,Diesel,Manual,First,25.8,98.6,4491.417,AMAZE VX I-DTEC,HONDA
2014,27365,Diesel,Manual,First,28.4,74.0,4417.025,SWIFT VDI,MARUTI
2015,100000,Diesel,Manual,First,24.4,71.0,3719.6,XCENT 1.1 CRDI S,HYUNDAI
2012,55000,Diesel,Manual,Second,14.0,112.0,2696.71,XYLO D4 BSIV,MAHINDRA
2013,46000,Petrol,Manual,First,18.9,67.1,2464.2349999999997,WAGON R VXI,MARUTI
2011,47000,Diesel,Manual,First,25.44,57.6,2324.75,BEAT DIESEL,CHEVROLET
