Year,Kilometers_Driven,Fuel_Type,Transmission,Owner_Type,Mileage,Power,Price,Model,Brand
2010,72000,CNG,Manual,First,26.6,58.16,1.75,WAGON R LXI CNG,Maruti
2015,41000,Diesel,Manual,First,19.67,126.2,12.5,CRETA 1.6 CRDI SX OPTION,Hyundai
2011,46000,Petrol,Manual,First,18.2,88.7,4.5,JAZZ V,Honda
2012,87000,Diesel,Manual,First,20.77,88.76,6.0,ERTIGA VDI,Maruti
2013,40670,Diesel,Automatic,Second,15.2,140.8,17.74,A4 NEW 2.0 TDI MULTITRONIC,Audi
2012,75000,LPG,Manual,First,21.1,55.2,2.35,EON LPG ERA PLUS OPTION,Hyundai
2013,86999,Diesel,Manual,First,23.08,63.1,3.5,MICRA DIESEL XV,Nissan
2016,36000,Diesel,Automatic,First,11.36,171.5,17.5,INNOVA CRYSTA 2.8 GX AT 8S,Toyota
2013,64430,Diesel,Manual,First,20.54,103.6,5.2,VENTO DIESEL COMFORTLINE,Volkswagen
2012,65932,Diesel,Manual,Second,22.3,74.0,1.95,INDICA VISTA QUADRAJET LS,Tata
2018,25692,Petrol,Manual,First,21.56,103.25,9.95,CIAZ ZETA,Maruti
2012,60000,Petrol,Automatic,First,16.8,116.3,4.49,CITY 1.5 V AT SUNROOF,Honda
2015,64424,Diesel,Manual,First,25.2,74.0,5.6,SWIFT VDI BSIV,Maruti
2014,72000,Diesel,Automatic,First,12.7,187.7,27.0,ROVER RANGE ROVER 2.2L PURE,Land
2012,85000,Diesel,Automatic,Second,18.15,115.0,17.5,ROVER FREELANDER 2 TD4 SE,Land
2014,110000,Diesel,Manual,First,13.5,175.56,15.0,PAJERO SPORT 4X4,Mitsubishi
2016,58950,Diesel,Manual,First,25.8,98.6,5.4,AMAZE S I-DTECH,Honda
2017,25000,Diesel,Manual,First,28.4,74.0,5.99,SWIFT DDIS VDI,Maruti
2014,77469,Diesel,Manual,First,20.45,83.8,6.34,DUSTER 85PS DIESEL RXL PLUS,Renault
2014,78500,Diesel,Automatic,First,14.84,167.62,28.0,NEW C-CLASS C 220 CDI BE AVANTGARE,Mercedes-Benz
2014,32982,Diesel,Automatic,First,22.69,190.0,18.55,3 SERIES 320D,BMW
2015,55392,Diesel,Manual,Second,23.65,88.5,8.25,S CROSS DDIS 200 ALPHA,Maruti
2015,55985,Petrol,Automatic,First,13.53,177.01,23.5,A6 2011-2015 35 TFSI TECHNOLOGY,Audi
2010,45807,Petrol,Manual,First,18.5,80.0,1.87,I20 1.2 MAGNA,Hyundai
2010,33000,Petrol,Automatic,First,14.4,103.6,2.85,VENTO PETROL HIGHLINE AT,Volkswagen
2012,51920,Petrol,Manual,First,16.8,116.3,4.25,CITY CORPORATE EDITION,Honda
2012,54000,Diesel,Manual,First,23.08,63.1,4.25,MICRA DIESEL XV,Nissan
2013,54000,Petrol,Manual,Second,20.92,67.1,2.75,ALTO K10 2010-2014 VXI,Maruti
2018,37430,Petrol,Manual,First,17.5,88.7,9.9,WRV I-VTEC VX,Honda
2007,53000,Diesel,Manual,Fourth & Above,12.8,102.0,4.0,INNOVA 2.5 V DIESEL 7-SEATER,Toyota
2013,62000,Diesel,Manual,First,19.01,108.45,7.75,DUSTER 110PS DIESEL RXZ PACK,Renault
2012,87615,Petrol,Manual,First,14.53,138.1,6.75,COROLLA ALTIS G,Toyota
2013,72000,Diesel,Automatic,Second,11.18,184.0,12.5,SSANGYONG REXTON RX7,Mahindra
2010,35000,Diesel,Automatic,First,12.4,179.5,11.5,A6 2.7 TDI,Audi
2014,55431,Petrol,Manual,Second,16.09,103.5,6.98,VENTO 1.6 HIGHLINE,Volkswagen
2009,83816,Petrol,Manual,Second,14.0,64.0,1.85,WAGON R LXI BSIII,Maruti
2018,50075,Diesel,Manual,First,24.3,88.5,8.63,VITARA BREZZA ZDI PLUS,Maruti
2017,52000,Petrol,Manual,First,18.15,82.0,4.85,KUV 100 MFALCON G80 K6 5STR AW,Mahindra
2013,85000,Diesel,Automatic,First,11.74,97.7,28.0,M-CLASS ML 350 CDI,Mercedes-Benz
2013,62000,Diesel,Manual,First,22.07,73.9,5.0,POLO DIESEL TRENDLINE 1.2L,Volkswagen
2008,90000,Petrol,Manual,Second,19.7,46.3,1.25,ALTO LXI,Maruti
2014,19698,Petrol,Manual,First,25.4,37.5,1.53,NANO LX SE,Tata
2017,22033,Diesel,Manual,First,25.32,77.0,5.58,KUV 100 MFALCON D75 K8 DUAL TONE,Mahindra
2014,35487,Petrol,Manual,First,18.5,82.9,4.74,I20 MAGNA OPTIONAL 1.2,Hyundai
2014,46374,Petrol,Automatic,First,14.62,149.92,8.85,ELANTRA 2.0 SX OPTION AT,Hyundai
2016,52001,Petrol,Automatic,First,14.28,138.03,10.11,COROLLA ALTIS G AT,Toyota
2008,58005,Diesel,Manual,Second,14.9,112.2,4.25,ELANTRA CRDI,Hyundai
2012,70704,Petrol,Manual,First,11.25,163.7,10.95,INNOVA CRYSTA 2.7 GX MT,Toyota
2014,75000,Diesel,Manual,First,24.4,71.0,3.85,XCENT 1.1 CRDI S,Hyundai
2012,75800,Diesel,Manual,Second,16.55,105.0,5.5,THAR CRDE AC,Mahindra
2015,13648,Diesel,Automatic,First,17.11,174.33,21.43,A4 2.0 TDI 177 BHP PREMIUM PLUS,Audi
2014,52000,Diesel,Manual,First,22.9,74.0,4.25,SWIFT LDI,Maruti
2014,53000,Diesel,Manual,First,17.8,75.0,3.3,SWIFT LDI BSIV,Maruti
2013,65650,Diesel,Manual,First,28.4,74.0,3.85,SWIFT VDI,Maruti
2015,54000,Petrol,Manual,Third,18.9,82.0,3.6,GRAND I10 SPORTZ,Hyundai
2015,39000,Petrol,Manual,First,15.04,103.2,3.99,VENTO 2013-2015 1.6 COMFORTLINE,Volkswagen
2017,16542,Petrol,Manual,First,25.17,53.3,3.3,KWID RXT,Renault
2010,32000,Petrol,Manual,First,20.36,78.9,2.07,I10 ASTA,Hyundai
2010,121812,Diesel,Automatic,First,13.29,147.6,7.75,X-TRAIL SLX AT,Nissan
2010,39300,Petrol,Manual,First,18.2,67.1,2.25,ZEN ESTILO VXI BSIII,Maruti
2017,22000,Diesel,Manual,First,13.68,147.8,16.5,INNOVA CRYSTA 2.4 GX MT 8S,Toyota
2010,72000,Diesel,Manual,First,20.0,68.0,2.75,FIGO DIESEL TITANIUM,Ford
2015,58000,Petrol,Automatic,First,11.74,186.0,26.7,NEW C-CLASS C 200 CGI AVANTGARDE,Mercedes-Benz
2011,65000,Diesel,Manual,Second,15.8,170.0,10.0,NEW C-CLASS 200 CDI CLASSIC,Mercedes-Benz
2016,53000,Diesel,Manual,First,25.0,69.0,2.5,INDICA V2 ELS,Tata
2012,65664,Diesel,Automatic,First,16.55,140.0,13.5,A4 2.0 TDI MULTITRONIC,Audi
2007,63000,Petrol,Automatic,Second,16.4,78.0,1.85,CITY ZX CVT,Honda
2019,15369,Diesel,Automatic,First,18.15,194.0,35.67,C-CLASS PROGRESSIVE C 220D,Mercedes-Benz
2016,63000,Diesel,Manual,First,24.52,88.5,8.15,ERTIGA SHVS VDI,Maruti
2018,13000,Diesel,Manual,First,22.1,88.7,10.5,CRETA 1.4 E PLUS DIESEL,Hyundai
2008,73000,Petrol,Automatic,First,8.5,97.7,14.5,CAYENNE 2009-2014 TURBO,Porsche
2015,55729,Diesel,Manual,First,15.1,140.0,9.65,XUV500 W8 4WD,Mahindra
2012,45178,Petrol,Automatic,First,16.95,78.9,3.48,I10 SPORTZ 1.2 AT,Hyundai
2015,56066,Diesel,Manual,First,19.64,108.5,6.92,TERRANO XV D PRE,Nissan
2016,37300,Petrol,Automatic,Second,16.5,86.8,6.46,BRIO VX AT,Honda
2014,56000,Diesel,Automatic,Second,18.53,187.74,29.5,A6 2.0 TDI DESIGN EDITION,Audi
2008,111111,Diesel,Manual,First,17.8,97.7,2.0,FIESTA 1.4 SXI TDCI,Ford
2006,53000,Petrol,Manual,Third,12.4,132.0,4.5,INNOVA 2.0 G1,Toyota
2012,104000,Diesel,Manual,First,12.8,102.0,11.75,INNOVA 2.5 VX 7 STR BSIV,Toyota
2005,87591,Petrol,Manual,First,18.15,97.7,1.3,SANTRO XING XL,Hyundai
2012,95100,Diesel,Manual,First,22.9,74.0,3.75,SWIFT VDI,Maruti
2017,70000,Petrol,Manual,First,17.57,88.7,4.5,ZEST REVOTRON 1.2T XE,Tata
2016,54944,Petrol,Manual,First,18.0,86.7,4.82,AMAZE SX I-VTEC,Honda
2012,70337,Diesel,Manual,First,20.0,68.0,2.8,FIGO DIESEL ZXI,Ford
2013,99638,Diesel,Manual,First,23.2,73.94,3.11,RITZ VDI,Maruti
2009,52000,Petrol,Manual,First,17.8,117.3,3.25,CITY I VTEC E,Honda
2011,75000,Diesel,Automatic,Second,16.73,218.0,13.9,5 SERIES 2003-2012 525D,BMW
2009,95980,Petrol,Manual,First,20.36,78.9,2.25,I10 SPORTZ 1.2,Hyundai
2016,16000,Petrol,Manual,First,18.9,82.0,5.75,GRAND I10 SPORTZ,Hyundai
2007,73745,Petrol,Manual,First,17.0,97.7,2.1,SANTRO XING XO,Hyundai
2016,18949,Petrol,Manual,First,17.8,86.7,5.0,AMAZE SX I-VTEC,Honda
2014,107000,Diesel,Manual,First,13.0,168.5,16.5,FORTUNER 4X2 MANUAL,Toyota
2018,48367,Diesel,Automatic,First,17.68,174.33,39.58,A6 2011-2015 35 TDI PREMIUM,Audi
2013,57000,Diesel,Manual,First,22.7,89.84,5.5,ECOSPORT 1.5 DV5 MT TITANIUM OPTIONAL,Ford
2014,58000,Diesel,Manual,First,15.1,140.0,8.1,XUV500 W8 2WD,Mahindra
2015,30000,Diesel,Manual,First,25.8,98.6,3.5,AMAZE SX I-DTEC,Honda
2013,34212,Diesel,Manual,First,22.07,73.9,2.79,POLO DIESEL HIGHLINE 1.2L,Volkswagen
2010,70002,Diesel,Manual,First,16.2,110.0,3.45,VERNA TRANSFORM SX VGT CRDI,Hyundai
2016,62000,Petrol,Manual,First,18.9,67.1,4.45,WAGON R VXI BS IV,Maruti
2010,62001,Petrol,Manual,First,15.26,103.5,2.65,POLO PETROL HIGHLINE 1.6L,Volkswagen
2011,78958,Diesel,Manual,Second,23.0,90.0,3.8,I20 1.4 CRDI SPORTZ,Hyundai
2014,30180,Petrol,Manual,First,18.5,82.85,4.65,I20 ASTA 1.2,Hyundai
2017,32851,Petrol,Manual,First,19.83,67.0,3.95,GO PLUS T PETROL,Datsun
2010,30000,Diesel,Automatic,First,14.94,97.7,9.8,A4 3.0 TDI QUATTRO PREMIUM,Audi
2009,66000,Petrol,Manual,Second,17.0,80.0,2.7,I20 2015-2017 ASTA,Hyundai
2010,93850,Petrol,Manual,First,14.0,35.0,2.41,OMNI 5 STR STD,Maruti
2014,53000,Petrol,Manual,First,17.71,78.9,3.9,ETIOS LIVA 1.2 G,Toyota
2011,78000,Diesel,Automatic,Second,14.74,97.7,24.0,XF 3.0 LITRE S PREMIUM LUXURY,Jaguar
2012,65000,Diesel,Manual,Second,16.0,140.0,5.75,XUV500 W8 2WD,Mahindra
2014,40000,Diesel,Automatic,First,22.32,126.32,5.25,VERNA 1.6 SX CRDI (O) AT,Hyundai
2017,30000,Diesel,Automatic,First,11.36,171.5,19.25,INNOVA CRYSTA 2.8 ZX AT,Toyota
2017,38053,Petrol,Manual,First,15.1,73.0,3.91,EECO 5 SEATER AC,Maruti
2014,25500,Petrol,Manual,First,25.4,37.5,2.15,NANO TWIST XT,Tata
2015,56087,Diesel,Automatic,First,22.69,190.0,20.75,3 SERIES 320D LUXURY LINE,BMW
2010,71088,Petrol,Manual,First,13.5,130.0,3.35,CIVIC 2006-2010 1.8 V MT,Honda
2014,55000,Diesel,Manual,First,12.99,100.6,11.11,INNOVA 2.5 VX (DIESEL) 7 SEATER,Toyota
2014,32700,Diesel,Automatic,First,23.3,150.0,20.0,V40 CROSS COUNTRY D3,Volvo
2016,39882,Petrol,Automatic,First,19.15,75.94,6.55,MICRA XV CVT,Nissan
2009,128000,Petrol,Automatic,First,10.8,215.0,7.0,5 SERIES 2010-2013 525I,BMW
2016,55000,Diesel,Manual,First,24.3,88.5,7.5,VITARA BREZZA VDI,Maruti
2005,102000,Petrol,Manual,Second,17.0,97.7,0.85,SANTRO XING XL ERLX EURO III,Hyundai
2014,53753,Diesel,Automatic,Second,15.0,107.3,16.75,B CLASS B200 CDI,Mercedes-Benz
2018,10250,Diesel,Manual,First,22.0,126.2,10.95,VERNA CRDI 1.6 SX OPTION,Hyundai
2011,43874,Petrol,Manual,First,18.9,67.1,2.45,WAGON R LXI BS IV,Maruti
2017,32684,Petrol,Automatic,First,21.9,37.48,3.23,NANO XTA,Tata
2014,42000,Diesel,Manual,First,12.05,120.0,7.75,SCORPIO VLX,Mahindra
2009,28352,Petrol,Automatic,First,11.7,178.0,9.35,NEW C-CLASS 200 K AT,Mercedes-Benz
2013,89900,CNG,Manual,First,26.6,58.16,3.25,WAGON R LXI CNG,Maruti
2007,47700,Petrol,Manual,Second,10.8,152.0,5.25,CR-V 2.4 MT,Honda
2015,55000,Diesel,Automatic,First,21.21,103.2,7.25,VENTO 1.5 TDI COMFORTLINE AT,Volkswagen
2017,44285,Petrol,Manual,First,20.73,91.1,7.47,CIAZ VXI PLUS,Maruti
2016,54000,Diesel,Automatic,First,16.0,140.0,13.25,XUV500 AT W10 FWD,Mahindra
2016,30232,Petrol,Manual,First,21.1,85.8,5.81,RITZ VXI ABS,Maruti
2014,88500,Petrol,Manual,First,24.07,67.1,2.6,ALTO K10 VXI,Maruti
2017,13372,Petrol,Automatic,First,19.0,97.7,54.0,SLC 43 AMG,Mercedes-Benz
2019,12645,Petrol,Automatic,First,17.0,121.3,11.5,VERNA VTVT 1.6 AT SX PLUS,Hyundai
2010,94385,Petrol,Manual,Second,19.7,46.3,1.6,ALTO LXI BSIII,Maruti
2015,31821,Diesel,Automatic,First,20.58,143.0,17.22,1 SERIES 118D BASE,BMW
2015,12000,Petrol,Automatic,First,19.0,88.7,6.0,JAZZ 1.2 V CVT I VTEC,Honda
2012,88578,Petrol,Manual,First,13.5,130.0,3.95,CIVIC 2006-2010 1.8 V MT,Honda
2014,44965,Diesel,Automatic,First,19.27,170.0,17.95,NEW C-CLASS C 220 CDI AVANTGARDE,Mercedes-Benz
2014,45044,Diesel,Manual,First,25.8,98.6,3.7,AMAZE SX I-DTEC,Honda
2016,34204,Petrol,Manual,First,22.0,81.8,5.43,SWIFT VVT VXI,Maruti
2008,80759,Petrol,Manual,Third,17.0,97.7,1.67,SANTRO XING XO ERLX EURO II,Hyundai
2012,91235,Diesel,Manual,First,11.5,171.0,13.49,FORTUNER 3.0 DIESEL,Toyota
2014,38800,Petrol,Manual,First,18.6,76.8,2.85,BEAT LT OPTION,Chevrolet
2013,83000,Diesel,Manual,First,21.14,103.52,4.75,RAPID 1.5 TDI ELEGANCE,Skoda
2018,41283,Petrol,Manual,First,20.73,91.1,9.9,CIAZ 1.4 ALPHA,Maruti
2013,23000,Petrol,Automatic,First,11.05,97.7,37.0,RS5 COUPE,Audi
2014,48000,Diesel,Automatic,First,21.76,190.0,26.5,3 SERIES LUXURY LINE,BMW
2015,48214,Diesel,Automatic,First,17.11,174.33,23.32,A4 2.0 TDI 177 BHP PREMIUM PLUS,Audi
2016,35000,Diesel,Manual,First,22.9,74.0,6.25,SWIFT VDI,Maruti
2010,35277,Petrol,Automatic,First,7.81,97.7,30.0,S CLASS 2005 2013 S 500,Mercedes-Benz
2016,54620,Diesel,Automatic,First,21.66,103.52,9.86,RAPID 1.5 TDI AT ELEGANCE PLUS BLACK PACKAGE,Skoda
2012,53000,Diesel,Automatic,First,17.2,138.1,8.5,SUPERB ELEGANCE 2.0 TDI CR AT,Skoda
2019,14322,Petrol,Manual,First,21.1,55.2,4.23,EON MAGNA PLUS,Hyundai
2012,65634,Diesel,Manual,First,22.07,73.9,3.5,POLO DIESEL TRENDLINE 1.2L,Volkswagen
2016,6000,Petrol,Manual,First,20.63,67.06,2.5,GO NXT,Datsun
2013,33280,Petrol,Manual,First,19.4,86.8,2.39,BRIO S MT,Honda
2013,29000,Petrol,Automatic,First,14.8,120.7,11.25,B CLASS B180,Mercedes-Benz
2015,42831,Diesel,Manual,First,26.0,98.6,7.11,CITY I DTEC V,Honda
2016,90000,Diesel,Manual,First,12.99,100.6,10.9,INNOVA 2.5 G (DIESEL) 7 SEATER,Toyota
2017,24005,Petrol,Manual,First,20.4,81.8,6.2,SWIFT VXI OPTIONAL,Maruti
2012,32792,Diesel,Manual,First,15.1,140.0,7.9,XUV500 W8 2WD,Mahindra
2014,53000,Diesel,Manual,First,22.7,89.84,4.42,ECOSPORT 1.5 DV5 MT AMBIENTE,Ford
2012,53000,Diesel,Manual,First,13.0,168.5,13.5,FORTUNER 4X2 MANUAL,Toyota
2013,65000,Diesel,Automatic,First,21.5,108.5,6.25,VENTO 1.5 HIGHLINE PLUS AT 16 ALLOY,Volkswagen
2010,66123,Diesel,Manual,Second,20.0,68.0,2.1,FIGO DIESEL TITANIUM,Ford
2015,41000,Diesel,Automatic,First,15.3,97.7,45.0,X5 XDRIVE 30D,BMW
2017,23550,Diesel,Automatic,First,19.27,167.62,33.66,NEW C-CLASS C 220 CDI STYLE,Mercedes-Benz
2012,45000,Petrol,Manual,Second,19.4,86.8,3.65,BRIO V MT,Honda
2013,60000,Petrol,Manual,First,20.36,78.9,2.75,I10 MAGNA 1.2,Hyundai
2016,44414,Diesel,Automatic,First,17.9,170.0,42.5,GLC 220,Mercedes-Benz
2019,1000,Petrol,Manual,First,18.9,81.86,6.5,GRAND I10 1.2 KAPPA ASTA,Hyundai
2012,62500,Diesel,Automatic,Second,17.68,174.33,19.0,A6 2011-2015 2.0 TDI PREMIUM PLUS,Audi
2013,21000,Petrol,Automatic,Second,14.4,103.6,4.45,VENTO PETROL HIGHLINE AT,Volkswagen
2017,8525,Diesel,Automatic,Second,16.6,112.0,23.0,COUNTRYMAN COOPER D,Mini
2014,29000,Diesel,Manual,First,22.54,88.73,8.35,I20 ASTA 1.4 CRDI,Hyundai
2014,40000,Diesel,Automatic,First,17.68,174.33,22.95,A6 2011-2015 2.0 TDI PREMIUM PLUS,Audi
2012,88000,Diesel,Manual,First,25.44,57.6,1.5,BEAT DIESEL LT,Chevrolet
2012,53537,Petrol,Automatic,First,13.7,157.75,6.89,SUPERB ELEGANCE 1.8 TSI AT,Skoda
2006,53000,Diesel,Manual,Second,17.8,68.0,1.45,FIESTA 1.4 TDCI EXI LIMITED EDITION,Ford
2014,51000,Diesel,Automatic,First,22.48,190.0,33.5,5 SERIES 520D LUXURY LINE,BMW
2007,118500,Petrol,Manual,First,12.9,102.5,1.25,OPTRA MAGNUM 1.6 LS BS3,Chevrolet
2012,63000,Diesel,Manual,First,22.07,73.9,4.2,POLO DIESEL HIGHLINE 1.2L,Volkswagen
2015,25000,Diesel,Manual,First,19.98,108.5,6.75,LODGY 110PS RXZ 8 SEATER,Renault
2014,37382,Diesel,Automatic,First,13.0,201.1,32.0,E-CLASS E250 CDI AVANTGRADE,Mercedes-Benz
2017,24773,Petrol,Manual,First,21.4,83.1,7.5,BALENO ALPHA,Maruti
2012,62000,Diesel,Manual,First,22.32,126.32,4.6,VERNA 1.6 SX,Hyundai
2017,52340,Petrol,Manual,First,19.81,68.05,4.04,I10 MAGNA 1.1,Hyundai
2016,56739,Diesel,Manual,First,15.4,120.0,10.31,SCORPIO 1.99 S10 4WD,Mahindra
2018,36091,Diesel,Automatic,First,12.7,187.7,55.76,ROVER RANGE ROVER 2.2L DYNAMIC,Land
2010,120000,Diesel,Manual,First,20.0,68.0,2.6,FIGO DIESEL ZXI,Ford
2016,33000,Diesel,Manual,First,25.47,88.5,8.5,ERTIGA ZDI,Maruti
2007,60006,Petrol,Manual,First,18.15,97.7,2.95,CITY 1.5 GXI,Honda
2014,52000,Diesel,Manual,First,25.8,98.6,3.5,AMAZE S I-DTECH,Honda
2015,43571,Petrol,Manual,First,20.36,78.9,3.55,I10 MAGNA,Hyundai
2013,50000,Diesel,Manual,First,25.8,98.6,3.25,AMAZE S I-DTECH,Honda
2008,113000,Diesel,Manual,First,17.5,106.0,4.5,LAURA AMBIENTE,Skoda
2014,90000,Diesel,Manual,First,19.87,83.8,5.35,DUSTER 85PS DIESEL RXL,Renault
2017,29000,Diesel,Manual,Second,17.45,100.0,6.5,NUVOSPORT N6,Mahindra
2016,20000,Diesel,Manual,First,24.3,88.5,9.0,VITARA BREZZA ZDI PLUS DUAL TONE,Maruti
2016,61012,Petrol,Manual,First,18.6,81.83,6.0,I20 ASTA OPTION 1.2,Hyundai
2009,87459,Petrol,Manual,First,14.7,85.0,2.75,FABIA 1.4 MPI AMBIENTE,Skoda
2010,70500,Petrol,Manual,First,15.64,64.1,1.5,INDIGO ECS GLX,Tata
2015,64103,Diesel,Automatic,First,15.73,174.33,19.9,Q3 2012-2015 35 TDI QUATTRO PREMIUM PLUS,Audi
2014,76000,Petrol,Automatic,First,14.7,177.5,10.0,OCTAVIA ELEGANCE 1.8 TSI AT,Skoda
2014,104000,Diesel,Manual,First,23.59,67.06,3.0,ETIOS LIVA GD SP,Toyota
2010,42001,Petrol,Manual,First,16.1,97.7,2.11,SWIFT 1.3 VXI,Maruti
2014,37245,Petrol,Automatic,First,14.8,120.7,11.96,B CLASS B180,Mercedes-Benz
2013,45000,Diesel,Manual,First,27.4,98.6,3.25,AMAZE S DIESEL,Honda
2012,117837,Diesel,Manual,Second,22.32,126.32,4.75,VERNA 1.6 SX,Hyundai
2014,30000,Diesel,Manual,First,20.46,83.8,5.95,DUSTER 85PS DIESEL RXL OPTIONAL,Renault
2015,27057,Petrol,Manual,Second,15.29,121.3,8.15,CRETA 1.6 VTVT S,Hyundai
2016,8500,Petrol,Automatic,First,20.51,67.0,4.22,WAGON R AMT VXI,Maruti
2010,30500,Petrol,Automatic,First,11.74,186.0,10.5,NEW C-CLASS C250 AVANTGARDE,Mercedes-Benz
2012,56000,Diesel,Automatic,First,11.8,97.7,45.0,A8 L 3.0 TDI QUATTRO,Audi
2012,44000,Petrol,Manual,Second,19.81,68.05,2.9,I10 MAGNA 1.1,Hyundai
2017,10500,Petrol,Automatic,First,14.3,103.52,8.9,RAPID 1.6 MPI AT STYLE BLACK PACKAGE,Skoda
2017,26000,Petrol,Automatic,First,14.67,177.46,26.0,SUPERB STYLE 1.8 TSI AT,Skoda
2018,25166,Petrol,Manual,First,17.19,81.86,8.22,I20 ACTIVE 1.2 SX,Hyundai
2014,64000,Diesel,Manual,Second,25.8,98.6,3.5,AMAZE VX I-DTEC,Honda
2004,61000,Petrol,Manual,Second,18.9,67.1,1.25,WAGON R LXI,Maruti
2013,107000,Diesel,Manual,First,21.03,65.0,3.7,VERITO 1.5 D4 BSIV,Mahindra
2018,29161,Diesel,Automatic,First,19.27,167.62,39.41,NEW C-CLASS C 220D AVANTGARDE EDITION C,Mercedes-Benz
2013,32000,Petrol,Manual,First,22.5,67.04,2.65,WAGON R VXI,Maruti
2015,46173,Diesel,Manual,Second,19.01,108.5,8.92,TERRANO XV PREMIUM 110 PS ANNIVERSARY EDITION,Nissan
2013,47000,Diesel,Manual,First,17.8,97.7,4.1,SWIFT VDI BSIV,Maruti
2017,26327,Petrol,Automatic,First,16.82,189.08,35.67,COOPER CONVERTIBLE S,Mini
2015,70436,Diesel,Manual,First,18.15,99.0,3.6,FIGO DIESEL,Ford
2007,53000,Diesel,Manual,Second,17.2,53.5,0.85,INDICA V2 DLS BSII,Tata
2016,60813,Petrol,Manual,Second,18.6,76.8,3.32,BEAT LT,Chevrolet
2012,45000,Diesel,Manual,First,22.07,73.9,3.6,POLO DIESEL COMFORTLINE 1.2L,Volkswagen
2016,64000,Diesel,Manual,First,22.9,74.0,6.8,SWIFT ZDI,Maruti
2012,41284,Diesel,Manual,First,20.0,68.05,2.5,FIGO DIESEL EXI,Ford
2019,14165,Diesel,Automatic,First,11.36,171.5,19.64,INNOVA CRYSTA 2.8 GX AT,Toyota
2011,67000,Diesel,Automatic,Second,11.72,194.3,7.0,SANTA FE 4X4 AT,Hyundai
2011,32572,Petrol,Manual,First,17.4,117.3,3.87,CITY I-VTEC V,Honda
2018,14960,Petrol,Manual,First,18.6,81.83,6.27,I20 1.2 MAGNA EXECUTIVE,Hyundai
2015,55980,Diesel,Automatic,First,19.27,167.62,18.12,NEW C-CLASS C 220D AVANTGARDE EDITION C,Mercedes-Benz
2013,74000,Diesel,Manual,First,25.44,57.6,2.65,BEAT DIESEL LT,Chevrolet
2015,56847,Diesel,Manual,First,22.54,88.73,7.2,I20 SPORTZ 1.4 CRDI,Hyundai
2015,121374,Diesel,Manual,First,12.99,100.6,14.3,INNOVA 2.5 Z DIESEL 7 SEATER,Toyota
2013,52000,Diesel,Manual,First,20.77,88.76,6.9,ERTIGA VDI,Maruti
2014,118000,Diesel,Manual,First,12.8,102.0,10.75,INNOVA 2.5 V DIESEL 7-SEATER,Toyota
2007,72000,Petrol,Manual,Third,17.0,97.7,0.95,SANTRO XING XO ERLX EURO II,Hyundai
2016,33915,Petrol,Manual,First,17.8,117.3,8.09,CITY I VTEC V,Honda
2014,82002,Diesel,Automatic,First,17.05,184.0,18.5,X1 SDRIVE20D,BMW
2017,33000,Diesel,Manual,First,24.0,70.0,4.75,GRAND I10 CRDI ERA,Hyundai
2016,34000,Diesel,Manual,First,28.09,88.5,8.45,CIAZ 1.3 ALPHA,Maruti
2012,55000,Diesel,Manual,First,20.5,103.6,3.5,RAPID LEISURE 1.6 TDI MT,Skoda
2006,53000,Diesel,Manual,First,13.1,82.0,1.8,ACCENT CRDI,Hyundai
2014,60000,Diesel,Manual,Second,19.91,103.6,3.7,POLO GT 1.5 TDI,Volkswagen
2017,49575,Petrol,Manual,First,18.7,88.7,7.17,JAZZ 1.2 VX I VTEC,Honda
2010,83000,Petrol,Manual,First,19.81,68.05,1.75,I10 ERA,Hyundai
2018,51346,Diesel,Automatic,First,16.38,183.0,21.99,TUCSON 2.0 E-VGT 2WD AT GLS,Hyundai
2017,43000,Diesel,Manual,First,13.68,147.8,18.65,INNOVA CRYSTA 2.4 ZX MT,Toyota
2011,35000,Petrol,Manual,Third,19.7,35.0,1.85,OMNI MPI CARGO BSIII W/ IMMOBILISER,Maruti
2017,27872,Petrol,Manual,Second,20.4,81.8,5.95,SWIFT VXI BSIV,Maruti
2014,16514,Petrol,Manual,First,18.9,82.0,3.75,GRAND I10 MAGNA,Hyundai
2012,120000,Diesel,Manual,First,22.9,74.0,3.75,SWIFT VDI,Maruti
2008,53000,Diesel,Manual,First,22.0,126.2,2.6,VERNA CRDI 1.6 SX,Hyundai
2006,99000,Petrol,Manual,First,18.15,97.7,1.75,SANTRO XING XL,Hyundai
2010,52000,Petrol,Manual,First,17.0,80.0,2.8,I20 1.2 SPORTZ,Hyundai
2017,29819,Diesel,Automatic,First,11.57,97.7,61.29,GLE 350D,Mercedes-Benz
2014,57000,Diesel,Manual,Second,15.8,170.0,18.0,NEW C-CLASS C 220 CDI CLASSIC,Mercedes-Benz
2014,88500,Diesel,Manual,First,23.2,73.94,4.35,RITZ ZDI,Maruti
2016,28000,Diesel,Manual,First,19.67,126.2,13.75,CRETA 1.6 CRDI SX,Hyundai
2010,67000,Petrol,Manual,First,19.0,66.1,2.0,A-STAR VXI,Maruti
2016,26000,Diesel,Manual,First,19.64,108.45,10.0,DUSTER 110PS DIESEL RXZ OPTION,Renault
2010,120000,Diesel,Manual,First,17.8,76.0,1.65,GRANDE PUNTO 1.3 EMOTION PACK (DIESEL),Fiat
2017,51982,Diesel,Automatic,First,16.55,97.7,45.77,X3 XDRIVE30D M SPORT,BMW
2010,36000,Petrol,Manual,Second,20.36,78.9,3.25,I10 SPORTZ,Hyundai
2016,47000,Diesel,Manual,First,12.8,102.0,12.8,INNOVA 2.5 G4 DIESEL 7-SEATER,Toyota
2002,60000,Petrol,Manual,Third,17.3,60.0,0.55,ZEN VXI BSII,Maruti
2018,31025,Diesel,Manual,First,28.4,74.0,7.15,SWIFT VDI,Maruti
2013,105000,Diesel,Manual,Second,12.05,120.0,7.0,SCORPIO VLX 2.2 MHAWK AIRBAG BSIV,Mahindra
2017,121900,Diesel,Manual,First,22.95,74.0,3.75,ZEST QUADRAJET 1.3 75PS XE,Tata
2017,22695,Petrol,Manual,First,18.88,123.24,8.5,ECOSPORT 1.0 ECOBOOST TITANIUM PLUS,Ford
2012,73000,Diesel,Manual,First,23.4,74.0,4.35,SWIFT DZIRE ZDI,Maruti
2016,32227,Petrol,Manual,First,22.74,47.3,3.26,ALTO 800 LXI,Maruti
2011,55000,Petrol,Manual,First,17.0,118.0,4.21,CITY 1.5 S MT,Honda
2018,11287,Diesel,Automatic,First,12.07,97.7,70.36,Q7 3.0 TDI QUATTRO TECHNOLOGY,Audi
2009,48000,Diesel,Automatic,Second,17.0,105.0,2.95,LAURA 1.9 TDI AT AMBIENTE,Skoda
2012,54308,Petrol,Manual,First,17.1,121.3,4.28,VERNA 1.6 SX VTVT (O),Hyundai
2009,78442,Petrol,Automatic,First,16.8,118.0,3.57,CITY 1.5 V AT,Honda
2013,46000,Diesel,Manual,First,21.9,88.8,3.11,I20 MAGNA OPTIONAL 1.4 CRDI,Hyundai
2014,45051,Petrol,Automatic,First,15.0,98.6,5.96,I20 SPORTZ AT 1.4,Hyundai
2011,69000,Diesel,Manual,First,20.54,103.6,4.7,VENTO DIESEL HIGHLINE,Volkswagen
2014,49000,Petrol,Manual,First,17.4,117.3,6.9,CITY I VTEC VX,Honda
2018,45000,Diesel,Manual,First,22.95,74.0,5.25,ZEST QUADRAJET 1.3 75PS XE,Tata
2015,64000,Diesel,Automatic,First,18.48,177.0,28.0,5 SERIES 2003-2012 520D,BMW
2009,60000,Petrol,Manual,First,18.9,67.0,1.35,WAGON R LXI MINOR,Maruti
2015,62178,Petrol,Manual,First,18.2,88.7,4.85,JAZZ VX,Honda
2012,58006,Diesel,Manual,First,15.0,105.0,6.7,JETTA 2007-2011 2.0 TDI COMFORTLINE,Volkswagen
2010,74000,Petrol,Manual,First,20.36,78.9,3.1,I10 MAGNA 1.2,Hyundai
2015,77771,Diesel,Automatic,First,19.27,170.0,18.64,NEW C-CLASS C 220 CDI AVANTGARDE,Mercedes-Benz
2012,45275,Petrol,Manual,First,20.36,78.9,2.8,I10 MAGNA 1.2 ITECH SE,Hyundai
2016,48000,Diesel,Manual,First,13.68,147.8,20.25,INNOVA CRYSTA 2.4 ZX MT,Toyota
2015,31652,Diesel,Automatic,First,17.68,174.33,26.78,A6 2011-2015 2.0 TDI TECHNOLOGY,Audi
2010,109000,Diesel,Manual,Second,12.99,100.6,8.26,INNOVA 2.5 VX (DIESEL) 7 SEATER,Toyota
2015,31978,Petrol,Manual,First,16.47,73.9,3.89,POLO PETROL TRENDLINE 1.2L,Volkswagen
2011,70000,Petrol,Manual,First,20.92,67.1,2.1,ALTO K10 LXI,Maruti
2017,15000,Petrol,Automatic,First,18.0,117.3,12.69,CITY I-VTEC CVT ZX,Honda
2013,59138,Diesel,Manual,First,17.0,70.0,2.58,INDIGO LX,Tata
2014,61726,Diesel,Automatic,First,17.68,174.33,20.77,A6 2011-2015 2.0 TDI PREMIUM PLUS,Audi
2015,48000,Diesel,Automatic,First,17.9,136.0,20.26,GLA CLASS 200 CDI SPORT,Mercedes-Benz
2006,58000,Petrol,Manual,Second,18.15,97.7,1.5,SANTRO XING XL,Hyundai
2011,60020,Diesel,Manual,First,17.8,97.7,2.5,SWIFT VDI BSIV,Maruti
2014,77815,Petrol,Automatic,First,23.1,67.04,4.25,CELERIO VXI AT,Maruti
2017,29000,Diesel,Automatic,First,17.9,201.15,57.0,GLE 250D,Mercedes-Benz
2017,44000,Diesel,Automatic,First,12.7,187.7,44.0,ROVER RANGE ROVER HSE DYNAMIC,Land
2011,108626,Diesel,Manual,First,20.54,103.6,3.65,VENTO DIESEL TRENDLINE,Volkswagen
2012,71791,Petrol,Manual,First,14.0,35.0,2.05,OMNI 8 SEATER BSIV,Maruti
2012,91931,Petrol,Manual,First,18.5,86.8,3.13,BRIO 1.2 VX MT,Honda
2000,53000,Diesel,Manual,Second,14.07,83.1,1.5,SUMO DELUX,Tata
2012,91183,Diesel,Manual,First,18.0,75.0,2.85,INDICA VISTA AURA 1.3 QUADRAJET,Tata
2012,65000,Petrol,Manual,First,18.9,67.1,2.65,WAGON R LXI BS IV,Maruti
2015,88428,Diesel,Manual,First,16.0,140.0,10.6,XUV500 W8 4WD,Mahindra
2008,53000,Diesel,Manual,Second,17.1,70.0,1.25,INDIGO LS DICOR,Tata
2018,18000,Petrol,Manual,First,16.02,93.7,8.25,ERTIGA PASEO VXI,Maruti
2011,60000,Petrol,Automatic,First,11.7,177.6,4.45,ACCORD 2.4 A/T,Honda
2012,48000,Diesel,Manual,First,19.3,73.9,3.7,SWIFT DZIRE VDI,Maruti
2009,53000,Diesel,Manual,First,17.8,68.0,2.8,FIESTA EXI 1.4 TDCI LTD,Ford
2008,40000,Petrol,Manual,First,17.7,78.0,1.8,CITY ZX GXI,Honda
2014,51495,Diesel,Automatic,First,17.68,174.33,21.95,A6 2011-2015 2.0 TDI PREMIUM PLUS,Audi
2011,30000,Diesel,Automatic,First,9.52,97.7,49.0,6 SERIES 640D GRAN COUPE,BMW
2017,97430,Diesel,Automatic,First,14.75,97.7,62.67,Q7 45 TDI QUATTRO TECHNOLOGY,Audi
2008,42496,CNG,Manual,First,26.3,67.1,1.4,ZEN ESTILO LXI GREEN (CNG),Maruti
2012,83000,Diesel,Manual,First,23.0,90.0,5.5,I20 1.4 CRDI ASTA,Hyundai
2009,37000,Petrol,Automatic,Third,16.95,78.9,2.95,I10 SPORTZ AT,Hyundai
2016,28503,Petrol,Automatic,First,19.0,88.7,6.86,JAZZ 1.2 V CVT I VTEC,Honda
2015,76496,Diesel,Manual,First,25.2,74.0,6.15,SWIFT VDI BSIV,Maruti
2011,79152,Petrol,Manual,Second,18.5,82.85,3.3,I20 ASTA 1.2,Hyundai
2011,32000,Petrol,Manual,First,16.47,73.9,2.55,POLO PETROL COMFORTLINE 1.2L,Volkswagen
2009,35000,Petrol,Manual,First,19.7,46.3,1.5,ALTO LXI,Maruti
2004,105000,Petrol,Automatic,Second,11.3,125.0,2.5,COROLLA H4,Toyota
2006,56000,Petrol,Manual,Second,19.7,46.3,1.4,ALTO LXI,Maruti
2012,73000,Diesel,Manual,First,21.12,88.8,3.4,MANZA ELAN QUADRAJET BS IV,Tata
2012,38000,Petrol,Manual,First,19.7,46.3,2.25,ALTO LXI,Maruti
2013,53000,Diesel,Automatic,First,19.3,141.0,7.5,OCTAVIA AMBITION PLUS 2.0 TDI AT,Skoda
2008,80000,Petrol,Automatic,First,11.3,125.0,2.8,COROLLA H4,Toyota
2016,24973,Petrol,Manual,First,18.6,81.83,7.66,I20 ASTA OPTION 1.2,Hyundai
2016,45000,Diesel,Manual,First,24.3,88.5,7.15,VITARA BREZZA LDI,Maruti
2010,87430,Petrol,Manual,First,17.0,118.0,3.5,CITY 1.5 V MT,Honda
2014,53000,Diesel,Manual,Second,18.0,75.0,3.5,INDICA VISTA AQUA 1.3 QUADRAJET,Tata
2013,57000,Diesel,Manual,First,25.8,98.6,3.45,AMAZE S I-DTECH,Honda
2016,27904,Petrol,Manual,First,21.1,55.2,3.55,EON D LITE PLUS,Hyundai
2015,30717,Diesel,Automatic,Second,21.76,190.0,25.99,3 SERIES LUXURY LINE,BMW
2012,80000,Diesel,Manual,First,22.32,126.32,5.25,VERNA 1.6 SX,Hyundai
2013,47304,Diesel,Manual,First,21.02,88.8,2.9,MANZA CLUB CLASS QUADRAJET90 LS,Tata
2005,100000,Petrol,Automatic,First,14.45,227.0,2.05,OCTAVIA RS,Skoda
2017,30000,Petrol,Manual,First,24.07,67.1,3.75,ALTO K10 VXI,Maruti
2014,68000,Diesel,Manual,First,22.7,89.84,6.75,ECOSPORT 1.5 DV5 MT TITANIUM OPTIONAL,Ford
2011,21000,Petrol,Manual,Second,18.0,62.0,0.95,SPARK 1.0 LS,Chevrolet
2017,21000,Diesel,Automatic,First,19.33,177.0,52.0,XF 2.0 DIESEL PORTFOLIO,Jaguar
2007,119000,Petrol,Manual,Third,13.1,141.1,3.91,CR-V RVI MT,Honda
2019,13747,Petrol,Automatic,First,14.67,177.46,27.3,SUPERB L&K 1.8 TSI AT,Skoda
2009,53000,Petrol,Manual,First,20.36,78.9,2.7,I10 MAGNA 1.2,Hyundai
2013,70000,Diesel,Manual,First,22.9,74.0,3.5,SWIFT LDI,Maruti
2016,18000,Petrol,Automatic,First,18.5,83.14,6.2,SWIFT DZIRE VXI AT,Maruti
2011,83000,Diesel,Manual,First,23.08,63.1,2.75,MICRA DIESEL XV,Nissan
2015,130000,Diesel,Manual,First,23.4,74.0,3.25,SWIFT DZIRE TOUR LDI,Maruti
2012,63400,Diesel,Manual,First,17.8,67.0,3.25,FIESTA CLASSIC 1.4 DURATORQ CLXI,Ford
2003,65000,Petrol,Manual,First,17.3,60.0,0.65,ZEN LX,Maruti
2017,8350,Petrol,Manual,First,13.8,192.0,35.0,CLUBMAN COOPER S,Mini
2014,45000,Diesel,Manual,First,23.59,67.05,3.25,ETIOS GD,Toyota
2018,26200,Petrol,Manual,First,24.7,47.3,2.9,ALTO 800 2016-2019 LXI,Maruti
2011,11000,Petrol,Manual,Third,18.9,47.0,2.9,ALTO VXI,Maruti
2009,90000,Diesel,Automatic,Second,11.0,97.7,17.75,X5 3.0D,BMW
2015,74000,Petrol,Automatic,Second,11.07,179.5,8.25,TEANA XV,Nissan
2015,37081,Petrol,Automatic,First,18.9,82.0,5.77,GRAND I10 AT ASTA,Hyundai
2017,39000,Diesel,Manual,First,24.3,88.5,9.49,VITARA BREZZA ZDI PLUS,Maruti
2008,99000,Diesel,Automatic,Third,12.07,97.7,12.95,Q7 3.0 TDI QUATTRO PREMIUM PLUS,Audi
2015,38000,Diesel,Automatic,First,17.9,136.0,20.0,GLA CLASS 200 CDI,Mercedes-Benz
2007,72000,Petrol,Manual,Third,16.1,37.0,1.0,800 AC,Maruti
2015,93000,Diesel,Manual,Second,20.45,83.8,7.1,DUSTER 85PS DIESEL RXL,Renault
2017,5900,Diesel,Manual,First,21.43,87.2,16.5,COROLLA ALTIS D-4D GL,Toyota
2014,25000,Diesel,Manual,First,15.8,170.0,26.0,NEW C-CLASS 220,Mercedes-Benz
2010,68000,Diesel,Manual,Second,21.1,73.9,3.2,RITZ VDI,Maruti
2017,35676,Petrol,Automatic,First,16.0,117.3,9.48,BRV I-VTEC V CVT,Honda
2015,74310,Diesel,Manual,First,24.4,71.0,4.0,XCENT 1.1 CRDI BASE,Hyundai
2014,59364,Diesel,Automatic,First,14.21,203.0,26.5,E-CLASS 2009-2013 E250 CDI AVANTGARDE,Mercedes-Benz
2014,41380,Petrol,Automatic,Second,14.8,120.7,11.77,B CLASS B180,Mercedes-Benz
2017,33900,Diesel,Automatic,First,15.0,204.0,37.0,E-CLASS 2015-2017 E250 EDITION E,Mercedes-Benz
2016,28000,Petrol,Manual,First,17.8,117.3,8.75,CITY I VTEC VX OPTION,Honda
2007,50958,Petrol,Manual,First,17.0,97.7,1.95,SANTRO XING XL ERLX EURO III,Hyundai
2011,93982,Petrol,Manual,First,17.0,118.0,3.75,CITY 1.5 S MT,Honda
2010,95000,Petrol,Manual,First,16.2,103.2,2.5,VERNA TRANSFORM VTVT,Hyundai
2017,9000,Petrol,Automatic,First,13.5,97.7,34.5,XE PORTFOLIO,Jaguar
2015,52516,Petrol,Manual,First,18.0,86.7,4.65,AMAZE S I-VTECH,Honda
2015,20000,Petrol,Automatic,First,18.86,122.0,32.0,COOPER CONVERTIBLE 1.6,Mini
2017,56451,Diesel,Automatic,First,13.5,97.7,62.81,S CLASS 2005 2013 S 350 CDI,Mercedes-Benz
2014,37000,Petrol,Manual,First,21.1,55.2,3.25,EON MAGNA PLUS,Hyundai
2014,17400,Petrol,Manual,First,20.51,67.04,3.1,WAGON R VXI BS IV,Maruti
2011,90207,Diesel,Manual,First,21.1,73.9,3.91,RITZ LDI,Maruti
2011,89616,Diesel,Automatic,First,16.07,181.0,11.0,3 SERIES 320D SEDAN,BMW
2014,85000,Diesel,Manual,First,13.49,138.03,3.5,XENON XT EX 4X2,Tata
2014,79271,Diesel,Automatic,First,20.38,143.0,16.5,A3 35 TDI ATTRACTION,Audi
2012,56000,Diesel,Automatic,First,12.7,187.7,30.0,ROVER RANGE ROVER 2.2L DYNAMIC,Land
2010,85001,Diesel,Automatic,Second,12.0,224.0,28.0,GL-CLASS 2007 2012 350 CDI LUXURY,Mercedes-Benz
2018,12000,Diesel,Automatic,First,13.5,175.56,28.0,PAJERO SPORT 4X2 AT DUALTONE BLACKTOP,Mitsubishi
2010,125000,Petrol,Manual,First,19.7,46.3,0.92,ALTO LX,Maruti
2013,53000,Petrol,Manual,First,14.0,64.0,2.75,WAGON R LXI BSIII,Maruti
2017,34990,Diesel,Automatic,First,12.7,187.7,53.83,ROVER RANGE ROVER 2.2L PRESTIGE,Land
2011,49768,Petrol,Manual,Second,17.01,121.3,4.95,VERNA 1.6 SX VTVT,Hyundai
2013,56000,Diesel,Automatic,First,16.73,218.0,33.5,5 SERIES 525D SEDAN,BMW
2013,75000,Diesel,Automatic,First,14.74,97.7,27.95,XF DIESEL,Jaguar
2010,57000,Petrol,Automatic,First,13.7,157.75,7.25,SUPERB ELEGANCE 1.8 TSI AT,Skoda
2017,37542,Diesel,Automatic,First,15.73,174.33,25.71,Q3 35 TDI QUATTRO PREMIUM,Audi
2014,95649,Diesel,Automatic,First,12.7,187.7,29.67,ROVER RANGE ROVER 2.2L PURE,Land
2013,35299,Diesel,Automatic,First,14.84,170.0,19.0,NEW C-CLASS 220 CDI AT,Mercedes-Benz
2017,28464,Diesel,Manual,First,15.4,120.0,13.05,SCORPIO S10 4WD,Mahindra
2015,41000,Diesel,Automatic,First,21.76,190.0,25.5,3 SERIES LUXURY LINE,BMW
2017,9000,Petrol,Manual,First,15.4,117.3,8.5,BR-V I-VTEC S MT,Honda
2010,92098,Diesel,Automatic,Second,16.0,215.0,7.25,S80 2006-2013 D5,Volvo
2005,5834,Petrol,Manual,First,13.2,94.0,0.8,ACCENT GLE,Hyundai
2017,40250,Petrol,Manual,First,17.19,81.86,6.9,I20 ACTIVE SX PETROL,Hyundai
2018,22397,Petrol,Automatic,First,11.5,97.7,70.99,GLC 43 AMG COUPE,Mercedes-Benz
2015,20800,Petrol,Manual,Second,21.1,55.2,2.25,EON MAGNA PLUS,Hyundai
2018,40322,Petrol,Manual,First,18.9,81.86,5.5,GRAND I10 SPORTZ EDITION,Hyundai
2013,52576,Petrol,Manual,First,13.0,100.0,4.35,CITY 1.5 EXI S,Honda
2010,55000,Petrol,Manual,First,16.47,73.9,2.25,POLO PETROL TRENDLINE 1.2L,Volkswagen
2016,47000,Petrol,Automatic,First,15.26,187.74,24.5,A6 35 TFSI MATRIX,Audi
2010,42021,Diesel,Manual,First,18.15,97.7,5.45,JETTA 2007-2011 1.9 L TDI,Volkswagen
2017,23163,Petrol,Manual,First,15.29,121.3,12.03,CRETA 1.6 SX PLUS DUAL TONE PETROL,Hyundai
2011,50000,Petrol,Automatic,Second,11.74,186.0,8.5,NEW C-CLASS C 200 CGI AVANTGARDE,Mercedes-Benz
2014,11900,Petrol,Automatic,First,16.82,189.08,28.5,COOPER CONVERTIBLE S,Mini
2006,108000,Petrol,Manual,Second,17.0,97.7,1.2,SANTRO XING XO ERLX EURO II,Hyundai
2013,37000,Diesel,Manual,First,23.59,67.04,5.75,ETIOS VD,Toyota
2014,30000,Petrol,Manual,Second,19.4,86.8,3.2,BRIO S MT,Honda
2018,12831,Petrol,Automatic,First,21.4,83.1,9.89,BALENO ALPHA AUTOMATIC,Maruti
2012,53000,Diesel,Automatic,First,20.0,138.1,6.58,LAURA AMBIENTE 2.0 TDI CR AT,Skoda
2018,13102,Petrol,Manual,First,21.1,55.2,4.06,EON ERA PLUS,Hyundai
2019,24950,Diesel,Manual,First,20.37,108.45,13.37,CAPTUR 1.5 DIESEL RXL,Renault
2011,57832,Diesel,Automatic,First,16.2,97.7,25.82,5 SERIES 2003-2012 GT 530D LE,BMW
2016,34267,Petrol,Manual,First,22.74,47.3,3.74,ALTO 800 LXI,Maruti
2015,33000,Diesel,Automatic,Second,16.8,150.0,22.0,V40 D3,Volvo
2007,55100,Petrol,Manual,First,18.9,67.1,1.45,WAGON R LXI BSII,Maruti
2008,40000,Petrol,Manual,First,17.7,78.0,2.0,CITY ZX GXI,Honda
2017,31841,CNG,Manual,First,15.1,73.0,4.7,EECO 5 STR WITH AC PLUS HTR CNG,Maruti
2014,15000,Petrol,Manual,First,13.7,98.79,3.75,ENJOY 1.4 LS 8,Chevrolet
2016,82756,Diesel,Manual,First,15.96,62.1,7.7,BOLERO ZLX,Mahindra
2012,50243,Petrol,Manual,First,18.15,97.7,3.35,SANTRO GLS I - EURO I,Hyundai
2014,20600,Petrol,Manual,First,21.1,55.2,2.6,EON D LITE,Hyundai
2017,29952,Petrol,Automatic,First,13.0,121.3,13.77,CRETA 1.6 SX PLUS PETROL AUTOMATIC,Hyundai
2017,15000,Petrol,Manual,Second,16.09,103.5,7.1,VENTO 1.6 COMFORTLINE,Volkswagen
2008,61938,Petrol,Automatic,Second,12.9,130.0,2.65,CIVIC 2006-2010 1.8 S AT,Honda
2014,67000,Diesel,Manual,First,22.3,74.0,2.5,INDICA VISTA QUADRAJET LS,Tata
2013,61672,Diesel,Manual,First,16.0,140.0,7.53,XUV500 W8 2WD,Mahindra
2017,26185,Petrol,Manual,First,18.6,81.83,7.98,I20 1.2 ASTA OPTION,Hyundai
2014,38000,Diesel,Automatic,Second,14.16,174.3,39.0,Q5 30 TDI QUATTRO PREMIUM PLUS,Audi
2011,67000,Petrol,Manual,Second,18.5,85.8,2.25,RITZ VXI,Maruti
2010,66000,Petrol,Manual,Second,13.17,114.0,3.85,CEDIA SPORTS,Mitsubishi
2015,80883,Diesel,Manual,First,12.8,102.0,13.5,INNOVA 2.5 V DIESEL 7-SEATER,Toyota
2016,80219,Diesel,Manual,First,27.62,47.0,3.5,CELERIO LDI,Maruti
2018,12923,Diesel,Manual,First,25.1,88.5,8.92,S-CROSS DELTA DDIS 200 SH,Maruti
2016,86642,Diesel,Automatic,First,15.17,181.0,20.37,Q3 35 TDI QUATTRO PREMIUM PLUS,Audi
2016,19235,Diesel,Automatic,First,21.76,190.0,36.5,3 SERIES LUXURY LINE,BMW
2016,51002,Diesel,Automatic,First,11.33,97.7,48.91,Q7 4.2 TDI QUATTRO TECHNOLOGY,Audi
2016,6800,Petrol,Manual,First,18.6,81.83,7.2,I20 2015-2017 ASTA 1.2,Hyundai
2012,82749,Diesel,Manual,First,19.01,108.45,5.99,DUSTER 110PS DIESEL RXL,Renault
2016,51000,Diesel,Manual,First,24.4,71.0,5.25,XCENT 1.1 CRDI S CELEBRATION EDITION,Hyundai
2014,31465,Diesel,Manual,First,22.7,89.84,6.5,ECOSPORT 1.5 DV5 MT TITANIUM,Ford
2013,76476,Petrol,Manual,First,16.47,73.9,4.4,POLO PETROL TRENDLINE 1.2L,Volkswagen
2017,14000,Diesel,Manual,First,24.0,70.0,4.6,GRAND I10 CRDI MAGNA,Hyundai
2013,47000,Diesel,Manual,First,21.12,88.8,2.95,MANZA AQUA QUADRAJET BS IV,Tata
2011,48466,Petrol,Manual,First,17.0,118.0,3.26,CITY 1.5 V MT,Honda
2008,46000,Petrol,Manual,Second,17.92,62.1,2.22,SANTRO XING GLS,Hyundai
2012,53000,Diesel,Manual,First,12.99,100.0,10.5,INNOVA 2.5 VX (DIESEL) 7 SEATER,Toyota
2017,25142,Diesel,Manual,First,28.09,88.5,8.26,CIAZ 1.3 S,Maruti
2013,69000,Diesel,Manual,First,12.55,169.0,14.45,FORTUNER 4X4 MT TRD SPORTIVO,Toyota
2009,80524,Petrol,Manual,Second,15.3,97.7,2.5,FIESTA 1.6 SXI ABS DURATEC,Ford
2018,26405,Petrol,Automatic,First,12.6,191.34,51.43,E-CLASS E 220 D,Mercedes-Benz
2014,45000,Diesel,Manual,First,15.8,170.0,23.0,NEW C-CLASS 220 CDI MT,Mercedes-Benz
2012,64284,Diesel,Manual,First,17.72,108.49,5.5,YETI AMBITION 4X2,Skoda
2015,27000,Petrol,Manual,First,18.9,82.0,4.5,GRAND I10 SPORTZ,Hyundai
2018,3678,Petrol,Manual,First,18.16,86.8,6.8,FIGO 2015-2019 1.2P TITANIUM MT,Ford
2013,21000,Petrol,Manual,First,16.8,138.02,8.75,OCTAVIA AMBITION 1.4 TSI MT,Skoda
2015,67000,Diesel,Manual,Second,19.87,83.8,7.0,DUSTER 85PS DIESEL RXL OPTION,Renault
2015,24000,Diesel,Automatic,Second,15.68,177.0,33.5,ROVER RANGE ROVER EVOQUE 2.0 TD4 PURE,Land
2011,75000,Diesel,Manual,Second,20.0,68.0,2.25,FIGO DIESEL EXI,Ford
2008,53000,Diesel,Automatic,Second,12.8,156.0,4.24,ENDEAVOUR HURRICANE LIMITED EDITION,Ford
2017,47198,Diesel,Manual,First,12.55,168.5,28.42,FORTUNER 4X4 MT,Toyota
2012,52000,Diesel,Manual,First,22.07,73.9,2.75,POLO DIESEL COMFORTLINE 1.2L,Volkswagen
2011,91000,Diesel,Manual,First,23.2,73.94,3.0,RITZ VDI,Maruti
2013,60000,Diesel,Manual,First,23.08,63.1,3.55,MICRA DIESEL XV PREMIUM,Nissan
2013,37873,Diesel,Manual,First,22.32,126.32,4.8,VERNA 1.6 SX,Hyundai
2011,31000,Petrol,Automatic,First,10.8,150.0,13.5,5 SERIES 2003-2012 523I,BMW
2017,129000,Diesel,Automatic,First,11.0,97.7,56.0,GLS 350D 4MATIC,Mercedes-Benz
2004,78000,Petrol,Automatic,First,12.0,187.4,3.99,CR-V 2.4L 4WD AT,Honda
2016,32000,Diesel,Automatic,First,17.01,126.2,15.5,CRETA 1.6 CRDI AT SX PLUS,Hyundai
2010,59000,Petrol,Manual,Second,19.81,68.05,2.32,I10 ERA,Hyundai
2016,35437,Diesel,Automatic,First,20.0,136.0,18.58,A CLASS A200 CDI SPORT,Mercedes-Benz
2014,98000,Petrol,Manual,First,16.02,93.7,5.5,ERTIGA VXI,Maruti
2006,72000,Diesel,Manual,Second,18.7,66.0,3.2,OCTAVIA CLASSIC 1.9 TDI MT,Skoda
2015,79000,Petrol,Manual,First,18.0,86.7,4.0,AMAZE VX I-VTECH,Honda
2004,29000,Petrol,Manual,First,17.3,60.0,1.6,ZEN LXI BSII,Maruti
2013,66012,Petrol,Manual,First,15.5,103.3,4.15,SX4 ZXI MT BSIV,Maruti
2014,35000,Petrol,Automatic,First,16.5,86.8,4.25,BRIO VX AT,Honda
2011,75000,Petrol,Manual,First,18.9,67.1,2.6,WAGON R VXI,Maruti
2008,80000,Petrol,Automatic,Second,12.1,164.7,3.43,CAMRY A/T,Toyota
2012,32717,Petrol,Manual,First,18.6,79.4,2.55,BEAT LS,Chevrolet
2017,25000,Diesel,Automatic,First,12.55,168.5,32.0,FORTUNER 4X4 AT,Toyota
2014,79000,Diesel,Manual,First,22.7,89.84,6.25,ECOSPORT 1.5 DV5 MT TITANIUM OPTIONAL,Ford
2010,86000,Diesel,Manual,Second,17.8,75.0,3.6,SWIFT VDI BSIII,Maruti
2010,53000,Diesel,Automatic,First,13.5,97.7,18.5,S CLASS 2005 2013 S 350 CDI,Mercedes-Benz
2015,25000,Petrol,Manual,Second,17.3,117.3,4.25,MOBILIO S I VTEC,Honda
2017,8500,Petrol,Manual,Second,18.9,82.0,4.8,GRAND I10 SPORTZ,Hyundai
2015,34000,Diesel,Automatic,First,16.0,140.0,13.0,XUV500 AT W8 FWD,Mahindra
2012,41629,Petrol,Manual,Second,14.83,105.0,2.25,FABIA 1.6 MPI ELEGANCE,Skoda
2009,80227,Petrol,Manual,First,17.92,62.1,2.3,SANTRO XING GLS,Hyundai
2019,8587,Petrol,Manual,First,15.29,121.3,13.56,CRETA 1.6 SX PLUS DUAL TONE PETROL,Hyundai
2017,30000,Diesel,Manual,First,15.4,120.0,12.25,SCORPIO 1.99 S8,Mahindra
2013,64186,Diesel,Manual,First,20.5,103.5,3.76,RAPID 1.6 TDI AMBITION,Skoda
2015,76427,Diesel,Manual,First,19.01,108.45,8.58,DUSTER 110PS DIESEL RXZ,Renault
2011,75000,Diesel,Automatic,First,11.7,97.7,27.5,X5 XDRIVE 30D,BMW
2013,27075,Petrol,Manual,First,17.6,88.73,4.95,ETIOS G,Toyota
2012,30000,Petrol,Manual,First,22.5,67.04,3.3,WAGON R LXI,Maruti
2016,69434,Petrol,Manual,First,15.8,121.3,8.0,CRETA 1.6 SX,Hyundai
2014,56000,Petrol,Manual,First,23.1,67.04,2.79,CELERIO VXI,Maruti
2017,49275,Diesel,Automatic,First,12.7,187.7,45.64,ROVER RANGE ROVER HSE DYNAMIC,Land
2014,8700,Petrol,Manual,First,18.6,76.8,2.55,BEAT LT,Chevrolet
2014,18000,Petrol,Manual,Second,25.4,37.5,1.0,NANO TWIST XT,Tata
2017,41041,Diesel,Automatic,First,17.68,174.33,37.56,A6 2011-2015 35 TDI TECHNOLOGY,Audi
2009,80464,Diesel,Automatic,Second,11.0,198.5,9.29,E-CLASS 280 CDI,Mercedes-Benz
2019,20667,Petrol,Manual,First,22.0,81.8,6.37,SWIFT VXI,Maruti
2013,60283,Petrol,Manual,First,14.6,112.0,2.98,LINEA T JET,Fiat
2017,31696,Petrol,Manual,First,20.4,81.8,5.75,SWIFT VXI OPTIONAL,Maruti
2010,100000,Diesel,Manual,First,11.5,171.0,13.0,FORTUNER 3.0 DIESEL,Toyota
2014,13361,Petrol,Manual,First,16.02,93.7,6.8,ERTIGA ZXI,Maruti
2010,48394,Petrol,Automatic,First,12.05,154.0,10.49,3 SERIES 320I SEDAN,BMW
2014,47399,Petrol,Manual,First,16.02,93.7,5.6,ERTIGA VXI,Maruti
2010,69000,Petrol,Automatic,Second,16.8,118.0,2.85,CITY 1.5 V AT,Honda
2013,65278,Diesel,Manual,First,14.66,194.3,8.36,SANTA FE 4X4,Hyundai
2005,108000,Diesel,Manual,First,17.0,70.0,1.0,INDIGO LS,Tata
2010,50645,Petrol,Automatic,Second,10.93,204.0,10.75,E-CLASS 2009-2013 E 250 ELEGANCE,Mercedes-Benz
2011,130002,Diesel,Manual,First,19.3,73.9,3.85,SWIFT DZIRE LDI,Maruti
2012,107000,Diesel,Manual,First,17.8,67.0,3.0,FIESTA CLASSIC 1.4 DURATORQ CLXI,Ford
2015,41950,Petrol,Automatic,First,18.0,117.3,9.6,CITY I VTEC CVT VX,Honda
2012,109000,Diesel,Manual,First,13.0,168.5,13.25,FORTUNER 4X2 MANUAL,Toyota
2016,9000,Petrol,Manual,First,18.0,86.7,5.75,AMAZE VX O I VTEC,Honda
2014,43900,Diesel,Manual,First,22.54,88.73,6.75,I20 ASTA 1.4 CRDI,Hyundai
2013,64000,Diesel,Manual,Second,18.2,73.8,4.85,ENJOY TCDI LTZ 7 SEATER,Chevrolet
2019,13190,Petrol,Automatic,First,18.15,181.43,38.99,NEW C-CLASS PROGRESSIVE C 200,Mercedes-Benz
2009,77652,Petrol,Automatic,First,12.6,103.2,2.85,SX4 ZXI AT LEATHER,Maruti
2012,55000,Diesel,Manual,First,12.99,100.0,9.51,INNOVA 2.5 VX (DIESEL) 7 SEATER,Toyota
2012,59900,Diesel,Automatic,Second,18.48,177.0,18.5,5 SERIES 2003-2012 520D,BMW
2015,73539,Diesel,Manual,First,19.01,108.45,6.75,DUSTER 110PS DIESEL RXZ,Renault
2017,31645,Diesel,Automatic,First,20.68,190.0,29.4,X1 SDRIVE 20D XLINE,BMW
2009,69690,Petrol,Manual,First,17.7,78.0,3.29,CITY ZX GXI,Honda
2016,41000,Diesel,Manual,First,28.09,88.5,9.5,CIAZ RS ZDI PLUS SHVS,Maruti
2010,109200,Petrol,Manual,Second,17.5,85.8,2.2,SWIFT DZIRE VXI,Maruti
2012,80000,Diesel,Manual,First,15.1,140.0,6.5,XUV500 W6 2WD,Mahindra
2007,51000,Petrol,Manual,First,13.5,130.0,4.9,CIVIC 2006-2010 1.8 S MT,Honda
2013,105000,Diesel,Manual,Second,25.47,88.5,6.75,ERTIGA ZDI,Maruti
2013,53000,Diesel,Manual,First,23.59,67.04,3.8,ETIOS LIVA GD,Toyota
2013,12100,Petrol,Automatic,First,9.9,207.8,29.5,TT 2.0 TFSI,Audi
2017,31000,Diesel,Manual,First,21.13,108.4,10.5,RAPID 1.5 TDI STYLE,Skoda
2015,50000,Diesel,Manual,First,20.14,88.8,6.2,POLO 1.5 TDI HIGHLINE,Volkswagen
2009,48000,Diesel,Automatic,First,17.0,105.0,5.0,LAURA 1.9 TDI AT ELEGANCE,Skoda
2007,35000,Diesel,Manual,First,19.2,65.0,2.3,RENAULT LOGAN 1.5 DLE DIESEL,Mahindra
2016,100200,Diesel,Automatic,First,11.36,171.5,17.0,INNOVA CRYSTA 2.8 GX AT,Toyota
2014,47000,Diesel,Automatic,First,18.88,184.0,25.5,3 SERIES 320D LUXURY LINE,BMW
2015,63642,Diesel,Manual,First,27.3,98.6,5.65,JAZZ 1.5 S I DTEC,Honda
2015,62550,Diesel,Manual,First,25.8,98.6,5.6,AMAZE VX I-DTEC,Honda
2015,37340,Diesel,Automatic,First,16.36,187.7,29.98,XF 2.2 LITRE LUXURY,Jaguar
2016,38461,Diesel,Manual,First,26.59,74.0,7.39,SWIFT DZIRE VDI,Maruti
2018,29000,Diesel,Manual,First,17.1,170.0,19.0,COMPASS 2.0 LIMITED,Jeep
2010,31000,Petrol,Manual,First,12.5,132.0,5.0,COROLLA ALTIS 1.8 SPORT,Toyota
2011,42086,Petrol,Manual,First,17.0,118.0,3.35,CITY 1.5 V MT,Honda
2013,49000,Petrol,Manual,First,18.6,85.8,4.45,SWIFT ZXI,Maruti
2019,77240,Diesel,Automatic,First,22.32,126.32,8.31,VERNA 1.6 SX CRDI (O) AT,Hyundai
2012,105000,Diesel,Manual,Second,15.96,62.1,6.0,BOLERO ZLX,Mahindra
2014,35000,Diesel,Manual,First,22.9,74.0,5.25,SWIFT VDI,Maruti
2006,83072,Petrol,Manual,First,17.0,97.7,1.4,SANTRO XING XO,Hyundai
2012,53000,Diesel,Automatic,First,17.68,174.33,12.3,A6 2011-2015 2.0 TDI PREMIUM PLUS,Audi
2004,129000,Petrol,Manual,Third,13.8,70.0,1.5,IKON 1.3 LXI NXT,Ford
2018,33558,Diesel,Manual,First,20.14,88.0,8.12,POLO 1.5 TDI HIGHLINE,Volkswagen
2012,60271,Diesel,Manual,First,13.6,63.0,6.12,BOLERO VLX CRDE,Mahindra
2017,45366,Diesel,Manual,First,25.1,98.6,10.88,CITY I DTEC VX OPTION,Honda
2014,9500,Petrol,Manual,First,18.2,82.5,3.5,SAIL HATCHBACK 1.2 LS,Chevrolet
2016,42362,Petrol,Manual,First,18.6,81.83,6.15,I20 1.2 SPOTZ,Hyundai
2016,21000,Diesel,Automatic,First,17.05,184.0,33.0,X1 SDRIVE 20D SPORTLINE,BMW
2012,15200,Diesel,Automatic,First,15.06,177.0,13.5,X1 SDRIVE 20D EXCLUSIVE,BMW
2015,43690,Diesel,Automatic,First,12.55,168.5,17.11,FORTUNER 4X2 AT,Toyota
2014,79926,Diesel,Automatic,First,11.33,97.7,29.77,Q7 4.2 TDI QUATTRO TECHNOLOGY,Audi
2013,53073,Diesel,Manual,First,20.77,88.76,5.95,ERTIGA VDI,Maruti
2015,59000,Petrol,Manual,First,18.5,80.0,5.75,I20 1.2 MAGNA,Hyundai
2006,47088,Petrol,Automatic,Second,10.13,97.7,19.0,S CLASS 2005 2013 S 350 L,Mercedes-Benz
2014,55000,Diesel,Manual,First,20.45,83.8,4.75,DUSTER 85PS DIESEL RXL,Renault
2013,80430,Diesel,Manual,Second,17.21,100.0,3.3,QUANTO C2,Mahindra
2013,71932,Diesel,Automatic,First,12.55,168.5,16.5,FORTUNER 4X2 AT,Toyota
2014,19000,Diesel,Automatic,First,15.97,97.7,44.0,X5 2014-2019 XDRIVE 30D DESIGN PURE EXPERIENCE 7 SEATER,BMW
2011,81759,Diesel,Manual,First,19.3,73.9,4.39,SWIFT DZIRE VDI,Maruti
2018,52010,Diesel,Manual,First,25.2,74.0,6.2,SWIFT LDI OPTIONAL,Maruti
2016,58953,Petrol,Automatic,First,13.53,177.01,24.22,A6 2011-2015 35 TFSI TECHNOLOGY,Audi
2008,93000,Diesel,Manual,Third,10.5,107.2,5.45,PAJERO 2.8 SFX BSIV DUAL TONE,Mitsubishi
2016,10000,Diesel,Automatic,First,16.36,187.7,44.0,XF 2.2 LITRE EXECUTIVE,Jaguar
2019,40674,Diesel,Automatic,First,11.36,171.5,24.82,INNOVA CRYSTA 2.8 ZX AT,Toyota
2015,50000,Diesel,Automatic,First,19.3,141.0,11.69,OCTAVIA AMBITION 2.0 TDI AT,Skoda
2018,1331,Petrol,Automatic,First,14.28,138.03,20.0,COROLLA ALTIS VL AT,Toyota
2010,60000,Petrol,Manual,First,19.7,35.0,1.45,OMNI 8 SEATER BSII,Maruti
2018,10003,Diesel,Automatic,First,17.9,170.0,48.5,GLC 220D 4MATIC STYLE,Mercedes-Benz
2016,25000,Diesel,Automatic,First,21.5,108.5,9.45,VENTO 1.5 TDI HIGHLINE AT,Volkswagen
2015,73000,Diesel,Manual,First,16.0,140.0,12.5,XUV500 W10 2WD,Mahindra
2014,59962,Diesel,Manual,First,20.45,83.8,6.9,TERRANO XL 85 PS,Nissan
2012,72000,Diesel,Manual,Second,22.32,126.32,5.8,VERNA 1.6 SX CRDI (O),Hyundai
2016,20967,Diesel,Automatic,First,14.69,97.7,44.56,5 SERIES 2013-2017 530D M SPORT,BMW
2015,35000,Diesel,Manual,Second,15.4,120.0,8.5,SCORPIO S4 PLUS,Mahindra
2017,38056,Diesel,Manual,First,23.9,126.2,10.7,VERNA 1.6 CRDI SX,Hyundai
2009,94000,Diesel,Automatic,Second,12.07,97.7,12.0,Q7 3.0 TDI QUATTRO PREMIUM PLUS,Audi
2010,64236,Petrol,Manual,First,14.7,76.0,2.44,AVEO U-VA 1.2 LT,Chevrolet
2000,124000,Diesel,Manual,First,13.6,63.0,1.95,BOLERO ZLX BSIII,Mahindra
2014,7400,Petrol,Manual,First,19.1,82.0,4.35,XCENT 1.2 KAPPA S,Hyundai
2017,52000,Diesel,Manual,First,13.68,147.8,17.5,INNOVA CRYSTA 2.4 GX MT 8S,Toyota
2015,68764,Petrol,Manual,First,21.1,55.2,2.9,EON ERA PLUS,Hyundai
2013,64000,Diesel,Manual,First,22.07,73.9,2.9,POLO DIESEL COMFORTLINE 1.2L,Volkswagen
2016,21558,Diesel,Manual,First,24.3,88.5,8.9,VITARA BREZZA ZDI,Maruti
2013,37500,Diesel,Automatic,First,18.88,184.0,16.75,3 SERIES 320D PRESTIGE,BMW
2016,14077,Petrol,Manual,First,21.1,55.2,3.95,EON SPORTZ,Hyundai
2009,70000,Petrol,Manual,First,17.0,118.0,2.1,CITY 1.5 S MT,Honda
2011,54316,Petrol,Manual,Second,12.8,177.6,4.29,ACCORD 2.4 MT,Honda
2009,90764,Diesel,Manual,First,14.0,112.0,3.85,XYLO E8,Mahindra
2009,53000,Diesel,Automatic,Second,13.2,170.0,9.0,3 SERIES 320D,BMW
2013,127000,Petrol,Manual,Second,16.8,116.3,4.5,CITY V MT,Honda
2016,51884,Diesel,Manual,First,16.0,140.0,12.46,XUV500 W10 2WD,Mahindra
2014,67407,Diesel,Manual,First,21.27,88.76,4.65,I20 ASTA 1.4 CRDI,Hyundai
2014,107825,Diesel,Manual,First,13.0,168.5,20.5,FORTUNER 4X2 MANUAL,Toyota
2006,82453,Diesel,Manual,First,13.6,63.0,2.9,BOLERO DI BSII,Mahindra
2007,30441,Petrol,Manual,First,15.9,85.0,1.45,ESTEEM VXI - BSIII,Maruti
2002,70000,Petrol,Manual,Third,18.15,97.7,0.65,SANTRO LS ZIPPLUS,Hyundai
2016,11000,Diesel,Automatic,First,20.7,113.98,29.5,COOPER 5 DOOR D,Mini
2015,61000,Diesel,Automatic,First,15.73,174.33,25.0,Q3 35 TDI QUATTRO PREMIUM,Audi
2013,48454,Petrol,Manual,Second,17.0,80.0,3.5,I20 SPORTZ OPTION,Hyundai
2017,37000,Diesel,Manual,First,14.1,154.0,11.25,SAFARI STORME VX VARICOR 400,Tata
2017,32249,Diesel,Manual,First,21.9,98.6,10.79,BR-V I-DTEC VX MT,Honda
2013,58000,Diesel,Manual,First,19.33,138.03,5.9,JETTA 2013-2015 2.0L TDI HIGHLINE,Volkswagen
2017,28360,Petrol,Manual,First,19.1,81.86,5.12,XCENT 1.2 KAPPA S OPTION,Hyundai
2017,7000,Petrol,Manual,First,20.89,81.8,5.7,IGNIS 1.2 ALPHA,Maruti
2016,19658,Diesel,Automatic,First,18.12,190.0,35.84,5 SERIES 2013-2017 520D LUXURY LINE,BMW
2007,92000,Petrol,Manual,First,13.8,70.0,1.25,IKON 1.3 CLXI,Ford
2013,25000,Petrol,Manual,First,20.36,78.9,2.65,I10 SPORTZ,Hyundai
2016,37882,Diesel,Manual,First,22.32,126.3,9.19,VERNA 1.6 CRDI,Hyundai
2014,69330,Diesel,Automatic,First,16.07,181.0,23.5,3 SERIES 320D HIGHLINE,BMW
2011,61000,Petrol,Automatic,First,12.3,185.0,12.5,E-CLASS 2009-2013 E200 CGI BLUE EFFICIENCY,Mercedes-Benz
2010,35000,Petrol,Manual,Second,18.6,79.4,1.5,BEAT OPTION PACK,Chevrolet
2004,53000,Petrol,Manual,First,18.15,97.7,0.8,SANTRO XING XP,Hyundai
2009,82000,Diesel,Manual,Second,13.5,97.7,0.75,INDICA DLS,Tata
2012,72450,Diesel,Manual,First,15.1,140.0,8.1,XUV500 W8 2WD,Mahindra
2017,36381,Diesel,Manual,First,28.09,88.5,9.75,CIAZ ZDI PLUS SHVS,Maruti
2017,25559,Diesel,Automatic,First,19.71,201.15,37.93,NEW C-CLASS C 250 CDI AVANTGARDE,Mercedes-Benz
2005,100000,Petrol,Automatic,Third,16.4,78.0,1.96,CITY ZX CVT,Honda
2015,94000,Diesel,Automatic,First,11.5,169.0,20.5,FORTUNER 4X2 4 SPEED AT,Toyota
2011,64357,Petrol,Manual,First,24.07,67.1,2.75,ALTO K10 VXI,Maruti
2017,10501,Petrol,Automatic,First,9.43,97.7,75.0,XJ 2.0L PORTFOLIO,Jaguar
2009,47000,Diesel,Manual,First,21.9,90.0,2.8,I20 1.4 MAGNA ABS,Hyundai
2017,18000,Petrol,Automatic,First,16.0,117.3,9.25,BRV I-VTEC V CVT,Honda
2007,89000,Petrol,Manual,First,13.4,125.0,3.0,COROLLA EXECUTIVE (HE),Toyota
2014,49964,Diesel,Automatic,First,17.68,174.33,23.89,A6 2011-2015 2.0 TDI PREMIUM PLUS,Audi
2014,35000,Diesel,Manual,First,12.99,100.6,12.75,INNOVA 2.5 ZX DIESEL 7 SEATER BSIII,Toyota
2014,64000,Diesel,Manual,First,24.0,70.0,4.15,GRAND I10 CRDI SPORTZ,Hyundai
2013,36000,Petrol,Automatic,First,14.8,105.0,4.65,VENTO IPL II PETROL HIGHLINE AT,Volkswagen
2012,78600,Diesel,Manual,First,12.8,102.0,8.9,INNOVA 2.5 VX (DIESEL) 7 SEATER BS IV,Toyota
2008,53000,Diesel,Manual,Second,16.8,110.0,1.5,VERNA CRDI SX,Hyundai
2015,65000,Diesel,Manual,Second,23.2,73.94,3.27,RITZ VDI,Maruti
2008,120300,Diesel,Automatic,Second,12.07,97.7,18.0,Q7 3.0 TDI QUATTRO TECHNOLOGY,Audi
2016,21000,Petrol,Manual,First,18.6,81.83,6.3,I20 ASTA OPTION 1.2,Hyundai
2017,18108,Diesel,Manual,First,24.3,88.5,11.31,VITARA BREZZA ZDI PLUS DUAL TONE,Maruti
2014,58407,Petrol,Manual,First,17.4,117.3,6.16,CITY I VTEC S,Honda
2014,49500,Petrol,Manual,First,20.73,91.1,6.0,CIAZ ZXI,Maruti
2013,37199,Petrol,Automatic,First,17.5,99.6,5.43,SUNNY XV CVT,Nissan
2012,62000,Diesel,Manual,First,22.07,73.9,4.65,POLO DIESEL HIGHLINE 1.2L,Volkswagen
2015,59000,Diesel,Manual,First,20.77,88.8,7.5,ERTIGA ZDI,Maruti
2015,60000,Diesel,Manual,First,26.59,74.0,6.25,SWIFT DZIRE VDI,Maruti
2007,39037,Diesel,Automatic,First,14.84,170.0,9.25,NEW C-CLASS C 220 CDI ELEGANCE AT,Mercedes-Benz
2013,17003,Petrol,Manual,First,19.4,86.8,3.15,BRIO S MT,Honda
2008,80400,Petrol,Manual,First,16.0,66.7,2.3,I10 MAGNA OPTIONAL 1.1L,Hyundai
2012,75200,Diesel,Manual,First,22.32,126.32,5.25,VERNA 1.6 SX CRDI (O),Hyundai
2017,41217,Diesel,Manual,First,28.09,88.5,7.4,CIAZ VDI SHVS,Maruti
2006,98293,Petrol,Manual,Second,13.8,70.0,1.55,IKON 1.3 FLAIR,Ford
2017,54000,Petrol,Manual,Second,16.2,74.0,6.0,POLO 1.2 MPI HIGHLINE,Volkswagen
2016,17377,Petrol,Manual,First,18.7,88.7,5.9,JAZZ 1.2 V I VTEC,Honda
2013,33800,Diesel,Manual,Second,25.8,98.6,4.7,AMAZE EX I-DTECH,Honda
2015,86157,Diesel,Manual,First,22.54,88.73,6.5,I20 ASTA 1.4 CRDI,Hyundai
2012,53000,Diesel,Manual,First,21.1,73.9,3.55,RITZ VDI,Maruti
2014,55000,Petrol,Manual,First,16.8,116.3,7.1,CITY V MT,Honda
2010,53293,Petrol,Manual,First,13.14,160.0,6.0,SUPERB 1.8 TSI MT,Skoda
2017,38000,Diesel,Manual,First,24.3,88.5,7.99,VITARA BREZZA LDI OPTION,Maruti
2009,64000,Petrol,Manual,Second,17.0,80.0,4.1,I20 ASTA,Hyundai
2017,25058,Petrol,Automatic,First,24.07,67.1,3.95,ALTO K10 VXI AGS,Maruti
2016,36700,Petrol,Manual,First,21.1,55.2,4.38,EON ERA PLUS,Hyundai
2011,35000,Petrol,Manual,First,20.36,78.9,2.75,I10 SPORTZ,Hyundai
2016,22732,Petrol,Automatic,First,18.1,97.7,55.54,SLK-CLASS SLK 350,Mercedes-Benz
2014,48000,Diesel,Automatic,First,18.53,187.74,29.0,A6 2.0 TDI DESIGN EDITION,Audi
2013,62084,Diesel,Manual,First,22.77,98.59,6.6,ECOSPORT 1.5 TDCI TITANIUM,Ford
2012,39273,Diesel,Automatic,First,14.3,140.0,6.99,PASSAT HIGHLINE DSG,Volkswagen
2017,64798,Diesel,Manual,First,13.68,147.8,18.75,INNOVA CRYSTA 2.4 ZX MT,Toyota
2010,100002,Diesel,Manual,Third,20.0,68.0,1.28,FIGO DIESEL ZXI,Ford
2006,78000,Petrol,Manual,Third,14.49,92.7,1.2,AVEO 1.4,Chevrolet
2013,57717,Petrol,Manual,First,18.5,85.8,4.31,RITZ LXI,Maruti
2011,109000,Diesel,Automatic,First,12.39,147.51,16.5,ROVER FREELANDER 2 SE,Land
2017,74515,Petrol,Manual,First,18.9,82.0,5.64,GRAND I10 ASTA,Hyundai
2017,50484,Diesel,Automatic,First,10.91,197.2,31.12,ENDEAVOUR 3.2 TREND AT 4X4,Ford
2013,13452,Diesel,Automatic,First,12.8,167.6,25.46,Q5 2008-2012 2.0 TDI,Audi
2017,37688,Petrol,Manual,First,17.01,121.3,7.88,VERNA 1.6 VTVT,Hyundai
2017,34000,Diesel,Automatic,First,13.0,204.0,36.0,E-CLASS 2015-2017 E250 CDI AVANTGARDE,Mercedes-Benz
2014,120000,Diesel,Automatic,First,18.15,165.0,30.0,M-CLASS ML 350 4MATIC,Mercedes-Benz
2008,64000,Petrol,Manual,Second,17.5,85.8,2.85,SWIFT DZIRE ZXI,Maruti
2011,100000,Petrol,Manual,First,13.0,90.0,3.5,CITY 1.3 EXI S,Honda
2014,75000,Diesel,Manual,First,20.46,83.8,7.5,DUSTER 85PS DIESEL RXL OPTIONAL,Renault
2012,86000,Diesel,Automatic,First,14.84,170.0,19.0,NEW C-CLASS 220 CDI AT,Mercedes-Benz
2015,69000,Diesel,Automatic,First,15.97,97.7,54.0,X5 XDRIVE 30D DESIGN PURE EXPERIENCE 5 SEATER,BMW
2015,41721,Petrol,Manual,First,19.1,82.0,4.7,XCENT 1.2 KAPPA SX OPTION,Hyundai
2017,13000,Petrol,Automatic,First,22.0,81.8,8.5,DZIRE AMT ZXI PLUS,Maruti
2013,38998,Diesel,Automatic,First,16.07,181.0,17.0,3 SERIES 320D CORPORATE EDITION,BMW
2017,54250,Petrol,Manual,First,22.74,47.3,3.51,ALTO 800 LXI,Maruti
2013,45979,Diesel,Automatic,Second,17.11,174.33,19.5,A4 2.0 TDI 177 BHP PREMIUM PLUS,Audi
2012,37000,Petrol,Automatic,Second,13.6,181.0,17.0,COOPER S,Mini
2015,46983,Diesel,Automatic,Second,12.07,97.7,43.35,Q7 3.0 TDI QUATTRO PREMIUM PLUS,Audi
2012,40700,Diesel,Manual,First,25.44,57.6,2.65,BEAT DIESEL LT,Chevrolet
2015,43828,Petrol,Manual,First,20.51,67.04,3.52,WAGON R LXI BS IV,Maruti
2016,53000,Diesel,Manual,First,19.01,108.5,6.25,TERRANO XV PREMIUM 110 PS,Nissan
2015,100000,Diesel,Automatic,First,18.88,184.0,24.75,3 SERIES 320D LUXURY PLUS,BMW
2015,19000,Petrol,Manual,First,20.85,83.14,5.25,SWIFT DZIRE VXI,Maruti
2016,84000,Diesel,Manual,First,17.72,108.5,11.0,YETI ELEGANCE 4X2,Skoda
2018,37630,Petrol,Automatic,First,15.63,110.4,9.1,ECOSPORT 1.5 TI VCT AT TITANIUM,Ford
2010,67714,Petrol,Manual,First,18.5,80.0,3.25,I20 1.2 MAGNA,Hyundai
2017,32000,Diesel,Manual,First,15.0,88.5,8.5,S CROSS DDIS 200 SIGMA OPTION,Maruti
2010,51000,Petrol,Manual,First,16.2,103.2,3.1,VERNA TRANSFORM VTVT,Hyundai
2015,58390,Diesel,Automatic,First,18.88,184.0,19.86,3 SERIES 320D LUXURY LINE,BMW
2017,14000,Diesel,Manual,First,24.0,73.97,4.9,GRAND I10 1.2 CRDI MAGNA,Hyundai
2014,55818,Petrol,Manual,Second,17.4,117.3,5.7,CITY I-VTEC V,Honda
2006,97800,Petrol,Manual,Third,16.1,97.7,1.75,SWIFT 1.3 VXI,Maruti
2012,52241,Diesel,Manual,First,25.2,74.0,2.9,SWIFT VDI BSIV,Maruti
2018,25433,Diesel,Manual,First,27.39,74.0,7.83,BALENO ZETA 1.3,Maruti
2015,40611,Diesel,Manual,First,14.0,138.1,8.15,SAFARI STORME 2012-2015 LX,Tata
2008,72000,Petrol,Manual,Second,13.2,94.0,2.0,ACCENT GLS,Hyundai
2016,54631,Diesel,Manual,First,25.2,74.0,6.25,SWIFT LDI SP LIMITED EDITION,Maruti
2007,60000,Diesel,Manual,Second,17.8,97.7,3.4,SWIFT VDI BSIV,Maruti
2016,24941,Petrol,Automatic,First,21.9,37.48,3.19,NANO XTA,Tata
2017,63939,Diesel,Manual,First,25.47,88.5,7.75,ERTIGA VDI,Maruti
2014,35214,Petrol,Automatic,Second,23.1,67.04,3.2,CELERIO VXI AMT,Maruti
2015,63000,Diesel,Manual,First,25.2,74.0,4.9,SWIFT VDI BSIV,Maruti
2012,121377,Petrol,Manual,First,15.04,103.6,3.8,VENTO PETROL HIGHLINE,Volkswagen
2009,100970,Diesel,Automatic,First,15.5,105.0,4.0,JETTA 2007-2011 1.9 HIGHLINE TDI,Volkswagen
2014,60000,Diesel,Automatic,Second,20.7,113.98,23.5,COOPER 5 DOOR D,Mini
2008,77650,Diesel,Manual,First,17.2,53.5,1.15,INDICA V2 DLS,Tata
2007,71297,Petrol,Manual,First,17.0,97.7,2.2,SANTRO XING XO,Hyundai
2008,55001,Diesel,Automatic,Second,18.15,97.7,26.5,ROVER RANGE ROVER 3.0 D,Land
2015,18955,Petrol,Automatic,First,18.0,117.3,10.65,CITY I-VTEC CVT VX,Honda
2016,47877,Diesel,Automatic,First,16.36,187.7,35.68,XF 2.2 LITRE LUXURY,Jaguar
2017,43368,Diesel,Automatic,First,15.0,204.0,31.94,E-CLASS 2015-2017 E250 EDITION E,Mercedes-Benz
2011,73000,Diesel,Manual,Third,18.3,147.9,4.2,CRUZE LTZ,Chevrolet
2015,72007,Diesel,Manual,First,15.1,140.0,9.9,XUV500 W8 2WD,Mahindra
2014,56778,Petrol,Automatic,First,11.74,186.0,15.46,NEW C-CLASS C 200 CGI AVANTGARDE,Mercedes-Benz
2018,20024,Petrol,Manual,First,18.2,88.7,8.46,JAZZ VX,Honda
2013,42103,Petrol,Manual,First,16.78,88.73,3.25,ETIOS G,Toyota
2012,67147,Petrol,Manual,First,19.7,46.3,2.6,ALTO LXI BSIII,Maruti
2016,37806,Petrol,Manual,First,20.4,81.8,5.2,SWIFT VXI BSIV,Maruti
2009,85000,Petrol,Manual,Third,19.0,66.1,1.8,A-STAR VXI,Maruti
2011,35000,Petrol,Manual,First,25.4,37.48,1.6,NANO LX BSIV,Tata
2015,72035,Diesel,Manual,First,25.5,99.0,2.5,FIGO TITANIUM DIESEL,Ford
2011,48500,Petrol,Manual,First,16.0,90.0,2.5,LINEA EMOTION,Fiat
2017,28854,Petrol,Manual,First,18.16,86.8,6.7,FIGO ASPIRE 1.2 TI-VCT TREND,Ford
2005,92450,Petrol,Manual,First,15.4,94.0,1.2,BALENO LXI,Maruti
2016,14351,Diesel,Automatic,First,18.88,184.0,35.55,3 SERIES 320D LUXURY LINE,BMW
2017,51087,Diesel,Manual,First,17.9,163.7,7.75,CRUZE LTZ,Chevrolet
2005,50000,Diesel,Manual,First,12.7,116.6,1.94,SCORPIO 2.6 DX,Mahindra
2016,73000,Diesel,Manual,First,25.0,69.0,2.2,INDICA V2 ELS,Tata
2011,60000,Diesel,Automatic,First,18.1,147.9,3.8,CRUZE LTZ AT,Chevrolet
2016,50000,Diesel,Manual,First,12.8,102.0,15.65,INNOVA 2.5 V DIESEL 8-SEATER,Toyota
2018,36797,Diesel,Automatic,First,19.27,167.62,39.47,NEW C-CLASS C 220D AVANTGARDE EDITION C,Mercedes-Benz
2011,50000,Petrol,Manual,Second,18.5,85.8,1.5,RITZ VXI,Maruti
2013,94000,Diesel,Manual,First,12.8,102.0,8.85,INNOVA 2.5 GX (DIESEL) 8 SEATER BS IV,Toyota
2013,74000,Diesel,Manual,Second,12.55,168.5,17.9,FORTUNER 4X4 MT,Toyota
2014,41016,Petrol,Automatic,Second,16.95,78.9,5.08,I10 SPORTZ AT,Hyundai
2012,67000,Diesel,Manual,First,22.32,126.32,6.25,VERNA 1.6 SX,Hyundai
2015,76927,Diesel,Automatic,First,15.73,174.33,22.75,Q3 2012-2015 35 TDI QUATTRO PREMIUM PLUS,Audi
2010,17088,Petrol,Manual,First,18.6,79.4,1.46,BEAT LS,Chevrolet
2007,112808,Diesel,Manual,Second,17.8,68.0,2.05,FIESTA 1.4 DURATORQ ZXI,Ford
2014,74980,Diesel,Manual,First,20.0,68.0,4.08,FIGO DIESEL EXI,Ford
2014,44600,Petrol,Automatic,First,23.1,67.04,4.55,CELERIO VXI AT,Maruti
2013,37000,Diesel,Automatic,First,20.0,107.3,14.0,A CLASS A180 CDI,Mercedes-Benz
2016,21000,Petrol,Manual,First,15.8,121.3,10.9,CRETA 1.6 SX,Hyundai
2010,81245,Petrol,Manual,First,18.9,67.1,2.45,WAGON R VXI BS IV,Maruti
2013,70000,Diesel,Automatic,First,10.0,170.0,15.8,E-CLASS 2009-2013 E 220 CDI AVANTGARDE,Mercedes-Benz
2017,4018,Petrol,Manual,First,18.88,110.4,8.25,ECOSPORT 1.5 TI VCT MT TITANIUM BE,Ford
2013,70000,Diesel,Automatic,Second,13.73,148.0,8.5,KOLEOS 2.0 DIESEL,Renault
2016,56532,Diesel,Manual,First,16.0,140.0,15.54,XUV500 W10 2WD,Mahindra
2013,26875,Petrol,Manual,First,16.8,34.2,2.35,OMNI E 8 STR STD,Maruti
2015,72599,Petrol,Manual,First,22.5,67.04,4.32,WAGON R VXI,Maruti
2008,53000,Diesel,Manual,Second,13.1,141.0,3.9,ENDEAVOUR XLT TDCI 4X2,Ford
2011,98000,Diesel,Manual,Second,22.32,126.32,5.2,VERNA 1.6 SX,Hyundai
2018,19500,Petrol,Manual,First,18.6,81.83,5.85,I20 MAGNA 1.2,Hyundai
2013,68000,Petrol,Manual,Second,16.02,93.7,6.25,ERTIGA ZXI,Maruti
2019,19654,Diesel,Automatic,First,14.0,155.0,17.63,XUV500 W9 AT,Mahindra
2017,26000,Diesel,Manual,First,23.65,88.5,9.75,SX4 S CROSS DDIS 200 ZETA,Maruti
2015,10000,Petrol,Automatic,First,18.1,97.7,55.0,SLK-CLASS SLK 350,Mercedes-Benz
2011,75020,Diesel,Manual,First,22.07,73.9,4.1,POLO DIESEL COMFORTLINE 1.2L,Volkswagen
2011,53000,Diesel,Manual,First,12.55,168.5,11.99,FORTUNER 4X4 MT,Toyota
2017,43773,Diesel,Manual,First,16.0,140.0,13.54,XUV500 W10 2WD,Mahindra
2016,21000,Diesel,Automatic,First,17.9,201.15,56.0,GLE 250D,Mercedes-Benz
2016,23280,Petrol,Manual,First,18.7,88.7,6.5,JAZZ 1.2 VX I VTEC,Honda
2013,88000,Diesel,Manual,First,23.4,74.0,4.75,SWIFT DZIRE VDI,Maruti
2014,67000,Petrol,Manual,First,17.01,121.3,5.6,VERNA 1.6 SX VTVT,Hyundai
2017,59636,Diesel,Automatic,First,10.91,197.0,29.2,ENDEAVOUR 3.2 TITANIUM AT 4X4,Ford
2018,11000,Petrol,Manual,First,18.6,81.83,6.35,I20 1.2 ASTA OPTION,Hyundai
2013,60669,Petrol,Manual,First,16.8,116.3,4.95,CITY 1.5 V MT SUNROOF,Honda
2018,12000,Diesel,Manual,First,27.4,98.6,8.5,AMAZE VX DIESEL,Honda
2013,35000,Petrol,Manual,First,17.1,121.3,4.5,VERNA 1.6 SX VTVT (O),Hyundai
2015,65000,Diesel,Manual,First,24.2,98.6,5.5,MOBILIO S I DTEC,Honda
2013,39929,Diesel,Manual,First,20.77,88.8,6.56,ERTIGA ZDI,Maruti
2014,49000,Petrol,Manual,First,24.07,67.1,2.3,ALTO K10 LXI,Maruti
2004,77757,Diesel,Manual,Second,13.1,75.0,3.5,QUALIS FS B2,Toyota
2016,21456,Petrol,Manual,First,20.36,78.9,4.55,I10 SPORTZ,Hyundai
2009,74000,Diesel,Automatic,Second,17.0,105.0,7.75,LAURA 1.9 TDI AT AMBIENTE,Skoda
2015,37000,Petrol,Manual,Second,18.6,81.83,5.25,I20 ASTA OPTION 1.2,Hyundai
2013,108640,Diesel,Automatic,First,11.5,97.7,23.29,5 SERIES 2003-2012 530D HIGHLINE,BMW
2016,38000,Diesel,Automatic,First,22.69,190.0,23.99,3 SERIES 320D M SPORT,BMW
2010,80000,Petrol,Manual,First,14.49,92.7,1.79,AVEO 1.4 LT ABS BSIV,Chevrolet
2011,47000,Diesel,Automatic,Second,14.21,203.0,13.9,E-CLASS 2009-2013 E250 CDI ELEGANCE,Mercedes-Benz
2013,31000,Diesel,Automatic,First,17.68,174.33,18.95,A6 2011-2015 2.0 TDI PREMIUM PLUS,Audi
2014,40000,Petrol,Manual,First,20.51,67.04,2.49,WAGON R LXI BS IV,Maruti
2016,4152,Petrol,Manual,First,25.17,53.3,3.15,KWID RXT,Renault
2017,51000,Diesel,Manual,First,21.66,108.62,6.45,AMEO 1.5 TDI HIGHLINE,Volkswagen
2013,55000,Diesel,Manual,First,22.07,73.9,4.25,POLO DIESEL COMFORTLINE 1.2L,Volkswagen
2014,58500,Petrol,Manual,First,22.74,47.3,2.75,ALTO 800 LXI,Maruti
2017,58620,Petrol,Manual,First,18.6,81.83,7.14,I20 ASTA OPTION 1.2,Hyundai
2012,29605,Petrol,Manual,First,18.3,97.7,2.44,ETIOS LIVA G,Toyota
2012,71172,Petrol,Manual,Third,17.0,80.0,3.5,I20 1.2 SPORTZ,Hyundai
2017,12000,Diesel,Manual,First,22.54,88.73,7.3,I20 1.4 ASTA,Hyundai
2014,25000,Petrol,Manual,First,20.51,67.04,2.75,WAGON R LXI OPTIONAL,Maruti
2017,43000,Diesel,Manual,Second,22.54,88.73,8.2,I20 1.4 ASTA OPTION,Hyundai
2015,57022,Petrol,Automatic,First,17.21,103.6,6.51,POLO GT TSI,Volkswagen
2015,92000,Diesel,Manual,First,20.0,68.05,4.25,FIGO DIESEL TITANIUM,Ford
2014,33372,Petrol,Manual,Second,18.6,85.8,6.21,SWIFT ZXI,Maruti
2016,52625,Diesel,Manual,First,24.0,70.0,4.58,GRAND I10 CRDI MAGNA,Hyundai
2016,53000,Diesel,Manual,First,14.02,118.3,7.5,XYLO H4,Mahindra
2012,65537,CNG,Manual,First,26.83,38.4,2.1,ALTO GREEN LXI (CNG),Maruti
2014,60138,Petrol,Manual,First,19.81,68.05,4.09,I10 MAGNA 1.1,Hyundai
2014,84000,Diesel,Automatic,First,19.3,141.0,10.75,OCTAVIA ELEGANCE 2.0 TDI AT,Skoda
2014,47000,Diesel,Automatic,First,15.97,97.7,41.5,X5 2014-2019 XDRIVE 30D DESIGN PURE EXPERIENCE 7 SEATER,BMW
2014,33450,Petrol,Automatic,First,23.1,67.04,4.4,CELERIO VXI AT,Maruti
2013,125000,Diesel,Manual,Second,20.54,103.6,6.25,VENTO DIESEL COMFORTLINE,Volkswagen
2011,99606,Diesel,Automatic,Second,16.07,181.0,10.5,3 SERIES 320D HIGHLINE,BMW
2014,64000,Diesel,Manual,First,20.77,88.8,7.25,ERTIGA ZDI,Maruti
2013,51000,Diesel,Manual,First,20.0,68.05,3.2,FIGO DIESEL ZXI,Ford
2014,57000,Petrol,Manual,First,16.47,74.0,3.95,POLO 1.2 MPI HIGHLINE,Volkswagen
2009,48040,Diesel,Automatic,Second,16.77,97.7,12.07,A6 3.0 TDI QUATTRO,Audi
2017,43200,Diesel,Manual,First,13.68,147.8,18.6,INNOVA CRYSTA 2.4 ZX MT,Toyota
2013,66000,Diesel,Automatic,First,22.32,126.3,5.7,VERNA 1.6 CRDI EX AT,Hyundai
2013,31000,Petrol,Manual,First,17.92,62.1,1.75,SANTRO XING GL PLUS,Hyundai
2011,46000,Diesel,Automatic,Second,16.55,147.51,10.99,A4 2.0 TDI,Audi
2012,47346,Diesel,Automatic,First,16.55,147.51,14.5,A4 2.0 TDI,Audi
2009,100000,Diesel,Manual,First,17.0,105.0,3.11,LAURA 1.9 TDI MT AMBIENTE,Skoda
2015,63856,Petrol,Automatic,First,13.7,153.86,13.96,CR-V 2.0L 2WD AT,Honda
2015,72996,Diesel,Manual,First,22.32,126.32,7.11,VERNA 1.6 SX CRDI (O),Hyundai
2014,23000,Diesel,Manual,First,24.5,98.6,6.9,MOBILIO RS I DTEC,Honda
2018,15985,Petrol,Manual,First,18.6,81.83,7.77,I20 1.2 ASTA OPTION,Hyundai
2011,98000,Diesel,Manual,Second,12.8,102.0,5.5,INNOVA 2.5 G (DIESEL) 7 SEATER BS IV,Toyota
2014,70089,Petrol,Manual,First,18.6,81.83,5.35,I20 MAGNA 1.2,Hyundai
2011,99000,Diesel,Manual,Second,13.6,63.0,4.5,BOLERO VLX BS IV,Mahindra
2014,72000,Diesel,Manual,First,20.34,103.2,4.75,VENTO 1.5 TDI COMFORTLINE,Volkswagen
2015,44194,Diesel,Automatic,First,16.36,187.7,32.8,XF 2.2 LITRE LUXURY,Jaguar
2005,102000,Petrol,Manual,First,17.3,60.0,0.7,ZEN LXI - BS III,Maruti
2018,56652,Diesel,Automatic,First,13.0,97.7,50.29,E-CLASS FACELIFT,Mercedes-Benz
2010,41650,Diesel,Manual,Second,11.5,171.0,10.99,FORTUNER 3.0 DIESEL,Toyota
2015,61717,Petrol,Automatic,First,18.9,82.0,5.57,GRAND I10 AT ASTA,Hyundai
2018,25302,Diesel,Manual,First,25.4,73.97,5.9,XCENT 1.2 CRDI S,Hyundai
2016,47016,Petrol,Manual,First,15.29,121.3,9.43,CRETA 1.6 VTVT S,Hyundai
2010,69000,Petrol,Manual,First,20.36,78.9,2.9,I10 SPORTZ,Hyundai
2016,32700,Petrol,Manual,First,19.4,86.8,3.68,BRIO S MT,Honda
2015,101337,Diesel,Automatic,First,12.55,168.5,21.67,FORTUNER 4X2 AT,Toyota
2011,59000,Diesel,Automatic,First,16.55,140.0,12.5,A4 2.0 TDI MULTITRONIC,Audi
2018,41736,Diesel,Automatic,First,11.36,171.5,19.92,INNOVA CRYSTA 2.8 ZX AT,Toyota
2014,71649,Diesel,Manual,First,25.1,98.6,6.75,CITY I DTEC VX,Honda
2015,80606,Diesel,Manual,First,25.1,98.6,6.96,CITY I DTEC VX,Honda
2017,63262,Petrol,Manual,First,21.7,67.0,3.25,KWID 1.0 RXT OPTIONAL,Renault
2018,5456,Diesel,Manual,First,28.4,74.0,8.65,SWIFT DDIS ZDI PLUS,Maruti
2017,7500,Petrol,Automatic,First,23.1,67.04,5.0,CELERIO VXI OPTIONAL AMT,Maruti
2011,66000,Diesel,Manual,First,15.1,140.0,5.5,XUV500 W8 2WD,Mahindra
2010,66770,Petrol,Manual,Second,20.36,78.9,2.6,I10 MAGNA,Hyundai
2014,58472,Petrol,Manual,First,19.81,68.05,3.41,I10 MAGNA 1.1,Hyundai
2011,46687,Petrol,Manual,First,22.0,81.8,2.7,DZIRE VXI,Maruti
2008,77000,Petrol,Automatic,Fourth & Above,9.7,163.5,5.5,GRAND VITARA AT,Maruti
2012,7000,Petrol,Automatic,First,14.33,226.6,35.0,TT 40 TFSI,Audi
2011,48000,Petrol,Automatic,Second,14.74,184.0,9.75,NEW C-CLASS C 200 CGI,Mercedes-Benz
2013,47000,Diesel,Manual,First,21.64,84.8,4.25,SUNNY 2011-2014 DIESEL XV,Nissan
2015,51530,Petrol,Manual,First,18.9,67.1,3.2,WAGON R LXI,Maruti
2014,25789,Diesel,Manual,Second,23.4,74.0,6.85,SWIFT DZIRE ZDI,Maruti
2015,48000,Diesel,Manual,First,25.8,98.6,4.5,AMAZE S I-DTECH,Honda
2012,52000,Diesel,Manual,First,28.4,74.0,3.55,SWIFT ZDI,Maruti
2010,95637,CNG,Manual,Second,13.2,93.7,1.9,ACCENT EXECUTIVE CNG,Hyundai
2008,131000,Diesel,Manual,First,10.5,120.0,3.6,SCORPIO LX 2.6 TURBO,Mahindra
2015,42076,Diesel,Automatic,First,13.0,201.1,21.8,E-CLASS E250 CDI AVANTGRADE,Mercedes-Benz
2012,76000,Diesel,Manual,Second,13.0,168.5,13.5,FORTUNER 4X2 MANUAL,Toyota
2016,20487,Petrol,Manual,First,22.7,53.64,2.66,REDI-GO T OPTION,Datsun
2010,43000,Petrol,Manual,Second,16.8,116.3,3.75,CITY V MT,Honda
2018,17000,Petrol,Automatic,First,19.16,158.2,32.0,CAMRY HYBRID,Toyota
2016,60805,Diesel,Manual,First,26.0,98.6,8.07,CITY I DTEC V,Honda
2012,58775,Diesel,Manual,First,19.33,138.1,5.64,JETTA 2012-2014 2.0L TDI TRENDLINE,Volkswagen
2013,70181,Diesel,Automatic,First,17.68,174.33,23.99,A6 2011-2015 2.0 TDI,Audi
2016,85827,Diesel,Manual,First,20.77,88.76,7.5,ERTIGA VDI,Maruti
2016,58205,Diesel,Automatic,First,19.27,167.62,27.0,NEW C-CLASS C 220 CDI STYLE,Mercedes-Benz
2008,91000,Diesel,Manual,Second,19.3,73.9,2.85,SWIFT DZIRE VDI BSIV,Maruti
2012,74000,Diesel,Manual,First,19.01,108.45,6.35,DUSTER 110PS DIESEL RXZ PACK,Renault
2010,79324,Diesel,Manual,First,21.1,73.9,3.3,RITZ VDI,Maruti
2013,38623,Petrol,Manual,First,19.1,85.8,5.0,SWIFT DZIRE VXI,Maruti
2014,59923,Diesel,Manual,First,22.9,74.0,6.46,SWIFT ZDI,Maruti
2017,23360,Petrol,Manual,First,21.1,55.2,3.75,EON SPORTZ,Hyundai
2003,61495,Petrol,Manual,Third,17.3,60.0,1.52,ZEN VXI BSII,Maruti
2012,56661,Petrol,Manual,First,15.1,73.0,3.61,EECO 7 SEATER STANDARD,Maruti
2017,40318,Diesel,Automatic,First,14.16,174.3,43.74,Q5 30 TDI QUATTRO PREMIUM,Audi
2014,60000,Diesel,Automatic,First,15.73,174.33,20.0,Q3 2.0 TDI,Audi
2008,103000,Diesel,Automatic,Second,18.15,97.7,3.0,FORTWO CDI AT,Smart
2010,130000,Diesel,Manual,First,19.3,73.9,3.65,SWIFT DZIRE VDI,Maruti
2013,20000,Diesel,Manual,First,14.07,83.1,5.25,SUMO DX,Tata
2016,76000,Diesel,Automatic,First,15.97,97.7,58.0,X5 2014-2019 XDRIVE 30D DESIGN PURE EXPERIENCE 7 SEATER,BMW
2015,30000,Petrol,Automatic,First,18.0,117.3,8.65,CITY I-VTEC CVT VX,Honda
2015,53000,Diesel,Manual,First,25.0,69.01,2.5,INDIGO ECS ELX BS IV,Tata
2014,28000,Petrol,Automatic,First,16.93,103.6,7.75,VENTO TSI,Volkswagen
2015,74000,Petrol,Manual,First,23.1,67.04,4.15,CELERIO VXI,Maruti
2011,75000,Diesel,Manual,First,11.5,171.0,10.85,FORTUNER 3.0 DIESEL,Toyota
2010,76000,Petrol,Automatic,Second,11.3,170.0,5.53,OUTLANDER 2.4,Mitsubishi
2014,64889,Diesel,Automatic,First,15.5,105.0,11.5,JETTA 2007-2011 1.9 HIGHLINE TDI,Volkswagen
2010,10000,Petrol,Manual,First,9.0,97.7,40.0,CAYMAN 2009-2012 S,Porsche
2015,43000,Diesel,Manual,First,19.67,126.2,9.25,CRETA 1.6 CRDI SX,Hyundai
2011,47490,Petrol,Manual,First,17.5,75.0,2.29,FABIA 1.2 MPI AMBIENTE PETROL,Skoda
2015,80000,Diesel,Manual,First,22.77,98.59,7.0,ECOSPORT 1.5 TDCI TITANIUM,Ford
2007,60000,Petrol,Manual,Second,18.2,64.0,1.65,ZEN ESTILO 1.1 LXI BSIII,Maruti
2017,6006,Petrol,Manual,First,20.73,91.1,8.25,CIAZ 1.4 DELTA,Maruti
2011,71703,Petrol,Automatic,First,14.74,181.03,9.14,NEW C-CLASS C 200 AVANTGARDE EDITION C,Mercedes-Benz
2016,33000,Petrol,Manual,First,17.8,86.7,6.5,AMAZE SX I-VTEC,Honda
2012,60000,Diesel,Manual,First,23.59,97.7,2.95,ETIOS GD,Toyota
2015,91000,Diesel,Manual,First,19.87,83.8,5.75,DUSTER 85PS DIESEL RXL,Renault
2012,72000,LPG,Manual,First,26.2,58.2,2.85,WAGON R LXI LPG BSIV,Maruti
2011,43000,Petrol,Manual,Second,16.47,73.9,2.1,POLO PETROL HIGHLINE 1.2L,Volkswagen
2017,63770,Diesel,Manual,First,19.67,126.2,13.55,CRETA 1.6 SX PLUS DIESEL,Hyundai
2012,43510,Diesel,Automatic,First,14.74,97.7,20.5,XF DIESEL,Jaguar
2017,52000,Diesel,Manual,First,16.3,170.0,20.0,COMPASS 2.0 LIMITED 4X4,Jeep
2018,31427,Diesel,Automatic,First,15.68,177.0,59.72,ROVER RANGE ROVER EVOQUE 2.0 TD4 HSE DYNAMIC,Land
2016,29000,Diesel,Manual,First,27.39,74.0,6.5,BALENO ALPHA DIESEL,Maruti
2016,56000,Diesel,Manual,First,28.09,88.5,7.5,CIAZ ZDI SHVS,Maruti
2007,76000,Petrol,Manual,Second,15.0,104.68,2.15,SX4 VXI BSIII,Maruti
2015,53615,Diesel,Manual,First,22.7,126.24,8.44,ELANTRA CRDI SX,Hyundai
2013,53000,Diesel,Manual,First,13.5,175.56,12.49,PAJERO SPORT 4X4,Mitsubishi
2017,14800,Petrol,Manual,First,17.0,73.75,5.48,AMEO 1.2 MPI COMFORTLINE,Volkswagen
2013,35433,Petrol,Manual,First,18.5,85.8,4.2,RITZ VXI,Maruti
2013,82966,Diesel,Manual,First,16.8,110.0,7.2,VERNA CRDI SX,Hyundai
2014,96000,Diesel,Manual,First,23.4,74.0,4.8,SWIFT DZIRE TOUR LDI,Maruti
2017,39528,Diesel,Manual,First,25.32,77.0,5.83,KUV 100 MFALCON D75 K6,Mahindra
2018,92056,Diesel,Manual,First,13.68,147.8,18.39,INNOVA CRYSTA 2.4 ZX MT,Toyota
2016,14930,Petrol,Manual,First,21.4,83.1,5.85,BALENO DELTA 1.2,Maruti
2016,38000,Diesel,Manual,First,27.3,98.6,6.21,JAZZ VX DIESEL,Honda
2013,71000,Petrol,Manual,First,17.0,80.0,3.65,I20 1.2 ASTA,Hyundai
2012,71000,Diesel,Manual,First,23.0,90.0,3.7,I20 SPORTZ DIESEL,Hyundai
2015,50000,Diesel,Automatic,First,19.27,167.62,30.0,NEW C-CLASS C 220D AVANTGARDE EDITION C,Mercedes-Benz
2016,48163,Petrol,Manual,First,19.1,82.0,4.85,XCENT 1.2 KAPPA BASE,Hyundai
2017,19168,Petrol,Automatic,First,18.9,82.0,6.93,GRAND I10 AT ASTA,Hyundai
2016,26000,Petrol,Manual,First,22.74,47.3,2.6,ALTO 800 VXI,Maruti
2014,37400,Petrol,Manual,First,18.2,82.5,1.89,SAIL HATCHBACK 1.2 LS,Chevrolet
2018,8682,Diesel,Automatic,First,18.15,194.0,39.5,C-CLASS PROGRESSIVE C 220D,Mercedes-Benz
2012,95000,Petrol,Automatic,First,13.7,157.75,10.0,SUPERB ELEGANCE 1.8 TSI AT,Skoda
2009,34000,Diesel,Automatic,First,16.55,147.51,9.95,A4 2.0 TDI,Audi
2014,95000,Diesel,Manual,Second,12.8,102.0,9.45,INNOVA 2.5 G (DIESEL) 7 SEATER BS IV,Toyota
2017,13689,Diesel,Automatic,First,17.9,136.0,28.25,CLA 200 CDI SPORT,Mercedes-Benz
2008,84000,Petrol,Manual,Second,19.81,68.05,1.8,I10 ERA,Hyundai
2008,47000,Petrol,Manual,Second,17.5,85.8,1.4,SWIFT DZIRE VXI,Maruti
2015,60001,Diesel,Automatic,First,21.66,103.52,7.25,RAPID 1.5 TDI AT AMBITION,Skoda
2012,96000,Diesel,Manual,First,21.1,73.9,3.6,RITZ VDI,Maruti
2004,47300,Petrol,Manual,Second,14.4,94.0,1.2,ACCENT GLS 1.6,Hyundai
2014,28246,Petrol,Manual,Second,17.8,86.7,4.94,AMAZE SX I-VTEC,Honda
2007,65000,Petrol,Manual,Second,18.9,67.1,1.25,WAGON R LXI,Maruti
2013,68000,Diesel,Manual,Second,22.07,73.9,4.8,POLO DIESEL COMFORTLINE 1.2L,Volkswagen
2019,11209,Diesel,Automatic,First,12.62,158.0,31.15,ENDEAVOUR 2.2 TREND AT 4X2,Ford
2011,41980,Petrol,Manual,Second,17.0,80.0,3.3,I20 1.2 SPORTZ,Hyundai
2012,65000,Diesel,Manual,First,25.44,57.6,2.4,BEAT DIESEL PS,Chevrolet
2010,38000,Petrol,Manual,First,14.8,130.2,2.0,CIVIC 2010-2013 1.8 V MT,Honda
2014,51000,Petrol,Manual,First,20.51,67.04,3.1,WAGON R VXI BS IV,Maruti
2014,33855,Petrol,Manual,First,15.0,103.6,5.09,RAPID 1.6 MPI AMBITION PLUS,Skoda
2006,53000,Petrol,Manual,Second,15.4,94.0,1.05,BALENO VXI - BSIII,Maruti
2015,47037,Diesel,Manual,Second,22.77,98.59,7.0,ECOSPORT 1.5 TDCI TITANIUM,Ford
2010,58000,Petrol,Manual,Second,13.2,94.0,2.5,ACCENT GLE,Hyundai
2012,61240,Diesel,Automatic,First,22.48,190.0,17.5,5 SERIES 520D LUXURY LINE,BMW
2011,91211,Petrol,Manual,First,20.92,67.1,2.1,ALTO K10 2010-2014 VXI,Maruti
2013,84000,Diesel,Automatic,First,15.73,174.33,17.75,Q3 2012-2015 2.0 TDI QUATTRO PREMIUM PLUS,Audi
2008,64226,LPG,Manual,First,17.3,57.5,1.45,WAGON R LXI DUO BSIII,Maruti
2005,67000,Petrol,Automatic,Second,11.3,125.0,2.45,COROLLA H4,Toyota
2011,106976,Diesel,Automatic,First,13.5,215.0,13.8,XC60 D5,Volvo
2016,27210,Diesel,Manual,First,27.3,98.6,5.85,JAZZ 1.5 VX I DTEC,Honda
2017,26322,Diesel,Manual,First,28.09,88.5,8.9,CIAZ 1.3 ALPHA,Maruti
2016,9107,Petrol,Manual,First,20.4,81.8,5.15,SWIFT VXI BSIV,Maruti
2015,63983,Diesel,Automatic,First,19.27,170.0,16.56,NEW C-CLASS C 220 CDI AVANTGARDE,Mercedes-Benz
2010,53000,Petrol,Manual,Second,18.9,67.0,1.65,WAGON R VXI MINOR,Maruti
2015,11000,Petrol,Automatic,First,15.5,120.7,16.0,A CLASS A180 SPORT,Mercedes-Benz
2008,93000,Petrol,Manual,First,18.15,62.0,1.45,SANTRO XING GL,Hyundai
2017,24852,Diesel,Automatic,First,26.59,74.0,8.08,SWIFT DZIRE AMT ZDI,Maruti
2014,37632,Petrol,Automatic,First,18.9,82.0,4.5,GRAND I10 AT ASTA,Hyundai
2013,55000,Petrol,Manual,Second,16.95,97.7,4.3,SUNNY 2011-2014 XV SPECIAL EDITION,Nissan
2010,81448,Petrol,Manual,First,19.0,66.1,2.6,A-STAR LXI,Maruti
2018,1900,Petrol,Manual,First,25.17,53.3,4.45,KWID RXT OPTIONAL,Renault
2012,54957,Petrol,Automatic,First,17.1,121.4,5.37,VERNA 1.6 SX VTVT (O) AT,Hyundai
2008,55000,Petrol,Manual,Second,18.9,67.0,1.75,WAGON R LXI MINOR,Maruti
2013,21983,Diesel,Automatic,First,18.88,184.0,16.5,3 SERIES 320D SPORT LINE,BMW
2013,76000,Diesel,Automatic,First,18.48,177.0,19.0,5 SERIES 2003-2012 520D,BMW
2016,65000,Diesel,Manual,First,25.0,69.01,2.8,INDIGO CS EVX,Tata
2015,26000,Diesel,Manual,First,22.54,88.73,6.2,I20 SPORTZ 1.4 CRDI,Hyundai
2019,11571,Petrol,Manual,First,16.8,34.2,3.8,OMNI E MPI STD BS IV,Maruti
2014,81000,Diesel,Manual,First,25.2,74.0,6.1,SWIFT ZDI,Maruti
2019,23154,Diesel,Manual,First,23.0,98.96,11.65,ECOSPORT SIGNATURE EDITION DIESEL,Ford
2014,26856,Petrol,Automatic,First,16.5,86.8,4.15,BRIO VX AT,Honda
2017,67489,Diesel,Manual,First,13.68,147.8,16.5,INNOVA CRYSTA 2.4 GX MT,Toyota
2008,53000,Diesel,Manual,Second,10.5,120.0,4.3,SCORPIO 2.6 LX,Mahindra
2010,18000,Petrol,Manual,First,18.5,80.0,2.25,I20 1.2 MAGNA,Hyundai
2014,63003,Diesel,Manual,First,22.32,126.32,6.75,VERNA 1.6 SX,Hyundai
2014,80000,Diesel,Manual,First,15.1,140.0,9.4,XUV500 W6 2WD,Mahindra
2014,56658,Diesel,Manual,First,20.64,108.5,5.39,VENTO 1.5 TDI COMFORTLINE,Volkswagen
2019,18592,Diesel,Manual,First,26.59,74.0,8.51,SWIFT DZIRE VDI OPTIONAL,Maruti
2010,75695,Petrol,Manual,First,13.7,88.8,1.85,MANZA AURA SAFIRE BS IV,Tata
2012,82000,Diesel,Manual,Second,22.9,74.0,2.5,SWIFT VDI,Maruti
2013,60000,Diesel,Manual,First,22.07,73.9,4.75,POLO DIESEL HIGHLINE 1.2L,Volkswagen
2009,53000,Petrol,Manual,Second,17.0,118.0,3.5,CITY 1.5 V MT,Honda
2014,67000,Diesel,Manual,First,23.0,90.0,5.5,I20 ASTA (O) 1.4 CRDI (DIESEL),Hyundai
2012,42750,Petrol,Manual,First,17.0,118.0,6.33,CITY 1.5 V MT,Honda
2014,52398,Diesel,Manual,First,25.44,57.6,2.47,BEAT DIESEL,Chevrolet
2014,36657,Petrol,Manual,First,16.2,62.1,3.3,SPARK 1.0 LS,Chevrolet
2011,77000,Diesel,Manual,Second,11.57,138.1,3.5,NEW SAFARI DICOR 2.2 EX 4X2,Tata
2014,85000,Diesel,Automatic,First,11.3,97.7,38.75,GL-CLASS 350 CDI BLUE EFFICIENCY,Mercedes-Benz
2008,112500,Diesel,Automatic,First,11.5,97.7,7.99,5 SERIES 2003-2012 530D HIGHLINE,BMW
2013,105072,Diesel,Manual,First,14.24,174.5,13.28,FORTUNER 2.8 4WD MT,Toyota
2012,80000,Petrol,Automatic,First,11.25,150.0,9.5,X1 SDRIVE 18I,BMW
2019,3102,Diesel,Manual,First,20.37,108.45,14.01,CAPTUR 1.5 DIESEL PLATINE MONO,Renault
2016,14656,Diesel,Manual,First,24.4,71.0,6.99,XCENT 1.1 CRDI S,Hyundai
2010,105000,Diesel,Automatic,Second,13.2,170.0,11.0,3 SERIES 320D,BMW
2008,61000,Petrol,Automatic,Second,10.8,215.0,11.0,5 SERIES 2010-2013 525I,BMW
2010,85046,Petrol,Manual,Second,18.06,75.0,2.3,MICRA XE,Nissan
2014,48000,Diesel,Automatic,First,16.36,187.7,26.5,XF 2.2 LITRE LUXURY,Jaguar
2011,55000,Diesel,Automatic,First,10.2,97.7,67.0,ROVER RANGE ROVER TDV8 (DIESEL),Land
2017,4000,Petrol,Automatic,First,16.0,160.0,17.75,COMPASS 1.4 LIMITED OPTION,Jeep
2010,94000,Petrol,Automatic,Second,10.1,152.0,4.8,CR-V 2.4 AT,Honda
2013,61110,Petrol,Manual,First,18.6,85.8,4.57,SWIFT VXI,Maruti
2016,80000,Diesel,Manual,First,24.4,71.0,3.5,XCENT 1.1 CRDI S,Hyundai
2015,43190,Diesel,Manual,First,19.01,108.5,7.61,TERRANO XV PREMIUM 110 PS,Nissan
2015,45000,Diesel,Automatic,First,18.25,187.74,25.0,A4 35 TDI TECHNOLOGY,Audi
2016,44178,Petrol,Manual,First,18.9,82.0,5.88,GRAND I10 ASTA OPTION,Hyundai
2015,84415,Diesel,Manual,First,12.99,100.6,13.5,INNOVA 2.5 G (DIESEL) 8 SEATER,Toyota
2015,35000,Petrol,Manual,First,18.5,80.0,4.6,I20 1.2 MAGNA,Hyundai
2013,44000,Diesel,Manual,First,22.77,98.59,4.9,ECOSPORT 1.5 TDCI TITANIUM,Ford
2012,67635,Petrol,Manual,First,17.0,118.0,5.25,CITY 1.5 S MT,Honda
2018,18385,Petrol,Automatic,First,14.8,121.36,12.41,ECOSPORT 1.5 PETROL TITANIUM PLUS AT,Ford
2014,35000,Diesel,Manual,First,22.07,73.9,3.8,POLO DIESEL HIGHLINE 1.2L,Volkswagen
2010,49000,Diesel,Automatic,First,19.27,170.0,8.95,NEW C-CLASS C 220 CDI AVANTGARDE,Mercedes-Benz
2013,69000,Diesel,Manual,First,22.7,89.84,7.2,ECOSPORT 1.5 DV5 MT TITANIUM,Ford
2017,23228,Petrol,Manual,First,14.4,65.0,4.5,INDIGO GLE,Tata
2014,68462,Diesel,Manual,First,26.59,74.0,4.15,SWIFT DZIRE LDI,Maruti
2016,74611,Diesel,Manual,First,25.1,88.5,7.94,S-CROSS ZETA DDIS 200 SH,Maruti
2014,90000,Diesel,Manual,First,19.01,108.45,7.25,DUSTER 110PS DIESEL RXZ PACK,Renault
2016,22000,Petrol,Manual,First,18.9,67.1,3.7,WAGON R VXI,Maruti
2010,58163,Petrol,Manual,First,18.15,62.0,2.45,SANTRO XING GL,Hyundai
2011,109500,Diesel,Manual,Third,25.44,57.6,1.5,BEAT DIESEL LT,Chevrolet
2017,13363,Diesel,Manual,First,16.0,140.0,12.0,XUV500 W4 1.99 MHAWK,Mahindra
2012,51000,Petrol,Manual,Second,19.81,68.05,2.2,I10 ERA 1.1,Hyundai
2007,103000,Diesel,Manual,First,13.93,138.0,3.6,NEW SAFARI DICOR 2.2 EX 4X4,Tata
2009,43002,Petrol,Manual,First,20.36,78.9,1.92,I10 SPORTZ,Hyundai
2016,108000,Diesel,Automatic,First,11.36,171.5,20.5,INNOVA CRYSTA 2.8 ZX AT,Toyota
2010,82407,Diesel,Manual,First,17.5,106.0,4.25,LAURA ELEGANCE MT,Skoda
2013,29000,Petrol,Manual,First,18.9,82.0,3.2,GRAND I10 SPORTZ,Hyundai
2012,53000,Diesel,Manual,Second,23.59,97.7,2.6,ETIOS LIVA GD,Toyota
2014,45000,Diesel,Manual,First,23.4,74.0,3.85,SWIFT DZIRE VDI,Maruti
2010,93401,Diesel,Manual,First,23.0,90.0,3.48,I20 ASTA 1.4 CRDI (DIESEL),Hyundai
2017,95802,Diesel,Manual,Second,25.83,99.0,4.55,FIGO 2015-2019 1.5D TREND MT,Ford
2016,130000,Diesel,Manual,First,25.47,88.5,7.0,ERTIGA VDI,Maruti
2013,67443,Diesel,Manual,First,20.77,88.8,5.75,ERTIGA ZDI,Maruti
2016,47681,Petrol,Automatic,First,16.8,116.3,8.73,CITY 1.5 V AT SUNROOF,Honda
2009,35000,Petrol,Manual,First,19.7,46.3,1.7,ALTO LXI BSIII,Maruti
2016,68000,Diesel,Automatic,First,10.91,197.0,29.5,ENDEAVOUR 3.2 TITANIUM AT 4X4,Ford
2019,34688,Diesel,Manual,First,24.3,88.5,10.49,VITARA BREZZA ZDI PLUS,Maruti
2015,10512,Petrol,Automatic,First,8.6,97.7,64.0,BOXSTER S TIPTRONIC,Porsche
2016,58000,Diesel,Manual,First,22.9,74.0,7.55,SWIFT ZDI,Maruti
2014,40000,Petrol,Manual,First,17.57,88.7,3.95,ZEST REVOTRON 1.2 XT,Tata
2010,61000,Petrol,Manual,Fourth & Above,17.0,80.0,3.25,I20 1.2 SPORTZ OPTION,Hyundai
2009,86000,Diesel,Manual,First,19.4,70.0,2.75,FABIA 1.4 TDI ACTIVE,Skoda
2015,45000,Diesel,Manual,First,21.43,87.2,7.35,COROLLA ALTIS D-4D J,Toyota
2017,55000,Petrol,Manual,First,17.0,73.75,4.7,AMEO 1.2 MPI COMFORTLINE,Volkswagen
2016,36855,Petrol,Manual,Second,15.29,121.3,8.77,CRETA 1.6 VTVT S,Hyundai
2013,46821,Petrol,Manual,First,20.36,78.9,3.42,I10 MAGNA 1.2,Hyundai
2015,120000,Petrol,Manual,First,18.6,76.8,2.5,BEAT LS,Chevrolet
2012,29000,Diesel,Automatic,First,14.74,97.7,20.0,XF 3.0 LITRE S PREMIUM LUXURY,Jaguar
2014,40000,Petrol,Manual,First,13.24,102.5,5.25,TERRANO XL,Nissan
2013,60000,Diesel,Automatic,Second,15.73,174.33,14.5,Q3 2012-2015 2.0 TDI QUATTRO PREMIUM PLUS,Audi
2011,64984,Petrol,Automatic,First,16.95,78.9,3.45,I10 ASTA AT,Hyundai
2015,73204,Petrol,Automatic,First,24.07,67.1,3.3,ALTO K10 VXI AGS,Maruti
2014,50000,Diesel,Automatic,First,11.33,97.7,51.0,Q7 4.2 TDI QUATTRO TECHNOLOGY,Audi
2017,35000,Diesel,Manual,First,24.3,88.5,6.5,VITARA BREZZA VDI,Maruti
2013,17729,Petrol,Manual,First,21.1,55.2,3.65,EON D LITE PLUS,Hyundai
2012,97000,Diesel,Manual,First,20.0,115.0,7.25,XUV300 W8 DIESEL,Mahindra
2014,89614,Diesel,Manual,First,22.0,126.2,6.01,VERNA CRDI 1.6 SX OPTION,Hyundai
2015,14000,Petrol,Manual,First,18.9,67.1,2.8,WAGON R VXI,Maruti
2012,50000,Petrol,Manual,First,17.0,80.0,4.0,I20 SPORTZ OPTION,Hyundai
2014,62505,Petrol,Manual,First,17.4,117.3,5.95,CITY I VTEC V,Honda
2011,53000,Diesel,Manual,Second,12.8,102.0,9.2,INNOVA 2.5 V DIESEL 7-SEATER,Toyota
2012,94900,Diesel,Manual,First,16.8,110.0,5.35,VERNA CRDI SX,Hyundai
2017,55000,Diesel,Manual,First,17.6,153.86,12.0,HEXA XT,Tata
2015,53735,Diesel,Automatic,Second,12.07,97.7,38.94,Q7 3.0 TDI QUATTRO PREMIUM PLUS,Audi
2008,53934,Petrol,Manual,Second,18.9,67.1,2.69,WAGON R VXI,Maruti
2013,58500,Diesel,Automatic,Second,17.09,218.0,27.5,5 SERIES 2013-2017 525D LUXURY LINE,BMW
2014,48000,Petrol,Manual,First,18.0,86.7,2.75,AMAZE EX I-VTECH,Honda
2016,24000,Petrol,Manual,First,24.7,47.3,2.8,ALTO 800 2016-2019 LXI,Maruti
2016,52001,Petrol,Manual,First,17.01,121.3,6.45,VERNA 1.6 SX VTVT,Hyundai
2018,9565,Petrol,Manual,First,23.84,84.0,5.88,TIAGO 1.2 REVOTRON XZ,Tata
2013,32953,Petrol,Manual,First,18.6,85.8,4.65,SWIFT LXI,Maruti
2014,18000,Petrol,Manual,First,21.1,55.2,2.5,EON ERA,Hyundai
2018,20446,Petrol,Automatic,First,12.6,191.34,51.35,E-CLASS E 220 D,Mercedes-Benz
2016,33016,Diesel,Manual,First,22.54,88.73,6.85,I20 MAGNA 1.4 CRDI,Hyundai
2012,48000,Diesel,Manual,First,23.59,67.05,5.25,ETIOS VD,Toyota
2014,72022,Diesel,Manual,First,21.43,87.2,9.23,COROLLA ALTIS DIESEL D4DG,Toyota
2014,34000,Diesel,Automatic,First,20.7,113.98,22.0,COOPER 5 DOOR D,Mini
2014,69000,Diesel,Manual,First,20.14,88.8,5.19,POLO 1.5 TDI HIGHLINE,Volkswagen
2009,108000,Petrol,Automatic,First,13.7,157.75,4.35,SUPERB ELEGANCE 1.8 TSI AT,Skoda
2013,34700,Diesel,Automatic,First,10.0,170.0,24.5,E-CLASS 2009-2013 E 220 CDI AVANTGARDE,Mercedes-Benz
2015,79000,Diesel,Manual,First,17.8,75.0,5.75,SWIFT VDI BSIII W/ ABS,Maruti
2016,58197,Petrol,Automatic,First,18.0,117.3,9.19,CITY I VTEC CVT VX,Honda
2008,66000,Petrol,Automatic,Second,8.45,97.7,10.75,7 SERIES 2007-2012 740LI,BMW
2009,60000,Petrol,Automatic,First,19.2,80.0,2.99,I10 MAGNA AT,Hyundai
2014,57000,Diesel,Manual,First,26.59,74.0,3.89,SWIFT DZIRE VDI,Maruti
2018,45555,Diesel,Manual,First,26.0,98.6,11.73,CITY I DTEC VX,Honda
2016,55137,Petrol,Manual,First,14.0,35.0,3.11,OMNI 8 SEATER BSIV,Maruti
2014,93325,Diesel,Manual,Second,17.2,138.1,14.45,SUPERB 2009-2014 ELEGANCE 2.0 TDI MT,Skoda
2018,38000,Diesel,Manual,First,24.52,88.5,8.7,ERTIGA SHVS VDI,Maruti
2016,57738,Diesel,Manual,First,24.0,70.0,5.04,GRAND I10 CRDI MAGNA,Hyundai
2017,38282,Diesel,Manual,First,28.09,88.5,8.5,CIAZ VDI PLUS SHVS,Maruti
2014,64000,Diesel,Automatic,First,19.27,170.0,15.65,NEW C-CLASS C 220 CDI AVANTGARDE,Mercedes-Benz
2015,32000,Diesel,Manual,First,20.5,91.72,5.65,AVVENTURA MULTIJET EMOTION,Fiat
2010,83000,Petrol,Automatic,First,10.93,204.0,16.5,E-CLASS 2009-2013 E 250 ELEGANCE,Mercedes-Benz
2011,76000,CNG,Manual,First,26.3,67.1,2.0,ZEN ESTILO LXI GREEN (CNG),Maruti
2012,67200,Petrol,Manual,First,15.04,103.6,3.9,VENTO PETROL HIGHLINE,Volkswagen
2013,62655,Diesel,Automatic,First,18.88,184.0,14.5,3 SERIES 320D LUXURY LINE,BMW
2015,16900,Diesel,Automatic,First,14.69,97.7,44.0,5 SERIES 2013-2017 530D M SPORT,BMW
2017,8471,Petrol,Manual,First,18.9,81.86,5.0,GRAND I10 1.2 KAPPA MAGNA,Hyundai
2016,69000,Diesel,Automatic,First,11.36,171.5,19.75,INNOVA CRYSTA 2.8 ZX AT,Toyota
2017,30090,Diesel,Automatic,First,19.6,108.45,11.44,DUSTER 110PS DIESEL RXZ AMT,Renault
2011,120000,Diesel,Manual,First,18.0,75.0,1.75,INDICA VISTA AURA 1.3 QUADRAJET,Tata
2013,23000,Diesel,Manual,First,17.8,97.7,5.6,SWIFT VDI BSIV,Maruti
2016,35939,Petrol,Manual,First,12.3,185.0,30.42,E-CLASS 2009-2013 E 200 CGI AVANTGARDE,Mercedes-Benz
2013,116694,Diesel,Manual,First,15.1,140.0,9.57,XUV500 W8 4WD,Mahindra
2016,40448,Diesel,Manual,First,15.96,62.1,3.5,BOLERO ZLX,Mahindra
2018,64456,Diesel,Manual,First,24.3,88.5,10.46,VITARA BREZZA ZDI,Maruti
2014,52782,Diesel,Manual,First,20.5,91.72,4.85,AVVENTURA MULTIJET EMOTION,Fiat
2016,51672,Petrol,Manual,First,19.5,88.76,5.68,AMAZE S PETROL,Honda
2015,56073,Petrol,Automatic,First,13.7,157.75,13.25,SUPERB ELEGANCE 1.8 TSI AT,Skoda
2011,65000,Diesel,Automatic,First,14.74,97.7,16.0,XF 3.0 LITRE S PREMIUM LUXURY,Jaguar
2013,79000,Petrol,Manual,First,18.9,67.1,3.0,WAGON R VXI BSIII,Maruti
2007,43206,Petrol,Manual,First,17.0,97.7,0.99,SANTRO XING XL ERLX EURO III,Hyundai
2010,70200,Petrol,Automatic,First,14.53,138.1,5.0,COROLLA ALTIS VL,Toyota
2016,42000,Petrol,Manual,First,16.1,85.0,4.75,SWIFT VXI BSIV,Maruti
2014,62000,Petrol,Manual,First,16.47,74.0,5.35,POLO 1.2 MPI HIGHLINE,Volkswagen
2017,20000,Petrol,Manual,First,18.9,81.86,5.98,GRAND I10 1.2 KAPPA ASTA,Hyundai
2011,80000,Diesel,Manual,Third,21.5,88.8,3.5,SX4 ZDI,Maruti
2018,50234,Petrol,Manual,First,18.9,81.86,4.77,GRAND I10 1.2 KAPPA MAGNA,Hyundai
2016,50003,Petrol,Manual,First,21.4,83.1,5.45,BALENO DELTA 1.2,Maruti
2018,1000,Petrol,Automatic,First,20.3,84.0,6.85,TIGOR 1.2 REVOTRON XTA,Tata
2016,54897,Diesel,Automatic,First,26.59,74.0,7.3,SWIFT DZIRE AMT ZDI,Maruti
2007,108995,Petrol,Manual,First,15.3,65.3,1.25,INDICA GLS BS IV,Tata
2015,73000,Diesel,Manual,First,22.7,118.0,8.25,SX4 S CROSS DDIS 320 ZETA,Maruti
2008,65000,Petrol,Manual,First,16.1,88.2,2.71,SWIFT VXI BSIII,Maruti
2016,32000,Petrol,Manual,First,19.1,82.0,3.6,XCENT 1.2 KAPPA SX,Hyundai
2010,65000,Petrol,Manual,First,18.5,80.0,3.0,I20 1.2 MAGNA,Hyundai
2016,21600,Petrol,Automatic,First,23.1,67.04,4.65,CELERIO VXI AT,Maruti
2010,39000,Diesel,Automatic,First,14.84,170.0,9.5,NEW C-CLASS C 220 CDI ELEGANCE AT,Mercedes-Benz
2011,58075,Petrol,Manual,First,17.5,85.8,2.95,SWIFT DZIRE VXI,Maruti
2011,58000,Petrol,Manual,First,15.04,103.6,3.0,VENTO PETROL TRENDLINE,Volkswagen
2015,58000,Diesel,Manual,First,25.2,74.0,5.95,SWIFT ZDI,Maruti
2008,89000,Petrol,Automatic,First,14.53,138.1,4.0,COROLLA ALTIS VL,Toyota
2008,72000,Petrol,Manual,First,13.5,130.0,2.5,CIVIC 2006-2010 1.8 V MT,Honda
2017,1800,Petrol,Automatic,First,16.05,110.4,11.37,ECOSPORT 1.5 TI VCT AT TITANIUM BE,Ford
2010,53000,Diesel,Manual,Second,19.0,93.0,2.25,LINEA EMOTION PACK (DIESEL),Fiat
2013,46230,Petrol,Manual,First,19.81,68.05,3.1,I10 ERA,Hyundai
2014,86925,Diesel,Automatic,First,11.2,215.0,17.18,XC60 D5 INSCRIPTION,Volvo
2018,5000,Petrol,Manual,First,18.6,81.83,6.5,I20 1.2 ASTA,Hyundai
2014,66000,Diesel,Manual,First,26.0,98.6,5.7,CITY I DTEC S,Honda
2013,119000,Diesel,Manual,First,12.99,100.0,8.0,INNOVA 2.5 VX (DIESEL) 8 SEATER BS IV,Toyota
2016,45000,Petrol,Manual,First,25.17,53.3,2.6,KWID RXT,Renault
2009,66149,Petrol,Manual,First,19.0,66.1,2.45,A-STAR VXI,Maruti
2014,42070,Petrol,Automatic,First,14.8,120.7,11.57,B CLASS B180,Mercedes-Benz
2012,35503,Petrol,Manual,First,18.9,67.1,2.3,WAGON R LXI BS IV,Maruti
2016,41460,Diesel,Manual,First,25.2,74.0,5.9,SWIFT VDI BSIV,Maruti
2015,40600,Petrol,Automatic,First,17.0,121.3,7.2,VERNA VTVT 1.6 AT SX OPTION,Hyundai
2013,87000,Diesel,Automatic,First,22.0,126.2,5.9,VERNA CRDI 1.6 AT SX OPTION,Hyundai
2014,30000,Petrol,Manual,Second,16.8,116.3,6.0,CITY V MT,Honda
2010,27089,Petrol,Manual,First,16.0,66.7,1.95,I10 MAGNA OPTIONAL 1.1L,Hyundai
2016,53702,Diesel,Manual,First,23.59,67.04,6.55,ETIOS GD SP,Toyota
2015,51000,Diesel,Automatic,First,27.03,190.0,25.0,S60 D4 MOMENTUM,Volvo
2012,36542,Diesel,Manual,First,20.0,68.05,2.65,FIGO DIESEL EXI,Ford
2017,15000,Diesel,Automatic,First,13.0,97.7,69.5,E-CLASS 2015-2017 E350 CDI AVANTGRADE,Mercedes-Benz
2012,65000,Diesel,Automatic,First,22.69,190.0,14.0,3 SERIES 320D LUXURY LINE,BMW
2014,32000,Petrol,Manual,Second,22.74,47.3,2.1,ALTO 800 VXI,Maruti
2017,24393,Diesel,Manual,First,13.68,147.8,20.4,INNOVA CRYSTA 2.4 VX MT,Toyota
2019,1000,Petrol,Manual,First,18.78,75.0,5.68,POLO 1.0 MPI TRENDLINE,Volkswagen
2014,28238,Petrol,Manual,First,13.24,102.5,5.55,TERRANO XL,Nissan
2013,59000,Diesel,Manual,First,13.5,175.56,12.75,PAJERO SPORT 4X4,Mitsubishi
2012,92000,Petrol,Manual,Second,14.8,130.2,3.35,CIVIC 2010-2013 1.8 S MT,Honda
2013,56840,Petrol,Manual,First,22.74,47.3,1.55,ALTO 800 LXI,Maruti
2013,62746,Diesel,Manual,Second,20.54,103.6,5.9,VENTO DIESEL HIGHLINE,Volkswagen
2012,96000,Diesel,Automatic,First,12.35,187.74,18.98,ROVER FREELANDER 2 HSE,Land
2014,24000,Petrol,Manual,First,13.7,153.86,11.51,CR-V 2.0L 2WD MT,Honda
2016,54000,Diesel,Manual,First,20.77,88.76,7.75,ERTIGA VDI,Maruti
2016,90000,Diesel,Manual,First,12.99,100.6,13.9,INNOVA 2.5 GX (DIESEL) 7 SEATER,Toyota
2010,40000,Petrol,Manual,First,15.0,90.0,1.35,MANZA AURA SAFIRE,Tata
2015,65938,Diesel,Automatic,Second,12.07,97.7,38.0,Q7 35 TDI QUATTRO PREMIUM PLUS,Audi
2017,16100,Petrol,Automatic,First,17.1,121.4,11.6,VERNA 1.6 SX VTVT (O) AT,Hyundai
2017,3600,Diesel,Automatic,First,21.5,108.5,12.25,VENTO 1.5 HIGHLINE PLUS AT 16 ALLOY,Volkswagen
2011,52000,Petrol,Manual,First,17.0,118.0,3.8,CITY 1.5 S MT,Honda
2014,54000,Diesel,Manual,First,20.0,68.05,3.25,FIGO DIESEL TITANIUM,Ford
2016,15399,Petrol,Manual,First,18.7,88.7,6.4,JAZZ 1.2 VX I VTEC,Honda
2012,75000,Petrol,Manual,Second,16.47,73.9,3.95,POLO PETROL HIGHLINE 1.2L,Volkswagen
2010,76752,Petrol,Manual,First,17.4,117.3,3.57,CITY I-VTEC S,Honda
2005,56000,Petrol,Manual,Second,17.7,78.0,1.25,CITY ZX GXI,Honda
2015,70000,CNG,Manual,First,26.2,58.2,3.65,WAGON R LXI CNG,Maruti
2013,46125,Petrol,Automatic,Second,12.0,187.4,12.5,CR-V 2.4L 4WD AT AVN,Honda
2014,35000,Diesel,Automatic,Second,18.12,190.0,23.0,5 SERIES 2013-2017 520D LUXURY LINE,BMW
2003,80000,Diesel,Manual,Third,12.8,35.5,1.35,CLASSIC NOVA DIESEL,Ambassador
2012,62729,Diesel,Manual,First,12.05,120.0,6.32,SCORPIO VLX 2.2 MHAWK BSIII,Mahindra
2012,34000,Diesel,Manual,First,20.54,103.6,3.4,VENTO DIESEL COMFORTLINE,Volkswagen
1999,70000,Petrol,Manual,Second,17.3,60.0,0.77,ZEN VX,Maruti
2009,32000,Petrol,Manual,First,16.1,37.0,0.9,800 DX BSII,Maruti
2017,21000,Petrol,Automatic,First,14.28,138.03,18.0,COROLLA ALTIS 1.8 VL CVT,Toyota
2013,49000,Petrol,Automatic,First,14.59,97.7,19.0,3 SERIES 328I SPORT LINE,BMW
2007,40000,Petrol,Manual,Third,13.8,70.0,1.1,IKON 1.3 FLAIR,Ford
2012,78000,Petrol,Manual,Second,18.6,79.4,2.0,BEAT LT,Chevrolet
2012,52000,Diesel,Manual,First,21.43,86.79,6.5,COROLLA ALTIS 1.4 DG,Toyota
2014,65213,Diesel,Manual,First,16.0,140.0,9.45,XUV500 W4,Mahindra
2016,53000,Diesel,Manual,First,24.4,71.0,4.0,XCENT 1.1 CRDI BASE,Hyundai
2017,36884,Diesel,Automatic,First,13.0,204.0,32.25,E-CLASS 2015-2017 E250 CDI AVANTGARDE,Mercedes-Benz
2009,62500,Petrol,Manual,First,20.36,78.9,2.1,I10 SPORTZ,Hyundai
2015,68000,Petrol,Automatic,Second,14.28,138.03,9.75,COROLLA ALTIS VL AT,Toyota
2014,40748,Petrol,Manual,First,14.53,138.0,6.3,COROLLA 1.8 J,Toyota
2013,60000,Diesel,Automatic,First,17.32,184.0,21.0,Q3 2.0 TDI QUATTRO,Audi
2014,12400,Diesel,Manual,First,21.9,88.8,4.65,I20 MAGNA OPTIONAL 1.4 CRDI,Hyundai
2013,87000,Diesel,Automatic,Second,19.27,167.62,17.0,NEW C-CLASS C 220D AVANTGARDE EDITION C,Mercedes-Benz
2013,20248,Diesel,Manual,First,21.1,73.9,4.35,RITZ VDI,Maruti
2017,52383,Diesel,Manual,First,19.67,126.2,14.82,CRETA 1.6 SX PLUS DIESEL,Hyundai
2018,1000,Diesel,Automatic,First,13.6,177.0,40.0,XE 2.0L DIESEL PRESTIGE,Jaguar
2016,85000,Diesel,Manual,First,14.95,93.7,6.15,XYLO D4,Mahindra
2014,47000,Diesel,Manual,First,12.99,100.6,11.25,INNOVA 2.5 G (DIESEL) 7 SEATER,Toyota
2018,17585,Petrol,Automatic,First,19.16,157.7,32.0,CAMRY 2.5 HYBRID,Toyota
2018,32496,Diesel,Automatic,First,13.22,97.7,45.62,Q5 3.0 TDI QUATTRO,Audi
2017,34613,Diesel,Manual,First,28.4,74.0,6.24,SWIFT VDI,Maruti
2015,53000,Diesel,Manual,First,20.77,88.76,4.8,ERTIGA VDI LIMITED EDITION,Maruti
2014,54000,Petrol,Manual,Second,16.1,85.0,4.5,SWIFT VXI BSIV,Maruti
2015,16900,Petrol,Manual,First,20.36,78.9,3.87,I10 SPORTZ,Hyundai
2013,62334,Petrol,Manual,First,20.36,78.9,2.75,I10 SPORTZ,Hyundai
2018,23714,Petrol,Manual,First,21.4,83.1,6.57,BALENO SIGMA 1.2,Maruti
2010,52325,Petrol,Manual,First,16.36,93.7,2.0,ACCENT EXECUTIVE,Hyundai
2012,50000,Petrol,Manual,First,19.4,86.8,3.65,BRIO S MT,Honda
2016,55746,Diesel,Manual,First,22.9,74.0,6.95,SWIFT ZDI,Maruti
2014,54000,Petrol,Manual,First,20.14,81.86,5.5,XCENT 1.2 VTVT S,Hyundai
2013,43000,Diesel,Manual,First,16.0,140.0,7.0,XUV500 W8 2WD,Mahindra
2014,40000,Diesel,Automatic,First,13.0,201.1,24.0,E-CLASS E250 CDI AVANTGRADE,Mercedes-Benz
2010,125000,Diesel,Automatic,Second,18.15,115.0,11.0,ROVER FREELANDER 2 TD4 S,Land
2016,51944,Diesel,Automatic,First,19.27,170.0,32.5,NEW C-CLASS C 220 CDI AVANTGARDE,Mercedes-Benz
2015,46950,Diesel,Manual,First,21.27,88.76,6.45,I20 ASTA 1.4 CRDI,Hyundai
2015,23000,Diesel,Automatic,First,19.3,141.0,15.75,OCTAVIA ELEGANCE 2.0 TDI AT,Skoda
2014,54546,Petrol,Manual,First,17.0,118.0,5.5,CITY 1.5 S MT,Honda
2015,51535,Diesel,Automatic,First,12.55,168.5,19.03,FORTUNER 4X2 AT,Toyota
2013,45000,Diesel,Automatic,First,17.32,184.0,15.25,Q3 2.0 TDI QUATTRO,Audi
2012,46004,Petrol,Manual,First,20.92,67.1,2.4,ALTO K10 2010-2014 VXI,Maruti
2011,124000,Diesel,Manual,First,23.03,69.0,2.3,INDIGO ECS LX BSIV,Tata
2014,77395,Diesel,Automatic,First,17.11,174.33,14.35,A4 2.0 TDI 177 BHP PREMIUM PLUS,Audi
2018,10600,CNG,Manual,First,18.15,40.3,3.5,ALTO 800 2016-2019 CNG LXI,Maruti
2018,22974,Petrol,Automatic,First,18.0,117.3,11.97,CITY I-VTEC CVT VX,Honda
2009,89000,Petrol,Manual,Second,18.15,97.7,1.6,SANTRO GLS I - EURO II,Hyundai
2015,65012,Diesel,Manual,First,14.24,174.5,18.9,FORTUNER 2.8 2WD MT,Toyota
2017,17125,Petrol,Manual,First,18.9,82.0,5.4,GRAND I10 SPORTZ,Hyundai
2015,90413,Petrol,Manual,First,15.1,73.0,2.95,EECO 7 SEATER STANDARD,Maruti
2013,37000,Petrol,Manual,First,16.47,73.9,5.1,POLO PETROL HIGHLINE 1.2L,Volkswagen
2006,65000,Petrol,Manual,First,18.9,67.0,1.5,WAGON R LXI MINOR,Maruti
2011,66000,Petrol,Manual,First,17.0,118.0,4.9,CITY 1.5 V MT,Honda
2010,86000,Petrol,Manual,First,14.8,130.2,2.9,CIVIC 2010-2013 1.8 S MT,Honda
2005,98437,Petrol,Manual,First,13.0,100.0,1.15,CITY 1.5 EXI,Honda
2010,18000,Petrol,Manual,First,18.5,80.0,2.3,I20 1.2 MAGNA,Hyundai
2018,35070,Diesel,Manual,First,24.0,70.0,5.99,GRAND I10 CRDI SPORTZ CELEBRATION EDITION,Hyundai
2011,42000,Petrol,Automatic,Third,14.4,103.6,3.4,VENTO PETROL HIGHLINE AT,Volkswagen
2009,40000,Petrol,Manual,First,20.36,78.9,1.7,I10 SPORTZ 1.2,Hyundai
2009,43000,Petrol,Manual,First,17.0,80.0,1.99,I20 ASTA,Hyundai
2012,65000,Petrol,Manual,First,18.6,79.4,2.5,BEAT LS,Chevrolet
2013,74000,Diesel,Manual,First,22.07,73.9,4.85,POLO DIESEL HIGHLINE 1.2L,Volkswagen
2010,51192,Petrol,Manual,First,15.6,70.0,2.65,FIGO PETROL LXI,Ford
2014,14262,Petrol,Automatic,First,9.9,207.8,27.35,TT 2.0 TFSI,Audi
2015,66339,Diesel,Manual,Second,25.1,98.6,6.9,CITY I DTEC VX,Honda
2013,90200,Diesel,Manual,First,20.0,68.05,3.5,FIGO DIESEL TITANIUM,Ford
2015,57854,Diesel,Manual,First,12.99,100.6,12.5,INNOVA 2.5 ZX DIESEL 7 SEATER,Toyota
2017,32000,Petrol,Automatic,First,19.12,91.1,9.2,CIAZ 1.4 AT ALPHA,Maruti
2015,29631,Petrol,Automatic,First,18.9,82.0,4.9,GRAND I10 AT ASTA,Hyundai
2009,55005,Petrol,Manual,First,12.8,97.7,3.2,CITY 1.3 DX,Honda
2014,54173,Petrol,Manual,First,18.88,123.24,5.55,ECOSPORT 1.0 ECOBOOST TITANIUM PLUS BE,Ford
2014,50000,Petrol,Automatic,First,14.7,177.6,13.5,OCTAVIA AMBITION 1.8 TSI AT,Skoda
2010,53000,Diesel,Manual,First,20.4,91.7,2.6,LINEA EMOTION (DIESEL),Fiat
2015,78000,Petrol,Manual,First,16.1,88.2,4.5,SWIFT LXI BSIII,Maruti
2013,65000,Diesel,Automatic,Second,11.8,180.0,34.0,ROVER DISCOVERY 4 TDV6 SE,Land
2012,120000,Diesel,Manual,First,12.8,102.0,12.0,INNOVA 2.5 V DIESEL 7-SEATER,Toyota
2015,14000,Diesel,Manual,First,28.4,74.0,5.25,SWIFT LDI,Maruti
2014,57456,Diesel,Automatic,First,17.68,174.33,21.56,A6 2011-2015 2.0 TDI PREMIUM PLUS,Audi
2012,44450,Diesel,Automatic,First,22.48,190.0,24.68,5 SERIES 520D LUXURY LINE,BMW
2013,63777,Petrol,Manual,First,18.5,82.9,3.67,I20 MAGNA OPTIONAL 1.2,Hyundai
2016,31000,Diesel,Automatic,First,17.05,190.0,29.5,X1 M SPORT SDRIVE 20D,BMW
2012,60000,Petrol,Manual,First,17.6,88.73,3.1,ETIOS G,Toyota
2015,78008,Diesel,Manual,First,17.0,70.0,2.9,INDIGO LX,Tata
2014,33000,Diesel,Automatic,Second,18.15,165.0,43.0,M-CLASS ML 350 4MATIC,Mercedes-Benz
2009,27078,Petrol,Automatic,First,10.98,114.4,15.95,BEETLE 2.0,Volkswagen
2011,57275,Diesel,Manual,First,19.7,103.6,4.5,POLO GT TDI,Volkswagen
2014,45000,Diesel,Manual,First,24.0,70.0,3.49,GRAND I10 CRDI MAGNA,Hyundai
2014,57319,Diesel,Manual,First,25.2,74.0,4.25,SWIFT VDI BSIV,Maruti
2008,121097,Diesel,Manual,Second,24.0,88.76,1.9,VERNA CRDI 1.4 E,Hyundai
2011,89000,Diesel,Automatic,First,16.73,218.0,16.57,5 SERIES 2003-2012 525D,BMW
2012,72000,Petrol,Manual,First,17.0,118.0,5.75,CITY 1.5 S MT,Honda
2013,36000,Diesel,Automatic,Second,16.55,147.51,14.0,A4 2.0 TDI,Audi
2013,86000,Diesel,Manual,Second,19.5,75.0,2.5,LINEA CLASSIC PLUS 1.3 MULTIJET,Fiat
2002,85000,Petrol,Manual,First,13.0,90.0,1.2,CITY 1.3 EXI,Honda
2005,120000,Petrol,Manual,Second,15.5,97.7,0.85,PETRA 1.2 EL,Fiat
2013,37613,Diesel,Automatic,First,22.69,190.0,13.95,3 SERIES 320D LUXURY LINE,BMW
2007,100000,Petrol,Manual,First,16.6,68.0,1.6,FIESTA 1.4 DURATEC EXI,Ford
2016,5240,Petrol,Automatic,First,21.9,37.48,3.6,NANO XTA,Tata
2018,20000,CNG,Manual,First,15.1,73.0,4.5,EECO 5 STR WITH AC PLUS HTR CNG,Maruti
2019,16862,Petrol,Manual,First,20.89,81.8,6.06,IGNIS 1.2 DELTA,Maruti
2013,59254,Petrol,Manual,Second,17.5,85.8,5.29,SWIFT DZIRE ZXI,Maruti
2014,60000,Diesel,Manual,First,22.7,89.84,5.75,ECOSPORT 1.5 DV5 MT TITANIUM,Ford
2015,50295,Petrol,Manual,First,16.1,97.7,5.8,SWIFT 1.3 ZXI,Maruti
2014,47674,Petrol,Manual,First,19.1,85.8,5.72,SWIFT DZIRE VXI,Maruti
2014,61517,Petrol,Automatic,First,16.95,78.9,4.39,I10 SPORTZ AT,Hyundai
2016,62946,Diesel,Manual,First,15.1,140.0,11.05,XUV500 W6 2WD,Mahindra
2015,66823,Diesel,Manual,Second,22.54,88.73,4.83,I20 MAGNA 1.4 CRDI,Hyundai
2013,79494,CNG,Manual,First,18.15,67.04,2.96,WAGON R CNG LXI,Maruti
2012,107000,Diesel,Manual,Second,21.27,88.76,4.5,I20 ASTA 1.4 CRDI,Hyundai
2011,55000,Diesel,Automatic,Second,16.46,97.7,19.5,7 SERIES 730LD,BMW
2017,24000,Petrol,Automatic,First,14.3,103.52,8.75,RAPID 1.6 MPI AT STYLE PLUS,Skoda
2016,20002,Diesel,Automatic,First,14.75,97.7,67.0,Q7 45 TDI QUATTRO TECHNOLOGY,Audi
2016,54317,Petrol,Manual,First,17.4,117.3,8.4,CITY I VTEC VX,Honda
2016,10200,Petrol,Manual,First,19.1,82.0,4.99,XCENT 1.2 KAPPA SX,Hyundai
2016,24337,Diesel,Manual,First,26.0,98.6,8.18,CITY I DTEC E,Honda
2012,79000,Petrol,Manual,First,18.4,86.8,2.9,BRIO S OPTION MT,Honda
2015,40500,Diesel,Manual,First,28.09,88.5,7.1,CIAZ ZDI PLUS SHVS,Maruti
2016,23000,Diesel,Manual,First,26.59,74.0,7.05,SWIFT DZIRE VDI OPTIONAL,Maruti
2015,63050,Petrol,Automatic,First,11.1,158.8,17.5,CR-V 2.4L 4WD AT,Honda
2008,78000,Petrol,Automatic,Second,14.53,138.1,3.41,COROLLA ALTIS 2008-2013 1.8 VL AT,Toyota
2005,70000,Petrol,Manual,First,18.15,97.7,1.3,BALENO VXI,Maruti
2012,66245,Petrol,Manual,First,17.0,118.0,5.68,CITY 1.5 V MT,Honda
2007,74112,Diesel,Manual,First,12.05,120.0,4.1,SCORPIO LX BS IV,Mahindra
2011,87670,Petrol,Manual,First,13.4,157.8,4.0,LAURA 1.8 TSI AMBIENTE,Skoda
2015,10000,Diesel,Automatic,First,18.88,184.0,30.0,3 SERIES 320D SPORT LINE,BMW
2007,62493,Petrol,Manual,First,15.0,104.68,1.8,SX4 ZXI BSIII,Maruti
2015,44620,Petrol,Manual,First,20.73,91.1,6.93,CIAZ VXI PLUS,Maruti
2012,66538,Diesel,Automatic,First,10.2,97.7,70.0,ROVER RANGE ROVER 3.6 TDV8 VOGUE SE DIESEL,Land
2013,60000,Diesel,Manual,First,12.99,100.0,7.9,INNOVA 2.5 G (DIESEL) 7 SEATER BS IV,Toyota
2011,20842,Petrol,Manual,First,18.15,62.0,2.78,SANTRO XING GL,Hyundai
2014,110000,Diesel,Automatic,First,13.01,194.3,14.4,SANTA FE 4WD AT,Hyundai
2011,45000,Petrol,Automatic,Second,11.74,186.0,13.5,NEW C-CLASS C250 AVANTGARDE,Mercedes-Benz
2014,40000,CNG,Manual,Second,26.6,58.16,3.15,WAGON R LXI CNG,Maruti
2012,49008,Petrol,Manual,First,19.7,46.3,2.88,ALTO LXI,Maruti
2016,31000,Petrol,Manual,First,24.7,47.3,2.15,ALTO 800 2016-2019 LXI,Maruti
2013,8000,Petrol,Manual,First,16.95,97.7,3.75,SUNNY 2011-2014 XV,Nissan
2019,171,Petrol,Manual,First,24.7,47.3,3.6,ALTO 800 2016-2019 VXI,Maruti
2018,2100,Petrol,Manual,First,24.07,67.1,3.6,ALTO K10 VXI,Maruti
2018,20667,Petrol,Automatic,First,18.9,81.86,7.55,GRAND I10 1.2 KAPPA SPORTZ AT,Hyundai
2015,50000,Diesel,Manual,First,24.2,98.6,4.7,MOBILIO S I DTEC,Honda
2010,100030,Diesel,Manual,Second,18.8,90.0,1.6,MANZA AQUA QUADRAJET,Tata
2011,75372,Diesel,Manual,First,16.52,123.7,3.34,OPTRA MAGNUM 2.0 LT,Chevrolet
2016,60475,Petrol,Automatic,First,18.0,117.3,9.1,CITY I VTEC CVT VX,Honda
2019,18453,Petrol,Manual,First,18.9,81.86,6.17,GRAND I10 1.2 KAPPA SPORTZ,Hyundai
2008,96578,Diesel,Manual,First,22.0,126.2,2.5,VERNA CRDI 1.6 SX,Hyundai
2016,31001,Petrol,Manual,First,18.44,75.0,3.0,MICRA XL,Nissan
2012,65900,Diesel,Manual,First,22.32,126.32,5.75,VERNA 1.6 SX,Hyundai
2017,26246,Petrol,Manual,First,15.29,121.3,10.75,CRETA 1.6 VTVT E PLUS,Hyundai
2013,62700,Petrol,Manual,Second,20.51,67.04,2.85,WAGON R VXI BS IV,Maruti
2008,90000,Petrol,Automatic,First,10.2,180.0,6.5,ACCORD 2.4 ELEGANCE A/T,Honda
2016,36000,Petrol,Automatic,First,16.8,118.0,9.45,CITY 1.5 S AT,Honda
2016,46000,Diesel,Manual,First,27.39,74.0,6.75,BALENO ALPHA 1.3,Maruti
2017,73003,Diesel,Manual,First,26.0,98.6,7.75,CITY I DTEC V,Honda
2014,46566,Diesel,Manual,First,22.54,88.76,4.4,I20 ERA 1.4 CRDI,Hyundai
2015,41493,Diesel,Automatic,First,13.0,97.7,42.0,E-CLASS 2015-2017 E350 EDITION E,Mercedes-Benz
2014,103788,Diesel,Manual,First,19.01,108.5,5.67,TERRANO XV 110 PS,Nissan
2016,45000,Diesel,Automatic,First,19.6,108.45,11.5,DUSTER 110PS DIESEL RXZ AMT,Renault
2009,120000,Petrol,Manual,First,18.9,67.1,1.69,WAGON R LXI MINOR,Maruti
2009,97359,Diesel,Manual,Second,17.1,110.0,1.8,GETZ 1.5 CRDI GVS,Hyundai
2016,62000,Petrol,Manual,First,18.5,85.8,3.2,RITZ LXI,Maruti
2004,115000,Petrol,Manual,Second,18.15,97.7,1.5,CITY 1.5 GXI,Honda
2019,18373,Diesel,Automatic,First,22.48,187.74,45.86,5 SERIES 520D SPORT LINE,BMW
2016,60453,Petrol,Manual,First,16.47,74.0,5.1,POLO 1.2 MPI HIGHLINE,Volkswagen
2013,37000,Diesel,Manual,First,17.8,97.7,4.85,SWIFT VDI BSIV,Maruti
2010,69009,Petrol,Manual,Second,15.6,70.0,2.4,FIGO PETROL ZXI,Ford
2013,30000,Diesel,Automatic,First,18.88,184.0,22.0,3 SERIES 320D LUXURY LINE,BMW
2012,70707,Diesel,Manual,First,22.32,126.32,4.28,VERNA 1.6 SX CRDI (O),Hyundai
2015,64677,Diesel,Manual,First,20.45,83.8,5.67,DUSTER 85PS DIESEL RXL,Renault
2018,3000,Petrol,Automatic,First,18.9,81.86,6.2,GRAND I10 1.2 KAPPA MAGNA AT,Hyundai
2013,49000,Diesel,Automatic,Second,17.05,184.0,14.49,X1 SDRIVE20D,BMW
2010,71000,Diesel,Manual,First,21.1,73.9,3.0,RITZ VDI,Maruti
2010,52000,Petrol,Manual,Second,19.81,68.05,2.25,I10 ERA 1.1 ITECH SE,Hyundai
2016,35659,Diesel,Automatic,First,15.97,97.7,43.78,X5 2014-2019 XDRIVE 30D DESIGN PURE EXPERIENCE 7 SEATER,BMW
2019,5377,Petrol,Manual,First,16.8,116.3,11.45,CITY V MT EXCLUSIVE,Honda
2014,65000,Diesel,Automatic,First,11.18,184.0,10.5,SSANGYONG REXTON RX7,Mahindra
2015,92708,Diesel,Manual,First,22.7,89.84,7.48,ECOSPORT 1.5 DV5 MT TITANIUM OPTIONAL,Ford
2010,48105,Petrol,Manual,First,19.7,46.3,3.1,ALTO LXI,Maruti
2011,46759,Petrol,Manual,First,16.47,74.0,2.55,POLO 1.2 MPI HIGHLINE,Volkswagen
2013,62000,Diesel,Manual,First,22.07,73.9,3.5,POLO DIESEL COMFORTLINE 1.2L,Volkswagen
2012,35175,Diesel,Manual,First,22.07,73.9,2.59,POLO DIESEL HIGHLINE 1.2L,Volkswagen
2013,70000,Diesel,Manual,First,20.77,88.8,5.45,ERTIGA ZDI,Maruti
2017,30000,Diesel,Manual,First,22.77,98.59,6.0,ECOSPORT 1.5 TDCI AMBIENTE,Ford
2016,66618,Diesel,Automatic,First,11.36,171.5,15.49,INNOVA CRYSTA 2.8 ZX AT,Toyota
2010,69300,Petrol,Automatic,Second,10.8,150.0,12.5,5 SERIES 523I SEDAN,BMW
2017,53000,Diesel,Manual,First,23.4,74.0,4.75,SWIFT DZIRE TOUR LDI,Maruti
2017,22000,Petrol,Manual,First,18.88,123.24,7.85,ECOSPORT 1.0 ECOBOOST PLATINUM EDITION,Ford
2013,75000,Diesel,Manual,First,16.8,110.0,6.0,VERNA CRDI SX,Hyundai
2016,43706,Petrol,Manual,First,17.57,88.7,4.0,ZEST REVOTRON 1.2T XM,Tata
2011,42000,Diesel,Automatic,First,14.4,97.7,28.75,A7 2011-2015 3.0 TDI QUATTRO,Audi
2012,65000,Diesel,Manual,First,22.3,74.0,2.5,INDICA VISTA QUADRAJET VX,Tata
2015,76128,Diesel,Manual,First,26.59,74.0,5.5,SWIFT DZIRE VDI,Maruti
2010,39852,Petrol,Manual,First,16.0,90.0,1.59,LINEA EMOTION,Fiat
2017,18673,Petrol,Manual,First,18.6,81.83,6.22,I20 1.2 SPOTZ,Hyundai
2016,11583,Petrol,Manual,First,21.1,55.2,2.75,EON ERA PLUS,Hyundai
2007,82000,Petrol,Manual,Second,18.15,97.7,1.35,SANTRO XING XL,Hyundai
2017,50000,Diesel,Automatic,First,17.9,136.0,25.0,GLA CLASS 200 CDI SPORT,Mercedes-Benz
2014,77000,Petrol,Manual,First,23.1,67.04,2.8,CELERIO VXI,Maruti
2014,54890,Petrol,Manual,Second,17.8,76.8,2.45,BEAT LT,Chevrolet
2016,21000,Petrol,Automatic,First,19.0,88.7,6.35,JAZZ 1.2 V AT I VTEC PRIVILEGE,Honda
2009,58557,Diesel,Automatic,Third,16.07,181.0,8.0,3 SERIES 320D HIGHLINE,BMW
2014,70000,Diesel,Manual,First,19.01,108.45,8.25,DUSTER 110PS DIESEL RXL,Renault
2017,16000,Petrol,Automatic,First,17.01,110.4,5.95,FIGO 2015-2019 1.5P TITANIUM AT,Ford
2018,8899,Diesel,Manual,First,13.68,147.8,19.92,INNOVA CRYSTA 2.4 VX MT,Toyota
2016,83629,Diesel,Manual,First,25.44,56.3,3.15,BEAT DIESEL LS,Chevrolet
2014,35059,Petrol,Automatic,First,17.21,189.0,5.75,POLO GTI,Volkswagen
2018,30552,Diesel,Automatic,First,10.91,197.2,32.44,ENDEAVOUR 3.2 TREND AT 4X4,Ford
2016,44875,Diesel,Automatic,Second,22.32,126.32,8.01,VERNA 1.6 SX CRDI (O) AT,Hyundai
2017,25095,Petrol,Manual,First,18.16,86.8,6.48,FIGO 2015-2019 1.2P TITANIUM OPT MT,Ford
2007,59000,Petrol,Manual,First,16.1,37.0,0.75,800 AC,Maruti
2014,36000,Diesel,Manual,First,26.0,98.6,5.0,CITY I DTEC V,Honda
2012,37000,Diesel,Manual,First,16.0,140.0,7.75,XUV500 W8 2WD,Mahindra
2010,90000,Diesel,Manual,First,20.0,68.0,2.6,FIGO DIESEL ZXI,Ford
2018,17000,Petrol,Manual,First,17.0,121.36,9.2,ECOSPORT 1.5 PETROL TITANIUM,Ford
2015,42575,Petrol,Manual,First,18.6,81.83,5.05,I20 ASTA 1.2,Hyundai
2012,131000,Diesel,Manual,First,12.99,100.0,9.6,INNOVA 2.5 G (DIESEL) 7 SEATER BS IV,Toyota
2013,74000,Diesel,Manual,First,20.46,83.8,5.5,DUSTER 85PS DIESEL RXL OPTIONAL,Renault
2013,47234,Diesel,Manual,First,12.99,100.6,9.35,INNOVA 2.5 VX (DIESEL) 8 SEATER,Toyota
2009,53000,Petrol,Manual,First,17.0,118.0,2.6,CITY 1.5 S MT,Honda
2016,10000,Petrol,Manual,First,24.07,67.1,3.5,ALTO K10 VXI,Maruti
2016,49389,Petrol,Manual,First,19.49,67.04,4.26,MICRA ACTIVE XL PETROL,Nissan
2016,12000,Petrol,Automatic,Second,23.1,67.04,4.25,CELERIO VXI AT,Maruti
2010,65000,Petrol,Manual,Second,11.7,178.0,11.75,NEW C-CLASS 200 KOMPRESSOR,Mercedes-Benz
2013,53000,Diesel,Manual,First,23.5,88.7,3.5,FIESTA DIESEL STYLE,Ford
2015,89000,Petrol,Manual,First,17.01,121.3,7.5,VERNA 1.6 VTVT S,Hyundai
2009,72000,Petrol,Automatic,Third,15.0,100.0,3.25,I20 1.4 ASTA (AT),Hyundai
2012,49000,Petrol,Manual,First,17.5,85.8,4.9,SWIFT DZIRE VXI,Maruti
2014,51355,Diesel,Automatic,First,14.84,170.0,27.0,NEW C-CLASS C 220CDIBE AVANTGARDE COMMAND,Mercedes-Benz
2017,13460,Petrol,Manual,First,18.6,81.86,8.91,ELITE I20 PETROL ASTA,Hyundai
2014,35642,Petrol,Automatic,First,17.01,121.4,6.69,VERNA 1.6 VTVT EX AT,Hyundai
2014,52895,Diesel,Manual,First,17.3,163.7,6.02,CRUZE LTZ,Chevrolet
2010,93000,Petrol,Manual,First,14.28,138.03,4.5,COROLLA ALTIS 1.8 G,Toyota
2011,70000,Petrol,Manual,First,19.0,66.1,2.0,A-STAR VXI,Maruti
2012,32048,Diesel,Manual,First,23.08,63.1,2.4,MICRA DIESEL XV PREMIUM,Nissan
2013,4700,Petrol,Manual,First,25.4,37.48,1.2,NANO LX,Tata
2014,71800,Diesel,Manual,First,23.4,74.0,2.9,SWIFT DZIRE TOUR LDI,Maruti
2008,69078,Petrol,Manual,First,18.15,97.7,40.88,ROVER RANGE ROVER SPORT 2005 2012 SPORT,Land
2016,45000,Diesel,Automatic,First,17.32,184.0,27.0,Q3 2.0 TDI QUATTRO,Audi
2016,15388,Diesel,Manual,First,25.8,98.6,7.5,AMAZE VX I-DTEC,Honda
2004,98798,Petrol,Manual,First,14.7,104.0,1.5,OPTRA 1.6 LS,Chevrolet
2016,43000,Diesel,Automatic,First,14.16,174.3,39.5,Q5 2.0 TDI PREMIUM PLUS,Audi
2012,85112,Diesel,Manual,First,23.2,73.94,3.39,RITZ VDI,Maruti
2018,37804,Diesel,Manual,First,15.4,120.0,12.4,SCORPIO S6 7 SEATER,Mahindra
2014,45000,Diesel,Manual,First,28.09,88.5,6.85,CIAZ ZDI SHVS,Maruti
2011,116000,Diesel,Manual,Second,21.43,138.0,5.75,COROLLA ALTIS AERO D 4D J,Toyota
2015,100073,Diesel,Manual,Second,25.0,69.0,2.0,INDICA V2 ELS,Tata
2006,53000,Petrol,Manual,First,16.1,37.0,0.9,800 STD BSIII,Maruti
2015,22000,Petrol,Manual,First,16.47,74.0,3.8,POLO 1.2 MPI HIGHLINE,Volkswagen
2017,9500,Petrol,Automatic,First,14.62,149.92,16.35,ELANTRA 2.0 SX OPTION AT,Hyundai
2012,53000,Diesel,Automatic,First,11.5,169.0,16.5,FORTUNER 4X2 4 SPEED AT,Toyota
2019,17705,Petrol,Manual,First,21.4,83.1,8.7,BALENO ZETA 1.2,Maruti
2016,12000,Petrol,Manual,First,21.4,83.1,6.1,BALENO ZETA 1.2,Maruti
2013,51000,Diesel,Automatic,First,23.8,112.0,21.94,COOPER COUNTRYMAN D,Mini
2009,42000,Diesel,Automatic,Second,13.0,210.0,22.0,S CLASS 2005 2013 320 CDI,Mercedes-Benz
2015,51000,Petrol,Manual,First,20.92,67.1,2.65,ALTO K10 LXI,Maruti
2017,42527,Petrol,Manual,First,20.4,81.8,5.27,SWIFT VXI OPTIONAL,Maruti
2014,45000,Diesel,Manual,First,22.1,74.0,2.48,SAIL LT ABS,Chevrolet
2011,70000,Diesel,Manual,First,12.8,102.0,6.0,INNOVA 2.5 G (DIESEL) 8 SEATER BS IV,Toyota
2009,92000,Diesel,Manual,First,11.5,171.0,8.9,FORTUNER 3.0 DIESEL,Toyota
2012,57156,Diesel,Automatic,Second,18.88,184.0,18.0,3 SERIES 320D SPORT LINE,BMW
2016,53211,Petrol,Manual,First,16.8,138.02,11.64,OCTAVIA AMBITION 1.4 TSI MT,Skoda
2019,80000,Diesel,Manual,First,11.5,171.0,8.99,FORTUNER 3.0 DIESEL,Toyota
2009,74000,Diesel,Automatic,First,15.5,105.0,5.25,JETTA 2007-2011 1.9 HIGHLINE TDI,Volkswagen
2011,37000,Diesel,Manual,First,23.0,90.0,2.95,I20 1.4 CRDI ASTA,Hyundai
2013,64000,Diesel,Manual,Second,21.02,88.76,2.65,MANZA CLUB CLASS QUADRAJET90 LX,Tata
2013,57197,Petrol,Manual,First,15.04,103.6,4.0,VENTO PETROL HIGHLINE,Volkswagen
2016,55000,Diesel,Automatic,First,17.6,126.2,12.5,CRETA 1.6 SX AUTOMATIC DIESEL,Hyundai
2014,33000,Petrol,Manual,First,21.1,85.8,3.25,RITZ VXI,Maruti
2008,70000,Petrol,Manual,First,13.1,141.1,4.0,CR-V 2.0L 2WD MT,Honda
2012,75000,Diesel,Manual,Second,15.1,140.0,6.25,XUV500 W8 2WD,Mahindra
2016,58095,Diesel,Manual,First,21.66,108.62,5.8,AMEO 1.5 TDI COMFORTLINE,Volkswagen
2015,7445,Petrol,Manual,First,17.57,88.7,5.0,ZEST REVOTRON 1.2 XT,Tata
2016,17652,Diesel,Automatic,First,12.9,97.7,58.73,XJ 3.0L PORTFOLIO LWB,Jaguar
2018,28321,Petrol,Automatic,First,14.28,138.03,17.49,COROLLA ALTIS 1.8 VL CVT,Toyota
2011,69000,Petrol,Manual,Second,19.0,66.1,1.95,A-STAR VXI,Maruti
2007,80000,Petrol,Automatic,First,11.1,142.0,3.0,ACCORD VTI-L (AT),Honda
2014,42365,Petrol,Manual,First,17.0,80.0,5.5,I20 ASTA (O),Hyundai
2013,123000,Diesel,Automatic,First,12.55,168.5,16.5,FORTUNER 4X2 AT,Toyota
2011,40000,Petrol,Automatic,Second,11.74,186.0,14.5,NEW C-CLASS C 200 CGI AVANTGARDE,Mercedes-Benz
2016,30112,Diesel,Manual,First,27.39,74.0,7.79,BALENO ALPHA 1.3,Maruti
2017,43775,Diesel,Manual,First,20.77,88.76,8.27,ERTIGA VDI,Maruti
2019,26013,Diesel,Automatic,First,12.65,97.7,97.07,ROVER RANGE ROVER SPORT SE,Land
2012,56000,Petrol,Manual,First,12.9,102.5,2.15,OPTRA MAGNUM 1.6 LT ABS BS3,Chevrolet
2008,95000,Petrol,Automatic,Second,12.9,130.0,3.0,CIVIC 2006-2010 1.8 V AT,Honda
2014,41089,Diesel,Automatic,First,16.09,184.0,28.79,X3 XDRIVE20D,BMW
2011,41988,Diesel,Automatic,First,20.0,138.1,5.45,LAURA AMBITION 2.0 TDI CR AT,Skoda
2013,72486,Diesel,Manual,First,23.4,74.0,3.95,SWIFT DZIRE VDI,Maruti
2013,92000,Diesel,Automatic,First,23.3,150.0,16.0,V40 CROSS COUNTRY D3,Volvo
2013,40000,Petrol,Manual,First,17.5,85.8,4.25,SWIFT DZIRE ZXI,Maruti
2014,56000,Diesel,Automatic,First,12.7,187.7,34.5,ROVER RANGE ROVER 2.2L PURE,Land
2008,125000,Petrol,Automatic,Third,11.7,177.6,2.6,ACCORD 2.4 AT,Honda
2017,29219,Diesel,Manual,First,12.99,100.6,13.48,INNOVA 2.5 G (DIESEL) 8 SEATER,Toyota
2018,39927,Diesel,Manual,First,12.55,168.5,32.1,FORTUNER 4X4 MT,Toyota
2018,38593,Petrol,Manual,First,18.7,88.7,6.17,JAZZ 1.2 E I VTEC,Honda
2015,32000,Petrol,Manual,First,17.0,118.0,5.5,CITY 1.5 V MT,Honda
2017,28226,Diesel,Automatic,First,28.4,73.75,9.15,DZIRE AMT ZDI PLUS,Maruti
2014,95000,Diesel,Manual,First,21.64,84.8,4.5,SUNNY 2011-2014 DIESEL XL,Nissan
2014,53000,Diesel,Manual,First,12.99,100.6,10.5,INNOVA 2.5 G (DIESEL) 8 SEATER,Toyota
2016,14821,Petrol,Manual,First,19.4,86.8,5.37,BRIO S MT,Honda
2012,52000,Petrol,Manual,First,15.04,103.6,5.45,VENTO PETROL TRENDLINE,Volkswagen
2016,33000,Diesel,Manual,First,16.0,140.0,9.25,XUV500 W4,Mahindra
2016,29200,Diesel,Manual,First,23.0,98.96,7.7,ECOSPORT 1.5 DIESEL TITANIUM PLUS,Ford
2012,99754,Diesel,Manual,First,17.72,108.49,7.99,YETI AMBITION 4X2,Skoda
2012,49000,Petrol,Manual,First,20.36,78.9,3.0,I10 SPORTZ,Hyundai
2005,53000,Diesel,Manual,First,12.8,102.0,4.0,INNOVA 2.5 G (DIESEL) 8 SEATER BS IV,Toyota
2018,38310,Diesel,Manual,First,20.65,88.7,6.69,ZEST QUADRAJET 1.3 XT,Tata
2014,56000,Diesel,Manual,First,22.9,74.0,4.25,SWIFT VDI,Maruti
2017,31300,Diesel,Automatic,First,21.72,108.4,10.5,RAPID 1.5 TDI AT STYLE,Skoda
2019,11241,Diesel,Manual,First,13.68,147.8,22.55,INNOVA CRYSTA 2.4 VX MT 8S,Toyota
2014,48000,Petrol,Manual,Second,17.01,121.3,5.2,VERNA 1.6 SX VTVT,Hyundai
2019,23882,Petrol,Manual,First,17.4,117.3,11.87,CITY I VTEC VX OPTION,Honda
2014,65000,Diesel,Manual,First,26.0,98.6,6.99,CITY I DTEC SV,Honda
2011,50000,Diesel,Manual,First,20.54,103.6,5.0,VENTO DIESEL HIGHLINE,Volkswagen
2014,25000,Diesel,Automatic,First,12.19,97.7,44.0,Q5 2008-2012 3.0 TDI,Audi
2015,21000,Petrol,Manual,First,22.74,47.3,2.79,ALTO 800 LXI,Maruti
2012,53000,Diesel,Manual,Second,21.12,88.8,2.9,MANZA ELAN QUADRAJET BS IV,Tata
2016,68000,Petrol,Manual,First,15.29,121.3,9.85,CRETA 1.6 SX PLUS DUAL TONE PETROL,Hyundai
2014,52000,Diesel,Automatic,First,12.0,224.0,49.0,GL-CLASS 2007 2012 350 CDI LUXURY,Mercedes-Benz
2016,19000,Diesel,Manual,First,16.55,105.0,9.25,THAR CRDE,Mahindra
2011,74000,Diesel,Manual,Second,22.32,126.3,3.75,VERNA 1.6 CRDI,Hyundai
2017,30279,Diesel,Manual,First,26.1,99.0,7.29,ASPIRE TITANIUM DIESEL,Ford
2016,20000,Diesel,Automatic,First,20.7,113.98,23.5,COOPER 3 DOOR D,Mini
2013,34834,Petrol,Manual,First,14.0,35.0,2.6,OMNI 8 SEATER BSIV,Maruti
2015,90000,Diesel,Manual,Second,21.03,65.0,3.1,VERITO 1.5 D4 BSIV,Mahindra
2016,38730,Diesel,Automatic,First,14.21,203.0,29.98,E-CLASS 2009-2013 E250 CDI ELEGANCE,Mercedes-Benz
2016,57390,Diesel,Manual,First,19.01,108.45,6.73,DUSTER 110PS DIESEL RXZ,Renault
2016,100000,Diesel,Manual,First,23.4,74.0,3.5,SWIFT DZIRE TOUR LDI,Maruti
2011,50000,Petrol,Manual,First,16.47,73.9,2.35,POLO PETROL HIGHLINE 1.2L,Volkswagen
2017,64961,Diesel,Manual,First,16.0,140.0,16.13,XUV500 W10 2WD,Mahindra
2014,72465,Petrol,Manual,First,16.47,74.0,5.9,POLO 1.2 MPI HIGHLINE,Volkswagen
2012,68776,Petrol,Manual,First,21.1,85.8,3.9,RITZ VXI,Maruti
2005,53000,Petrol,Manual,First,14.7,97.7,1.5,OPTRA 1.6 ELITE,Chevrolet
2012,68000,Diesel,Manual,First,12.8,102.0,6.95,INNOVA 2.5 GX 7 STR BSIV,Toyota
2015,33000,Diesel,Manual,First,26.0,98.6,7.0,CITY I DTEC SV,Honda
2017,22389,Petrol,Manual,First,17.0,73.75,7.23,AMEO 1.2 MPI HIGHLINE,Volkswagen
2012,90000,Diesel,Manual,First,21.5,88.8,3.81,SX4 ZDI LEATHER,Maruti
2012,42000,Petrol,Manual,Third,18.6,85.8,4.5,SWIFT ZXI,Maruti
2017,38767,Diesel,Manual,First,19.67,126.2,12.6,CRETA 1.6 CRDI SX,Hyundai
2015,21000,Diesel,Automatic,First,12.07,97.7,48.0,Q7 35 TDI QUATTRO TECHNOLOGY,Audi
2010,59136,Petrol,Manual,First,19.7,46.3,2.96,ALTO LXI BSIII,Maruti
2014,36000,Diesel,Manual,First,25.8,98.6,3.25,AMAZE SX I-DTEC,Honda
2011,95000,Diesel,Automatic,Second,18.33,167.7,8.5,PASSAT DIESEL HIGHLINE 2.0 TDI,Volkswagen
2013,51000,Diesel,Automatic,First,19.5,126.24,8.75,ELANTRA CRDI SX AT,Hyundai
2011,36411,Petrol,Manual,First,18.9,67.1,3.08,WAGON R VXI BS IV,Maruti
2017,40000,Diesel,Automatic,First,12.81,148.31,41.5,ROVER DISCOVERY SPORT TD4 HSE 7S,Land
2016,27300,Petrol,Manual,First,17.8,117.3,7.0,CITY I VTEC SV,Honda
2011,29813,Petrol,Automatic,Second,14.74,181.03,11.5,NEW C-CLASS C 200 AVANTGARDE EDITION C,Mercedes-Benz
2011,71000,Petrol,Manual,First,20.51,67.04,2.6,WAGON R LX BS IV,Maruti
2014,32000,Diesel,Manual,First,22.32,126.3,4.3,VERNA 1.6 CRDI,Hyundai
2017,19234,CNG,Manual,First,17.5,80.46,8.35,ERTIGA VXI CNG,Maruti
2017,50510,Diesel,Automatic,First,17.06,141.0,24.9,TIGUAN 2.0 TDI HIGHLINE,Volkswagen
2011,102000,Diesel,Automatic,First,15.06,177.0,13.75,X1 SDRIVE 20D EXCLUSIVE,BMW
2014,42277,Diesel,Manual,First,24.0,73.97,3.85,GRAND I10 1.2 CRDI SPORTZ OPTION,Hyundai
2014,46000,Diesel,Automatic,First,13.0,201.1,23.25,E-CLASS E250 CDI AVANTGRADE,Mercedes-Benz
2012,35000,Diesel,Manual,First,13.6,97.7,7.0,BOLERO ZLX,Mahindra
2015,50000,Petrol,Manual,First,18.9,82.0,5.75,GRAND I10 ASTA OPTION,Hyundai
2008,62000,Petrol,Manual,Second,20.36,78.9,1.65,I10 MAGNA 1.2,Hyundai
2012,78000,Diesel,Manual,First,19.33,138.1,6.5,JETTA 2012-2014 2.0L TDI COMFORTLINE,Volkswagen
2011,79000,Diesel,Manual,First,17.67,138.08,7.5,YETI ELEGANCE,Skoda
2019,6773,Diesel,Automatic,First,14.75,97.7,72.94,Q7 45 TDI QUATTRO PREMIUM PLUS,Audi
2010,53000,Diesel,Manual,Second,11.5,171.0,11.0,FORTUNER 3.0 DIESEL,Toyota
2013,36716,Petrol,Manual,First,18.9,67.0,3.02,WAGON R VXI MINOR ABS,Maruti
2013,65060,Petrol,Manual,First,21.1,55.2,3.32,EON ERA,Hyundai
2013,33000,Petrol,Manual,First,19.4,86.8,3.24,BRIO S MT,Honda
2015,11110,Petrol,Manual,First,22.74,47.3,2.35,ALTO 800 VXI,Maruti
2013,63000,Diesel,Manual,First,15.96,62.1,5.5,BOLERO ZLX,Mahindra
2015,27030,Petrol,Manual,First,17.8,117.3,6.75,CITY I VTEC SV,Honda
2015,19600,Petrol,Manual,First,15.0,103.52,6.15,RAPID 1.6 MPI ELEGANCE BLACK PACKAGE,Skoda
2016,27755,Petrol,Manual,First,22.0,81.8,5.45,SWIFT VVT VXI,Maruti
2013,20000,Petrol,Manual,Second,21.1,55.2,2.3,EON MAGNA PLUS,Hyundai
2015,24782,Petrol,Manual,First,20.85,83.14,6.21,SWIFT DZIRE ZXI,Maruti
2014,47303,Petrol,Automatic,First,19.34,76.0,5.21,MICRA XV CVT,Nissan
2008,71000,Petrol,Automatic,First,8.3,97.7,11.99,Q7 4.2 FSI QUATTRO,Audi
2010,53000,Diesel,Manual,First,17.8,75.0,3.1,SWIFT VDI BSIII,Maruti
2017,1000,Diesel,Manual,First,13.49,138.03,7.5,XENON XT EX 4X2,Tata
2016,29000,Diesel,Manual,First,20.14,88.8,4.0,POLO 1.5 TDI COMFORTLINE,Volkswagen
2016,36367,Petrol,Manual,First,17.8,117.3,7.73,CITY I VTEC SV,Honda
2015,38000,Petrol,Manual,First,17.4,117.3,7.8,CITY I VTEC V,Honda
2011,83969,Petrol,Manual,First,16.1,37.0,1.3,800 AC BSIII,Maruti
2014,82621,Diesel,Manual,First,20.14,88.8,4.42,POLO 1.5 TDI TRENDLINE,Volkswagen
2009,89000,Diesel,Automatic,First,12.5,147.9,4.0,CAPTIVA LTZ VCDI,Chevrolet
2016,54000,Diesel,Manual,First,16.0,140.0,13.0,XUV500 W10 2WD,Mahindra
2015,61691,Diesel,Manual,First,25.8,98.6,5.38,AMAZE VX I-DTEC,Honda
2011,32200,Petrol,Manual,Second,17.0,80.0,3.25,I20 1.2 SPORTZ OPTION,Hyundai
2016,68630,Petrol,Automatic,First,20.51,67.0,3.87,WAGON R AMT VXI,Maruti
2014,61000,Diesel,Automatic,Second,16.96,138.03,8.25,JETTA 2013-2015 2.0L TDI HIGHLINE AT,Volkswagen
2018,32644,Petrol,Manual,First,20.73,91.1,9.28,CIAZ 1.4 ZETA,Maruti
2012,85000,Diesel,Automatic,First,11.79,120.0,6.25,SCORPIO 2009-2014 VLX 4WD AT 7S BSIV,Mahindra
2008,75000,Petrol,Manual,Second,15.26,74.9,1.15,AVEO U-VA 1.2 LS,Chevrolet
2016,40347,Petrol,Manual,First,20.73,91.2,7.8,CIAZ ZXI OPTION,Maruti
2012,60788,Diesel,Manual,First,23.0,90.0,4.5,I20 1.4 CRDI ASTA,Hyundai
2018,18664,Petrol,Manual,First,18.7,88.7,7.56,JAZZ 1.2 SV I VTEC,Honda
2017,57847,Diesel,Manual,First,16.0,140.0,16.08,XUV500 W10 2WD,Mahindra
2012,52237,Petrol,Manual,First,17.0,80.0,4.5,I20 1.2 SPORTZ,Hyundai
2012,128000,Diesel,Manual,First,22.32,126.32,5.0,VERNA 1.6 SX,Hyundai
2011,54000,Petrol,Manual,First,19.81,68.05,2.2,I10 ERA 1.1,Hyundai
2014,49800,Petrol,Automatic,First,23.1,67.04,4.0,CELERIO VXI AT,Maruti
2012,98000,Diesel,Manual,First,20.86,73.9,2.51,FABIA 1.2 TDI AMBITION,Skoda
2015,60095,Diesel,Manual,First,25.2,74.0,4.75,SWIFT VDI BSIV,Maruti
2008,68000,Petrol,Manual,Second,16.0,66.7,2.0,I10 MAGNA(O) WITH SUN ROOF,Hyundai
2010,81402,Petrol,Manual,Second,20.36,78.9,2.1,I10 MAGNA 1.2,Hyundai
2013,38000,Petrol,Automatic,First,16.5,110.0,6.25,ECOSPORT 1.5 TI VCT AT TITANIUM,Ford
2011,92239,Diesel,Automatic,Second,11.5,210.0,10.6,E-CLASS 2009-2013 E350 CDI AVANTGARDE,Mercedes-Benz
2017,49224,Diesel,Manual,First,25.2,74.0,6.0,SWIFT VDI BSIV,Maruti
2004,12000,Petrol,Manual,Second,16.1,37.0,0.45,800 STD BSIII,Maruti
2010,54898,Petrol,Manual,Third,16.1,88.2,2.5,SWIFT LXI BSIII,Maruti
2018,2500,Petrol,Manual,First,15.29,121.3,12.75,CRETA 1.6 SX PLUS DUAL TONE PETROL,Hyundai
2017,32838,Diesel,Automatic,First,17.05,190.0,30.29,X1 M SPORT SDRIVE 20D,BMW
2006,27076,Petrol,Manual,First,13.8,70.0,1.6,IKON 1.3 FLAIR,Ford
2017,75445,Diesel,Manual,First,22.7,89.84,7.54,ECOSPORT 1.5 DV5 MT TITANIUM OPTIONAL,Ford
2015,46601,Petrol,Manual,First,20.73,91.1,6.84,CIAZ VXI PLUS,Maruti
2012,72000,Diesel,Automatic,First,18.33,167.7,6.0,PASSAT DIESEL HIGHLINE 2.0 TDI,Volkswagen
2017,27000,Diesel,Manual,First,27.3,98.6,8.0,JAZZ 1.5 VX I DTEC,Honda
2016,68193,Diesel,Automatic,First,17.11,174.33,24.74,A4 35 TDI PREMIUM,Audi
2017,34429,Diesel,Manual,First,24.0,70.0,5.5,GRAND I10 CRDI SPORTZ CELEBRATION EDITION,Hyundai
2013,46000,Diesel,Automatic,First,12.0,224.0,36.0,GL-CLASS 2007 2012 350 CDI LUXURY,Mercedes-Benz
2013,80544,Diesel,Manual,First,12.99,100.6,11.79,INNOVA 2.5 G (DIESEL) 7 SEATER,Toyota
2011,42000,Petrol,Manual,Second,16.95,97.7,3.0,SUNNY 2011-2014 XL,Nissan
2011,94821,Diesel,Automatic,Second,20.0,138.1,6.75,LAURA AMBIENTE 2.0 TDI CR AT,Skoda
2006,100000,Petrol,Manual,First,14.49,92.7,1.4,AVEO 1.4 LS,Chevrolet
2014,57000,Diesel,Manual,First,24.2,98.6,5.75,MOBILIO V I DTEC,Honda
2010,79894,Diesel,Manual,First,21.1,73.9,3.4,RITZ VDI,Maruti
2011,44748,Petrol,Manual,Second,16.47,73.9,4.89,POLO PETROL HIGHLINE 1.2L,Volkswagen
2013,31000,Petrol,Manual,First,13.24,102.5,4.95,TERRANO XL,Nissan
2013,60587,Petrol,Automatic,Second,16.98,66.1,3.49,A-STAR AT VXI AKTIV,Maruti
2011,32000,Diesel,Manual,First,23.59,97.7,3.85,ETIOS LIVA GD,Toyota
2014,43772,Petrol,Manual,First,17.0,118.0,6.35,CITY 1.5 S MT,Honda
2017,23576,Petrol,Automatic,First,18.9,82.0,7.08,GRAND I10 AT ASTA,Hyundai
2017,4000,Diesel,Automatic,First,13.6,177.0,38.0,XE 2.0L DIESEL PRESTIGE,Jaguar
2012,62000,Diesel,Manual,First,12.05,120.0,6.25,SCORPIO VLX,Mahindra
2011,36000,Petrol,Automatic,First,11.74,186.0,10.15,NEW C-CLASS C 200 KOMPRESSOR ELEGANCE AT,Mercedes-Benz
2014,80000,Petrol,Automatic,First,13.7,157.75,10.75,SUPERB ELEGANCE 1.8 TSI AT,Skoda
2012,53000,Diesel,Automatic,First,18.1,147.9,4.65,CRUZE LTZ AT,Chevrolet
2010,61001,Diesel,Manual,First,12.05,120.0,4.75,SCORPIO VLX,Mahindra
2015,52191,Petrol,Manual,First,17.1,121.3,7.78,VERNA 1.6 SX VTVT (O),Hyundai
2016,77076,Diesel,Manual,First,23.0,90.0,6.75,I20 1.4 ASTA CRDI WITH AVN,Hyundai
2008,56000,Petrol,Automatic,First,16.4,78.0,2.99,CITY ZX CVT,Honda
2013,21000,Petrol,Manual,First,20.36,78.9,2.35,I10 MAGNA,Hyundai
2013,89429,Diesel,Manual,First,25.8,98.6,3.65,AMAZE S I-DTECH,Honda
2012,45631,Petrol,Manual,Second,22.5,67.04,2.74,WAGON R LXI,Maruti
2013,53959,Petrol,Manual,First,19.4,86.8,3.5,BRIO S MT,Honda
2014,55804,Petrol,Manual,First,17.0,80.0,4.76,I20 1.2 SPORTZ OPTION,Hyundai
2016,25899,Petrol,Manual,First,15.04,103.2,6.2,VENTO 2013-2015 1.6 COMFORTLINE,Volkswagen
2008,82000,Diesel,Manual,Second,18.7,66.0,2.35,OCTAVIA RIDER 1.9 TDI MT,Skoda
2014,52000,Diesel,Automatic,First,13.0,204.0,24.5,E-CLASS 2015-2017 E250 CDI AVANTGARDE,Mercedes-Benz
2013,20000,Petrol,Manual,First,13.24,102.57,6.0,DUSTER PETROL RXL,Renault
2017,31829,Petrol,Manual,First,21.1,55.2,3.65,EON SPORTZ,Hyundai
2016,18094,Petrol,Manual,Second,18.6,85.8,6.26,SWIFT VXI,Maruti
2011,80000,Diesel,Manual,Second,19.5,97.7,2.1,MICRA DIESEL,Nissan
2015,11964,Diesel,Automatic,First,13.22,97.7,32.95,Q5 3.0 TDI QUATTRO TECHNOLOGY,Audi
2018,22684,Petrol,Manual,First,18.6,81.83,7.8,I20 1.2 SPOTZ,Hyundai
2014,43521,Petrol,Manual,First,19.4,86.8,4.25,BRIO S MT,Honda
2014,49386,Petrol,Manual,First,17.5,85.8,4.86,SWIFT DZIRE ZXI,Maruti
2017,12248,Petrol,Manual,First,18.9,81.86,4.9,GRAND I10 1.2 KAPPA MAGNA,Hyundai
2014,67771,Diesel,Manual,First,11.68,112.0,7.06,XYLO E8 ABS BS IV,Mahindra
2015,60007,Petrol,Automatic,First,17.21,189.0,4.5,POLO GTI,Volkswagen
2011,48624,Petrol,Manual,First,24.07,67.1,3.22,ALTO K10 VXI,Maruti
2014,30000,Diesel,Manual,First,22.07,73.9,3.25,POLO DIESEL COMFORTLINE 1.2L,Volkswagen
2016,81605,Petrol,Manual,First,18.9,82.0,4.53,GRAND I10 SPORTZ,Hyundai
2017,32642,Diesel,Automatic,First,14.84,170.0,34.78,NEW C-CLASS C 220 CDI ELEGANCE AT,Mercedes-Benz
2014,34200,Petrol,Automatic,First,15.74,121.3,6.5,VERNA 1.6 SX VTVT AT,Hyundai
2010,72204,Petrol,Manual,First,15.7,67.0,2.25,PUNTO EVO 1.2 EMOTION,Fiat
2011,53000,Diesel,Manual,Second,12.99,100.0,8.0,INNOVA 2.5 VX (DIESEL) 8 SEATER BS IV,Toyota
2017,47357,Diesel,Automatic,First,18.49,100.0,8.37,TUV 300 2015-2019 MHAWK100 T8 AMT,Mahindra
2015,61738,Diesel,Manual,First,20.14,88.8,5.39,POLO 1.5 TDI COMFORTLINE,Volkswagen
2018,32586,Diesel,Automatic,First,22.48,190.0,37.3,5 SERIES 520D LUXURY LINE,BMW
2018,40129,Diesel,Automatic,First,11.57,97.7,70.8,GLE 350D,Mercedes-Benz
2012,51000,Diesel,Automatic,First,11.74,97.7,22.25,M-CLASS ML 350 CDI,Mercedes-Benz
2018,10393,Petrol,Manual,First,18.9,81.86,6.03,GRAND I10 1.2 KAPPA SPORTZ,Hyundai
2011,46000,Petrol,Automatic,First,13.7,157.75,4.9,SUPERB ELEGANCE 1.8 TSI AT,Skoda
2013,21000,Petrol,Automatic,First,16.95,78.9,3.96,I10 SPORTZ AT,Hyundai
2011,113562,Diesel,Manual,First,23.0,90.0,4.6,I20 1.4 CRDI ASTA,Hyundai
2011,100010,Diesel,Manual,Second,12.05,120.0,5.5,SCORPIO VLX,Mahindra
2013,63107,Petrol,Manual,First,19.4,86.8,3.25,BRIO V MT,Honda
2017,58500,Petrol,Manual,First,18.6,81.83,6.25,I20 1.2 MAGNA EXECUTIVE,Hyundai
2007,90000,Diesel,Manual,Fourth & Above,10.9,143.0,3.0,ENDEAVOUR 4X2 XLT LIMITED EDITION,Ford
2011,108242,Diesel,Manual,First,16.8,110.0,4.25,VERNA CRDI SX,Hyundai
2011,53000,Diesel,Manual,First,11.5,171.0,12.25,FORTUNER 3.0 DIESEL,Toyota
2011,62943,Diesel,Automatic,Second,17.05,184.0,10.95,X1 SDRIVE20D,BMW
2013,65000,Diesel,Automatic,First,12.55,168.5,16.5,FORTUNER 4X2 AT,Toyota
2018,1700,Petrol,Automatic,First,19.0,88.76,7.8,AMAZE V CVT PETROL,Honda
2013,34697,Petrol,Manual,First,19.81,68.05,3.7,I10 ERA 1.1,Hyundai
2012,58000,Petrol,Manual,First,17.0,80.0,4.0,I20 1.2 SPORTZ,Hyundai
2015,32500,Diesel,Automatic,First,19.59,187.74,26.75,3 SERIES 320D GT LUXURY LINE,BMW
2016,58661,Diesel,Automatic,First,15.17,181.0,28.03,Q3 35 TDI QUATTRO PREMIUM PLUS,Audi
2017,37124,Petrol,Manual,First,20.4,81.8,5.44,SWIFT VXI OPTIONAL,Maruti
2017,44000,Petrol,Automatic,First,21.4,83.1,6.2,BALENO DELTA AUTOMATIC,Maruti
2005,45200,Petrol,Manual,First,13.2,94.0,0.9,ACCENT GLE,Hyundai
2016,11000,Petrol,Manual,First,18.5,85.8,3.95,RITZ LXI,Maruti
2011,65000,Petrol,Manual,Second,26.0,35.0,0.44,NANO LX,Tata
2012,55005,Diesel,Manual,First,20.0,68.0,2.75,FIGO DIESEL EXI,Ford
2011,81650,Diesel,Automatic,First,18.33,167.7,7.5,PASSAT DIESEL HIGHLINE 2.0 TDI,Volkswagen
2010,53000,Diesel,Manual,Second,19.0,93.0,2.5,LINEA EMOTION PACK (DIESEL),Fiat
2015,53000,Diesel,Manual,First,14.95,93.7,5.0,XYLO D4,Mahindra
2013,67263,Petrol,Manual,First,18.9,67.1,3.6,WAGON R VXI,Maruti
2012,44223,Petrol,Manual,First,17.6,88.7,3.99,ETIOS G SAFETY,Toyota
2015,36840,Petrol,Manual,First,18.9,82.0,5.64,GRAND I10 SPORTZ,Hyundai
2014,53000,Diesel,Manual,First,12.99,100.0,12.0,INNOVA 2.5 VX (DIESEL) 8 SEATER BS IV,Toyota
2008,53000,Diesel,Manual,First,16.8,62.0,0.7,INDICA V2 DLS TC,Tata
2015,69123,Diesel,Automatic,First,18.88,184.0,19.0,3 SERIES 320D SPORT LINE,BMW
2017,38000,Diesel,Automatic,First,10.91,197.0,30.48,ENDEAVOUR 3.2 TITANIUM AT 4X4,Ford
2017,5500,Petrol,Manual,First,21.56,103.25,8.2,CIAZ ZETA,Maruti
2015,1001,Diesel,Manual,First,25.83,99.0,7.55,FIGO 1.5D TITANIUM PLUS MT,Ford
2007,59000,Petrol,Manual,Third,15.26,74.9,0.99,AVEO U-VA 1.2 LS,Chevrolet
2011,78256,Petrol,Automatic,First,16.8,118.0,4.15,CITY 1.5 V AT,Honda
2016,90000,Petrol,Manual,First,16.95,97.6,6.2,SUNNY XL,Nissan
2016,18000,Petrol,Manual,First,19.1,85.8,4.4,SWIFT DZIRE VXI,Maruti
2012,60000,Diesel,Manual,First,20.0,68.0,2.1,FIGO DIESEL TITANIUM,Ford
2011,130000,Diesel,Manual,First,20.3,75.0,2.2,GRANDE PUNTO 1.3 EMOTION (DIESEL),Fiat
2018,32851,Petrol,Manual,First,18.6,81.86,8.34,ELITE I20 PETROL ASTA,Hyundai
2014,32000,Diesel,Manual,First,23.4,74.0,4.35,SWIFT DZIRE VDI,Maruti
2014,62700,Diesel,Manual,First,22.7,89.84,6.8,ECOSPORT 1.5 DV5 MT TITANIUM,Ford
2010,71000,Diesel,Manual,First,19.3,73.9,3.3,SWIFT DZIRE VDI,Maruti
2016,19947,Petrol,Manual,First,18.9,82.0,5.04,GRAND I10 SPORTZ,Hyundai
2012,91000,Diesel,Automatic,First,11.4,153.86,9.2,ENDEAVOUR 3.0L 4X4 AT,Ford
2014,74000,Diesel,Manual,First,22.07,73.9,5.7,POLO DIESEL HIGHLINE 1.2L,Volkswagen
2018,55594,Diesel,Manual,First,18.49,100.0,8.48,TUV 300 2015-2019 MHAWK100 T8,Mahindra
2013,58000,Diesel,Automatic,First,11.2,97.7,48.0,X6 XDRIVE 40D,BMW
2012,110224,Diesel,Manual,First,19.01,108.45,6.1,DUSTER 110PS DIESEL RXZ,Renault
2010,21002,Petrol,Manual,First,22.5,67.04,2.75,WAGON R LXI,Maruti
2017,121000,Diesel,Manual,First,24.52,88.5,8.0,ERTIGA SHVS VDI,Maruti
2010,73513,Petrol,Manual,First,19.7,46.3,1.85,ALTO LXI BSIII,Maruti
2015,34000,Petrol,Automatic,First,20.51,67.0,3.85,WAGON R AMT VXI OPTION,Maruti
2017,28371,Petrol,Manual,First,15.1,73.0,4.74,EECO 7 SEATER STANDARD,Maruti
2013,74755,Diesel,Manual,First,19.6,108.45,5.63,DUSTER 110PS DIESEL RXL,Renault
2011,25805,Petrol,Manual,First,18.2,64.0,2.62,ZEN ESTILO 1.1 LX BSIII,Maruti
2015,82603,Petrol,Manual,First,13.06,102.53,4.9,DUSTER PETROL RXL,Renault
2006,110000,Petrol,Manual,First,13.5,130.0,2.65,CIVIC 2006-2010 1.8 S MT,Honda
2012,88000,Diesel,Manual,First,16.0,140.0,5.99,XUV500 W8 2WD,Mahindra
2011,110000,Diesel,Manual,Second,21.0,64.1,2.4,VERITO 1.5 D6 BSIV,Mahindra
2017,15000,Petrol,Manual,First,21.7,67.0,4.25,KWID CLIMBER 1.0 MT,Renault
2013,70000,Diesel,Automatic,First,15.15,97.7,40.0,CAYENNE DIESEL,Porsche
2008,53000,Diesel,Manual,Second,28.4,74.0,2.7,SWIFT DDIS VDI,Maruti
2016,19000,Petrol,Manual,First,20.63,67.0,2.99,GO T OPTION,Datsun
2011,37442,Petrol,Manual,First,18.5,80.0,3.4,I20 1.2 MAGNA,Hyundai
2016,63111,Diesel,Automatic,Second,18.12,190.0,30.8,5 SERIES 2013-2017 520D LUXURY LINE,BMW
2012,88000,Diesel,Manual,First,20.77,88.8,5.85,ERTIGA ZDI,Maruti
2014,42355,Petrol,Manual,First,18.9,82.0,4.0,GRAND I10 MAGNA,Hyundai
2011,75871,Petrol,Automatic,First,9.43,97.7,14.12,3 SERIES 330I,BMW
2011,65000,Diesel,Manual,First,17.9,163.7,4.55,CRUZE LTZ,Chevrolet
2015,69000,Diesel,Automatic,First,18.15,165.0,38.0,M-CLASS ML 350 4MATIC,Mercedes-Benz
2011,79232,Diesel,Manual,First,21.1,73.9,2.9,RITZ LDI,Maruti
2007,53000,Petrol,Automatic,Second,11.74,186.0,6.0,NEW C-CLASS C 200 KOMPRESSOR ELEGANCE AT,Mercedes-Benz
2016,28470,Petrol,Manual,First,18.6,81.83,6.95,I20 1.2 MAGNA EXECUTIVE,Hyundai
2014,9759,Petrol,Manual,First,20.3,68.05,2.75,EON 1.0 KAPPA MAGNA PLUS OPTIONAL,Hyundai
2014,75216,Diesel,Manual,First,22.9,74.0,5.1,SWIFT VDI,Maruti
2017,8000,Petrol,Manual,First,18.6,81.83,6.75,I20 SPORTZ 1.2,Hyundai
2014,59451,Petrol,Manual,First,18.5,85.8,3.69,RITZ ZXI,Maruti
2013,53996,Diesel,Manual,First,22.9,74.0,5.45,SWIFT VDI,Maruti
2018,15135,Petrol,Manual,First,17.5,88.7,9.29,WRV I-VTEC VX,Honda
2015,53000,Petrol,Automatic,Second,16.9,81.86,4.0,XCENT 1.2 KAPPA AT S OPTION,Hyundai
2013,40000,Petrol,Manual,First,18.0,86.7,2.9,AMAZE E I-VTECH,Honda
2013,21107,Petrol,Manual,First,17.1,121.3,5.25,VERNA 1.6 SX VTVT (O),Hyundai
2014,56000,Petrol,Manual,First,16.8,116.3,5.75,CITY V MT,Honda
2017,19623,Petrol,Manual,First,15.29,121.3,13.12,CRETA 1.6 SX PLUS DUAL TONE PETROL,Hyundai
2014,70963,Diesel,Manual,First,15.1,140.0,7.83,XUV500 W8 2WD,Mahindra
2013,25755,CNG,Manual,First,26.6,58.16,3.15,WAGON R LXI CNG,Maruti
2013,51450,Diesel,Manual,First,12.8,102.0,10.4,INNOVA 2.5 V DIESEL 7-SEATER,Toyota
2012,75000,Diesel,Manual,First,22.9,74.0,4.35,SWIFT VDI,Maruti
2017,37832,Petrol,Automatic,First,22.5,67.0,5.23,WAGON R VXI AMT,Maruti
2016,43041,Petrol,Manual,First,18.9,81.86,6.01,GRAND I10 1.2 KAPPA ASTA,Hyundai
2014,97236,Diesel,Manual,First,25.8,98.6,4.4,AMAZE VX I-DTEC,Honda
2010,83000,Diesel,Automatic,First,16.07,181.0,12.75,3 SERIES 320D HIGHLINE,BMW
2011,65000,Petrol,Manual,First,15.6,70.0,2.4,FIGO PETROL TITANIUM,Ford
2018,46007,Petrol,Manual,First,17.0,73.75,5.71,AMEO 1.2 MPI TRENDLINE,Volkswagen
2015,65925,Diesel,Manual,Second,22.7,89.84,5.49,ECOSPORT 1.5 DV5 MT TREND,Ford
2004,73500,Petrol,Manual,Second,13.0,90.0,1.3,CITY 1.3 EXI,Honda
2014,55000,Diesel,Manual,First,16.0,140.0,8.5,XUV500 W6 2WD,Mahindra
2012,115000,Diesel,Manual,First,13.0,168.5,12.99,FORTUNER 4X2 MANUAL,Toyota
2017,31184,Petrol,Manual,First,18.9,81.86,5.0,GRAND I10 1.2 KAPPA MAGNA,Hyundai
2017,41747,Diesel,Automatic,First,28.4,73.75,9.0,DZIRE AMT ZDI PLUS,Maruti
2016,38143,Diesel,Manual,First,22.9,74.0,5.22,SWIFT VDI,Maruti
2012,19030,Petrol,Manual,First,16.47,73.9,3.8,POLO PETROL HIGHLINE 1.2L,Volkswagen
2019,20877,Petrol,Manual,First,18.16,78.9,7.27,ETIOS LIVA 1.2 VX DUAL TONE,Toyota
2016,23555,Petrol,Manual,First,22.0,81.8,5.1,SWIFT VXI,Maruti
2013,29000,Diesel,Automatic,First,14.21,203.0,29.0,E-CLASS 2009-2013 E250 CDI ELEGANCE,Mercedes-Benz
2013,61000,Petrol,Manual,First,18.9,67.1,2.9,WAGON R VXI,Maruti
2012,4187,Petrol,Manual,First,26.0,35.0,1.38,NANO LX BSIV,Tata
2011,46000,Petrol,Manual,First,13.4,157.8,5.5,LAURA 1.8 TSI AMBIENTE,Skoda
2016,28000,Petrol,Automatic,First,17.21,103.5,7.25,POLO GT TSI,Volkswagen
2014,83558,Diesel,Manual,First,22.32,126.32,6.98,VERNA 1.6 SX,Hyundai
2017,40000,Diesel,Manual,First,22.95,74.0,5.25,BOLT QUADRAJET XE,Tata
2013,36000,Petrol,Manual,First,21.1,55.2,1.95,EON D LITE PLUS,Hyundai
2014,21000,Diesel,Automatic,First,17.11,174.33,24.5,A4 2.0 TDI 177 BHP PREMIUM PLUS,Audi
2013,62162,Diesel,Manual,First,12.99,100.0,8.31,INNOVA 2.5 GX (DIESEL) 7 SEATER,Toyota
2012,83000,Diesel,Automatic,First,11.74,97.7,36.0,M-CLASS ML 350 CDI,Mercedes-Benz
2015,58000,Diesel,Manual,First,24.4,71.0,5.5,XCENT 1.1 CRDI S,Hyundai
2011,62332,Petrol,Automatic,First,11.7,177.6,5.89,ACCORD 2.4 AT,Honda
2016,50867,Diesel,Manual,First,20.34,103.2,7.95,VENTO 1.5 TDI HIGHLINE,Volkswagen
2010,73000,Petrol,Manual,First,17.0,80.0,2.75,I20 SPORTZ PETROL,Hyundai
2012,98008,Diesel,Manual,First,22.7,126.24,6.25,ELANTRA CRDI SX,Hyundai
2015,36000,Diesel,Manual,First,20.0,68.05,4.95,FIGO DIESEL TITANIUM,Ford
2019,27339,Petrol,Manual,First,18.6,81.83,6.27,I20 1.2 MAGNA EXECUTIVE,Hyundai
2017,25000,Diesel,Manual,First,23.9,126.2,8.65,VERNA 1.6 CRDI SX,Hyundai
2014,37000,Petrol,Manual,First,18.9,82.0,3.5,GRAND I10 ASTA,Hyundai
2015,56000,Diesel,Automatic,First,14.16,174.3,35.0,Q5 2.0 TDI,Audi
2015,27000,Petrol,Manual,First,17.5,85.8,4.45,SWIFT DZIRE ZXI,Maruti
2012,37000,Petrol,Manual,First,18.5,80.0,2.65,I20 MAGNA,Hyundai
2017,10500,Diesel,Manual,First,25.32,77.0,4.7,KUV 100 MFALCON D75 K4 PLUS 5STR,Mahindra
2014,49000,Diesel,Automatic,First,18.23,126.2,8.9,ELANTRA 1.6 SX OPTION AT,Hyundai
2017,7000,Diesel,Manual,First,17.1,170.0,17.45,COMPASS 2.0 LIMITED OPTION BLACK,Jeep
2017,71256,Diesel,Manual,First,24.3,88.5,9.58,VITARA BREZZA VDI OPTION,Maruti
2012,83184,Petrol,Manual,First,14.28,138.03,6.22,COROLLA ALTIS 1.8 GL,Toyota
2013,87284,Diesel,Manual,First,15.1,140.0,7.8,XUV500 W8 2WD,Mahindra
2016,7000,Diesel,Automatic,First,20.68,190.0,27.75,X1 XDRIVE 20D XLINE,BMW
2015,29000,Diesel,Manual,Second,22.54,88.73,7.0,I20 MAGNA 1.4 CRDI,Hyundai
2017,33552,Diesel,Automatic,First,11.57,97.7,64.87,GLE 350D,Mercedes-Benz
2013,64000,Diesel,Manual,Second,17.3,163.7,6.5,CRUZE LTZ,Chevrolet
2011,82000,Petrol,Manual,Second,18.5,80.0,2.7,I20 1.2 MAGNA,Hyundai
2012,70000,Petrol,Manual,Second,19.4,86.8,2.5,BRIO S MT,Honda
2013,53000,Diesel,Manual,First,19.3,84.8,3.9,EVALIA 2013 XL,Nissan
2015,58000,Petrol,Manual,First,16.47,73.9,3.95,POLO PETROL TRENDLINE 1.2L,Volkswagen
2010,77000,Petrol,Manual,Second,20.36,78.9,2.1,I10 SPORTZ 1.2,Hyundai
2009,73204,Diesel,Automatic,Third,18.1,147.9,3.5,CRUZE LTZ AT,Chevrolet
2007,70000,Petrol,Manual,Second,19.81,68.05,2.0,I10 ERA,Hyundai
2014,79870,Diesel,Manual,First,20.77,88.76,5.35,ERTIGA VDI,Maruti
2013,90000,Diesel,Manual,First,25.8,98.6,3.8,AMAZE S I-DTECH,Honda
2016,17000,Petrol,Automatic,First,15.5,122.0,17.25,A CLASS A180 SPORT,Mercedes-Benz
2018,46493,Petrol,Manual,First,18.9,81.86,5.53,GRAND I10 1.2 KAPPA MAGNA,Hyundai
2009,68000,Petrol,Manual,Third,20.36,78.9,1.95,I10 SPORTZ 1.2,Hyundai
2017,2000,Diesel,Manual,First,28.4,74.0,8.2,SWIFT DDIS ZDI PLUS,Maruti
1999,53000,Petrol,Manual,First,13.0,90.0,0.9,CITY 1.3 EXI,Honda
2013,53000,Diesel,Manual,Third,12.99,100.6,6.5,INNOVA 2.5 GX (DIESEL) 7 SEATER,Toyota
2014,45535,Diesel,Automatic,First,23.8,112.0,19.41,COOPER COUNTRYMAN D HIGH,Mini
2016,39228,Petrol,Manual,First,15.7,112.4,6.58,LINEA T-JET ACTIVE,Fiat
2011,57000,Petrol,Manual,Second,14.49,92.7,2.1,AVEO 1.4 LT,Chevrolet
2008,85445,Petrol,Manual,Second,19.81,68.05,2.0,I10 ERA 1.1,Hyundai
2015,54000,Diesel,Manual,First,24.4,71.0,3.7,XCENT 1.1 CRDI BASE,Hyundai
2014,53000,Petrol,Automatic,First,23.1,67.04,3.8,CELERIO VXI AT,Maruti
2014,60000,Petrol,Manual,First,20.36,78.9,3.25,I10 SPORTZ,Hyundai
2015,65668,Diesel,Manual,First,19.87,83.8,5.53,DUSTER 85PS DIESEL RXL,Renault
2011,100000,Diesel,Automatic,Second,22.69,190.0,10.9,3 SERIES 320D,BMW
2018,1800,Petrol,Manual,First,18.9,82.0,5.1,GRAND I10 SPORTZ,Hyundai
2007,96000,Petrol,Manual,Second,18.15,97.7,2.2,SANTRO DX,Hyundai
2009,44200,Petrol,Manual,Second,18.0,62.0,1.6,SPARK 1.0 LS,Chevrolet
2018,14000,Petrol,Manual,First,17.4,117.3,11.25,CITY I VTEC VX OPTION,Honda
2013,53000,Diesel,Manual,First,20.54,103.6,5.9,VENTO DIESEL HIGHLINE,Volkswagen
2012,73000,Diesel,Automatic,First,11.5,169.0,14.4,FORTUNER 4X2 4 SPEED AT,Toyota
2011,68000,Petrol,Manual,First,17.0,118.0,3.6,CITY 1.5 S MT,Honda
2017,19543,Diesel,Automatic,First,18.12,190.0,40.5,5 SERIES 2013-2017 520D LUXURY LINE,BMW
2014,38000,Diesel,Automatic,Second,14.16,174.3,38.95,Q5 30 TDI QUATTRO PREMIUM PLUS,Audi
2014,32805,Diesel,Manual,First,23.2,73.94,3.6,RITZ LDI,Maruti
2016,44782,Diesel,Automatic,First,21.21,103.2,7.12,VENTO 1.5 TDI HIGHLINE AT,Volkswagen
2016,55700,Diesel,Manual,First,26.0,98.6,7.52,CITY I DTEC SV,Honda
2012,60000,Diesel,Automatic,Second,15.2,140.8,10.35,A4 NEW 2.0 TDI MULTITRONIC,Audi
2014,56000,Petrol,Manual,First,15.0,103.52,7.0,RAPID 1.6 MPI ELEGANCE,Skoda
2011,60000,Diesel,Manual,First,11.5,171.0,10.85,FORTUNER 3.0 DIESEL,Toyota
2010,78563,Diesel,Manual,First,16.52,123.7,2.35,OPTRA MAGNUM 2.0 LT BS3,Chevrolet
2014,34669,Petrol,Manual,First,15.1,73.0,2.9,EECO 7 SEATER STANDARD,Maruti
2017,17000,Petrol,Manual,First,20.73,91.1,7.65,CIAZ ZXI,Maruti
2016,66000,Diesel,Manual,First,28.09,88.5,6.4,CIAZ VDI PLUS SHVS,Maruti
2014,102418,Diesel,Manual,First,12.99,100.6,10.1,INNOVA 2.5 LE 2014 DIESEL 7 SEATER,Toyota
2014,48800,Petrol,Manual,First,19.1,85.8,4.25,SWIFT DZIRE VXI,Maruti
2019,10601,Diesel,Automatic,First,11.36,171.5,19.65,INNOVA CRYSTA 2.8 GX AT,Toyota
2017,8200,Diesel,Manual,First,25.0,69.0,4.4,INDICA V2 ELX,Tata
2012,100000,Petrol,Manual,First,18.5,82.85,3.25,I20 MAGNA,Hyundai
2012,78000,Diesel,Manual,First,17.8,68.0,2.8,FIESTA 1.4 DURATORQ ZXI,Ford
2015,50000,Diesel,Manual,First,18.2,73.74,4.3,ENJOY 1.3 TCDI LS 8,Chevrolet
2006,89327,Diesel,Manual,Third,17.8,68.0,1.55,FIESTA 1.4 DURATORQ EXI,Ford
2007,98000,Petrol,Manual,Second,10.8,152.0,4.7,CR-V 2.4 MT,Honda
2017,24700,Petrol,Manual,First,18.7,88.7,7.07,JAZZ 1.2 VX I VTEC,Honda
2018,6000,Diesel,Automatic,First,11.0,97.7,79.0,GLS 350D GRAND EDITION,Mercedes-Benz
2018,9434,Petrol,Manual,First,18.9,81.86,5.75,GRAND I10 1.2 KAPPA SPORTZ,Hyundai
2012,29000,Petrol,Manual,First,18.5,85.8,3.25,RITZ VXI,Maruti
2017,22440,Diesel,Automatic,First,22.0,108.495,8.89,AMEO 1.5 TDI HIGHLINE AT,Volkswagen
2015,73070,Petrol,Manual,First,17.4,117.3,5.9,CITY I VTEC SV,Honda
2016,21771,Petrol,Manual,First,18.7,88.7,4.95,JAZZ 1.2 S I VTEC,Honda
2014,62000,Diesel,Manual,First,17.8,75.0,3.75,SWIFT LDI BSIV,Maruti
2017,37024,Diesel,Automatic,First,17.01,126.2,10.97,CRETA 1.6 CRDI AT SX PLUS,Hyundai
2014,60336,Diesel,Automatic,Second,14.4,97.7,24.94,A7 2011-2015 3.0 TDI QUATTRO,Audi
2014,26008,Petrol,Manual,First,21.1,55.2,1.97,EON D LITE PLUS,Hyundai
2010,90000,Diesel,Manual,Second,20.0,68.0,1.4,FIGO DIESEL EXI,Ford
2018,35569,Petrol,Manual,First,17.0,73.75,7.27,AMEO 1.2 MPI HIGHLINE,Volkswagen
2013,40000,Diesel,Manual,First,21.64,84.8,4.0,SCALA DIESEL RXL,Renault
2015,45000,Petrol,Manual,First,18.7,88.7,4.75,JAZZ 1.2 V I VTEC,Honda
2015,42000,Petrol,Manual,First,17.0,80.0,5.1,I20 1.2 SPORTZ,Hyundai
2012,46913,Diesel,Automatic,First,14.94,97.7,16.11,A4 3.0 TDI QUATTRO PREMIUM,Audi
2014,62000,Diesel,Automatic,First,11.18,184.0,10.55,SSANGYONG REXTON RX7,Mahindra
2017,15000,Diesel,Automatic,First,12.9,174.5,30.0,FORTUNER 2.8 2WD AT,Toyota
2002,69000,Diesel,Manual,First,18.7,66.0,1.6,OCTAVIA CLASSIC 1.9 TDI MT,Skoda
2012,41367,Diesel,Automatic,First,15.8,170.0,18.49,NEW C-CLASS 250 CDI CLASSIC,Mercedes-Benz
2018,15982,Petrol,Manual,First,20.73,91.1,9.96,CIAZ 1.4 ZETA,Maruti
2013,99595,Diesel,Manual,Second,22.9,74.0,4.75,SWIFT ZDI,Maruti
2002,63000,Diesel,Manual,Third,13.1,75.0,3.65,QUALIS FS B3,Toyota
2012,49000,Diesel,Automatic,Second,16.73,218.0,15.5,5 SERIES 2007-2010 525D SEDAN,BMW
2013,48272,Diesel,Manual,First,10.5,116.9,11.82,PAJERO 2.8 SFX BSIII DUAL TONE,Mitsubishi
2008,63000,Petrol,Manual,First,13.4,125.0,2.05,COROLLA H2,Toyota
2016,77000,CNG,Manual,First,26.6,58.16,3.3,WAGON R LXI CNG,Maruti
2013,11734,Petrol,Manual,First,16.8,34.2,2.25,OMNI E MPI STD BS IV,Maruti
2014,62012,Diesel,Automatic,First,17.68,174.33,20.12,A6 2011-2015 2.0 TDI,Audi
2017,46000,CNG,Manual,First,25.0,81.86,4.95,XCENT 1.2 KAPPA S OPTION CNG,Hyundai
2016,45449,Diesel,Manual,First,27.3,98.6,7.48,JAZZ 1.5 S I DTEC,Honda
2004,85000,Petrol,Automatic,Second,10.5,157.7,5.5,E-CLASS 200 KOMPRESSOR ELEGANCE,Mercedes-Benz
2005,88000,Petrol,Manual,Second,13.0,100.0,1.7,CITY 1.5 EXI,Honda
2013,45330,Diesel,Automatic,First,16.55,147.51,13.19,A4 2.0 TDI,Audi
2012,88000,Petrol,Manual,First,19.1,85.8,3.85,SWIFT DZIRE VXI,Maruti
2016,45376,Diesel,Manual,First,28.4,73.75,5.75,DZIRE VDI,Maruti
2014,81000,Diesel,Manual,First,15.1,140.0,9.0,XUV500 W8 4WD,Mahindra
2012,83381,Petrol,Manual,First,18.6,79.4,2.21,BEAT LT,Chevrolet
2017,78526,Diesel,Manual,First,23.0,98.96,8.09,ECOSPORT 1.5 DIESEL TITANIUM PLUS,Ford
2017,27313,Diesel,Automatic,First,14.69,97.7,48.63,5 SERIES 2013-2017 530D M SPORT,BMW
2015,42747,Diesel,Automatic,Second,14.16,174.3,39.47,Q5 30 TDI QUATTRO PREMIUM PLUS,Audi
2015,42265,Diesel,Automatic,Second,20.68,190.0,22.24,X1 SDRIVE 20D XLINE,BMW
2009,21000,Petrol,Automatic,First,19.2,80.0,2.6,I10 MAGNA AT,Hyundai
2016,55100,Diesel,Automatic,First,17.01,126.2,12.0,CRETA 1.6 CRDI AT SX PLUS,Hyundai
2014,70000,Diesel,Automatic,First,17.11,174.33,18.0,A4 2.0 TDI 177 BHP PREMIUM PLUS,Audi
2007,55000,Petrol,Automatic,Third,10.13,97.7,9.99,S CLASS 2005 2013 S 350 L,Mercedes-Benz
2012,58235,Petrol,Manual,First,20.36,78.9,2.45,I10 MAGNA,Hyundai
2017,26000,Diesel,Manual,First,23.0,98.96,8.99,ECOSPORT 1.5 DIESEL TITANIUM,Ford
2011,35000,Diesel,Manual,First,20.54,103.6,3.15,VENTO DIESEL HIGHLINE,Volkswagen
2017,24000,Diesel,Manual,First,28.4,73.75,8.2,DZIRE ZDI PLUS,Maruti
2016,98000,Diesel,Manual,First,15.4,120.0,11.5,SCORPIO 1.99 S10,Mahindra
2016,44487,Diesel,Manual,First,22.54,88.73,7.3,I20 ASTA 1.4 CRDI,Hyundai
2008,65000,Petrol,Manual,First,19.7,46.3,1.59,ALTO LXI,Maruti
2015,34951,Petrol,Manual,Second,20.36,78.9,3.15,I10 MAGNA,Hyundai
2015,52373,Diesel,Manual,Second,15.4,120.0,8.5,SCORPIO S6 7 SEATER,Mahindra
2010,66285,Diesel,Manual,First,19.5,75.0,3.0,FABIA 1.2L DIESEL CLASSIC,Skoda
2012,66000,Diesel,Automatic,First,15.3,97.7,21.0,X5 XDRIVE 30D,BMW
2016,43000,Diesel,Manual,First,27.3,98.6,7.75,JAZZ 1.5 S I DTEC,Honda
2013,45200,Diesel,Automatic,First,10.0,170.0,23.0,E-CLASS 2009-2013 E 220 CDI AVANTGARDE,Mercedes-Benz
2016,41000,Diesel,Automatic,First,16.0,140.0,13.75,XUV500 AT W10 FWD,Mahindra
2017,39430,Petrol,Automatic,First,18.0,117.3,8.29,CITY I VTEC CVT SV,Honda
2014,83274,Diesel,Manual,First,22.9,74.0,5.79,SWIFT VDI,Maruti
2017,32324,Diesel,Automatic,First,14.84,170.0,30.5,NEW C-CLASS 220 CDI AT,Mercedes-Benz
2011,49999,Petrol,Manual,First,17.0,118.0,3.8,CITY 1.5 S MT,Honda
2014,66000,Diesel,Manual,First,15.3,83.8,4.45,SUMO EX,Tata
2012,54000,Petrol,Manual,First,18.5,82.85,3.3,I20 MAGNA,Hyundai
2009,80000,Diesel,Manual,Second,20.4,91.2,1.75,LINEA 1.3 DYNAMIC,Fiat
2011,72000,Petrol,Automatic,Second,12.9,130.0,5.5,CIVIC 2006-2010 1.8 V AT,Honda
2017,44865,Diesel,Manual,First,19.67,126.2,13.35,CRETA 1.6 SX PLUS DIESEL,Hyundai
2017,22000,Diesel,Automatic,Second,20.38,143.0,22.5,A3 35 TDI TECHNOLOGY,Audi
2013,57478,Petrol,Manual,Second,17.0,121.3,5.25,VERNA VTVT 1.6 SX OPTION,Hyundai
2011,75000,Diesel,Manual,First,21.9,90.0,3.75,I20 1.4 CRDI MAGNA,Hyundai
2015,50624,Diesel,Manual,First,24.2,98.6,6.32,MOBILIO S I DTEC,Honda
2018,75000,Diesel,Automatic,First,22.32,126.32,7.75,VERNA 1.6 SX CRDI (O) AT,Hyundai
2006,87000,Petrol,Manual,Second,15.3,101.0,1.37,FIESTA 1.6 ZXI DURATEC,Ford
2010,62000,Petrol,Manual,First,20.36,78.9,2.1,I10 SPORTZ 1.2,Hyundai
2016,41372,Diesel,Manual,First,24.3,88.5,9.3,VITARA BREZZA ZDI,Maruti
2015,70000,Diesel,Manual,First,12.99,100.6,12.0,INNOVA 2.5 VX (DIESEL) 7 SEATER,Toyota
2017,35000,Diesel,Automatic,First,17.9,136.0,23.5,GLA CLASS 200 D SPORT,Mercedes-Benz
2006,71993,Petrol,Manual,First,19.7,46.3,1.8,ALTO LXI BSIII,Maruti
2013,62000,Diesel,Automatic,Second,14.84,170.0,12.5,NEW C-CLASS C 220 CDI ELEGANCE AT,Mercedes-Benz
2015,51000,Diesel,Manual,First,22.9,74.0,4.74,SWIFT LDI,Maruti
2016,26038,Petrol,Manual,First,18.9,82.0,5.43,GRAND I10 SPORTZ,Hyundai
2018,37713,Diesel,Automatic,Second,12.55,168.5,31.62,FORTUNER 4X4 AT,Toyota
2011,78088,Petrol,Manual,First,12.4,132.0,6.3,INNOVA 2.0 GX 8 STR,Toyota
2017,30453,Diesel,Manual,First,22.77,98.59,8.45,ECOSPORT 1.5 TDCI TITANIUM,Ford
2016,54000,Petrol,Manual,First,18.16,86.8,5.0,FIGO 1.2P TITANIUM MT,Ford
2011,53000,Diesel,Manual,First,11.5,171.0,13.0,FORTUNER 3.0 DIESEL,Toyota
2012,65097,Petrol,Manual,First,19.1,85.8,4.7,SWIFT DZIRE VXI,Maruti
2018,28060,Petrol,Automatic,First,12.05,97.7,93.67,7 SERIES 740LI,BMW
2012,53000,Petrol,Manual,First,13.14,160.0,3.3,SUPERB 1.8 TSI MT,Skoda
2009,111000,Petrol,Manual,Second,18.9,67.0,1.51,WAGON R LXI MINOR,Maruti
2013,63295,Diesel,Manual,First,19.01,108.45,6.09,DUSTER 110PS DIESEL RXZ,Renault
2015,35770,Petrol,Manual,First,20.73,91.1,5.95,CIAZ VXI PLUS,Maruti
2012,125928,Diesel,Manual,First,22.7,126.24,9.0,ELANTRA CRDI SX,Hyundai
2015,45000,Diesel,Automatic,First,21.66,103.52,4.25,RAPID 1.5 TDI AT ELEGANCE,Skoda
2013,21000,Diesel,Automatic,First,14.84,170.0,23.5,NEW C-CLASS C 220 CDI ELEGANCE AT,Mercedes-Benz
2011,54774,Petrol,Automatic,First,11.7,177.6,6.35,ACCORD 2.4 A/T,Honda
2014,41123,Petrol,Manual,First,23.1,67.04,3.4,CELERIO VXI,Maruti
2017,17465,Petrol,Automatic,First,12.05,97.7,93.0,7 SERIES 740LI,BMW
2014,48000,Diesel,Automatic,First,22.69,190.0,21.6,3 SERIES 320D SPORT,BMW
2011,53000,Diesel,Manual,First,20.54,103.6,4.0,VENTO DIESEL TRENDLINE,Volkswagen
2018,12000,Diesel,Manual,First,23.4,74.0,5.5,SWIFT DZIRE TOUR LDI,Maruti
2012,34000,Diesel,Automatic,First,12.39,147.51,19.25,ROVER FREELANDER 2 SE,Land
2012,71360,Diesel,Manual,First,21.9,90.0,3.95,I20 1.4 CRDI MAGNA,Hyundai
2012,74000,Diesel,Manual,Second,28.4,73.75,4.25,DZIRE VDI,Maruti
2018,28937,Diesel,Manual,First,17.1,170.0,17.02,COMPASS 2.0 LONGITUDE,Jeep
2012,82085,Diesel,Manual,First,20.77,88.76,6.5,ERTIGA VDI,Maruti
2011,68465,Petrol,Manual,First,15.6,70.0,2.95,FIGO PETROL ZXI,Ford
2013,63854,Diesel,Manual,First,21.43,86.79,7.12,COROLLA ALTIS 1.4 DG,Toyota
2018,3000,Diesel,Automatic,First,24.3,88.5,11.25,VITARA BREZZA ZDI PLUS AMT DUAL TONE,Maruti
2009,65055,Petrol,Manual,First,17.0,118.0,2.75,CITY 1.5 S MT,Honda
2015,120000,Diesel,Manual,First,15.4,120.0,12.0,SCORPIO S10 4WD,Mahindra
2014,64241,Petrol,Manual,First,20.14,81.86,3.67,XCENT 1.2 VTVT SX,Hyundai
2001,121000,Diesel,Manual,First,15.0,97.7,5.0,E-CLASS 220 CDI,Mercedes-Benz
2008,2200,Petrol,Manual,First,15.7,75.0,2.3,RENAULT LOGAN 1.4 GLX PETROL,Mahindra
2008,88123,Diesel,Manual,First,18.7,66.0,2.2,OCTAVIA 1.9 TDI,Skoda
2014,79000,Diesel,Automatic,First,12.0,224.0,41.0,GL-CLASS 2007 2012 350 CDI LUXURY,Mercedes-Benz
2016,28143,Diesel,Automatic,First,20.68,190.0,28.5,X1 SDRIVE 20D XLINE,BMW
2015,23001,Petrol,Manual,First,15.04,103.2,5.49,VENTO 2013-2015 1.6 COMFORTLINE,Volkswagen
2013,82002,Diesel,Automatic,Second,16.55,147.51,17.5,A4 2.0 TDI,Audi
2009,75000,Diesel,Manual,First,13.8,68.0,1.99,IKON 1.4 TDCI DURATORQ,Ford
2016,37451,Diesel,Manual,First,22.32,126.3,6.64,VERNA 1.6 CRDI EX MT,Hyundai
2017,67000,Diesel,Manual,First,13.68,147.8,16.5,INNOVA CRYSTA 2.4 VX MT,Toyota
2016,25000,Petrol,Manual,First,18.9,82.0,5.0,GRAND I10 ASTA OPTION,Hyundai
2017,12000,Petrol,Manual,First,17.0,73.75,5.4,AMEO 1.2 MPI COMFORTLINE,Volkswagen
2017,25000,Petrol,Manual,First,25.17,53.3,2.99,KWID RXT,Renault
2011,95936,Petrol,Manual,First,17.0,118.0,4.1,CITY 1.5 S MT,Honda
2018,5354,Petrol,Automatic,First,18.9,81.86,6.76,GRAND I10 1.2 KAPPA MAGNA AT,Hyundai
2016,42000,Petrol,Manual,Second,18.78,75.0,5.5,POLO 1.0 MPI COMFORTLINE,Volkswagen
2014,44282,Diesel,Manual,First,25.2,74.0,5.99,SWIFT VDI BSIV,Maruti
2012,70000,Diesel,Manual,First,21.64,84.8,2.59,SUNNY 2011-2014 DIESEL XV,Nissan
2013,31400,Diesel,Automatic,First,16.36,187.7,26.75,XF 2.2 LITRE LUXURY,Jaguar
2016,50000,Diesel,Manual,First,28.09,88.5,8.5,CIAZ ZDI SHVS,Maruti
2011,53000,Diesel,Automatic,First,12.8,167.6,23.0,Q5 2008-2012 2.0 TDI,Audi
2014,21727,Petrol,Manual,First,15.6,70.02,3.35,FIGO PETROL ZXI,Ford
2012,43000,Diesel,Automatic,Second,11.72,194.3,10.75,SANTA FE 4X4 AT,Hyundai
2013,75000,Diesel,Manual,First,12.05,120.0,6.29,SCORPIO VLX 2WD AIRBAG BSIV,Mahindra
2014,73557,Diesel,Manual,First,19.6,108.45,7.75,DUSTER 110PS DIESEL RXL,Renault
2012,44555,Diesel,Automatic,First,15.2,140.8,13.5,A4 NEW 2.0 TDI MULTITRONIC,Audi
2013,54885,Petrol,Manual,First,15.1,73.0,3.75,EECO 7 SEATER STANDARD,Maruti
2011,76000,Diesel,Manual,Second,14.0,112.0,3.75,XYLO E4,Mahindra
2006,101000,Petrol,Manual,Second,18.9,67.1,1.5,WAGON R LXI,Maruti
2005,66000,Petrol,Manual,First,14.0,64.0,1.45,WAGON R LXI BSIII,Maruti
2013,84360,Petrol,Manual,First,15.5,103.3,4.12,SX4 ZXI MT BSIV,Maruti
2016,25121,Diesel,Manual,First,13.68,147.8,17.11,INNOVA CRYSTA 2.4 VX MT,Toyota
2015,100000,Diesel,Manual,Second,12.99,100.6,10.25,INNOVA 2.5 G (DIESEL) 7 SEATER,Toyota
2011,66035,Diesel,Manual,First,22.07,73.9,2.49,POLO DIESEL TRENDLINE 1.2L,Volkswagen
2015,53000,Petrol,Manual,Second,16.78,88.73,3.85,ETIOS G,Toyota
2014,85670,Diesel,Manual,First,22.7,89.84,6.25,ECOSPORT 1.5 DV5 MT TITANIUM,Ford
2015,35000,Diesel,Manual,First,24.0,70.0,4.88,GRAND I10 CRDI MAGNA,Hyundai
2016,8000,Petrol,Automatic,First,18.0,117.3,9.45,CITY I VTEC CVT SV,Honda
2007,53000,Diesel,Manual,Second,12.8,102.0,4.8,INNOVA 2.5 G3,Toyota
2012,60000,Petrol,Manual,First,21.1,55.2,1.99,EON ERA PLUS,Hyundai
2010,70600,Petrol,Manual,First,20.36,78.9,2.8,I10 MAGNA 1.2,Hyundai
2011,25000,Petrol,Automatic,Second,12.3,185.0,22.0,E-CLASS 2009-2013 E 200 CGI ELEGANCE,Mercedes-Benz
2012,75000,Diesel,Manual,First,15.96,62.1,4.3,BOLERO SLE,Mahindra
2014,85071,Diesel,Automatic,First,20.0,138.1,9.75,LAURA AMBITION 2.0 TDI CR AT,Skoda
2015,40000,Petrol,Manual,First,20.4,81.8,5.9,SWIFT ZXI,Maruti
2013,67000,Diesel,Automatic,First,16.55,147.51,14.5,A4 2.0 TDI,Audi
2009,55000,Diesel,Manual,Second,17.8,68.0,2.4,FIESTA 1.4 SXI TDCI ABS,Ford
2008,62000,Petrol,Manual,Second,15.0,104.68,2.11,SX4 VXI BSIII,Maruti
2017,22526,Petrol,Automatic,First,18.9,82.0,7.6,GRAND I10 AT ASTA,Hyundai
2012,57788,Petrol,Automatic,First,17.16,85.8,3.6,RITZ AT,Maruti
2013,72000,Diesel,Manual,First,10.5,120.0,6.0,SCORPIO 2.6 CRDE,Mahindra
2014,83128,Diesel,Manual,First,15.4,120.0,7.45,SCORPIO S4 7 SEATER,Mahindra
2011,75000,Petrol,Manual,First,19.7,46.3,2.1,ALTO LXI,Maruti
2013,58000,Diesel,Manual,Second,19.01,108.45,5.2,DUSTER 110PS DIESEL RXZ,Renault
2009,26000,Diesel,Manual,First,18.15,97.7,6.99,JEEP MM 550 PE,Mahindra
2017,1000,Petrol,Manual,First,20.89,81.8,6.36,IGNIS 1.2 ALPHA,Maruti
2015,59751,Diesel,Manual,First,12.99,100.6,11.62,INNOVA 2.5 ZX DIESEL 7 SEATER,Toyota
2015,29966,Diesel,Automatic,Second,16.77,97.7,43.6,7 SERIES 730LD EMINENCE,BMW
2009,65000,Diesel,Manual,Second,13.6,142.0,4.9,SONATA EMBERA 2.0L CRDI MT,Hyundai
2015,75863,Diesel,Manual,First,19.01,108.45,6.7,DUSTER ADVENTURE EDITION,Renault
2013,54000,CNG,Manual,First,18.15,67.04,3.05,WAGON R CNG LXI,Maruti
2014,24000,Diesel,Automatic,First,17.11,174.33,25.0,A4 2.0 TDI 177 BHP TECHNOLOGY EDITION,Audi
2018,33218,Diesel,Manual,First,17.1,170.0,19.05,COMPASS 2.0 LONGITUDE,Jeep
2015,33425,Petrol,Manual,First,17.43,105.5,4.5,VERNA 1.4 VTVT,Hyundai
2013,47000,Petrol,Manual,First,18.0,86.7,4.15,AMAZE VX I-VTECH,Honda
2015,41000,Diesel,Manual,First,19.67,126.2,11.9,CRETA 1.6 CRDI SX OPTION,Hyundai
2011,62000,Petrol,Manual,First,19.81,68.05,2.1,I10 MAGNA 1.1,Hyundai
2016,47035,Diesel,Manual,First,18.49,100.0,6.95,TUV 300 T8,Mahindra
2008,56230,Petrol,Manual,Second,17.5,85.8,2.4,SWIFT DZIRE VXI,Maruti
2007,55000,Petrol,Manual,First,13.2,94.0,2.65,ACCENT GLE 1,Hyundai
2014,70669,Diesel,Manual,First,15.1,140.0,9.0,XUV500 W8 2WD,Mahindra
2012,69000,Petrol,Manual,First,20.92,67.1,2.1,ALTO K10 2010-2014 VXI,Maruti
2011,65000,Petrol,Manual,Second,18.6,79.4,2.5,BEAT LT,Chevrolet
2009,30000,Diesel,Automatic,First,12.4,179.5,8.95,A6 2.7 TDI,Audi
2017,2000,Diesel,Automatic,First,20.7,113.98,34.0,COOPER 5 DOOR D,Mini
2011,24255,Petrol,Manual,First,16.1,97.7,3.15,SWIFT 1.3 LXI,Maruti
2015,40000,Petrol,Manual,First,17.57,88.7,4.0,ZEST REVOTRON 1.2T XMS,Tata
2014,40000,Diesel,Manual,First,26.0,98.6,4.45,CITY I DTEC SV,Honda
2010,26000,Petrol,Manual,First,18.6,79.4,1.5,BEAT LT,Chevrolet
2011,105000,Diesel,Automatic,Second,16.55,140.0,14.5,A4 2.0 TDI MULTITRONIC,Audi
2015,2800,Diesel,Manual,First,26.1,99.0,8.41,ASPIRE TITANIUM PLUS DIESEL,Ford
2014,71000,Diesel,Automatic,Second,19.08,126.32,5.45,VERNA SX CRDI AT,Hyundai
2015,32896,Petrol,Automatic,First,18.0,117.3,8.9,CITY I VTEC CVT VX,Honda
2012,45000,Petrol,Manual,First,20.36,78.9,3.65,I10 SPORTZ 1.2,Hyundai
2015,65000,Diesel,Automatic,Second,18.56,190.0,29.0,X3 XDRIVE20D EXPEDITION,BMW
2013,45200,Diesel,Automatic,First,16.55,147.51,13.5,A4 2.0 TDI,Audi
2008,82167,Petrol,Automatic,First,10.1,152.0,5.4,CR-V 2.4 AT,Honda
2016,37429,Petrol,Manual,First,18.9,81.86,5.89,GRAND I10 1.2 KAPPA ASTA,Hyundai
2016,46000,Diesel,Manual,First,28.09,88.5,8.45,CIAZ ZDI PLUS SHVS,Maruti
2011,67031,Petrol,Manual,First,17.4,117.3,4.0,CITY I-VTEC V,Honda
2013,30000,Diesel,Automatic,First,9.52,97.7,45.0,6 SERIES 640D COUPE,BMW
2016,47691,Petrol,Automatic,First,23.1,67.04,3.94,CELERIO VXI AMT,Maruti
2011,32531,Diesel,Automatic,Second,13.73,148.0,8.0,KOLEOS 2.0 DIESEL,Renault
2013,71336,Diesel,Manual,First,20.0,68.0,4.1,FIGO DIESEL ZXI,Ford
2006,53000,Diesel,Manual,First,12.8,102.0,6.25,INNOVA 2.5 V DIESEL 7-SEATER,Toyota
2015,28193,Diesel,Manual,First,28.4,73.75,5.25,DZIRE VDI,Maruti
2019,2526,Petrol,Automatic,First,19.0,97.7,83.96,SLC 43 AMG,Mercedes-Benz
2004,52146,Petrol,Manual,First,18.15,97.7,1.93,SANTRO LP ZIPPLUS,Hyundai
2013,85000,Diesel,Automatic,First,16.1,194.0,21.0,E-CLASS E 220 D,Mercedes-Benz
2015,20780,Petrol,Manual,First,18.9,81.86,4.3,GRAND I10 1.2 KAPPA SPORTZ,Hyundai
2014,43081,Petrol,Manual,First,17.3,117.3,5.25,MOBILIO S I VTEC,Honda
2010,35000,Petrol,Automatic,Second,11.9,97.7,32.0,CAYENNE TURBO S,Porsche
2013,36000,Diesel,Manual,First,17.21,100.0,3.9,QUANTO C8,Mahindra
2007,67000,Petrol,Manual,Third,13.4,125.0,2.2,COROLLA H5,Toyota
2016,34079,Diesel,Manual,First,25.32,77.0,3.7,KUV 100 MFALCON D75 K4,Mahindra
2010,77849,Petrol,Automatic,Second,10.9,215.0,11.27,3 SERIES 2005-2011 325I SEDAN,BMW
2013,86000,Petrol,Manual,First,22.74,47.3,2.41,ALTO 800 LXI,Maruti
2015,110000,Diesel,Automatic,First,15.73,174.33,19.0,Q3 35 TDI QUATTRO PREMIUM,Audi
2015,116000,Diesel,Manual,Second,23.59,67.05,5.8,ETIOS GD,Toyota
2016,41840,Diesel,Manual,First,15.1,140.0,13.52,XUV500 W8 2WD,Mahindra
2015,19317,Diesel,Manual,First,13.0,168.7,24.5,FORTUNER 4X2 MT TRD SPORTIVO,Toyota
2014,41000,CNG,Manual,First,24.6,55.23,3.25,INDIGO CS EMAX CNG GLX,Tata
2017,25601,Diesel,Automatic,First,17.9,201.15,56.73,GLE 250D,Mercedes-Benz
2015,83950,Diesel,Manual,First,19.67,126.2,9.95,CRETA 1.6 CRDI SX,Hyundai
2012,60000,Petrol,Automatic,First,16.8,118.0,5.5,CITY 1.5 V AT,Honda
2015,50000,Diesel,Automatic,First,17.11,174.33,25.0,A4 35 TDI PREMIUM,Audi
2009,37000,Petrol,Manual,First,17.3,60.0,1.0,ZEN VXI,Maruti
2011,76976,Petrol,Manual,Second,19.7,46.3,2.15,ALTO LXI,Maruti
2018,21684,Petrol,Automatic,First,21.4,83.1,7.89,BALENO DELTA AUTOMATIC,Maruti
2015,62000,Diesel,Manual,First,16.0,140.0,10.25,XUV500 W10 2WD,Mahindra
2007,1261,Petrol,Manual,First,19.0,94.68,6.0,FREESTYLE TITANIUM PETROL,Ford
2017,59450,Petrol,Manual,First,18.6,81.86,7.53,ELITE I20 ASTA OPTION,Hyundai
2018,24465,Diesel,Automatic,First,19.27,167.62,39.45,NEW C-CLASS C 220D AVANTGARDE EDITION C,Mercedes-Benz
2014,55000,Petrol,Manual,First,17.8,117.3,5.84,CITY I VTEC SV,Honda
2017,2000,Petrol,Manual,First,18.88,110.4,8.65,ECOSPORT 1.5 TI VCT MT TITANIUM BE,Ford
2017,25040,Petrol,Manual,First,21.4,83.1,7.74,BALENO ALPHA 1.2,Maruti
2008,84000,Petrol,Manual,First,20.36,78.9,2.5,I10 SPORTZ,Hyundai
2007,53000,Diesel,Manual,Second,12.8,102.0,5.7,INNOVA 2.5 G (DIESEL) 8 SEATER BS IV,Toyota
2016,12573,Petrol,Manual,First,21.4,83.1,5.8,BALENO DELTA,Maruti
2012,88000,Diesel,Automatic,First,12.07,97.7,36.5,Q7 3.0 TDI QUATTRO TECHNOLOGY,Audi
2012,86000,Diesel,Automatic,Second,13.01,194.3,9.5,SANTA FE 2WD AT,Hyundai
2012,51019,Petrol,Manual,First,18.15,97.7,3.48,SANTRO GLS I - EURO II,Hyundai
2013,45000,Petrol,Manual,First,17.0,118.0,4.55,CITY 1.5 V MT EXCLUSIVE,Honda
2012,51000,Diesel,Manual,First,21.9,90.0,3.9,I20 1.4 CRDI MAGNA,Hyundai
2007,92000,Diesel,Manual,First,13.6,63.0,2.7,BOLERO SLE BSIII,Mahindra
2017,29000,Diesel,Automatic,First,12.9,174.5,31.0,FORTUNER 2.8 2WD AT,Toyota
2009,70521,Petrol,Automatic,Second,10.9,215.0,10.3,3 SERIES 2005-2011 325I SEDAN,BMW
2010,51000,Diesel,Automatic,First,16.07,181.0,7.75,3 SERIES 320D SEDAN,BMW
2012,52618,Petrol,Manual,First,18.9,67.1,3.2,WAGON R LXI,Maruti
2013,68000,Diesel,Manual,First,25.47,88.5,4.85,ERTIGA ZDI,Maruti
2016,29022,Diesel,Automatic,Second,15.68,177.0,34.08,ROVER RANGE ROVER EVOQUE 2.0 TD4 PURE,Land
2017,80000,Diesel,Manual,First,24.52,88.5,8.1,ERTIGA SHVS VDI,Maruti
2016,78000,Diesel,Manual,Second,25.0,69.01,2.35,INDIGO CS EVX,Tata
2012,100000,Petrol,Manual,First,20.92,67.1,1.8,ALTO K10 LXI,Maruti
2015,31412,Petrol,Manual,First,21.1,55.2,3.42,EON D LITE PLUS,Hyundai
2010,78000,Diesel,Automatic,Second,11.4,153.86,5.34,ENDEAVOUR 3.0L 4X4 AT,Ford
2018,14000,Diesel,Automatic,First,12.62,158.0,31.99,ENDEAVOUR 2.2 TITANIUM AT 4X2,Ford
2011,80000,Diesel,Manual,First,20.54,103.6,4.75,VENTO DIESEL HIGHLINE,Volkswagen
2014,46738,Petrol,Automatic,First,19.12,91.1,6.1,CIAZ AT ZXI,Maruti
2013,54884,Petrol,Manual,Second,21.1,55.2,3.69,EON D LITE PLUS,Hyundai
2012,74500,Diesel,Automatic,Second,14.16,174.3,15.0,Q5 2.0 TDI PREMIUM PLUS,Audi
2016,67472,Diesel,Manual,First,16.0,140.0,14.5,XUV500 W10 AWD,Mahindra
2013,84000,Diesel,Manual,First,28.4,74.0,5.65,SWIFT VDI,Maruti
2011,77400,Diesel,Manual,First,21.1,73.9,2.5,RITZ VDI,Maruti
2017,14470,Diesel,Automatic,First,19.71,201.15,38.5,NEW C-CLASS C 250 CDI AVANTGARDE,Mercedes-Benz
2014,52108,Diesel,Manual,First,19.01,108.45,5.49,DUSTER 110PS DIESEL RXZ,Renault
2013,40000,Petrol,Manual,First,19.1,85.8,3.55,SWIFT DZIRE VXI,Maruti
2014,105044,Diesel,Manual,First,12.99,100.6,10.75,INNOVA 2.5 VX (DIESEL) 7 SEATER,Toyota
2016,24347,Petrol,Manual,First,15.8,121.3,11.0,CRETA 1.6 SX OPTION,Hyundai
2014,58000,Diesel,Manual,First,21.79,88.73,4.5,SX4 ZDI,Maruti
2014,49663,Diesel,Manual,First,15.1,140.0,8.42,XUV500 W8 2WD,Mahindra
2017,17000,Petrol,Automatic,First,18.0,117.3,11.6,CITY I-VTEC CVT VX,Honda
2016,13418,Diesel,Automatic,First,16.36,187.7,33.63,XF 2.2 LITRE LUXURY,Jaguar
2008,117080,Diesel,Manual,Third,17.8,68.0,2.25,FIESTA 1.4 SXI TDCI ABS,Ford
2010,74000,Petrol,Automatic,First,10.8,150.0,12.95,5 SERIES 523I SEDAN,BMW
2010,86514,Diesel,Manual,First,17.8,97.7,4.25,SWIFT VDI BSIV W ABS,Maruti
2014,66882,Diesel,Automatic,First,17.68,174.33,25.02,A6 2011-2015 2.0 TDI PREMIUM PLUS,Audi
2014,41460,Petrol,Manual,First,18.5,86.8,3.95,BRIO 1.2 VX MT,Honda
2011,57000,Petrol,Automatic,First,16.8,118.0,4.4,CITY 1.5 V AT,Honda
2015,34010,Petrol,Manual,Third,16.47,73.9,4.95,POLO PETROL COMFORTLINE 1.2L,Volkswagen
2010,96813,Diesel,Manual,Second,12.05,120.0,5.5,SCORPIO SLE BSIII,Mahindra
2011,84000,Petrol,Manual,First,16.8,116.3,3.25,CITY V MT,Honda
2013,50004,Petrol,Manual,First,15.0,103.5,4.02,RAPID 1.6 MPI ELEGANCE,Skoda
2016,67995,Diesel,Manual,First,16.0,140.0,11.73,XUV500 W6 2WD,Mahindra
2012,55000,Diesel,Manual,First,15.0,105.0,9.5,JETTA 2007-2011 2.0 TDI TRENDLINE,Volkswagen
2017,14900,Petrol,Automatic,First,21.4,83.1,8.6,BALENO ALPHA AUTOMATIC,Maruti
2013,70961,Diesel,Manual,First,25.8,98.6,4.0,AMAZE EX I-DTECH,Honda
2015,40194,Petrol,Manual,First,15.04,103.2,5.55,VENTO 1.6 HIGHLINE,Volkswagen
2015,96000,Petrol,Manual,First,22.74,47.3,2.5,ALTO 800 LXI,Maruti
2017,35000,Diesel,Automatic,First,18.0,97.7,41.6,ROVER DISCOVERY HSE LUXURY 3.0 TD6,Land
2015,50000,Petrol,Automatic,First,18.0,117.3,7.41,CITY I VTEC CVT VX,Honda
2014,50000,Diesel,Manual,First,19.01,108.5,6.5,TERRANO XL 110 PS,Nissan
2008,26299,Petrol,Manual,First,19.7,46.3,1.2,ALTO LXI,Maruti
2015,53000,Diesel,Manual,First,14.24,174.5,23.0,FORTUNER 2.8 4WD MT,Toyota
2012,60000,Diesel,Manual,First,21.9,90.0,2.74,I20 1.4 CRDI MAGNA,Hyundai
2013,65000,Diesel,Manual,First,20.0,68.0,3.9,FIGO DIESEL TITANIUM,Ford
2017,80000,Diesel,Manual,First,24.3,88.5,8.0,VITARA BREZZA ZDI PLUS,Maruti
2012,92000,Diesel,Manual,Third,22.32,126.32,4.0,VERNA 1.6 SX,Hyundai
2016,13000,Petrol,Automatic,First,12.95,152.88,17.75,TUCSON 2.0 DUAL VTVT 2WD AT GL,Hyundai
2013,73278,Diesel,Manual,First,21.1,73.9,5.05,RITZ VDI,Maruti
2011,38000,Petrol,Automatic,First,10.8,132.0,12.0,A4 2.0 TFSI,Audi
2016,46936,Diesel,Automatic,First,13.0,204.0,29.6,E-CLASS E250 CDI LAUNCH EDITION,Mercedes-Benz
2015,55000,Diesel,Manual,First,19.87,83.8,6.5,DUSTER 85PS DIESEL RXE,Renault
2014,19000,Petrol,Automatic,First,15.5,86.7,4.75,AMAZE S AT I-VTECH,Honda
2016,42259,Diesel,Automatic,First,9.0,181.0,24.36,S60 D4 SUMMUM,Volvo
2011,14000,Petrol,Manual,Second,17.5,85.8,3.2,SWIFT DZIRE 1.2 LXI BSIV,Maruti
2016,16956,Petrol,Manual,First,22.5,67.04,3.6,WAGON R VXI,Maruti
2017,15473,Petrol,Manual,First,16.8,34.2,3.58,OMNI MPI STD BSIV,Maruti
2011,75000,Diesel,Manual,First,21.5,88.8,2.5,SX4 VDI,Maruti
2013,96000,Diesel,Manual,Second,23.5,90.0,3.5,FIESTA TITANIUM 1.5 TDCI,Ford
2015,25000,Petrol,Automatic,First,19.16,158.2,25.0,CAMRY HYBRID,Toyota
2010,38000,Petrol,Manual,Second,22.5,67.04,1.75,WAGON R VXI,Maruti
2005,54000,Diesel,Automatic,First,11.0,198.5,10.0,E-CLASS E270 CDI,Mercedes-Benz
2018,4131,Petrol,Automatic,First,21.4,83.1,7.75,BALENO ZETA AUTOMATIC,Maruti
2016,31700,Petrol,Manual,First,18.7,88.7,6.45,JAZZ 1.2 VX I VTEC,Honda
2017,66988,Diesel,Automatic,First,15.4,120.0,10.0,SCORPIO S10 AT 4WD,Mahindra
2014,54230,Petrol,Manual,First,16.47,74.0,4.5,POLO 1.2 MPI TRENDLINE,Volkswagen
2015,35000,Petrol,Manual,First,17.0,80.0,3.4,I20 1.2 ERA,Hyundai
2010,62714,Petrol,Automatic,First,12.1,164.7,4.5,CAMRY W4 (AT),Toyota
2015,45295,Petrol,Manual,First,18.9,67.1,4.3,WAGON R VXI,Maruti
2018,7000,Diesel,Automatic,First,18.12,190.0,46.0,5 SERIES 2013-2017 520D M SPORT,BMW
2016,57000,Petrol,Automatic,First,24.07,67.1,3.4,ALTO K10 VXI AGS,Maruti
2013,40100,Diesel,Automatic,First,14.84,170.0,14.5,NEW C-CLASS 220 CDI AT,Mercedes-Benz
2013,56000,Petrol,Manual,First,24.7,47.3,2.1,ALTO 800 2016-2019 LXI,Maruti
2012,15000,Petrol,Manual,First,18.6,85.8,3.65,SWIFT VXI,Maruti
2014,14000,Petrol,Manual,First,18.2,82.5,3.0,SAIL HATCHBACK 1.2 LS ABS,Chevrolet
2009,68000,Diesel,Manual,Second,23.0,90.0,3.95,I20 ASTA 1.4 CRDI (DIESEL),Hyundai
2012,83000,Diesel,Automatic,First,11.9,163.2,6.75,SUPERB 2.5 TDI AT,Skoda
2013,81504,Diesel,Manual,First,21.43,87.2,6.53,COROLLA ALTIS D-4D G,Toyota
2015,73500,Diesel,Manual,First,13.0,168.5,22.0,FORTUNER 4X2 MANUAL,Toyota
2013,52900,Petrol,Automatic,First,14.3,103.52,4.75,RAPID 1.6 MPI AT ELEGANCE,Skoda
2017,20000,Petrol,Automatic,First,16.5,86.8,5.99,BRIO 1.2 VX AT,Honda
2011,46000,Petrol,Manual,First,16.47,73.9,3.05,POLO PETROL COMFORTLINE 1.2L,Volkswagen
2010,65000,Petrol,Manual,First,16.47,73.9,2.4,POLO PETROL COMFORTLINE 1.2L,Volkswagen
2007,42000,Petrol,Manual,Third,18.2,67.1,1.3,ZEN ESTILO LXI BSIII,Maruti
2016,36681,Diesel,Manual,First,23.59,67.06,6.71,ETIOS CROSS 1.4L GD,Toyota
2014,67000,Diesel,Manual,Second,15.1,140.0,7.2,XUV500 W8 2WD,Mahindra
2016,18000,Petrol,Automatic,First,18.9,82.0,5.4,GRAND I10 AT ASTA,Hyundai
2015,56409,Diesel,Manual,First,22.7,89.84,6.63,ECOSPORT 1.5 DV5 MT TITANIUM OPTIONAL,Ford
2016,65263,CNG,Manual,First,17.5,80.46,7.5,ERTIGA VXI CNG,Maruti
2018,20300,Petrol,Automatic,First,18.0,117.3,14.21,CITY I-VTEC CVT ZX,Honda
2010,45008,Petrol,Manual,First,17.0,118.0,3.0,CITY 1.5 V MT,Honda
2017,21799,Petrol,Manual,First,23.1,67.04,5.11,CELERIO ZXI MT,Maruti
2011,57328,Petrol,Manual,First,15.04,103.6,3.39,VENTO PETROL HIGHLINE,Volkswagen
2017,35358,Diesel,Automatic,First,11.36,171.5,22.99,INNOVA CRYSTA 2.8 ZX AT,Toyota
2009,46946,Petrol,Manual,Second,18.5,80.0,2.35,I20 MAGNA,Hyundai
2012,39772,Diesel,Manual,First,23.2,73.94,2.85,RITZ VDI,Maruti
2014,58000,Diesel,Automatic,First,17.68,174.33,18.5,A6 2011-2015 2.0 TDI PREMIUM PLUS,Audi
2014,52000,Petrol,Manual,First,13.24,102.57,5.99,DUSTER PETROL RXL,Renault
2008,53000,Petrol,Manual,Second,13.5,130.0,3.0,CIVIC 2006-2010 1.8 V MT,Honda
2016,42700,Petrol,Manual,First,23.84,84.0,3.6,TIAGO 1.2 REVOTRON XT,Tata
2014,60000,Diesel,Automatic,First,16.55,147.51,24.0,A4 2.0 TDI,Audi
2015,33195,Petrol,Manual,First,19.1,85.8,6.26,SWIFT DZIRE VXI,Maruti
2010,110000,Diesel,Manual,First,14.24,174.5,13.7,FORTUNER 2.8 4WD MT,Toyota
2016,52000,Diesel,Automatic,First,15.26,203.2,35.0,M-CLASS ML 250 CDI,Mercedes-Benz
2015,64399,Diesel,Manual,First,21.9,90.0,5.02,I20 MAGNA 1.4 CRDI,Hyundai
2015,55000,Petrol,Manual,First,21.5,81.8,3.1,WAGON R VXI 1.2,Maruti
2012,50000,Diesel,Manual,First,20.54,103.6,5.5,VENTO DIESEL HIGHLINE,Volkswagen
2014,33485,Petrol,Manual,First,19.1,85.8,3.59,SWIFT DZIRE VXI,Maruti
2015,32000,Diesel,Manual,First,20.4,91.7,4.65,LINEA EMOTION (DIESEL),Fiat
2009,71400,Petrol,Manual,Third,17.0,118.0,3.8,CITY 1.5 V MT,Honda
2016,41713,Diesel,Manual,First,19.67,126.2,12.5,CRETA 1.6 SX PLUS DIESEL,Hyundai
2017,46000,Diesel,Manual,First,25.6,98.6,12.9,CITY I-DTEC ZX,Honda
2015,52950,Petrol,Manual,First,14.0,35.0,2.35,OMNI 8 SEATER BSIV,Maruti
2015,29500,Petrol,Manual,First,20.4,81.8,4.15,SWIFT LXI OPTION,Maruti
2012,63888,Diesel,Automatic,First,14.0,224.0,22.58,M-CLASS ML 350 CDI CORPORATE,Mercedes-Benz
2016,60000,Petrol,Manual,First,24.7,47.3,2.65,ALTO 800 2016-2019 LXI,Maruti
2010,59196,Petrol,Manual,Second,15.6,70.0,2.25,FIGO PETROL TITANIUM,Ford
2016,121362,Diesel,Manual,First,13.68,147.8,16.0,INNOVA CRYSTA 2.4 G MT,Toyota
2013,78000,Diesel,Automatic,First,18.48,177.0,19.5,5 SERIES 2003-2012 520D,BMW
2015,59000,Diesel,Automatic,First,13.01,194.3,21.0,SANTA FE 4WD AT,Hyundai
2012,95000,Diesel,Automatic,Second,22.48,190.0,17.5,5 SERIES 520D LUXURY LINE,BMW
2010,84000,Diesel,Manual,Second,17.8,68.0,2.41,FIESTA EXI 1.4 TDCI LTD,Ford
2012,58253,Diesel,Manual,Second,23.59,97.7,4.45,ETIOS GD,Toyota
2014,64557,Diesel,Automatic,Second,12.7,187.7,29.93,ROVER RANGE ROVER 2.2L PRESTIGE,Land
2012,24500,Petrol,Manual,Second,18.3,97.7,2.95,ETIOS LIVA V,Toyota
2009,68078,Petrol,Manual,First,19.7,46.3,1.02,ALTO LX,Maruti
2009,53000,Diesel,Manual,First,11.5,171.0,11.0,FORTUNER 3.0 DIESEL,Toyota
2004,53000,Diesel,Manual,Second,18.15,97.7,3.5,QUALIS RS E2,Toyota
2013,25984,Petrol,Manual,First,15.8,110.0,5.35,ECOSPORT 1.5 TI VCT MT TITANIUM,Ford
2017,15544,Petrol,Manual,First,21.4,83.1,5.65,BALENO SIGMA 1.2,Maruti
2015,34000,Diesel,Automatic,First,23.8,112.0,22.0,COOPER COUNTRYMAN D HIGH,Mini
2013,24000,Petrol,Automatic,First,17.01,121.4,5.95,VERNA 1.6 VTVT EX AT,Hyundai
2011,95000,Diesel,Manual,Third,20.0,68.0,2.35,FIGO DIESEL TITANIUM,Ford
2014,52000,Diesel,Manual,Second,25.8,98.6,4.1,AMAZE S I-DTECH,Honda
2012,53000,Diesel,Manual,First,19.01,108.45,5.4,DUSTER 110PS DIESEL RXZ,Renault
2017,39000,Diesel,Manual,First,23.0,98.96,8.45,ECOSPORT 1.5 DIESEL TITANIUM,Ford
2013,45306,Diesel,Automatic,Second,11.2,97.7,42.5,X6 XDRIVE30D,BMW
2010,53000,Diesel,Manual,First,14.24,174.5,10.75,FORTUNER 2.8 4WD MT,Toyota
2010,55000,LPG,Manual,Second,13.45,62.1,1.65,SANTRO XING GLS LPG,Hyundai
2015,67415,Diesel,Automatic,First,11.18,184.0,11.03,SSANGYONG REXTON RX7,Mahindra
2016,25562,Petrol,Manual,First,23.1,67.04,3.5,CELERIO VXI,Maruti
2016,30292,Petrol,Manual,First,18.6,81.83,6.3,I20 SPORTZ 1.2,Hyundai
2014,84056,Petrol,Manual,First,18.88,123.24,6.75,ECOSPORT 1.0 ECOBOOST TITANIUM PLUS,Ford
2017,62691,Diesel,Manual,First,26.21,88.5,7.5,CIAZ VDI,Maruti
2013,87000,Diesel,Automatic,First,17.11,174.33,15.5,A4 2.0 TDI 177 BHP PREMIUM PLUS,Audi
2015,52513,Petrol,Manual,First,18.0,86.7,4.65,AMAZE S I-VTECH,Honda
2016,43983,Petrol,Automatic,First,15.63,110.4,7.58,ECOSPORT 1.5 TI VCT AT TITANIUM,Ford
2013,90121,Petrol,Manual,First,20.92,67.1,2.2,ALTO K10 2010-2014 VXI,Maruti
2011,50000,Diesel,Automatic,Third,16.77,97.7,21.0,A6 3.0 TDI QUATTRO,Audi
2011,42500,Diesel,Automatic,First,18.33,167.7,5.25,PASSAT DIESEL HIGHLINE 2.0 TDI,Volkswagen
2016,62192,Diesel,Manual,First,28.4,74.0,5.22,SWIFT VDI,Maruti
2011,128000,Diesel,Manual,Third,19.2,65.0,2.0,LOGAN DIESEL 1.5 DLS,Mahindra
2018,38394,Petrol,Manual,First,21.56,103.25,9.18,CIAZ ALPHA,Maruti
2013,37287,Petrol,Manual,First,26.0,35.0,1.74,NANO LX,Tata
2011,60000,Petrol,Automatic,First,16.8,118.0,4.45,CITY 1.5 V AT,Honda
2017,39419,Petrol,Manual,First,18.16,86.8,4.95,FIGO 2015-2019 1.2P TREND MT,Ford
2014,55000,Diesel,Manual,First,22.54,88.73,5.64,I20 SPORTZ 1.4 CRDI,Hyundai
2016,7000,Petrol,Manual,First,18.88,110.4,6.9,ECOSPORT 1.5 TI VCT MT TITANIUM BE,Ford
2011,85000,Diesel,Automatic,First,16.55,147.51,13.95,A4 2.0 TDI,Audi
2013,51000,Diesel,Automatic,Second,20.58,143.0,17.0,1 SERIES 118D SPORT LINE,BMW
2012,90000,Diesel,Manual,Second,13.93,138.03,4.6,SAFARI DICOR 2.2 LX 4X2,Tata
2010,105000,Diesel,Manual,Second,12.05,120.0,5.21,SCORPIO VLX 4WD AIRBAG BSIV,Mahindra
2017,36458,Petrol,Manual,First,15.29,121.3,12.34,CRETA 1.6 SX PLUS DUAL TONE PETROL,Hyundai
2006,109000,Petrol,Manual,First,16.9,100.0,1.5,CITY ZX VTEC,Honda
2015,49000,Diesel,Automatic,First,17.05,184.0,22.99,X1 SDRIVE 20D SPORTLINE,BMW
2011,8000,Petrol,Automatic,First,9.0,97.7,43.0,CAYMAN 2009-2012 S TIPTRONIC,Porsche
2010,45000,Diesel,Automatic,First,14.7,97.7,40.0,ROVER RANGE ROVER SPORT 2005 2012 HSE,Land
2008,68000,Petrol,Manual,Third,19.7,46.3,1.2,ALTO LXI BSIII,Maruti
2011,54000,Petrol,Automatic,First,19.2,80.0,2.9,I10 ASTA SUNROOF AT,Hyundai
2016,28000,Petrol,Automatic,First,14.62,149.92,13.9,ELANTRA 2.0 SX OPTION AT,Hyundai
2016,38500,Diesel,Manual,Second,28.09,88.5,7.85,CIAZ RS ZDI PLUS SHVS,Maruti
2016,17738,Diesel,Automatic,First,15.3,97.7,54.45,X5 XDRIVE 30D,BMW
2012,67132,Diesel,Manual,First,13.58,78.0,4.75,TAVERA LT 9 STR BS IV,Chevrolet
2011,47000,Diesel,Manual,First,20.64,108.5,3.25,VENTO 1.5 TDI TRENDLINE,Volkswagen
2015,28005,Petrol,Manual,First,17.8,117.3,7.1,CITY I VTEC V,Honda
2017,13000,Petrol,Manual,First,20.4,81.8,4.65,SWIFT VXI BSIV,Maruti
2012,67000,Diesel,Manual,First,19.33,138.1,5.0,JETTA 2012-2014 2.0L TDI COMFORTLINE,Volkswagen
2015,50000,Petrol,Manual,First,18.6,81.83,4.95,I20 SPORTZ 1.2,Hyundai
2014,55000,Diesel,Manual,First,15.1,140.0,9.8,XUV500 W8 2WD,Mahindra
2019,9312,Diesel,Automatic,First,18.0,97.7,78.8,E-CLASS E 350 D,Mercedes-Benz
2015,30458,Petrol,Manual,First,23.1,67.04,2.99,CELERIO LXI,Maruti
2014,46000,Petrol,Manual,First,15.04,103.2,4.45,VENTO 1.6 HIGHLINE,Volkswagen
2011,50000,Petrol,Manual,Second,23.9,37.48,0.75,NANO XT,Tata
2016,36676,CNG,Manual,First,25.0,81.86,5.0,XCENT 1.2 KAPPA S OPTION CNG,Hyundai
2014,72563,Diesel,Manual,Second,22.77,98.59,5.0,ECOSPORT 1.5 TDCI TITANIUM,Ford
2015,67000,Petrol,Manual,First,16.1,97.7,4.7,SWIFT 1.3 VXI ABS,Maruti
2015,58239,Petrol,Automatic,First,14.62,149.92,9.69,ELANTRA 2.0 SX OPTION AT,Hyundai
2015,57934,Diesel,Manual,First,18.2,73.74,5.5,ENJOY 1.3 TCDI LTZ 8,Chevrolet
2017,53000,Diesel,Automatic,First,15.97,97.7,65.0,X5 XDRIVE 30D M SPORT,BMW
2015,63000,Diesel,Manual,First,20.14,88.8,5.11,POLO 1.5 TDI HIGHLINE,Volkswagen
2012,27014,Petrol,Manual,First,16.25,75.0,2.19,FABIA 1.2 MPI AMBITION PLUS,Skoda
2012,90906,Diesel,Manual,First,20.54,103.6,4.25,VENTO DIESEL COMFORTLINE,Volkswagen
2013,61202,Diesel,Automatic,First,11.18,184.0,14.5,SSANGYONG REXTON RX7,Mahindra
2014,51000,Diesel,Manual,First,19.87,83.14,5.65,TERRANO XL D OPTION,Nissan
2016,88008,Diesel,Automatic,Second,12.9,174.5,22.5,FORTUNER 2.8 2WD AT,Toyota
2007,55000,Petrol,Manual,Second,16.1,97.7,1.75,SWIFT 1.3 VXI,Maruti
2004,53000,Petrol,Automatic,Second,11.3,125.0,1.5,COROLLA H4,Toyota
2012,42591,Petrol,Manual,First,20.36,78.9,3.2,I10 SPORTZ,Hyundai
2012,67000,Diesel,Manual,First,23.0,90.0,4.5,I20 1.4 CRDI SPORTZ,Hyundai
2014,48000,Diesel,Manual,Second,25.8,98.6,4.5,AMAZE S I-DTECH,Honda
2014,97000,Diesel,Automatic,First,22.32,126.32,8.0,VERNA 1.6 SX CRDI (O) AT,Hyundai
2018,10000,Diesel,Automatic,First,17.9,136.0,28.9,GLA CLASS 200 D SPORT,Mercedes-Benz
2015,56900,Diesel,Manual,First,20.14,88.8,4.1,POLO 1.5 TDI TRENDLINE,Volkswagen
2006,74483,Petrol,Automatic,First,18.15,97.7,2.3,SANTRO AT,Hyundai
2017,36152,Petrol,Automatic,First,21.4,83.1,7.22,BALENO ZETA AUTOMATIC,Maruti
2014,85512,Diesel,Manual,First,22.9,74.0,5.8,SWIFT VDI,Maruti
2013,53000,Diesel,Manual,Second,14.0,95.0,3.5,XYLO D2 BSIV,Mahindra
2013,36000,Diesel,Manual,Second,22.7,89.84,6.35,ECOSPORT 1.5 DV5 MT TREND,Ford
2015,36096,Diesel,Manual,First,15.1,140.0,8.85,XUV500 W8 2WD,Mahindra
2010,111111,Petrol,Manual,Second,18.6,79.4,2.0,BEAT LS,Chevrolet
2012,73000,Petrol,Manual,First,17.01,121.3,5.5,VERNA 1.6 VTVT,Hyundai
2014,44300,Petrol,Manual,Second,18.9,82.0,2.3,GRAND I10 ASTA,Hyundai
2014,74500,Diesel,Manual,First,19.01,108.45,7.95,DUSTER 110PS DIESEL RXZ,Renault
2016,21495,Petrol,Manual,First,19.1,81.86,6.16,XCENT 1.2 KAPPA S OPTION,Hyundai
2012,59000,Petrol,Manual,First,20.36,78.9,2.85,I10 SPORTZ,Hyundai
2016,23000,Petrol,Automatic,First,13.7,183.0,25.0,GLA CLASS 200 SPORT EDITION,Mercedes-Benz
2008,50135,Diesel,Manual,First,15.8,170.0,10.36,NEW C-CLASS 220 CDI MT,Mercedes-Benz
2016,25000,Petrol,Automatic,First,15.04,183.0,26.0,CLA 200 SPORT EDITION,Mercedes-Benz
2013,47000,Diesel,Manual,First,22.32,126.32,4.35,VERNA 1.6 SX CRDI (O),Hyundai
2016,53000,Diesel,Manual,First,14.95,93.7,4.5,XYLO D2 MAXX,Mahindra
2015,53503,Diesel,Manual,First,26.59,74.0,5.0,SWIFT DZIRE LDI,Maruti
2014,47003,Petrol,Manual,First,20.36,78.9,3.67,I10 SPORTZ,Hyundai
2014,80000,Diesel,Manual,First,14.0,138.1,6.0,SAFARI STORME EXPLORER EDITION,Tata
2018,20492,Petrol,Manual,First,18.9,82.0,6.34,GRAND I10 ASTA,Hyundai
2012,17000,Petrol,Automatic,Second,16.82,189.08,22.0,COOPER CONVERTIBLE S,Mini
2006,79000,Petrol,Manual,Second,13.4,125.0,1.67,COROLLA H5,Toyota
2014,27000,Petrol,Manual,First,14.28,138.03,7.95,COROLLA ALTIS G MT,Toyota
2018,28786,Petrol,Manual,First,10.4,163.5,9.74,GRAND VITARA 2.4 MT,Maruti
2011,53000,Diesel,Manual,Second,16.0,140.0,6.0,XUV500 W8 1.99 MHAWK,Mahindra
2008,56000,Petrol,Manual,Second,19.5,97.7,1.5,ESTILO LXI,Maruti
2013,21000,Petrol,Automatic,First,17.44,189.08,21.5,COOPER 3 DOOR S,Mini
2014,29202,CNG,Manual,First,18.15,67.04,3.9,WAGON R CNG LXI,Maruti
2009,73000,Diesel,Manual,Second,21.1,73.9,2.35,RITZ VDI,Maruti
2012,74000,Diesel,Manual,Second,22.07,73.9,2.65,POLO DIESEL COMFORTLINE 1.2L,Volkswagen
2011,65423,Petrol,Manual,First,20.36,78.9,3.16,I10 MAGNA,Hyundai
2009,65000,Petrol,Manual,Second,19.0,66.1,2.05,A-STAR VXI,Maruti
2013,83875,CNG,Manual,Second,26.6,58.16,2.95,WAGON R LXI CNG,Maruti
2014,55277,Petrol,Manual,First,20.51,67.04,3.9,WAGON R STINGRAY LXI,Maruti
2017,50808,Diesel,Manual,Second,24.2,98.6,6.68,MOBILIO S I DTEC,Honda
2017,52000,Petrol,Manual,Second,21.1,55.2,3.5,EON ERA PLUS,Hyundai
2017,32000,Petrol,Automatic,First,14.84,103.52,8.11,RAPID 1.6 MPI AT AMBITION,Skoda
2017,25000,Diesel,Manual,First,28.09,88.5,8.3,CIAZ VDI PLUS SHVS,Maruti
2016,23218,Diesel,Automatic,First,15.26,203.2,45.61,M-CLASS ML 250 CDI,Mercedes-Benz
2010,84000,Diesel,Automatic,First,20.0,138.1,4.45,LAURA ELEGANCE 2.0 TDI CR AT,Skoda
2017,40000,Diesel,Manual,First,24.3,88.5,7.85,VITARA BREZZA VDI OPTION,Maruti
2011,17000,LPG,Manual,First,13.45,62.1,3.1,SANTRO XING GLS LPG,Hyundai
2014,25135,Diesel,Manual,First,24.0,70.0,3.75,GRAND I10 CRDI SPORTZ,Hyundai
2017,65000,Diesel,Manual,First,25.47,88.5,7.65,ERTIGA VDI,Maruti
2013,40000,Petrol,Manual,First,17.0,80.0,4.9,I20 1.2 SPORTZ,Hyundai
2018,24500,Diesel,Automatic,First,16.0,140.0,16.52,XUV500 AT W10 FWD,Mahindra
2016,56674,Petrol,Automatic,First,13.7,157.75,14.05,SUPERB ELEGANCE 1.8 TSI AT,Skoda
2016,51950,Petrol,Manual,First,20.73,91.1,6.75,CIAZ VXI PLUS,Maruti
2016,51000,Diesel,Manual,First,19.67,126.2,9.2,CRETA 1.6 CRDI SX,Hyundai
2012,53000,Diesel,Manual,Third,23.59,97.7,3.0,ETIOS GD,Toyota
2008,114750,Petrol,Manual,Second,17.0,118.0,2.75,CITY 1.5 S MT,Honda
2016,107890,Diesel,Manual,First,13.5,157.7,20.5,ENDEAVOUR 2.2 TREND MT 4X4,Ford
2012,64000,Diesel,Manual,First,21.9,90.0,4.25,I20 2015-2017 1.4 MAGNA ABS,Hyundai
2016,21460,Petrol,Manual,First,17.0,121.36,6.0,ECOSPORT 1.5 PETROL TREND,Ford
2015,29634,Petrol,Manual,Second,17.0,80.0,6.0,I20 1.2 SPORTZ,Hyundai
2008,52000,Petrol,Manual,First,16.1,88.2,2.41,SWIFT VXI BSIII,Maruti
2015,33000,Petrol,Automatic,First,19.0,88.7,7.25,JAZZ V CVT,Honda
2014,89230,Diesel,Manual,First,11.1,200.0,23.65,XC90 2007-2015 D5 AWD,Volvo
2016,27000,Petrol,Manual,First,21.4,83.1,6.5,BALENO ALPHA 1.2,Maruti
2017,72524,Diesel,Automatic,Second,17.9,136.0,18.06,GLA CLASS 200 CDI SPORT,Mercedes-Benz
2016,73000,Petrol,Manual,First,25.17,53.3,3.2,KWID RXT,Renault
2017,21740,Petrol,Manual,First,18.16,86.8,6.42,FIGO 2015-2019 1.2P TITANIUM OPT MT,Ford
2015,59000,Diesel,Manual,First,13.0,168.5,23.0,FORTUNER 4X2 MANUAL,Toyota
2013,83432,Petrol,Manual,First,17.0,118.0,5.9,CITY 1.5 S MT,Honda
2014,87200,Diesel,Manual,First,15.4,75.0,7.75,SCORPIO S2 7 SEATER,Mahindra
2012,88000,Diesel,Automatic,First,13.2,170.0,15.0,3 SERIES 320D,BMW
2017,48324,Diesel,Manual,First,24.3,88.5,9.0,VITARA BREZZA ZDI PLUS,Maruti
2011,51000,Petrol,Automatic,First,11.74,186.0,11.5,NEW C-CLASS C 200 CGI ELEGANCE,Mercedes-Benz
2012,24000,Petrol,Manual,Second,17.01,121.3,6.2,VERNA 1.6 VTVT,Hyundai
2017,20773,Diesel,Manual,First,24.0,73.97,5.92,GRAND I10 1.2 CRDI SPORTZ,Hyundai
2016,22000,Diesel,Manual,First,20.14,88.0,6.29,POLO 1.5 TDI HIGHLINE,Volkswagen
2014,66355,Petrol,Manual,First,18.0,86.7,4.12,AMAZE S I-VTECH,Honda
2007,115800,Petrol,Automatic,Third,10.1,152.0,3.8,CR-V 2.4 AT,Honda
2014,41125,Petrol,Manual,First,17.92,62.1,2.7,SANTRO XING GL PLUS,Hyundai
2017,43812,Diesel,Automatic,First,15.0,107.3,20.28,B CLASS B200 CDI,Mercedes-Benz
2014,69876,Petrol,Manual,First,18.0,86.7,3.9,AMAZE S I-VTECH,Honda
2014,102000,Diesel,Automatic,Second,12.55,168.5,16.5,FORTUNER 4X2 AT,Toyota
2011,68000,Petrol,Manual,First,17.01,121.3,3.7,VERNA 1.6 VTVT,Hyundai
2016,12000,Diesel,Automatic,First,10.5,97.7,79.0,XJ 3.0L PORTFOLIO,Jaguar
2013,25000,Diesel,Automatic,First,22.69,190.0,17.99,3 SERIES 320D,BMW
2013,51873,Diesel,Manual,First,21.9,88.76,3.9,I20 MAGNA 1.4 CRDI (DIESEL),Hyundai
2012,72500,Diesel,Manual,First,18.5,68.0,3.12,FIGO DIESEL EXI OPTION,Ford
2007,83000,Petrol,Manual,First,14.0,64.0,1.65,WAGON R LXI BSIII,Maruti
2015,39871,Petrol,Manual,First,19.1,81.86,3.5,XCENT 1.2 KAPPA S OPTION,Hyundai
2015,82000,Diesel,Manual,Second,14.02,118.3,4.85,XYLO H4,Mahindra
2018,23152,Diesel,Automatic,First,19.27,167.62,39.22,NEW C-CLASS C 220D AVANTGARDE EDITION C,Mercedes-Benz
2007,71600,Petrol,Manual,Second,20.36,78.9,2.0,I10 MAGNA,Hyundai
2010,122000,Diesel,Manual,Second,11.5,171.0,10.45,FORTUNER 3.0 DIESEL,Toyota
2016,29277,Petrol,Automatic,First,19.16,158.2,27.0,CAMRY HYBRID,Toyota
2011,60000,Diesel,Manual,First,20.0,68.0,2.25,FIGO DIESEL ZXI,Ford
2014,42000,Petrol,Manual,First,19.1,81.86,3.45,XCENT 1.2 KAPPA S OPTION,Hyundai
2016,61823,Petrol,Manual,First,18.6,81.83,6.14,I20 SPORTZ 1.2,Hyundai
2012,53000,LPG,Manual,Second,19.2,68.05,2.85,I10 MAGNA LPG,Hyundai
2015,75000,CNG,Manual,First,24.6,55.23,3.25,INDIGO CS EMAX CNG GLX,Tata
2011,110000,Diesel,Manual,First,28.4,73.75,4.0,DZIRE VDI,Maruti
2010,38446,Petrol,Manual,First,17.0,118.0,2.59,CITY 1.5 S MT,Honda
2017,33000,Diesel,Manual,First,27.39,74.0,6.96,BALENO DELTA 1.3,Maruti
2011,42118,Petrol,Manual,First,18.3,97.7,2.19,ETIOS LIVA G,Toyota
2016,70000,Petrol,Manual,First,21.1,55.2,3.0,EON ERA PLUS,Hyundai
2012,68038,Diesel,Manual,First,20.14,88.0,3.6,POLO 1.5 TDI HIGHLINE,Volkswagen
2014,55012,Diesel,Manual,Second,25.44,57.6,3.7,BEAT DIESEL LS,Chevrolet
2013,55000,Diesel,Automatic,First,22.48,190.0,21.75,5 SERIES 520D LUXURY LINE,BMW
2017,25000,Diesel,Automatic,First,17.9,170.0,45.0,GLC 220D 4MATIC SPORT,Mercedes-Benz
2011,46808,Petrol,Manual,Second,24.07,67.1,3.19,ALTO K10 VXI,Maruti
2015,65743,Petrol,Manual,First,20.14,81.86,6.2,XCENT 1.2 VTVT S,Hyundai
2013,64466,Petrol,Manual,First,19.81,68.05,3.96,I10 MAGNA 1.1,Hyundai
2009,75648,Diesel,Manual,First,13.5,97.7,0.82,INDICA DLS,Tata
2016,80000,Diesel,Manual,First,23.4,74.0,4.5,SWIFT DZIRE TOUR LDI,Maruti
2017,69000,Diesel,Manual,First,25.4,73.97,3.55,XCENT 1.2 CRDI E PLUS,Hyundai
2014,79200,Diesel,Manual,First,22.71,84.8,5.5,SUNNY DIESEL XV,Nissan
2016,29477,Petrol,Manual,First,15.8,121.3,10.25,CRETA 1.6 SX OPTION,Hyundai
2017,40000,Diesel,Automatic,First,12.9,174.5,30.0,FORTUNER 2.8 2WD AT,Toyota
2014,25000,Petrol,Manual,Second,18.5,85.8,3.5,RITZ VXI,Maruti
2014,67668,Diesel,Manual,First,23.08,63.12,3.1,PULSE RXL,Renault
2010,78000,Petrol,Manual,First,17.5,75.0,3.25,FABIA 1.2 MPI AMBIENTE PETROL,Skoda
2017,30000,Diesel,Manual,First,23.0,98.96,8.99,ECOSPORT 1.5 DIESEL TITANIUM,Ford
2015,70623,Petrol,Manual,First,15.04,103.6,3.99,VENTO PETROL COMFORTLINE,Volkswagen
2015,54000,Diesel,Manual,Second,19.01,108.5,6.0,TERRANO XV 110 PS,Nissan
2015,48000,Diesel,Automatic,First,15.73,174.33,18.25,Q3 2012-2015 35 TDI QUATTRO PREMIUM,Audi
2012,62000,Diesel,Manual,First,12.99,100.0,7.75,INNOVA 2.5 GX (DIESEL) 7 SEATER,Toyota
2017,47000,Petrol,Manual,Second,17.57,88.7,4.5,ZEST REVOTRON 1.2T XE,Tata
2014,53000,Diesel,Manual,First,11.5,171.0,16.75,FORTUNER 3.0 DIESEL,Toyota
2012,108000,Diesel,Automatic,First,16.09,184.0,17.5,X3 XDRIVE20D,BMW
2016,41000,Diesel,Manual,First,22.7,118.0,7.7,SX4 S CROSS DDIS 320 ZETA,Maruti
2012,66000,Petrol,Manual,Second,17.0,118.0,4.45,CITY 1.5 S MT,Honda
2015,53000,Diesel,Manual,First,26.59,74.0,5.25,SWIFT DZIRE LDI,Maruti
2017,23806,Diesel,Automatic,First,22.69,190.0,33.66,3 SERIES 320D M SPORT,BMW
2013,89000,Petrol,Automatic,Second,19.34,76.0,2.8,MICRA XV CVT,Nissan
2018,38852,Petrol,Automatic,First,21.4,83.1,8.47,BALENO ZETA AUTOMATIC,Maruti
2018,68737,Diesel,Manual,First,26.21,88.5,9.32,CIAZ ZDI PLUS,Maruti
2017,23106,Diesel,Automatic,First,17.9,136.0,27.43,CLA 200 CDI STYLE,Mercedes-Benz
2015,31250,Diesel,Manual,First,24.5,98.6,6.5,MOBILIO RS I DTEC,Honda
2014,77795,Diesel,Manual,First,12.99,100.6,9.5,INNOVA 2.5 GX (DIESEL) 8 SEATER,Toyota
2015,47759,Diesel,Automatic,First,14.74,97.7,31.8,XF 3.0 LITRE S PREMIUM LUXURY,Jaguar
2013,67620,Petrol,Manual,Second,17.6,88.8,4.2,ETIOS PETROL TRD SPORTIVO,Toyota
2013,44378,Diesel,Manual,First,25.44,57.6,3.85,BEAT DIESEL LS,Chevrolet
2012,64709,Petrol,Manual,Second,12.8,177.6,6.0,ACCORD 2.4 M/T,Honda
2007,76161,Petrol,Manual,First,19.7,46.3,1.65,ALTO LXI,Maruti
2013,58410,Diesel,Automatic,First,19.3,141.0,14.5,OCTAVIA AMBITION 2.0 TDI AT,Skoda
2011,72000,Diesel,Manual,First,12.8,102.0,7.1,INNOVA 2.5 V DIESEL 7-SEATER,Toyota
2016,11000,Diesel,Automatic,First,17.11,174.33,28.0,A4 35 TDI PREMIUM SPORT,Audi
2017,45362,Diesel,Manual,First,24.3,88.5,9.38,VITARA BREZZA ZDI PLUS DUAL TONE,Maruti
2016,59767,Petrol,Manual,First,18.9,82.0,4.78,GRAND I10 SPORTZ,Hyundai
2003,70000,Petrol,Manual,Second,13.4,125.0,1.7,COROLLA DX,Toyota
2019,14233,Diesel,Automatic,First,17.6,153.86,17.85,HEXA XTA,Tata
2010,72000,Petrol,Manual,Second,17.0,80.0,2.75,I20 2015-2017 1.2 ASTA,Hyundai
2014,11000,Petrol,Manual,First,17.01,121.3,5.95,VERNA 1.6 SX VTVT,Hyundai
2011,39000,Petrol,Manual,First,14.0,35.0,1.5,OMNI 8 SEATER BSIV,Maruti
2019,19855,Petrol,Manual,First,24.7,47.3,3.8,ALTO 800 2016-2019 VXI,Maruti
2017,20149,Diesel,Automatic,First,19.27,167.62,38.5,NEW C-CLASS C 220D AVANTGARDE EDITION C,Mercedes-Benz
2011,70000,Petrol,Manual,First,19.81,68.05,2.15,I10 ERA 1.1,Hyundai
2010,62004,Petrol,Automatic,Second,14.67,177.46,3.75,SUPERB STYLE 1.8 TSI AT,Skoda
2016,25500,Diesel,Automatic,First,21.5,108.5,8.95,VENTO 1.5 TDI HIGHLINE AT,Volkswagen
2013,68800,Diesel,Manual,First,17.8,97.7,5.0,SWIFT VDI BSIV,Maruti
2010,61700,Petrol,Manual,First,14.8,130.2,2.95,CIVIC 2010-2013 1.8 V MT,Honda
2010,59660,Petrol,Automatic,First,12.05,154.0,10.49,3 SERIES 320I SEDAN,BMW
2007,69775,Petrol,Manual,Second,17.92,62.1,1.85,SANTRO XING GLS,Hyundai
2016,51787,Diesel,Manual,First,17.8,97.7,6.45,SWIFT VDI BSIV,Maruti
2009,88000,Petrol,Automatic,First,11.1,142.0,5.25,ACCORD 2001-2003 2.3 VTI L AT,Honda
2014,47052,Diesel,Manual,First,20.77,88.76,5.99,ERTIGA VDI,Maruti
2015,69749,Diesel,Manual,First,18.6,67.0,3.82,FIESTA CLASSIC 1.4 DURATORQ LXI,Ford
2012,79000,Diesel,Automatic,First,12.07,97.7,39.0,Q7 3.0 TDI QUATTRO PREMIUM PLUS,Audi
2016,39644,Diesel,Automatic,First,17.11,174.33,25.75,A4 35 TDI PREMIUM,Audi
2012,53000,Diesel,Manual,First,22.3,74.0,2.2,INDICA VISTA QUADRAJET VX,Tata
2008,120000,Diesel,Manual,Second,18.1,110.0,2.0,VERNA CRDI ABS,Hyundai
2018,11000,Diesel,Automatic,First,16.1,194.0,56.5,E-CLASS E 220 D,Mercedes-Benz
2014,18600,Diesel,Automatic,Second,22.69,190.0,21.0,3 SERIES 320D LUXURY LINE,BMW
2014,116905,Diesel,Manual,First,24.0,70.0,4.0,GRAND I10 CRDI ASTA,Hyundai
2011,32824,Petrol,Automatic,First,16.95,78.9,3.83,I10 SPORTZ AT,Hyundai
2016,19148,Petrol,Manual,First,16.1,85.0,5.89,SWIFT VXI BSIV,Maruti
2010,35008,Petrol,Manual,First,17.92,62.1,1.36,SANTRO XING GLS,Hyundai
2013,21000,Diesel,Automatic,Second,17.54,97.7,44.0,6 SERIES GRAN COUPE,BMW
2014,53000,CNG,Manual,First,22.1,85.7,3.26,SX4 GREEN VXI (CNG),Maruti
2016,36000,Petrol,Manual,First,17.43,105.5,8.0,VERNA 1.4 VTVT,Hyundai
2012,56121,Diesel,Manual,First,23.4,74.0,4.25,SWIFT DZIRE ZDI,Maruti
2018,30000,Diesel,Manual,First,28.4,74.0,6.0,SWIFT VDI,Maruti
2016,31021,Diesel,Automatic,First,19.5,141.0,16.61,OCTAVIA 2.0 TDI AT STYLE PLUS,Skoda
2013,52600,Diesel,Manual,First,19.6,108.45,7.26,DUSTER 110PS DIESEL RXL,Renault
2005,60000,Diesel,Manual,First,10.5,120.0,4.0,SCORPIO 2.6 CRDE,Mahindra
2016,44001,Diesel,Automatic,First,18.12,190.0,34.51,5 SERIES 2013-2017 520D LUXURY LINE,BMW
2003,101000,Petrol,Manual,Third,17.3,64.0,0.95,WAGON R VXI BSIII,Maruti
2007,84169,Petrol,Manual,First,14.0,64.0,2.2,WAGON R LXI BSIII,Maruti
2017,14001,Petrol,Manual,First,18.6,81.83,5.75,I20 SPORTZ 1.2,Hyundai
2005,100000,CNG,Manual,Third,17.0,97.7,1.2,SANTRO XING XO CNG,Hyundai
2016,59000,Diesel,Automatic,First,18.0,97.7,36.75,ROVER DISCOVERY SE 3.0 TD6,Land
2009,29000,Petrol,Automatic,Second,11.7,178.0,10.0,NEW C-CLASS 230 AVANTGARDE,Mercedes-Benz
2014,64158,Diesel,Automatic,First,18.48,97.7,17.89,5 SERIES 520D SEDAN,BMW
2012,38800,Diesel,Manual,First,21.64,84.8,4.05,SUNNY 2011-2014 DIESEL XV,Nissan
2011,98000,Diesel,Automatic,First,12.07,97.7,22.0,Q7 3.0 TDI QUATTRO,Audi
2017,20969,Diesel,Automatic,First,17.9,136.0,27.87,CLA 200 CDI SPORT,Mercedes-Benz
2018,2900,Diesel,Manual,First,24.3,88.5,8.75,VITARA BREZZA ZDI,Maruti
2016,69000,Diesel,Manual,First,19.3,73.9,4.79,SWIFT DZIRE VDI BSIV,Maruti
2018,5833,Diesel,Manual,First,21.13,108.4,11.92,RAPID 1.5 TDI AMBITION,Skoda
2016,28733,Diesel,Automatic,Second,12.07,97.7,53.11,Q7 35 TDI QUATTRO TECHNOLOGY,Audi
2006,53000,Petrol,Manual,First,18.9,67.1,1.15,WAGON R LXI,Maruti
2014,71000,Diesel,Manual,First,25.1,98.6,7.45,CITY I DTEC VX OPTION,Honda
2017,12000,Petrol,Manual,First,21.1,55.2,3.5,EON MAGNA PLUS,Hyundai
2018,21603,Diesel,Automatic,First,13.0,97.7,70.15,E-CLASS 2015-2017 E350 CDI AVANTGRADE,Mercedes-Benz
2011,65000,Petrol,Manual,Second,18.15,97.7,3.15,SANTRO GLS II - EURO II,Hyundai
2013,58000,Diesel,Automatic,First,13.2,170.0,19.5,3 SERIES 320D,BMW
2012,39000,Petrol,Automatic,Second,12.05,154.0,15.0,3 SERIES 318I SEDAN,BMW
2017,37712,Diesel,Manual,First,17.45,100.0,7.57,NUVOSPORT N8,Mahindra
2012,68000,Petrol,Manual,First,18.5,85.8,4.4,RITZ VXI,Maruti
2016,25000,Diesel,Automatic,First,15.87,97.7,60.0,X6 XDRIVE 40D M SPORT,BMW
2010,30000,Petrol,Manual,First,18.6,79.4,1.6,BEAT LT,Chevrolet
2014,68218,Petrol,Manual,First,19.1,85.8,4.9,SWIFT DZIRE VXI,Maruti
2014,52000,Diesel,Manual,First,20.77,88.8,5.95,ERTIGA ZDI,Maruti
2015,63591,Diesel,Manual,First,20.45,83.8,5.35,DUSTER 85PS DIESEL RXL,Renault
2014,57937,Petrol,Automatic,First,15.5,86.7,5.4,AMAZE VX AT I-VTECH,Honda
2015,21979,Diesel,Automatic,First,17.11,174.33,23.45,A4 2.0 TDI PREMIUM SPORT LIMITED EDITION,Audi
2002,99000,Diesel,Manual,Second,18.7,66.0,1.9,OCTAVIA AMBIENTE 1.9 TDI MT,Skoda
2016,62000,Diesel,Manual,First,25.8,98.6,6.1,AMAZE E I-DTECH,Honda
2006,127001,Diesel,Manual,First,12.8,102.0,4.95,INNOVA 2.5 EV DIESEL MS 8 STR BSIII,Toyota
2013,84600,Petrol,Manual,Second,21.1,55.2,2.5,EON D LITE PLUS,Hyundai
2018,30953,Petrol,Manual,First,22.7,53.64,3.48,REDI-GO T OPTION,Datsun
2012,78000,Diesel,Manual,First,22.9,74.0,4.4,SWIFT VDI,Maruti
2008,85000,Diesel,Manual,First,9.5,118.6,7.99,PAJERO 2.8 GLX SPORTS,Mitsubishi
2008,79000,Diesel,Automatic,First,13.1,215.0,10.99,S80 D5,Volvo
2014,79000,Diesel,Automatic,First,12.55,168.5,18.5,FORTUNER 4X2 AT,Toyota
2018,48188,Diesel,Manual,First,16.3,170.0,21.69,COMPASS 2.0 LIMITED 4X4,Jeep
2014,67557,Diesel,Manual,First,23.4,74.0,5.17,SWIFT DZIRE VDI,Maruti
2011,103814,Diesel,Manual,Second,22.32,126.32,4.5,VERNA 1.6 SX,Hyundai
2014,45128,Diesel,Manual,First,12.05,120.0,6.75,SCORPIO VLX 2WD BSIV,Mahindra
2013,56075,Petrol,Manual,First,19.81,68.05,3.12,I10 ERA,Hyundai
2011,53000,Diesel,Manual,First,12.99,100.6,8.25,INNOVA 2.5 G (DIESEL) 8 SEATER,Toyota
2017,65367,Diesel,Automatic,First,11.36,171.5,20.14,INNOVA CRYSTA 2.8 ZX AT,Toyota
2013,114708,Diesel,Manual,First,12.99,100.0,12.6,INNOVA 2.5 G (DIESEL) 8 SEATER,Toyota
2015,35082,Diesel,Manual,First,23.4,74.0,6.61,SWIFT DZIRE ZDI,Maruti
2016,38593,Diesel,Automatic,First,17.01,126.2,13.23,CRETA 1.6 CRDI AT SX PLUS,Hyundai
2008,70700,Diesel,Manual,First,12.99,100.0,4.75,INNOVA 2.5 G (DIESEL) 8 SEATER BS IV,Toyota
2011,83000,Diesel,Manual,Second,20.54,103.6,2.9,VENTO DIESEL HIGHLINE,Volkswagen
2015,120000,Diesel,Manual,First,14.8,80.0,5.5,TAVERA LS B3 10 SEATS BSIII,Chevrolet
2014,91586,Diesel,Automatic,Second,11.18,184.0,9.47,SSANGYONG REXTON RX7,Mahindra
2008,38235,Petrol,Manual,First,20.36,78.9,1.95,I10 MAGNA,Hyundai
2011,37000,Petrol,Manual,First,20.36,78.9,2.2,I10 SPORTZ 1.2,Hyundai
2006,50888,Petrol,Manual,First,17.0,97.7,1.15,SANTRO XING XG ERLX EURO III,Hyundai
2013,44000,Petrol,Manual,Second,18.0,86.7,4.35,AMAZE S I-VTECH,Honda
2016,54000,Petrol,Automatic,First,23.1,67.04,4.5,CELERIO ZXI AT,Maruti
2013,90000,Petrol,Manual,First,18.9,82.0,3.55,GRAND I10 ASTA,Hyundai
2015,35000,Diesel,Manual,First,19.3,73.9,4.75,SWIFT DZIRE VDI,Maruti
2012,47324,Petrol,Manual,Second,20.36,78.9,4.52,I10 SPORTZ,Hyundai
2012,65148,Diesel,Automatic,First,15.06,177.0,12.75,X1 SDRIVE 20D EXCLUSIVE,BMW
2014,57773,Diesel,Automatic,Second,17.11,174.33,20.04,A4 2.0 TDI 177 BHP PREMIUM PLUS,Audi
2014,87000,Diesel,Manual,First,20.45,83.8,6.5,TERRANO XL 85 PS,Nissan
2007,53000,Diesel,Manual,First,11.56,199.3,7.5,MONTERO 3.2 GLS,Mitsubishi
2016,8000,Petrol,Automatic,First,22.5,67.0,4.15,WAGON R VXI AMT,Maruti
2007,77000,Petrol,Manual,First,13.5,130.0,2.5,CIVIC 2006-2010 1.8 (E) MT,Honda
2016,20600,Petrol,Manual,First,18.6,81.83,5.4,I20 2015-2017 MAGNA 1.2,Hyundai
2016,13198,Petrol,Manual,First,24.07,67.1,3.15,ALTO K10 VXI,Maruti
2015,21000,Diesel,Automatic,Second,12.07,97.7,52.5,Q7 35 TDI QUATTRO TECHNOLOGY,Audi
2016,38000,Petrol,Manual,First,18.6,81.83,5.95,I20 SPORTZ OPTION 1.2,Hyundai
2019,15379,Petrol,Automatic,First,23.84,83.83,6.97,TIAGO AMT 1.2 REVOTRON XZA,Tata
2011,60000,Petrol,Manual,First,20.36,78.9,3.2,I10 SPORTZ 1.2,Hyundai
2007,70000,Petrol,Manual,First,18.15,97.7,1.12,SANTRO XING XP,Hyundai
2013,75371,Diesel,Manual,First,20.46,83.8,6.69,DUSTER 85PS DIESEL RXL OPTIONAL,Renault
2014,60000,Diesel,Manual,Second,13.49,138.03,5.9,XENON XT EX 4X4,Tata
2009,30675,Petrol,Manual,First,18.5,80.0,2.25,I20 MAGNA,Hyundai
2013,22000,Diesel,Manual,First,23.4,74.0,4.5,SWIFT DZIRE VDI,Maruti
2015,55000,Petrol,Manual,First,22.0,55.0,2.61,EON MAGNA,Hyundai
2010,74213,Diesel,Automatic,First,14.84,170.0,11.5,NEW C-CLASS 220 CDI AT,Mercedes-Benz
2016,15000,Petrol,Automatic,First,16.82,189.08,35.0,COOPER CONVERTIBLE S,Mini
2010,57000,Petrol,Manual,First,26.0,35.0,0.5,NANO CX,Tata
2015,62144,Diesel,Manual,Second,26.21,88.5,5.75,CIAZ ZDI PLUS,Maruti
2017,50000,Diesel,Manual,First,22.0,126.2,11.5,VERNA CRDI 1.6 SX OPTION,Hyundai
2015,38000,Petrol,Manual,First,21.1,55.2,2.75,EON ERA PLUS,Hyundai
2016,30000,Diesel,Automatic,Second,18.12,190.0,31.5,5 SERIES 2013-2017 520D LUXURY LINE,BMW
2016,38735,Petrol,Manual,First,19.4,86.8,4.92,BRIO S MT,Honda
2012,23598,Diesel,Manual,First,23.2,73.94,3.52,RITZ VDI,Maruti
2014,70000,Diesel,Automatic,First,18.88,184.0,17.55,3 SERIES 320D PRESTIGE,BMW
2016,39000,Diesel,Manual,First,26.59,74.0,5.8,SWIFT DZIRE LDI,Maruti
2013,84175,Diesel,Manual,First,23.4,74.0,6.95,SWIFT DZIRE VDI,Maruti
2013,45000,Petrol,Manual,First,16.95,97.6,2.4,SCALA RXL,Renault
2013,59302,Diesel,Automatic,First,14.39,163.7,5.25,CRUZE LTZ AT,Chevrolet
2012,55002,Petrol,Manual,First,17.5,85.8,4.25,SWIFT DZIRE ZXI,Maruti
2008,128813,Diesel,Manual,First,19.09,69.0,1.5,INDIGO CS LX (TDI) BS III,Tata
2016,46522,Diesel,Manual,First,24.0,70.0,4.5,GRAND I10 CRDI SPORTZ,Hyundai
2014,53000,Diesel,Manual,First,22.3,74.0,2.5,INDICA VISTA QUADRAJET LS,Tata
2006,89326,Diesel,Manual,Third,17.8,68.0,1.55,FIESTA 1.4 TDCI EXI,Ford
2016,54000,Diesel,Manual,First,19.87,83.8,6.5,DUSTER 85PS DIESEL RXE,Renault
2012,95000,Diesel,Automatic,Second,18.48,97.7,18.0,5 SERIES 520D SEDAN,BMW
2015,66337,Diesel,Manual,First,24.0,70.0,4.96,GRAND I10 CRDI SPORTZ EDITION,Hyundai
2012,60000,Petrol,Manual,First,19.4,86.8,3.25,BRIO S MT,Honda
2010,38001,Petrol,Automatic,First,12.3,163.2,8.5,A4 1.8 TFSI,Audi
2014,73000,Petrol,Manual,Second,24.7,47.3,2.75,ALTO 800 2016-2019 LXI,Maruti
2011,61000,Petrol,Manual,Second,16.2,103.2,3.4,VERNA TRANSFORM SX VTVT,Hyundai
2013,120000,Diesel,Manual,First,20.77,88.8,7.0,ERTIGA ZDI,Maruti
2012,71787,Petrol,Manual,First,12.9,102.5,3.21,OPTRA MAGNUM 1.6 LT ABS BS3,Chevrolet
2016,11554,Diesel,Manual,First,19.67,126.2,14.25,CRETA 1.6 CRDI SX OPTION,Hyundai
2014,90000,Diesel,Manual,First,20.34,103.2,6.5,VENTO 1.5 TDI HIGHLINE,Volkswagen
2014,48104,Petrol,Manual,First,17.4,117.3,5.49,CITY I VTEC SV,Honda
2005,91000,Petrol,Manual,Third,16.8,83.0,0.8,GETZ GLS ABS,Hyundai
2007,58815,Petrol,Manual,First,17.0,97.7,1.99,SANTRO XING XG ERLX EURO III,Hyundai
2015,33931,Petrol,Automatic,Second,18.9,82.0,5.91,GRAND I10 AT ASTA,Hyundai
2019,13916,Petrol,Manual,First,18.9,81.86,6.44,GRAND I10 1.2 KAPPA SPORTZ OPTION,Hyundai
2012,90400,CNG,Manual,First,26.2,58.2,2.9,WAGON R LXI CNG,Maruti
2015,14000,Petrol,Manual,First,18.9,82.0,4.6,GRAND I10 SPORTZ,Hyundai
2007,121000,Diesel,Manual,Second,17.8,97.7,2.35,SWIFT VDI BSIV,Maruti
2016,17560,Petrol,Manual,First,18.6,81.83,7.21,I20 ASTA 1.2,Hyundai
2016,60000,Diesel,Manual,First,19.87,83.8,8.0,DUSTER 85PS DIESEL RXL,Renault
2009,88096,Diesel,Manual,Second,19.3,73.9,3.5,SWIFT DZIRE VDI,Maruti
2008,53000,Diesel,Manual,First,12.8,102.0,5.9,INNOVA 2.5 G (DIESEL) 8 SEATER BS IV,Toyota
2015,19963,Petrol,Manual,Second,25.4,37.5,1.74,NANO TWIST XT,Tata
2019,1000,Petrol,Manual,First,18.12,86.8,6.8,FIGO 2015-2019 1.2P SPORTS EDITION MT,Ford
2017,8000,Petrol,Manual,First,18.6,81.83,7.5,I20 1.2 ASTA OPTION,Hyundai
2016,9200,Petrol,Manual,First,15.4,117.3,8.0,BRV I-VTEC V MT,Honda
2015,29000,Diesel,Manual,First,27.4,98.6,5.99,AMAZE S DIESEL,Honda
2017,27000,Diesel,Manual,First,19.67,126.2,12.9,CRETA 1.6 CRDI SX,Hyundai
2018,22900,Petrol,Manual,First,21.4,83.1,7.0,BALENO ZETA 1.2,Maruti
2014,50000,Diesel,Automatic,First,14.16,174.3,35.0,Q5 2.0 TDI TECHNOLOGY,Audi
2015,60207,Diesel,Manual,First,25.8,98.6,5.5,AMAZE S I-DTEC,Honda
2010,101119,Diesel,Automatic,First,11.0,97.7,18.46,X5 3.0D,BMW
2010,42000,Petrol,Manual,First,15.6,70.0,2.4,FIGO PETROL TITANIUM,Ford
2002,93000,Petrol,Manual,Third,18.9,67.1,1.0,WAGON R VXI,Maruti
2012,60000,Petrol,Manual,Second,19.81,68.05,2.65,I10 ERA,Hyundai
2015,66122,Diesel,Automatic,First,21.66,103.52,5.96,RAPID 1.5 TDI AT ELEGANCE,Skoda
2015,25100,Diesel,Automatic,First,17.85,97.7,75.0,PANAMERA DIESEL,Porsche
2017,24733,Petrol,Automatic,First,15.04,183.0,27.15,CLA 200 SPORT EDITION,Mercedes-Benz
2008,41000,Petrol,Automatic,Second,10.4,201.0,10.5,A6 2.8 FSI,Audi
2015,30000,Petrol,Manual,First,20.73,91.1,6.7,CIAZ ZXI PLUS,Maruti
2013,36000,Diesel,Manual,First,22.7,89.84,4.9,ECOSPORT 1.5 DV5 MT TITANIUM,Ford
2017,40279,Diesel,Manual,First,16.5,70.0,8.0,BOLERO MHAWK D70 ZLX,Mahindra
2018,46805,Petrol,Manual,First,24.07,67.1,3.63,ALTO K10 VXI,Maruti
2015,60000,Petrol,Manual,First,17.5,85.8,4.8,SWIFT DZIRE 1.2 VXI BSIV,Maruti
2017,100000,Petrol,Manual,First,17.57,88.7,4.25,ZEST REVOTRON 1.2T XE,Tata
2014,32986,Petrol,Manual,First,16.1,97.7,4.24,SWIFT 1.3 VXI,Maruti
2018,51530,Diesel,Automatic,First,10.91,197.2,30.27,ENDEAVOUR 3.2 TREND AT 4X4,Ford
2013,81456,Diesel,Manual,First,15.8,170.0,14.25,NEW C-CLASS C 220 CDI CLASSIC,Mercedes-Benz
2012,37229,Petrol,Automatic,First,16.95,78.9,3.41,I10 SPORTZ AT,Hyundai
2009,73200,Petrol,Manual,First,17.0,118.0,2.78,CITY 1.5 S MT,Honda
2015,71826,Diesel,Automatic,First,19.3,141.0,15.5,OCTAVIA ELEGANCE 2.0 TDI AT,Skoda
2017,129000,Diesel,Manual,First,25.0,69.0,3.0,INDICA V2 ELS,Tata
2012,82000,Petrol,Manual,First,18.9,67.1,2.3,WAGON R VXI BSII,Maruti
2017,40459,Diesel,Manual,First,19.67,126.2,13.28,CRETA 1.6 CRDI SX,Hyundai
2009,61964,Petrol,Manual,First,19.0,66.1,2.25,A-STAR LXI,Maruti
2011,15466,Petrol,Manual,First,22.5,67.04,3.36,WAGON R LXI,Maruti
2014,23000,Petrol,Manual,First,17.3,117.3,4.25,MOBILIO E I VTEC,Honda
2012,43766,Petrol,Manual,First,20.36,78.9,4.3,I10 MAGNA,Hyundai
2010,54000,Petrol,Automatic,First,18.15,97.7,6.0,SUPERB 3.6 V6 FSI,Skoda
2018,18521,Diesel,Manual,First,22.54,88.73,9.18,I20 1.4 SPORTZ,Hyundai
2017,26400,Petrol,Manual,First,23.1,67.04,4.99,CELERIO ZXI OPTIONAL,Maruti
2011,31900,Petrol,Manual,First,13.4,157.8,3.75,LAURA 1.8 TSI AMBIENTE,Skoda
2010,39000,Diesel,Manual,First,20.0,68.0,2.5,FIGO DIESEL LXI,Ford
2016,45671,Diesel,Manual,First,27.3,98.6,7.2,JAZZ 1.5 VX I DTEC,Honda
2016,39500,Diesel,Automatic,First,15.0,204.0,29.5,E-CLASS 2015-2017 E250 EDITION E,Mercedes-Benz
2015,54000,Diesel,Automatic,First,17.9,136.0,17.55,GLA CLASS 200 CDI SPORT,Mercedes-Benz
2012,20000,Diesel,Automatic,First,18.5,163.0,12.0,S60 D3,Volvo
2009,55000,Diesel,Automatic,First,11.8,97.7,13.5,A8 L 3.0 TDI QUATTRO,Audi
2014,48000,Diesel,Automatic,First,22.32,126.32,5.1,VERNA 1.6 SX CRDI (O) AT,Hyundai
2011,70000,Diesel,Automatic,First,22.69,190.0,10.3,3 SERIES 320D,BMW
2014,62000,Diesel,Manual,First,22.32,126.32,5.7,VERNA 1.6 SX,Hyundai
2014,41994,Petrol,Manual,First,22.5,67.04,3.41,WAGON R VXI,Maruti
2010,108882,Diesel,Manual,Second,20.0,68.0,2.4,FIGO DIESEL EXI,Ford
2017,24806,Petrol,Manual,First,18.15,82.0,5.6,KUV 100 MFALCON G80 K2,Mahindra
2006,53000,Diesel,Manual,First,17.0,70.0,1.0,INDIGO LS,Tata
2017,30000,Diesel,Automatic,First,18.49,100.0,8.2,TUV 300 T8 AMT,Mahindra
2015,51000,Diesel,Automatic,First,15.17,181.0,27.5,Q3 35 TDI QUATTRO PREMIUM PLUS,Audi
2015,64876,Petrol,Manual,First,21.5,81.8,3.5,WAGON R VXI 1.2,Maruti
2016,70536,CNG,Manual,First,18.15,58.33,4.58,CELERIO CNG VXI MT,Maruti
2017,25299,Diesel,Manual,First,24.3,88.5,10.34,VITARA BREZZA ZDI PLUS DUAL TONE,Maruti
2006,89869,Diesel,Manual,First,12.7,116.6,3.25,SCORPIO DX 2.6 TURBO 8 STR,Mahindra
2007,103515,Diesel,Manual,Third,12.6,112.0,5.0,TUCSON CRDI,Hyundai
2008,68282,Petrol,Manual,First,17.92,62.1,2.25,SANTRO XING GLS,Hyundai
2014,60033,Diesel,Automatic,First,18.18,97.7,51.52,PANAMERA DIESEL 250HP,Porsche
2018,51921,Diesel,Manual,First,24.3,88.5,8.62,VITARA BREZZA VDI OPTION,Maruti
2017,18414,Diesel,Manual,First,23.4,74.0,7.25,SWIFT DZIRE VDI,Maruti
2016,40866,Petrol,Manual,First,19.5,86.76,5.47,AMAZE V PETROL,Honda
2014,55001,Diesel,Automatic,First,16.36,187.7,31.0,XF 2.2 LITRE LUXURY,Jaguar
2017,20469,Petrol,Automatic,First,16.82,189.08,35.98,COOPER CONVERTIBLE S,Mini
2017,8500,Petrol,Manual,First,21.1,55.2,3.42,EON ERA PLUS,Hyundai
2008,45000,Diesel,Automatic,Second,16.77,97.7,11.5,A6 3.0 TDI QUATTRO,Audi
2016,6000,Petrol,Manual,First,17.19,81.86,7.25,I20 ACTIVE 1.2 SX DUAL TONE,Hyundai
2018,11000,Diesel,Manual,First,28.4,74.0,8.0,SWIFT AMT DDIS VDI,Maruti
2015,80064,Diesel,Manual,First,22.7,89.84,7.33,ECOSPORT 1.5 DV5 MT TITANIUM,Ford
2016,29930,Petrol,Manual,First,18.9,67.1,3.35,WAGON R VXI BS IV WITH ABS,Maruti
2013,49105,Diesel,Manual,First,20.34,103.2,4.4,VENTO 1.5 TDI HIGHLINE,Volkswagen
2012,55000,Petrol,Manual,First,17.6,88.7,2.99,ETIOS VX,Toyota
2015,23000,Petrol,Manual,First,18.7,88.7,5.6,JAZZ 1.2 SV I VTEC,Honda
2016,54727,Diesel,Manual,First,20.14,88.73,6.63,CROSSPOLO 1.5 TDI,Volkswagen
2018,31426,Diesel,Manual,First,21.66,108.62,7.9,AMEO 1.5 TDI HIGHLINE,Volkswagen
2015,53442,Petrol,Manual,First,16.8,116.3,7.0,CITY V MT EXCLUSIVE,Honda
2014,28000,Petrol,Automatic,First,16.5,86.8,4.95,BRIO VX AT,Honda
2017,13412,Petrol,Automatic,First,14.3,103.52,9.19,RAPID 1.6 MPI AT STYLE,Skoda
2011,70000,Diesel,Manual,First,16.8,110.0,5.1,VERNA CRDI,Hyundai
2015,81310,Diesel,Manual,First,21.19,88.76,5.9,I20 ACTIVE S DIESEL,Hyundai
2019,13574,Petrol,Automatic,First,21.4,83.1,9.51,BALENO ALPHA CVT,Maruti
2008,75000,Petrol,Manual,Second,11.1,158.8,3.9,CR-V 2.4L 4WD MT,Honda
2014,58310,Petrol,Manual,Second,19.1,85.8,5.39,SWIFT DZIRE VXI,Maruti
2009,90000,Diesel,Manual,Second,19.3,73.9,3.0,SWIFT DZIRE VDI,Maruti
2012,83000,Diesel,Manual,First,23.4,74.0,4.3,SWIFT DZIRE ZDI,Maruti
2017,37282,Petrol,Manual,First,20.85,83.14,6.75,SWIFT DZIRE ZXI,Maruti
2017,23000,Petrol,Manual,First,18.9,82.0,4.5,GRAND I10 SPORTZ,Hyundai
2010,82000,Diesel,Manual,First,17.8,68.0,2.75,FIESTA 1.4 ZXI TDCI ABS,Ford
2016,31000,Diesel,Manual,First,23.9,126.2,9.0,VERNA 1.6 CRDI S,Hyundai
2001,53000,Petrol,Manual,First,12.0,97.7,0.7,WAGON R VX,Maruti
2014,45001,Diesel,Manual,Second,20.0,68.05,2.55,FIGO DIESEL EXI,Ford
2014,50446,Diesel,Manual,First,21.12,88.8,3.54,MANZA AQUA QUADRAJET BS IV,Tata
2009,89000,Petrol,Manual,First,13.5,130.0,4.25,CIVIC 2006-2010 1.8 S MT,Honda
2007,72000,Petrol,Manual,Second,19.7,46.3,1.2,ALTO LX BSIII,Maruti
2013,90000,Diesel,Automatic,First,22.48,190.0,19.5,5 SERIES 520D LUXURY LINE,BMW
2015,76000,Diesel,Manual,Second,16.0,140.0,12.0,XUV500 W8 2WD,Mahindra
2012,78401,Diesel,Manual,First,23.2,73.94,3.9,RITZ VDI,Maruti
2017,38426,Diesel,Manual,First,24.3,88.5,9.13,VITARA BREZZA ZDI PLUS,Maruti
2011,45000,Petrol,Manual,First,15.1,73.0,2.25,EECO 7 SEATER STANDARD,Maruti
2012,83000,Petrol,Manual,First,17.5,85.8,3.25,SWIFT DZIRE 1.2 VXI BSIV,Maruti
2017,50170,Diesel,Automatic,First,17.01,126.2,14.79,CRETA 1.6 CRDI AT SX PLUS,Hyundai
2010,37822,Petrol,Manual,First,22.5,67.04,2.35,WAGON R LXI,Maruti
2015,33517,Diesel,Manual,First,27.62,47.0,3.1,CELERIO ZDI,Maruti
2014,110000,Diesel,Automatic,First,13.01,194.3,12.9,SANTA FE 2WD AT,Hyundai
2017,60000,Petrol,Manual,First,21.1,55.2,2.5,EON D LITE PLUS OPTION,Hyundai
2013,92408,Petrol,Manual,First,18.5,82.85,3.65,I20 SPORTZ 1.2,Hyundai
2014,45000,Petrol,Manual,First,17.1,121.3,7.5,VERNA 1.6 SX VTVT (O),Hyundai
2013,33793,Petrol,Manual,First,18.4,86.8,3.74,BRIO S OPTION MT,Honda
2017,26327,Petrol,Manual,First,20.4,81.8,5.86,SWIFT VXI OPTIONAL,Maruti
2018,20604,Diesel,Automatic,First,19.27,167.62,39.62,NEW C-CLASS C 220D AVANTGARDE EDITION C,Mercedes-Benz
2018,61386,Diesel,Manual,First,25.2,74.0,7.05,SWIFT VDI OPTIONAL,Maruti
2018,11500,Diesel,Automatic,First,28.4,74.0,7.5,SWIFT AMT VDI,Maruti
2012,58000,Diesel,Manual,First,25.44,57.6,2.1,BEAT DIESEL LS,Chevrolet
2014,38000,Petrol,Automatic,First,13.7,157.75,11.6,SUPERB ELEGANCE 1.8 TSI AT,Skoda
2012,49000,Diesel,Automatic,Second,14.84,167.62,19.25,NEW C-CLASS C 220 CDI BE AVANTGARE,Mercedes-Benz
2017,72202,Diesel,Manual,First,13.68,147.8,17.92,INNOVA CRYSTA 2.4 VX MT 8S,Toyota
2016,7000,Petrol,Manual,First,20.36,78.9,3.6,I10 SPORTZ,Hyundai
2014,20000,Diesel,Manual,Second,25.8,98.6,4.5,AMAZE S I-DTEC,Honda
2017,14061,Diesel,Manual,First,21.9,88.76,7.4,I20 MAGNA 1.4 CRDI (DIESEL),Hyundai
2018,30706,Diesel,Automatic,First,11.57,97.7,59.29,GLE 350D,Mercedes-Benz
2011,51387,Diesel,Manual,First,12.05,120.0,5.5,SCORPIO 2009-2014 SLE 7S BSIV,Mahindra
2006,44000,Petrol,Manual,Second,15.3,83.0,1.75,GETZ GLE,Hyundai
2016,12208,Petrol,Manual,First,21.4,83.1,6.75,BALENO ALPHA,Maruti
2011,55000,Diesel,Manual,First,16.52,123.7,3.95,OPTRA MAGNUM 2.0 LT,Chevrolet
2011,61600,Petrol,Manual,First,17.1,121.3,4.2,VERNA 1.6 SX VTVT (O),Hyundai
2016,28414,Petrol,Manual,First,17.0,118.0,8.4,CITY 1.5 V MT,Honda
2017,27853,Petrol,Automatic,First,17.21,103.5,8.25,POLO GT TSI,Volkswagen
2013,55116,Petrol,Manual,First,19.4,86.8,3.31,BRIO E MT,Honda
2017,26000,Diesel,Manual,First,26.59,74.0,7.5,SWIFT DZIRE VDI,Maruti
2012,45496,Petrol,Manual,First,17.0,118.0,4.75,CITY 1.5 V MT EXCLUSIVE,Honda
2013,76000,Diesel,Automatic,Second,11.18,184.0,8.79,SSANGYONG REXTON RX7,Mahindra
2014,53000,Petrol,Manual,First,13.1,157.75,9.5,SUPERB ELEGANCE 1.8 TSI MT,Skoda
2009,100000,Petrol,Manual,First,18.15,97.7,1.6,SANTRO GLS II - EURO II,Hyundai
2010,38127,Petrol,Manual,First,19.7,46.3,1.55,ALTO LXI,Maruti
2014,82450,Diesel,Manual,First,23.0,90.0,5.85,I20 ASTA (O) 1.4 CRDI (DIESEL),Hyundai
2014,62497,Petrol,Manual,First,15.8,110.0,7.52,ECOSPORT 1.5 TI VCT MT TREND,Ford
2011,86732,Diesel,Manual,First,23.08,63.1,3.6,MICRA DIESEL XV,Nissan
2016,27969,Petrol,Manual,First,19.4,86.8,4.73,BRIO E MT,Honda
2013,66372,Diesel,Automatic,First,11.18,184.0,10.5,SSANGYONG REXTON RX7,Mahindra
2013,73525,Diesel,Automatic,First,16.46,97.7,34.54,7 SERIES 730LD SEDAN,BMW
2018,20689,Petrol,Manual,First,18.9,81.86,6.07,GRAND I10 1.2 KAPPA SPORTZ,Hyundai
2018,25093,Petrol,Manual,First,21.4,83.1,7.76,BALENO DELTA 1.2,Maruti
2016,49176,Diesel,Manual,First,11.68,112.0,7.46,XYLO E8 ABS BS IV,Mahindra
2012,87510,Diesel,Manual,First,21.8,78.0,3.49,FLUENCE DIESEL E4,Renault
2012,38214,Petrol,Manual,Second,18.5,80.0,4.05,I20 1.2 MAGNA,Hyundai
2013,48986,Diesel,Manual,First,10.5,107.2,11.88,PAJERO 2.8 SFX,Mitsubishi
2011,88000,Petrol,Automatic,First,14.53,138.1,6.45,COROLLA ALTIS 2008-2013 1.8 VL AT,Toyota
2015,69002,Diesel,Automatic,First,15.97,97.7,50.0,X5 X5 M,BMW
2011,43706,Petrol,Automatic,First,10.9,215.0,9.0,3 SERIES 2005-2011 325I SEDAN,BMW
2016,58671,Diesel,Automatic,First,17.01,126.2,14.25,CRETA 1.6 CRDI AT SX PLUS,Hyundai
2017,49404,Diesel,Manual,First,18.49,100.0,7.36,TUV 300 2015-2019 T8,Mahindra
2010,72000,Diesel,Manual,First,12.05,120.0,4.4,SCORPIO VLX 2.2 MHAWK BSIII,Mahindra
2016,24000,Petrol,Manual,First,25.17,53.3,3.1,KWID RXT,Renault
2017,53285,Petrol,Automatic,First,22.5,67.0,4.28,KWID 1.0 RXT OPTIONAL AMT,Renault
2017,12000,Petrol,Manual,First,16.1,85.0,5.5,SWIFT VXI BSIV,Maruti
2012,45000,Diesel,Automatic,First,17.0,105.0,6.99,LAURA 1.9 TDI AT AMBIENTE,Skoda
2018,26234,Petrol,Manual,First,24.7,47.3,4.29,ALTO 800 2016-2019 VXI,Maruti
2014,55000,Petrol,Manual,First,18.6,85.8,4.2,SWIFT VXI,Maruti
2012,90000,Diesel,Manual,First,23.0,90.0,4.11,I20 1.4 CRDI SPORTZ,Hyundai
2015,48000,Diesel,Automatic,First,15.73,174.33,18.75,Q3 2012-2015 35 TDI QUATTRO PREMIUM,Audi
2017,19863,Diesel,Automatic,First,11.57,97.7,64.95,GLE 350D,Mercedes-Benz
2010,55000,Petrol,Manual,Second,19.81,68.05,1.59,I10 ERA,Hyundai
2016,4800,Petrol,Manual,First,20.51,67.04,3.6,WAGON R LXI OPTIONAL,Maruti
2017,38607,Petrol,Manual,Second,17.8,117.3,7.87,CITY I VTEC V,Honda
2018,3958,Petrol,Manual,First,18.9,81.86,5.55,GRAND I10 1.2 KAPPA SPORTZ,Hyundai
2014,74000,Diesel,Manual,Second,25.1,98.6,6.4,CITY I DTEC VX,Honda
2009,54540,Petrol,Manual,Third,17.5,85.8,2.65,SWIFT DZIRE VXI,Maruti
2015,58400,Petrol,Manual,First,17.5,85.8,5.5,SWIFT DZIRE ZXI,Maruti
2013,73648,Diesel,Manual,First,15.1,140.0,7.31,XUV500 W8 2WD,Mahindra
2016,83000,Diesel,Manual,First,28.09,88.5,7.1,CIAZ ZDI PLUS SHVS,Maruti
2016,16159,Diesel,Manual,First,22.32,126.32,7.83,VERNA 1.6 SX CRDI (O),Hyundai
2005,53000,Diesel,Manual,First,13.1,82.0,0.85,ACCENT CRDI,Hyundai
2014,22100,Petrol,Manual,First,19.4,86.8,3.55,BRIO S MT,Honda
2017,35043,Petrol,Manual,First,17.19,81.86,8.19,I20 ACTIVE 1.2 SX,Hyundai
2018,24000,Diesel,Automatic,First,18.88,184.0,28.0,3 SERIES 320D SPORT LINE,BMW
2015,53000,Diesel,Automatic,First,16.96,138.03,13.0,JETTA 2013-2015 2.0L TDI HIGHLINE AT,Volkswagen
2011,70000,Petrol,Manual,Second,15.26,103.5,3.29,POLO PETROL HIGHLINE 1.6L,Volkswagen
2015,13769,Petrol,Manual,Second,16.1,85.0,4.41,SWIFT VXI BSIV,Maruti
2013,58000,Diesel,Manual,First,19.01,108.45,4.99,DUSTER 110PS DIESEL RXZ,Renault
2009,58000,Diesel,Automatic,First,18.56,190.0,17.98,X3 XDRIVE 20D LUXURY LINE,BMW
2018,18705,Diesel,Manual,First,20.5,91.72,7.71,AVVENTURA MULTIJET EMOTION,Fiat
2013,32378,Petrol,Manual,First,20.51,67.04,2.8,WAGON R STINGRAY VXI,Maruti
2013,45000,Diesel,Manual,First,22.1,76.9,3.0,SAIL HATCHBACK LS ABS,Chevrolet
2015,36836,Diesel,Manual,First,15.1,140.0,12.49,XUV500 W8 2WD,Mahindra
2016,54199,Diesel,Manual,First,23.0,88.8,5.0,ZEST QUADRAJET 1.3,Tata
2017,36935,Diesel,Automatic,First,18.56,190.0,32.64,X3 XDRIVE20D XLINE,BMW
2015,23000,Diesel,Manual,First,25.2,74.0,6.5,SWIFT VDI BSIV,Maruti
2015,14000,Diesel,Automatic,First,18.12,190.0,35.0,5 SERIES 2013-2017 520D LUXURY LINE,BMW
2015,100073,Diesel,Manual,Second,25.0,69.01,2.0,INDIGO CS EVX,Tata
2015,59182,Diesel,Manual,First,15.1,140.0,9.46,XUV500 W8 2WD,Mahindra
2016,72132,Diesel,Automatic,Second,12.07,97.7,39.0,Q7 35 TDI QUATTRO PREMIUM PLUS,Audi
2009,79000,Diesel,Automatic,First,18.48,177.0,15.0,5 SERIES 2003-2012 520D,BMW
2013,66930,Petrol,Manual,First,17.1,121.3,6.15,VERNA 1.6 SX VTVT (O),Hyundai
2015,100000,Diesel,Automatic,Second,13.01,194.3,14.5,SANTA FE 4WD AT,Hyundai
2012,43000,Petrol,Manual,First,18.15,97.7,3.25,SANTRO GLS II - EURO II,Hyundai
2018,27413,Petrol,Automatic,First,20.51,67.0,5.18,WAGON R AMT VXI,Maruti
2007,90000,Petrol,Manual,Second,17.3,64.0,1.24,WAGON R LX BSIII,Maruti
2013,40300,Petrol,Manual,First,18.5,82.85,2.8,I20 SPORTZ 1.2,Hyundai
2011,73783,Petrol,Automatic,Second,13.7,157.75,5.23,SUPERB ELEGANCE 1.8 TSI AT,Skoda
2005,86000,Petrol,Manual,Second,15.3,83.0,0.45,GETZ GLS,Hyundai
2014,65694,Petrol,Manual,First,18.9,67.1,3.25,WAGON R LXI BS IV,Maruti
2015,23000,Petrol,Manual,First,16.8,34.2,1.5,OMNI MPI CARGO BSIV,Maruti
2012,51000,Petrol,Manual,First,20.36,78.9,2.85,I10 MAGNA 1.2,Hyundai
2018,18335,Petrol,Manual,First,21.7,67.0,4.5,KWID 1.0 RXT OPTIONAL,Renault
2014,36000,Diesel,Automatic,First,15.0,107.3,16.25,B CLASS 2012-2015 B200 SPORT CDI,Mercedes-Benz
2017,25000,Petrol,Automatic,First,17.21,103.5,7.75,POLO GT TSI,Volkswagen
2007,81000,Diesel,Manual,Third,12.05,120.0,4.35,SCORPIO VLX 4WD,Mahindra
2019,21719,Diesel,Automatic,First,12.9,174.5,33.13,FORTUNER 2.8 2WD AT,Toyota
2013,75421,Diesel,Manual,First,25.44,56.3,3.63,BEAT DIESEL LT,Chevrolet
2010,80000,Diesel,Manual,First,12.8,102.0,4.75,INNOVA 2.5 G4 DIESEL 8-SEATER,Toyota
2018,10671,Petrol,Manual,First,20.85,83.14,6.51,SWIFT DZIRE VXI,Maruti
2018,4126,Petrol,Manual,First,21.7,67.0,4.8,KWID CLIMBER 1.0 MT,Renault
2017,98500,Diesel,Manual,First,22.95,74.0,6.0,BOLT QUADRAJET XM,Tata
2016,61578,Petrol,Manual,First,18.9,82.0,6.4,GRAND I10 ASTA,Hyundai
2014,54000,Diesel,Manual,First,20.34,103.2,4.9,VENTO 1.5 TDI HIGHLINE,Volkswagen
2013,70998,Diesel,Automatic,First,17.68,174.33,20.57,A6 2011-2015 2.0 TDI,Audi
2015,40082,Diesel,Manual,First,19.3,73.9,4.76,SWIFT DZIRE LDI BSIV,Maruti
2012,50619,Petrol,Manual,First,18.0,62.0,2.0,SPARK 1.0 LT,Chevrolet
2009,103905,Diesel,Automatic,First,22.69,190.0,9.92,3 SERIES 320D,BMW
2018,15334,Petrol,Manual,First,21.1,55.2,3.69,EON ERA PLUS,Hyundai
2013,69000,Diesel,Manual,First,23.4,74.0,5.75,SWIFT DZIRE VDI,Maruti
2014,75160,Diesel,Manual,First,20.14,88.5,5.7,CROSSPOLO 1.5 TDI,Volkswagen
2014,44753,Petrol,Manual,First,18.0,86.7,4.94,AMAZE E I-VTECH,Honda
2012,53024,Petrol,Automatic,First,14.4,103.6,4.29,VENTO PETROL HIGHLINE AT,Volkswagen
2014,23840,Petrol,Manual,First,20.51,67.04,3.0,WAGON R STINGRAY VXI,Maruti
2014,81298,Diesel,Manual,First,20.14,88.8,6.5,POLO 1.5 TDI HIGHLINE,Volkswagen
2015,59000,Petrol,Manual,Second,16.47,73.9,4.9,POLO PETROL COMFORTLINE 1.2L,Volkswagen
2016,51806,Diesel,Manual,First,25.8,98.6,5.4,AMAZE SX I-DTEC,Honda
2014,56000,Diesel,Automatic,First,18.53,187.74,24.0,A6 35 TDI MATRIX,Audi
2019,29279,Diesel,Manual,First,24.7,69.0,7.46,TIGOR 1.05 REVOTORQ XZ OPTION,Tata
2017,33550,Diesel,Automatic,First,21.5,108.5,9.6,VENTO 1.5 TDI HIGHLINE AT,Volkswagen
2014,62000,Diesel,Automatic,First,18.53,187.74,25.0,A6 35 TDI MATRIX,Audi
2014,66000,Diesel,Manual,First,19.01,108.5,6.8,TERRANO XL 110 PS,Nissan
2016,46630,Diesel,Automatic,First,21.66,103.52,8.59,RAPID 1.5 TDI AT ELEGANCE,Skoda
2016,72566,Diesel,Manual,First,25.83,99.0,5.29,FIGO ASPIRE 1.5 TDCI TREND,Ford
2011,51482,Diesel,Manual,First,15.42,70.0,2.5,VENTURE EX,Tata
2011,90000,Diesel,Automatic,First,14.84,167.62,13.9,NEW C-CLASS C 220 CDI BE AVANTGARE,Mercedes-Benz
2014,69000,Diesel,Manual,Second,13.0,168.5,20.0,FORTUNER 4X2 MANUAL,Toyota
2011,90000,Petrol,Manual,Second,17.0,118.0,3.4,CITY 1.5 V MT,Honda
2015,39000,Petrol,Manual,First,18.6,81.83,5.5,I20 ASTA OPTION 1.2,Hyundai
2012,110000,Diesel,Manual,Second,20.54,103.6,3.65,VENTO DIESEL TRENDLINE,Volkswagen
2011,68022,Diesel,Manual,First,13.1,141.0,5.86,ENDEAVOUR 2.5L 4X2 MT,Ford
2018,27852,Petrol,Automatic,First,14.8,121.36,10.44,ECOSPORT 1.5 PETROL TITANIUM PLUS AT,Ford
2013,58291,Diesel,Manual,First,17.8,97.7,5.0,SWIFT VDI BSIV,Maruti
2011,68439,Diesel,Manual,First,23.0,90.0,3.37,I20 SPORTZ DIESEL,Hyundai
2011,53000,Diesel,Manual,First,12.99,100.6,6.95,INNOVA 2.5 VX (DIESEL) 8 SEATER,Toyota
2018,14000,Diesel,Manual,First,21.5,108.5,9.9,NEXON 1.5 REVOTORQ XZ PLUS DUAL TONE,Tata
2012,71558,Diesel,Manual,First,20.0,68.05,3.3,FIGO DIESEL TITANIUM,Ford
2013,48000,Diesel,Automatic,Second,17.85,97.7,50.5,PANAMERA DIESEL,Porsche
2015,65800,Diesel,Automatic,First,17.01,126.2,12.5,CRETA 1.6 CRDI AT SX PLUS,Hyundai
2014,53000,Diesel,Automatic,First,16.55,140.0,20.5,A4 2.0 TDI MULTITRONIC,Audi
2017,14600,Diesel,Manual,First,16.0,140.0,14.5,XUV500 W8 4WD,Mahindra
2017,34429,Diesel,Automatic,First,13.8,174.57,20.0,MUX 4WD,Isuzu
2014,52000,Diesel,Manual,First,23.4,74.0,5.25,SWIFT DZIRE VDI,Maruti
2015,25470,Petrol,Manual,First,20.73,91.1,5.9,CIAZ ZXI,Maruti
2013,22000,Petrol,Manual,First,21.1,55.2,2.6,EON ERA PLUS,Hyundai
2007,75000,Diesel,Automatic,First,11.0,198.5,11.0,E-CLASS 280 CDI,Mercedes-Benz
2011,95995,Diesel,Automatic,First,18.48,177.0,15.5,5 SERIES 2003-2012 520D,BMW
2017,26877,Diesel,Manual,First,24.0,73.97,5.75,GRAND I10 1.2 CRDI SPORTZ OPTION,Hyundai
2015,26000,Diesel,Automatic,First,14.47,97.7,75.0,XJ 3.0L PORTFOLIO,Jaguar
2007,53000,Diesel,Manual,Second,17.8,75.0,2.0,SWIFT LDI BSIII,Maruti
2008,95291,Petrol,Manual,First,17.92,62.1,2.3,SANTRO XING GLS,Hyundai
2009,53000,Diesel,Manual,Second,12.8,102.0,8.2,INNOVA 2.5 V DIESEL 8-SEATER,Toyota
2015,32000,Petrol,Manual,First,18.6,81.83,4.8,I20 SPORTZ 1.2,Hyundai
2008,68333,Diesel,Automatic,Second,11.0,198.5,8.5,E-CLASS 280 CDI,Mercedes-Benz
2011,72000,Diesel,Manual,First,20.0,68.0,2.9,FIGO DIESEL ZXI,Ford
2012,52100,Diesel,Manual,First,21.43,86.79,6.5,COROLLA ALTIS 1.4 DG,Toyota
2018,10000,Petrol,Manual,First,18.9,81.86,5.85,GRAND I10 1.2 KAPPA SPORTZ,Hyundai
2019,6261,Diesel,Manual,First,16.3,170.0,23.91,COMPASS 2.0 LIMITED 4X4,Jeep
2019,3906,Petrol,Automatic,First,20.89,81.8,7.36,IGNIS 1.2 AMT ALPHA,Maruti
2014,55960,Diesel,Manual,First,11.5,171.0,17.25,FORTUNER 3.0 DIESEL,Toyota
2013,53000,Diesel,Manual,First,20.54,103.6,7.0,VENTO DIESEL HIGHLINE,Volkswagen
2017,38000,Diesel,Manual,First,13.68,147.8,17.65,INNOVA CRYSTA 2.4 VX MT,Toyota
2013,51000,Diesel,Manual,First,20.0,68.1,2.5,FIGO DIESEL CELEBRATION EDITION,Ford
2015,53000,Diesel,Manual,First,23.59,67.05,6.0,PLATINUM ETIOS 1.4 GXD,Toyota
2018,2500,Diesel,Manual,First,18.06,63.0,8.25,THAR DI 4X4,Mahindra
2018,41661,Diesel,Automatic,First,12.7,187.7,44.83,ROVER RANGE ROVER HSE DYNAMIC,Land
2011,64000,Diesel,Automatic,First,16.07,181.0,10.5,3 SERIES 320D HIGHLINE,BMW
2008,80000,Petrol,Manual,Second,13.2,94.0,1.9,ACCENT GLS,Hyundai
2016,30000,Petrol,Automatic,Second,23.1,67.04,4.25,CELERIO ZXI AT,Maruti
2014,43000,Diesel,Automatic,Second,16.36,187.7,26.5,XF 2.2 LITRE LUXURY,Jaguar
2013,90000,Diesel,Automatic,Second,12.4,179.5,22.5,A6 2.7 TDI,Audi
2011,123880,Diesel,Manual,First,23.08,63.1,3.3,MICRA DIESEL XV,Nissan
2015,42000,Petrol,Manual,Second,18.0,86.7,4.3,AMAZE S I-VTECH,Honda
2012,79824,Diesel,Manual,First,19.87,83.8,5.25,DUSTER 85PS DIESEL RXL OPTION,Renault
2015,75000,Diesel,Manual,First,12.99,100.6,11.75,INNOVA 2.5 G (DIESEL) 8 SEATER,Toyota
2014,72411,Petrol,Manual,First,18.0,86.7,4.25,AMAZE E I-VTECH,Honda
2012,63000,Diesel,Automatic,First,14.94,204.0,14.22,NEW C-CLASS C 250 CDI ELEGANCE,Mercedes-Benz
2015,53713,Petrol,Manual,First,17.71,78.9,4.2,ETIOS LIVA G,Toyota
2017,18000,Diesel,Automatic,First,11.36,171.5,18.25,INNOVA CRYSTA 2.8 GX AT 8S,Toyota
2013,51000,Diesel,Manual,First,15.8,170.0,18.5,NEW C-CLASS 200 CDI ELEGANCE,Mercedes-Benz
2008,86700,Petrol,Manual,Second,16.1,88.2,2.4,SWIFT VXI BSIII,Maruti
2016,29000,Diesel,Manual,First,27.39,74.0,6.5,BALENO ALPHA 1.3,Maruti
2014,56000,LPG,Manual,First,13.45,62.1,3.2,SANTRO XING GL PLUS LPG,Hyundai
2015,33000,Petrol,Automatic,First,23.1,67.04,3.99,CELERIO VXI AT,Maruti
2014,64394,Diesel,Manual,First,22.7,89.84,5.45,ECOSPORT 1.5 DV5 MT AMBIENTE,Ford
2010,76000,Diesel,Manual,First,18.8,90.0,2.7,MANZA AURA QUADRAJET,Tata
2016,48719,Diesel,Manual,First,27.3,98.6,6.25,JAZZ 1.5 SV I DTEC,Honda
2016,59711,Diesel,Manual,First,15.1,140.0,13.28,XUV500 W8 2WD,Mahindra
2012,83000,Diesel,Manual,First,23.08,63.1,3.7,MICRA DIESEL XV PREMIUM,Nissan
2018,10714,Diesel,Automatic,First,19.27,167.62,39.51,NEW C-CLASS C 220D AVANTGARDE EDITION C,Mercedes-Benz
2010,127510,Diesel,Manual,Second,19.0,90.0,1.4,MANZA AURA PLUS QUADRAJET BS IV,Tata
2014,35010,Diesel,Manual,First,22.9,74.0,3.5,SWIFT VDI,Maruti
2012,75451,Petrol,Manual,First,17.5,85.8,3.78,SWIFT DZIRE 1.2 LXI BSIV,Maruti
2015,83000,Diesel,Manual,First,19.09,69.01,2.7,INDIGO ECS LS (TDI) BS-III,Tata
2013,38755,Diesel,Manual,First,25.8,98.6,3.2,AMAZE S I-DTECH,Honda
2016,30000,Petrol,Manual,First,20.4,81.8,5.0,SWIFT VXI BSIV,Maruti
2012,40000,Diesel,Manual,First,20.77,88.8,7.0,ERTIGA ZDI,Maruti
2014,19500,Petrol,Manual,Second,18.9,82.0,2.85,GRAND I10 ERA,Hyundai
2016,41000,Petrol,Manual,First,19.69,67.04,4.25,MICRA ACTIVE XV,Nissan
2014,30000,Petrol,Manual,Second,18.9,82.0,4.9,GRAND I10 ASTA OPTION,Hyundai
2017,37000,Diesel,Manual,First,17.1,170.0,16.9,COMPASS 2.0 SPORT,Jeep
2014,62000,Diesel,Manual,Second,22.07,73.9,4.25,POLO DIESEL COMFORTLINE 1.2L,Volkswagen
2015,42023,Petrol,Automatic,First,15.5,86.7,4.34,AMAZE S AT I-VTECH,Honda
2012,51001,Diesel,Automatic,First,16.09,184.0,17.0,X3 XDRIVE20D ADVANTAGE EDITION,BMW
2017,55389,Diesel,Automatic,First,18.88,184.0,28.45,3 SERIES 320D LUXURY LINE,BMW
2014,46728,Petrol,Automatic,First,15.6,116.3,6.15,CITY V AT,Honda
2014,58995,Diesel,Manual,First,12.83,162.0,9.25,SSANGYONG REXTON RX5,Mahindra
2015,37857,Diesel,Manual,First,26.59,74.0,4.85,SWIFT DZIRE LDI,Maruti
2014,71000,Diesel,Manual,First,25.2,74.0,4.8,SWIFT VDI BSIV,Maruti
2012,49024,Petrol,Manual,First,18.4,86.8,2.3,BRIO S OPTION MT,Honda
2016,10770,Petrol,Manual,First,18.9,82.0,4.75,GRAND I10 SPORTZ,Hyundai
2017,72000,Diesel,Manual,First,22.95,74.0,5.0,ZEST QUADRAJET 1.3 75PS XM,Tata
2015,91000,Petrol,Manual,First,21.1,55.2,2.5,EON ERA PLUS,Hyundai
2017,14000,Petrol,Manual,First,18.6,81.83,5.95,I20 1.2 SPOTZ,Hyundai
2014,48000,Diesel,Automatic,Second,9.0,181.0,16.0,S60 D4 KINETIC,Volvo
2014,75136,Diesel,Manual,First,22.7,89.84,6.15,ECOSPORT 1.5 DV5 MT TITANIUM OPTIONAL,Ford
2014,32500,Petrol,Manual,Second,21.1,85.8,4.05,RITZ VXI,Maruti
2010,94500,Diesel,Manual,Second,21.9,90.0,3.1,I20 1.4 CRDI MAGNA,Hyundai
2013,34900,Petrol,Manual,First,22.0,81.8,5.49,DZIRE VXI,Maruti
2010,42400,Petrol,Automatic,Third,8.0,97.7,42.91,PANAMERA 2010 2013 4S,Porsche
2015,50000,Diesel,Manual,First,17.8,75.0,5.7,SWIFT VDI BSIII W/ ABS,Maruti
2014,35000,Petrol,Manual,First,19.4,86.8,2.85,BRIO S MT,Honda
2012,37000,Petrol,Manual,Second,18.6,79.4,2.35,BEAT LS,Chevrolet
2018,32807,Petrol,Automatic,First,13.0,121.3,14.76,CRETA 1.6 SX PLUS PETROL AUTOMATIC,Hyundai
2008,119000,Petrol,Manual,Second,17.7,78.0,2.25,CITY ZX GXI,Honda
2016,12000,Petrol,Manual,First,18.5,85.8,3.65,RITZ LXI,Maruti
2016,46727,Diesel,Manual,First,22.77,98.59,7.25,ECOSPORT 1.5 TDCI TREND,Ford
2010,73336,Diesel,Automatic,First,13.2,170.0,10.69,3 SERIES 320D,BMW
2014,9000,Petrol,Manual,Second,17.01,121.3,5.5,VERNA 1.6 SX VTVT,Hyundai
2005,53000,Diesel,Manual,Fourth & Above,12.8,102.0,5.1,INNOVA 2.5 G4 DIESEL 8-SEATER,Toyota
2014,25422,Petrol,Manual,First,22.5,67.04,3.25,WAGON R LXI,Maruti
2018,14000,Diesel,Manual,First,25.47,88.5,9.25,ERTIGA VDI,Maruti
2008,66000,Petrol,Manual,First,19.7,46.3,1.7,ALTO LXI BSIII,Maruti
2010,55324,Petrol,Manual,First,19.0,66.1,2.87,A-STAR VXI,Maruti
2009,90000,Diesel,Automatic,First,11.0,97.7,17.75,X5 3.0D,BMW
2017,43000,Petrol,Manual,First,18.15,82.0,4.5,KUV 100 G80 K6 PLUS 5STR,Mahindra
2008,58483,Petrol,Automatic,Second,19.2,80.0,2.95,I10 MAGNA AT,Hyundai
2007,93000,Petrol,Automatic,Second,12.9,130.0,2.6,CIVIC 2006-2010 1.8 S AT,Honda
2010,50000,Petrol,Manual,First,20.36,78.9,3.0,I10 SPORTZ 1.2,Hyundai
2014,78616,Diesel,Automatic,Second,14.84,170.0,15.5,NEW C-CLASS C 220 CDI ELEGANCE AT,Mercedes-Benz
2011,37000,Petrol,Manual,First,17.6,88.73,2.8,ETIOS G,Toyota
2010,54801,Petrol,Manual,First,17.0,118.0,2.5,CITY 1.5 E MT,Honda
2014,29000,Diesel,Manual,First,23.4,74.0,5.75,SWIFT DZIRE VDI,Maruti
2010,68000,Petrol,Manual,First,22.0,81.8,2.8,SWIFT VXI,Maruti
2014,58000,Petrol,Manual,First,17.01,121.3,4.59,VERNA 1.6 EX VTVT,Hyundai
2012,64290,Diesel,Manual,First,23.2,73.94,3.65,RITZ VDI,Maruti
2015,31000,Diesel,Manual,First,13.0,168.5,19.85,FORTUNER 4X2 MANUAL,Toyota
2018,16039,Diesel,Manual,First,17.1,170.0,18.5,COMPASS 2.0 LIMITED,Jeep
2017,19860,Petrol,Manual,First,18.6,81.83,6.95,I20 ASTA OPTION 1.2,Hyundai
2014,48500,CNG,Manual,Second,26.6,58.16,2.85,WAGON R LXI CNG,Maruti
2012,75391,Diesel,Manual,First,13.93,138.0,3.75,NEW SAFARI DICOR 2.2 EX 4X4 BS IV,Tata
2008,78000,Diesel,Manual,Second,19.3,73.9,2.3,SWIFT DZIRE LDI,Maruti
2016,78000,Diesel,Manual,First,25.0,69.01,2.3,INDIGO ECS ELS BS IV,Tata
2016,52000,Diesel,Manual,First,28.4,74.0,5.95,SWIFT LDI,Maruti
2016,30000,Petrol,Automatic,First,23.1,67.04,3.49,CELERIO VXI AT,Maruti
2016,19254,Diesel,Automatic,First,14.69,97.7,47.7,5 SERIES 2013-2017 530D M SPORT,BMW
2015,29651,Petrol,Manual,First,16.47,74.0,6.43,POLO 1.2 MPI HIGHLINE,Volkswagen
2011,80000,Diesel,Manual,First,13.93,138.03,4.5,SAFARI DICOR 2.2 LX 4X2,Tata
2018,2971,Petrol,Automatic,First,13.6,181.0,39.75,COOPER S CARBON EDITION,Mini
2015,21400,Petrol,Manual,First,15.6,70.0,4.0,FIGO PETROL TITANIUM,Ford
2015,77000,Diesel,Manual,First,26.0,98.6,6.98,CITY I DTEC V,Honda
2006,80000,Diesel,Manual,Second,12.6,112.0,1.75,TUCSON CRDI,Hyundai
2013,81755,Diesel,Manual,First,20.0,108.5,4.75,LAURA AMBIENTE 2.0 TDI CR MT,Skoda
2016,99593,Diesel,Manual,First,11.5,171.0,23.5,FORTUNER 3.0 DIESEL,Toyota
2014,39791,Diesel,Manual,First,22.32,126.32,7.49,VERNA 1.6 SX,Hyundai
2015,113000,Diesel,Manual,First,15.1,140.0,10.85,XUV500 W6 2WD,Mahindra
2017,24000,Petrol,Manual,First,25.17,53.3,3.5,KWID RXT,Renault
2015,39000,Petrol,Manual,Second,18.6,81.83,6.3,I20 ASTA 1.2,Hyundai
2012,37000,Petrol,Automatic,First,15.6,116.3,6.75,CITY V AT,Honda
2017,61108,Diesel,Automatic,First,10.91,197.0,28.88,ENDEAVOUR 3.2 TITANIUM AT 4X4,Ford
2016,61648,Petrol,Automatic,First,13.7,157.75,14.23,SUPERB ELEGANCE 1.8 TSI AT,Skoda
2012,37000,Diesel,Automatic,Third,22.69,190.0,15.0,3 SERIES 320D SPORT,BMW
2013,53000,CNG,Manual,First,22.8,80.9,5.8,ERTIGA VXI CNG,Maruti
2013,65000,Diesel,Manual,First,23.2,73.94,3.75,RITZ LDI,Maruti
2005,120000,Petrol,Manual,First,18.15,97.7,1.15,SANTRO XING XP,Hyundai
2011,53000,Diesel,Manual,Second,11.5,171.0,12.75,FORTUNER 3.0 DIESEL,Toyota
2009,53001,Petrol,Manual,First,16.1,88.2,1.95,SWIFT LXI BSIII,Maruti
2018,22345,Petrol,Manual,First,20.3,84.0,4.95,TIGOR 1.2 REVOTRON XT,Tata
2015,50000,Petrol,Automatic,First,18.0,117.3,8.25,CITY I VTEC CVT VX,Honda
2013,48183,Diesel,Automatic,First,13.2,170.0,20.99,3 SERIES 320D,BMW
2010,93000,Diesel,Automatic,Second,14.21,203.0,17.5,E-CLASS 2009-2013 E250 CDI BLUE EFFICIENCY,Mercedes-Benz
2015,53500,Diesel,Manual,First,28.4,74.0,5.36,SWIFT VDI,Maruti
2014,17585,Petrol,Manual,First,16.02,93.7,6.35,ERTIGA VXI,Maruti
2011,36226,Petrol,Manual,First,17.01,121.3,2.95,VERNA 1.6 VTVT,Hyundai
2019,25899,Diesel,Automatic,First,12.63,147.5,55.7,ROVER DISCOVERY SPORT TD4 HSE,Land
2009,60170,Petrol,Manual,First,18.15,62.0,1.15,SANTRO XING GL,Hyundai
2017,11200,Diesel,Automatic,First,19.27,167.62,37.5,NEW C-CLASS C 220 CDI STYLE,Mercedes-Benz
2017,49045,Petrol,Manual,First,20.36,78.9,4.07,I10 MAGNA 1.2,Hyundai
2012,45000,Diesel,Manual,First,22.07,73.9,2.99,POLO DIESEL COMFORTLINE 1.2L,Volkswagen
2017,40000,Diesel,Manual,First,24.3,88.5,7.9,VITARA BREZZA VDI OPTION,Maruti
2016,36600,Diesel,Manual,First,19.87,83.8,7.49,DUSTER 85PS DIESEL RXL,Renault
2009,117000,Diesel,Manual,First,18.0,75.0,1.1,INDICA VISTA AQUA 1.3 QUADRAJET,Tata
2016,16000,Diesel,Automatic,First,11.3,97.7,56.0,GL-CLASS 350 CDI BLUE EFFICIENCY,Mercedes-Benz
2016,50000,Diesel,Manual,First,25.4,73.97,3.5,XCENT 1.2 CRDI S,Hyundai
2008,53000,Diesel,Manual,First,18.1,110.0,3.0,VERNA CRDI SX ABS,Hyundai
2014,11000,Petrol,Manual,First,17.01,121.3,6.1,VERNA 1.6 SX VTVT,Hyundai
2010,102016,Petrol,Manual,First,15.6,70.0,2.25,FIGO PETROL ZXI,Ford
2016,38000,Diesel,Manual,First,25.2,74.0,5.95,SWIFT VDI OPTIONAL,Maruti
2013,71491,Diesel,Manual,First,23.08,63.12,4.95,PULSE RXL,Renault
2015,46354,Petrol,Manual,Second,16.47,74.0,5.49,POLO 1.2 MPI HIGHLINE,Volkswagen
2019,87000,Diesel,Automatic,First,22.69,190.0,6.67,3 SERIES 320D LUXURY LINE,BMW
2015,20765,Petrol,Manual,First,15.0,103.52,6.25,RAPID 1.6 MPI ACTIVE,Skoda
2005,58000,Petrol,Manual,Second,18.15,97.7,1.51,SANTRO GS,Hyundai
2014,51076,Diesel,Automatic,First,12.07,97.7,34.88,Q7 3.0 TDI QUATTRO PREMIUM PLUS,Audi
2016,84085,Diesel,Manual,First,26.21,88.5,6.9,CIAZ VDI PLUS,Maruti
2014,55000,Diesel,Manual,First,25.1,98.6,5.99,CITY I DTEC VX,Honda
2010,73000,Petrol,Automatic,First,10.93,97.7,10.4,E-CLASS 2009-2013 E350 PETROL,Mercedes-Benz
2012,50001,Diesel,Automatic,First,14.57,97.7,29.0,A6 2011-2015 3.0 TDI QUATTRO PREMIUM PLUS,Audi
2016,93166,Diesel,Manual,Second,14.02,118.3,5.85,XYLO H4,Mahindra
2006,99583,Petrol,Automatic,Third,12.0,100.0,2.21,CITY 1.5 EXI AT,Honda
2010,72000,Petrol,Manual,First,15.5,103.3,2.4,SX4 ZXI MT BSIV,Maruti
2009,70000,Petrol,Manual,Third,14.53,138.1,3.0,COROLLA ALTIS G,Toyota
2012,61000,Petrol,Automatic,Second,14.4,103.6,3.75,VENTO PETROL HIGHLINE AT,Volkswagen
2015,66510,Petrol,Manual,First,21.1,55.2,2.95,EON ERA PLUS,Hyundai
2011,84062,Diesel,Manual,First,20.0,108.5,5.8,LAURA AMBITION 2.0 TDI CR MT,Skoda
2012,80799,Diesel,Manual,First,22.9,74.0,4.9,SWIFT VDI,Maruti
2018,5000,Petrol,Automatic,First,14.28,138.03,16.95,COROLLA ALTIS 1.8 VL CVT,Toyota
2013,92000,Diesel,Manual,First,12.99,100.0,12.5,INNOVA 2.5 G (DIESEL) 8 SEATER,Toyota
2017,53000,Diesel,Manual,First,27.28,69.0,5.0,TIAGO WIZZ 1.05 REVOTORQ,Tata
2015,39822,Petrol,Manual,First,15.41,103.52,4.68,RAPID 1.6 MPI AMBITION,Skoda
2016,29000,Diesel,Automatic,First,10.91,197.0,29.8,ENDEAVOUR 3.2 TITANIUM AT 4X4,Ford
2017,24214,Petrol,Manual,Second,25.17,53.3,3.46,KWID RXL,Renault
2012,75000,Diesel,Manual,First,23.0,90.0,4.0,I20 1.4 ASTA CRDI WITH AVN,Hyundai
2012,77216,Diesel,Manual,Second,17.5,106.0,4.5,LAURA AMBIENTE,Skoda
2013,74290,Diesel,Manual,First,21.43,87.2,5.87,COROLLA ALTIS DIESEL D4DG,Toyota
2015,61000,Diesel,Manual,First,15.4,120.0,9.5,SCORPIO S8 8 SEATER,Mahindra
2013,44000,Diesel,Automatic,First,14.16,174.3,32.5,Q5 2.0 TDI PREMIUM PLUS,Audi
2014,74041,Diesel,Manual,First,18.2,73.8,3.88,ENJOY TCDI LS 8 SEATER,Chevrolet
2013,85846,Diesel,Automatic,First,22.69,190.0,13.08,3 SERIES 320D,BMW
2012,52000,Diesel,Manual,First,21.64,84.8,3.5,SUNNY 2011-2014 DIESEL XV,Nissan
2010,47000,Petrol,Manual,Second,12.8,177.6,3.5,ACCORD 2.4 MT,Honda
2010,72010,Diesel,Manual,First,16.8,110.0,4.45,VERNA CRDI,Hyundai
2015,15000,Petrol,Manual,First,16.8,34.2,2.35,OMNI E MPI STD BS IV,Maruti
2015,53000,Petrol,Manual,First,17.4,117.3,5.0,CITY I VTEC SV,Honda
2012,24720,Diesel,Automatic,Second,18.15,97.7,28.0,A7 2011-2015 SPORTBACK,Audi
2007,75000,Petrol,Manual,Second,16.6,68.0,2.0,FIESTA 1.4 ZXI LEATHER,Ford
2015,57000,Diesel,Manual,First,22.54,88.73,6.35,I20 1.4 ASTA,Hyundai
2015,41057,Diesel,Automatic,First,13.0,201.1,24.63,E-CLASS E250 CDI AVANTGRADE,Mercedes-Benz
2012,92000,CNG,Manual,Second,26.2,58.2,3.0,WAGON R LXI CNG,Maruti
2016,20000,Diesel,Manual,First,22.77,98.59,7.9,ECOSPORT 1.5 TDCI TREND PLUS,Ford
2011,52359,Petrol,Manual,First,18.5,80.0,3.25,I20 1.2 MAGNA,Hyundai
2016,17000,Petrol,Manual,Second,17.8,117.3,8.25,CITY I VTEC V,Honda
2011,39002,Diesel,Manual,First,23.08,63.1,2.85,MICRA DIESEL XV,Nissan
2010,129986,Diesel,Manual,Second,20.0,68.0,3.2,FIGO DIESEL EXI,Ford
2013,45000,Petrol,Manual,First,18.44,75.0,1.75,MICRA XL,Nissan
2013,41300,Diesel,Manual,First,17.8,97.7,3.38,SWIFT VDI BSIV,Maruti
2009,82002,Petrol,Manual,Second,12.8,177.6,5.75,ACCORD 2.4 MT,Honda
2010,67000,Petrol,Automatic,First,13.7,157.75,4.7,SUPERB ELEGANCE 1.8 TSI AT,Skoda
2017,21260,Petrol,Manual,First,14.0,35.0,2.9,OMNI 8 SEATER BSIV,Maruti
2012,55362,Diesel,Manual,First,21.9,88.8,4.25,I20 MAGNA OPTIONAL 1.4 CRDI,Hyundai
2017,13000,Diesel,Automatic,First,17.01,126.2,14.5,CRETA 1.6 CRDI AT SX PLUS,Hyundai
2016,45725,Diesel,Manual,First,25.2,74.0,5.34,SWIFT VDI BSIV,Maruti
2014,105000,Diesel,Manual,First,25.2,74.0,3.85,SWIFT LDI BSIV,Maruti
2009,53000,Diesel,Manual,First,12.8,102.0,8.5,INNOVA 2.5 G (DIESEL) 8 SEATER BS IV,Toyota
2016,53000,Diesel,Manual,First,24.4,71.0,4.2,XCENT 1.1 CRDI BASE,Hyundai
2016,67000,Diesel,Manual,First,20.77,88.7,6.75,ERTIGA PASEO VDI,Maruti
2016,90000,Diesel,Automatic,First,10.91,197.2,26.0,ENDEAVOUR 3.2 TREND AT 4X4,Ford
2019,32251,Diesel,Manual,First,22.54,88.73,8.61,I20 1.4 SPORTZ,Hyundai
2009,47000,Petrol,Manual,First,19.0,67.1,1.46,ZEN ESTILO LXI BS IV,Maruti
2011,75308,Diesel,Manual,Second,21.1,73.9,2.8,RITZ VDI,Maruti
2018,44202,CNG,Manual,First,18.15,58.2,4.0,ALTO K10 LXI CNG OPTIONAL,Maruti
2014,58000,Petrol,Manual,First,17.0,118.0,5.47,CITY 1.5 S MT,Honda
2009,60000,Petrol,Manual,First,17.5,85.8,2.45,SWIFT DZIRE ZXI,Maruti
2014,45000,Diesel,Automatic,First,17.05,184.0,21.5,X1 SDRIVE 20D SPORTLINE,BMW
2010,41195,Petrol,Manual,First,15.0,90.0,1.38,MANZA AQUA SAFIRE,Tata
2016,89000,Diesel,Manual,First,16.0,140.0,13.5,XUV500 W10 2WD,Mahindra
2009,60510,Petrol,Automatic,Second,16.95,78.9,3.1,I10 SPORTZ AT,Hyundai
2016,8500,Petrol,Manual,First,21.4,83.1,5.49,BALENO SIGMA 1.2,Maruti
2017,35981,Diesel,Manual,First,24.3,88.5,9.51,VITARA BREZZA ZDI PLUS DUAL TONE,Maruti
2012,23152,Petrol,Manual,First,15.6,70.02,2.39,FIGO PETROL ZXI,Ford
2014,74663,CNG,Manual,First,18.15,67.04,3.25,WAGON R CNG LXI,Maruti
2014,61529,Petrol,Automatic,First,18.19,103.5,5.65,VENTO SPORT 1.2 TSI AT,Volkswagen
2010,91596,Diesel,Manual,First,14.95,93.7,1.85,XYLO D2 BS III,Mahindra
2019,14298,Petrol,Automatic,First,13.33,97.7,2.02,CAYENNE BASE,Porsche
2013,83327,Diesel,Manual,First,19.3,73.9,5.8,SWIFT DZIRE VDI,Maruti
2017,22857,Petrol,Manual,First,16.2,74.0,6.9,POLO 1.2 MPI HIGHLINE PLUS,Volkswagen
2013,34620,Petrol,Manual,Second,17.01,121.3,5.35,VERNA 1.6 VTVT,Hyundai
2010,56000,Petrol,Manual,First,19.81,68.05,2.85,I10 ERA 1.1,Hyundai
2014,81000,Diesel,Automatic,First,13.0,204.0,22.75,E-CLASS E250 CDI LAUNCH EDITION,Mercedes-Benz
1998,95150,Petrol,Manual,Third,17.3,60.0,0.45,ZEN LXI,Maruti
2013,32776,Petrol,Manual,First,20.36,78.9,4.64,I10 SPORTZ,Hyundai
2016,51587,Diesel,Manual,First,25.8,98.6,5.27,AMAZE S I-DTECH,Honda
2016,36000,Diesel,Manual,First,14.1,148.0,10.0,SAFARI STORME VX,Tata
2015,22000,Petrol,Manual,First,18.5,86.8,3.95,BRIO 1.2 S MT,Honda
2010,30754,Petrol,Manual,First,17.0,80.0,3.38,I20 ASTA,Hyundai
2018,37109,Petrol,Manual,First,14.69,120.33,16.8,JETTA 2012-2014 1.4 TSI,Volkswagen
2010,45000,Petrol,Manual,First,16.7,88.8,1.99,JAZZ SELECT EDITION,Honda
2017,33284,Petrol,Manual,First,18.9,82.0,5.84,GRAND I10 SPORTZ,Hyundai
2016,55115,Diesel,Automatic,First,14.74,97.7,36.15,XF DIESEL,Jaguar
2014,18000,Diesel,Automatic,First,16.36,187.7,25.7,XF 2.2 LITRE LUXURY,Jaguar
2013,130790,Diesel,Manual,First,16.0,140.0,9.24,XUV500 W8 2WD,Mahindra
2015,16607,Diesel,Manual,First,22.7,118.0,7.65,S CROSS DDIS 320 ALPHA,Maruti
2015,32205,Diesel,Automatic,First,17.11,174.33,25.31,A4 2.0 TDI 177 BHP PREMIUM PLUS,Audi
2013,67000,Diesel,Manual,First,19.01,108.45,4.75,DUSTER 110PS DIESEL RXZ,Renault
2014,57676,Petrol,Manual,First,19.1,85.8,6.69,SWIFT DZIRE VXI,Maruti
2012,41000,Petrol,Manual,First,16.47,73.9,3.1,POLO PETROL TRENDLINE 1.2L,Volkswagen
2012,65000,Petrol,Manual,First,19.7,35.0,1.55,OMNI 8 SEATER BSII,Maruti
2019,12153,Petrol,Automatic,First,18.9,81.86,6.84,GRAND I10 1.2 KAPPA MAGNA AT,Hyundai
2014,16810,Petrol,Manual,First,25.4,37.5,1.6,NANO TWIST XT,Tata
2017,61221,Petrol,Automatic,First,17.84,147.51,21.73,A4 30 TFSI PREMIUM PLUS,Audi
2015,22000,Petrol,Manual,First,16.47,74.0,4.75,POLO 1.2 MPI HIGHLINE,Volkswagen
2015,63714,Petrol,Manual,First,22.74,47.3,2.45,ALTO 800 LXI,Maruti
2019,14857,Diesel,Automatic,First,20.7,113.98,31.55,COOPER 5 DOOR D,Mini
2012,69000,Diesel,Automatic,Second,15.2,140.8,10.25,A4 NEW 2.0 TDI MULTITRONIC,Audi
2019,14648,Diesel,Manual,First,12.62,158.0,27.36,ENDEAVOUR TITANIUM 4X2,Ford
2013,100000,Petrol,Manual,Second,15.8,110.0,6.5,ECOSPORT 1.5 TI VCT MT TITANIUM,Ford
2016,22000,Petrol,Manual,First,18.9,82.0,4.25,GRAND I10 MAGNA,Hyundai
2014,10000,Petrol,Manual,First,18.2,82.4,5.5,SAIL 1.2 LS,Chevrolet
2015,107000,Petrol,Manual,First,20.85,83.14,4.0,SWIFT DZIRE LXI,Maruti
2017,48198,Petrol,Manual,First,17.57,88.7,4.65,ZEST REVOTRON 1.2T XM,Tata
2015,15000,Diesel,Automatic,First,19.27,170.0,28.5,NEW C-CLASS C 220 CDI AVANTGARDE,Mercedes-Benz
2014,80073,Diesel,Manual,First,17.3,163.7,7.11,CRUZE LTZ,Chevrolet
2013,85388,Diesel,Manual,First,21.1,73.9,3.9,RITZ VDI,Maruti
2017,14700,Petrol,Manual,First,18.9,81.86,5.6,GRAND I10 1.2 KAPPA SPORTZ OPTION,Hyundai
2012,53000,Diesel,Manual,Third,28.4,73.75,2.25,DZIRE LDI,Maruti
2011,34994,Diesel,Manual,First,22.32,126.32,3.9,VERNA 1.6 SX,Hyundai
2014,82536,Diesel,Automatic,First,14.74,97.7,28.63,XF DIESEL,Jaguar
2013,82000,Petrol,Automatic,First,13.7,157.75,7.25,SUPERB ELEGANCE 1.8 TSI AT,Skoda
2006,52000,Petrol,Manual,Second,18.9,67.1,2.0,WAGON R LXI,Maruti
2011,20000,Petrol,Manual,First,16.47,73.9,3.5,POLO PETROL HIGHLINE 1.2L,Volkswagen
2011,55000,Petrol,Manual,First,14.8,130.2,5.0,CIVIC 2010-2013 1.8 S MT,Honda
2015,47001,CNG,Manual,First,20.0,63.0,3.72,EECO CNG 5 SEATER AC,Maruti
2014,52000,Petrol,Manual,First,22.5,67.04,3.45,WAGON R VXI,Maruti
2013,43284,Diesel,Manual,First,23.4,74.0,4.5,SWIFT DZIRE VDI,Maruti
2018,23875,Petrol,Automatic,First,13.0,121.3,14.36,CRETA 1.6 SX PLUS PETROL AUTOMATIC,Hyundai
2016,51866,Petrol,Manual,First,18.9,82.0,5.5,GRAND I10 ASTA,Hyundai
2013,69000,Diesel,Manual,First,23.08,63.1,3.0,MICRA DIESEL XV PREMIUM,Nissan
2017,62788,Petrol,Manual,First,18.9,81.86,6.08,GRAND I10 1.2 KAPPA ASTA,Hyundai
2013,53000,Diesel,Manual,First,20.54,103.6,5.0,VENTO DIESEL HIGHLINE,Volkswagen
2015,47566,Diesel,Automatic,First,12.55,168.5,20.25,FORTUNER 4X2 AT,Toyota
2002,67000,Petrol,Manual,Third,18.15,97.7,1.2,SANTRO GS ZIPDRIVE - EURO II,Hyundai
2018,20300,Diesel,Automatic,First,11.36,171.5,18.0,INNOVA CRYSTA 2.8 GX AT,Toyota
2015,48300,Diesel,Automatic,First,20.0,107.3,17.5,A CLASS A180 CDI,Mercedes-Benz
2013,30000,Petrol,Manual,First,21.1,55.2,2.1,EON D LITE,Hyundai
2012,36000,Diesel,Manual,Second,22.7,126.24,7.5,ELANTRA CRDI SX,Hyundai
2015,27641,Diesel,Automatic,Second,20.7,113.98,24.77,COOPER 3 DOOR D,Mini
2015,60000,Diesel,Manual,First,19.64,108.45,8.65,DUSTER 110PS DIESEL RXZ OPTION,Renault
2019,9000,Diesel,Automatic,First,10.91,197.0,35.5,ENDEAVOUR 3.2 TITANIUM AT 4X4,Ford
2014,60750,Petrol,Manual,First,14.28,138.03,10.5,COROLLA ALTIS GL MT,Toyota
2018,9000,Diesel,Manual,First,14.0,155.0,13.0,XUV500 W7,Mahindra
2012,41100,Diesel,Automatic,First,16.77,97.7,26.5,7 SERIES 730LD DESIGN PURE EXCELLENCE CBU,BMW
2004,60000,Petrol,Manual,Second,17.3,64.0,1.4,WAGON R LX BSIII,Maruti
2017,38424,Petrol,Manual,First,17.8,117.3,7.51,CITY I VTEC SV,Honda
2014,50000,Diesel,Manual,First,22.9,74.0,4.3,SWIFT VDI,Maruti
2015,19000,Petrol,Automatic,First,18.0,117.3,8.95,CITY I-VTEC CVT VX,Honda
2015,58734,Diesel,Manual,First,20.77,88.76,6.91,ERTIGA VDI,Maruti
2016,65257,Diesel,Manual,First,19.01,108.45,9.75,DUSTER 110PS DIESEL RXZ,Renault
2010,130000,Diesel,Manual,Second,19.3,73.9,4.0,SWIFT DZIRE VDI,Maruti
2011,79000,Diesel,Manual,First,23.2,73.94,3.65,RITZ VDI,Maruti
2013,78000,Diesel,Manual,First,15.1,140.0,10.75,XUV500 W8 4WD,Mahindra
2015,49133,Petrol,Manual,First,19.4,86.8,4.51,BRIO S MT,Honda
2016,22769,Diesel,Automatic,First,18.15,165.0,49.22,M-CLASS ML 350 4MATIC,Mercedes-Benz
2014,54448,Diesel,Manual,First,21.02,88.8,3.7,MANZA CLUB CLASS QUADRAJET90 LS,Tata
2014,53000,Diesel,Manual,First,12.8,102.0,12.99,INNOVA 2.5 V DIESEL 7-SEATER,Toyota
2015,62088,Petrol,Manual,First,18.6,85.8,4.15,SWIFT VXI,Maruti
2012,14800,Petrol,Manual,First,17.01,121.3,4.4,VERNA 1.6 EX VTVT,Hyundai
2015,26000,Petrol,Manual,First,17.3,117.3,4.25,MOBILIO S I VTEC,Honda
2017,32005,Petrol,Manual,First,18.0,86.7,4.25,AMAZE S I-VTECH,Honda
2017,35000,Petrol,Automatic,First,18.0,117.3,7.7,CITY I-VTEC CVT VX,Honda
2015,52000,Diesel,Automatic,First,12.7,187.7,39.75,ROVER RANGE ROVER 2.2L DYNAMIC,Land
2017,11000,Petrol,Manual,First,17.4,117.3,8.5,CITY I-VTEC V,Honda
2008,62000,Petrol,Automatic,First,9.5,97.7,7.0,E-CLASS 280 ELEGANCE,Mercedes-Benz
2002,65134,Petrol,Manual,Third,13.8,70.0,0.8,IKON 1.3 FLAIR,Ford
2013,71000,Diesel,Manual,First,13.0,168.5,15.25,FORTUNER 4X2 MANUAL,Toyota
2008,51366,Petrol,Manual,First,19.0,66.1,2.25,A-STAR VXI,Maruti
2016,46300,Diesel,Manual,First,14.07,83.1,4.85,SUMO EX,Tata
2012,60908,Petrol,Automatic,Second,15.6,116.3,6.42,CITY V AT,Honda
2012,93450,Diesel,Manual,Second,23.19,63.12,2.5,MICRA XV D,Nissan
2011,104000,Diesel,Automatic,First,19.08,126.32,5.75,VERNA SX CRDI AT,Hyundai
2003,52000,Petrol,Manual,First,16.1,37.0,0.5,800 STD,Maruti
2015,42999,Diesel,Manual,First,15.1,140.0,11.52,XUV500 W8 4WD,Mahindra
2014,90000,Diesel,Manual,First,21.5,88.8,4.5,SX4 VDI,Maruti
2013,72000,Petrol,Automatic,First,15.0,98.6,4.75,I20 SPORTZ AT 1.4,Hyundai
2019,54321,Diesel,Manual,First,19.67,126.2,13.54,CRETA 1.6 CRDI SX,Hyundai
2015,59630,Diesel,Automatic,First,13.0,201.1,23.41,E-CLASS E250 CDI AVANTGRADE,Mercedes-Benz
2013,116000,Diesel,Automatic,Second,12.55,168.5,19.25,FORTUNER 4X2 AT,Toyota
2015,34000,Diesel,Automatic,First,9.0,181.0,20.0,S60 D4 KINETIC,Volvo
2011,70000,Diesel,Automatic,First,14.21,203.0,13.0,E-CLASS 2009-2013 E250 CDI AVANTGARDE,Mercedes-Benz
2010,80000,Petrol,Manual,First,10.2,180.0,3.99,ACCORD 2.4 ELEGANCE M/T,Honda
2015,110000,Diesel,Manual,First,25.8,98.6,4.65,AMAZE S I-DTECH,Honda
2013,56454,Diesel,Manual,First,28.4,73.75,4.65,DZIRE ZDI,Maruti
2013,60000,Petrol,Manual,First,18.6,85.8,3.15,SWIFT LXI,Maruti
2013,56000,Petrol,Automatic,First,14.53,138.1,8.25,COROLLA ALTIS G HV AT,Toyota
2012,63000,Diesel,Automatic,Second,11.49,97.7,65.0,ROVER RANGE ROVER VOGUE SE 4.4 SDV8,Land
2012,63000,Diesel,Manual,First,22.9,74.0,4.5,SWIFT VDI,Maruti
2017,15050,Diesel,Manual,First,16.3,170.0,17.5,COMPASS 2.0 LIMITED OPTION 4X4,Jeep
2016,29401,Petrol,Manual,First,20.4,81.8,4.31,SWIFT VXI BSIV,Maruti
2016,25238,Petrol,Manual,First,18.7,88.7,6.2,JAZZ 1.2 SV I VTEC,Honda
2011,79000,Diesel,Manual,First,23.59,97.7,4.67,ETIOS GD,Toyota
2011,58752,Petrol,Manual,First,16.47,73.9,3.32,POLO PETROL TRENDLINE 1.2L,Volkswagen
2011,62000,Petrol,Automatic,First,12.9,130.0,3.75,CIVIC 2006-2010 1.8 V AT,Honda
2013,53000,Petrol,Manual,First,16.78,88.73,4.7,ETIOS G SP,Toyota
2016,51000,Petrol,Manual,First,17.01,121.3,6.5,VERNA 1.6 SX VTVT,Hyundai
2009,53000,Diesel,Manual,First,12.8,102.0,7.25,INNOVA 2.5 G4 DIESEL 8-SEATER,Toyota
2016,61717,Diesel,Manual,First,22.7,118.0,8.94,SX4 S CROSS DDIS 320 ZETA,Maruti
2018,8896,Petrol,Manual,First,19.0,94.68,7.34,FREESTYLE TITANIUM PLUS PETROL,Ford
2016,17000,Petrol,Manual,First,21.4,83.1,6.9,BALENO ALPHA 1.2,Maruti
2016,31378,Petrol,Manual,First,18.2,88.7,5.9,JAZZ V,Honda
2013,114000,Diesel,Automatic,First,22.32,126.3,6.75,VERNA 1.6 CRDI EX AT,Hyundai
2014,81000,Diesel,Manual,First,25.8,98.6,4.1,AMAZE VX I-DTEC,Honda
2017,31000,Diesel,Automatic,First,18.51,147.51,27.0,Q3 30 TDI PREMIUM FWD,Audi
2014,35000,Petrol,Manual,First,15.0,103.52,4.5,RAPID 2013-2016 1.6 MPI AMBITION,Skoda
2013,60001,Diesel,Automatic,First,17.11,174.33,14.5,A4 2.0 TDI 177 BHP PREMIUM PLUS,Audi
2014,75074,Diesel,Manual,First,23.4,74.0,5.25,SWIFT DZIRE VDI,Maruti
2012,80000,Diesel,Manual,Second,22.3,74.0,1.2,INDICA VISTA QUADRAJET LS,Tata
2006,53000,Diesel,Manual,Second,12.99,100.6,4.95,INNOVA 2.5 G (DIESEL) 8 SEATER,Toyota
2013,60000,Diesel,Manual,First,19.64,108.45,7.5,DUSTER 110PS DIESEL RXZ PLUS,Renault
2015,7501,Petrol,Automatic,First,10.0,97.7,48.0,E-CLASS E400 CABRIOLET,Mercedes-Benz
2015,58000,Diesel,Manual,First,25.8,98.6,4.45,AMAZE S I-DTECH,Honda
2018,29277,Diesel,Automatic,First,11.57,97.7,59.65,GLE 350D,Mercedes-Benz
2015,57034,Diesel,Manual,First,23.2,73.94,4.38,RITZ VDI,Maruti
2016,40810,Diesel,Manual,First,28.09,88.5,7.9,CIAZ ZDI PLUS SHVS,Maruti
2008,35268,Petrol,Manual,Second,18.15,62.0,1.88,SANTRO XING GL,Hyundai
2008,81000,Diesel,Automatic,Second,18.48,97.7,10.5,5 SERIES 520D SEDAN,BMW
2018,34630,Petrol,Automatic,First,21.4,83.1,7.29,BALENO DELTA CVT,Maruti
2012,45122,Diesel,Manual,First,23.5,88.7,6.0,FIESTA DIESEL TITANIUM PLUS,Ford
2011,126000,Diesel,Manual,Third,16.0,140.0,6.7,XUV500 W8 2WD,Mahindra
2009,63000,Petrol,Manual,First,19.7,46.3,1.5,ALTO LXI,Maruti
2016,32298,Diesel,Automatic,First,20.7,113.98,23.8,COOPER 3 DOOR D,Mini
2014,63288,Diesel,Manual,First,15.1,140.0,7.77,XUV500 W8 4WD,Mahindra
2012,43337,Petrol,Manual,First,17.92,62.1,3.32,SANTRO XING GLS,Hyundai
2015,46561,Diesel,Manual,First,22.9,74.0,4.94,SWIFT VDI,Maruti
2013,34000,Diesel,Automatic,Second,20.0,107.3,11.0,A CLASS A180 CDI,Mercedes-Benz
2016,48000,Petrol,Manual,First,25.17,53.3,3.4,KWID RXT,Renault
2013,56263,Diesel,Manual,First,22.9,74.0,4.17,SWIFT VDI,Maruti
2005,84060,Petrol,Manual,Second,17.3,60.0,1.25,ZEN LXI,Maruti
2016,9000,Petrol,Automatic,First,18.9,82.0,5.45,GRAND I10 MAGNA AT,Hyundai
2012,79000,Diesel,Manual,First,21.12,88.8,2.59,MANZA AURA QUADRAJET BS IV,Tata
2015,87900,Diesel,Manual,First,16.0,140.0,12.01,XUV500 W10 AWD,Mahindra
2010,72425,Petrol,Manual,Second,17.5,85.8,2.45,SWIFT DZIRE 1.2 VXI BSIV,Maruti
2015,38000,Diesel,Automatic,First,15.73,174.33,29.0,Q3 35 TDI QUATTRO PREMIUM PLUS,Audi
2008,83000,Diesel,Manual,Second,17.8,97.7,2.4,FIESTA 1.4 SXI TDCI,Ford
2010,107000,Diesel,Automatic,First,14.84,170.0,11.99,NEW C-CLASS C 220 CDI ELEGANCE AT,Mercedes-Benz
2015,51000,Petrol,Automatic,First,18.0,117.3,7.9,CITY I VTEC CVT VX,Honda
2010,53000,Diesel,Manual,Third,12.8,102.0,6.25,INNOVA 2.5 GX 7 STR,Toyota
2011,48000,Petrol,Manual,Second,18.6,79.4,1.8,BEAT LT,Chevrolet
2013,62000,CNG,Manual,First,26.6,58.16,2.8,WAGON R LXI CNG,Maruti
2015,31000,Petrol,Manual,First,18.7,88.7,4.9,JAZZ 1.2 S I VTEC,Honda
2010,75055,Petrol,Manual,First,18.06,75.0,2.25,MICRA XL PRIMO,Nissan
2017,51210,Petrol,Automatic,First,19.12,91.1,8.89,CIAZ AT ZXI,Maruti
2012,87000,Diesel,Automatic,First,12.55,168.5,15.0,FORTUNER 4X2 AT,Toyota
2018,17000,Diesel,Manual,First,26.1,99.0,5.65,ASPIRE AMBIENTE DIESEL,Ford
2014,57000,Diesel,Manual,First,20.77,88.8,7.0,ERTIGA ZDI,Maruti
2016,9370,Petrol,Manual,First,22.74,47.3,2.95,ALTO 800 LXI,Maruti
2013,53226,Petrol,Manual,First,19.4,86.8,3.3,BRIO V MT,Honda
2010,120000,Diesel,Manual,Second,16.2,110.0,3.5,VERNA TRANSFORM CRDI VGT SX ABS,Hyundai
2007,75055,Petrol,Manual,First,12.8,100.0,2.3,CITY 1.5 GXI,Honda
2017,37247,Diesel,Manual,First,19.67,126.2,13.69,CRETA 1.6 CRDI SX,Hyundai
2013,64000,Diesel,Manual,First,23.59,67.06,3.1,ETIOS LIVA GD,Toyota
2014,12000,Petrol,Manual,First,13.44,198.25,12.75,SONATA TRANSFORM 2.4 GDI MT,Hyundai
2017,40158,Diesel,Manual,First,19.67,126.2,13.75,CRETA 1.6 CRDI SX OPTION,Hyundai
2017,11000,Petrol,Manual,First,18.7,88.7,6.75,JAZZ 1.2 SV I VTEC,Honda
2014,70010,Diesel,Manual,First,20.54,103.6,5.25,VENTO DIESEL COMFORTLINE,Volkswagen
2015,82000,Diesel,Manual,First,16.0,140.0,8.75,XUV500 W6 2WD,Mahindra
2017,57259,Diesel,Manual,First,18.49,100.0,8.87,TUV 300 2015-2019 T8,Mahindra
2010,84000,Petrol,Automatic,Second,11.1,142.0,6.5,ACCORD 2001-2003 2.3 VTI L AT,Honda
2012,53000,Diesel,Manual,First,20.77,88.76,4.5,ERTIGA VDI,Maruti
2012,73670,Diesel,Manual,First,12.83,162.0,12.5,SSANGYONG REXTON RX5,Mahindra
2014,89540,Diesel,Automatic,First,12.55,168.5,16.8,FORTUNER 4X2 AT,Toyota
2016,85423,Diesel,Manual,First,20.77,88.8,8.75,ERTIGA ZDI,Maruti
2013,48823,Diesel,Automatic,First,19.5,126.24,8.5,ELANTRA CRDI SX AT,Hyundai
2011,35082,Petrol,Manual,First,20.36,78.9,2.21,I10 MAGNA 1.2,Hyundai
2012,126000,Petrol,Manual,First,16.8,34.2,1.6,OMNI MPI STD BSIV,Maruti
2016,19000,Petrol,Automatic,First,15.5,86.7,6.25,AMAZE VX AT I-VTECH,Honda
2007,69000,Petrol,Automatic,Second,12.9,130.0,2.25,CIVIC 2006-2010 1.8 V AT,Honda
2019,29836,Diesel,Automatic,First,17.9,136.0,25.75,CLA 200 CDI SPORT,Mercedes-Benz
2010,48002,Petrol,Manual,Second,13.14,157.8,6.75,SUPERB 1.8 TFSI MT,Skoda
2015,52324,Diesel,Manual,First,28.09,88.5,6.25,CIAZ ZDI PLUS SHVS,Maruti
2013,65000,Diesel,Manual,First,22.7,89.84,5.1,ECOSPORT 1.5 DV5 MT TITANIUM OPTIONAL,Ford
2009,66000,Diesel,Automatic,Second,8.7,224.34,10.75,M-CLASS ML 320 CDI,Mercedes-Benz
2016,75700,Diesel,Manual,First,24.0,70.0,5.7,GRAND I10 CRDI SPORTZ,Hyundai
2013,43000,Diesel,Manual,First,20.5,105.0,5.95,VENTO DIESEL BREEZE,Volkswagen
2012,42706,Diesel,Manual,First,25.44,56.3,2.4,BEAT DIESEL LT,Chevrolet
2013,35000,Diesel,Manual,First,17.21,100.0,3.49,QUANTO C6,Mahindra
2011,54348,Petrol,Automatic,First,19.2,80.0,4.0,I10 ASTA 1.2 AT WITH SUNROOF,Hyundai
2013,84000,Diesel,Manual,First,23.59,67.04,3.85,ETIOS LIVA 1.4 GD,Toyota
2010,63298,Petrol,Automatic,First,14.53,138.1,3.95,COROLLA ALTIS 2008-2013 1.8 VL AT,Toyota
2013,75049,Petrol,Manual,Second,20.36,78.9,3.0,I10 MAGNA 1.2,Hyundai
2018,24237,Petrol,Manual,First,18.16,86.8,6.7,FIGO ASPIRE 1.2 TI-VCT TITANIUM,Ford
2016,22767,Petrol,Manual,First,18.5,85.8,6.14,RITZ ZXI,Maruti
2012,58000,Petrol,Automatic,Second,15.0,98.6,4.4,I20 SPORTZ AT 1.4,Hyundai
2017,57000,Diesel,Manual,First,26.59,74.0,4.25,SWIFT DZIRE LDI,Maruti
2010,50161,Petrol,Automatic,First,8.77,97.7,25.93,7 SERIES 2007-2012 750LI,BMW
2016,45000,Diesel,Manual,First,22.7,118.0,7.0,S CROSS DDIS 320 ALPHA,Maruti
2017,68319,Diesel,Automatic,First,12.55,168.5,25.12,FORTUNER 4X4 AT,Toyota
2017,30711,Petrol,Manual,First,20.3,68.05,4.45,EON 1.0 MAGNA PLUS OPTION O,Hyundai
2011,38277,Diesel,Manual,First,21.9,90.0,2.4,I20 1.4 CRDI MAGNA,Hyundai
2012,115000,Diesel,Manual,Second,20.54,103.6,4.33,VENTO DIESEL HIGHLINE,Volkswagen
2017,46849,Petrol,Automatic,First,18.5,83.14,6.93,SWIFT DZIRE VXI AT,Maruti
2014,64000,Diesel,Manual,First,21.9,90.0,4.25,I20 MAGNA 1.4 CRDI,Hyundai
2010,130923,Diesel,Automatic,First,14.21,203.0,12.5,E-CLASS 2009-2013 E250 CDI BLUE EFFICIENCY,Mercedes-Benz
2015,15000,Petrol,Manual,First,18.9,82.0,4.9,GRAND I10 SPORTZ,Hyundai
2014,32720,Diesel,Manual,First,23.0,90.0,4.5,I20 1.4 CRDI SPORTZ,Hyundai
2016,12500,Petrol,Manual,First,25.17,53.3,3.0,KWID RXT,Renault
2015,59800,Petrol,Automatic,First,16.9,82.0,5.8,XCENT 1.2 KAPPA AT SX OPTION,Hyundai
2011,54211,Petrol,Manual,First,15.04,103.6,3.33,VENTO PETROL HIGHLINE,Volkswagen
2015,62242,Diesel,Automatic,First,14.39,163.7,6.62,CRUZE LTZ AT,Chevrolet
2015,54000,Diesel,Manual,Second,19.01,108.5,5.75,TERRANO XL 110 PS,Nissan
2012,65000,Diesel,Manual,First,22.32,126.32,6.2,VERNA 1.6 SX,Hyundai
2015,55000,Petrol,Automatic,First,23.1,67.04,3.5,CELERIO VXI AMT,Maruti
2010,71000,Petrol,Manual,First,18.9,67.1,2.0,WAGON R LXI,Maruti
2012,70000,Diesel,Manual,First,21.9,88.8,4.0,I20 MAGNA OPTIONAL 1.4 CRDI,Hyundai
2011,53000,Petrol,Automatic,First,12.3,163.2,9.5,A4 1.8 TFSI,Audi
2013,43000,Diesel,Automatic,First,17.05,184.0,17.5,X1 SDRIVE20D,BMW
2015,54000,Petrol,Automatic,First,14.3,103.52,6.11,RAPID 1.6 MPI AT ELEGANCE PLUS,Skoda
2014,51000,Petrol,Manual,First,20.36,78.9,3.75,I10 MAGNA,Hyundai
2007,78000,Diesel,Manual,Second,10.5,107.2,6.2,PAJERO 2.8 GLX CRZ,Mitsubishi
2014,25000,Diesel,Manual,First,26.0,98.6,6.15,CITY I DTEC SV,Honda
2012,12600,Petrol,Manual,First,20.92,67.1,2.4,ALTO K10 2010-2014 VXI,Maruti
2009,80000,Diesel,Manual,Fourth & Above,17.8,75.0,2.15,SWIFT LDI BSIII,Maruti
2016,21000,Petrol,Manual,First,18.9,82.0,3.75,GRAND I10 MAGNA,Hyundai
2011,32000,Petrol,Manual,Second,15.6,70.0,2.15,FIGO PETROL ZXI,Ford
2015,50000,Petrol,Manual,First,18.9,81.86,4.75,GRAND I10 SPORTZ EDITION,Hyundai
2010,47500,Petrol,Manual,First,15.5,103.3,2.45,SX4 VXI BSIV,Maruti
2017,7500,Petrol,Manual,First,17.4,117.3,11.15,CITY I-VTEC VX,Honda
2016,68163,Diesel,Automatic,First,19.6,108.45,8.9,DUSTER 110PS DIESEL RXZ AMT,Renault
2014,61000,Diesel,Manual,First,25.8,98.6,4.35,AMAZE S I-DTECH,Honda
2015,100000,Diesel,Manual,Second,12.99,100.6,12.0,INNOVA 2.5 Z DIESEL 7 SEATER,Toyota
2009,61500,Diesel,Automatic,Second,16.07,181.0,8.5,3 SERIES 320D HIGHLINE,BMW
2017,42883,Petrol,Manual,First,19.81,68.05,4.27,I10 MAGNA 1.1 ITECH SE,Hyundai
2012,97000,Diesel,Manual,Second,20.45,83.8,4.25,DUSTER 85PS DIESEL RXL OPTIONAL WITH NAV,Renault
2010,39525,Petrol,Automatic,First,11.3,170.0,9.25,OUTLANDER 2.4,Mitsubishi
2017,35384,Diesel,Manual,First,24.3,88.5,8.61,VITARA BREZZA LDI,Maruti
2010,46000,Diesel,Automatic,First,11.8,97.7,28.0,R-CLASS R350 CDI 4MATIC,Mercedes-Benz
2018,32189,Diesel,Manual,First,23.0,98.96,9.25,ECOSPORT 1.5 DIESEL TITANIUM,Ford
2016,27000,Diesel,Automatic,First,19.08,126.2,8.6,VERNA 1.6 CRDI AT SX OPTION,Hyundai
2018,22734,Petrol,Manual,First,16.47,74.0,7.53,POLO 1.2 MPI HIGHLINE,Volkswagen
2014,58002,Diesel,Manual,First,19.64,108.45,5.75,DUSTER 110PS DIESEL RXL,Renault
2012,31500,Petrol,Automatic,First,16.5,86.8,4.15,BRIO S OPTION AT,Honda
2017,30933,Petrol,Manual,First,18.16,86.8,5.84,FIGO 2015-2019 1.2P TITANIUM MT,Ford
2012,27090,Diesel,Automatic,First,18.53,187.74,16.5,A6 2.0 TDI DESIGN EDITION,Audi
2015,29500,Diesel,Automatic,First,15.97,97.7,43.0,X5 2014-2019 XDRIVE 30D DESIGN PURE EXPERIENCE 7 SEATER,BMW
2013,45000,Petrol,Manual,First,20.36,78.9,3.55,I10 SPORTZ OPTION,Hyundai
2018,11691,Petrol,Manual,First,18.6,81.83,8.9,I20 1.2 ASTA OPTION,Hyundai
2006,121000,Diesel,Manual,Second,16.4,90.0,2.5,OCTAVIA L AND K 1.9 TDI MT,Skoda
2010,118077,Diesel,Manual,First,16.2,110.0,3.85,VERNA TRANSFORM SX VGT CRDI,Hyundai
2012,36300,Petrol,Automatic,Third,17.1,121.4,7.5,VERNA 1.6 SX VTVT (O) AT,Hyundai
2005,90000,Petrol,Manual,Second,15.3,61.0,1.8,GETZ GVS,Hyundai
2010,78000,Diesel,Manual,First,20.0,68.0,2.25,FIGO DIESEL EXI,Ford
2015,42000,Diesel,Automatic,First,17.68,174.33,24.25,A6 2011-2015 35 TDI TECHNOLOGY,Audi
2015,27000,Petrol,Manual,First,16.47,74.0,4.35,POLO 1.2 MPI HIGHLINE,Volkswagen
2012,22000,Diesel,Automatic,First,17.05,184.0,11.5,X1 SDRIVE20D,BMW
2014,49000,Petrol,Manual,First,17.4,117.3,4.75,CITY I VTEC SV,Honda
2012,42600,Diesel,Manual,First,23.0,90.0,4.99,I20 SPORTZ OPTION DIESEL,Hyundai
2018,12794,Petrol,Automatic,First,19.0,88.7,9.15,JAZZ 1.2 V CVT I VTEC,Honda
2006,125000,Petrol,Manual,Fourth & Above,16.1,97.7,2.35,SWIFT 1.3 VXI,Maruti
2014,88046,Petrol,Automatic,First,10.1,152.0,13.99,CR-V 2.4 AT,Honda
2014,8000,Diesel,Automatic,Second,20.0,107.3,19.75,A CLASS A180 CDI,Mercedes-Benz
2018,82739,Diesel,Automatic,First,16.0,140.0,16.77,XUV500 AT W10 AWD,Mahindra
2006,53000,Diesel,Manual,Third,13.6,63.0,2.5,BOLERO SLX 2WD,Mahindra
2013,7000,Petrol,Automatic,First,17.97,99.6,3.65,SCALA RXL AT,Renault
2012,60000,Diesel,Automatic,Second,12.35,187.74,23.5,ROVER FREELANDER 2 HSE SD4,Land
2017,38000,Petrol,Manual,First,22.74,47.3,3.11,ALTO 800 VXI,Maruti
2013,56344,Petrol,Manual,First,17.6,88.73,4.57,ETIOS G,Toyota
2014,17858,Petrol,Manual,First,17.0,80.0,5.32,I20 SPORTZ OPTION,Hyundai
2012,53000,Petrol,Manual,First,20.36,78.9,3.2,I10 SPORTZ,Hyundai
2016,67906,Diesel,Manual,First,25.2,74.0,5.63,SWIFT VDI BSIV,Maruti
2015,19000,Petrol,Manual,First,21.1,55.2,3.0,EON MAGNA PLUS,Hyundai
2010,67000,Diesel,Automatic,Second,22.69,190.0,9.25,3 SERIES 320D,BMW
2011,80000,Diesel,Manual,First,23.57,70.0,1.2,INDIGO XL CLASSIC DICOR,Tata
2015,61000,Petrol,Manual,First,22.74,47.3,2.15,ALTO 800 LXI,Maruti
2010,39000,Diesel,Manual,First,22.07,73.9,3.05,POLO DIESEL HIGHLINE 1.2L,Volkswagen
2014,59000,Petrol,Automatic,First,14.28,138.03,11.5,COROLLA ALTIS VL AT,Toyota
2008,80931,Petrol,Manual,First,17.92,62.1,2.3,SANTRO XING GLS,Hyundai
2016,34000,Petrol,Manual,First,20.4,81.8,4.95,SWIFT ZXI,Maruti
2013,130000,Diesel,Manual,First,21.64,84.8,4.75,SCALA DIESEL RXL,Renault
2018,52380,Diesel,Manual,First,24.3,88.5,10.15,VITARA BREZZA ZDI PLUS,Maruti
2011,44000,Petrol,Manual,First,18.06,75.0,2.65,MICRA XV,Nissan
2015,84000,Diesel,Manual,First,20.0,68.05,3.8,FIGO DIESEL EXI,Ford
2017,41697,Petrol,Automatic,First,13.1,141.1,16.68,CR-V 2.0 AT,Honda
2014,53000,Diesel,Manual,First,19.01,108.5,5.0,TERRANO XV 110 PS,Nissan
2011,42000,Petrol,Manual,Second,17.71,78.9,3.75,ETIOS LIVA 1.2 G,Toyota
2013,129000,Diesel,Manual,Third,21.27,88.76,4.11,I20 ASTA 1.4 CRDI,Hyundai
2015,32200,Petrol,Manual,Second,18.16,86.8,4.25,FIGO ASPIRE 1.2 TI-VCT AMBIENTE,Ford
2004,129000,Diesel,Manual,First,10.5,107.2,3.45,PAJERO 2.8 GLX CRZ,Mitsubishi
2014,40000,Diesel,Automatic,First,17.11,174.33,22.5,A4 2.0 TDI 177 BHP PREMIUM PLUS,Audi
2006,53000,Petrol,Manual,First,12.4,132.0,4.5,INNOVA 2.0 E,Toyota
2007,53000,Petrol,Manual,First,15.26,74.9,0.9,AVEO U-VA 1.2 LS,Chevrolet
2006,63181,Petrol,Manual,First,15.3,83.0,1.85,GETZ GLS,Hyundai
2013,39575,Diesel,Manual,First,25.8,98.6,3.25,AMAZE S I-DTECH,Honda
2010,63600,Diesel,Manual,Second,17.8,97.7,3.1,SWIFT VDI BSIV W ABS,Maruti
2014,70374,Diesel,Manual,First,22.7,89.84,7.34,ECOSPORT 1.5 DV5 MT TITANIUM OPTIONAL,Ford
2015,26256,Diesel,Manual,First,20.14,88.5,4.25,CROSSPOLO 1.5 TDI,Volkswagen
2016,13460,Petrol,Manual,First,18.6,81.86,6.45,ELITE I20 PETROL SPORTZ,Hyundai
2011,122000,Diesel,Manual,Second,12.8,102.0,10.75,INNOVA 2.5 V DIESEL 8-SEATER,Toyota
2015,58589,Diesel,Automatic,First,15.26,203.2,27.75,M-CLASS ML 250 CDI,Mercedes-Benz
2005,115000,Petrol,Manual,Second,17.3,64.0,0.99,WAGON R LX BSIII,Maruti
2016,75000,Diesel,Automatic,First,12.62,158.0,24.0,ENDEAVOUR 2.2 TREND AT 4X2,Ford
2016,30292,Petrol,Manual,First,18.6,81.86,6.1,ELITE I20 PETROL SPORTZ,Hyundai
2017,32248,Petrol,Manual,First,17.5,88.7,8.25,WRV I-VTEC VX,Honda
2013,74000,Petrol,Manual,First,16.47,73.9,4.65,POLO PETROL HIGHLINE 1.2L,Volkswagen
2014,56100,Petrol,Manual,First,13.7,153.86,9.75,CR-V 2.0L 2WD MT,Honda
2014,61325,Petrol,Manual,First,18.9,81.86,4.4,GRAND I10 1.2 KAPPA ASTA,Hyundai
2014,33000,Petrol,Manual,First,19.1,85.8,3.99,SWIFT DZIRE VXI,Maruti
2016,18090,Diesel,Automatic,First,16.2,97.7,45.73,5 SERIES 2003-2012 530D,BMW
2014,71390,Diesel,Manual,First,22.7,89.84,5.27,ECOSPORT 1.5 DV5 MT AMBIENTE,Ford
2014,41000,CNG,Manual,First,26.2,58.2,3.5,WAGON R LXI CNG,Maruti
2016,67000,Diesel,Manual,First,26.0,98.6,7.25,CITY I DTEC V,Honda
2008,99000,Diesel,Manual,Second,17.0,70.0,1.6,INDIGO LS,Tata
2014,53000,Diesel,Manual,Second,19.01,108.45,6.0,DUSTER 110PS DIESEL RXL,Renault
2010,26966,Petrol,Manual,First,20.36,78.9,3.0,I10 SPORTZ,Hyundai
2015,27628,Petrol,Manual,First,18.7,88.7,4.95,JAZZ 1.2 SV I VTEC,Honda
2016,82497,Diesel,Manual,First,23.65,88.5,8.99,SX4 S CROSS DDIS 200 ZETA,Maruti
2007,86000,Petrol,Manual,Third,11.9,144.0,1.85,ACCORD VTI-L MT,Honda
2016,26981,Petrol,Manual,First,16.47,73.9,6.16,POLO PETROL COMFORTLINE 1.2L,Volkswagen
2010,110471,Diesel,Manual,First,21.1,73.9,3.5,RITZ VDI,Maruti
2014,69000,Petrol,Manual,First,19.5,88.76,4.5,AMAZE S PETROL,Honda
2017,12000,Petrol,Manual,First,18.6,81.83,7.75,I20 1.2 ASTA OPTION,Hyundai
2014,77500,Diesel,Manual,First,20.45,83.8,6.6,DUSTER 85PS DIESEL RXL,Renault
2014,48031,Petrol,Manual,First,18.9,82.0,4.98,GRAND I10 MAGNA,Hyundai
2008,53000,Diesel,Automatic,Third,16.07,181.0,9.75,3 SERIES 320D HIGHLINE,BMW
2014,69565,Diesel,Manual,First,22.7,89.84,5.55,ECOSPORT 1.5 DV5 MT TREND,Ford
2016,45492,Diesel,Automatic,First,21.5,108.5,10.3,VENTO 1.5 TDI HIGHLINE AT,Volkswagen
2011,85000,Petrol,Automatic,Second,11.7,177.6,7.5,ACCORD 2.4 AT,Honda
2008,55902,Petrol,Manual,First,14.49,92.7,1.8,AVEO 1.4,Chevrolet
2017,18500,Petrol,Manual,First,16.2,74.0,6.25,POLO 1.2 MPI HIGHLINE PLUS,Volkswagen
2015,129750,Diesel,Manual,Second,14.95,93.7,6.8,XYLO D4 BS III,Mahindra
2009,50902,Petrol,Automatic,First,19.2,80.0,3.0,I10 MAGNA AT,Hyundai
2015,84725,Diesel,Manual,First,15.1,140.0,11.6,XUV500 W8 4WD,Mahindra
2013,40000,Diesel,Manual,Second,22.7,126.24,6.95,ELANTRA CRDI SX,Hyundai
2010,60000,Petrol,Manual,Third,14.3,160.0,3.5,PASSAT 1.8 TSI MT,Volkswagen
2014,33496,Petrol,Manual,First,18.9,81.86,5.5,GRAND I10 1.2 KAPPA SPORTZ,Hyundai
2015,25000,Petrol,Manual,First,18.6,81.83,5.65,I20 ASTA OPTION 1.2,Hyundai
2013,71000,Diesel,Manual,First,18.2,73.8,3.25,ENJOY TCDI LS 8 SEATER,Chevrolet
2015,20826,Petrol,Automatic,First,14.3,103.6,7.72,RAPID 1.6 MPI AT AMBITION PLUS ALLOY,Skoda
2016,42244,Diesel,Manual,First,19.67,126.2,12.0,CRETA 1.6 CRDI SX,Hyundai
2013,98598,Diesel,Manual,First,25.44,57.6,1.55,BEAT DIESEL PS,Chevrolet
2011,62100,Diesel,Manual,First,11.5,171.0,10.75,FORTUNER 3.0 DIESEL,Toyota
2016,44238,Petrol,Manual,First,18.6,81.83,6.72,I20 SPORTZ OPTION 1.2,Hyundai
2012,91743,Diesel,Automatic,First,12.07,97.7,28.55,Q7 3.0 TDI QUATTRO,Audi
2013,19828,Diesel,Automatic,Second,17.85,97.7,75.0,PANAMERA DIESEL,Porsche
2016,36891,Petrol,Manual,First,17.8,117.3,10.49,CITY I VTEC VX,Honda
2012,90049,Diesel,Manual,First,17.21,100.0,3.8,QUANTO C4,Mahindra
2012,74002,Diesel,Automatic,First,16.55,140.0,18.5,A4 2.0 TDI MULTITRONIC,Audi
2013,41000,Petrol,Automatic,First,12.37,198.25,6.0,SONATA TRANSFORM 2.4 GDI AT,Hyundai
2012,83678,Diesel,Manual,First,22.32,126.32,5.5,VERNA 1.6 SX,Hyundai
2010,91000,Petrol,Manual,First,18.9,67.1,2.3,WAGON R LXI BS IV,Maruti
2016,50000,Diesel,Manual,First,24.52,88.5,8.7,ERTIGA SHVS ZDI PLUS,Maruti
2015,58000,Diesel,Manual,First,24.4,71.01,4.95,XCENT 1.1 CRDI S OPTION,Hyundai
2012,80000,Diesel,Manual,First,22.9,74.0,4.25,SWIFT VDI,Maruti
2017,41290,Diesel,Manual,Second,16.0,140.0,10.94,XUV500 W6 2WD,Mahindra
2013,65000,Diesel,Automatic,First,22.48,190.0,21.26,5 SERIES 520D LUXURY LINE,BMW
2016,16471,Petrol,Manual,Second,14.28,138.03,11.5,COROLLA ALTIS 1.8 G,Toyota
2015,54339,Diesel,Manual,Second,22.54,88.73,6.0,I20 ASTA 1.4 CRDI,Hyundai
2016,24025,Petrol,Manual,First,18.15,82.0,4.1,KUV 100 MFALCON G80 K2,Mahindra
2013,24027,Petrol,Manual,First,24.7,47.3,2.01,ALTO 800 2016-2019 LXI,Maruti
2010,59270,Petrol,Manual,First,15.7,67.0,2.6,PUNTO EVO 1.2 EMOTION,Fiat
2012,40000,Petrol,Manual,First,18.9,67.1,2.35,WAGON R VXI BS IV,Maruti
2012,53000,Diesel,Manual,Second,9.5,118.6,9.15,PAJERO 4X4 LHD,Mitsubishi
2013,42320,Petrol,Manual,First,19.4,86.8,2.9,BRIO EX MT,Honda
2017,24153,Diesel,Manual,Second,22.54,88.73,9.18,I20 ASTA OPTION 1.4 CRDI,Hyundai
2016,27000,Petrol,Automatic,First,13.0,121.3,11.45,CRETA 1.6 SX PLUS PETROL AUTOMATIC,Hyundai
2012,92000,CNG,Manual,Second,26.83,38.4,2.1,ALTO GREEN LXI (CNG),Maruti
2017,61795,Petrol,Manual,First,17.8,86.7,5.53,AMAZE S I-VTEC,Honda
2016,13500,Petrol,Manual,First,18.15,82.0,3.75,KUV 100 MFALCON G80 K6 PLUS,Mahindra
2018,4500,Petrol,Automatic,First,18.0,117.3,12.5,CITY I-VTEC CVT VX,Honda
2017,23000,Diesel,Automatic,First,16.0,140.0,15.5,XUV500 AT W10 FWD,Mahindra
2011,65400,Petrol,Manual,First,18.15,97.7,2.1,SANTRO GLS I - EURO I,Hyundai
2013,80578,Diesel,Automatic,Second,14.84,170.0,14.5,NEW C-CLASS 220 CDI AT,Mercedes-Benz
2017,42646,Diesel,Automatic,First,19.6,108.45,12.46,DUSTER 110PS DIESEL RXZ AMT,Renault
2014,30000,Petrol,Manual,Second,16.47,74.0,5.25,POLO 1.2 MPI COMFORTLINE,Volkswagen
2012,90000,Diesel,Automatic,First,18.48,97.7,14.5,5 SERIES 520D SEDAN,BMW
2009,98000,Diesel,Automatic,Second,13.5,97.7,25.0,S CLASS 2005 2013 S 350 CDI,Mercedes-Benz
2012,66400,Petrol,Manual,First,18.15,97.7,2.66,SANTRO GLS II - EURO II,Hyundai
2012,50000,Diesel,Automatic,First,12.9,97.7,45.0,XJ 3.0L PREMIUM LUXURY,Jaguar
2015,63310,Diesel,Manual,First,28.4,74.0,5.1,SWIFT VDI,Maruti
2014,66000,Diesel,Manual,First,25.8,98.6,3.5,AMAZE S I-DTECH,Honda
2011,74000,Diesel,Automatic,Second,16.07,181.0,12.5,3 SERIES 320D HIGHLINE,BMW
2012,93000,Diesel,Manual,First,23.5,88.7,5.55,VERNA 1.4 EX,Hyundai
2015,70000,Diesel,Automatic,First,11.5,169.0,19.48,FORTUNER 4X2 4 SPEED AT,Toyota
2012,48772,Petrol,Manual,First,18.6,85.8,3.91,SWIFT VXI,Maruti
2010,66000,Petrol,Manual,First,18.6,79.4,2.19,BEAT LS,Chevrolet
2017,27417,Petrol,Automatic,First,18.9,82.0,6.89,GRAND I10 ASTA OPTION AT,Hyundai
2011,51593,Petrol,Manual,Second,15.6,70.0,3.47,FIGO PETROL ZXI,Ford
2008,86340,Petrol,Automatic,Second,9.1,97.7,3.25,TEANA 230JM,Nissan
2010,75000,Petrol,Manual,First,16.1,88.2,2.85,SWIFT VXI BSIII,Maruti
2016,39237,Diesel,Automatic,First,17.11,174.33,25.64,A4 35 TDI PREMIUM,Audi
2018,11966,Petrol,Manual,First,16.8,116.3,10.28,CITY V MT,Honda
2015,37000,Petrol,Manual,First,18.2,88.7,6.3,JAZZ V,Honda
2014,70920,Diesel,Manual,First,20.14,88.8,4.75,POLO 1.5 TDI HIGHLINE,Volkswagen
2013,65280,Diesel,Manual,First,19.87,83.14,5.8,TERRANO XL D OPTION,Nissan
2016,62000,Diesel,Automatic,First,12.51,187.7,44.5,ROVER DISCOVERY SPORT SD4 HSE LUXURY 7S,Land
2014,44525,Petrol,Manual,First,18.5,82.9,4.65,I20 MAGNA OPTIONAL 1.2,Hyundai
2009,86863,Petrol,Manual,First,17.0,118.0,3.6,CITY 1.5 E MT,Honda
2015,102626,Diesel,Manual,First,16.0,140.0,12.25,XUV500 W10 AWD,Mahindra
2017,45000,Diesel,Manual,First,16.3,170.0,20.0,COMPASS 2.0 LIMITED OPTION 4X4,Jeep
2017,22000,Diesel,Manual,First,16.0,140.0,16.0,XUV500 W10 AWD,Mahindra
2011,108905,Diesel,Automatic,Second,11.79,120.0,6.21,SCORPIO VLX 4WD AIRBAG AT BSIV,Mahindra
2016,12800,Petrol,Manual,First,19.44,67.0,3.25,GO PLUS T,Datsun
2016,32000,Diesel,Manual,First,15.4,120.0,9.75,SCORPIO S6 PLUS 7 SEATER,Mahindra
2014,39000,Petrol,Automatic,First,15.5,86.7,4.45,AMAZE S AT I-VTECH,Honda
2017,42000,Diesel,Manual,First,25.6,98.6,12.0,CITY I-DTEC ZX,Honda
2008,73000,Petrol,Manual,First,14.4,65.0,0.8,INDIGO GLE,Tata
2018,48000,Diesel,Manual,First,24.0,73.97,5.95,GRAND I10 1.2 CRDI SPORTZ,Hyundai
2015,18000,CNG,Manual,First,18.15,40.3,3.0,ALTO 800 2016-2019 CNG LXI,Maruti
2014,19000,Petrol,Manual,First,17.43,105.5,5.25,VERNA 1.4 CX VTVT,Hyundai
2019,33598,Diesel,Manual,First,13.68,147.8,22.2,INNOVA CRYSTA 2.4 VX MT,Toyota
2012,63000,Diesel,Automatic,First,17.05,184.0,13.5,X1 SDRIVE20D,BMW
2015,48000,Diesel,Automatic,First,16.96,138.03,13.5,JETTA 2013-2015 2.0L TDI HIGHLINE AT,Volkswagen
2014,66000,Diesel,Manual,First,20.0,68.05,3.47,FIGO DIESEL ZXI,Ford
2013,80000,Diesel,Automatic,Second,11.18,184.0,9.5,SSANGYONG REXTON RX7,Mahindra
2011,37000,Petrol,Manual,First,15.04,103.6,4.8,VENTO PETROL HIGHLINE,Volkswagen
2016,35058,Petrol,Manual,First,15.0,103.52,6.54,RAPID 1.6 MPI AMBITION WITH ALLOY WHEEL,Skoda
2012,52000,Petrol,Manual,First,16.47,73.9,3.1,POLO PETROL COMFORTLINE 1.2L,Volkswagen
2015,61313,Diesel,Manual,First,23.65,88.5,7.99,S CROSS DDIS 200 DELTA,Maruti
2009,45000,Petrol,Manual,Second,14.53,138.1,3.3,COROLLA ALTIS G,Toyota
2015,74000,Diesel,Manual,First,20.77,88.8,8.75,ERTIGA ZDI,Maruti
2013,89000,Petrol,Automatic,First,19.2,80.0,4.19,I10 ASTA SUNROOF AT,Hyundai
2019,13414,Diesel,Automatic,First,17.9,136.0,30.77,CLA 200 CDI SPORT,Mercedes-Benz
2006,95000,Petrol,Manual,Second,16.9,100.0,2.11,CITY ZX VTEC,Honda
2018,15900,Petrol,Manual,First,18.15,82.0,6.25,KUV 100 G80 K8,Mahindra
2011,53000,Diesel,Manual,First,11.5,171.0,11.4,FORTUNER 3.0 DIESEL,Toyota
2011,65000,Petrol,Manual,First,17.0,118.0,5.2,CITY 1.5 V MT,Honda
2017,36824,Diesel,Automatic,First,18.53,187.74,39.84,A6 35 TDI MATRIX,Audi
2013,65287,Diesel,Manual,First,20.0,68.05,4.45,FIGO DIESEL ZXI,Ford
2014,52000,Diesel,Automatic,First,17.9,136.0,19.5,GLA CLASS 200 CDI,Mercedes-Benz
2007,33000,Petrol,Manual,First,15.26,74.9,1.75,AVEO U-VA 1.2 LS,Chevrolet
2016,71000,Diesel,Manual,First,25.83,99.0,5.1,FIGO 2015-2019 1.5D TITANIUM MT,Ford
2013,71000,Diesel,Automatic,First,22.7,126.2,6.8,ELANTRA CRDI SX AT,Hyundai
2016,20000,Petrol,Automatic,First,21.4,83.1,5.74,BALENO ZETA CVT,Maruti
2010,71000,Petrol,Manual,First,16.1,85.0,3.3,SWIFT LXI BSIV,Maruti
2010,29000,Diesel,Automatic,First,9.9,97.7,32.0,CLS-CLASS 2006-2010 350 CDI,Mercedes-Benz
2016,27000,Diesel,Automatic,First,21.76,190.0,35.0,3 SERIES LUXURY LINE,BMW
2017,19000,Diesel,Automatic,First,28.4,73.75,8.9,DZIRE AMT ZDI PLUS,Maruti
2011,58000,Petrol,Manual,Second,17.01,121.3,4.0,VERNA 1.6 SX VTVT,Hyundai
2018,42203,Diesel,Manual,First,17.1,170.0,19.46,COMPASS 2.0 LONGITUDE,Jeep
2009,94000,Diesel,Automatic,First,11.4,142.0,5.25,SONATA EMBERA 2.0L CRDI AT,Hyundai
2013,52000,CNG,Manual,Second,15.1,73.0,2.6,EECO 5 STR WITH AC PLUS HTR CNG,Maruti
2018,4900,Diesel,Manual,First,21.5,108.5,9.22,NEXON 1.5 REVOTORQ XZ PLUS DUAL TONE,Tata
2013,70000,Petrol,Manual,First,21.1,55.2,1.8,EON ERA PLUS,Hyundai
2005,100000,Diesel,Manual,Second,13.5,97.7,1.3,INDICA DLS,Tata
2015,65266,Diesel,Automatic,First,14.69,97.7,31.75,5 SERIES 2013-2017 530D M SPORT,BMW
2014,54569,Diesel,Manual,First,20.77,88.76,5.99,ERTIGA VDI,Maruti
2015,51361,Petrol,Manual,First,18.0,86.7,4.94,AMAZE E I-VTECH,Honda
2007,125000,Petrol,Manual,Third,16.6,68.0,1.5,FIESTA 1.4 DURATEC ZXI,Ford
2008,66000,Petrol,Manual,Third,13.5,130.0,3.25,CIVIC 2006-2010 1.8 V MT,Honda
2007,65047,LPG,Manual,First,17.3,57.5,1.95,WAGON R LX DUO BSIII,Maruti
2014,22281,Diesel,Manual,First,20.77,88.8,6.5,ERTIGA ZDI,Maruti
2013,63210,Diesel,Manual,First,24.0,70.0,3.71,GRAND I10 CRDI SPORTZ,Hyundai
2018,31000,Petrol,Manual,First,20.14,81.86,5.0,XCENT 1.2 VTVT E PLUS,Hyundai
2008,60000,Petrol,Manual,First,19.81,68.05,1.99,I10 ERA,Hyundai
2017,32006,Petrol,Manual,First,18.0,86.7,4.25,AMAZE S I-VTECH,Honda
2009,78000,Diesel,Automatic,First,12.4,179.5,8.0,A6 2.7 TDI,Audi
2011,9489,Petrol,Manual,First,20.36,78.9,2.95,I10 MAGNA 1.2 ITECH SE,Hyundai
2018,5000,Petrol,Manual,First,25.17,53.3,3.5,KWID RXT OPTIONAL,Renault
2012,60000,Diesel,Automatic,Second,15.2,140.8,16.0,A4 NEW 2.0 TDI MULTITRONIC,Audi
2015,50000,Petrol,Manual,First,22.74,47.3,2.75,ALTO 800 LXI AIRBAG,Maruti
2015,53000,Petrol,Manual,First,17.8,117.3,6.95,CITY I VTEC VX OPTION,Honda
2011,64000,Petrol,Automatic,Second,11.74,186.0,12.5,NEW C-CLASS C250 AVANTGARDE,Mercedes-Benz
2017,43827,Diesel,Automatic,First,13.22,97.7,36.83,Q5 3.0 TDI QUATTRO TECHNOLOGY,Audi
2011,36431,Petrol,Manual,First,16.2,74.0,2.7,POLO 1.2 MPI COMFORTLINE,Volkswagen
2017,35000,Diesel,Manual,First,21.38,88.7,9.9,CRETA 1.4 E PLUS DIESEL,Hyundai
2011,94832,Petrol,Manual,First,17.0,118.0,3.83,CITY 1.5 V MT,Honda
2012,88381,Petrol,Manual,First,17.0,118.0,5.25,CITY 1.5 S MT,Honda
2016,45194,Diesel,Manual,First,22.7,118.0,7.75,S CROSS DDIS 320 ALPHA,Maruti
2010,66000,Petrol,Manual,Second,16.51,103.2,2.46,SX4 VXI BSIV,Maruti
2014,38578,Diesel,Manual,First,23.4,74.0,3.96,SWIFT DZIRE VDI,Maruti
2015,40000,Diesel,Manual,First,20.77,88.8,8.25,ERTIGA ZDI,Maruti
2018,20632,Petrol,Manual,First,18.6,81.83,7.58,I20 1.2 SPOTZ,Hyundai
2014,73042,Diesel,Manual,First,24.0,70.0,3.99,GRAND I10 CRDI MAGNA,Hyundai
2014,54257,Petrol,Manual,First,17.4,117.3,6.25,CITY I VTEC SV,Honda
2013,93000,Diesel,Manual,First,20.5,103.5,5.0,RAPID 1.6 TDI ELEGANCE,Skoda
2005,102000,Diesel,Automatic,Second,11.0,198.5,4.65,E-CLASS E270 CDI,Mercedes-Benz
2016,28881,Diesel,Automatic,First,13.01,194.3,21.37,SANTA FE 4WD AT,Hyundai
2007,52195,Petrol,Manual,First,19.7,46.3,1.75,ALTO LXI,Maruti
2018,20422,Diesel,Manual,First,12.4,134.0,16.09,D-MAX V-CROSS 4X4,ISUZU
2012,38000,Diesel,Manual,First,24.8,88.7,4.1,VERNA 1.4 CRDI GL,Hyundai
2015,92885,Diesel,Manual,First,20.0,68.0,3.56,FIGO DIESEL ZXI,Ford
2010,43000,Petrol,Manual,Second,17.0,118.0,4.21,CITY 1.5 S MT,Honda
2016,70478,Diesel,Manual,First,17.8,97.7,6.86,SWIFT VDI BSIV W ABS,Maruti
2015,57000,Diesel,Manual,First,23.9,126.2,6.6,VERNA 1.6 CRDI S,Hyundai
2018,32434,Petrol,Automatic,First,13.0,121.3,14.35,CRETA 1.6 SX PLUS PETROL AUTOMATIC,Hyundai
2017,32000,Diesel,Manual,First,22.7,89.84,9.5,ECOSPORT 1.5 DV5 MT TITANIUM,Ford
2011,59000,Diesel,Automatic,First,11.2,97.7,21.9,X6 XDRIVE30D,BMW
2016,76467,Diesel,Automatic,First,18.12,190.0,30.45,5 SERIES 2013-2017 520D LUXURY LINE,BMW
2016,100000,Diesel,Manual,First,25.83,99.0,5.1,FIGO ASPIRE 1.5 TDCI AMBIENTE,Ford
2013,37086,Petrol,Automatic,First,17.0,121.3,5.44,VERNA VTVT 1.6 AT EX,Hyundai
2010,53000,Diesel,Manual,First,13.8,68.0,1.6,IKON 1.4 TDCI DURATORQ,Ford
2014,54862,Diesel,Automatic,First,17.68,174.33,16.67,A6 2011-2015 2.0 TDI,Audi
2010,67758,Petrol,Manual,First,10.8,97.7,9.5,CR-V SPORT,Honda
2012,56200,Petrol,Automatic,First,15.0,98.6,3.85,I20 2015-2017 SPORTZ AT 1.4,Hyundai
2011,53000,Diesel,Manual,First,14.24,174.5,10.64,FORTUNER 2.8 4WD MT,Toyota
2016,20229,Petrol,Manual,First,25.17,53.3,3.5,KWID RXT,Renault
2008,62000,Petrol,Manual,Third,18.0,62.0,1.1,SPARK 1.0 LT,Chevrolet
2011,51500,Petrol,Manual,Second,16.2,103.2,2.6,VERNA TRANSFORM VTVT,Hyundai
2012,69000,Diesel,Automatic,First,18.88,184.0,18.5,3 SERIES 320D SPORT LINE,BMW
2004,53000,Petrol,Manual,First,18.15,97.7,1.35,SANTRO XING XP,Hyundai
2015,62476,Diesel,Manual,First,26.59,74.0,7.95,SWIFT DZIRE VDI,Maruti
2017,60500,Diesel,Manual,First,25.4,73.97,5.49,XCENT 1.2 CRDI E PLUS,Hyundai
2017,17978,Petrol,Automatic,First,19.0,88.7,6.95,JAZZ V CVT,Honda
2008,53000,Diesel,Manual,First,17.0,70.0,1.0,INDIGO LS,Tata
2013,123000,Diesel,Manual,Second,17.8,67.0,4.45,FIESTA CLASSIC 1.4 DURATORQ CLXI,Ford
2016,45296,Diesel,Manual,First,25.1,88.5,6.99,S-CROSS ALPHA DDIS 200 SH,Maruti
2008,77325,Petrol,Manual,First,15.6,104.68,3.51,SX4 ZXI WITH LEATHER BSIII,Maruti
2018,25858,Petrol,Automatic,First,21.4,83.1,7.54,BALENO ZETA AUTOMATIC,Maruti
2016,120000,Diesel,Manual,First,23.2,73.94,3.65,RITZ LDI,Maruti
2016,22000,Diesel,Automatic,First,19.5,126.24,16.0,ELANTRA CRDI SX AT,Hyundai
2012,11000,Petrol,Manual,First,16.2,62.1,1.4,SPARK 1.0 LT,Chevrolet
2017,3900,Petrol,Manual,First,18.6,81.83,6.45,I20 1.2 SPOTZ,Hyundai
2016,106092,Diesel,Manual,First,24.4,71.0,4.4,XCENT 1.1 CRDI BASE,Hyundai
2015,27000,Petrol,Automatic,First,19.0,88.7,5.95,JAZZ 1.2 V CVT I VTEC,Honda
2013,11000,Petrol,Manual,First,19.4,86.8,3.9,BRIO S MT,Honda
2016,39753,Diesel,Automatic,First,13.0,201.1,35.28,E-CLASS E250 CDI AVANTGRADE,Mercedes-Benz
2017,39800,Diesel,Manual,First,17.6,153.86,14.25,HEXA XT,Tata
2017,73000,Diesel,Manual,First,24.4,71.0,4.5,XCENT 1.1 CRDI BASE,Hyundai
2015,55000,Diesel,Manual,First,22.7,89.84,7.5,ECOSPORT 1.5 DV5 MT TITANIUM OPTIONAL,Ford
2017,18351,Petrol,Automatic,First,21.9,37.48,3.41,NANO XTA,Tata
2013,45000,Petrol,Manual,Second,19.4,86.8,3.25,BRIO VX,Honda
2016,112200,Diesel,Manual,First,24.52,88.5,8.3,ERTIGA SHVS ZDI PLUS,Maruti
2010,29000,Petrol,Manual,First,20.36,78.9,3.45,I10 SPORTZ 1.2,Hyundai
2007,57309,Petrol,Manual,First,17.0,97.7,2.1,SANTRO XING XO,Hyundai
2015,53392,Diesel,Manual,First,16.0,140.0,11.95,XUV500 W10 2WD,Mahindra
2010,71000,Diesel,Manual,First,20.54,103.6,4.25,VENTO DIESEL HIGHLINE,Volkswagen
2014,93000,Diesel,Manual,First,14.0,138.1,8.25,SAFARI STORME 2012-2015 VX,Tata
2010,119000,Petrol,Manual,First,10.2,180.0,5.95,ACCORD 2.4 ELEGANCE M/T,Honda
2016,42225,Petrol,Manual,First,15.1,73.0,4.3,EECO 7 SEATER STANDARD,Maruti
2012,65000,Diesel,Manual,First,22.9,74.0,3.9,SWIFT VDI,Maruti
2016,27809,Petrol,Automatic,First,21.4,83.1,6.41,BALENO ZETA AUTOMATIC,Maruti
2015,65100,Diesel,Manual,First,15.1,140.0,8.36,XUV500 W8 2WD,Mahindra
2014,51000,Petrol,Manual,First,19.1,82.0,3.85,XCENT 1.2 KAPPA S,Hyundai
2017,10000,Diesel,Automatic,First,19.27,167.62,36.0,NEW C-CLASS C 220 CDI STYLE,Mercedes-Benz
2011,54895,Petrol,Manual,First,13.14,160.0,7.5,SUPERB 1.8 TSI MT,Skoda
2015,80768,Diesel,Manual,First,20.14,88.73,5.7,CROSSPOLO 1.5 TDI,Volkswagen
2019,12076,Petrol,Manual,First,20.89,81.8,5.5,IGNIS 1.2 DELTA,Maruti
2016,49000,Diesel,Manual,First,25.2,74.0,5.9,SWIFT VDI BSIV,Maruti
2015,42366,Petrol,Manual,First,17.8,117.3,7.75,CITY I VTEC VX OPTION,Honda
2010,68000,Diesel,Automatic,First,11.5,97.7,18.0,5 SERIES 530D HIGHLINE SEDAN,BMW
2008,122397,Diesel,Manual,First,17.5,106.0,4.4,LAURA AMBIENTE,Skoda
2017,50534,Petrol,Automatic,First,17.21,103.5,8.27,POLO GT TSI,Volkswagen
2014,55300,Diesel,Manual,First,19.87,83.8,4.75,DUSTER 85PS DIESEL RXL,Renault
2008,73095,Petrol,Automatic,First,16.8,118.0,3.8,CITY 1.5 S AT,Honda
2011,51100,Diesel,Manual,First,20.54,103.6,3.4,VENTO DIESEL HIGHLINE,Volkswagen
2016,13436,Petrol,Manual,Second,18.9,82.0,4.7,GRAND I10 SPORTZ,Hyundai
2008,76000,Petrol,Manual,Second,16.6,68.0,1.49,FIESTA 1.4 ZXI DURATEC,Ford
2016,63141,Diesel,Manual,Second,24.4,71.0,4.5,XCENT 1.1 CRDI S,Hyundai
2014,74885,Diesel,Manual,First,25.8,98.6,5.4,AMAZE VX I-DTEC,Honda
2016,14000,Petrol,Automatic,First,18.0,117.3,11.5,CITY I VTEC CVT VX,Honda
2012,56000,Diesel,Manual,Second,20.4,108.5,3.5,FLUENCE 1.5,Renault
2010,46000,Diesel,Automatic,First,22.48,190.0,16.5,5 SERIES 520D LUXURY LINE,BMW
2012,51800,Petrol,Manual,First,15.5,103.3,3.9,SX4 ZXI MT BSIV,Maruti
2007,81000,Petrol,Automatic,First,16.4,78.0,3.25,CITY ZX CVT,Honda
2018,17370,Petrol,Manual,First,17.0,73.75,5.84,AMEO 1.2 MPI COMFORTLINE,Volkswagen
2016,18456,Petrol,Manual,First,17.0,73.75,5.75,AMEO 1.2 MPI COMFORTLINE,Volkswagen
2010,59000,Diesel,Automatic,First,16.55,140.0,10.0,A4 2.0 TDI MULTITRONIC,Audi
2006,53000,Petrol,Manual,Second,18.9,67.1,1.05,WAGON R VXI,Maruti
2013,51000,Diesel,Automatic,First,19.08,126.32,5.64,VERNA SX CRDI AT,Hyundai
2019,29311,Diesel,Automatic,First,17.9,170.0,50.97,GLC 220D 4MATIC STYLE,Mercedes-Benz
2016,31000,Diesel,Automatic,First,21.76,190.0,29.95,3 SERIES LUXURY LINE,BMW
2014,80000,Diesel,Manual,Second,24.2,98.6,4.85,MOBILIO V OPTION I DTEC,Honda
2016,33000,Diesel,Automatic,First,17.01,126.2,14.5,CRETA 1.6 CRDI AT SX PLUS,Hyundai
2011,71556,Petrol,Manual,First,17.0,118.0,5.5,CITY 1.5 S MT,Honda
2011,85000,Diesel,Manual,First,17.8,68.0,3.2,FIESTA 1.4 TDCI EXI,Ford
2016,91000,Diesel,Manual,First,26.59,74.0,4.5,SWIFT DZIRE LDI,Maruti
2015,73187,Diesel,Automatic,First,13.0,204.0,30.72,E-CLASS E250 CDI LAUNCH EDITION,Mercedes-Benz
2009,53000,Diesel,Manual,First,11.5,147.9,3.5,CAPTIVA LT,Chevrolet
2007,127079,Diesel,Manual,First,12.8,102.0,6.99,INNOVA 2.5 V DIESEL 7-SEATER,Toyota
2014,58816,Diesel,Manual,First,17.21,100.0,3.45,QUANTO C8,Mahindra
2015,63818,Petrol,Manual,First,17.4,117.3,6.57,CITY I VTEC V,Honda
2014,40000,Diesel,Automatic,First,17.11,174.33,17.5,A4 2.0 TDI 177 BHP PREMIUM PLUS,Audi
2013,77445,Diesel,Manual,First,22.07,73.9,3.75,POLO DIESEL COMFORTLINE 1.2L,Volkswagen
2017,14000,Petrol,Automatic,First,14.8,121.36,9.99,ECOSPORT 1.5 PETROL TITANIUM PLUS AT,Ford
2012,85122,Diesel,Manual,First,12.99,100.0,8.2,INNOVA 2.5 G (DIESEL) 7 SEATER BS IV,Toyota
2005,123000,Petrol,Manual,Third,13.0,100.0,1.1,CITY 1.5 EXI,Honda
2015,61000,CNG,Manual,First,22.1,85.7,3.89,SX4 GREEN VXI (CNG),Maruti
2015,63714,Petrol,Manual,First,24.7,47.3,2.45,ALTO 800 2016-2019 LXI OPTIONAL,Maruti
2009,53000,Diesel,Automatic,First,8.7,224.34,13.75,M-CLASS ML 320 CDI,Mercedes-Benz
2017,60000,Diesel,Manual,First,26.59,74.0,3.0,SWIFT DZIRE LDI,Maruti
2017,33000,Diesel,Manual,First,24.3,88.5,9.25,VITARA BREZZA ZDI PLUS DUAL TONE,Maruti
2013,31000,Diesel,Automatic,First,13.2,215.0,17.65,S60 D5 SUMMUM,Volvo
2014,79000,Diesel,Automatic,First,12.55,168.5,18.25,FORTUNER 4X2 AT,Toyota
2013,67914,Diesel,Manual,First,23.0,90.0,3.45,I20 SPORTZ OPTION DIESEL,Hyundai
2015,58970,Diesel,Automatic,First,17.11,174.33,23.75,A4 35 TDI PREMIUM,Audi
2013,60000,Diesel,Manual,Second,19.64,108.5,5.45,TERRANO XV D PRE,Nissan
2017,35225,Petrol,Automatic,First,23.1,67.04,5.25,CELERIO ZXI AMT,Maruti
2005,69496,Petrol,Manual,First,15.9,97.7,1.1,ESTEEM VXI,Maruti
2012,62282,Petrol,Automatic,First,16.95,78.9,2.9,I10 SPORTZ AT,Hyundai
2010,80000,Diesel,Automatic,First,22.69,190.0,14.2,3 SERIES 320D,BMW
2018,43698,Petrol,Manual,First,18.9,82.0,5.8,GRAND I10 SPORTZ,Hyundai
2017,28052,Petrol,Automatic,First,18.9,82.0,7.22,GRAND I10 ASTA OPTION AT,Hyundai
2016,29091,Petrol,Manual,First,18.9,81.86,4.87,GRAND I10 1.2 KAPPA SPORTZ,Hyundai
2013,63000,Petrol,Manual,First,16.47,74.0,3.3,POLO 1.2 MPI COMFORTLINE,Volkswagen
2007,91000,Petrol,Manual,Second,17.7,78.0,3.0,CITY ZX EXI,Honda
2014,30000,Diesel,Automatic,First,17.9,136.0,26.0,GLA CLASS 200 CDI,Mercedes-Benz
2017,24571,Petrol,Manual,First,14.0,35.0,2.9,OMNI 8 SEATER BSIV,Maruti
2014,45000,Petrol,Automatic,First,15.74,121.3,7.5,VERNA 1.6 SX VTVT AT,Hyundai
2015,24617,Petrol,Manual,First,22.74,47.3,2.36,ALTO 800 LXI,Maruti
2017,26927,Diesel,Manual,First,24.3,88.5,11.39,VITARA BREZZA ZDI PLUS DUAL TONE,Maruti
2013,87736,Diesel,Manual,First,15.1,140.0,7.02,XUV500 W8 2WD,Mahindra
2016,35299,Diesel,Manual,First,24.3,88.5,8.0,VITARA BREZZA ZDI,Maruti
2017,51612,Petrol,Manual,First,18.6,81.83,7.11,I20 1.2 SPOTZ,Hyundai
1998,55300,Diesel,Automatic,First,10.0,157.7,3.9,E-CLASS 250 D W 210,Mercedes-Benz
2009,65090,Petrol,Manual,First,19.7,46.3,2.15,ALTO LXI,Maruti
2013,40000,Petrol,Manual,First,18.0,86.7,3.25,AMAZE S I-VTECH,Honda
2015,38467,Diesel,Automatic,First,12.65,97.7,70.66,ROVER RANGE ROVER SPORT HSE,Land
2013,71904,Diesel,Manual,First,24.0,70.0,4.61,GRAND I10 CRDI MAGNA,Hyundai
2008,87000,Petrol,Manual,First,13.5,130.0,2.35,CIVIC 2006-2010 1.8 S MT,Honda
2014,33000,Diesel,Manual,Second,24.0,70.0,4.05,GRAND I10 CRDI MAGNA,Hyundai
2009,22100,Petrol,Manual,Second,16.1,37.0,0.8,800 AC UNIQ,Maruti
2014,59589,Diesel,Manual,First,23.59,67.1,5.6,ETIOS LIVA DIESEL,Toyota
2015,44000,Diesel,Manual,First,22.54,88.73,5.35,I20 MAGNA 1.4 CRDI,Hyundai
2017,12000,Petrol,Manual,First,24.07,67.1,3.25,ALTO K10 VXI,Maruti
2012,66000,Diesel,Automatic,Second,17.05,184.0,11.5,X1 SDRIVE20D,BMW
2016,38009,Petrol,Automatic,First,23.1,67.04,4.25,CELERIO VXI AT,Maruti
2009,35000,Petrol,Automatic,Second,13.7,157.75,4.45,SUPERB ELEGANCE 1.8 TSI AT,Skoda
2009,70000,Diesel,Manual,First,14.0,112.0,2.85,XYLO E4,Mahindra
2014,86000,Diesel,Manual,First,15.1,140.0,7.85,XUV500 W8 2WD,Mahindra
2016,32000,Petrol,Manual,First,19.1,85.8,5.3,SWIFT DZIRE VXI,Maruti
2017,15000,Petrol,Manual,First,18.88,123.24,8.0,ECOSPORT 1.0 ECOBOOST PLATINUM EDITION,Ford
2014,69918,Diesel,Manual,First,21.43,87.2,9.43,COROLLA ALTIS DIESEL D4DG,Toyota
2012,39000,Petrol,Manual,First,18.5,80.0,2.75,I20 2015-2017 1.2 MAGNA,Hyundai
2018,1011,Diesel,Manual,First,20.37,108.45,13.5,CAPTUR 1.5 DIESEL PLATINE MONO,Renault
2009,85000,Diesel,Automatic,First,11.0,198.5,9.99,E-CLASS 280 CDI,Mercedes-Benz
2017,46663,Petrol,Manual,First,21.1,100.0,6.95,BALENO RS 1.0 PETROL,Maruti
2015,27000,Petrol,Automatic,First,17.97,99.6,6.75,SUNNY 2011-2014 XL AT SPECIAL EDITION,Nissan
2015,15000,Petrol,Automatic,First,18.9,82.0,5.5,GRAND I10 AT ASTA,Hyundai
2018,10575,Petrol,Manual,First,21.56,103.25,9.18,CIAZ ZETA,Maruti
2014,12500,Petrol,Manual,First,19.1,82.0,4.15,XCENT 1.2 KAPPA S,Hyundai
2012,52000,Diesel,Manual,First,22.32,126.32,6.5,VERNA 1.6 SX CRDI (O),Hyundai
2015,49818,Petrol,Manual,First,21.5,81.8,4.11,WAGON R VXI 1.2,Maruti
2008,90000,Diesel,Manual,Second,16.8,110.0,2.25,VERNA CRDI,Hyundai
2015,52207,Petrol,Manual,First,17.71,78.9,4.56,ETIOS LIVA G,Toyota
2013,53000,Diesel,Manual,First,11.68,112.0,4.0,XYLO E4 ABS BS III,Mahindra
2015,49894,Diesel,Manual,First,23.59,67.06,5.27,ETIOS LIVA GD,Toyota
2019,13024,Diesel,Manual,First,18.06,63.0,9.11,THAR DI 4X4,Mahindra
2010,128000,Diesel,Manual,Second,14.42,147.6,6.2,X-TRAIL SLX MT,Nissan
2017,26023,Diesel,Automatic,First,11.36,171.5,19.97,INNOVA CRYSTA 2.8 ZX AT,Toyota
2016,42784,Diesel,Manual,First,21.38,88.7,10.17,CRETA 1.4 CRDI S,Hyundai
2014,115000,Diesel,Manual,First,28.4,74.0,4.5,SWIFT VDI,Maruti
2019,30529,Diesel,Manual,First,23.9,126.2,14.28,VERNA 1.6 CRDI SX OPTION,Hyundai
2012,14814,Petrol,Manual,Second,19.7,46.3,2.47,ALTO LXI BSIII,Maruti
2016,58000,Diesel,Manual,First,23.65,88.5,7.9,S CROSS DDIS 200 ALPHA,Maruti
2011,68128,Petrol,Manual,First,21.1,55.2,2.3,EON ERA,Hyundai
2013,63220,Petrol,Manual,First,13.24,102.5,6.5,TERRANO XL,Nissan
2016,30000,Petrol,Manual,First,21.1,55.2,3.25,EON ERA,Hyundai
2017,27768,Diesel,Manual,First,20.65,88.7,5.85,ZEST QUADRAJET 1.3 XT,Tata
2014,53000,Diesel,Automatic,Second,14.21,203.0,29.0,E-CLASS 2009-2013 E250 CDI ELEGANCE,Mercedes-Benz
2014,87652,Diesel,Automatic,Second,14.16,174.3,25.71,Q5 2.0 TDI PREMIUM PLUS,Audi
2008,94873,Petrol,Manual,Second,15.3,101.0,1.85,FIESTA 1.6 ZXI LEATHER,Ford
2015,56000,Diesel,Automatic,First,18.88,184.0,22.75,3 SERIES 320D PRESTIGE,BMW
2018,18678,Petrol,Manual,First,21.1,100.0,8.32,BALENO RS 1.0 PETROL,Maruti
2014,30000,Diesel,Automatic,First,14.21,203.0,26.0,E-CLASS 2009-2013 E250 CDI BLUE EFFICIENCY,Mercedes-Benz
2012,129000,Diesel,Automatic,First,12.8,97.7,7.0,ENDEAVOUR HURRICANE LE,Ford
2013,59000,Petrol,Manual,First,20.36,78.9,3.45,I10 SPORTZ 1.2,Hyundai
2017,13000,Petrol,Manual,First,18.9,82.0,5.15,GRAND I10 ASTA OPTION,Hyundai
2014,74325,Petrol,Manual,First,19.4,86.8,3.51,BRIO S MT,Honda
2015,45000,Diesel,Manual,First,21.9,88.76,3.45,I20 MAGNA 1.4 CRDI (DIESEL),Hyundai
2013,57000,Petrol,Manual,First,16.47,73.9,3.75,POLO PETROL HIGHLINE 1.2L,Volkswagen
2001,125943,Petrol,Manual,Second,13.0,100.0,1.45,CITY 1.5 EXI,Honda
2008,80000,Diesel,Manual,First,18.7,66.0,2.2,OCTAVIA AMBIENTE 1.9 TDI,Skoda
2010,53000,Diesel,Manual,First,13.1,141.0,7.99,ENDEAVOUR 2.5L 4X2,Ford
2013,62000,Diesel,Manual,Second,18.3,147.9,6.75,CRUZE LTZ,Chevrolet
2013,27000,Petrol,Automatic,First,14.0,97.7,11.99,CR-V AT WITH SUN ROOF,Honda
2014,45000,Diesel,Manual,First,24.2,98.6,5.0,MOBILIO V I DTEC,Honda
2012,105000,Diesel,Manual,Second,20.77,88.76,5.9,ERTIGA VDI,Maruti
2013,26000,Petrol,Manual,First,18.9,82.0,3.75,GRAND I10 SPORTZ,Hyundai
2014,30900,Diesel,Automatic,First,14.74,97.7,29.5,XF 3.0 LITRE S PREMIUM LUXURY,Jaguar
2014,48000,Petrol,Manual,First,18.0,86.7,4.75,AMAZE VX I-VTECH,Honda
2011,112719,Diesel,Automatic,First,12.4,179.5,11.5,A6 2.7 TDI,Audi
2017,5000,Petrol,Manual,First,18.6,81.83,6.95,I20 1.2 SPOTZ,Hyundai
2016,16000,Petrol,Manual,First,17.0,73.75,5.4,AMEO 1.2 MPI HIGHLINE PLUS 16,Volkswagen
2011,63000,Petrol,Automatic,First,13.4,135.1,4.75,FLUENCE 2.0,Renault
2011,28300,Petrol,Manual,First,24.07,67.1,2.15,ALTO K10 VXI,Maruti
2005,49000,Petrol,Manual,First,19.7,46.3,0.9,ALTO STD,Maruti
2016,12501,Petrol,Manual,First,20.51,67.04,3.5,WAGON R VXI BS IV,Maruti
2016,56628,Diesel,Manual,First,20.4,92.0,5.85,LINEA 1.3 EMOTION,Fiat
2010,105000,Diesel,Manual,First,19.3,73.9,3.15,SWIFT DZIRE VDI BSIV,Maruti
2016,52126,Diesel,Manual,First,21.64,84.8,6.0,SCALA DIESEL RXL,Renault
2010,38000,Petrol,Manual,First,18.5,80.0,2.23,I20 MAGNA,Hyundai
2016,50000,Petrol,Manual,First,19.1,82.0,2.5,XCENT 1.2 KAPPA SX OPTION,Hyundai
2015,50230,Petrol,Manual,First,18.9,67.1,3.87,WAGON R LXI,Maruti
2014,31000,Diesel,Manual,First,15.1,140.0,9.5,XUV500 W8 2WD,Mahindra
2014,79000,Diesel,Automatic,First,12.55,168.5,17.75,FORTUNER 4X2 AT,Toyota
2012,130000,Diesel,Manual,First,19.64,108.45,3.75,DUSTER 110PS DIESEL RXZ PLUS,Renault
2010,115000,Petrol,Manual,Second,17.92,62.1,1.5,SANTRO XING GLS,Hyundai
2013,41500,Petrol,Manual,Second,17.01,121.3,5.0,VERNA 1.6 SX VTVT,Hyundai
2014,54385,Diesel,Automatic,Second,15.06,177.0,17.0,X1 SDRIVE 20D EXCLUSIVE,BMW
2011,56361,Petrol,Automatic,First,12.9,130.0,4.38,CIVIC 2006-2010 1.8 V AT,Honda
2018,22000,Petrol,Automatic,First,15.26,187.74,41.5,A6 35 TFSI MATRIX,Audi
2017,8000,Petrol,Manual,First,20.51,67.04,3.0,WAGON R LXI BS IV,Maruti
2018,28741,Diesel,Manual,First,24.3,88.5,11.0,VITARA BREZZA ZDI PLUS DUAL TONE,Maruti
2012,117236,Diesel,Automatic,Second,11.8,190.0,14.0,ROVER DISCOVERY 3 TDV6 DIESEL AUTOMATIC,Land
2016,30500,Diesel,Automatic,First,26.59,74.0,7.65,DZIRE NEW,Maruti
2018,5000,Petrol,Manual,First,17.0,121.3,8.7,VERNA VTVT 1.6 SX,Hyundai
2016,42000,Diesel,Manual,First,25.47,88.5,9.9,ERTIGA ZDI PLUS,Maruti
2010,32773,Petrol,Manual,First,13.2,94.0,2.05,ACCENT GLE,Hyundai
2016,19008,Petrol,Manual,First,17.0,80.0,5.25,I20 1.2 SPORTZ,Hyundai
2012,32542,Petrol,Manual,First,17.0,121.3,5.77,VERNA VTVT 1.6 SX,Hyundai
2010,94753,Petrol,Manual,First,19.7,46.3,1.95,ALTO LX,Maruti
2011,70000,Diesel,Manual,Second,12.05,120.0,7.45,SCORPIO VLX,Mahindra
2012,68347,Petrol,Manual,First,18.9,67.1,2.6,WAGON R LXI,Maruti
2011,72000,Petrol,Manual,Second,17.0,80.0,3.25,I20 1.2 SPORTZ,Hyundai
2010,75014,Diesel,Manual,First,21.1,73.9,3.85,RITZ VDI,Maruti
2013,65000,Diesel,Automatic,Second,13.73,148.0,7.5,KOLEOS 2.0 DIESEL,Renault
2012,55598,Diesel,Automatic,First,22.69,190.0,11.5,3 SERIES 320D,BMW
2013,50000,Petrol,Manual,First,19.4,86.8,3.25,BRIO V MT,Honda
2003,44200,Petrol,Manual,Second,11.7,134.0,1.5,SONATA GOLD,Hyundai
2014,65000,Diesel,Manual,First,19.3,73.9,5.31,SWIFT DZIRE VDI,Maruti
2013,49000,Diesel,Manual,First,16.0,140.0,9.0,XUV500 W8 4WD,Mahindra
2016,7200,Petrol,Manual,First,19.81,68.05,3.59,I10 SPORTZ 1.1L,Hyundai
2016,43152,Petrol,Manual,First,20.73,91.1,7.35,CIAZ ZXI PLUS,Maruti
2013,112000,Diesel,Manual,First,12.8,102.0,12.0,INNOVA 2.5 V DIESEL 8-SEATER,Toyota
2017,23540,Petrol,Manual,First,18.9,82.0,6.02,GRAND I10 SPORTZ,Hyundai
2008,82160,Diesel,Manual,First,16.52,123.7,2.57,OPTRA MAGNUM 2.0 LS BSIII,Chevrolet
2013,57000,Diesel,Manual,First,12.83,162.0,12.45,SSANGYONG REXTON RX5,Mahindra
2015,39335,Diesel,Manual,First,15.1,140.0,12.63,XUV500 W8 2WD,Mahindra
2014,62000,Petrol,Manual,Second,17.4,117.3,7.75,CITY I VTEC SV,Honda
2014,60000,Diesel,Manual,First,22.7,89.84,5.5,ECOSPORT 1.5 DV5 MT TITANIUM,Ford
2015,35000,Petrol,Manual,First,18.6,81.83,4.43,I20 SPORTZ 1.2,Hyundai
2016,32345,Diesel,Automatic,First,17.9,136.0,24.51,CLA 200 CDI SPORT,Mercedes-Benz
2014,47000,Petrol,Manual,First,22.0,55.0,2.65,EON MAGNA,Hyundai
2012,65537,CNG,Manual,Second,18.15,40.3,2.1,ALTO 800 2016-2019 CNG LXI,Maruti
2011,36000,Petrol,Manual,First,17.6,88.7,3.2,ETIOS G SAFETY,Toyota
2016,75000,Diesel,Manual,First,23.4,74.0,4.25,SWIFT DZIRE TOUR LDI,Maruti
2008,38000,Petrol,Manual,First,19.7,46.3,1.1,ALTO LXI,Maruti
2015,57818,Petrol,Manual,First,23.1,67.04,4.3,CELERIO ZXI,Maruti
2015,45000,Diesel,Manual,First,22.7,89.84,8.9,ECOSPORT 1.5 DV5 MT TITANIUM OPTIONAL,Ford
2015,75055,Diesel,Manual,First,19.01,108.5,6.5,TERRANO XV 110 PS LIMITED EDITION,Nissan
2009,65462,Petrol,Automatic,Third,11.1,142.0,3.5,ACCORD VTI-L AT,Honda
2008,76206,Diesel,Manual,First,17.8,75.0,4.25,SWIFT LDI BSIII,Maruti
2018,25948,Diesel,Automatic,First,16.0,140.0,16.46,XUV500 AT W10 FWD,Mahindra
2016,28500,Petrol,Manual,First,18.7,88.7,5.95,JAZZ 1.2 VX I VTEC,Honda
2015,28004,Petrol,Manual,First,17.8,117.3,7.1,CITY I VTEC V,Honda
2011,25000,Petrol,Manual,Second,15.7,67.0,1.25,GRANDE PUNTO 1.2 DYNAMIC,Fiat
2010,40000,Petrol,Manual,Second,19.5,97.7,2.5,ESTILO LXI,Maruti
2013,82543,Petrol,Manual,First,16.02,93.7,5.5,ERTIGA ZXI,Maruti
2013,30000,Petrol,Manual,First,18.44,75.0,3.25,MICRA XL,Nissan
2010,27800,Petrol,Manual,First,17.0,118.0,5.0,CITY 1.5 V MT,Honda
2016,33415,Petrol,Manual,First,16.78,88.73,6.58,ETIOS VX,Toyota
2013,38000,Diesel,Automatic,First,18.88,184.0,19.5,3 SERIES 320D LUXURY LINE,BMW
2017,41981,Petrol,Manual,First,18.7,88.7,6.14,JAZZ 1.2 SV I VTEC,Honda
2013,77084,Diesel,Manual,First,28.4,73.75,4.95,DZIRE VDI,Maruti
2013,71803,Diesel,Manual,First,20.5,103.5,5.75,RAPID 1.6 TDI ELEGANCE,Skoda
2013,73314,Diesel,Manual,First,15.1,140.0,6.6,XUV500 W6 2WD,Mahindra
2015,69053,Petrol,Automatic,First,18.9,82.0,5.72,GRAND I10 AT ASTA,Hyundai
2009,79782,Petrol,Manual,Second,17.0,118.0,2.6,CITY 1.5 V MT,Honda
2010,53000,Diesel,Manual,Second,12.8,102.0,6.5,INNOVA 2.5 GX 7 STR,Toyota
2011,90000,Diesel,Manual,Second,15.1,140.0,6.1,XUV500 W8 2WD,Mahindra
2010,130000,Diesel,Manual,First,19.3,73.9,3.85,SWIFT DZIRE VDI,Maruti
2013,65000,Petrol,Manual,Second,15.04,103.6,4.5,VENTO PETROL HIGHLINE,Volkswagen
2013,46496,Diesel,Manual,First,23.59,97.7,5.3,ETIOS GD,Toyota
2013,76000,Diesel,Automatic,Second,16.55,147.51,18.25,A4 2.0 TDI,Audi
2012,28002,Petrol,Manual,First,16.02,93.7,5.75,ERTIGA LXI,Maruti
2010,63000,CNG,Manual,Second,14.53,138.0,3.35,COROLLA ALTIS 1.8 G CNG,Toyota
2010,70000,Petrol,Manual,Second,16.1,37.0,0.9,800 AC,Maruti
2011,66276,Petrol,Manual,First,17.0,118.0,5.5,CITY 1.5 V MT,Honda
2014,45000,Petrol,Manual,First,19.1,85.8,3.99,SWIFT DZIRE VXI,Maruti
2014,67000,Petrol,Automatic,First,19.16,158.2,18.75,CAMRY HYBRID,Toyota
2014,43068,Diesel,Manual,First,24.0,70.0,3.5,GRAND I10 CRDI SPORTZ,Hyundai
2016,40000,Diesel,Automatic,First,11.36,171.5,16.45,INNOVA CRYSTA 2.8 GX AT 8S,Toyota
2011,50436,Petrol,Manual,First,20.36,78.9,3.65,I10 MAGNA,Hyundai
2014,21000,Petrol,Automatic,First,18.9,82.0,5.4,GRAND I10 AT ASTA,Hyundai
2018,2000,Diesel,Manual,First,27.39,74.0,8.7,BALENO ALPHA DIESEL,Maruti
2016,14500,Petrol,Automatic,First,14.67,177.46,20.75,SUPERB STYLE 1.8 TSI AT,Skoda
2010,68782,Diesel,Automatic,First,14.84,170.0,12.5,NEW C-CLASS 220 CDI AT,Mercedes-Benz
2011,35888,Diesel,Manual,First,21.1,73.9,1.89,RITZ VDI,Maruti
2015,53000,Diesel,Manual,First,23.4,74.0,4.0,SWIFT DZIRE TOUR LDI,Maruti
2012,47000,Petrol,Manual,First,14.8,130.2,3.95,CIVIC 2010-2013 1.8 V MT,Honda
2015,93700,Diesel,Manual,First,24.52,88.5,7.85,ERTIGA SHVS VDI,Maruti
2014,45000,Diesel,Manual,First,22.7,126.24,7.0,ELANTRA CRDI SX,Hyundai
2016,55547,Diesel,Automatic,First,12.55,168.5,24.99,FORTUNER 4X2 AT,Toyota
2013,69000,Petrol,Automatic,First,17.21,103.6,4.5,POLO GT TSI,Volkswagen
2005,88000,Diesel,Manual,Third,18.7,66.0,1.25,OCTAVIA CLASSIC 1.9 TDI MT,Skoda
2014,32400,Diesel,Manual,First,20.14,88.8,3.95,POLO 1.5 TDI TRENDLINE,Volkswagen
2012,79000,Petrol,Manual,Second,17.92,62.1,1.6,SANTRO XING GL PLUS,Hyundai
2004,110000,Petrol,Manual,First,13.2,94.0,0.6,ACCENT GLE,Hyundai
2014,45407,Petrol,Manual,Second,21.1,55.2,3.39,EON D LITE PLUS,Hyundai
2011,53000,Diesel,Manual,First,12.8,102.0,9.8,INNOVA 2.5 V DIESEL 7-SEATER,Toyota
2017,19000,Diesel,Manual,First,26.8,74.0,5.91,IGNIS 1.3 ZETA,Maruti
2017,19416,Petrol,Manual,First,21.56,103.25,8.25,CIAZ ALPHA,Maruti
2012,15500,Petrol,Manual,First,17.5,85.8,3.75,SWIFT DZIRE VXI,Maruti
2017,12538,Petrol,Automatic,First,18.0,117.3,12.5,CITY I VTEC CVT VX,Honda
2015,62588,Diesel,Manual,First,17.8,97.7,5.95,SWIFT VDI BSIV W ABS,Maruti
2015,44328,Petrol,Manual,First,19.4,86.8,3.8,BRIO S MT,Honda
2014,63000,Diesel,Manual,First,23.59,67.04,4.35,ETIOS LIVA GD,Toyota
2015,100000,Diesel,Automatic,First,13.5,215.0,32.5,XC60 D5,Volvo
2015,103000,Petrol,Manual,First,15.64,64.08,3.0,INDIGO CS EGVX,Tata
2016,50296,Diesel,Automatic,Second,11.36,171.5,19.0,INNOVA CRYSTA 2.8 ZX AT,Toyota
2013,95500,Diesel,Manual,First,20.54,103.6,5.0,VENTO DIESEL HIGHLINE,Volkswagen
2014,72100,Diesel,Manual,First,22.7,89.84,5.45,ECOSPORT 1.5 DV5 MT TITANIUM,Ford
2010,19119,Petrol,Manual,First,18.9,67.1,2.7,WAGON R VXI,Maruti
2006,30000,Petrol,Manual,First,13.0,210.0,10.75,S-CLASS 320 L,Mercedes-Benz
2015,75600,Diesel,Manual,First,20.14,88.8,5.8,POLO 1.5 TDI HIGHLINE,Volkswagen
2007,53000,Petrol,Manual,Second,15.3,65.3,0.95,INDICA GLS BS IV,Tata
2002,53500,Petrol,Manual,Second,16.1,37.0,0.63,800 STD BSIII,Maruti
2018,26101,Diesel,Manual,First,17.1,170.0,17.55,COMPASS 2.0 LONGITUDE,Jeep
2016,7000,Petrol,Manual,First,24.07,67.1,3.0,ALTO K10 LXI OPTIONAL,Maruti
2013,50000,Diesel,Automatic,First,19.3,141.0,15.0,OCTAVIA ELEGANCE 2.0 TDI AT,Skoda
2016,30000,Diesel,Manual,First,26.59,74.0,6.0,SWIFT DZIRE VDI OPTIONAL,Maruti
2016,38151,Diesel,Manual,First,28.09,88.5,7.65,CIAZ VDI PLUS SHVS,Maruti
2009,116000,Diesel,Manual,Second,15.8,170.0,8.5,NEW C-CLASS C 220 CDI CLASSIC,Mercedes-Benz
2013,22000,Diesel,Manual,First,20.0,68.0,2.25,FIGO DIESEL ZXI,Ford
2010,60000,Petrol,Automatic,Second,14.53,138.1,4.65,COROLLA ALTIS VL,Toyota
2016,38000,Diesel,Manual,First,22.7,118.0,7.85,SX4 S CROSS DDIS 320 ZETA,Maruti
2011,51928,Petrol,Manual,First,15.6,70.0,3.46,FIGO PETROL ZXI,Ford
2018,3000,Petrol,Automatic,First,19.0,88.7,8.25,JAZZ EXCLUSIVE CVT,Honda
2006,67196,Petrol,Manual,First,17.3,60.0,1.25,ZEN LXI - BS III,Maruti
2012,100000,Diesel,Manual,Third,11.5,171.0,16.0,FORTUNER 3.0 DIESEL,Toyota
2015,65218,Diesel,Manual,First,26.21,88.5,7.4,CIAZ ZDI PLUS,Maruti
2016,53886,Petrol,Manual,First,25.17,53.3,3.07,KWID RXT,Renault
2011,50058,Petrol,Automatic,First,19.2,80.0,3.84,I10 MAGNA AT,Hyundai
2016,64000,Petrol,Automatic,First,23.1,67.04,4.2,CELERIO ZXI AT OPTIONAL,Maruti
2018,41641,Diesel,Manual,First,21.38,88.7,10.82,CRETA 1.4 E PLUS DIESEL,Hyundai
2016,44345,Diesel,Manual,First,27.3,98.6,6.1,JAZZ 1.5 SV I DTEC,Honda
2011,45501,Petrol,Manual,First,17.0,118.0,3.1,CITY 1.5 S MT,Honda
2001,104000,Petrol,Manual,Third,13.7,85.8,1.0,LANCER 1.5 SFXI,Mitsubishi
2012,50297,Petrol,Manual,First,16.95,97.6,4.69,SUNNY XE P,Nissan
2011,87000,Petrol,Automatic,First,11.7,177.6,5.4,ACCORD 2.4 AT,Honda
2016,120000,Diesel,Manual,First,15.1,140.0,12.0,XUV500 W8 2WD,Mahindra
2018,17000,Petrol,Manual,First,18.6,81.83,6.5,I20 1.2 MAGNA EXECUTIVE,Hyundai
2014,100000,Diesel,Manual,First,23.08,63.1,3.0,MICRA DIESEL XL,Nissan
2015,50979,Petrol,Automatic,First,19.12,91.1,6.9,CIAZ AT ZXI,Maruti
2011,41000,Diesel,Manual,First,20.54,103.6,4.0,VENTO DIESEL TRENDLINE,Volkswagen
2011,24000,Petrol,Manual,First,17.0,80.0,4.25,I20 ASTA,Hyundai
2008,44738,Petrol,Manual,First,14.53,138.1,5.1,COROLLA ALTIS G,Toyota
2014,37298,Diesel,Manual,First,25.1,98.6,4.9,CITY I DTEC VX,Honda
2014,42000,Petrol,Manual,Second,20.4,81.8,3.6,SWIFT VXI BSIV,Maruti
2016,45000,Diesel,Automatic,First,14.21,203.0,34.0,E-CLASS 2009-2013 E250 CDI ELEGANCE,Mercedes-Benz
2015,102000,Diesel,Manual,First,12.99,100.6,8.25,INNOVA 2.5 G (DIESEL) 7 SEATER,Toyota
2011,70000,Petrol,Manual,First,16.1,88.2,1.3,SWIFT LXI BSIII,Maruti
2018,27467,Diesel,Automatic,First,19.27,167.62,39.05,NEW C-CLASS C 220D AVANTGARDE EDITION C,Mercedes-Benz
2015,15305,Petrol,Manual,First,18.9,82.0,3.75,GRAND I10 ASTA,Hyundai
2010,70000,Petrol,Manual,First,18.9,67.1,2.1,WAGON R LXI BS IV,Maruti
2016,36778,Diesel,Manual,First,22.77,98.59,8.8,ECOSPORT 1.5 TDCI TITANIUM,Ford
2015,25845,Petrol,Manual,First,16.47,74.0,5.84,POLO 1.2 MPI COMFORTLINE,Volkswagen
2018,33858,Petrol,Automatic,First,17.01,121.3,9.03,VERNA 1.6 VTVT AT SX,Hyundai
2017,12000,Petrol,Automatic,Second,24.04,67.0,3.25,KWID AMT RXL,Renault
2013,33709,Petrol,Automatic,First,16.5,86.8,4.9,BRIO S OPTION AT,Honda
2018,32709,Petrol,Manual,First,18.16,86.8,6.46,FIGO ASPIRE 1.2 TI-VCT TITANIUM,Ford
2014,72000,Diesel,Manual,Second,11.5,171.0,18.5,FORTUNER 3.0 DIESEL,Toyota
2013,31000,Diesel,Manual,First,25.0,69.01,2.7,INDIGO ECS ELX BS IV,Tata
2016,70000,Diesel,Manual,First,25.83,99.0,4.6,FIGO 2015-2019 1.5D AMBIENTE MT,Ford
2014,61000,Diesel,Manual,First,23.4,74.0,5.35,SWIFT DZIRE VDI,Maruti
2011,72000,Diesel,Manual,First,23.08,63.1,2.3,MICRA DIESEL XV PRIMO,Nissan
2016,49000,Diesel,Automatic,First,19.3,141.0,15.45,OCTAVIA STYLE PLUS 2.0 TDI AT,Skoda
2014,42939,Diesel,Automatic,First,16.96,138.03,12.49,JETTA 2013-2015 2.0L TDI HIGHLINE AT,Volkswagen
2016,32545,Diesel,Automatic,First,12.07,97.7,48.76,Q7 35 TDI QUATTRO TECHNOLOGY,Audi
2011,54000,Petrol,Manual,First,17.0,80.0,3.2,I20 1.2 SPORTZ,Hyundai
2012,76000,Diesel,Automatic,First,16.07,181.0,8.75,3 SERIES 320D CORPORATE EDITION,BMW
2015,27000,Diesel,Manual,First,21.19,88.73,5.99,I20 ACTIVE 1.4 SX DUAL TONE,Hyundai
2005,120000,Diesel,Manual,Second,12.7,116.6,2.9,SCORPIO 2.6 DX,Mahindra
2012,125000,Petrol,Automatic,First,10.5,97.7,18.0,A4 3.2 FSI TIPTRONIC QUATTRO,Audi
2011,37000,Diesel,Manual,First,20.0,68.05,1.8,FIGO DIESEL EXI,Ford
2012,42000,Petrol,Manual,First,9.8,180.0,6.25,ACCORD 2.4 INSPIRE M/T,Honda
2013,60000,Diesel,Manual,First,21.9,88.76,5.45,I20 SPORTZ 1.4 CRDI,Hyundai
2018,3000,Diesel,Automatic,First,16.36,187.7,52.5,XF 2.2 LITRE LUXURY,Jaguar
2013,44000,Petrol,Automatic,First,17.1,121.4,5.6,VERNA 1.6 SX VTVT (O) AT,Hyundai
2014,37000,Petrol,Manual,First,17.4,117.3,6.45,CITY I VTEC VX OPTION,Honda
2012,50000,Petrol,Manual,First,18.5,82.85,3.7,I20 ASTA OPTIONAL WITH SUNROOF 1.2,Hyundai
2013,58581,Petrol,Manual,First,19.4,86.8,3.49,BRIO S MT,Honda
2013,25500,Diesel,Manual,First,21.9,88.76,3.55,I20 SPORTZ 1.4 CRDI,Hyundai
2017,25000,Petrol,Manual,First,10.4,163.5,9.0,GRAND VITARA 2.4 MT,Maruti
2011,53766,Petrol,Manual,First,19.0,66.1,2.7,A-STAR VXI,Maruti
2011,45271,Diesel,Manual,First,20.3,97.7,2.6,PUNTO 1.3 EMOTION,Fiat
2006,68000,Petrol,Manual,First,19.7,46.3,1.5,ALTO LXI,Maruti
2017,40000,Diesel,Manual,First,16.0,140.0,15.9,XUV500 W10 2WD,Mahindra
2013,73212,Diesel,Manual,First,22.9,74.0,5.2,SWIFT RS VDI,Maruti
2014,69000,Diesel,Automatic,First,17.05,184.0,16.25,X1 SDRIVE20D,BMW
2007,61932,Diesel,Automatic,Second,14.3,140.0,3.31,PASSAT 2.0 PD DSG,Volkswagen
2012,52000,Diesel,Automatic,First,16.09,184.0,24.0,X3 XDRIVE20D,BMW
2011,53000,Petrol,Manual,First,18.5,85.8,2.5,RITZ VXI,Maruti
2013,70933,Diesel,Manual,Second,21.9,88.76,3.9,I20 SPORTZ 1.4 CRDI,Hyundai
2013,115195,Diesel,Manual,First,25.2,74.0,3.85,SWIFT VDI BSIV,Maruti
2011,62148,Petrol,Manual,First,11.7,178.0,8.8,NEW C-CLASS 200 KOMPRESSOR,Mercedes-Benz
2009,32000,Petrol,Manual,Second,14.28,138.03,4.95,COROLLA ALTIS 1.8 GL,Toyota
2014,58000,Diesel,Manual,First,22.32,126.32,5.75,VERNA 1.6 SX CRDI (O),Hyundai
2014,68598,Diesel,Manual,First,19.01,108.45,6.17,DUSTER 110PS DIESEL RXZ,Renault
2010,84072,Diesel,Manual,First,17.8,75.0,3.45,SWIFT LDI BSIII,Maruti
2016,51264,Petrol,Manual,First,24.07,67.1,3.2,ALTO K10 VXI,Maruti
2017,21363,Petrol,Automatic,First,13.0,121.3,13.49,CRETA 1.6 SX PLUS PETROL AUTOMATIC,Hyundai
2016,40000,Petrol,Automatic,First,15.04,183.0,24.5,CLA 200 CGI SPORT,Mercedes-Benz
2015,35000,Petrol,Automatic,First,10.1,152.0,14.7,CR-V 2.4 4WD AT,Honda
2014,55000,Diesel,Manual,First,22.7,89.84,6.0,ECOSPORT 1.5 DV5 MT TREND,Ford
2016,43252,Diesel,Automatic,First,13.0,204.0,34.18,E-CLASS 2015-2017 E250 CDI AVANTGARDE,Mercedes-Benz
2014,42000,Diesel,Manual,First,24.0,70.0,3.5,GRAND I10 CRDI MAGNA,Hyundai
2006,69000,Petrol,Manual,First,16.6,68.0,2.15,FIESTA 1.4 DURATEC ZXI,Ford
2018,14000,Diesel,Automatic,First,17.6,126.2,11.25,CRETA 1.6 SX AUTOMATIC DIESEL,Hyundai
2010,70000,Petrol,Manual,First,19.0,66.1,2.0,A-STAR LXI,Maruti
2015,35314,Diesel,Manual,First,23.2,73.94,4.27,RITZ LDI,Maruti
2017,38691,Petrol,Manual,First,17.8,117.3,7.68,CITY I VTEC SV,Honda
2017,72717,Diesel,Manual,First,12.99,100.6,14.52,INNOVA 2.5 GX (DIESEL) 7 SEATER,Toyota
2011,82000,Petrol,Automatic,Second,11.8,97.7,16.85,R-CLASS R350 4MATIC LONG,Mercedes-Benz
2015,44000,Diesel,Manual,First,21.14,103.52,5.75,RAPID 1.5 TDI ELEGANCE,Skoda
2017,27000,Petrol,Manual,First,15.8,110.0,8.3,ECOSPORT 1.5 TI VCT MT TITANIUM,Ford
2014,18500,Petrol,Automatic,First,23.1,67.04,3.95,CELERIO VXI AT,Maruti
2014,45000,Petrol,Manual,First,15.04,103.6,4.8,VENTO PETROL HIGHLINE,Volkswagen
2011,53000,Diesel,Automatic,First,13.5,215.0,12.0,XC60 D5,Volvo
2017,42000,Diesel,Manual,First,23.59,67.04,6.25,ETIOS CROSS 1.4 GD,Toyota
2012,90000,Diesel,Manual,First,19.4,70.0,2.5,INDICA VISTA TDI LX,Tata
2014,82329,Petrol,Automatic,First,18.0,117.3,7.5,CITY I VTEC CVT VX,Honda
2010,80302,Petrol,Manual,First,17.0,118.0,3.5,CITY 1.5 V MT,Honda
2005,105000,Diesel,Manual,First,18.7,66.0,1.99,OCTAVIA RIDER CLASSIC 1.9 TDI,Skoda
2009,60000,Petrol,Manual,First,14.53,138.0,2.25,COROLLA 1.8 J,Toyota
2014,70000,Petrol,Manual,First,16.78,88.73,3.25,ETIOS G,Toyota
2016,45000,Diesel,Automatic,First,17.05,184.0,28.5,X1 SDRIVE20D,BMW
2006,44000,Petrol,Automatic,First,16.4,78.0,1.5,CITY ZX CVT,Honda
2017,25500,Diesel,Manual,First,22.54,88.73,7.0,I20 SPORTZ 1.4 CRDI,Hyundai
2014,68000,Diesel,Automatic,First,13.0,97.7,27.5,E-CLASS E350 CDI,Mercedes-Benz
2015,61786,Diesel,Manual,First,19.67,126.2,10.5,CRETA 1.6 CRDI SX OPTION,Hyundai
2014,65000,Diesel,Automatic,Second,15.73,174.33,21.5,Q3 2012-2015 2.0 TDI QUATTRO PREMIUM PLUS,Audi
2016,77000,Diesel,Automatic,First,12.63,147.5,35.0,ROVER DISCOVERY SPORT TD4 HSE,Land
2015,34000,Diesel,Automatic,First,21.66,103.52,7.99,RAPID 1.5 TDI AT ELEGANCE PLUS,Skoda
2015,59751,Petrol,Automatic,First,23.1,67.04,4.88,CELERIO VXI AT,Maruti
2013,23312,Petrol,Automatic,First,11.05,97.7,40.5,RS5 COUPE,Audi
2015,30000,Petrol,Manual,First,20.73,91.1,6.55,CIAZ ZXI PLUS,Maruti
2015,60146,Diesel,Automatic,First,14.16,174.3,29.64,Q5 2.0 TDI PREMIUM PLUS,Audi
2013,44731,Diesel,Manual,Second,20.0,68.0,4.34,FIGO DIESEL TITANIUM,Ford
2014,43316,Petrol,Manual,First,18.88,123.37,6.22,ECOSPORT 1.0 ECOBOOST TITANIUM,Ford
2009,92000,Petrol,Manual,Second,17.0,118.0,2.25,CITY 1.5 S MT,Honda
2015,50000,Diesel,Automatic,First,16.36,187.7,38.0,XF 2.2 LITRE LUXURY,Jaguar
2008,69000,Petrol,Manual,Second,20.4,81.8,2.15,SWIFT VXI BSIV,Maruti
2014,60280,Diesel,Automatic,First,22.48,190.0,22.45,5 SERIES 520D LUXURY LINE,BMW
2017,48161,Diesel,Automatic,First,15.0,107.3,20.87,B CLASS B200 CDI,Mercedes-Benz
2013,41000,Petrol,Manual,First,19.4,86.8,3.1,BRIO S MT,Honda
2016,6000,Petrol,Manual,First,18.6,81.83,5.95,I20 SPORTZ 1.2,Hyundai
2006,53000,Diesel,Manual,Second,16.8,68.0,0.86,INDICA V2 DLG TC,Tata
2010,76000,Diesel,Manual,First,11.5,171.0,9.25,FORTUNER 3.0 DIESEL,Toyota
2011,15590,Petrol,Manual,First,19.81,68.05,2.25,I10 SPORTZ 1.1L,Hyundai
2016,69681,Petrol,Manual,First,17.0,80.0,6.13,I20 1.2 SPORTZ OPTION,Hyundai
2006,70362,Petrol,Manual,Second,15.4,97.7,1.81,BALENO LXI - BSIII,Maruti
2014,49112,Petrol,Automatic,Second,15.5,86.7,3.79,AMAZE S AT I-VTECH,Honda
2017,25000,Diesel,Automatic,First,13.33,97.7,160.0,ROVER RANGE ROVER 3.0 DIESEL LWB VOGUE,Land
2011,74000,Diesel,Manual,First,23.59,97.7,3.6,ETIOS LIVA GD,Toyota
2013,15200,Petrol,Automatic,Second,16.95,78.9,3.85,I10 SPORTZ 1.2 AT,Hyundai
2013,86300,Diesel,Manual,First,22.07,73.9,4.5,POLO DIESEL TRENDLINE 1.2L,Volkswagen
2018,26731,Petrol,Manual,First,21.1,100.0,8.61,BALENO RS PETROL,Maruti
2016,74000,Diesel,Manual,First,21.9,88.76,6.5,I20 SPORTZ 1.4 CRDI,Hyundai
2005,83929,Petrol,Automatic,First,11.3,125.0,2.6,COROLLA H4,Toyota
2015,65000,Diesel,Manual,First,12.99,100.6,15.0,INNOVA 2.5 VX (DIESEL) 7 SEATER,Toyota
2017,20000,Petrol,Automatic,First,23.1,67.04,4.7,CELERIO VXI AT OPTIONAL,Maruti
2015,122086,Diesel,Automatic,First,19.3,141.0,12.99,OCTAVIA ELEGANCE 2.0 TDI AT,Skoda
2018,35442,Petrol,Manual,First,17.3,117.3,7.32,MOBILIO S I VTEC,Honda
2015,62542,Diesel,Manual,Second,23.9,126.2,6.5,VERNA 1.6 CRDI SX,Hyundai
2012,26671,Petrol,Manual,Second,17.0,118.0,5.67,CITY 1.5 S MT,Honda
2014,83500,Diesel,Manual,Second,19.68,67.0,3.0,CLASSIC 1.4 DURATORQ TITANIUM,Ford
2015,46166,Diesel,Manual,Second,26.21,88.5,5.5,CIAZ ZDI,Maruti
2015,25200,Petrol,Manual,First,18.9,67.1,3.35,WAGON R VXI BS IV,Maruti
2015,35463,Diesel,Automatic,First,14.94,97.7,25.02,A4 3.0 TDI QUATTRO,Audi
2017,23249,Petrol,Automatic,First,19.16,175.67,26.11,CAMRY HYBRID 2.5,Toyota
2016,40310,Petrol,Manual,First,18.6,81.83,7.09,I20 ASTA 1.2,Hyundai
2012,82069,CNG,Manual,First,21.4,103.3,2.65,SX4 GREEN VXI (CNG),Maruti
2018,10000,Petrol,Manual,First,18.9,81.86,6.5,GRAND I10 1.2 KAPPA ASTA,Hyundai
2012,94000,Diesel,Manual,First,22.07,73.9,4.5,POLO DIESEL TRENDLINE 1.2L,Volkswagen
2016,45000,Diesel,Automatic,First,15.97,97.7,57.0,X5 XDRIVE 30D M SPORT,BMW
2012,52818,Petrol,Manual,First,16.47,73.9,3.82,POLO PETROL COMFORTLINE 1.2L,Volkswagen
2013,61238,Diesel,Manual,First,20.45,83.8,5.25,DUSTER 85PS DIESEL RXE,Renault
2016,54253,Petrol,Automatic,First,14.67,177.46,16.81,SUPERB STYLE 1.8 TSI AT,Skoda
2013,71000,Diesel,Automatic,First,14.16,174.3,21.5,Q5 2.0 TDI,Audi
2017,20000,Diesel,Manual,First,27.39,74.0,8.5,BALENO DELTA 1.3,Maruti
2013,75000,Petrol,Manual,First,16.47,73.9,3.25,POLO PETROL COMFORTLINE 1.2L,Volkswagen
2019,11827,Diesel,Automatic,First,13.5,175.56,27.11,PAJERO SPORT 4X4 AT,Mitsubishi
2015,51579,Petrol,Manual,First,20.73,91.1,5.95,CIAZ VXI PLUS,Maruti
2015,65178,Diesel,Manual,First,19.87,83.8,6.79,DUSTER 85PS DIESEL RXL OPTION,Renault
2016,25350,Petrol,Manual,First,21.1,55.2,2.55,EON D LITE PLUS OPTION,Hyundai
2008,92000,Petrol,Manual,Second,10.8,152.0,3.7,CR-V 2.4 MT,Honda
2014,45000,Petrol,Manual,Second,17.01,121.3,6.75,VERNA 1.6 SX VTVT,Hyundai
2015,46000,Petrol,Manual,First,14.28,138.03,6.95,COROLLA ALTIS JS MT,Toyota
2011,79940,Petrol,Manual,First,15.5,103.3,2.78,SX4 ZXI MT BSIV,Maruti
2016,28851,Petrol,Manual,First,16.47,73.9,6.18,POLO PETROL COMFORTLINE 1.2L,Volkswagen
2015,63000,Diesel,Automatic,First,14.16,174.3,36.0,Q5 30 TDI QUATTRO PREMIUM PLUS,Audi
2012,77283,Petrol,Manual,First,17.0,118.0,5.81,CITY 1.5 V MT,Honda
2014,38958,Petrol,Manual,First,22.5,67.04,3.41,WAGON R VXI,Maruti
2018,8900,Diesel,Automatic,First,13.5,175.56,26.5,PAJERO SPORT 4X4 AT,Mitsubishi
2015,38000,Petrol,Automatic,First,14.7,177.5,16.0,OCTAVIA ELEGANCE 1.8 TSI AT,Skoda
2017,44887,Diesel,Manual,First,19.67,126.2,12.13,CRETA 1.6 CRDI SX OPTION,Hyundai
2009,85000,Petrol,Manual,Second,19.7,46.3,1.8,ALTO LXI BSIII,Maruti
2013,100000,Petrol,Manual,First,16.8,116.3,6.25,CITY V MT,Honda
2016,26239,Petrol,Manual,First,22.7,53.0,2.75,REDI-GO S,Datsun
2011,97000,Diesel,Manual,First,17.67,138.08,6.0,YETI AMBITION 4WD,Skoda
2013,28000,Petrol,Automatic,First,14.8,120.7,11.56,B CLASS B180,Mercedes-Benz
2014,20364,Petrol,Automatic,Second,17.21,103.6,5.2,POLO GT TSI,Volkswagen
2014,64637,Diesel,Manual,First,22.77,98.59,7.52,ECOSPORT 1.5 TDCI TITANIUM,Ford
2017,15731,Petrol,Manual,First,15.29,121.3,12.49,CRETA 1.6 SX PLUS DUAL TONE PETROL,Hyundai
2019,56251,Diesel,Manual,First,14.24,174.5,35.82,FORTUNER 2.8 2WD MT,Toyota
2017,28000,Petrol,Manual,First,20.85,83.14,6.25,SWIFT DZIRE ZXI,Maruti
2015,20045,Petrol,Manual,First,17.0,80.0,6.22,I20 1.2 ASTA WITH AVN,Hyundai
2016,34004,Petrol,Manual,First,15.4,117.3,8.02,BR-V I-VTEC S MT,Honda
2014,21000,Petrol,Manual,First,23.1,67.04,3.75,CELERIO ZXI,Maruti
2009,68001,Petrol,Automatic,Second,10.93,97.7,11.75,E-CLASS 2009-2013 E350 PETROL,Mercedes-Benz
2012,31000,Petrol,Manual,First,20.36,78.9,2.25,I10 MAGNA 1.2 ITECH SE,Hyundai
2013,8950,Petrol,Manual,First,17.71,78.9,3.55,ETIOS LIVA V,Toyota
2017,43477,Diesel,Automatic,First,15.0,204.0,38.15,E-CLASS 2015-2017 E250 EDITION E,Mercedes-Benz
2015,20000,Petrol,Manual,First,21.1,55.2,2.66,EON D LITE PLUS,Hyundai
2014,47200,CNG,Manual,First,18.15,67.04,2.85,WAGON R CNG LXI,Maruti
2011,60000,Petrol,Manual,First,17.0,118.0,4.95,CITY 1.5 S MT,Honda
2003,111000,Petrol,Automatic,First,13.0,210.0,6.5,S-CLASS 280 AT,Mercedes-Benz
2016,52000,Diesel,Manual,Second,25.0,69.01,2.4,INDIGO CS EVX,Tata
2016,26000,Petrol,Manual,First,15.29,121.3,12.5,CRETA 1.6 VTVT S,Hyundai
2013,32425,Petrol,Manual,First,20.51,67.04,3.0,WAGON R LXI BS IV,Maruti
2017,54758,Diesel,Manual,First,28.4,73.75,6.67,DZIRE VDI,Maruti
2008,59833,Petrol,Manual,Fourth & Above,13.8,70.0,1.97,IKON 1.3 FLAIR,Ford
2013,30000,Petrol,Manual,First,16.47,73.9,2.8,POLO PETROL COMFORTLINE 1.2L,Volkswagen
2011,40496,Petrol,Manual,First,20.36,78.9,2.65,I10 MAGNA 1.2,Hyundai
2014,45000,Diesel,Manual,First,18.2,73.74,4.75,ENJOY 1.3 TCDI LTZ 8,Chevrolet
2003,75000,Diesel,Automatic,Second,18.15,97.7,16.11,ROVER RANGE ROVER 3.0 D,Land
2011,34000,Petrol,Automatic,Second,10.5,157.7,19.0,E-CLASS 200 KOMPRESSOR ELEGANCE,Mercedes-Benz
2012,62000,Diesel,Manual,First,17.8,75.0,4.5,SWIFT VDI BSIII,Maruti
2012,123600,Diesel,Manual,First,15.1,140.0,8.25,XUV500 W8 4WD,Mahindra
2014,80102,Petrol,Manual,First,17.71,78.9,3.5,ETIOS LIVA G,Toyota
2013,55000,Diesel,Manual,First,15.1,140.0,8.5,XUV500 W8 4WD,Mahindra
2015,48200,Petrol,Manual,First,15.29,121.3,9.0,CRETA 1.6 VTVT S,Hyundai
2014,90000,Diesel,Manual,First,26.0,98.6,6.75,CITY I DTEC SV,Honda
2014,123900,Diesel,Manual,First,19.3,73.9,5.4,SWIFT DZIRE VDI,Maruti
2015,13008,Petrol,Manual,First,20.51,67.04,3.5,WAGON R LXI BS IV,Maruti
2012,60500,Petrol,Manual,First,21.1,55.2,2.6,EON ERA PLUS,Hyundai
2017,53841,Diesel,Automatic,First,11.36,171.5,20.5,INNOVA CRYSTA 2.8 ZX AT,Toyota
2017,47183,Petrol,Manual,Second,15.8,121.3,11.31,CRETA 1.6 SX OPTION,Hyundai
2018,10000,Petrol,Manual,First,20.51,67.04,4.5,WAGON R VXI PLUS,Maruti
2015,45000,Diesel,Automatic,First,11.3,97.7,56.0,GL-CLASS 350 CDI BLUE EFFICIENCY,Mercedes-Benz
2017,3923,Petrol,Manual,First,23.1,67.04,5.2,CELERIO VXI,Maruti
2011,85000,Diesel,Manual,First,12.05,120.0,5.25,SCORPIO SLE BSIV,Mahindra
2018,6279,Petrol,Manual,First,22.7,53.64,3.6,REDI-GO T OPTION,Datsun
2014,74500,Diesel,Manual,First,21.2,75.0,3.3,GRANDE PUNTO EVO 1.3 ACTIVE,Fiat
2013,42000,Diesel,Manual,First,22.7,126.24,5.85,ELANTRA CRDI SX,Hyundai
2014,56510,Petrol,Manual,First,19.1,85.8,3.9,SWIFT DZIRE LXI,Maruti
2009,88000,Diesel,Automatic,First,16.55,140.0,7.98,A4 2.0 TDI MULTITRONIC,Audi
2014,36631,Petrol,Automatic,First,16.5,86.8,4.3,BRIO VX AT,Honda
2011,34000,Petrol,Manual,First,18.9,67.1,2.25,WAGON R LXI BS IV,Maruti
2013,49000,Petrol,Manual,First,19.81,68.05,3.2,I10 MAGNA 1.1,Hyundai
2012,65254,Diesel,Manual,First,22.32,126.32,6.55,VERNA 1.6 SX,Hyundai
2014,95000,Diesel,Manual,Second,22.32,126.32,6.9,VERNA 1.6 SX,Hyundai
2009,83000,Diesel,Manual,First,23.2,73.94,2.95,RITZ VDI,Maruti
2017,101065,Diesel,Manual,First,20.5,126.2,11.45,CRETA 1.6 SX OPTION DIESEL,Hyundai
2017,15134,Petrol,Manual,First,21.4,83.1,6.37,BALENO DELTA,Maruti
2011,72000,Diesel,Manual,First,22.32,126.3,5.0,VERNA 1.6 CRDI,Hyundai
2012,120000,Diesel,Manual,Second,22.3,74.0,2.6,INDICA VISTA QUADRAJET VX,Tata
2010,45000,Petrol,Manual,First,18.5,80.0,1.9,I20 1.2 MAGNA,Hyundai
2015,54996,Diesel,Automatic,First,17.85,97.7,60.95,PANAMERA DIESEL,Porsche
2017,22874,Petrol,Manual,First,15.1,73.0,4.44,EECO SMILES 5 SEATER AC,Maruti
2012,58000,Diesel,Automatic,Second,22.69,190.0,15.3,3 SERIES 320D SPORT,BMW
2016,86000,Diesel,Manual,Second,25.47,88.5,8.2,ERTIGA VDI,Maruti
2014,69000,Petrol,Automatic,First,16.9,81.86,5.25,XCENT 1.2 KAPPA AT S OPTION,Hyundai
2016,55001,Petrol,Automatic,Second,16.93,103.2,8.5,VENTO 1.2 TSI HIGHLINE AT,Volkswagen
2015,28000,Diesel,Automatic,First,15.73,174.33,23.75,Q3 35 TDI QUATTRO PREMIUM,Audi
2013,53213,Petrol,Manual,First,19.81,68.05,2.74,I10 MAGNA 1.1,Hyundai
2016,44340,Diesel,Automatic,First,16.96,138.03,13.83,JETTA 2013-2015 2.0L TDI HIGHLINE AT,Volkswagen
2017,16900,Petrol,Manual,First,21.1,100.0,6.99,BALENO RS 1.0 PETROL,Maruti
2009,57000,Petrol,Manual,First,19.81,68.05,2.25,I10 ERA,Hyundai
2013,83165,Diesel,Manual,First,12.8,102.0,11.49,INNOVA 2.5 G4 DIESEL 8-SEATER,Toyota
2012,24735,Petrol,Manual,Second,18.6,79.4,2.87,BEAT LT,Chevrolet
2005,65175,Diesel,Manual,First,12.8,102.0,3.25,INNOVA 2.5 G3,Toyota
2009,60000,Petrol,Manual,Second,9.8,180.0,3.5,ACCORD 2.4 INSPIRE M/T,Honda
2017,60357,Diesel,Manual,First,25.32,77.0,4.49,KUV 100 MFALCON D75 K4 PLUS,Mahindra
2011,77000,Diesel,Manual,First,22.07,73.9,2.9,POLO DIESEL TRENDLINE 1.2L,Volkswagen
2014,85301,Petrol,Manual,First,12.4,132.0,12.36,INNOVA 2.0 GX 8 STR,Toyota
2011,50000,Diesel,Automatic,First,11.79,120.0,6.0,SCORPIO VLX AT AIRBAG BSIV,Mahindra
2010,58000,Diesel,Automatic,First,16.46,97.7,31.0,7 SERIES 730LD SEDAN,BMW
2015,39000,Diesel,Manual,First,25.6,98.6,5.49,CITY I-DTEC SV,Honda
2015,46190,Diesel,Manual,First,22.07,73.9,5.86,POLO DIESEL COMFORTLINE 1.2L,Volkswagen
2015,83000,Diesel,Manual,First,16.0,140.0,9.0,XUV500 W8 2WD,Mahindra
2016,33000,Petrol,Manual,First,16.09,103.5,7.7,VENTO 1.6 HIGHLINE,Volkswagen
2017,27279,Petrol,Manual,First,17.4,117.3,9.47,CITY I VTEC V,Honda
2014,53900,Diesel,Automatic,First,14.16,174.3,29.0,Q5 2.0 TDI PREMIUM PLUS,Audi
2012,63998,Petrol,Automatic,First,17.0,118.0,5.42,CITY 1.5 V AT EXCLUSIVE,Honda
2016,57932,Petrol,Manual,First,20.4,81.8,6.39,SWIFT VXI BSIV,Maruti
2015,25000,Petrol,Manual,First,22.74,47.3,2.75,ALTO 800 LXI,Maruti
2011,53000,Diesel,Manual,First,20.0,68.0,2.5,FIGO DIESEL TITANIUM,Ford
2012,53000,Petrol,Manual,First,17.92,62.1,2.35,SANTRO XING GL PLUS,Hyundai
2015,43053,Petrol,Manual,First,18.9,67.1,4.65,WAGON R VXI,Maruti
2014,75000,Diesel,Manual,First,26.0,98.6,6.0,CITY I DTEC SV,Honda
2012,89000,Petrol,Manual,Second,16.8,116.3,3.5,CITY V MT AVN,Honda
2014,75578,Diesel,Manual,First,25.1,98.6,7.0,CITY I DTEC VX,Honda
2014,46676,Petrol,Manual,First,17.0,121.3,7.75,VERNA VTVT 1.6 SX,Hyundai
2014,51349,Petrol,Manual,First,24.07,67.1,2.93,ALTO K10 LXI,Maruti
2014,34233,Diesel,Automatic,First,14.21,203.0,22.5,E-CLASS 2009-2013 E250 CDI AVANTGARDE,Mercedes-Benz
2014,39626,Diesel,Automatic,First,11.2,97.7,40.66,X6 XDRIVE30D,BMW
2008,82500,Petrol,Manual,First,14.0,64.0,1.75,WAGON R LXI BSIII,Maruti
2015,63000,Diesel,Manual,Second,19.72,108.45,8.2,DUSTER RXZ AWD,Renault
2011,77001,Diesel,Manual,First,12.05,120.0,4.49,SCORPIO VLX 2.2 MHAWK AIRBAG BSIV,Mahindra
2016,43000,Diesel,Automatic,First,10.91,197.2,26.5,ENDEAVOUR 3.2 TREND AT 4X4,Ford
2011,61111,Petrol,Manual,First,19.0,67.1,2.6,ZEN ESTILO LXI BS IV,Maruti
2005,79000,Petrol,Manual,Second,17.0,97.7,1.65,SANTRO XING XG,Hyundai
2011,43000,Petrol,Manual,First,20.36,78.9,2.49,I10 ASTA,Hyundai
2013,47000,Petrol,Automatic,First,16.5,86.8,5.4,BRIO VX AT,Honda
2017,34000,Petrol,Automatic,First,20.51,67.0,4.35,WAGON R AMT VXI,Maruti
2018,22060,Diesel,Automatic,First,18.51,147.51,32.73,Q3 30 TDI PREMIUM FWD,Audi
2012,63000,Diesel,Automatic,First,18.15,165.0,26.0,M-CLASS ML 350 4MATIC,Mercedes-Benz
2011,80000,Petrol,Manual,First,18.9,67.1,2.5,WAGON R LXI,Maruti
2015,13506,Diesel,Automatic,First,18.25,187.74,21.66,A4 35 TDI PREMIUM PLUS,Audi
2016,16000,Petrol,Manual,First,25.17,53.3,2.99,KWID RXT OPTIONAL,Renault
2016,31006,Petrol,Manual,First,24.7,47.3,2.61,ALTO 800 2016-2019 VXI,Maruti
2013,91200,Diesel,Manual,First,12.99,100.0,8.25,INNOVA 2.5 GX (DIESEL) 8 SEATER,Toyota
2015,43000,Petrol,Automatic,First,14.53,138.1,12.5,COROLLA ALTIS 2008-2013 1.8 VL AT,Toyota
2015,45000,Diesel,Manual,First,25.83,99.0,5.5,FIGO 2015-2019 1.5D TITANIUM PLUS MT,Ford
2014,28637,Petrol,Manual,First,19.4,86.8,5.53,BRIO S MT,Honda
2004,69870,Petrol,Manual,Second,14.2,92.0,1.1,IKON 1.6 ZXI NXT,Ford
2014,84000,Diesel,Manual,First,12.05,120.0,6.85,SCORPIO 2009-2014 LX 2WD 7S,Mahindra
2007,84143,Petrol,Manual,First,13.0,210.0,17.09,S-CLASS 320 L,Mercedes-Benz
2012,77000,Diesel,Manual,Second,12.05,120.0,4.93,SCORPIO SLE BSIV,Mahindra
2012,75000,Diesel,Automatic,Second,12.39,147.51,17.5,ROVER FREELANDER 2 SE,Land
2011,76155,Petrol,Manual,First,18.6,79.4,1.95,BEAT LS,Chevrolet
2014,98000,Diesel,Manual,First,22.9,74.0,6.1,SWIFT ZDI,Maruti
2008,48233,Petrol,Manual,Second,13.4,125.0,1.8,COROLLA H2,Toyota
2015,63000,Diesel,Automatic,First,13.22,97.7,34.5,Q5 3.0 TDI QUATTRO,Audi
2015,34063,Petrol,Manual,First,21.1,55.2,4.01,EON ERA PLUS,Hyundai
2013,32576,Petrol,Manual,First,19.5,88.76,3.15,AMAZE S PETROL,Honda
2015,28843,Petrol,Automatic,First,17.01,110.5,5.49,FIGO ASPIRE 1.5 TI-VCT TITANIUM,Ford
2016,26000,Diesel,Automatic,Second,19.6,108.45,10.0,DUSTER 110PS DIESEL RXL AMT,Renault
2013,39000,Petrol,Automatic,First,15.6,116.3,4.55,CITY V AT,Honda
2010,66000,Petrol,Manual,First,19.7,46.3,1.5,ALTO LXI,Maruti
2011,38002,Petrol,Manual,First,20.36,78.9,2.15,I10 MAGNA 1.2,Hyundai
2010,49000,Petrol,Manual,Second,18.0,62.0,1.4,SPARK 1.0 LS,Chevrolet
2014,52000,Diesel,Manual,First,21.14,103.6,6.2,RAPID 1.5 TDI AMBITION PLUS,Skoda
2013,56500,Diesel,Automatic,First,17.68,174.33,19.8,A6 2011-2015 2.0 TDI PREMIUM PLUS,Audi
2015,20568,Petrol,Manual,First,18.7,88.7,5.6,JAZZ 1.2 V I VTEC,Honda
2015,26000,Petrol,Manual,First,15.29,121.3,9.5,CRETA 1.6 SX PLUS DUAL TONE PETROL,Hyundai
2012,56000,Petrol,Manual,First,18.6,79.4,2.21,BEAT LS,Chevrolet
2017,27509,Petrol,Manual,First,22.7,53.64,3.31,REDI-GO T OPTION,Datsun
2016,36216,Petrol,Manual,First,19.1,81.86,5.44,XCENT 1.2 KAPPA S OPTION,Hyundai
2009,28888,Petrol,Automatic,First,10.0,157.7,7.56,E-CLASS 230 E AT,Mercedes-Benz
2011,120000,Diesel,Manual,Second,22.9,74.0,3.2,SWIFT ZDI,Maruti
2018,31396,Petrol,Manual,First,23.1,67.04,5.53,CELERIO ZXI,Maruti
2015,79000,Diesel,Automatic,First,19.3,141.0,17.0,OCTAVIA ELEGANCE 2.0 TDI AT,Skoda
2010,62000,Petrol,Automatic,First,16.8,118.0,3.55,CITY 1.5 V AT,Honda
2006,120000,Petrol,Automatic,Second,9.0,218.0,2.65,ACCORD V6 AT,Honda
2016,53000,Petrol,Automatic,First,14.67,177.46,17.85,SUPERB STYLE 1.8 TSI AT,Skoda
2010,124313,Diesel,Manual,First,12.99,100.6,7.96,INNOVA 2.5 G (DIESEL) 8 SEATER,Toyota
2015,26725,Petrol,Automatic,First,23.1,67.04,4.25,CELERIO VXI AT,Maruti
2014,45617,Diesel,Manual,First,20.77,88.76,5.85,ERTIGA VDI,Maruti
2013,37000,Diesel,Automatic,First,20.0,107.3,13.0,A CLASS A180 CDI,Mercedes-Benz
2010,109147,Diesel,Manual,First,14.0,112.0,2.65,XYLO E2,Mahindra
2014,59000,Diesel,Manual,First,25.8,98.6,4.75,AMAZE E I-DTECH,Honda
2015,28000,Petrol,Manual,First,25.17,53.3,2.65,KWID RXT,Renault
2017,4700,Petrol,Manual,First,25.17,53.3,3.0,KWID RXT,Renault
2014,72469,Diesel,Automatic,First,12.07,97.7,32.52,Q7 3.0 TDI QUATTRO PREMIUM PLUS,Audi
2014,57539,Diesel,Automatic,First,22.32,126.32,7.75,VERNA 1.6 SX CRDI (O) AT,Hyundai
2016,42000,Diesel,Automatic,First,11.36,171.5,19.6,INNOVA CRYSTA 2.8 ZX AT,Toyota
2010,62489,Petrol,Manual,First,17.0,80.0,2.6,I20 SPORTZ OPTION,Hyundai
2013,51167,Petrol,Manual,First,16.47,73.9,3.76,POLO PETROL COMFORTLINE 1.2L,Volkswagen
2012,130000,Diesel,Manual,First,20.54,103.6,4.75,VENTO DIESEL TRENDLINE,Volkswagen
2007,63000,Petrol,Manual,Second,17.7,78.0,1.75,CITY ZX GXI,Honda
2011,60000,Petrol,Manual,First,16.2,103.2,3.95,VERNA TRANSFORM XXI ABS,Hyundai
2005,123200,Petrol,Manual,Second,13.2,94.0,1.0,ACCENT GLE,Hyundai
2011,115692,Diesel,Automatic,First,20.0,138.1,4.5,LAURA AMBIENTE 2.0 TDI CR AT,Skoda
2011,87073,Petrol,Automatic,First,10.93,204.0,17.23,E-CLASS 2009-2013 E 250 ELEGANCE,Mercedes-Benz
2015,40901,Petrol,Manual,First,18.6,81.83,5.76,I20 SPORTZ 1.2,Hyundai
2013,36264,Petrol,Manual,First,20.36,78.9,4.32,I10 MAGNA 1.2,Hyundai
2009,60000,Petrol,Manual,Second,19.81,68.05,1.9,I10 MAGNA 1.1L,Hyundai
2018,20000,Petrol,Manual,First,17.0,74.0,5.5,AMEO 1.2 MPI ANNIVERSARY EDITION,Volkswagen
2014,68400,Petrol,Automatic,First,12.98,178.4,13.5,CAMRY 2.5 G,Toyota
2013,71231,Diesel,Manual,Second,16.0,140.0,9.75,XUV500 W8 2WD,Mahindra
2011,75000,Diesel,Automatic,First,17.2,138.1,9.44,SUPERB ELEGANCE 2.0 TDI CR AT,Skoda
2018,1997,Petrol,Automatic,First,22.5,67.0,4.45,WAGON R VXI AMT,Maruti
2016,47300,Diesel,Manual,First,24.3,88.5,8.85,VITARA BREZZA ZDI PLUS DUAL TONE,Maruti
2012,61449,Petrol,Manual,First,18.15,62.0,2.15,SANTRO XING GL,Hyundai
2013,47910,Diesel,Manual,First,20.54,103.6,4.89,VENTO DIESEL COMFORTLINE,Volkswagen
2015,62000,Diesel,Manual,First,20.14,88.8,6.25,POLO 1.5 TDI HIGHLINE,Volkswagen
2012,65060,Diesel,Manual,First,22.9,74.0,4.8,SWIFT ZDI,Maruti
2008,82203,Petrol,Manual,First,19.81,68.05,1.8,I10 ERA 1.1,Hyundai
2013,44000,Diesel,Manual,First,16.0,140.0,7.25,XUV500 W8 2WD,Mahindra
2014,53817,Diesel,Manual,First,25.47,88.5,7.56,ERTIGA VDI,Maruti
2013,61591,Diesel,Manual,First,16.0,140.0,6.82,XUV500 W8 2WD,Mahindra
2011,86500,Diesel,Manual,Second,21.12,88.8,1.8,MANZA AURA QUADRAJET BS IV,Tata
2009,100000,Diesel,Automatic,First,11.0,198.5,11.5,E-CLASS 280 CDI,Mercedes-Benz
2010,87000,Petrol,Manual,First,15.6,104.68,2.8,SX4 ZXI WITH LEATHER BSIII,Maruti
2016,35000,Petrol,Automatic,First,20.51,67.0,5.5,WAGON R AMT VXI,Maruti
2016,6000,Petrol,Manual,First,20.63,67.06,2.7,GO NXT,Datsun
2014,59327,Diesel,Manual,First,20.0,68.0,3.25,FIGO DIESEL ZXI,Ford
2014,81001,Diesel,Automatic,First,17.2,138.1,10.9,SUPERB ELEGANCE 2.0 TDI CR AT,Skoda
2014,44612,Petrol,Manual,First,18.5,80.0,4.07,I20 1.2 MAGNA,Hyundai
2016,42388,Diesel,Automatic,First,11.36,171.5,18.0,INNOVA CRYSTA 2.8 ZX AT,Toyota
2012,54000,Petrol,Manual,First,19.4,86.8,2.95,BRIO V MT,Honda
2011,83010,Diesel,Automatic,First,17.2,138.1,7.5,SUPERB ELEGANCE 2.0 TDI CR AT,Skoda
2016,65405,Diesel,Automatic,First,13.0,204.0,32.73,E-CLASS 2015-2017 E250 CDI AVANTGARDE,Mercedes-Benz
2015,36000,Diesel,Automatic,Second,12.55,168.7,21.5,FORTUNER 4X2 AT TRD SPORTIVO,Toyota
2008,85000,Petrol,Manual,First,16.51,103.2,2.5,SX4 ZXI MT BSIV,Maruti
2016,35000,Diesel,Manual,First,27.3,98.6,5.5,JAZZ 1.5 V I DTEC,Honda
2012,54000,Petrol,Automatic,First,14.53,138.1,7.5,COROLLA ALTIS 2008-2013 1.8 VL AT,Toyota
2007,70000,Petrol,Manual,First,16.9,100.0,1.55,CITY ZX VTEC,Honda
2017,27001,Diesel,Automatic,First,20.68,190.0,29.0,X1 XDRIVE 20D M SPORT,BMW
2019,41075,Diesel,Manual,First,28.4,74.0,8.4,SWIFT DDIS VDI,Maruti
2016,26000,Diesel,Manual,First,25.32,77.0,6.5,KUV 100 MFALCON D75 K8,Mahindra
2010,55000,Petrol,Manual,First,16.0,90.0,2.35,JAZZ MODE,Honda
2016,19000,Petrol,Manual,First,20.4,81.8,5.55,SWIFT ZXI,Maruti
2016,15000,Petrol,Automatic,First,18.9,82.0,5.35,GRAND I10 ASTA OPTION AT,Hyundai
2016,37000,Petrol,Manual,First,17.8,86.7,5.25,AMAZE SX I-VTEC,Honda
2017,38712,Petrol,Manual,First,18.9,81.86,5.87,GRAND I10 1.2 KAPPA SPORTZ,Hyundai
2014,52400,Diesel,Manual,First,20.54,103.6,5.36,VENTO DIESEL COMFORTLINE,Volkswagen
2016,23988,Diesel,Manual,First,28.09,88.5,7.75,CIAZ 1.3 S,Maruti
2014,32283,Petrol,Automatic,Second,14.4,103.6,5.41,VENTO PETROL HIGHLINE AT,Volkswagen
2010,52000,Petrol,Manual,First,18.5,80.0,3.65,I20 1.2 MAGNA,Hyundai
2016,32000,Petrol,Automatic,First,16.5,86.8,5.25,BRIO VX AT,Honda
2014,39000,Petrol,Manual,First,17.4,117.3,6.25,CITY I VTEC VX,Honda
2017,14149,Petrol,Manual,First,23.9,37.48,3.47,NANO XT,Tata
2006,103000,Petrol,Automatic,First,10.13,97.7,8.85,S CLASS 2005 2013 S 350 L,Mercedes-Benz
2004,82000,Petrol,Manual,First,14.0,64.0,0.85,WAGON R LXI BSIII,Maruti
2015,34000,Petrol,Automatic,First,13.7,157.75,13.65,SUPERB ELEGANCE 1.8 TSI AT,Skoda
2016,45180,Diesel,Automatic,First,12.07,97.7,50.22,Q7 35 TDI QUATTRO TECHNOLOGY,Audi
2018,2000,Petrol,Manual,First,22.0,81.8,7.75,SWIFT ZXI PLUS,Maruti
2011,82321,Diesel,Manual,First,12.8,102.0,10.05,INNOVA 2.5 G4 DIESEL 7-SEATER,Toyota
2011,7000,Petrol,Automatic,First,12.05,154.0,9.75,3 SERIES 320I SEDAN,BMW
2015,27000,Diesel,Automatic,First,17.9,136.0,23.0,GLA CLASS 200 CDI SPORT,Mercedes-Benz
2019,31271,Diesel,Manual,First,13.68,147.8,21.42,INNOVA CRYSTA 2.4 VX MT 8S,Toyota
2003,55000,Petrol,Manual,Third,15.9,97.7,0.7,ESTEEM LX BSII,Maruti
2014,24000,Diesel,Manual,First,25.2,74.0,5.21,SWIFT VDI BSIV,Maruti
2009,53000,Diesel,Manual,First,12.99,100.6,7.5,INNOVA 2.5 GX (DIESEL) 7 SEATER,Toyota
2012,72351,Diesel,Manual,First,23.59,97.7,2.65,ETIOS LIVA GD,Toyota
2010,115000,Petrol,Manual,First,18.6,79.4,1.75,BEAT LT,Chevrolet
2010,82000,Diesel,Manual,Second,13.8,68.0,1.0,IKON 1.4 TDCI DURATORQ,Ford
2016,20000,Diesel,Automatic,First,19.27,170.0,33.0,NEW C-CLASS C 220 CDI AVANTGARDE,Mercedes-Benz
2011,45560,Petrol,Manual,First,17.6,88.73,2.2,ETIOS G,Toyota
2017,57539,Diesel,Manual,First,12.8,102.0,12.83,INNOVA 2.5 GX (DIESEL) 7 SEATER BS IV,Toyota
2018,20004,Diesel,Automatic,First,17.54,97.7,68.94,6 SERIES GRAN COUPE,BMW
2012,54500,Diesel,Manual,First,21.13,108.4,4.1,RAPID 1.5 TDI AMBITION,Skoda
2016,27886,Petrol,Manual,First,22.0,55.0,2.85,EON MAGNA,Hyundai
2007,66000,Petrol,Automatic,First,11.1,158.8,3.7,CR-V 2.4L 4WD AT,Honda
2013,72202,Diesel,Automatic,First,20.0,138.1,9.06,LAURA ELEGANCE 2.0 TDI CR AT,Skoda
2011,70000,Petrol,Manual,Second,13.4,157.8,4.75,LAURA RS,Skoda
2015,78233,Diesel,Manual,First,26.0,98.6,6.6,CITY I DTEC S,Honda
2007,120203,Diesel,Manual,Second,13.93,138.0,3.5,NEW SAFARI 4X4 EX,Tata
2011,20575,Petrol,Manual,First,19.0,67.1,2.0,ZEN ESTILO LXI BS IV,Maruti
2013,39879,Petrol,Manual,First,17.8,86.7,3.89,AMAZE S I-VTEC,Honda
2017,31056,Petrol,Manual,First,23.01,67.0,3.6,KWID 1.0 RXL,Renault
2015,50940,Petrol,Automatic,First,19.12,91.1,6.95,CIAZ AT ZXI,Maruti
2016,99362,Diesel,Manual,First,22.54,88.73,7.03,I20 ASTA OPTION 1.4 CRDI,Hyundai
2016,54000,Diesel,Manual,First,13.68,147.8,16.5,INNOVA CRYSTA 2.4 ZX MT,Toyota
2016,54268,Diesel,Manual,First,28.09,88.5,7.67,CIAZ ZDI PLUS SHVS,Maruti
2012,94521,Diesel,Automatic,First,14.74,97.7,23.19,XF DIESEL,Jaguar
2017,38932,Petrol,Manual,First,19.1,82.0,6.21,XCENT 1.2 KAPPA S,Hyundai
2015,60395,Diesel,Automatic,First,16.12,97.7,45.82,CAYENNE DIESEL,Porsche
2016,29000,Diesel,Manual,First,24.4,71.0,5.95,XCENT 1.1 CRDI S,Hyundai
2011,58000,Diesel,Automatic,First,16.55,140.0,11.0,A4 2.0 TDI MULTITRONIC,Audi
2016,60913,Petrol,Manual,First,20.73,91.1,7.19,CIAZ RS ZXI PLUS,Maruti
2011,65000,Diesel,Manual,First,12.8,102.0,6.4,INNOVA 2.5 G4 DIESEL 8-SEATER,Toyota
2015,26000,Diesel,Manual,First,15.8,170.0,26.0,NEW C-CLASS 220 CDI MT,Mercedes-Benz
2016,19947,Petrol,Manual,First,20.36,78.9,4.5,I10 SPORTZ,Hyundai
2011,70816,Petrol,Automatic,First,16.95,78.9,3.1,I10 SPORTZ 1.2 AT,Hyundai
2015,54000,Diesel,Manual,First,27.39,74.0,5.95,BALENO ZETA 1.3,Maruti
2008,53000,Petrol,Manual,First,18.2,64.0,1.2,ZEN ESTILO 1.1 VXI BSIII,Maruti
2014,35000,Diesel,Automatic,First,16.46,97.7,52.0,7 SERIES 730LD,BMW
2015,50000,Diesel,Automatic,First,11.33,97.7,48.0,Q7 4.2 TDI QUATTRO TECHNOLOGY,Audi
2011,124652,Diesel,Automatic,First,11.7,97.7,21.99,X5 XDRIVE 30D,BMW
2013,80264,Petrol,Manual,First,21.1,85.8,4.3,RITZ LXI,Maruti
2013,125600,Diesel,Manual,First,21.64,84.8,3.75,SUNNY 2011-2014 DIESEL XL,Nissan
2015,49000,Petrol,Manual,First,14.28,138.03,8.95,COROLLA ALTIS 1.8 LIMITED EDITION,Toyota
2012,111000,Diesel,Manual,First,23.59,67.1,4.75,ETIOS VXD,Toyota
2016,33690,Petrol,Manual,First,14.28,138.03,14.6,COROLLA ALTIS GL MT,Toyota
2012,50000,Diesel,Automatic,First,17.68,174.33,17.5,A6 2011-2015 2.0 TDI PREMIUM PLUS,Audi
2012,38092,Diesel,Manual,First,20.77,88.8,5.2,ERTIGA ZDI,Maruti
2017,47774,Petrol,Manual,First,18.9,82.0,6.04,GRAND I10 SPORTZ,Hyundai
2009,53000,Diesel,Manual,Second,19.09,69.0,2.7,INDIGO CS LX (TDI) BS III,Tata
2019,65000,Diesel,Automatic,First,26.59,74.0,6.75,SWIFT DZIRE AMT ZDI,Maruti
2011,46000,Petrol,Manual,First,15.26,103.5,2.35,POLO PETROL HIGHLINE 1.6L,Volkswagen
2017,16500,Petrol,Manual,First,23.84,84.0,5.0,TIAGO 1.2 REVOTRON XZ WO ALLOY,Tata
2016,39000,Petrol,Manual,First,17.8,117.3,6.95,CITY I VTEC VX,Honda
2018,6000,Petrol,Manual,First,19.5,86.76,6.7,AMAZE V PETROL,Honda
2015,60000,Diesel,Automatic,First,17.11,174.33,25.0,A4 35 TDI PREMIUM,Audi
2011,97320,Petrol,Automatic,First,14.4,103.6,3.75,VENTO PETROL HIGHLINE AT,Volkswagen
2011,99807,Diesel,Manual,First,20.54,103.6,3.75,VENTO DIESEL TRENDLINE,Volkswagen
2013,46000,Petrol,Manual,First,17.0,118.0,5.1,CITY 1.5 S MT,Honda
2010,12000,Petrol,Manual,First,22.5,67.04,2.45,WAGON R LXI,Maruti
2005,13002,Petrol,Automatic,First,9.3,193.1,3.25,SUPERB 2.8 V6 AT,Skoda
2014,26000,Diesel,Manual,First,26.0,98.6,5.5,CITY I DTEC SV,Honda
2014,68365,CNG,Manual,First,26.6,58.16,3.77,WAGON R LXI CNG,Maruti
2016,27833,Diesel,Automatic,First,18.15,165.0,49.24,M-CLASS ML 350 4MATIC,Mercedes-Benz
2016,51639,Petrol,Manual,First,22.74,47.3,3.04,ALTO 800 LXI,Maruti
2015,21000,Petrol,Manual,First,18.6,81.83,4.9,I20 MAGNA 1.2,Hyundai
2013,90000,Diesel,Manual,First,22.7,89.84,6.25,ECOSPORT 1.5 DV5 MT TREND,Ford
2015,36255,Diesel,Automatic,First,19.59,184.0,33.0,3 SERIES GT 320D LUXURY LINE,BMW
2011,58000,Diesel,Automatic,Second,11.7,97.7,27.0,X5 XDRIVE 30D,BMW
2014,48997,Petrol,Manual,Second,18.0,86.7,5.21,AMAZE S I-VTECH,Honda
2014,31130,Petrol,Manual,First,15.85,110.4,5.75,ECOSPORT 1.5 TI VCT MT TITANIUM,Ford
2012,75668,Diesel,Automatic,First,14.74,97.7,16.58,XF 3.0 LITRE S PREMIUM LUXURY,Jaguar
2015,12000,Petrol,Manual,First,14.53,138.0,11.0,COROLLA 1.8 J,Toyota
2014,90000,Petrol,Manual,Second,20.36,78.9,2.8,I10 SPORTZ,Hyundai
2019,17320,Diesel,Automatic,First,15.8,170.0,37.99,NEW C-CLASS C220 CDI EXECUTIVE EDITION,Mercedes-Benz
2011,85000,Diesel,Manual,Second,20.0,108.5,3.65,LAURA AMBIENTE 2.0 TDI CR MT,Skoda
2007,130000,Diesel,Manual,First,13.1,141.0,6.0,ENDEAVOUR 4X2 XLT,Ford
2013,60328,Petrol,Manual,First,15.6,70.0,4.54,FIGO PETROL EXI,Ford
2015,34327,Petrol,Manual,First,18.0,86.7,5.4,AMAZE S I-VTECH,Honda
2014,75000,Diesel,Manual,First,19.1,70.0,3.3,INDICA VISTA TDI LS,Tata
2012,86000,Diesel,Automatic,Second,14.7,163.0,18.25,XC60 D4 SUMMUM,Volvo
2017,12000,Petrol,Manual,First,22.7,53.0,3.1,REDI GO SPORT,Datsun
2013,57759,Petrol,Manual,First,21.1,55.2,3.84,EON ERA PLUS,Hyundai
2016,24300,Petrol,Manual,First,22.74,47.3,2.44,ALTO 800 VXI,Maruti
2011,66000,Petrol,Manual,Second,16.47,73.9,3.6,POLO PETROL TRENDLINE 1.2L,Volkswagen
2015,75915,Petrol,Manual,First,20.36,78.9,3.9,I10 ASTA,Hyundai
2013,107000,Petrol,Manual,Second,16.95,97.7,2.9,SUNNY 2011-2014 XL,Nissan
2008,86000,Petrol,Manual,Second,14.53,138.1,3.5,COROLLA ALTIS G,Toyota
2009,53000,Diesel,Manual,Second,18.1,110.0,3.5,VERNA CRDI ABS,Hyundai
2019,3000,Petrol,Manual,First,24.7,47.3,3.5,ALTO 800 2016-2019 LXI OPTIONAL,Maruti
2015,72495,Diesel,Manual,First,21.9,88.76,7.0,I20 SPORTZ 1.4 CRDI,Hyundai
2016,33000,Diesel,Automatic,First,19.08,126.2,8.7,VERNA 1.6 CRDI AT S,Hyundai
2014,60000,Diesel,Automatic,First,12.07,97.7,45.0,Q7 3.0 TDI QUATTRO TECHNOLOGY,Audi
2016,80103,Diesel,Manual,First,25.0,69.0,1.8,INDICA V2 ELS,Tata
2007,42100,Petrol,Manual,First,18.0,62.0,0.99,SPARK 1.0 LS,Chevrolet
2018,4500,Petrol,Manual,First,18.9,81.86,4.8,GRAND I10 1.2 KAPPA MAGNA,Hyundai
2014,97000,Diesel,Manual,First,12.55,169.0,17.95,FORTUNER 4X4 MT TRD SPORTIVO,Toyota
2016,50000,Electric,Automatic,First,18.15,41.0,13.0,E VERITO D4,Mahindra
2017,51223,Petrol,Manual,First,18.9,81.86,5.66,GRAND I10 1.2 KAPPA ASTA,Hyundai
2009,64000,Petrol,Manual,First,17.0,118.0,3.1,CITY 1.5 S MT,Honda
2016,56911,Petrol,Manual,First,18.6,81.86,6.54,ELITE I20 PETROL ASTA,Hyundai
2015,53000,Diesel,Manual,First,12.8,102.0,13.2,INNOVA 2.5 G4 DIESEL 8-SEATER,Toyota
2018,21290,Petrol,Automatic,First,13.0,97.7,56.8,MUSTANG V8,Ford
2019,14076,Diesel,Automatic,First,11.36,171.5,19.4,INNOVA CRYSTA 2.8 GX AT,Toyota
2007,75180,Petrol,Manual,First,18.2,64.0,1.65,ZEN ESTILO 1.1 VXI BSIII,Maruti
2013,92000,Diesel,Manual,Second,22.9,74.0,4.35,SWIFT ZDI,Maruti
2015,57266,Diesel,Manual,First,20.5,91.72,6.5,AVVENTURA MULTIJET EMOTION,Fiat
2007,64000,Petrol,Manual,First,18.2,67.1,1.11,ZEN ESTILO VXI BSIII,Maruti
2013,41000,Diesel,Manual,First,19.87,83.8,5.5,DUSTER 85PS DIESEL RXL,Renault
2012,45999,Diesel,Manual,First,10.5,107.2,11.0,PAJERO 2.8 SFX,Mitsubishi
2015,50000,Petrol,Automatic,First,23.1,67.04,3.9,CELERIO VXI AT,Maruti
2013,70000,Diesel,Manual,First,17.88,48.21,1.8,INDICA V2 DLS BSIII,Tata
2016,37540,Petrol,Manual,First,18.6,81.86,6.22,ELITE I20 PETROL ASTA,Hyundai
2014,44000,Petrol,Automatic,First,23.1,67.04,4.3,CELERIO VXI AT,Maruti
2017,22500,Petrol,Manual,First,18.9,81.86,5.99,GRAND I10 1.2 KAPPA ASTA,Hyundai
2017,17431,Petrol,Manual,First,18.6,81.83,6.0,I20 1.2 MAGNA EXECUTIVE,Hyundai
2014,61566,Petrol,Manual,First,17.1,121.3,5.85,VERNA 1.6 SX VTVT (O),Hyundai
2014,61730,Diesel,Automatic,First,12.39,147.51,19.94,ROVER FREELANDER 2 SE,Land
2009,68000,Petrol,Manual,First,16.1,88.2,2.9,SWIFT VXI BSIII,Maruti
2014,29000,Petrol,Manual,First,18.0,86.7,4.25,AMAZE SX I-VTEC,Honda
2010,53000,Diesel,Manual,First,21.43,87.2,5.99,COROLLA ALTIS DIESEL D4DG,Toyota
2013,46500,Diesel,Manual,First,27.4,98.6,3.3,AMAZE S DIESEL,Honda
2009,52830,Diesel,Automatic,Second,16.77,97.7,8.08,A6 3.0 TDI QUATTRO,Audi
2017,39867,Petrol,Manual,First,22.5,67.04,4.5,WAGON R VXI,Maruti
2014,58972,Diesel,Manual,First,24.2,98.6,6.5,MOBILIO E I DTEC,Honda
2006,66000,Petrol,Automatic,Second,10.1,152.0,3.9,CR-V 2.4 4WD AT,Honda
2013,52000,Petrol,Manual,First,17.1,121.3,5.25,VERNA 1.6 SX VTVT (O),Hyundai
2014,58000,Diesel,Automatic,First,11.72,194.3,17.0,SANTA FE 4X4 AT,Hyundai
2012,58000,Petrol,Automatic,First,16.95,78.9,3.5,I10 SPORTZ AT,Hyundai
2008,75000,Diesel,Manual,Second,17.7,68.0,3.0,FUSION PLUS 1.4 TDCI DIESEL,Ford
2015,41008,Petrol,Manual,Second,20.36,78.9,4.87,I10 SPORTZ,Hyundai
2014,65000,Diesel,Manual,First,24.4,71.0,6.0,XCENT 1.1 CRDI SX OPTION,Hyundai
2015,19000,Diesel,Automatic,First,18.19,174.5,15.5,SUPERB STYLE 2.0 TDI AT,Skoda
2008,74000,Petrol,Manual,Second,16.6,68.0,1.6,FIESTA 1.4 DURATEC EXI,Ford
2017,33000,Petrol,Automatic,First,21.4,83.1,7.25,BALENO ZETA AUTOMATIC,Maruti
2010,95000,Diesel,Manual,Second,17.0,105.0,3.25,LAURA 1.9 TDI MT AMBIENTE,Skoda
2012,34000,Diesel,Manual,First,20.64,108.5,3.4,VENTO 1.5 TDI COMFORTLINE,Volkswagen
2014,102865,Diesel,Automatic,First,12.07,97.7,30.5,Q7 3.0 TDI QUATTRO TECHNOLOGY,Audi
2016,52378,Petrol,Manual,First,17.0,121.3,7.97,VERNA VTVT 1.6 SX OPTION,Hyundai
2012,38000,Diesel,Automatic,First,14.84,170.0,13.51,NEW C-CLASS 220 CDI AT,Mercedes-Benz
2015,60334,Diesel,Manual,First,25.8,98.6,5.43,AMAZE S I-DTECH,Honda
2010,107000,Petrol,Manual,First,16.6,68.0,2.6,FIESTA 1.4 DURATEC EXI LIMITED EDITION,Ford
2013,53000,Petrol,Manual,First,18.5,82.9,4.45,I20 MAGNA OPTIONAL 1.2,Hyundai
2017,2196,Petrol,Manual,First,22.74,47.3,2.75,ALTO 800 LXI,Maruti
2010,24000,Petrol,Automatic,First,10.6,97.7,8.75,5 SERIES 530I SEDAN,BMW
2015,44846,Petrol,Manual,Second,14.6,88.7,5.41,GRANDE PUNTO 1.4 EMOTION,Fiat
2018,64035,Diesel,Automatic,First,28.4,73.75,8.55,DZIRE AMT ZDI PLUS,Maruti
2014,45600,Diesel,Manual,First,15.1,140.0,8.25,XUV500 W6 2WD,Mahindra
2014,102001,Diesel,Automatic,First,11.1,200.0,23.58,XC90 2007-2015 D5 AT AWD,Volvo
2014,47439,Petrol,Manual,First,20.36,78.9,4.49,I10 SPORTZ 1.2,Hyundai
2010,53000,Diesel,Manual,First,11.5,171.0,12.99,FORTUNER 3.0 DIESEL,Toyota
2016,29000,Petrol,Automatic,First,21.9,37.48,2.8,NANO XTA,Tata
2016,51681,Diesel,Manual,First,19.98,108.5,8.43,LODGY 110PS RXZ 8 SEATER,Renault
2015,50000,Diesel,Automatic,First,12.07,97.7,47.5,Q7 3.0 TDI QUATTRO PREMIUM PLUS,Audi
2016,42666,Petrol,Automatic,First,18.0,117.3,8.95,CITY I VTEC CVT VX,Honda
2013,65000,Diesel,Manual,Second,19.01,108.45,5.5,DUSTER 110PS DIESEL RXL,Renault
2014,18776,Petrol,Manual,First,17.8,86.7,4.75,AMAZE S I-VTEC,Honda
2016,6714,Petrol,Manual,First,18.0,86.7,4.75,AMAZE S I-VTECH,Honda
2009,40000,Petrol,Automatic,Second,12.05,154.0,9.5,3 SERIES 320I,BMW
2011,88539,Diesel,Manual,First,23.2,73.94,3.77,RITZ LDI,Maruti
2012,65055,Petrol,Manual,Second,17.0,118.0,4.25,CITY 1.5 S MT,Honda
2014,23000,Diesel,Automatic,First,18.88,184.0,19.9,3 SERIES 320D SPORT LINE,BMW
2009,60000,Diesel,Manual,First,15.0,105.0,4.0,JETTA 2007-2011 1.9 TDI TRENDLINE,Volkswagen
2013,59350,Petrol,Manual,First,19.1,85.8,4.16,SWIFT DZIRE LXI,Maruti
2015,19000,Diesel,Automatic,Second,16.36,187.7,38.0,XF 2.2 LITRE EXECUTIVE,Jaguar
2016,45560,Petrol,Automatic,First,16.9,82.0,6.34,XCENT 1.2 KAPPA AT SX OPTION,Hyundai
2009,118000,Diesel,Manual,First,12.8,102.0,4.5,INNOVA 2.5 G (DIESEL) 7 SEATER BS IV,Toyota
2016,55000,Petrol,Manual,First,15.1,73.0,3.75,EECO 7 SEATER STANDARD,Maruti
2012,60000,Diesel,Automatic,Second,15.2,140.8,10.2,A4 NEW 2.0 TDI MULTITRONIC,Audi
2007,53000,Diesel,Manual,First,12.8,102.0,5.0,INNOVA 2.5 G (DIESEL) 7 SEATER BS IV,Toyota
2008,46810,Petrol,Manual,First,9.8,163.5,3.95,GRAND VITARA MT,Maruti
2016,62767,Diesel,Manual,First,20.34,103.2,9.75,VENTO 1.5 TDI HIGHLINE,Volkswagen
2018,18553,Petrol,Manual,First,18.6,81.86,7.93,ELITE I20 PETROL ASTA,Hyundai
2011,53000,Diesel,Manual,First,17.8,67.0,2.1,FIESTA CLASSIC 1.4 DURATORQ CLXI,Ford
2015,53497,Diesel,Manual,First,13.5,175.56,16.42,PAJERO SPORT 4X4,Mitsubishi
2011,53000,Diesel,Manual,Second,14.66,194.3,8.9,SANTA FE 4X4,Hyundai
2012,95000,Diesel,Manual,First,15.1,140.0,7.21,XUV500 W8 2WD,Mahindra
2015,100000,Diesel,Manual,First,12.8,102.0,13.5,INNOVA 2.5 V DIESEL 8-SEATER,Toyota
2016,29000,Diesel,Automatic,First,11.57,97.7,65.0,GLE 350D,Mercedes-Benz
2014,87000,Diesel,Manual,First,12.05,120.0,7.4,SCORPIO 2009-2014 SLE 7S BSIV,Mahindra
2014,56838,Petrol,Automatic,First,16.8,118.0,5.15,CITY 1.5 S AT,Honda
2013,100000,Diesel,Automatic,First,12.0,224.0,32.0,GL-CLASS 2007 2012 350 CDI LUXURY,Mercedes-Benz
2011,125000,Petrol,Manual,First,17.0,118.0,3.25,CITY 1.5 S MT,Honda
2017,17000,Petrol,Automatic,First,22.5,67.0,3.95,WAGON R VXI AMT,Maruti
2013,70000,Petrol,Manual,Second,15.4,65.0,1.5,INDIGO ECS GLE BSIII,Tata
2010,50000,Petrol,Manual,Second,17.0,80.0,3.0,I20 2015-2017 1.2 ASTA WITH AVN,Hyundai
2010,39800,Petrol,Manual,First,16.0,90.0,1.99,JAZZ ACTIVE,Honda
2010,60000,Petrol,Manual,First,19.0,66.1,1.35,A-STAR LXI,Maruti
2009,58000,Diesel,Automatic,First,16.07,181.0,13.5,3 SERIES 320D HIGHLINE,BMW
2010,110009,Diesel,Manual,First,17.67,138.08,6.99,YETI ELEGANCE,Skoda
2013,85000,Diesel,Manual,First,19.01,108.5,8.5,TERRANO XV PREMIUM 110 PS,Nissan
2010,84000,Diesel,Manual,Second,22.07,73.9,2.89,POLO DIESEL COMFORTLINE 1.2L,Volkswagen
2011,51000,Diesel,Automatic,First,22.69,190.0,10.5,3 SERIES 320D,BMW
2013,68880,Petrol,Manual,First,16.95,97.7,3.97,SUNNY 2011-2014 XL,Nissan
2017,5500,Petrol,Automatic,First,24.07,67.1,4.25,ALTO K10 VXI AGS,Maruti
2016,40052,Petrol,Manual,First,21.1,85.8,6.17,RITZ ZXI,Maruti
2016,47293,Diesel,Automatic,First,14.16,174.3,38.72,Q5 30 TDI QUATTRO PREMIUM PLUS,Audi
2013,79663,Diesel,Manual,First,16.8,110.0,6.5,VERNA CRDI SX,Hyundai
2013,63000,Diesel,Manual,Second,25.8,98.6,4.25,AMAZE S I-DTECH,Honda
2014,45000,Diesel,Manual,First,26.0,98.6,4.75,CITY I DTEC SV,Honda
2014,56501,Diesel,Automatic,First,12.9,174.5,17.71,FORTUNER TRD SPORTIVO 2.8 2WD AT,Toyota
2015,58000,Diesel,Manual,First,20.34,103.2,5.85,VENTO 1.5 TDI HIGHLINE,Volkswagen
2011,51602,Diesel,Automatic,First,22.48,190.0,17.27,5 SERIES 520D LUXURY LINE,BMW
2007,74199,Diesel,Automatic,First,16.07,181.0,9.25,3 SERIES 320D SEDAN,BMW
2017,25000,Petrol,Automatic,First,13.0,121.3,12.75,CRETA 1.6 SX PLUS PETROL AUTOMATIC,Hyundai
2016,70000,Diesel,Automatic,Second,21.76,190.0,27.0,3 SERIES LUXURY LINE,BMW
2013,25000,Diesel,Automatic,Second,14.84,167.62,21.0,NEW C-CLASS C 220 CDI BE AVANTGARE,Mercedes-Benz
2017,22000,Diesel,Manual,First,26.59,74.0,7.95,SWIFT DZIRE VDI,Maruti
2015,47020,Petrol,Manual,Second,23.1,67.04,4.5,CELERIO ZXI,Maruti
2017,8000,Diesel,Automatic,First,19.59,187.74,33.75,3 SERIES 320D GT LUXURY LINE,BMW
2010,73000,Diesel,Automatic,First,11.33,97.7,17.51,Q7 4.2 TDI QUATTRO TECHNOLOGY,Audi
2017,36973,Petrol,Manual,First,18.2,88.7,6.8,JAZZ V,Honda
2014,42083,Petrol,Manual,First,25.4,37.48,1.68,NANO CX BSIV,Tata
2016,61000,Petrol,Manual,First,24.7,47.3,2.9,ALTO 800 2016-2019 LXI,Maruti
2014,43628,Petrol,Manual,First,22.5,67.04,3.16,WAGON R VXI,Maruti
2014,60000,Diesel,Manual,First,24.4,71.0,3.9,XCENT 1.1 CRDI BASE,Hyundai
2010,54000,Petrol,Manual,Second,17.8,76.8,1.95,BEAT LT,Chevrolet
2015,27001,Diesel,Automatic,First,16.36,187.7,26.52,XF 2.2 LITRE LUXURY,Jaguar
2010,52000,Diesel,Automatic,First,18.33,167.7,9.0,PASSAT DIESEL HIGHLINE 2.0 TDI,Volkswagen
2012,80000,Diesel,Manual,First,21.27,88.76,4.5,I20 ASTA 1.4 CRDI,Hyundai
2008,53000,Diesel,Manual,First,10.5,107.2,8.75,PAJERO 2.8 SFX,Mitsubishi
2018,3300,Diesel,Automatic,First,24.3,88.5,11.5,VITARA BREZZA ZDI PLUS AMT DUAL TONE,Maruti
2016,35027,Petrol,Manual,First,24.07,67.1,3.0,ALTO K10 LXI,Maruti
2015,26568,Petrol,Manual,First,21.1,55.2,3.79,EON MAGNA PLUS,Hyundai
2015,59000,Diesel,Manual,First,28.09,88.5,6.0,CIAZ VDI PLUS SHVS,Maruti
2016,51000,Diesel,Manual,First,19.67,126.2,13.25,CRETA 1.6 CRDI SX OPTION,Hyundai
2012,56400,Diesel,Automatic,First,17.2,138.1,8.0,SUPERB AMBITION 2.0 TDI CR AT,Skoda
2015,80000,Diesel,Manual,First,20.14,88.8,5.8,POLO 1.5 TDI HIGHLINE,Volkswagen
2012,72000,Diesel,Automatic,Third,18.48,97.7,13.85,5 SERIES 520D SEDAN,BMW
2013,107000,Diesel,Manual,Second,12.99,100.6,13.5,INNOVA 2.5 VX (DIESEL) 7 SEATER,Toyota
2014,100000,Diesel,Automatic,First,14.21,203.0,25.0,E-CLASS 2009-2013 E250 CDI ELEGANCE,Mercedes-Benz
2016,59998,Diesel,Manual,First,20.14,88.8,5.49,POLO 1.5 TDI HIGHLINE,Volkswagen
2013,105000,Diesel,Automatic,First,17.32,150.0,19.0,Q3 2.0 TDI,Audi
2011,36000,Petrol,Manual,First,18.5,80.0,2.5,I20 1.2 MAGNA,Hyundai
2015,24350,Petrol,Manual,Second,19.81,68.05,3.0,I10 SPORTZ 1.1L,Hyundai
2018,28973,Diesel,Manual,First,24.7,69.0,6.64,TIGOR 1.05 REVOTORQ XT,Tata
2017,8243,Petrol,Manual,First,21.1,55.2,3.21,EON ERA,Hyundai
2009,53000,Petrol,Manual,Second,17.92,62.1,1.55,SANTRO XING GLS,Hyundai
2011,60000,Petrol,Manual,First,17.92,62.1,2.59,SANTRO XING GLS,Hyundai
2008,100000,Diesel,Manual,Second,12.7,120.0,4.0,SCORPIO SLX,Mahindra
2010,48689,Petrol,Manual,First,17.4,117.3,3.87,CITY I-VTEC S,Honda
2017,45000,Diesel,Manual,First,24.3,88.5,9.75,VITARA BREZZA ZDI,Maruti
2019,38163,Diesel,Automatic,First,17.11,174.33,32.91,A4 35 TDI TECHNOLOGY EDITION,Audi
2011,43800,Diesel,Automatic,Second,14.21,203.0,16.75,E-CLASS 2009-2013 E250 CDI ELEGANCE,Mercedes-Benz
2007,92000,Petrol,Manual,First,13.5,130.0,1.9,CIVIC 2006-2010 1.8 MT SPORT,Honda
2017,14064,Petrol,Manual,First,18.6,81.83,6.59,I20 MAGNA 1.2,Hyundai
2017,42366,Diesel,Automatic,First,15.73,174.33,31.93,Q3 35 TDI QUATTRO PREMIUM PLUS,Audi
2014,76551,Diesel,Manual,First,25.1,98.6,7.25,CITY I DTEC VX,Honda
2008,72672,Petrol,Manual,First,19.81,68.05,1.9,I10 ERA 1.1 ITECH SE,Hyundai
2015,45000,Diesel,Manual,First,25.2,74.0,3.55,SWIFT VDI BSIV,Maruti
2012,91696,Diesel,Automatic,First,11.4,153.86,9.25,ENDEAVOUR 3.0L 4X4 AT,Ford
2009,66484,Petrol,Manual,First,13.8,70.0,1.65,IKON 1.3 FLAIR,Ford
2019,15456,Diesel,Automatic,First,20.68,190.0,36.64,X1 SDRIVE 20D XLINE,BMW
2011,55000,Diesel,Automatic,Second,14.21,203.0,16.0,E-CLASS 2009-2013 E250 CDI CLASSIC,Mercedes-Benz
2019,21112,CNG,Manual,First,15.1,73.0,5.38,EECO 5 STR WITH AC PLUS HTR CNG,Maruti
2011,98000,Petrol,Manual,First,16.7,97.7,3.15,JAZZ SELECT EDITION,Honda
2014,61297,Diesel,Manual,First,25.8,98.6,4.35,AMAZE S I-DTECH,Honda
2006,80000,Petrol,Manual,Second,17.3,60.0,1.2,ZEN LXI - BS III,Maruti
2013,59000,Petrol,Manual,Second,18.5,80.0,4.1,I20 MAGNA,Hyundai
2009,53000,Diesel,Automatic,First,11.0,97.7,18.75,X5 3.0D,BMW
2017,60083,Diesel,Manual,First,19.67,126.2,13.78,CRETA 1.6 CRDI SX OPTION,Hyundai
2016,85450,Diesel,Manual,First,26.59,74.0,4.0,SWIFT DZIRE LDI,Maruti
2013,88000,Diesel,Manual,First,22.9,74.0,4.33,SWIFT VDI,Maruti
2015,81828,Diesel,Manual,First,24.0,73.97,5.43,GRAND I10 1.2 CRDI ASTA,Hyundai
2016,18000,Petrol,Manual,First,18.16,86.8,4.9,FIGO ASPIRE 1.2 TI-VCT TREND,Ford
2017,15000,Diesel,Automatic,First,15.97,97.7,70.0,X5 X5 M,BMW
2016,34000,Diesel,Automatic,First,11.78,167.62,25.5,NEW C-CLASS C 220 CDI CELEBRATION EDITION,Mercedes-Benz
2015,46000,Petrol,Automatic,First,18.9,82.0,5.1,GRAND I10 AT ASTA,Hyundai
2013,48158,Diesel,Manual,First,22.32,126.32,6.7,VERNA 1.6 SX CRDI (O),Hyundai
2013,93000,Diesel,Automatic,First,16.73,218.0,26.5,5 SERIES 525D SEDAN,BMW
2013,71007,Diesel,Manual,First,23.08,63.1,3.9,MICRA DIESEL XV PREMIUM,Nissan
2010,63067,Petrol,Manual,Second,15.5,103.3,2.7,SX4 ZXI MT BSIV,Maruti
2011,70259,Diesel,Manual,First,21.12,88.8,2.95,MANZA AURA QUADRAJET BS IV,Tata
2015,13000,Diesel,Automatic,First,16.55,140.0,23.0,A4 2.0 TDI MULTITRONIC,Audi
2009,53000,Diesel,Manual,Second,17.8,75.0,2.49,SWIFT LDI BSIV,Maruti
2015,130000,Diesel,Manual,First,25.2,74.0,4.5,SWIFT LDI OPTIONAL,Maruti
2011,89401,Diesel,Manual,First,21.43,87.2,4.5,COROLLA ALTIS DIESEL D4DJ,Toyota
2015,67000,Diesel,Manual,First,27.3,98.6,6.9,JAZZ 1.5 VX I DTEC,Honda
2010,65329,Petrol,Automatic,First,7.94,97.7,20.72,6 SERIES 650I COUPE,BMW
2010,72000,Petrol,Manual,First,16.25,73.9,2.21,FABIA 1.2 PETROL ACTIVE,Skoda
2001,70000,Petrol,Manual,Third,18.15,97.7,0.55,SIENA 1.2 ELX,Fiat
2011,82000,Diesel,Automatic,Second,12.35,187.74,13.9,ROVER FREELANDER 2 HSE,Land
2010,85000,Petrol,Manual,First,15.3,101.0,1.46,FIESTA 1.6 ZXI DURATEC,Ford
2012,83000,Diesel,Automatic,First,19.08,126.32,6.0,VERNA SX CRDI AT,Hyundai
2016,26000,Petrol,Manual,First,21.7,67.0,3.0,KWID 1.0 RXT OPTIONAL,Renault
2012,27000,Diesel,Manual,First,22.3,88.8,3.5,INDICA VISTA QUADRAJET 90 ZX PLUS,Tata
2018,37746,Diesel,Manual,First,21.19,88.73,7.59,I20 ACTIVE 1.4 SX,Hyundai
2009,63274,Petrol,Manual,Second,15.0,104.68,1.99,SX4 ZXI BSIII,Maruti
2016,25000,Petrol,Manual,First,25.17,53.3,3.8,KWID RXT,Renault
2013,53000,Diesel,Manual,First,11.68,112.0,4.0,XYLO E4 ABS BS III,Mahindra
2013,45010,Petrol,Manual,Second,21.1,55.2,2.95,EON D LITE PLUS,Hyundai
2013,75348,Diesel,Manual,First,25.8,98.6,3.75,AMAZE VX I-DTEC,Honda
2010,90110,Diesel,Manual,First,22.07,73.9,2.5,POLO DIESEL HIGHLINE 1.2L,Volkswagen
2011,102013,Petrol,Manual,First,17.0,118.0,3.75,CITY 1.5 V MT,Honda
2015,36000,Diesel,Automatic,First,12.55,168.5,22.0,FORTUNER 4X2 AT,Toyota
2017,37578,Petrol,Manual,First,18.0,86.7,6.14,AMAZE E I-VTECH,Honda
2015,46001,Diesel,Automatic,First,20.58,143.0,16.0,1 SERIES 118D BASE,BMW
2014,46559,Petrol,Automatic,First,23.1,67.04,3.75,CELERIO VXI AT,Maruti
2015,48000,Diesel,Manual,First,12.99,100.6,11.75,INNOVA 2.5 GX (DIESEL) 8 SEATER,Toyota
2013,46000,Diesel,Automatic,Second,16.36,187.7,24.0,XF 2.2 LITRE LUXURY,Jaguar
2017,15000,Petrol,Manual,First,17.5,88.7,8.9,WRV I-VTEC VX,Honda
2012,85000,Diesel,Automatic,Third,17.05,184.0,10.0,X1 SDRIVE20D,BMW
2014,32000,Petrol,Automatic,First,14.3,103.5,5.55,RAPID 1.6 MPI AT ELEGANCE,Skoda
2012,60818,Petrol,Manual,First,16.09,103.5,3.59,VENTO 1.6 COMFORTLINE,Volkswagen
2019,35188,Diesel,Manual,First,22.77,98.59,11.13,ECOSPORT 1.5 TDCI TREND PLUS BE,Ford
2012,110000,Diesel,Manual,First,15.1,140.0,7.2,XUV500 W6 2WD,Mahindra
2014,61000,Diesel,Manual,First,18.6,67.0,2.98,FIESTA CLASSIC 1.4 DURATORQ LXI,Ford
2010,75000,Petrol,Manual,Second,17.92,62.1,1.7,SANTRO XING GLS,Hyundai
2015,55000,Diesel,Automatic,First,12.0,224.0,52.0,GL-CLASS 2007 2012 350 CDI LUXURY,Mercedes-Benz
2003,69966,Petrol,Manual,First,19.7,46.3,0.95,ALTO LXI BSII,Maruti
2016,42000,Petrol,Manual,First,17.8,117.3,9.25,CITY I VTEC VX OPTION,Honda
2014,48000,Diesel,Automatic,First,13.01,194.3,16.25,SANTA FE 2WD AT,Hyundai
2015,35000,Diesel,Automatic,First,17.9,136.0,20.99,GLA CLASS 200 CDI SPORT,Mercedes-Benz
2005,128000,Diesel,Manual,Second,12.8,102.0,4.25,INNOVA 2.5 G4 DIESEL 8-SEATER,Toyota
2008,78000,Diesel,Automatic,Second,16.07,181.0,7.2,3 SERIES 320D SEDAN,BMW
2011,53080,Petrol,Manual,First,18.6,85.8,4.4,SWIFT ZXI,Maruti
2011,66000,Petrol,Manual,Second,15.04,103.6,4.25,VENTO PETROL HIGHLINE,Volkswagen
2012,25000,Petrol,Manual,First,16.02,93.7,5.35,ERTIGA VXI,Maruti
2016,36139,Petrol,Automatic,Second,18.9,82.0,6.3,GRAND I10 AT ASTA,Hyundai
2017,44000,Diesel,Manual,First,19.67,126.2,12.5,CRETA 1.6 CRDI SX,Hyundai
2008,50000,Diesel,Automatic,Second,16.77,97.7,7.5,A6 3.0 TDI QUATTRO,Audi
2016,81177,Diesel,Manual,First,16.0,140.0,11.25,XUV500 W8 1.99 MHAWK,Mahindra
2016,26000,Petrol,Automatic,First,16.05,110.4,7.65,ECOSPORT 1.5 TI VCT AT TITANIUM BE,Ford
2016,100000,Diesel,Manual,First,24.4,71.0,4.5,XCENT 1.1 CRDI BASE,Hyundai
2014,75000,Diesel,Automatic,First,21.21,103.2,7.5,VENTO 1.5 TDI COMFORTLINE AT,Volkswagen
2004,119859,Petrol,Automatic,First,13.0,210.0,7.1,S-CLASS 280 AT,Mercedes-Benz
2010,55980,Petrol,Manual,First,20.36,78.9,2.25,I10 MAGNA,Hyundai
2015,30000,Diesel,Automatic,First,17.11,174.33,27.0,A4 35 TDI TECHNOLOGY EDITION,Audi
2012,49700,Diesel,Manual,Second,21.9,88.76,4.18,I20 SPORTZ 1.4 CRDI,Hyundai
2013,79000,Diesel,Manual,First,23.5,88.7,6.5,VERNA 1.4 EX,Hyundai
2010,65100,Petrol,Manual,First,17.0,118.0,3.15,CITY 1.5 V MT,Honda
2016,54161,Diesel,Manual,First,25.47,88.5,7.64,ERTIGA VDI,Maruti
2011,28619,Petrol,Manual,First,19.7,46.3,2.4,ALTO LXI BSII,Maruti
2016,9000,Petrol,Automatic,First,20.51,67.0,4.25,WAGON R AMT VXI,Maruti
2016,42876,Diesel,Automatic,First,19.08,126.2,9.31,VERNA 1.6 CRDI AT SX,Hyundai
2011,64000,Petrol,Manual,First,19.7,46.3,2.39,ALTO LXI BSIII,Maruti
2018,20488,Petrol,Manual,Second,16.09,103.5,7.64,VENTO 1.6 COMFORTLINE,Volkswagen
2016,21000,Petrol,Manual,First,21.4,83.1,6.21,BALENO ZETA 1.2,Maruti
2012,119203,Diesel,Automatic,First,18.15,115.0,16.5,ROVER FREELANDER 2 TD4 SE,Land
2011,55987,Petrol,Automatic,First,13.7,153.86,8.22,CR-V 2.0L 2WD AT,Honda
2017,72668,Diesel,Manual,First,14.24,174.5,28.85,FORTUNER 2.8 2WD MT,Toyota
2015,32000,Petrol,Automatic,First,15.6,116.3,8.5,CITY V AT,Honda
2014,3000,Petrol,Automatic,Second,12.0,97.7,90.0,SLK-CLASS 55 AMG,Mercedes-Benz
2015,10400,Petrol,Manual,First,17.4,117.3,6.51,CITY I-VTEC S,Honda
2013,35000,Diesel,Manual,First,22.9,74.0,4.65,SWIFT VDI,Maruti
2013,55101,Petrol,Automatic,First,14.53,138.1,8.4,COROLLA ALTIS 2008-2013 1.8 VL AT,Toyota
2014,57464,Diesel,Manual,First,23.59,67.06,5.75,ETIOS CROSS 1.4L VD,Toyota
2006,110000,Petrol,Manual,First,18.9,67.1,1.11,WAGON R LX,Maruti
2017,17941,Petrol,Manual,First,15.7,97.7,3.93,PUNTO 1.2 DYNAMIC,Fiat
2014,72000,Petrol,Automatic,First,12.0,184.0,17.25,E-CLASS 2015-2017 E 200 CGI,Mercedes-Benz
2012,16000,Diesel,Automatic,First,16.36,187.7,32.0,XF AERO SPORT EDITION,Jaguar
2011,62020,Petrol,Manual,First,17.0,80.0,3.45,I20 SPORTZ PETROL,Hyundai
2014,85000,Diesel,Automatic,Second,12.39,147.51,23.0,ROVER FREELANDER 2 SE,Land
2018,14223,Petrol,Manual,First,18.6,81.86,7.32,ELITE I20 PETROL SPORTZ,Hyundai
2014,41210,Petrol,Manual,First,18.0,86.7,4.4,AMAZE S I-VTECH,Honda
2015,20000,Diesel,Automatic,First,18.15,165.0,47.35,M-CLASS ML 350 4MATIC,Mercedes-Benz
2016,18043,Petrol,Manual,First,22.74,47.3,4.12,ALTO 800 VXI,Maruti
2016,80000,Diesel,Automatic,First,11.36,171.5,19.5,INNOVA CRYSTA 2.8 ZX AT,Toyota
2016,21000,Petrol,Automatic,First,18.9,82.0,6.2,GRAND I10 AT ASTA,Hyundai
2016,49000,Diesel,Automatic,First,16.55,97.7,45.0,X3 XDRIVE30D M SPORT,BMW
1998,104000,Petrol,Manual,Second,15.0,97.7,0.85,1000 AC,Maruti
2010,95000,Petrol,Manual,Second,18.5,80.0,2.8,I20 MAGNA,Hyundai
2015,32000,Petrol,Automatic,First,18.9,82.0,4.8,GRAND I10 AT ASTA,Hyundai
2003,80000,Petrol,Manual,Second,17.0,97.7,0.9,SANTRO XING XG,Hyundai
2014,122800,Diesel,Manual,First,25.01,89.75,5.65,FIESTA 1.5 TDCI TITANIUM,Ford
2011,78000,Diesel,Manual,Second,15.0,97.7,14.5,E-CLASS 220 CDI,Mercedes-Benz
2015,69000,Diesel,Manual,First,26.59,74.0,5.9,SWIFT DZIRE VDI,Maruti
2015,65000,Diesel,Manual,Second,23.59,67.04,5.0,ETIOS VXD,Toyota
2015,23000,Petrol,Manual,First,19.1,82.0,4.9,XCENT 1.2 KAPPA BASE,Hyundai
2009,70000,Petrol,Manual,First,13.5,130.0,4.25,CIVIC 2006-2010 1.8 S MT,Honda
2014,53000,Diesel,Manual,First,12.99,100.6,10.9,INNOVA 2.5 GX (DIESEL) 8 SEATER,Toyota
2012,56000,Petrol,Manual,First,13.2,94.0,2.45,ACCENT GLE,Hyundai
2013,30000,Petrol,Manual,First,22.74,47.3,2.5,ALTO 800 LXI,Maruti
2010,35000,Petrol,Automatic,First,8.1,97.7,29.5,SL-CLASS SL 500,Mercedes-Benz
2013,92250,Diesel,Manual,Second,22.7,89.84,5.75,ECOSPORT 1.5 DV5 MT TITANIUM OPTIONAL,Ford
2018,40000,Petrol,Manual,First,20.14,81.86,5.0,XCENT 1.2 VTVT E,Hyundai
2014,96848,Petrol,Automatic,First,14.3,103.6,4.62,RAPID 1.6 MPI AT AMBITION PLUS,Skoda
2016,42000,Diesel,Automatic,First,15.73,174.33,23.5,Q3 2012-2015 35 TDI QUATTRO PREMIUM PLUS,Audi
2013,55886,Diesel,Manual,First,16.0,140.0,7.25,XUV500 W8 2WD,Mahindra
2019,12336,Petrol,Manual,First,17.0,121.3,11.88,VERNA VTVT 1.6 SX OPTION,Hyundai
2009,60000,Petrol,Manual,Third,13.9,103.2,2.25,VERNA XI (PETROL),Hyundai
2003,83000,Petrol,Manual,Second,14.2,92.0,0.85,IKON 1.6 CLXI,Ford
2018,24000,Petrol,Manual,First,19.69,67.04,4.0,MICRA ACTIVE XV,Nissan
2016,32198,Petrol,Automatic,First,16.5,86.8,5.1,BRIO VX AT,Honda
2014,92247,Diesel,Manual,First,12.99,100.6,12.5,INNOVA 2.5 GX (DIESEL) 7 SEATER,Toyota
2011,121311,Diesel,Manual,First,20.64,108.5,2.9,VENTO 1.5 TDI HIGHLINE,Volkswagen
2016,66296,Diesel,Manual,First,16.0,140.0,15.96,XUV500 W10 AWD,Mahindra
2015,41000,Petrol,Automatic,First,16.9,82.0,5.45,XCENT 1.2 KAPPA AT SX OPTION,Hyundai
2017,38681,Diesel,Manual,First,13.5,157.7,23.86,ENDEAVOUR 2.2 TREND MT 4X4,Ford
2008,43761,Petrol,Manual,First,18.0,62.0,1.75,SPARK 1.0 LT,Chevrolet
2017,17400,Diesel,Manual,First,24.52,88.5,9.75,ERTIGA SHVS VDI,Maruti
2013,61510,Diesel,Manual,First,25.8,98.6,4.75,AMAZE S I-DTECH,Honda
2014,60000,Petrol,Manual,First,17.4,117.3,6.25,CITY I VTEC S,Honda
2014,35165,Diesel,Automatic,Second,23.8,112.0,22.0,COOPER COUNTRYMAN D,Mini
2016,41617,Petrol,Automatic,First,14.53,138.1,14.14,COROLLA ALTIS 2008-2013 1.8 VL AT,Toyota
2005,45000,Petrol,Manual,First,17.0,97.7,0.95,SANTRO XING XL ERLX EURO III,Hyundai
2014,65000,Petrol,Automatic,First,13.7,157.75,11.95,SUPERB ELEGANCE 1.8 TSI AT,Skoda
2011,68000,Petrol,Manual,First,18.9,67.1,2.5,WAGON R LXI BS IV,Maruti
2013,49000,Petrol,Manual,First,19.81,68.05,2.75,I10 ERA 1.1,Hyundai
2019,16698,Petrol,Manual,First,23.84,84.0,5.85,TIAGO 1.2 REVOTRON XT OPTION,Tata
2016,30965,Petrol,Manual,First,21.4,83.1,6.25,BALENO ZETA 1.2,Maruti
2014,56058,Petrol,Manual,First,15.04,103.2,4.95,VENTO 1.6 HIGHLINE,Volkswagen
2017,15356,Petrol,Manual,First,18.9,81.86,4.75,GRAND I10 1.2 KAPPA SPORTZ OPTION,Hyundai
2013,54000,Diesel,Manual,First,20.0,68.05,2.55,FIGO DIESEL EXI,Ford
2011,47000,Petrol,Automatic,Second,13.9,130.3,4.5,CIVIC 2010-2013 1.8 V AT SUNROOF,Honda
2015,21652,Petrol,Manual,First,22.74,47.3,3.01,ALTO 800 LXI,Maruti
2016,52000,Diesel,Automatic,First,15.68,177.0,42.0,ROVER RANGE ROVER EVOQUE 2.0 TD4 HSE DYNAMIC,Land
2010,35010,Diesel,Automatic,First,12.4,179.5,11.5,A6 2.7 TDI,Audi
2006,76662,Diesel,Automatic,First,11.0,198.5,10.99,E-CLASS 280 CDI,Mercedes-Benz
2009,89000,Petrol,Automatic,First,17.0,118.0,3.71,CITY 1.5 V AT EXCLUSIVE,Honda
2006,80000,Petrol,Automatic,Third,10.1,152.0,2.0,CR-V 2.4 4WD AT,Honda
2018,39023,Diesel,Manual,First,28.09,88.5,9.48,CIAZ 1.3 ALPHA,Maruti
2004,62000,Petrol,Manual,Second,18.9,67.1,1.25,WAGON R LXI,Maruti
2015,78046,Diesel,Manual,First,19.67,126.2,10.9,CRETA 1.6 CRDI SX OPTION,Hyundai
2015,34400,Diesel,Manual,First,28.09,88.5,5.5,CIAZ VDI PLUS SHVS,Maruti
2016,64624,Petrol,Manual,First,21.1,55.2,3.71,EON D LITE PLUS,Hyundai
2014,69192,Petrol,Manual,First,16.02,93.7,6.25,ERTIGA VXI,Maruti
2012,55000,Diesel,Manual,First,20.54,103.6,4.9,VENTO DIESEL HIGHLINE,Volkswagen
2005,81000,Petrol,Manual,Second,12.8,100.0,1.1,CITY 1.5 GXI,Honda
2016,36733,Petrol,Manual,First,16.47,73.9,4.72,POLO PETROL TRENDLINE 1.2L,Volkswagen
2017,24310,CNG,Manual,First,18.15,40.3,3.7,ALTO 800 2016-2019 CNG LXI,Maruti
2016,43022,Diesel,Automatic,First,17.9,136.0,24.85,GLA CLASS 200 CDI,Mercedes-Benz
2013,74000,Diesel,Manual,First,14.66,194.3,12.25,SANTA FE 4X2,Hyundai
2014,47000,Diesel,Manual,First,22.9,74.0,3.9,SWIFT VDI,Maruti
2017,37460,Petrol,Manual,First,18.6,81.86,6.28,ELITE I20 SPORTZ PLUS,Hyundai
2011,130000,Diesel,Manual,First,14.0,112.0,2.75,XYLO E8 BS IV,Mahindra
2017,31576,Petrol,Manual,First,18.9,82.0,7.85,GRAND I10 ASTA OPTION,Hyundai
2011,66000,Petrol,Manual,First,15.04,103.6,2.95,VENTO PETROL HIGHLINE,Volkswagen
2008,79000,Petrol,Automatic,Second,11.7,177.6,4.85,ACCORD 2.4 A/T,Honda
2011,47140,Diesel,Automatic,Second,13.5,97.7,30.0,S-CLASS S 350 D,Mercedes-Benz
2016,36610,Diesel,Automatic,First,15.0,107.3,19.9,B CLASS B200 CDI,Mercedes-Benz
2016,93000,Diesel,Manual,First,20.5,126.2,10.8,CRETA 1.6 SX OPTION DIESEL,Hyundai
2007,52195,Petrol,Manual,First,19.7,46.3,1.75,ALTO LXI,Maruti
2016,20003,Diesel,Automatic,First,20.38,143.0,19.25,A3 35 TDI PREMIUM,Audi
2013,66314,Diesel,Manual,First,19.87,83.8,5.5,DUSTER 85PS DIESEL RXL,Renault
2009,76000,Diesel,Manual,First,17.8,68.0,2.75,FIESTA 1.4 ZXI TDCI ABS,Ford
2015,29000,Diesel,Manual,First,19.67,126.2,13.0,CRETA 1.6 SX PLUS DIESEL,Hyundai
2011,30000,Diesel,Manual,First,20.0,68.0,3.2,FIGO DIESEL ZXI,Ford
2013,56526,Petrol,Manual,First,15.26,103.5,5.84,POLO PETROL HIGHLINE 1.6L,Volkswagen
2015,38000,Diesel,Automatic,Second,16.8,150.0,24.0,V40 D3 R DESIGN,Volvo
2012,41000,Diesel,Automatic,First,19.08,126.32,6.25,VERNA SX CRDI AT,Hyundai
2009,53000,Diesel,Automatic,First,14.49,97.7,36.0,7 SERIES 2007-2012 730LD,BMW
2003,125000,Diesel,Manual,Third,14.8,68.0,3.0,LANCER GLXD,Mitsubishi
2010,53000,Diesel,Manual,First,11.5,171.0,11.0,FORTUNER 3.0 DIESEL,Toyota
2015,90000,Diesel,Manual,First,26.21,88.5,6.5,CIAZ VDI PLUS,Maruti
2018,11000,Diesel,Manual,First,24.3,88.5,9.4,VITARA BREZZA VDI OPTION,Maruti
2018,21936,Diesel,Automatic,First,21.76,190.0,37.92,3 SERIES LUXURY LINE,BMW
2013,41000,Petrol,Automatic,First,14.4,103.6,5.25,VENTO PETROL HIGHLINE AT,Volkswagen
2011,47000,Petrol,Manual,First,17.0,80.0,4.5,I20 1.2 ASTA,Hyundai
2009,110000,Diesel,Automatic,First,11.0,97.7,18.0,X5 3.0D,BMW
2015,45960,Petrol,Manual,First,19.1,82.0,5.56,XCENT 1.2 KAPPA S,Hyundai
2013,48000,Diesel,Automatic,First,14.21,203.0,22.0,E-CLASS 2009-2013 E250 CDI BLUE EFFICIENCY,Mercedes-Benz
2011,68000,Diesel,Automatic,First,12.39,147.51,22.0,ROVER FREELANDER 2 SE,Land
2011,41000,Petrol,Manual,First,20.36,78.9,2.65,I10 MAGNA,Hyundai
2013,69573,Diesel,Manual,Second,22.32,126.32,5.85,VERNA 1.6 SX CRDI (O),Hyundai
2012,115000,Diesel,Manual,First,19.33,138.1,6.95,JETTA 2012-2014 2.0L TDI HIGHLINE,Volkswagen
2012,47629,Diesel,Manual,First,15.1,140.0,6.5,XUV500 W8 2WD,Mahindra
2004,66624,Petrol,Manual,Third,19.7,35.0,0.85,OMNI 8 SEATER BSII,Maruti
2013,80000,Petrol,Automatic,Second,14.67,177.46,7.25,SUPERB STYLE 1.8 TSI AT,Skoda
2012,94868,Diesel,Manual,First,22.9,74.0,4.5,SWIFT VDI,Maruti
2010,76477,Diesel,Manual,First,10.5,120.0,4.25,SCORPIO 2.6 LX,Mahindra
2016,28000,Petrol,Automatic,First,13.7,183.0,26.0,GLA CLASS 200 SPORT EDITION,Mercedes-Benz
2017,28599,Diesel,Manual,First,16.55,105.0,9.66,THAR CRDE,Mahindra
2013,45348,Diesel,Manual,Second,19.01,108.45,6.85,DUSTER 110PS DIESEL RXZ,Renault
2013,80127,Diesel,Automatic,First,12.8,167.6,23.68,Q5 2008-2012 2.0 TDI,Audi
2013,68000,Diesel,Automatic,Second,12.39,147.51,15.75,ROVER FREELANDER 2 SE,Land
2012,75000,Diesel,Manual,Third,20.54,103.6,3.5,VENTO DIESEL COMFORTLINE,Volkswagen
2006,48000,Petrol,Automatic,Second,11.62,97.7,6.99,5 SERIES 2003-2012 540I SEDAN,BMW
2019,41871,Diesel,Manual,First,22.7,126.2,15.57,ELANTRA CRDI SX,Hyundai
2015,84931,Diesel,Manual,First,15.3,83.8,5.29,SUMO EX,Tata
2016,15000,Petrol,Manual,First,22.7,53.64,2.25,REDI-GO T,Datsun
2009,110000,Diesel,Automatic,First,11.7,97.7,20.0,X5 XDRIVE 30D,BMW
2011,5900,Petrol,Automatic,First,7.94,97.7,47.5,6 SERIES 630I COUPE,BMW
2002,103653,Petrol,Manual,Second,18.9,47.0,1.22,ALTO VXI 1.1,Maruti
2012,64806,Petrol,Manual,First,16.47,73.9,3.65,POLO PETROL COMFORTLINE 1.2L,Volkswagen
2016,35000,Petrol,Manual,First,20.62,67.0,3.1,GO PLUS A,Datsun
2016,40000,Petrol,Manual,First,15.29,121.3,11.5,CRETA 1.6 VTVT S,Hyundai
2015,23876,Petrol,Manual,First,24.07,67.1,3.46,ALTO K10 VXI,Maruti
2013,67901,Diesel,Manual,First,14.66,194.3,8.38,SANTA FE 4X4,Hyundai
2014,68865,Diesel,Manual,First,15.11,103.6,4.8,POLO GT TDI,Volkswagen
2014,71000,Diesel,Manual,Second,25.8,98.6,4.5,AMAZE S I-DTECH,Honda
2004,95000,Petrol,Manual,First,15.9,97.7,0.8,ESTEEM VXI,Maruti
2014,25000,Diesel,Manual,First,22.9,74.0,3.95,SWIFT VDI,Maruti
2012,53000,Diesel,Manual,First,20.5,103.5,3.65,RAPID 1.6 TDI AMBITION,Skoda
2005,131000,Diesel,Automatic,First,11.0,198.5,10.0,E-CLASS 280 CDI,Mercedes-Benz
2011,65000,Diesel,Manual,Second,12.05,120.0,4.0,SCORPIO SLE BSIV,Mahindra
2012,117777,Diesel,Manual,First,21.64,84.8,4.75,SUNNY 2011-2014 DIESEL XL,Nissan
2009,65000,Petrol,Manual,Second,17.5,85.8,3.1,SWIFT DZIRE VXI,Maruti
2017,46897,Petrol,Manual,First,21.1,55.2,3.61,EON SPORTZ,Hyundai
2015,36695,Petrol,Manual,First,19.4,86.8,4.29,BRIO S MT,Honda
2011,43000,Petrol,Manual,First,18.06,75.0,2.13,MICRA XV PRIMO,Nissan
2008,54000,Petrol,Manual,First,19.7,46.3,1.1,ALTO LXI BSII,Maruti
2011,89000,Diesel,Automatic,First,22.69,190.0,13.95,3 SERIES 320D,BMW
2014,7000,Petrol,Manual,First,16.47,74.0,5.35,POLO 1.2 MPI HIGHLINE,Volkswagen
2014,58470,Petrol,Manual,First,23.1,67.04,3.9,CELERIO LXI,Maruti
2014,37000,Petrol,Manual,First,21.5,81.8,2.8,WAGON R VXI 1.2,Maruti
2016,29000,Diesel,Manual,First,26.21,88.5,8.75,CIAZ ZDI PLUS,Maruti
2013,52000,Diesel,Automatic,First,16.55,147.51,19.5,A4 2.0 TDI,Audi
2013,32807,Petrol,Manual,First,19.4,86.8,2.75,BRIO S MT,Honda
2013,86000,Diesel,Automatic,First,11.79,120.0,8.0,SCORPIO VLX 2WD AT BSIV,Mahindra
2014,66500,Diesel,Manual,First,26.0,98.6,5.7,CITY I DTEC V,Honda
2012,94000,Diesel,Automatic,First,17.05,184.0,12.5,X1 SDRIVE20D,BMW
2011,29000,Petrol,Manual,Second,18.0,62.0,1.75,SPARK 1.0 LT,Chevrolet
2010,107389,Diesel,Manual,Second,20.0,68.0,1.9,FIGO DIESEL EXI,Ford
2015,36100,Petrol,Manual,First,20.4,81.8,4.5,SWIFT VXI BSIV,Maruti
2015,16329,Diesel,Automatic,First,19.27,170.0,30.3,NEW C-CLASS C 220 CDI AVANTGARDE,Mercedes-Benz
2014,36000,Diesel,Automatic,First,19.3,141.0,16.0,OCTAVIA ELEGANCE 2.0 TDI AT,Skoda
2017,41816,Diesel,Automatic,First,18.56,190.0,32.78,X3 XDRIVE20D XLINE,BMW
2015,54680,Petrol,Manual,First,21.1,55.2,2.5,EON ERA PLUS,Hyundai
2017,14000,Diesel,Automatic,First,18.25,187.74,43.0,A4 35 TDI TECHNOLOGY,Audi
2017,23977,Petrol,Manual,First,18.16,86.8,5.38,FIGO 2015-2019 1.2P TITANIUM MT,Ford
2013,30131,Petrol,Manual,First,20.92,67.1,2.65,ALTO K10 2010-2014 VXI,Maruti
2017,2530,Petrol,Manual,First,24.7,47.3,3.3,ALTO 800 2016-2019 VXI,Maruti
2015,39000,Diesel,Automatic,First,19.27,167.62,34.0,NEW C-CLASS C 220 CDI STYLE,Mercedes-Benz
2001,53000,Petrol,Manual,Third,20.3,68.0,0.7,SANTRO D LITE,Hyundai
2017,32257,Diesel,Manual,First,24.4,71.0,6.83,XCENT 1.1 CRDI S,Hyundai
2016,46983,Diesel,Manual,First,25.8,98.6,5.77,AMAZE S I-DTECH,Honda
2008,107000,Diesel,Manual,Second,17.8,75.0,3.1,SWIFT VDI BSIII,Maruti
2017,19000,Petrol,Manual,First,16.2,74.0,4.95,POLO 1.2 MPI COMFORTLINE,Volkswagen
2013,88000,Diesel,Automatic,First,17.11,174.33,16.25,A4 2.0 TDI 177 BHP PREMIUM PLUS,Audi
2012,84384,Diesel,Automatic,First,10.2,97.7,52.54,ROVER RANGE ROVER 3.6 TDV8 VOGUE SE,Land
2011,128000,Diesel,Manual,Third,16.0,140.0,6.4,XUV500 W8 2WD,Mahindra
2011,71000,Diesel,Manual,Third,13.1,141.0,6.95,ENDEAVOUR 2.5L 4X2,Ford
2008,50000,Diesel,Manual,First,17.2,53.5,0.85,INDICA V2 DLX,Tata
2016,16000,Petrol,Manual,First,21.4,83.1,6.95,BALENO ALPHA,Maruti
2017,82000,Diesel,Manual,First,24.4,71.0,3.45,XCENT 1.1 CRDI BASE,Hyundai
2008,80000,Petrol,Manual,First,13.5,130.0,2.75,CIVIC 2006-2010 1.8 S MT,Honda
2015,36000,Petrol,Manual,Second,18.6,81.83,4.95,I20 SPORTZ OPTION 1.2,Hyundai
2018,17477,Petrol,Manual,First,17.0,108.5,9.62,NEXON 1.2 REVOTRON XZ PLUS,Tata
2016,16725,Petrol,Manual,First,18.6,81.83,6.79,I20 SPORTZ 1.2,Hyundai
2014,48241,Petrol,Manual,First,19.1,85.8,4.5,SWIFT DZIRE ZXI,Maruti
2014,52431,Petrol,Manual,First,22.5,67.04,3.01,WAGON R LXI,Maruti
2012,68000,Diesel,Manual,First,21.9,88.76,4.4,I20 SPORTZ 1.4 CRDI,Hyundai
2012,53000,Diesel,Automatic,First,12.55,168.5,17.49,FORTUNER 4X2 AT,Toyota
2014,31446,Petrol,Manual,First,20.36,78.9,4.66,I10 SPORTZ,Hyundai
2015,25000,Petrol,Manual,First,18.9,82.0,5.5,GRAND I10 ASTA,Hyundai
2016,57000,Petrol,Manual,First,18.6,81.83,6.0,I20 ASTA 1.2,Hyundai
2007,76000,Petrol,Automatic,First,17.0,97.7,2.4,SANTRO XING XL AT ERLX EURO II,Hyundai
2018,57078,Diesel,Manual,First,24.3,88.5,10.19,VITARA BREZZA ZDI PLUS,Maruti
2016,47471,Diesel,Manual,First,25.8,98.6,5.25,AMAZE S I-DTECH,Honda
2014,50000,Diesel,Automatic,First,15.26,203.2,45.0,M-CLASS ML 250 CDI,Mercedes-Benz
2010,62000,Diesel,Manual,First,23.0,90.0,2.7,I20 SPORTZ DIESEL,Hyundai
2013,65807,Petrol,Manual,First,19.81,68.05,3.39,I10 ERA,Hyundai
2014,81768,Diesel,Manual,First,26.59,74.0,5.69,SWIFT DZIRE VDI,Maruti
2018,9952,Petrol,Automatic,First,10.37,97.7,58.54,Z4 2009-2013 ROADSTER 2.5I,BMW
2017,24000,Diesel,Manual,First,27.39,74.0,8.4,BALENO ALPHA DIESEL,Maruti
2012,72921,Diesel,Manual,First,25.44,57.6,2.5,BEAT DIESEL,Chevrolet
2012,59000,Petrol,Manual,First,19.4,86.8,3.25,BRIO V MT,Honda
2014,33000,Diesel,Manual,Second,20.0,68.05,3.25,FIGO DIESEL TITANIUM,Ford
2016,36789,Petrol,Automatic,First,23.1,67.04,4.25,CELERIO VXI AT,Maruti
2014,41000,Diesel,Automatic,First,14.84,170.0,18.5,NEW C-CLASS C 220 CDI ELEGANCE AT,Mercedes-Benz
2007,71000,Petrol,Automatic,First,17.0,97.7,2.4,SANTRO XING XL AT ERLX EURO III,Hyundai
2015,46650,Petrol,Manual,First,19.4,86.8,4.25,BRIO S MT,Honda
2018,3000,Petrol,Automatic,First,21.4,83.1,8.85,BALENO ALPHA CVT,Maruti
2014,14799,Petrol,Manual,First,21.1,55.2,4.14,EON SPORTZ,Hyundai
2011,44000,Electric,Automatic,First,18.15,73.0,12.75,PRIUS 2009-2016 Z4,Toyota
2015,68525,Diesel,Manual,First,23.0,90.0,7.0,I20 1.4 CRDI SPORTZ,Hyundai
2018,15000,Diesel,Automatic,First,10.91,197.0,33.0,ENDEAVOUR 3.2 TITANIUM AT 4X4,Ford
2017,29000,Petrol,Manual,First,17.4,117.3,10.0,CITY I-VTEC VX,Honda
2012,77407,Diesel,Manual,Second,21.5,88.8,3.53,SX4 ZDI,Maruti
2007,118000,Petrol,Manual,First,12.9,102.5,1.35,OPTRA MAGNUM 1.6 LS PETROL,Chevrolet
2013,75000,Diesel,Manual,First,20.54,103.6,4.5,VENTO DIESEL HIGHLINE,Volkswagen
2012,69000,Petrol,Manual,First,16.8,116.3,4.9,CITY V MT,Honda
2016,52553,Diesel,Manual,First,19.67,126.2,12.26,CRETA 1.6 CRDI SX OPTION,Hyundai
2014,58000,Diesel,Manual,Second,24.4,71.0,3.99,XCENT 1.1 CRDI SX,Hyundai
2017,24000,Diesel,Automatic,First,17.9,170.0,46.95,GLC 220D 4MATIC STYLE,Mercedes-Benz
2015,65542,Diesel,Manual,First,20.0,68.0,3.8,FIGO DIESEL EXI,Ford
2013,68008,Diesel,Manual,Second,15.0,105.0,6.75,JETTA 2007-2011 2.0 TDI TRENDLINE,Volkswagen
2017,22251,Diesel,Manual,First,18.49,100.0,8.75,TUV 300 2015-2019 T8,Mahindra
2013,55000,Petrol,Manual,Second,15.8,110.0,5.2,ECOSPORT 1.5 TI VCT MT TITANIUM,Ford
2017,19387,Petrol,Manual,First,17.1,121.3,8.42,VERNA 1.6 SX VTVT (O),Hyundai
2014,58000,CNG,Manual,First,26.6,58.16,3.0,WAGON R LXI CNG,Maruti
2016,24001,Petrol,Manual,First,18.6,81.83,5.75,I20 SPORTZ 1.2,Hyundai
2008,17000,Diesel,Automatic,First,15.2,140.8,9.75,A4 NEW 2.0 TDI MULTITRONIC,Audi
2015,28500,Petrol,Manual,First,19.49,67.04,3.5,MICRA ACTIVE XV S,Nissan
2014,66000,Diesel,Automatic,First,15.26,203.2,30.0,M-CLASS ML 250 CDI,Mercedes-Benz
2017,22000,Diesel,Automatic,First,12.83,147.5,35.0,ROVER DISCOVERY SPORT TD4 S,Land
2018,44383,Petrol,Manual,First,15.8,121.3,13.25,CRETA 1.6 SX OPTION EXECUTIVE,Hyundai
2013,45000,Diesel,Manual,First,20.5,103.5,3.65,RAPID 1.6 TDI ACTIVE,Skoda
2015,58000,Diesel,Manual,First,23.4,74.0,5.25,SWIFT DZIRE VDI,Maruti
2016,69000,Petrol,Manual,First,15.8,121.3,9.7,CRETA 1.6 SX,Hyundai
2017,60993,Diesel,Manual,First,24.0,70.0,5.21,GRAND I10 CRDI SPORTZ,Hyundai
2016,67000,Diesel,Manual,First,18.49,100.0,6.3,TUV 300 T8,Mahindra
2014,51134,Diesel,Manual,First,24.0,70.0,4.72,GRAND I10 CRDI SPORTZ,Hyundai
2011,55000,Diesel,Automatic,Second,11.7,97.7,28.0,X5 XDRIVE 30D,BMW
2018,25082,Diesel,Automatic,First,28.4,73.75,8.37,DZIRE AMT VDI,Maruti
2012,68350,Diesel,Manual,First,12.55,168.5,14.0,FORTUNER 4X4 MT,Toyota
2015,50000,Diesel,Automatic,First,17.68,174.33,36.0,A6 2011-2015 35 TDI TECHNOLOGY,Audi
2015,97000,Diesel,Manual,First,27.3,98.6,6.4,JAZZ 1.5 V I DTEC,Honda
2015,56238,Diesel,Automatic,First,11.33,97.7,51.69,Q7 4.2 TDI QUATTRO TECHNOLOGY,Audi
2014,72618,Diesel,Manual,First,12.05,120.0,8.0,SCORPIO 2009-2014 VLX 2WD 7S BSIV,Mahindra
2012,62005,Diesel,Manual,First,18.3,147.9,9.8,CRUZE LTZ,Chevrolet
2012,61250,Diesel,Manual,First,25.44,57.6,2.7,BEAT DIESEL LT,Chevrolet
2014,28469,Diesel,Automatic,First,18.25,187.74,24.37,A4 35 TDI PREMIUM PLUS,Audi
2018,21488,Petrol,Automatic,First,14.3,103.52,9.72,RAPID 1.6 MPI AT STYLE,Skoda
2014,53000,Diesel,Manual,First,23.4,74.0,5.0,SWIFT DZIRE VDI,Maruti
2009,53000,Diesel,Manual,Second,11.5,171.0,10.5,FORTUNER 3.0 DIESEL,Toyota
2012,53000,Diesel,Manual,Second,22.9,74.0,3.9,SWIFT VDI,Maruti
2012,67590,Petrol,Manual,First,17.0,118.0,5.65,CITY 1.5 V MT EXCLUSIVE,Honda
2012,52000,Diesel,Automatic,First,15.26,203.2,29.95,M-CLASS ML 250 CDI,Mercedes-Benz
2008,100000,Diesel,Manual,Second,17.8,75.0,3.0,SWIFT LDI BSIII,Maruti
2017,60048,Diesel,Manual,First,26.1,99.0,6.0,ASPIRE TITANIUM DIESEL,Ford
2009,48000,Petrol,Manual,First,20.36,78.9,2.11,I10 SPORTZ,Hyundai
2010,47000,Petrol,Manual,First,14.6,97.7,1.49,PUNTO 1.4 EMOTION,Fiat
2011,100000,Petrol,Manual,First,19.7,46.3,1.5,ALTO LXI,Maruti
2013,62601,Diesel,Manual,First,23.59,97.7,4.67,ETIOS LIVA GD,Toyota
2006,80010,Petrol,Manual,Second,20.4,81.8,2.85,SWIFT VXI BSIV,Maruti
2017,26493,Diesel,Automatic,First,19.27,170.0,33.64,NEW C-CLASS C 220 CDI AVANTGARDE,Mercedes-Benz
2011,96000,Diesel,Manual,Second,17.88,52.8,0.91,INDICA V2 DLE BSIII,Tata
2014,45700,Petrol,Manual,Second,22.74,47.3,2.42,ALTO 800 VXI,Maruti
2005,13000,Petrol,Automatic,First,9.3,193.1,3.25,SUPERB 2.8 V6 AT,Skoda
2013,38000,Petrol,Manual,First,16.47,73.9,2.8,POLO PETROL COMFORTLINE 1.2L,Volkswagen
2019,8018,Petrol,Automatic,First,22.0,81.8,8.3,DZIRE AMT ZXI PLUS,Maruti
2010,53000,Diesel,Manual,Third,12.05,120.0,5.25,SCORPIO VLX,Mahindra
2010,53000,Diesel,Manual,First,17.8,75.0,2.9,SWIFT VDI BSIII,Maruti
2013,71000,Diesel,Automatic,First,18.88,184.0,15.0,3 SERIES 320D PRESTIGE,BMW
2012,80000,Petrol,Manual,Second,25.4,37.5,0.53,NANO STD SE,Tata
2014,87143,Diesel,Manual,First,12.99,100.0,12.5,INNOVA 2.5 VX (DIESEL) 8 SEATER,Toyota
2012,25000,Petrol,Manual,First,18.4,86.8,2.75,BRIO S OPTION MT,Honda
2018,2000,Petrol,Automatic,First,23.84,83.83,5.0,TIAGO AMT 1.2 REVOTRON XZA,Tata
2014,45239,Diesel,Manual,First,12.05,120.0,7.09,SCORPIO SLE BSIV,Mahindra
2011,101999,Diesel,Automatic,First,16.73,218.0,19.99,5 SERIES 2003-2012 525D,BMW
2014,74219,Diesel,Manual,First,21.43,87.2,10.75,COROLLA ALTIS D-4D GL,Toyota
2016,25000,Petrol,Automatic,First,18.0,117.3,9.45,CITY I VTEC CVT VX,Honda
2008,109606,Diesel,Manual,First,22.0,126.2,2.9,VERNA CRDI 1.6 SX OPTION,Hyundai
2015,36000,Diesel,Manual,First,26.59,74.0,4.7,SWIFT DZIRE VDI OPTIONAL,Maruti
2016,41810,Petrol,Manual,First,20.73,91.1,7.11,CIAZ ZXI,Maruti
2014,93321,Diesel,Manual,First,22.7,89.84,6.25,ECOSPORT 1.5 DV5 MT TITANIUM,Ford
2011,81000,Petrol,Manual,First,20.92,67.1,2.2,ALTO K10 2010-2014 VXI,Maruti
2019,25717,Petrol,Automatic,First,19.0,88.76,8.86,AMAZE V CVT PETROL,Honda
2015,37000,Diesel,Manual,First,15.1,140.0,9.3,XUV500 W6 2WD,Mahindra
2017,56380,Diesel,Manual,First,18.49,100.0,7.57,TUV 300 2015-2019 T8,Mahindra
2017,8000,Petrol,Manual,First,18.2,88.7,7.9,JAZZ VX,Honda
2018,14589,Petrol,Manual,First,16.1,88.2,5.65,SWIFT VXI BSIII W/ ABS,Maruti
2013,65088,Petrol,Manual,First,16.47,73.9,3.25,POLO PETROL HIGHLINE 1.2L,Volkswagen
2019,24864,Diesel,Manual,First,20.5,126.2,16.27,CRETA 1.6 SX OPTION DIESEL,Hyundai
2011,64831,Petrol,Manual,First,18.6,79.4,3.21,BEAT LS,Chevrolet
2013,38001,Diesel,Manual,First,25.8,98.6,3.9,AMAZE VX I-DTEC,Honda
2008,77000,Petrol,Automatic,Second,10.0,157.7,6.5,E-CLASS 230 E AT,Mercedes-Benz
2016,27000,Diesel,Automatic,First,18.59,97.7,48.0,5 SERIES 530D M SPORT,BMW
2016,39000,Diesel,Automatic,First,20.38,143.0,18.9,A3 35 TDI PREMIUM PLUS,Audi
2015,131000,Diesel,Manual,First,26.59,74.0,3.6,SWIFT DZIRE VDI,Maruti
2015,43000,Diesel,Manual,First,26.59,74.0,5.5,SWIFT DZIRE VDI,Maruti
2011,68000,Diesel,Manual,Second,12.8,102.0,7.0,INNOVA 2.5 V DIESEL 7-SEATER,Toyota
2016,45165,Diesel,Automatic,First,16.09,184.0,41.75,X3 XDRIVE20D,BMW
2007,120000,Diesel,Automatic,First,16.73,218.0,10.5,5 SERIES 2003-2012 525D,BMW
2014,86091,Diesel,Manual,First,15.1,140.0,10.09,XUV500 W8 2WD,Mahindra
2009,71499,Petrol,Manual,First,17.0,118.0,3.0,CITY 1.5 S MT,Honda
2014,50000,Diesel,Manual,First,17.0,139.01,12.0,ONE LX 4X4,Force
2015,66000,Diesel,Manual,First,20.14,88.0,4.91,POLO 1.5 TDI COMFORTLINE,Volkswagen
2010,45000,Petrol,Manual,First,16.0,90.0,2.0,JAZZ S,Honda
2015,69189,Diesel,Manual,First,23.59,67.06,5.3,ETIOS LIVA GD SP,Toyota
2014,40206,Diesel,Manual,First,19.01,108.5,7.22,TERRANO XV PREMIUM 110 PS,Nissan
2017,36723,Diesel,Automatic,First,18.56,190.0,32.57,X3 XDRIVE 20D XLINE,BMW
2010,57500,Petrol,Manual,First,18.5,80.0,2.75,I20 1.2 MAGNA,Hyundai
2018,43912,CNG,Manual,First,15.1,73.0,4.33,EECO 5 STR WITH AC PLUS HTR CNG,Maruti
2011,52000,Diesel,Manual,First,17.8,68.0,3.75,FIESTA EXI 1.4 TDCI LTD,Ford
2014,60952,Petrol,Automatic,First,16.8,118.0,5.91,CITY 1.5 V AT,Honda
2013,87192,Diesel,Manual,First,25.2,74.0,4.35,SWIFT VDI BSIV,Maruti
2014,58000,Diesel,Manual,First,24.0,70.0,3.25,GRAND I10 CRDI SPORTZ EDITION,Hyundai
2017,59500,Diesel,Automatic,First,14.75,97.7,68.0,Q7 45 TDI QUATTRO TECHNOLOGY,Audi
2016,16650,Petrol,Manual,First,17.0,74.0,5.5,AMEO 1.2 MPI HIGHLINE 16 ALLOY,Volkswagen
2018,34696,Petrol,Automatic,First,18.0,117.3,12.08,CITY I VTEC CVT VX,Honda
2018,42243,Diesel,Manual,First,27.39,74.0,7.48,BALENO ALPHA 1.3,Maruti
2016,57824,Diesel,Manual,First,24.0,70.0,5.5,GRAND I10 CRDI SPORTZ,Hyundai
2011,110000,Diesel,Manual,First,19.3,73.9,3.5,SWIFT DZIRE VDI,Maruti
2006,63000,Petrol,Manual,First,16.1,97.7,1.6,SWIFT 1.3 VXI,Maruti
2013,72000,Diesel,Automatic,First,18.15,115.0,15.5,ROVER FREELANDER 2 TD4 HSE,Land
2013,63455,Diesel,Manual,First,11.5,171.0,19.0,FORTUNER 3.0 DIESEL,Toyota
2017,17151,Diesel,Manual,First,27.3,98.6,8.4,JAZZ VX DIESEL,Honda
2016,31001,Diesel,Manual,First,24.3,88.5,7.25,VITARA BREZZA LDI OPTION,Maruti
2014,42109,Diesel,Manual,First,23.4,74.0,4.25,SWIFT DZIRE VDI,Maruti
2015,55000,Diesel,Automatic,Second,21.66,103.52,5.7,RAPID 1.5 TDI AT ELEGANCE,Skoda
2013,46000,Diesel,Automatic,Second,18.15,115.0,26.0,ROVER FREELANDER 2 TD4 SE,Land
2013,30852,Petrol,Manual,First,22.74,47.3,2.49,ALTO 800 LXI,Maruti
2011,65000,Petrol,Manual,Second,16.47,73.9,3.0,POLO PETROL HIGHLINE 1.2L,Volkswagen
2015,65000,Diesel,Manual,First,26.0,98.6,5.95,CITY I DTEC SV,Honda
2013,72000,Diesel,Manual,First,23.4,74.0,2.69,SWIFT DZIRE LDI,Maruti
2014,29000,Diesel,Automatic,First,17.11,174.33,26.0,A4 2.0 TDI 177 BHP TECHNOLOGY EDITION,Audi
2015,32000,Petrol,Manual,First,17.8,117.3,5.5,CITY I VTEC VX,Honda
2016,29875,Petrol,Manual,First,18.16,86.8,4.85,FIGO ASPIRE 1.2 TI-VCT AMBIENTE,Ford
2018,32539,Diesel,Manual,First,24.3,88.5,8.39,VITARA BREZZA LDI,Maruti
2015,83090,Diesel,Manual,First,19.01,108.45,7.99,DUSTER 110PS DIESEL RXL,Renault
2016,62679,Diesel,Manual,First,21.19,88.73,6.95,I20 ACTIVE 1.4 SX,Hyundai
2010,93000,Petrol,Manual,First,15.7,75.0,1.5,LOGAN PETROL 1.4 GLE,Mahindra
2006,44000,Petrol,Manual,First,17.7,78.0,1.55,CITY ZX GXI,Honda
2010,78400,Petrol,Manual,Second,15.6,70.0,2.75,FIGO PETROL EXI,Ford
2014,71300,Petrol,Manual,First,13.06,102.53,4.25,DUSTER PETROL RXL,Renault
2015,18000,Petrol,Manual,First,20.36,78.9,2.85,I10 SPORTZ 1.2,Hyundai
2019,24013,Diesel,Automatic,First,12.81,148.31,56.14,ROVER DISCOVERY SPORT TD4 HSE 7S,Land
2009,99100,Petrol,Automatic,Second,9.74,208.0,10.0,Q5 2008-2012 2.0 TFSI QUATTRO,Audi
2003,62000,Petrol,Manual,Second,11.3,83.1,1.25,VERSA DX2 BS II,Maruti
2017,14000,Diesel,Manual,First,26.59,74.0,7.5,SWIFT DZIRE ZDI,Maruti
2015,44811,Diesel,Automatic,First,17.11,174.33,25.81,A4 2.0 TDI PREMIUM SPORT LIMITED EDITION,Audi
2014,44000,Petrol,Manual,First,16.47,74.0,4.3,POLO 1.2 MPI COMFORTLINE,Volkswagen
2010,53000,Diesel,Manual,Second,11.5,171.0,11.0,FORTUNER 3.0 DIESEL,Toyota
2010,53000,Diesel,Manual,Second,11.5,171.0,11.75,FORTUNER 3.0 DIESEL,Toyota
2012,94989,Petrol,Manual,First,12.8,177.6,6.58,ACCORD 2.4 MT,Honda
2012,58133,Diesel,Manual,First,22.9,74.0,4.8,SWIFT ZDI,Maruti
2008,61000,Petrol,Manual,Second,17.5,70.0,1.65,FABIA 1.2 MPI CLASSIC,Skoda
2017,27000,Diesel,Manual,First,17.1,170.0,15.0,COMPASS 2.0 SPORT,Jeep
2014,18050,Petrol,Manual,Second,25.4,37.5,1.0,NANO TWIST XT,Tata
2007,53000,Petrol,Manual,First,15.3,101.0,1.65,FIESTA 1.6 ZXI ABS,Ford
2015,42000,Diesel,Manual,First,27.62,47.0,3.6,CELERIO ZDI,Maruti
2011,86000,Diesel,Manual,First,11.5,171.0,11.5,FORTUNER 3.0 DIESEL,Toyota
2015,42150,Diesel,Manual,First,27.62,47.0,3.6,CELERIO ZDI,Maruti
2015,30158,Petrol,Manual,First,21.1,55.2,3.05,EON ERA PLUS,Hyundai
2011,47000,Diesel,Manual,Second,23.5,90.0,6.0,FIESTA DIESEL TREND,Ford
2013,39000,Petrol,Manual,First,16.47,74.0,3.75,POLO 1.2 MPI COMFORTLINE,Volkswagen
2016,32125,Petrol,Manual,First,16.2,74.0,6.17,POLO 1.2 MPI COMFORTLINE,Volkswagen
2017,58829,Diesel,Manual,First,24.3,88.5,9.05,VITARA BREZZA ZDI,Maruti
2013,67559,Petrol,Manual,First,19.4,86.8,4.05,BRIO S MT,Honda
2013,55000,Petrol,Manual,First,17.5,85.8,4.25,SWIFT DZIRE VXI,Maruti
2018,30000,Petrol,Manual,First,23.1,67.04,3.75,CELERIO LXI MT,Maruti
2016,28000,Petrol,Automatic,First,13.0,121.3,11.85,CRETA 1.6 SX PLUS PETROL AUTOMATIC,Hyundai
2016,31826,Diesel,Manual,First,22.7,89.84,8.24,ECOSPORT 1.5 DV5 MT TITANIUM,Ford
2016,64000,Diesel,Manual,First,17.8,97.7,5.99,SWIFT VDI BSIV W ABS,Maruti
2008,100009,Petrol,Manual,Second,13.1,141.1,6.5,CR-V RVI MT,Honda
2019,17201,Diesel,Automatic,First,12.51,187.7,58.91,ROVER DISCOVERY SPORT SD4 HSE LUXURY 7S,Land
2014,74345,Diesel,Manual,First,15.1,140.0,8.0,XUV500 W8 2WD,Mahindra
2015,58134,Petrol,Manual,First,16.47,74.0,4.64,POLO 1.2 MPI HIGHLINE,Volkswagen
2010,30566,Petrol,Automatic,First,19.2,80.0,3.32,I10 MAGNA AT,Hyundai
2012,55231,Petrol,Manual,Second,20.36,78.9,2.78,I10 MAGNA 1.2,Hyundai
2016,67774,Diesel,Automatic,First,14.81,163.7,8.95,CRUZE LTZ AT,Chevrolet
2013,50319,Petrol,Automatic,First,12.0,181.03,21.95,E-CLASS E 200 CGI,Mercedes-Benz
2013,45000,Petrol,Manual,First,11.7,134.0,7.9,SONATA 2.4 GDI,Hyundai
2007,43627,Petrol,Automatic,First,11.74,186.0,29.0,NEW C-CLASS C 200 KOMPRESSOR ELEGANCE AT,Mercedes-Benz
2013,45000,Diesel,Manual,First,22.07,73.9,3.25,POLO DIESEL TRENDLINE 1.2L,Volkswagen
2014,10500,Petrol,Manual,First,17.4,117.3,5.9,CITY I VTEC SV,Honda
2017,21789,Diesel,Manual,First,24.3,88.5,9.88,VITARA BREZZA ZDI,Maruti
2019,21134,Petrol,Manual,First,18.6,81.86,8.78,ELITE I20 ASTA OPTION,Hyundai
2011,90000,Diesel,Manual,Second,13.93,138.1,2.75,NEW SAFARI DICOR EX 4X2,Tata
2014,51553,Diesel,Manual,First,21.64,84.8,5.98,SUNNY 2011-2014 DIESEL XL,Nissan
2011,31000,Petrol,Automatic,First,10.9,215.0,31.0,3 SERIES 330 CI CONVERTIBLE,BMW
2011,67422,Petrol,Manual,Second,14.53,138.0,3.55,COROLLA 1.8 J,Toyota
2015,60519,Diesel,Manual,First,22.32,126.32,6.24,VERNA 1.6 SX,Hyundai
2009,34000,Diesel,Manual,First,19.3,73.9,2.19,SWIFT DZIRE VDI,Maruti
2013,68434,Diesel,Manual,First,28.4,73.75,5.5,DZIRE VDI,Maruti
2014,17000,Petrol,Manual,First,24.07,67.1,2.1,ALTO K10 VXI,Maruti
2011,43686,Petrol,Automatic,First,10.5,97.7,50.66,XJ 5.0 L V8 SUPERCHARGED,Jaguar
2012,22000,Diesel,Automatic,First,14.84,170.0,14.0,NEW C-CLASS 220 CDI AT,Mercedes-Benz
2013,79225,Diesel,Manual,First,22.0,126.2,5.5,VERNA CRDI 1.6 SX OPTION,Hyundai
2007,63000,Petrol,Manual,Third,14.2,102.0,1.2,AVEO 1.6 LT,Chevrolet
2014,61922,Petrol,Manual,First,20.4,81.8,5.3,SWIFT VXI BSIV,Maruti
2015,85000,Diesel,Manual,First,23.9,126.2,6.3,VERNA 1.6 CRDI S,Hyundai
2017,26192,Diesel,Automatic,First,17.9,168.0,40.47,GLC 220D CELEBRATION EDITION,Mercedes-Benz
2013,65000,Diesel,Manual,First,13.0,168.5,16.1,FORTUNER 4X2 MANUAL,Toyota
2014,44999,Diesel,Automatic,First,12.8,167.6,25.0,Q5 2008-2012 2.0 TDI,Audi
2008,81308,Diesel,Automatic,Second,13.2,170.0,7.95,3 SERIES 320D DYNAMIC,BMW
2016,35000,Petrol,Manual,First,24.7,47.3,2.65,ALTO 800 2016-2019 LXI,Maruti
2012,65349,Petrol,Manual,First,20.92,67.1,2.81,ALTO K10 2010-2014 VXI,Maruti
2012,80000,Petrol,Automatic,First,15.64,167.62,17.5,A4 1.8 TFSI TECHNOLOGY EDITION,Audi
2012,61000,Petrol,Manual,First,16.1,85.0,3.3,SWIFT VXI BSIV,Maruti
2019,31817,Petrol,Manual,First,22.5,67.04,5.34,WAGON R VXI,Maruti
2016,41000,Diesel,Manual,First,21.14,103.52,8.5,RAPID 1.5 TDI AMBITION,Skoda
2010,82606,Petrol,Manual,Second,16.0,90.0,2.69,JAZZ S,Honda
2015,52000,Diesel,Manual,First,16.0,140.0,11.5,XUV500 W10 2WD,Mahindra
2011,50318,Petrol,Manual,First,18.5,85.8,4.06,RITZ VXI,Maruti
2016,50000,Diesel,Automatic,First,17.9,201.15,49.0,GLE 250D,Mercedes-Benz
2012,72000,Diesel,Manual,First,20.5,103.5,4.6,RAPID 1.6 TDI AMBITION,Skoda
2015,63776,Diesel,Manual,First,24.0,70.0,3.96,GRAND I10 CRDI MAGNA,Hyundai
2015,28133,Petrol,Manual,First,18.6,81.86,5.6,ELITE I20 PETROL ASTA,Hyundai
2017,45000,Diesel,Manual,First,22.95,74.0,3.75,ZEST QUADRAJET 1.3 75PS XE,Tata
2015,55697,Diesel,Manual,First,22.54,88.73,5.5,I20 MAGNA 1.4 CRDI,Hyundai
2012,62000,Diesel,Manual,Second,20.5,103.5,3.0,RAPID 1.6 TDI ELEGANCE,Skoda
2011,48000,Petrol,Manual,First,16.0,90.0,3.0,LINEA EMOTION,Fiat
2010,90246,Petrol,Manual,First,16.1,88.2,2.95,SWIFT VXI BSIII W/ ABS,Maruti
2015,80500,Diesel,Manual,First,25.0,69.0,2.45,INDICA V2 2001-2011 ELS,Tata
2012,119000,Diesel,Automatic,First,14.84,170.0,13.99,NEW C-CLASS C 220 CDI ELEGANCE AT,Mercedes-Benz
2016,28541,Diesel,Automatic,First,11.57,97.7,60.75,GLE 350D,Mercedes-Benz
2008,45500,Petrol,Manual,Second,18.15,97.7,1.17,SANTRO XING XP,Hyundai
2012,41000,Petrol,Manual,Second,16.8,116.3,4.5,CITY V MT AVN,Honda
2010,58000,Petrol,Manual,Second,18.5,80.0,2.5,I20 MAGNA,Hyundai
2015,99000,Diesel,Manual,First,13.0,168.5,20.5,FORTUNER 4X2 MANUAL,Toyota
2014,31200,Petrol,Manual,First,18.9,82.0,3.9,GRAND I10 MAGNA,Hyundai
2009,85000,Diesel,Manual,Second,15.0,105.0,3.5,JETTA 2007-2011 2.0 TDI COMFORTLINE,Volkswagen
2016,60924,Petrol,Automatic,First,15.63,110.4,8.3,ECOSPORT 1.5 TI VCT AT TITANIUM,Ford
2012,45000,Petrol,Manual,First,21.1,55.2,2.5,EON MAGNA PLUS,Hyundai
2011,44000,Petrol,Automatic,First,19.15,75.94,2.65,MICRA XV CVT,Nissan
2016,30534,Petrol,Automatic,First,19.0,88.7,7.42,JAZZ 1.2 V CVT I VTEC,Honda
2016,46399,Petrol,Manual,First,16.47,74.0,4.63,POLO 1.2 MPI TRENDLINE,Volkswagen
2008,42000,Petrol,Manual,First,19.7,46.3,1.09,ALTO LXI,Maruti
2011,67000,Diesel,Manual,First,22.32,126.32,3.8,VERNA 1.6 SX,Hyundai
2013,58000,Diesel,Automatic,First,10.0,170.0,15.75,E-CLASS 2009-2013 E 220 CDI AVANTGARDE,Mercedes-Benz
2015,27000,Petrol,Manual,First,17.57,88.7,5.27,ZEST REVOTRON 1.2 XT,Tata
2012,39566,Petrol,Manual,Second,18.4,86.8,2.75,BRIO S OPTION MT,Honda
2016,14980,Diesel,Manual,First,27.3,98.6,7.4,JAZZ VX DIESEL,Honda
2017,18491,Petrol,Automatic,First,24.07,67.1,3.9,ALTO K10 VXI AGS,Maruti
2000,90000,Petrol,Manual,Second,17.3,60.0,0.7,ZEN VXI - BS III,Maruti
2015,118211,Diesel,Manual,First,22.54,88.73,5.9,I20 SPORTZ 1.4 CRDI,Hyundai
2016,63316,Diesel,Manual,First,22.7,118.0,9.58,SX4 S CROSS DDIS 320 ZETA,Maruti
2014,42000,Diesel,Automatic,First,14.21,203.0,24.95,E-CLASS 2009-2013 E250 CDI ELEGANCE,Mercedes-Benz
2015,25648,Petrol,Manual,First,13.7,98.82,4.29,ENJOY PETROL LS 7 SEATER,Chevrolet
2011,67612,Diesel,Automatic,Second,14.21,203.0,11.5,E-CLASS 2009-2013 E250 CDI BLUE EFFICIENCY,Mercedes-Benz
2016,33000,Diesel,Manual,First,16.0,140.0,9.65,XUV500 W4,Mahindra
2015,20000,Petrol,Manual,First,20.36,78.9,3.75,I10 SPORTZ,Hyundai
2007,53000,Petrol,Manual,Second,14.2,82.9,1.1,GETZ 1.3 GLS,Hyundai
2014,118218,Diesel,Automatic,First,12.07,97.7,31.41,Q7 3.0 TDI QUATTRO,Audi
2012,99000,Diesel,Manual,Third,12.05,120.0,6.0,SCORPIO SLE BSIV,Mahindra
2016,22700,Petrol,Manual,First,18.7,88.7,5.55,JAZZ 1.2 SV I VTEC,Honda
2017,28000,Diesel,Manual,First,14.0,138.1,10.91,SAFARI STORME 2012-2015 EX,Tata
2014,62000,Diesel,Manual,First,15.1,140.0,7.25,XUV500 W6 2WD,Mahindra
2012,107023,Diesel,Manual,First,22.07,73.9,3.9,POLO DIESEL COMFORTLINE 1.2L,Volkswagen
2012,71082,Diesel,Manual,First,19.3,73.9,3.95,SWIFT DZIRE ZDI,Maruti
2013,60000,Diesel,Automatic,First,15.73,174.33,22.0,Q3 2.0 TDI,Audi
2014,21701,Petrol,Manual,First,23.1,67.04,3.38,CELERIO ZXI,Maruti
2011,56000,Petrol,Manual,First,16.8,116.3,3.45,CITY V MT EXCLUSIVE,Honda
2016,32450,Petrol,Manual,First,18.6,81.83,5.75,I20 1.2 SPOTZ,Hyundai
2016,12500,Petrol,Manual,First,25.17,53.3,2.75,KWID RXT,Renault
2019,20483,Diesel,Automatic,First,17.9,136.0,30.3,CLA 200 CDI SPORT,Mercedes-Benz
2014,45800,Diesel,Manual,First,22.7,89.84,7.5,ECOSPORT 1.5 DV5 MT TITANIUM,Ford
2015,35441,Petrol,Manual,First,18.6,81.83,6.87,I20 ASTA 1.2,Hyundai
2015,86398,Diesel,Manual,First,12.99,100.6,15.2,INNOVA 2.5 ZX DIESEL 7 SEATER,Toyota
2012,53000,Diesel,Manual,First,21.64,84.8,3.5,SUNNY 2011-2014 DIESEL XL,Nissan
2014,89000,Diesel,Manual,First,25.2,74.0,5.85,SWIFT VDI BSIV,Maruti
2010,68375,Petrol,Manual,First,19.0,66.1,2.5,A-STAR VXI,Maruti
2013,52000,Petrol,Manual,First,18.6,85.8,3.95,SWIFT ZXI,Maruti
2017,39000,Diesel,Automatic,First,17.9,136.0,27.0,CLA 200 CDI SPORT,Mercedes-Benz
2014,68000,Petrol,Manual,Second,16.02,93.7,6.75,ERTIGA ZXI,Maruti
2007,71000,Petrol,Manual,Second,18.9,67.1,1.5,WAGON R LXI,Maruti
2012,72003,Diesel,Manual,First,22.07,73.9,3.9,POLO DIESEL TRENDLINE 1.2L,Volkswagen
2014,53000,Diesel,Manual,First,22.7,89.84,6.55,ECOSPORT 1.5 DV5 MT TITANIUM OPTIONAL,Ford
2017,65850,Diesel,Manual,First,25.1,98.6,9.44,CITY I DTEC VX,Honda
2015,53920,Petrol,Manual,First,14.28,138.03,10.77,COROLLA ALTIS 1.8 GL,Toyota
2014,58000,Diesel,Manual,First,15.1,140.0,7.5,XUV500 W8 2WD,Mahindra
2016,4000,Petrol,Manual,First,24.7,47.3,3.0,ALTO 800 2016-2019 VXI,Maruti
2010,58000,Diesel,Automatic,First,18.59,97.7,11.75,5 SERIES 530D M SPORT,BMW
2016,29832,Petrol,Manual,First,21.1,55.2,3.29,EON D LITE PLUS,Hyundai
2016,71156,Diesel,Manual,First,26.59,74.0,6.5,SWIFT DZIRE VDI,Maruti
2015,64687,CNG,Manual,First,18.15,58.33,3.8,CELERIO CNG VXI MT,Maruti
2011,54000,Diesel,Automatic,First,16.55,147.51,18.0,A4 2.0 TDI,Audi
2009,75000,Petrol,Automatic,Second,13.7,157.75,4.95,SUPERB ELEGANCE 1.8 TSI AT,Skoda
2015,39208,Petrol,Manual,First,17.57,88.7,4.52,ZEST REVOTRON 1.2T XM,Tata
2014,41000,Diesel,Manual,First,17.0,139.07,8.0,ONE LX ABS 7 SEATING,Force
2013,38622,Petrol,Manual,First,17.4,117.3,6.26,CITY I-VTEC VX,Honda
2016,18000,Petrol,Manual,First,16.95,97.7,7.5,SUNNY 2011-2014 XV,Nissan
2012,52000,Petrol,Manual,First,16.1,97.7,3.65,SWIFT 1.3 LXI,Maruti
2011,45000,Petrol,Automatic,First,14.4,103.6,3.35,VENTO PETROL HIGHLINE AT,Volkswagen
2014,48656,Petrol,Automatic,First,15.74,121.3,5.5,VERNA 1.6 SX VTVT AT,Hyundai
2012,79000,Diesel,Automatic,First,22.0,126.2,5.25,VERNA CRDI 1.6 AT SX PLUS,Hyundai
2012,88000,Diesel,Automatic,First,16.55,140.0,16.25,A4 2.0 TDI MULTITRONIC,Audi
2009,92000,Petrol,Manual,First,15.5,103.3,2.7,SX4 VXI BSIV,Maruti
2019,9000,Diesel,Automatic,First,12.62,158.0,32.9,ENDEAVOUR 2.2 TITANIUM AT 4X2,Ford
2008,50121,Petrol,Manual,First,20.4,83.11,3.41,SWIFT LXI BSIV,Maruti
2014,79000,Diesel,Manual,First,24.0,70.0,4.15,GRAND I10 CRDI MAGNA,Hyundai
2014,46000,Diesel,Manual,Second,20.14,88.8,5.9,POLO 1.5 TDI HIGHLINE,Volkswagen
2012,100000,Petrol,Automatic,First,10.0,157.7,11.5,E-CLASS 230,Mercedes-Benz
2015,41000,Petrol,Manual,First,18.6,81.83,4.75,I20 ASTA 1.2,Hyundai
2015,25000,Petrol,Automatic,First,24.07,67.1,3.5,ALTO K10 VXI AGS,Maruti
2014,71899,Diesel,Manual,First,20.77,88.76,7.25,ERTIGA VDI,Maruti
2016,7100,Petrol,Automatic,First,23.1,67.04,4.35,CELERIO VXI AT,Maruti
2018,38171,Petrol,Automatic,Second,22.5,67.0,4.99,KWID CLIMBER 1.0 AMT,Renault
2013,70359,Diesel,Manual,First,12.05,120.0,7.65,SCORPIO SLE BSIV,Mahindra
2011,53000,Diesel,Manual,First,12.8,102.0,9.0,INNOVA 2.5 GX (DIESEL) 7 SEATER BS IV,Toyota
2017,26969,Diesel,Manual,First,22.07,73.9,6.9,POLO DIESEL HIGHLINE 1.2L,Volkswagen
2011,56500,Diesel,Manual,First,20.0,68.0,2.9,FIGO DIESEL ZXI,Ford
2014,40000,Diesel,Manual,First,20.45,83.8,5.75,TERRANO XL PLUS 85 PS,Nissan
2014,41000,Diesel,Manual,First,17.0,139.01,8.0,ONE LX 4X4,Force
2017,53105,Petrol,Automatic,First,22.5,67.0,4.41,KWID 1.0 RXT OPTIONAL AMT,Renault
2013,23000,Diesel,Manual,First,21.14,103.52,4.95,RAPID 1.5 TDI ELEGANCE,Skoda
2016,80999,Diesel,Automatic,First,16.0,140.0,14.4,XUV500 AT W10 FWD,Mahindra
2012,82000,Diesel,Manual,First,20.0,68.05,2.95,FIGO DIESEL TITANIUM,Ford
2017,68557,Diesel,Manual,First,15.96,62.1,8.14,BOLERO ZLX,Mahindra
2016,34000,Diesel,Manual,First,20.64,108.5,8.45,VENTO 1.5 TDI HIGHLINE,Volkswagen
2015,77000,Diesel,Manual,First,12.99,100.0,12.5,INNOVA 2.5 VX (DIESEL) 8 SEATER BS IV,Toyota
2012,48000,Diesel,Manual,First,15.1,140.0,6.5,XUV500 W8 2WD,Mahindra
2015,28232,Petrol,Manual,Second,15.8,110.0,7.72,ECOSPORT 1.5 TI VCT MT TITANIUM,Ford
2011,110000,Diesel,Automatic,First,16.96,138.1,8.0,JETTA 2012-2014 2.0L TDI HIGHLINE AT,Volkswagen
2009,120000,Diesel,Manual,Second,13.93,138.0,3.0,NEW SAFARI DICOR 2.2 VX 4X4,Tata
2013,49000,Diesel,Automatic,First,8.2,97.7,29.0,3 SERIES 330D CONVERTIBLE,BMW
2014,22000,Petrol,Manual,First,16.47,74.0,4.11,POLO 1.2 MPI HIGHLINE,Volkswagen
2015,14925,Petrol,Manual,First,18.5,82.9,5.37,I20 MAGNA OPTIONAL 1.2,Hyundai
2013,75000,Diesel,Manual,First,20.77,88.8,6.55,ERTIGA ZDI,Maruti
2015,23000,Petrol,Manual,First,17.4,117.3,7.0,CITY I VTEC V,Honda
2014,57000,Petrol,Manual,First,17.0,118.0,5.48,CITY 1.5 S MT,Honda
2013,76718,Diesel,Automatic,First,16.96,138.03,6.51,JETTA 2013-2015 2.0L TDI HIGHLINE AT,Volkswagen
2016,53000,Diesel,Manual,First,25.8,98.6,5.15,AMAZE VX I-DTEC,Honda
2013,53000,Diesel,Manual,Second,15.1,140.0,9.0,XUV500 W8 2WD,Mahindra
2008,110000,Petrol,Automatic,Second,14.53,138.1,2.75,COROLLA ALTIS VL,Toyota
2005,126000,Petrol,Manual,Second,17.0,97.7,1.2,SANTRO XING XL ERLX EURO III,Hyundai
2012,73000,Diesel,Automatic,First,22.69,190.0,12.5,3 SERIES 320D,BMW
2017,63423,Diesel,Manual,First,23.0,98.96,7.69,ECOSPORT 1.5 DIESEL TREND,Ford
2013,62132,Petrol,Manual,First,18.5,82.85,4.57,I20 ASTA OPTIONAL WITH SUNROOF 1.2,Hyundai
2013,51000,Petrol,Automatic,First,16.8,118.0,4.5,CITY 1.5 S AT,Honda
2015,75000,Diesel,Manual,First,23.2,73.94,4.9,RITZ VDI (ABS) BS IV,Maruti
2008,55410,Petrol,Manual,First,19.81,68.05,1.65,I10 ERA 1.1,Hyundai
2015,41000,Petrol,Manual,First,18.2,82.4,3.25,SAIL 1.2 LS,Chevrolet
2012,45000,Diesel,Manual,First,22.32,126.32,6.25,VERNA 1.6 SX CRDI (O),Hyundai
2018,53322,Petrol,Manual,First,15.8,121.3,12.13,CRETA 1.6 SX OPTION,Hyundai
2013,48000,Petrol,Manual,First,18.2,82.4,3.25,SAIL 1.2 LS,Chevrolet
2013,72000,Diesel,Automatic,First,14.16,174.3,29.0,Q5 2.0 TDI,Audi
2013,50266,Petrol,Manual,First,17.0,118.0,5.53,CITY 1.5 V MT EXCLUSIVE,Honda
2017,21800,Petrol,Manual,First,17.0,121.36,8.75,ECOSPORT 1.5 PETROL TITANIUM,Ford
2014,45000,Diesel,Automatic,Second,12.07,97.7,37.9,Q7 3.0 TDI QUATTRO PREMIUM PLUS,Audi
2010,62000,Petrol,Manual,First,20.36,78.9,2.4,I10 MAGNA 1.2,Hyundai
2014,41681,Petrol,Manual,First,17.0,80.0,4.55,I20 1.2 ASTA,Hyundai
2011,69313,Petrol,Manual,Second,17.5,85.8,2.65,SWIFT DZIRE 1.2 VXI BSIV,Maruti
2017,49000,Diesel,Manual,Second,25.0,69.0,1.6,INDICA V2 ELX,Tata
2012,40471,Diesel,Automatic,Second,16.2,97.7,25.72,5 SERIES 2010-2013 530D,BMW
2013,60000,Diesel,Manual,First,22.9,74.0,4.15,SWIFT VDI,Maruti
2018,1001,Petrol,Manual,First,19.0,94.68,7.23,FREESTYLE TITANIUM PLUS PETROL,Ford
2008,38000,Petrol,Manual,Second,13.9,103.2,2.6,VERNA XXI ABS (PETROL),Hyundai
2008,66000,Diesel,Automatic,Second,16.07,181.0,7.25,3 SERIES 320D HIGHLINE,BMW
2017,33901,Diesel,Manual,First,12.8,102.0,14.29,INNOVA 2.5 G4 DIESEL 8-SEATER,Toyota
2011,57000,Diesel,Automatic,Second,14.94,204.0,17.25,NEW C-CLASS C 250 CDI ELEGANCE,Mercedes-Benz
2013,53000,Diesel,Manual,First,22.54,126.2,7.5,ELANTRA 1.6 SX,Hyundai
2014,60000,Diesel,Manual,First,23.2,73.94,4.35,RITZ ZDI,Maruti
2016,85000,Diesel,Manual,First,24.3,88.5,8.9,VITARA BREZZA ZDI PLUS DUAL TONE,Maruti
2016,53000,Petrol,Manual,Second,19.1,82.0,3.5,XCENT 1.2 KAPPA S,Hyundai
2014,56002,Diesel,Manual,First,26.0,98.6,6.1,CITY I DTEC V,Honda
2016,8554,Petrol,Manual,First,25.17,53.3,3.2,KWID RXT,Renault
2014,62322,Diesel,Manual,First,23.59,67.06,4.9,ETIOS CROSS 1.4L VD,Toyota
2015,37929,Petrol,Manual,First,24.07,67.1,3.69,ALTO K10 VXI,Maruti
2016,5400,Petrol,Manual,First,23.84,84.0,3.98,TIAGO 1.2 REVOTRON XM OPTION,Tata
2013,60000,Diesel,Manual,First,21.9,90.0,2.95,I20 1.4 CRDI MAGNA,Hyundai
2014,55730,Diesel,Automatic,First,16.55,147.51,15.21,A4 2.0 TDI,Audi
2015,62000,Diesel,Manual,First,28.4,74.0,6.3,SWIFT VDI,Maruti
2017,14576,Petrol,Manual,First,17.0,73.75,6.69,AMEO 1.2 MPI HIGHLINE,Volkswagen
2017,17000,Petrol,Automatic,First,16.0,117.3,9.5,BRV I-VTEC V CVT,Honda
2009,28000,Petrol,Manual,First,17.0,80.0,2.65,I20 ASTA,Hyundai
2012,58200,Diesel,Manual,First,14.66,194.3,7.5,SANTA FE 4X4,Hyundai
2002,53000,Petrol,Manual,Second,18.15,97.7,1.85,CITY 1.5 GXI,Honda
2018,12278,Petrol,Automatic,First,23.1,67.04,5.63,CELERIO ZXI OPTIONAL AMT,Maruti
2018,17665,Petrol,Manual,First,15.8,121.3,11.78,CRETA 1.6 SX,Hyundai
2004,53000,Diesel,Manual,Second,17.88,52.8,0.85,INDICA V2 DL BSIII,Tata
2011,55893,Petrol,Manual,First,15.04,103.6,3.35,VENTO PETROL HIGHLINE,Volkswagen
2015,60586,Petrol,Manual,First,23.1,67.04,4.11,CELERIO VXI,Maruti
2015,13500,Diesel,Automatic,First,17.9,136.0,25.51,CLA 200 D SPORT EDITION,Mercedes-Benz
2017,30000,Petrol,Manual,First,22.74,47.3,3.1,ALTO 800 LXI,Maruti
2018,12000,Diesel,Automatic,First,10.91,197.0,33.5,ENDEAVOUR 3.2 TITANIUM AT 4X4,Ford
2017,65000,Petrol,Manual,First,17.57,88.7,4.8,ZEST REVOTRON 1.2T XE,Tata
2014,38000,Petrol,Manual,First,16.09,103.5,3.49,VENTO 1.6 COMFORTLINE,Volkswagen
2012,25000,Petrol,Manual,Second,17.5,91.1,5.15,ERTIGA ZXI,Maruti
2011,100000,Diesel,Automatic,First,14.0,224.0,14.41,M-CLASS ML 350 CDI CORPORATE,Mercedes-Benz
2014,13710,Petrol,Manual,First,16.2,74.0,4.75,POLO 1.2 MPI HIGHLINE,Volkswagen
2015,100000,Diesel,Automatic,First,12.55,168.5,19.0,FORTUNER 4X2 AT,Toyota
2017,17000,Petrol,Manual,First,23.1,67.04,4.9,CELERIO VXI,Maruti
2008,89000,Diesel,Automatic,Second,16.07,181.0,6.3,3 SERIES 320D CORPORATE EDITION,BMW
2006,100173,Petrol,Manual,Second,16.9,100.0,2.4,CITY ZX VTEC,Honda
2009,97000,Petrol,Manual,First,13.17,114.0,3.0,CEDIA SPORTS,Mitsubishi
2016,40190,Petrol,Manual,First,18.06,74.93,4.25,PULSE PETROL RXL,Renault
2016,29647,Diesel,Manual,First,20.14,88.0,6.3,POLO 1.5 TDI HIGHLINE,Volkswagen
2018,43639,Petrol,Manual,First,21.1,100.0,8.15,BALENO RS PETROL,Maruti
2012,37333,Petrol,Manual,First,20.36,78.9,3.22,I10 MAGNA,Hyundai
2018,48407,Petrol,Manual,First,18.6,81.83,7.65,I20 1.2 SPOTZ,Hyundai
2011,25000,Petrol,Automatic,First,10.37,97.7,30.0,Z4 2009-2013 35I,BMW
2010,72400,Petrol,Manual,Second,20.36,78.9,2.3,I10 SPORTZ 1.2,Hyundai
2012,18000,Petrol,Automatic,First,13.6,181.0,22.0,COOPER S CARBON EDITION,Mini
2012,65167,Petrol,Manual,First,19.4,86.8,3.28,BRIO V MT,Honda
2016,25418,Petrol,Manual,First,20.73,91.2,7.09,CIAZ ZXI OPTION,Maruti
2013,38995,Diesel,Manual,First,19.3,73.9,6.46,SWIFT DZIRE ZDI,Maruti
2012,60000,Diesel,Manual,First,22.07,73.9,4.0,POLO DIESEL COMFORTLINE 1.2L,Volkswagen
2011,72000,Diesel,Automatic,First,17.05,184.0,11.0,X1 SDRIVE20D,BMW
2016,31075,Diesel,Automatic,Second,12.07,97.7,49.79,Q7 3.0 TDI QUATTRO PREMIUM PLUS,Audi
2015,4311,Diesel,Manual,First,25.83,99.0,4.8,FIGO 1.5D TREND MT,Ford
2017,21000,Diesel,Automatic,First,21.76,190.0,35.0,3 SERIES LUXURY LINE,BMW
2011,54000,Diesel,Automatic,First,14.0,224.0,21.99,M-CLASS ML 350 CDI CORPORATE,Mercedes-Benz
2007,50000,Petrol,Manual,Second,17.3,64.0,1.1,WAGON R LX BSIII,Maruti
2018,13000,Petrol,Manual,First,21.4,83.1,6.6,BALENO ZETA 1.2,Maruti
2013,74000,Petrol,Manual,First,22.0,81.8,4.5,DZIRE VXI,Maruti
2009,75000,Petrol,Manual,Second,14.7,76.0,1.0,AVEO U-VA 1.2 LT,Chevrolet
2017,25000,Diesel,Manual,First,20.14,88.0,6.9,POLO 1.5 TDI HIGHLINE,Volkswagen
2012,53000,Diesel,Automatic,First,18.15,115.0,16.75,ROVER FREELANDER 2 TD4 SE,Land
2015,52000,Diesel,Automatic,First,14.16,174.3,25.49,Q5 30 TDI QUATTRO PREMIUM,Audi
2015,20000,Diesel,Automatic,First,18.53,187.74,35.5,A6 35 TDI MATRIX,Audi
2018,32663,Diesel,Manual,First,24.0,73.97,6.28,GRAND I10 1.2 CRDI SPORTZ,Hyundai
2012,76777,Diesel,Manual,Second,12.05,120.0,4.88,SCORPIO SLE BSIV,Mahindra
2016,100303,Diesel,Manual,First,22.95,74.0,3.7,BOLT QUADRAJET XE,Tata
2015,43993,Petrol,Manual,First,21.1,55.2,3.45,EON ERA PLUS,Hyundai
2016,72118,Diesel,Manual,First,15.4,120.0,10.23,SCORPIO S8 8 SEATER,Mahindra
2010,83000,Petrol,Automatic,Second,11.1,142.0,6.5,ACCORD 2001-2003 2.0 AT,Honda
2016,7523,Petrol,Manual,First,16.2,74.0,6.15,POLO 1.2 MPI HIGHLINE,Volkswagen
2014,34670,Petrol,Manual,First,15.1,73.0,2.9,EECO 7 SEATER STANDARD,Maruti
2016,30000,Diesel,Manual,First,24.0,70.0,5.5,GRAND I10 CRDI SPORTZ,Hyundai
2017,17000,Diesel,Automatic,First,10.91,197.0,31.0,ENDEAVOUR 3.2 TITANIUM AT 4X4,Ford
2015,59261,Diesel,Manual,First,24.0,73.97,4.25,GRAND I10 1.2 CRDI SPORTZ,Hyundai
2016,65210,Diesel,Manual,First,22.9,74.0,5.48,SWIFT VDI,Maruti
2016,19000,Petrol,Manual,First,18.6,81.83,7.25,I20 1.2 ASTA OPTION,Hyundai
2012,50000,Petrol,Manual,First,17.5,85.8,3.0,SWIFT DZIRE VXI,Maruti
2015,47000,Diesel,Automatic,First,22.69,190.0,29.5,3 SERIES 320D LUXURY LINE,BMW
2007,75000,Petrol,Manual,Second,17.7,78.0,1.49,CITY ZX GXI,Honda
2013,54534,Petrol,Automatic,First,16.95,78.9,3.65,I10 SPORTZ 1.2 AT,Hyundai
2018,13000,Diesel,Manual,First,23.0,98.96,10.9,ECOSPORT SIGNATURE EDITION DIESEL,Ford
2015,48808,Petrol,Manual,First,23.1,67.04,4.3,CELERIO ZXI MT,Maruti
2012,63001,Diesel,Manual,Second,20.77,88.76,6.11,ERTIGA VDI,Maruti
2015,64771,Diesel,Manual,First,12.8,102.0,15.5,INNOVA 2.5 V DIESEL 8-SEATER,Toyota
2016,34634,Petrol,Manual,First,17.8,117.3,6.9,CITY I VTEC SV,Honda
2012,69242,Petrol,Manual,First,19.1,85.8,4.69,SWIFT DZIRE VXI,Maruti
2011,33292,Petrol,Manual,First,18.5,85.8,3.19,RITZ LXI,Maruti
2012,55000,Petrol,Automatic,Second,15.0,98.6,3.75,I20 SPORTZ AT 1.4,Hyundai
2019,1000,Petrol,Manual,First,17.19,81.86,8.6,I20 ACTIVE SX DUAL TONE PETROL,Hyundai
2011,80000,Petrol,Manual,Second,17.0,118.0,3.85,CITY 1.5 E MT,Honda
2016,65003,Diesel,Automatic,First,13.6,97.7,67.83,CAYENNE S DIESEL,Porsche
2019,16573,Petrol,Manual,First,17.8,86.7,9.31,AMAZE VX I-VTEC,Honda
2008,53000,Petrol,Automatic,First,12.9,130.0,3.0,CIVIC 2006-2010 1.8 S AT,Honda
2015,53000,Petrol,Manual,First,18.6,81.83,5.5,I20 MAGNA 1.2,Hyundai
2017,50129,Diesel,Manual,First,19.67,126.2,13.3,CRETA 1.6 CRDI SX,Hyundai
2013,63716,Diesel,Automatic,First,15.73,174.33,23.0,Q3 2012-2015 2.0 TDI QUATTRO PREMIUM PLUS,Audi
2018,11000,Petrol,Manual,First,24.7,47.3,3.35,ALTO 800 2016-2019 LXI,Maruti
2012,115000,Diesel,Automatic,Third,15.06,177.0,10.0,X1 SDRIVE 20D EXCLUSIVE,BMW
2013,63265,Petrol,Manual,First,20.36,78.9,2.95,I10 MAGNA,Hyundai
2016,20000,Diesel,Manual,First,21.66,108.62,6.75,AMEO 1.5 TDI HIGHLINE,Volkswagen
2010,79000,Petrol,Manual,Third,16.47,73.9,2.44,POLO PETROL HIGHLINE 1.2L,Volkswagen
2015,41000,Petrol,Manual,First,20.73,91.1,5.85,CIAZ VXI PLUS,Maruti
2015,26323,Petrol,Automatic,First,17.21,103.5,7.4,POLO GT TSI,Volkswagen
2016,76000,Diesel,Manual,First,24.4,71.0,3.8,XCENT 1.1 CRDI BASE,Hyundai
2008,69972,Petrol,Manual,First,13.5,130.0,3.8,CIVIC 2006-2010 1.8 S MT,Honda
2008,69000,Petrol,Manual,First,17.7,78.0,2.7,CITY ZX GXI,Honda
2016,65000,Diesel,Manual,First,15.96,62.1,7.21,BOLERO ZLX,Mahindra
2016,29512,Petrol,Manual,First,17.4,117.3,7.9,CITY I VTEC V,Honda
2017,51000,Diesel,Manual,First,25.4,73.97,4.2,XCENT 1.2 CRDI S,Hyundai
2014,58003,Diesel,Manual,First,19.01,108.45,5.75,DUSTER 110PS DIESEL RXL,Renault
2013,56500,Petrol,Automatic,First,16.98,66.1,3.45,A-STAR AT VXI,Maruti
2014,29063,Diesel,Automatic,First,17.11,174.33,25.75,A4 2.0 TDI 177 BHP PREMIUM PLUS,Audi
2018,46811,Diesel,Manual,First,16.0,140.0,16.59,XUV500 W8 2WD,Mahindra
2014,31897,Petrol,Manual,First,18.06,74.96,4.69,PULSE PETROL RXZ,Renault
2009,52100,Diesel,Automatic,Second,13.2,170.0,7.5,3 SERIES 320D,BMW
2016,73000,Diesel,Manual,First,13.68,147.8,16.5,INNOVA CRYSTA 2.4 GX MT,Toyota
2009,31423,Petrol,Manual,First,17.0,118.0,1.99,CITY 1.5 S MT,Honda
2014,75180,Diesel,Manual,First,22.9,74.0,5.25,SWIFT VDI,Maruti
2013,75000,Diesel,Manual,Second,19.64,108.45,5.4,DUSTER 110PS DIESEL RXZ PLUS,Renault
2014,15000,Petrol,Manual,First,16.47,74.0,3.9,POLO 1.2 MPI COMFORTLINE,Volkswagen
2015,12000,Petrol,Manual,First,17.19,81.86,5.8,I20 ACTIVE 1.2 S,Hyundai
2014,32000,Diesel,Automatic,First,18.12,190.0,30.5,5 SERIES 2013-2017 520D LUXURY LINE,BMW
2017,44504,Diesel,Manual,First,23.4,74.0,5.6,SWIFT DZIRE LDI,Maruti
2012,66000,Diesel,Automatic,First,18.15,165.0,23.0,M-CLASS ML 350 4MATIC,Mercedes-Benz
2015,39437,Diesel,Manual,First,28.4,74.0,5.15,SWIFT LDI,Maruti
2017,36931,Diesel,Automatic,First,19.08,126.2,9.48,VERNA 1.6 CRDI AT SX OPTION,Hyundai
2016,17800,Petrol,Automatic,Second,21.9,37.48,2.38,NANO XTA,Tata
2009,71346,Petrol,Manual,First,17.5,85.8,3.8,SWIFT DZIRE LXI,Maruti
2015,45000,Petrol,Manual,Second,18.6,81.83,5.5,I20 ASTA OPTION 1.2,Hyundai
2010,85155,Petrol,Manual,First,17.0,80.0,3.55,I20 1.2 SPORTZ,Hyundai
2015,48823,Petrol,Manual,First,20.73,91.1,6.35,CIAZ ZXI,Maruti
2015,37000,Diesel,Automatic,First,12.7,187.7,36.0,ROVER RANGE ROVER 2.2L PRESTIGE,Land
2005,92000,Diesel,Manual,Second,16.1,70.0,1.1,INDIGO LX BSII,Tata
2014,36000,Petrol,Manual,First,17.57,88.7,3.7,ZEST REVOTRON 1.2T XM,Tata
2016,24569,Diesel,Manual,First,16.0,140.0,13.5,XUV500 W10 1.99 MHAWK,Mahindra
2008,95000,Petrol,Automatic,Third,11.7,177.6,2.85,ACCORD 2.4 AT,Honda
2015,25811,Petrol,Manual,Second,25.4,37.5,2.13,NANO TWIST XT,Tata
2015,65000,Diesel,Manual,First,22.7,126.2,7.75,ELANTRA CRDI S,Hyundai
2017,100400,Diesel,Manual,First,25.0,69.0,2.85,INDICA V2 ELS,Tata
2014,76414,Diesel,Manual,First,25.8,98.6,4.95,AMAZE S I-DTECH,Honda
2012,82103,Diesel,Manual,First,15.1,140.0,6.2,XUV500 W8 2WD,Mahindra
2013,98000,Diesel,Automatic,First,18.56,190.0,17.5,X3 XDRIVE 20D EXPEDITION,BMW
2010,45252,Petrol,Manual,First,18.9,81.86,2.25,GRAND I10 1.2 KAPPA MAGNA,Hyundai
2017,10300,Petrol,Manual,First,21.4,83.1,6.75,BALENO ZETA 1.2,Maruti
2016,42024,Diesel,Automatic,First,19.08,126.2,9.73,VERNA 1.6 CRDI AT SX,Hyundai
2018,51236,Diesel,Manual,First,25.47,88.5,8.49,ERTIGA VDI,Maruti
2013,52000,Petrol,Automatic,First,13.6,181.0,25.0,COOPER S CARBON EDITION,Mini
2015,42894,Diesel,Manual,First,23.2,73.94,5.59,RITZ ZDI,Maruti
2011,68000,Diesel,Automatic,First,15.6,106.0,4.8,LAURA L N K 1.9 PD AT,Skoda
2014,69000,Diesel,Manual,First,22.7,89.84,5.45,ECOSPORT 1.5 DV5 MT TITANIUM OPTIONAL,Ford
2017,10000,Petrol,Manual,First,18.6,81.83,6.5,I20 2015-2017 SPORTZ 1.2,Hyundai
2015,16000,Petrol,Manual,First,19.4,86.8,4.35,BRIO E MT,Honda
2013,46992,Diesel,Manual,First,25.8,98.6,3.75,AMAZE S I-DTECH,Honda
2010,53000,Diesel,Automatic,Third,18.48,177.0,12.0,5 SERIES 2003-2012 520D,BMW
2014,58000,Diesel,Automatic,First,12.07,97.7,32.0,Q7 3.0 TDI QUATTRO PREMIUM PLUS,Audi
2015,50000,Diesel,Manual,Second,24.0,70.0,4.0,GRAND I10 CRDI MAGNA,Hyundai
2011,39010,Diesel,Manual,First,23.08,63.1,2.6,MICRA DIESEL XV,Nissan
2016,26946,Petrol,Manual,First,18.9,82.0,4.45,GRAND I10 SPORTZ,Hyundai
2015,28700,Petrol,Manual,First,21.1,55.2,2.6,EON ERA,Hyundai
2011,60000,Petrol,Automatic,First,11.74,186.0,16.0,NEW C-CLASS C250 AVANTGARDE,Mercedes-Benz
2014,38999,Diesel,Automatic,First,12.7,187.7,32.5,ROVER RANGE ROVER 2.2L PURE,Land
2016,39000,Diesel,Automatic,First,11.18,184.0,13.85,SSANGYONG REXTON RX7,Mahindra
2018,7784,Petrol,Manual,First,20.73,91.1,8.76,CIAZ 1.4 DELTA,Maruti
2014,45710,Petrol,Automatic,First,11.8,97.7,23.68,R-CLASS R350 4MATIC LONG,Mercedes-Benz
2017,42000,Petrol,Automatic,First,22.0,81.8,5.5,DZIRE AMT VXI,Maruti
2013,75995,Diesel,Automatic,Second,11.49,97.7,65.81,ROVER RANGE ROVER VOGUE SE 4.4 SDV8,Land
2013,57000,Diesel,Manual,First,19.01,108.45,4.99,DUSTER 110PS DIESEL RXZ,Renault
2013,85350,Diesel,Manual,Second,22.32,126.32,5.7,VERNA 1.6 SX,Hyundai
2016,82725,Petrol,Automatic,First,14.28,138.03,11.99,COROLLA ALTIS 1.8 VL CVT,Toyota
2016,19000,Diesel,Automatic,Second,21.76,190.0,29.99,3 SERIES SPORT,BMW
2018,13900,Petrol,Manual,First,18.88,110.4,9.5,ECOSPORT 1.5 TI VCT MT SIGNATURE,Ford
2014,108000,Diesel,Manual,First,25.2,74.0,5.5,SWIFT VDI BSIV,Maruti
2016,36000,Diesel,Automatic,First,11.72,194.3,23.0,SANTA FE 4X4 AT,Hyundai
2013,62188,Diesel,Manual,First,17.2,53.5,2.95,INDICA V2 DLS,Tata
2015,58397,Diesel,Manual,First,24.0,70.0,4.9,GRAND I10 CRDI SPORTZ,Hyundai
2006,85000,Petrol,Manual,Third,18.15,97.7,1.3,SANTRO XING XL,Hyundai
2016,30000,Petrol,Automatic,First,22.5,67.0,4.25,WAGON R VXI AMT,Maruti
2018,29907,Diesel,Manual,First,16.0,140.0,16.36,XUV500 W10 2WD,Mahindra
2009,46000,Diesel,Automatic,First,16.55,147.51,9.95,A4 2.0 TDI,Audi
2012,65000,Diesel,Manual,First,20.54,103.6,5.5,VENTO DIESEL HIGHLINE,Volkswagen
2016,22000,Diesel,Manual,First,24.3,88.5,8.25,VITARA BREZZA ZDI PLUS DUAL TONE,Maruti
2002,99024,Petrol,Manual,First,17.3,60.0,0.95,ZEN LX,Maruti
2016,34952,Petrol,Manual,First,19.81,68.05,4.01,I10 ERA,Hyundai
2019,13913,Petrol,Manual,First,17.5,88.7,8.2,WR-V EDGE EDITION I-VTEC S,Honda
2014,71000,Diesel,Manual,Second,25.1,98.6,6.2,CITY I DTEC VX,Honda
2012,97000,Diesel,Automatic,First,11.5,169.0,16.75,FORTUNER 4X2 4 SPEED AT,Toyota
2017,21000,Diesel,Automatic,First,16.0,140.0,16.5,XUV500 AT W10 FWD,Mahindra
2007,116000,Diesel,Manual,Third,10.9,97.7,3.75,ENDEAVOUR XLT TDCI 4X4,Ford
2012,110438,Diesel,Manual,First,20.0,68.05,3.5,FIGO DIESEL ZXI,Ford
2017,66507,Petrol,Automatic,Second,19.0,88.7,5.43,JAZZ 1.2 V CVT I VTEC,Honda
2017,54650,Diesel,Automatic,First,10.91,197.0,30.35,ENDEAVOUR 3.2 TITANIUM AT 4X4,Ford
2014,32000,Petrol,Automatic,First,17.97,99.6,7.99,SUNNY XL CVT,Nissan
2011,75378,Diesel,Manual,First,18.7,66.0,3.59,OCTAVIA AMBIENTE 1.9 TDI MT,Skoda
2012,82697,Diesel,Manual,First,25.44,57.6,1.9,BEAT DIESEL LT,Chevrolet
2009,53000,Petrol,Automatic,First,12.1,164.7,4.7,CAMRY W2 (AT),Toyota
2012,53000,Diesel,Manual,First,19.01,108.45,7.25,DUSTER 110PS DIESEL RXZ,Renault
2016,26212,Diesel,Automatic,First,17.9,136.0,24.46,GLA CLASS 200 D STYLE,Mercedes-Benz
2014,23500,Petrol,Manual,Second,17.57,88.7,3.9,ZEST REVOTRON 1.2T XMS,Tata
2013,56127,Petrol,Manual,First,18.5,80.0,5.15,I20 1.2 MAGNA,Hyundai
2015,26000,Petrol,Automatic,First,21.5,81.8,3.65,WAGON R VXI AMT1.2,Maruti
2016,26000,Diesel,Manual,First,25.4,73.97,5.0,XCENT 1.2 CRDI S,Hyundai
2009,42000,Petrol,Manual,First,17.0,118.0,2.3,CITY 1.5 S MT,Honda
2001,130000,Petrol,Manual,Second,13.2,94.0,0.75,ACCENT GLE,Hyundai
2009,53000,Petrol,Manual,Second,13.9,103.2,1.85,VERNA XI (PETROL),Hyundai
2010,114703,Petrol,Manual,First,15.6,70.0,1.8,FIGO PETROL ZXI,Ford
2014,97439,Diesel,Manual,First,25.8,98.6,4.41,AMAZE S I-DTECH,Honda
2006,40000,Petrol,Manual,First,18.9,67.1,2.0,WAGON R LX BSII,Maruti
2014,81609,Diesel,Manual,First,17.8,97.7,5.55,SWIFT VDI BSIV,Maruti
2014,28000,Diesel,Automatic,First,13.0,97.7,31.75,E-CLASS FACELIFT,Mercedes-Benz
2015,37500,Diesel,Automatic,First,17.68,174.33,32.0,A6 2011-2015 35 TDI TECHNOLOGY,Audi
2010,37000,Diesel,Automatic,First,13.5,97.7,21.0,S CLASS 2005 2013 S 350 CDI,Mercedes-Benz
2010,83000,Diesel,Manual,First,19.3,73.9,2.75,SWIFT DZIRE LDI,Maruti
2005,79012,Petrol,Manual,First,13.4,125.0,2.64,COROLLA H2,Toyota
2018,27395,Diesel,Manual,First,15.4,120.0,14.19,SCORPIO S10 7 SEATER,Mahindra
2017,35362,Petrol,Manual,First,22.5,67.04,3.85,WAGON R VXI,Maruti
2014,117000,Diesel,Manual,First,13.0,168.5,15.5,FORTUNER 4X2 MANUAL,Toyota
2010,23000,Petrol,Manual,First,18.2,64.0,1.9,ZEN ESTILO 1.1 LX BSIII,Maruti
2014,59508,Petrol,Manual,First,25.4,37.48,1.26,NANO CX,Tata
2009,69000,Petrol,Manual,Second,18.5,80.0,2.4,I20 MAGNA,Hyundai
2010,58000,Diesel,Automatic,First,22.69,190.0,11.5,3 SERIES 320D,BMW
2014,88511,Diesel,Manual,First,16.0,140.0,8.25,XUV500 W6 2WD,Mahindra
2011,66000,Petrol,Manual,First,15.8,105.0,2.75,VENTO IPL II PETROL TRENDLINE,Volkswagen
2009,65000,Petrol,Manual,Second,17.5,70.0,1.4,FABIA 1.2 MPI CLASSIC,Skoda
2015,30676,Petrol,Manual,First,25.4,37.5,2.9,NANO TWIST XT,Tata
2011,76000,Diesel,Manual,First,20.0,68.0,2.4,FIGO DIESEL EXI,Ford
2013,23627,Petrol,Automatic,First,14.8,105.0,4.75,VENTO IPL II PETROL HIGHLINE AT,Volkswagen
2018,52827,Diesel,Automatic,First,12.7,187.7,44.76,ROVER RANGE ROVER HSE DYNAMIC,Land
2015,64465,Diesel,Manual,First,26.0,98.6,6.22,CITY I DTEC SV,Honda
2018,14000,Petrol,Automatic,First,22.5,67.0,4.5,KWID CLIMBER 1.0 AMT,Renault
2015,26000,Petrol,Manual,First,18.9,82.0,4.25,GRAND I10 ASTA OPTION,Hyundai
2011,78203,Diesel,Automatic,First,18.1,147.9,5.5,CRUZE LTZ AT,Chevrolet
2017,27000,Diesel,Manual,First,22.54,88.73,6.95,I20 1.4 ASTA,Hyundai
2018,31919,Petrol,Automatic,First,24.07,67.1,4.56,ALTO K10 VXI AGS,Maruti
2016,47392,Diesel,Manual,First,20.5,126.2,13.82,CRETA 1.6 SX OPTION DIESEL,Hyundai
2016,17362,Petrol,Manual,First,18.0,86.7,5.65,AMAZE VX I-VTECH,Honda
2016,49716,Diesel,Manual,First,21.19,88.73,6.2,I20 ACTIVE 1.4 SX DUAL TONE,Hyundai
2014,48000,Petrol,Manual,First,23.1,67.04,3.25,CELERIO VXI,Maruti
2009,46000,Diesel,Automatic,First,16.55,147.51,8.5,A4 2.0 TDI,Audi
2016,79000,Diesel,Manual,First,24.8,88.7,7.25,VERNA 1.4 CRDI,Hyundai
2013,57000,Diesel,Manual,First,21.8,78.0,4.61,FLUENCE DIESEL E4,Renault
2016,29754,Petrol,Manual,First,16.2,74.0,5.3,POLO 1.2 MPI HIGHLINE,Volkswagen
2012,50123,Diesel,Manual,First,17.0,70.0,1.9,INDIGO LX,Tata
2012,57184,Petrol,Manual,First,20.36,78.9,3.09,I10 SPORTZ,Hyundai
2007,75000,Diesel,Automatic,Second,16.46,97.7,9.5,7 SERIES 730LD SEDAN,BMW
2015,26000,Diesel,Automatic,First,17.01,126.2,12.65,CRETA 1.6 CRDI AT SX PLUS,Hyundai
2016,22129,Petrol,Manual,First,18.9,82.0,4.25,GRAND I10 MAGNA,Hyundai
2011,127887,Diesel,Manual,First,21.1,73.9,2.95,RITZ VDI,Maruti
2006,92000,Diesel,Manual,First,10.5,120.0,3.45,SCORPIO 2.6 SLX CRDE,Mahindra
2011,60634,Petrol,Manual,First,19.81,68.05,3.3,I10 ERA,Hyundai
2014,90000,Diesel,Manual,First,14.0,138.1,8.0,SAFARI STORME 2012-2015 VX,Tata
2009,59000,Petrol,Manual,First,13.5,130.0,2.71,CIVIC 2006-2010 1.8 V MT,Honda
2012,59293,Petrol,Manual,First,18.2,67.1,2.7,ZEN ESTILO LXI BSIII,Maruti
2012,80753,Diesel,Manual,Second,23.4,74.0,4.5,SWIFT DZIRE VDI,Maruti
2015,40000,Diesel,Manual,Second,13.0,168.5,18.75,FORTUNER 4X2 MANUAL,Toyota
2014,103000,Diesel,Manual,Second,28.4,74.0,5.25,SWIFT VDI,Maruti
2012,72389,LPG,Manual,First,26.2,58.2,3.2,WAGON R DUO LX BSIII,Maruti
2017,48000,Diesel,Manual,First,28.4,73.75,6.0,DZIRE LDI,Maruti
2014,41000,Petrol,Manual,First,18.9,82.0,3.14,GRAND I10 ASTA,Hyundai
2016,26000,Petrol,Manual,First,25.17,53.3,2.55,KWID RXL,Renault
2012,30000,Petrol,Manual,Second,15.64,64.08,2.3,INDIGO CS EGLX BS IV,Tata
2014,74624,Diesel,Manual,First,20.0,68.05,5.65,FIGO DIESEL TITANIUM,Ford
2015,47877,Diesel,Automatic,First,15.15,97.7,48.22,CAYENNE 2009-2014 DIESEL,Porsche
2016,35000,Petrol,Manual,First,24.07,67.1,3.0,ALTO K10 VXI,Maruti
2015,52123,Diesel,Manual,First,20.34,103.2,7.5,VENTO 1.5 TDI HIGHLINE,Volkswagen
2005,90000,Diesel,Manual,First,10.5,120.0,2.6,SCORPIO 2.6 SLX CRDE,Mahindra
2018,1400,Diesel,Automatic,First,18.56,190.0,61.25,X3 XDRIVE 20D LUXURY LINE,BMW
2009,122000,Petrol,Manual,Second,17.0,118.0,3.5,CITY 1.5 V MT,Honda
2016,21110,Petrol,Automatic,First,17.44,189.08,28.95,COOPER 3 DOOR S,Mini
2015,78000,Diesel,Automatic,First,13.5,175.56,15.0,PAJERO SPORT 4X4 AT,Mitsubishi
2012,72000,Diesel,Manual,First,19.3,73.9,4.25,SWIFT DZIRE VDI,Maruti
2006,48000,Petrol,Automatic,First,8.6,97.7,59.0,CONTINENTAL FLYING SPUR,Bentley
2013,43486,Diesel,Manual,First,20.77,88.76,6.6,ERTIGA VDI,Maruti
2007,53000,Diesel,Manual,Second,12.8,102.0,5.2,INNOVA 2.5 G4 DIESEL 7-SEATER,Toyota
2010,34000,Petrol,Manual,First,11.7,178.0,10.0,NEW C-CLASS C 200 KOMPRESSOR ELEGANCE MT,Mercedes-Benz
2016,37944,Diesel,Automatic,First,14.84,167.62,35.0,NEW C-CLASS C 220 CDI BE AVANTGARE,Mercedes-Benz
2017,30000,Diesel,Manual,First,22.7,89.84,8.75,ECOSPORT 1.5 DV5 MT TITANIUM OPTIONAL,Ford
2015,64005,Petrol,Manual,First,17.71,78.9,4.57,ETIOS LIVA 1.2 G,Toyota
2012,62000,Petrol,Manual,First,20.36,78.9,2.5,I10 MAGNA 1.2,Hyundai
2005,105000,Petrol,Manual,First,18.15,97.7,1.75,SANTRO LP - EURO II,Hyundai
2014,59885,Diesel,Automatic,First,12.39,147.51,20.11,ROVER FREELANDER 2 SE,Land
2011,53000,Diesel,Manual,First,12.8,102.0,7.8,INNOVA 2.5 V DIESEL 8-SEATER,Toyota
2011,63991,Petrol,Manual,First,18.5,80.0,3.61,I20 1.2 MAGNA,Hyundai
2007,72000,Petrol,Manual,Second,17.0,97.7,1.11,SANTRO XING XO ERLX EURO II,Hyundai
2015,34895,Petrol,Automatic,First,19.15,75.94,4.6,MICRA XV CVT,Nissan
2015,97003,Diesel,Automatic,First,15.87,97.7,85.0,X6 XDRIVE 40D M SPORT,BMW
2015,45000,Petrol,Automatic,First,16.8,118.0,5.25,CITY 1.5 V AT,Honda
2013,45000,Diesel,Manual,Second,25.8,98.6,3.3,AMAZE E I-DTECH,Honda
2013,100000,Diesel,Manual,Second,11.5,171.0,17.75,FORTUNER 3.0 DIESEL,Toyota
2016,70000,Diesel,Automatic,First,12.97,187.7,35.0,ROVER DISCOVERY SPORT SD4 HSE LUXURY,Land
2016,37023,Diesel,Manual,First,19.67,126.2,13.39,CRETA 1.6 CRDI SX,Hyundai
2012,81000,Diesel,Manual,First,25.44,56.3,2.5,BEAT DIESEL LT,Chevrolet
2017,20789,Diesel,Automatic,First,11.36,171.5,18.36,INNOVA CRYSTA 2.8 GX AT,Toyota
2015,68310,Diesel,Manual,First,23.4,74.0,5.95,SWIFT DZIRE VDI,Maruti
2015,47250,Diesel,Manual,Second,19.67,126.2,11.0,CRETA 1.6 CRDI SX OPTION,Hyundai
2014,47000,Diesel,Automatic,Second,12.65,97.7,64.75,ROVER RANGE ROVER SPORT SE,Land
2017,128000,Diesel,Manual,First,25.8,98.6,6.3,AMAZE VX I-DTEC,Honda
2017,17702,Petrol,Manual,First,15.29,121.3,11.94,CRETA 1.6 SX PLUS DUAL TONE PETROL,Hyundai
2014,34987,Petrol,Automatic,First,18.19,103.5,5.95,VENTO SPORT 1.2 TSI AT,Volkswagen
2017,37000,Diesel,Manual,First,26.0,98.6,11.0,CITY I DTEC VX,Honda
2017,38271,Petrol,Manual,First,15.29,121.3,12.53,CRETA 1.6 SX PLUS DUAL TONE PETROL,Hyundai
2012,32510,Diesel,Manual,Second,20.0,68.0,3.75,FIGO DIESEL TITANIUM,Ford
2014,88000,Diesel,Automatic,First,14.69,97.7,27.0,5 SERIES 2013-2017 530D M SPORT,BMW
2012,116000,Diesel,Manual,First,10.5,107.2,9.95,PAJERO 2.8 SFX 7STR,Mitsubishi
2013,53000,Diesel,Manual,First,19.87,83.8,4.2,DUSTER 85PS DIESEL RXL OPTION,Renault
2010,75319,Petrol,Manual,Second,21.1,85.8,2.0,RITZ VXI,Maruti
2013,28000,Petrol,Manual,First,18.9,82.0,3.25,GRAND I10 SPORTZ,Hyundai
2017,16500,Diesel,Automatic,First,17.9,136.0,34.0,GLA CLASS 200 CDI SPORT,Mercedes-Benz
2016,75637,Diesel,Automatic,First,22.48,190.0,30.37,5 SERIES 520D LUXURY LINE,BMW
2018,32854,Petrol,Automatic,First,13.0,121.3,12.6,CRETA 1.6 SX PLUS PETROL AUTOMATIC,Hyundai
2019,6568,Petrol,Manual,First,25.17,53.3,5.09,KWID RXT OPTIONAL,Renault
2014,30000,Diesel,Automatic,First,14.94,97.7,24.5,A4 3.0 TDI QUATTRO,Audi
2018,17804,Diesel,Manual,Second,28.09,88.5,7.97,CIAZ VDI SHVS,Maruti
2011,69768,Petrol,Manual,First,16.0,90.0,2.9,JAZZ S,Honda
2016,62404,Diesel,Automatic,First,22.69,190.0,21.33,3 SERIES 320D LUXURY LINE,BMW
2012,97000,Diesel,Automatic,Second,19.08,126.32,6.5,VERNA SX CRDI AT,Hyundai
2016,55687,Diesel,Manual,First,21.38,88.7,12.15,CRETA 1.4 CRDI S PLUS,Hyundai
2014,17000,Petrol,Manual,First,15.04,103.2,4.25,VENTO 2013-2015 1.6 COMFORTLINE,Volkswagen
2017,34232,Diesel,Automatic,First,21.76,190.0,35.84,3 SERIES LUXURY LINE,BMW
2004,53000,Petrol,Automatic,Third,14.4,152.0,3.0,CR-V PETROL 2WD,Honda
2012,80000,Diesel,Manual,First,19.72,108.45,6.75,DUSTER 110PS DIESEL RXZ AWD,Renault
2014,31045,Petrol,Manual,Second,18.6,81.83,5.65,I20 ASTA 1.2,Hyundai
2013,58000,Diesel,Automatic,Second,16.96,138.03,7.5,JETTA 2013-2015 2.0L TDI HIGHLINE AT,Volkswagen
2018,35480,Diesel,Manual,First,19.67,126.2,13.34,CRETA 1.6 SX PLUS DIESEL,Hyundai
2016,62287,Diesel,Manual,First,28.09,88.5,7.9,CIAZ VDI SHVS,Maruti
2015,46162,Diesel,Manual,First,22.54,88.73,6.98,I20 ASTA 1.4 CRDI,Hyundai
2014,9200,Petrol,Manual,First,17.01,121.3,5.75,VERNA 1.6 SX VTVT,Hyundai
2012,55339,Diesel,Manual,First,22.07,73.9,2.65,POLO DIESEL TRENDLINE 1.2L,Volkswagen
2011,55476,Diesel,Manual,First,22.07,73.9,2.49,POLO DIESEL TRENDLINE 1.2L,Volkswagen
2007,68553,Petrol,Manual,Second,15.0,104.68,1.5,SX4 VXI BSIII,Maruti
2016,67376,Diesel,Manual,First,24.5,98.6,6.5,MOBILIO RS OPTION I DTEC,Honda
2013,42000,Diesel,Manual,First,19.64,108.45,8.0,DUSTER 110PS DIESEL RXZ PLUS,Renault
2019,28069,Diesel,Automatic,First,12.9,174.5,30.85,FORTUNER 2.8 2WD AT,Toyota
2014,93144,Diesel,Automatic,First,14.7,181.0,17.15,XC60 D4 SUMMUM,Volvo
2014,24300,Petrol,Automatic,First,23.1,67.04,4.55,CELERIO VXI AT,Maruti
2015,47883,Diesel,Manual,Second,26.21,88.5,7.4,CIAZ ZDI PLUS,Maruti
2013,12467,Diesel,Automatic,First,12.8,167.6,25.64,Q5 2008-2012 2.0 TDI,Audi
2013,56683,Diesel,Automatic,Second,17.05,184.0,13.5,X1 SDRIVE 20D SPORTLINE,BMW
2013,38000,Petrol,Manual,First,15.6,70.0,3.55,FIGO PETROL ZXI,Ford
2018,35000,Diesel,Manual,First,22.7,126.2,15.0,ELANTRA CRDI SX,Hyundai
2007,80000,Petrol,Manual,Second,13.9,103.2,1.95,VERNA 1.6 I ABS,Hyundai
2006,125000,Petrol,Manual,Second,13.5,130.0,2.3,CIVIC 2006-2010 1.8 S MT,Honda
2013,123000,Diesel,Manual,Second,12.55,168.5,15.0,FORTUNER 4X4 MT,Toyota
2012,70000,Petrol,Manual,First,20.36,78.9,3.15,I10 SPORTZ,Hyundai
2012,87982,Diesel,Manual,First,21.64,84.8,5.0,SUNNY 2011-2014 DIESEL XL,Nissan
2013,40714,Diesel,Automatic,Second,18.12,190.0,24.75,5 SERIES 2013-2017 520D LUXURY LINE,BMW
2008,83000,Diesel,Manual,Second,16.52,123.7,2.6,OPTRA MAGNUM 2.0 LT,Chevrolet
2011,86000,Petrol,Manual,First,20.36,78.9,3.75,I10 ASTA,Hyundai
2009,60002,Diesel,Manual,Second,17.5,106.0,4.85,LAURA AMBIENTE,Skoda
2013,60000,Diesel,Automatic,First,10.0,170.0,27.0,E-CLASS 2009-2013 E 220 CDI AVANTGARDE,Mercedes-Benz
2014,84677,Diesel,Manual,First,25.8,98.6,3.0,AMAZE SX I-DTEC,Honda
2017,23000,Diesel,Automatic,First,20.68,190.0,28.75,X1 XDRIVE 20D XLINE,BMW
2016,81424,Diesel,Manual,First,12.99,100.6,14.49,INNOVA 2.5 G (DIESEL) 8 SEATER,Toyota
2013,36400,Diesel,Automatic,First,7.5,97.7,72.0,PANAMERA 2010 2013 DIESEL,Porsche
2012,70000,Diesel,Manual,Second,22.71,84.8,4.0,SUNNY XV D,Nissan
2015,40000,Diesel,Manual,Second,26.59,74.0,4.5,SWIFT DZIRE LDI,Maruti
2019,600,Petrol,Automatic,First,21.5,81.8,6.25,WAGON R ZXI AMT 1.2,Maruti
2015,65320,Diesel,Automatic,Second,16.96,138.03,11.5,JETTA 2013-2015 2.0L TDI HIGHLINE AT,Volkswagen
2009,79000,Petrol,Manual,Third,9.8,180.0,3.1,ACCORD 2.4 INSPIRE M/T,Honda
2018,5000,Petrol,Manual,First,17.8,117.3,10.11,CITY I VTEC V,Honda
2019,6028,Petrol,Manual,First,17.01,121.3,11.54,VERNA 1.6 SX VTVT,Hyundai
2006,86000,Petrol,Manual,Second,18.9,67.1,1.0,WAGON R LX BSII,Maruti
2013,53000,Diesel,Manual,Second,23.4,74.0,2.5,SWIFT DZIRE TOUR LDI,Maruti
2011,59967,Petrol,Automatic,First,9.74,208.0,18.0,Q5 2008-2012 2.0 TFSI QUATTRO,Audi
2018,43127,Diesel,Manual,First,23.59,67.04,6.85,ETIOS CROSS 1.4 GD,Toyota
2012,65727,Petrol,Manual,First,19.81,68.05,2.97,I10 ERA 1.1 ITECH SE,Hyundai
2013,70000,Petrol,Manual,First,17.01,121.3,4.75,VERNA 1.6 VTVT,Hyundai
2018,39861,Diesel,Manual,First,20.14,88.8,7.38,POLO 1.5 TDI HIGHLINE,Volkswagen
2017,16485,Diesel,Automatic,First,22.48,187.74,42.75,5 SERIES 520D SPORT LINE,BMW
2010,77332,Diesel,Manual,Second,23.0,90.0,3.65,I20 1.4 ASTA OPTIONAL WITH SUNROOF,Hyundai
2017,17489,Petrol,Automatic,First,18.9,82.0,5.99,GRAND I10 ASTA OPTION AT,Hyundai
2012,125000,Diesel,Automatic,First,11.5,169.0,13.5,FORTUNER 4X2 4 SPEED AT,Toyota
2016,35129,Petrol,Automatic,First,21.4,83.1,7.0,BALENO ZETA AUTOMATIC,Maruti
2016,22982,Petrol,Automatic,First,13.0,121.3,10.95,CRETA 1.6 SX PLUS PETROL AUTOMATIC,Hyundai
2013,54500,Petrol,Manual,Third,20.36,78.9,2.95,I10 SPORTZ,Hyundai
2017,16235,Diesel,Manual,First,24.7,69.0,5.5,TIGOR XE DIESEL,Tata
2017,73641,Petrol,Automatic,First,14.67,177.46,17.08,SUPERB STYLE 1.8 TSI AT,Skoda
2015,59572,Diesel,Manual,First,26.59,74.0,6.85,SWIFT DZIRE VDI,Maruti
2014,112827,Petrol,Automatic,First,13.1,141.1,10.5,CR-V 2.0 AT,Honda
2010,118000,Diesel,Manual,First,12.8,102.0,8.75,INNOVA 2.5 G (DIESEL) 8 SEATER BS IV,Toyota
2010,60000,Petrol,Manual,First,17.0,118.0,2.7,CITY 1.5 V MT,Honda
2012,75059,Petrol,Automatic,First,17.0,121.3,4.25,VERNA VTVT 1.6 AT SX PLUS,Hyundai
2018,3000,Diesel,Manual,First,23.59,67.04,7.9,ETIOS 1.4 VXD,Toyota
2011,78000,Petrol,Automatic,Second,13.7,157.75,4.5,SUPERB ELEGANCE 1.8 TSI AT,Skoda
2012,47000,Diesel,Manual,First,21.64,84.8,4.0,SUNNY 2011-2014 DIESEL XV,Nissan
2012,42000,Petrol,Manual,First,17.0,118.0,4.75,CITY 1.5 V MT EXCLUSIVE,Honda
2018,6820,Diesel,Manual,First,22.54,88.76,7.65,ELITE I20 DIESEL ASTA OPTION,Hyundai
2013,55176,Petrol,Manual,Second,17.4,104.0,3.47,OPTRA 1.6 LT ROYALE,Chevrolet
2016,39854,Petrol,Manual,First,18.0,86.7,5.64,AMAZE S I-VTECH,Honda
2013,24000,Petrol,Manual,First,16.47,73.9,2.95,POLO PETROL COMFORTLINE 1.2L,Volkswagen
2016,55000,Diesel,Manual,First,22.9,74.0,5.65,SWIFT VDI,Maruti
2012,45840,Diesel,Automatic,First,11.4,153.86,8.41,ENDEAVOUR 3.0L 4X4 AT,Ford
2006,53000,Petrol,Manual,Third,15.4,94.0,0.85,BALENO LXI,Maruti
2003,125000,Petrol,Manual,Second,18.9,67.1,0.8,WAGON R LX,Maruti
2014,52951,Diesel,Manual,First,20.14,88.0,5.65,POLO 1.5 TDI HIGHLINE,Volkswagen
2013,49000,Petrol,Manual,First,17.1,121.3,4.5,VERNA 1.6 SX VTVT (O),Hyundai
2015,52000,Diesel,Manual,First,28.09,88.5,6.9,CIAZ ZDI PLUS SHVS,Maruti
2001,53000,Diesel,Manual,Fourth & Above,18.15,97.7,2.2,QUALIS FLEET A3,Toyota
2013,120005,Diesel,Manual,First,21.64,84.8,4.0,SUNNY 2011-2014 DIESEL XL,Nissan
2015,33000,Petrol,Manual,First,15.0,103.52,5.6,RAPID 1.6 MPI AMBITION WITH ALLOY WHEEL,Skoda
2016,126000,Petrol,Manual,First,15.1,73.0,2.2,EECO 7 SEATER STANDARD,Maruti
2013,66700,Petrol,Manual,First,15.0,103.5,4.0,RAPID ULTIMA 1.6 MPI AMBITION PLUS,Skoda
2014,122000,Diesel,Manual,Second,12.55,168.5,16.0,FORTUNER 4X4 MT,Toyota
2016,29000,Diesel,Manual,First,19.67,126.2,12.6,CRETA 1.6 CRDI SX,Hyundai
2014,42315,Petrol,Manual,First,18.5,82.9,4.79,I20 MAGNA OPTIONAL 1.2,Hyundai
2015,22001,CNG,Manual,First,26.6,58.16,3.65,WAGON R LXI CNG,Maruti
2016,84580,Diesel,Manual,First,26.0,98.6,6.83,CITY I DTEC V,Honda
2002,75000,Petrol,Manual,First,16.1,37.0,0.51,800 STD,Maruti
2006,85000,Petrol,Manual,Second,13.8,70.0,0.69,IKON 1.3 FLAIR,Ford
2015,24296,Petrol,Manual,First,20.85,83.14,4.65,SWIFT DZIRE LXI,Maruti
2014,40000,Petrol,Manual,First,16.8,116.3,6.49,CITY 1.5 V MT SUNROOF,Honda
2009,64514,Diesel,Manual,First,16.8,110.0,2.9,VERNA CRDI,Hyundai
2016,35000,Petrol,Manual,First,17.01,121.3,7.4,VERNA 1.6 SX VTVT,Hyundai
2016,41000,Petrol,Manual,Second,25.17,53.3,3.25,KWID RXT,Renault
2008,60123,Petrol,Manual,Second,18.9,67.1,1.95,WAGON R LXI,Maruti
2015,53000,Petrol,Manual,Second,18.9,82.0,4.0,GRAND I10 SPORTZ,Hyundai
2017,9000,Petrol,Manual,First,18.6,81.83,6.85,I20 1.2 ASTA,Hyundai
2015,53497,Petrol,Manual,First,18.0,86.7,5.45,AMAZE S I-VTECH,Honda
2007,68000,Diesel,Manual,First,17.8,68.0,1.99,FIESTA 1.4 DURATORQ ZXI,Ford
2014,65000,Diesel,Automatic,First,19.08,126.32,8.99,VERNA SX CRDI AT,Hyundai
2014,45155,Diesel,Manual,First,23.59,67.04,6.5,ETIOS VD SP,Toyota
2018,20026,Petrol,Automatic,First,19.0,88.7,9.27,JAZZ 1.2 V CVT I VTEC,Honda
2015,60000,Diesel,Manual,First,23.9,126.2,6.99,VERNA 1.6 CRDI SX,Hyundai
2019,15976,Diesel,Automatic,First,17.9,136.0,36.76,CLA 200 D SPORT EDITION,Mercedes-Benz
2017,30523,Petrol,Automatic,First,14.7,177.5,17.08,OCTAVIA ELEGANCE 1.8 TSI AT,Skoda
2013,26300,Diesel,Manual,First,25.44,57.6,2.8,BEAT DIESEL LS,Chevrolet
2011,66000,Diesel,Manual,First,22.07,73.9,2.49,POLO DIESEL TRENDLINE 1.2L,Volkswagen
2016,70000,Diesel,Manual,First,23.65,88.5,8.85,SX4 S CROSS DDIS 200 ZETA,Maruti
2011,46000,Petrol,Manual,First,16.8,116.3,4.15,CITY V MT,Honda
2017,28000,Diesel,Manual,First,20.64,108.5,10.0,VENTO 1.5 TDI HIGHLINE,Volkswagen
2017,46000,Petrol,Manual,First,18.9,81.86,4.75,GRAND I10 1.2 KAPPA MAGNA,Hyundai
2017,33000,Petrol,Automatic,First,24.04,67.0,3.2,KWID AMT RXL,Renault
2017,27718,Petrol,Manual,First,22.74,47.3,3.28,ALTO 800 LXI,Maruti
2013,58000,Petrol,Manual,First,15.8,110.0,7.5,ECOSPORT 1.5 TI VCT MT TITANIUM,Ford
2018,33150,Petrol,Manual,First,21.4,83.1,7.39,BALENO ZETA,Maruti
2013,77000,Diesel,Manual,First,23.2,73.94,3.65,RITZ VDI,Maruti
2007,70000,Diesel,Automatic,First,11.0,198.5,11.0,E-CLASS 280 CDI,Mercedes-Benz
2012,97000,Diesel,Manual,First,23.2,73.94,3.0,RITZ VDI,Maruti
2012,75300,Diesel,Manual,Second,25.44,57.6,2.25,BEAT DIESEL LT,Chevrolet
2010,69918,Petrol,Manual,First,15.5,103.3,2.83,SX4 VXI BSIV,Maruti
2019,4721,Petrol,Manual,First,14.0,35.0,4.11,OMNI 5 SEATER BSIV,Maruti
2014,39163,Diesel,Manual,First,13.5,178.0,14.7,PAJERO SPORT ANNIVERSARY EDITION,Mitsubishi
2013,80000,Petrol,Automatic,First,13.0,210.0,25.0,S CLASS 2005 2013 S 300 L,Mercedes-Benz
2015,66000,Diesel,Manual,First,25.44,56.3,2.35,BEAT DIESEL LS,Chevrolet
2017,36154,Diesel,Manual,Second,25.83,99.0,6.41,FIGO 2015-2019 1.5D TITANIUM MT,Ford
2012,34000,Petrol,Manual,First,17.4,117.3,5.75,CITY I-VTEC VX,Honda
2016,60000,Diesel,Automatic,Second,17.9,136.0,17.55,GLA CLASS 200 CDI SPORT,Mercedes-Benz
2015,32000,Diesel,Manual,First,21.38,88.7,10.25,CRETA 1.4 CRDI S PLUS,Hyundai
2012,79985,Diesel,Manual,First,17.8,67.0,3.16,FIESTA CLASSIC 1.4 DURATORQ CLXI,Ford
2014,37600,Diesel,Automatic,Second,16.55,147.51,22.5,A4 2.0 TDI,Audi
2015,31965,Petrol,Manual,First,19.81,68.05,3.55,I10 MAGNA 1.1,Hyundai
2010,70749,Petrol,Automatic,First,12.05,154.0,9.86,3 SERIES 320I SEDAN,BMW
2013,38000,Diesel,Automatic,First,16.46,97.7,45.0,7 SERIES 730LD,BMW
2017,41534,Petrol,Manual,First,17.01,121.3,7.99,VERNA 1.6 SX VTVT,Hyundai
2017,54455,Diesel,Automatic,First,22.0,108.495,6.5,AMEO 1.5 TDI COMFORTLINE AT,Volkswagen
2007,42000,Petrol,Manual,First,14.49,92.7,0.75,AVEO 1.4 LS,Chevrolet
2018,52073,Diesel,Manual,Second,18.3,147.9,9.87,CRUZE LTZ,Chevrolet
2018,40175,Diesel,Manual,Second,22.54,88.73,6.36,I20 1.4 SPORTZ,Hyundai
2017,16503,Petrol,Automatic,First,16.0,117.3,9.5,BRV I-VTEC V CVT,Honda
2017,15029,Petrol,Manual,First,19.1,82.0,6.05,XCENT 1.2 KAPPA SX,Hyundai
2013,26200,CNG,Manual,First,18.15,47.3,2.15,ALTO 800 CNG LXI,Maruti
2015,76362,Diesel,Manual,First,24.0,70.0,5.5,GRAND I10 CRDI SPORTZ,Hyundai
2007,18700,Petrol,Manual,Second,19.7,46.3,1.25,ALTO LXI,Maruti
2015,67585,Diesel,Manual,First,12.99,100.6,11.99,INNOVA 2.5 VX (DIESEL) 7 SEATER,Toyota
2010,57000,Petrol,Automatic,Second,16.95,78.9,2.5,I10 SPORTZ 1.2 AT,Hyundai
2019,22321,Petrol,Automatic,First,18.0,117.3,11.66,CITY I-VTEC CVT V,Honda
1998,95150,Petrol,Manual,Third,17.3,60.0,0.53,ZEN LX,Maruti
2015,36428,Petrol,Manual,First,20.51,67.04,3.1,WAGON R LXI BS IV,Maruti
2012,73500,Diesel,Manual,Second,20.0,68.0,2.6,FIGO DIESEL TITANIUM,Ford
2015,47234,Petrol,Manual,First,18.0,86.7,5.09,AMAZE S I-VTECH,Honda
2008,62364,Petrol,Manual,First,13.2,94.0,2.3,ACCENT GLE,Hyundai
2012,89000,Diesel,Manual,First,22.32,126.32,6.0,VERNA 1.6 SX CRDI (O),Hyundai
2013,58653,Diesel,Manual,First,25.2,74.0,4.4,SWIFT ZDI,Maruti
2013,30000,Petrol,Automatic,Second,14.8,120.7,11.0,B CLASS B180,Mercedes-Benz
2014,64042,Diesel,Manual,First,17.3,163.7,5.7,CRUZE LTZ,Chevrolet
2013,120000,Diesel,Automatic,First,20.0,138.1,6.95,LAURA AMBIENTE 2.0 TDI CR AT,Skoda
2014,90000,Diesel,Manual,First,12.05,120.0,7.9,SCORPIO VLX 2WD BSIV,Mahindra
2018,30733,Diesel,Automatic,First,20.68,190.0,29.3,X1 XDRIVE 20D XLINE,BMW
2009,43600,Petrol,Automatic,First,10.93,97.7,10.24,E-CLASS 2009-2013 E350 PETROL,Mercedes-Benz
2010,71473,Petrol,Automatic,Second,13.7,157.75,5.35,SUPERB ELEGANCE 1.8 TSI AT,Skoda
2014,39000,Petrol,Automatic,Second,16.5,86.8,3.49,BRIO VX AT,Honda
2009,84045,Petrol,Manual,First,20.36,78.9,2.85,I10 MAGNA 1.2,Hyundai
2014,57004,Petrol,Manual,First,17.4,117.3,5.35,CITY I VTEC SV,Honda
2012,75464,Petrol,Manual,First,15.6,70.0,3.62,FIGO PETROL ZXI,Ford
2006,53000,Diesel,Manual,First,12.8,102.0,6.25,INNOVA 2.5 G4 DIESEL 7-SEATER,Toyota
2012,118683,Diesel,Manual,Second,21.0,64.1,3.19,VERITO 1.5 D6 BSIV,Mahindra
2018,42000,Petrol,Manual,First,18.15,82.0,5.5,KUV 100 G80 K8 DUAL TONE,Mahindra
2019,12800,Petrol,Manual,First,18.6,81.83,7.67,I20 SPORTZ OPTION 1.2,Hyundai
2011,80000,Petrol,Manual,First,12.0,127.0,5.5,NEW SAFARI EX 4X2,Tata
2014,76126,Diesel,Manual,First,19.3,73.9,6.6,SWIFT DZIRE VDI,Maruti
2017,21000,Diesel,Automatic,Second,15.97,97.7,55.0,X5 XDRIVE 30D M SPORT,BMW
2013,85000,Diesel,Automatic,First,17.68,174.33,21.0,A6 2011-2015 2.0 TDI PREMIUM PLUS,Audi
2017,27000,Petrol,Manual,First,21.4,83.1,4.5,BALENO DELTA 1.2,Maruti
2016,45794,Diesel,Automatic,First,13.01,194.3,20.67,SANTA FE 4WD AT,Hyundai
2013,57352,Diesel,Automatic,First,14.39,163.7,6.5,CRUZE LTZ AT,Chevrolet
2018,41467,Diesel,Automatic,First,15.0,204.0,37.98,E-CLASS 2015-2017 E250 EDITION E,Mercedes-Benz
2009,42000,Petrol,Manual,First,17.92,62.1,1.45,SANTRO XING GLS,Hyundai
2014,62549,CNG,Manual,First,26.6,58.16,2.95,WAGON R LXI CNG,Maruti
2015,67048,Diesel,Manual,First,28.09,88.5,7.9,CIAZ VDI PLUS SHVS,Maruti
2018,11732,Petrol,Manual,First,17.4,117.3,10.07,CITY I-VTEC V,Honda
2016,37000,Diesel,Manual,First,20.45,83.8,6.5,TERRANO XL PLUS ICC WT20 SE,Nissan
2015,30000,Diesel,Automatic,First,18.88,184.0,22.0,3 SERIES 320D PRESTIGE,BMW
2016,53000,Diesel,Manual,First,26.0,98.6,9.75,CITY I DTEC V,Honda
2014,60000,Diesel,Manual,First,20.45,83.8,6.0,TERRANO XL PLUS 85 PS,Nissan
2014,65000,Diesel,Manual,First,24.0,70.0,3.99,GRAND I10 CRDI SPORTZ,Hyundai
2008,51000,Petrol,Manual,First,17.0,97.7,1.75,SANTRO XING XL ERLX EURO III,Hyundai
2015,92000,Diesel,Automatic,First,12.55,168.5,19.75,FORTUNER 4X2 AT,Toyota
2017,31000,Diesel,Manual,First,13.68,147.8,16.95,INNOVA CRYSTA 2.4 VX MT,Toyota
2017,43917,Petrol,Manual,First,21.4,83.1,6.8,BALENO ZETA 1.2,Maruti
2007,46707,Petrol,Manual,First,17.0,97.7,0.99,SANTRO XING XL ERLX EURO III,Hyundai
2013,84000,Petrol,Manual,First,19.81,68.05,2.95,I10 SPORTZ 1.1L,Hyundai
2015,55662,Diesel,Automatic,First,12.07,97.7,42.83,Q7 3.0 TDI QUATTRO PREMIUM PLUS,Audi
2014,51000,Diesel,Automatic,First,27.03,190.0,21.5,S60 D4 MOMENTUM,Volvo
2015,24398,Petrol,Manual,First,17.8,117.3,7.9,CITY I VTEC V,Honda
2011,78000,Petrol,Manual,Second,20.92,67.1,2.3,ALTO K10 2010-2014 VXI,Maruti
2012,40315,Petrol,Manual,First,18.5,86.8,2.75,BRIO 1.2 S OPTION MT,Honda
2011,83000,Diesel,Manual,First,12.05,120.0,6.71,SCORPIO VLX 2WD AIRBAG BSIV,Mahindra
2017,58151,Diesel,Automatic,First,19.6,108.45,9.6,DUSTER 110PS DIESEL RXL AMT,Renault
2017,30519,Diesel,Manual,First,19.67,126.2,12.81,CRETA 1.6 CRDI SX,Hyundai
2019,20712,Petrol,Manual,First,23.84,84.0,6.94,TIAGO 1.2 REVOTRON XZ,Tata
2015,48000,Diesel,Manual,First,16.0,140.0,9.45,XUV500 W6 2WD,Mahindra
2015,85000,Diesel,Manual,First,20.34,103.2,6.0,VENTO 1.5 TDI HIGHLINE,Volkswagen
2013,32000,Petrol,Automatic,First,14.8,120.7,11.0,B CLASS B180,Mercedes-Benz
2011,52000,Petrol,Manual,First,15.5,103.3,2.6,SX4 VXI BSIV,Maruti
2007,58307,Petrol,Manual,First,15.3,83.0,1.95,GETZ GLE,Hyundai
2013,30000,Diesel,Automatic,First,17.54,97.7,45.0,6 SERIES GRAN COUPE,BMW
2014,40000,Diesel,Automatic,First,17.11,174.33,22.0,A4 2.0 TDI 177 BHP PREMIUM PLUS,Audi
2015,36000,Petrol,Manual,First,18.6,81.83,4.9,I20 ASTA OPTION 1.2,Hyundai
2015,58817,Diesel,Manual,First,19.87,83.14,6.25,TERRANO XL D OPTION,Nissan
2013,55000,Diesel,Manual,Second,20.54,103.6,6.1,VENTO KONEKT DIESEL HIGHLINE,Volkswagen
2011,39000,Petrol,Manual,First,20.36,78.9,2.6,I10 SPORTZ,Hyundai
2011,6500,Petrol,Automatic,Third,6.4,97.7,120.0,GALLARDO COUPE,Lamborghini
2012,35000,Diesel,Automatic,First,14.74,97.7,29.0,XF 3.0 LITRE S PREMIUM LUXURY,Jaguar
2010,49900,Petrol,Manual,Second,17.5,85.8,3.3,SWIFT DZIRE VXI,Maruti
2013,99500,Diesel,Manual,Second,22.3,74.0,3.05,INDICA VISTA QUADRAJET VX,Tata
2012,33249,Diesel,Manual,First,21.27,88.76,3.25,I20 ASTA 1.4 CRDI,Hyundai
2014,52000,Petrol,Manual,First,19.1,81.86,3.75,XCENT 1.2 KAPPA S OPTION,Hyundai
2015,45000,Diesel,Manual,First,12.99,100.6,13.25,INNOVA 2.5 VX (DIESEL) 7 SEATER,Toyota
2017,22000,Petrol,Manual,First,23.84,84.0,4.8,TIAGO 1.2 REVOTRON XZ,Tata
2019,7858,Petrol,Manual,First,25.17,53.3,3.8,KWID RXL,Renault
2011,112000,Diesel,Manual,First,12.8,102.0,8.5,INNOVA 2.5 V DIESEL 7-SEATER,Toyota
2016,41082,Diesel,Automatic,First,13.0,204.0,38.76,E-CLASS 2015-2017 E250 CDI AVANTGARDE,Mercedes-Benz
2009,72000,Petrol,Automatic,First,16.8,116.4,3.2,CITY 1.5 S AT,Honda
2011,84912,Petrol,Manual,First,20.36,78.9,3.5,I10 SPORTZ 1.2,Hyundai
2015,70000,Diesel,Manual,First,19.67,126.2,12.25,CRETA 1.6 CRDI SX OPTION,Hyundai
2014,21000,Petrol,Manual,First,19.5,86.76,4.75,AMAZE VX PETROL,Honda
2016,27000,Petrol,Manual,First,18.78,74.0,4.5,POLO 1.2 MPI TRENDLINE,Volkswagen
2012,29000,Petrol,Manual,First,20.36,78.9,2.35,I10 MAGNA 1.2,Hyundai
2014,48425,Diesel,Manual,First,23.08,63.12,3.4,PULSE RXL,Renault
2016,19000,Diesel,Automatic,First,21.5,108.5,10.0,VENTO 1.5 TDI HIGHLINE AT,Volkswagen
2012,53000,Diesel,Manual,First,12.99,100.0,9.0,INNOVA 2.5 VX (DIESEL) 7 SEATER BS IV,Toyota
2013,64000,Petrol,Manual,Second,14.53,138.1,5.2,COROLLA ALTIS G,Toyota
2006,53000,Diesel,Manual,Second,16.8,110.0,1.85,VERNA CRDI,Hyundai
2013,100000,Diesel,Automatic,Second,11.3,97.7,38.0,GL-CLASS 350 CDI BLUE EFFICIENCY,Mercedes-Benz
2013,69140,Diesel,Manual,First,20.46,83.8,5.11,DUSTER 85PS DIESEL RXL OPTIONAL,Renault
2019,21214,Petrol,Manual,First,15.41,103.52,9.66,RAPID 1.6 MPI AMBITION,Skoda
2015,28000,Petrol,Manual,First,20.36,78.9,3.4,I10 SPORTZ 1.2,Hyundai
2017,29085,Petrol,Manual,First,18.15,82.0,5.84,KUV 100 MFALCON G80 K8,Mahindra
2016,30000,Petrol,Automatic,First,23.1,67.04,3.8,CELERIO VXI AMT,Maruti
2012,32910,Petrol,Automatic,First,16.98,66.1,2.5,A-STAR AT VXI,Maruti
2015,30000,Diesel,Manual,First,25.1,98.6,6.95,CITY I DTEC VX,Honda
2010,35102,Petrol,Automatic,First,12.6,161.6,5.5,SUPERB 1.8 TSI,Skoda
2017,22831,Petrol,Manual,First,18.9,82.0,6.19,GRAND I10 SPORTZ,Hyundai
2013,74911,Diesel,Manual,First,20.45,83.8,6.0,DUSTER 85PS DIESEL RXL,Renault
2015,21000,Petrol,Manual,First,18.9,82.0,3.75,GRAND I10 MAGNA,Hyundai
2018,37160,Diesel,Manual,First,22.77,98.59,9.46,ECOSPORT 1.5 TDCI TITANIUM,Ford
2011,41000,Petrol,Manual,Second,16.95,97.7,3.0,SUNNY 2011-2014 XL,Nissan
2016,37294,Diesel,Manual,First,25.83,99.0,5.75,FIGO ASPIRE 1.5 TDCI TITANIUM,Ford
2009,56927,Petrol,Manual,First,13.5,130.0,4.41,CIVIC 2006-2010 1.8 V MT,Honda
2017,21954,Petrol,Manual,First,25.17,53.3,3.7,KWID RXT OPTIONAL,Renault
2014,50000,Petrol,Manual,Second,19.4,86.8,2.5,BRIO EX MT,Honda
2012,78212,Petrol,Manual,First,16.1,88.2,5.35,SWIFT ZXI ABS,Maruti
2013,64500,Diesel,Manual,First,21.9,88.8,3.65,I20 MAGNA OPTIONAL 1.4 CRDI,Hyundai
2014,51000,Diesel,Automatic,First,17.2,138.03,13.0,SUPERB ELEGANCE 2.0 TDI CR AT,Skoda
2012,52000,Petrol,Manual,First,18.9,67.1,2.45,WAGON R LXI BSII,Maruti
2015,120000,Diesel,Automatic,First,21.21,103.2,5.75,VENTO 1.5 TDI HIGHLINE AT,Volkswagen
2017,65792,Diesel,Manual,First,26.0,98.6,8.11,CITY I DTEC S,Honda
2018,30000,Diesel,Manual,First,22.54,88.73,7.75,I20 1.4 SPORTZ,Hyundai
2017,54387,Petrol,Automatic,First,19.15,75.94,5.85,MICRA XV CVT,Nissan
2018,1617,Petrol,Manual,First,25.17,53.3,4.29,KWID RXT OPTIONAL,Renault
2015,82000,Diesel,Manual,First,25.6,98.6,8.0,CITY I-DTEC SV,Honda
2017,20000,Diesel,Manual,First,13.68,147.8,16.5,INNOVA CRYSTA 2.4 G MT 8S,Toyota
2015,98000,Diesel,Manual,First,27.39,74.0,5.5,BALENO ALPHA 1.3,Maruti
2015,57000,Diesel,Manual,First,22.77,98.59,6.35,ECOSPORT 1.5 TDCI TREND,Ford
2013,53000,Diesel,Manual,Second,12.99,100.6,7.9,INNOVA 2.5 G (DIESEL) 8 SEATER,Toyota
2014,56549,Diesel,Manual,First,22.7,89.84,7.2,ECOSPORT 1.5 DV5 MT AMBIENTE,Ford
2012,78500,Diesel,Manual,First,22.07,73.9,3.65,POLO DIESEL COMFORTLINE 1.2L,Volkswagen
2016,55036,Diesel,Manual,First,22.54,88.73,6.35,I20 SPORTZ 1.4 CRDI,Hyundai
2016,55000,Diesel,Manual,First,19.87,83.8,7.8,DUSTER 85PS DIESEL RXL EXPLORE,Renault
2007,90000,Petrol,Manual,Second,13.8,70.0,1.4,IKON 1.3 FLAIR,Ford
2007,53000,Diesel,Manual,First,13.1,141.0,5.5,ENDEAVOUR XLT TDCI 4X2,Ford
2018,17810,Diesel,Manual,First,27.39,74.0,8.5,BALENO DELTA 1.3,Maruti
2011,42408,Diesel,Automatic,First,14.84,170.0,10.48,NEW C-CLASS C 220 CDI ELEGANCE AT,Mercedes-Benz
2005,81000,Petrol,Manual,Second,15.9,85.0,0.75,ESTEEM VXI - BSIII,Maruti
2008,52000,Petrol,Manual,Second,12.85,99.6,1.3,INDIGO XL GRAND PETROL,Tata
2013,35000,Diesel,Automatic,First,16.73,218.0,21.0,5 SERIES 525D SEDAN,BMW
2013,60000,Petrol,Manual,First,17.92,62.1,2.3,SANTRO XING GL PLUS,Hyundai
2015,27000,Diesel,Automatic,First,19.5,141.0,14.95,OCTAVIA 2.0 TDI AT STYLE PLUS,Skoda
2017,55975,Diesel,Automatic,Second,17.68,174.33,35.92,A6 2011-2015 35 TDI TECHNOLOGY,Audi
2016,115000,Diesel,Manual,First,25.83,99.0,4.5,FIGO 1.5D TREND MT,Ford
2016,53000,Diesel,Manual,First,14.95,93.7,5.5,XYLO D4 BS III,Mahindra
2015,40337,Petrol,Automatic,First,23.1,67.04,4.45,CELERIO ZXI AT,Maruti
2008,53000,Diesel,Manual,First,12.8,102.0,6.85,INNOVA 2.5 G4 DIESEL 8-SEATER,Toyota
2016,50000,Diesel,Manual,First,24.0,70.0,5.5,GRAND I10 CRDI ASTA,Hyundai
2016,28147,Petrol,Manual,First,18.9,81.86,5.07,GRAND I10 1.2 KAPPA SPORTZ,Hyundai
2015,20000,Petrol,Manual,First,18.9,82.0,3.85,GRAND I10 SPORTZ,Hyundai
2016,11000,Petrol,Manual,First,18.6,81.86,7.95,ELITE I20 PETROL ASTA,Hyundai
2009,63000,Petrol,Manual,Second,18.2,67.1,1.25,ZEN ESTILO LXI BSIII,Maruti
2014,36967,Petrol,Manual,First,20.92,67.1,3.64,ALTO K10 2010-2014 VXI,Maruti
2016,73053,Diesel,Manual,First,13.0,168.5,20.0,FORTUNER 4X2 MANUAL,Toyota
2019,16392,Diesel,Manual,First,16.55,105.0,10.36,THAR CRDE AC,Mahindra
2007,79000,Petrol,Manual,First,17.0,97.7,1.85,SANTRO XING XO,Hyundai
2013,67000,Petrol,Manual,Second,16.78,88.73,4.05,ETIOS G,Toyota
2015,48600,Diesel,Automatic,First,12.0,224.0,48.5,GL-CLASS 2007 2012 350 CDI LUXURY,Mercedes-Benz
2014,70000,Diesel,Manual,First,19.6,108.45,8.25,DUSTER 110PS DIESEL RXZ,Renault
2014,84000,Diesel,Manual,First,22.9,74.0,5.25,SWIFT VDI,Maruti
2013,49106,Petrol,Manual,First,15.04,103.2,4.4,VENTO MAGNIFIC 1.6 COMFORTLINE,Volkswagen
2017,35000,Diesel,Automatic,First,18.19,174.5,25.75,SUPERB L&K 2.0 TDI AT,Skoda
2014,51240,Diesel,Automatic,First,8.2,97.7,29.52,3 SERIES 330D CONVERTIBLE,BMW
2011,37000,Petrol,Manual,Second,18.9,67.1,2.1,WAGON R VXI BS IV,Maruti
2017,32587,Petrol,Manual,First,25.17,53.3,3.71,KWID RXT,Renault
2009,53000,Diesel,Manual,First,10.9,143.0,7.5,ENDEAVOUR 4X2 XLT LIMITED EDITION,Ford
2017,21248,Diesel,Manual,First,24.3,88.5,9.44,VITARA BREZZA ZDI PLUS DUAL TONE,Maruti
2006,47200,Petrol,Manual,Second,17.0,97.7,1.2,SANTRO XING XO ERLX EURO II,Hyundai
2014,40000,Petrol,Automatic,First,10.5,157.7,24.0,E-CLASS 200 KOMPRESSOR ELEGANCE,Mercedes-Benz
2019,4000,Diesel,Automatic,First,18.15,194.0,35.0,C-CLASS PROGRESSIVE C 220D,Mercedes-Benz
2017,23700,CNG,Manual,First,17.5,80.46,8.25,ERTIGA VXI CNG,Maruti
2011,57000,Diesel,Automatic,Second,16.55,147.51,9.75,A4 2.0 TDI CELEBRATION EDITION,Audi
2014,37000,Petrol,Manual,First,18.9,82.0,3.45,GRAND I10 ASTA,Hyundai
2014,70000,Diesel,Manual,Second,13.5,175.56,11.85,PAJERO SPORT 4X4,Mitsubishi
2012,92469,Diesel,Automatic,Second,19.71,201.15,16.14,NEW C-CLASS C 250 CDI AVANTGARDE,Mercedes-Benz
2015,55000,CNG,Manual,First,26.6,58.16,3.7,WAGON R LXI CNG,Maruti
2017,20000,Petrol,Automatic,First,24.07,67.1,4.0,ALTO K10 VXI AGS,Maruti
2015,42000,Petrol,Manual,Second,18.6,81.83,5.8,I20 SPORTZ 1.2,Hyundai
2014,28000,Diesel,Manual,First,23.4,74.0,4.65,SWIFT DZIRE VDI,Maruti
2010,93000,Petrol,Automatic,Second,11.8,97.7,15.0,R-CLASS R350 4MATIC LONG,Mercedes-Benz
2015,23000,Petrol,Automatic,First,15.63,110.4,6.8,ECOSPORT 1.5 TI VCT AT TITANIUM,Ford
2016,36000,Diesel,Manual,First,25.1,98.6,10.25,CITY I DTEC VX OPTION,Honda
2014,52000,Petrol,Manual,First,20.92,67.1,2.7,ALTO K10 2010-2014 VXI,Maruti
2015,59245,Diesel,Manual,First,20.77,88.8,8.5,ERTIGA ZDI,Maruti
2018,31000,Diesel,Manual,First,22.54,88.73,7.75,I20 DIESEL ASTA OPTION,Hyundai
2015,83000,Petrol,Manual,First,15.64,64.08,2.7,INDIGO CS EGLX BS IV,Tata
2004,81500,Petrol,Manual,Second,19.7,46.3,1.3,ALTO STD,Maruti
2008,51000,Petrol,Manual,Second,19.5,97.7,1.75,ESTILO LXI,Maruti
2018,9900,Petrol,Manual,First,15.8,121.3,13.2,CRETA 1.6 SX,Hyundai
2004,94000,Petrol,Manual,Second,18.9,67.1,1.0,WAGON R LX,Maruti
2017,27100,Petrol,Manual,First,16.78,88.73,6.37,ETIOS V,Toyota
2015,12000,Petrol,Manual,First,16.78,88.73,4.5,ETIOS V,Toyota
2013,29000,Diesel,Manual,First,19.01,108.45,6.5,DUSTER 110PS DIESEL RXZ OPTIONAL WITH NAV,Renault
2013,65000,Diesel,Manual,Second,19.3,73.9,4.99,SWIFT DZIRE VDI BSIV,Maruti
2017,50794,Diesel,Automatic,First,17.9,170.0,43.3,GLC 220,Mercedes-Benz
2014,59000,Diesel,Manual,First,22.7,89.84,6.5,ECOSPORT 1.5 DV5 MT TITANIUM OPTIONAL,Ford
2012,72000,CNG,Manual,First,26.2,58.2,2.25,WAGON R LXI CNG,Maruti
2017,15234,Petrol,Automatic,First,19.12,91.1,9.95,CIAZ 1.4 AT ALPHA,Maruti
2015,44000,Diesel,Manual,First,22.7,89.84,7.35,ECOSPORT 1.5 DV5 MT TITANIUM,Ford
2016,125000,Diesel,Manual,First,22.95,74.0,4.6,ZEST QUADRAJET 1.3 75PS XE,Tata
2011,100000,Diesel,Automatic,First,11.4,153.86,8.5,ENDEAVOUR 3.0L 4X4 AT,Ford
2017,34686,Diesel,Automatic,First,19.6,108.45,11.86,DUSTER 110PS DIESEL RXZ AMT,Renault
2011,98000,Diesel,Manual,First,14.42,147.6,8.0,X-TRAIL SLX MT,Nissan
2015,90000,Diesel,Automatic,First,12.55,168.5,21.5,FORTUNER 4X4 AT,Toyota
2007,81000,Petrol,Manual,First,15.26,74.9,1.3,AVEO U-VA 1.2 LS,Chevrolet
2012,55000,Diesel,Manual,First,20.5,103.5,5.9,RAPID 1.6 TDI AMBITION,Skoda
2013,52910,Diesel,Manual,Second,15.1,140.0,9.5,XUV500 W8 4WD,Mahindra
2010,100000,Diesel,Manual,First,19.3,73.9,4.5,SWIFT DZIRE ZDI,Maruti
2003,53000,Diesel,Manual,First,18.7,66.0,2.25,OCTAVIA ELEGANCE 1.9 TDI,Skoda
2014,18000,Petrol,Manual,First,13.7,98.82,3.35,ENJOY PETROL LS 7 SEATER,Chevrolet
2005,50000,Petrol,Manual,First,13.2,94.0,0.7,ACCENT GLE,Hyundai
2012,33000,Petrol,Automatic,First,14.74,184.0,16.0,NEW C-CLASS C 200 CGI,Mercedes-Benz
2014,30000,Diesel,Manual,First,20.45,83.8,8.0,DUSTER 85PS DIESEL RXE,Renault
2015,8000,Petrol,Automatic,First,12.5,97.7,100.0,F TYPE 5.0 V8 S,Jaguar
2012,58646,Diesel,Manual,First,22.32,126.32,4.74,VERNA 1.6 SX,Hyundai
2016,21000,Diesel,Automatic,First,13.0,204.0,36.0,E-CLASS 2015-2017 E250 CDI AVANTGARDE,Mercedes-Benz
2015,57026,Petrol,Manual,First,15.04,103.6,5.54,VENTO PETROL HIGHLINE,Volkswagen
2017,42000,Diesel,Automatic,First,18.19,174.5,22.99,SUPERB STYLE 2.0 TDI AT,Skoda
2017,26741,Diesel,Manual,First,15.4,120.0,10.08,SCORPIO 1.99 S4 PLUS,Mahindra
2010,85000,Petrol,Manual,First,17.5,97.7,2.85,LAURA CLASSIC 1.8 TSI,Skoda
2000,78000,Petrol,Manual,First,16.1,37.0,0.55,800 DX BSII,Maruti
2018,29091,Diesel,Automatic,First,13.22,97.7,45.52,Q5 3.0 TDI QUATTRO TECHNOLOGY,Audi
2018,37323,Diesel,Manual,Second,17.45,100.0,7.29,NUVOSPORT N6,Mahindra
2011,55595,Diesel,Manual,Second,20.54,103.6,4.3,VENTO DIESEL HIGHLINE,Volkswagen
2015,49900,Petrol,Manual,First,20.85,83.14,4.8,SWIFT DZIRE VXI OPTIONAL,Maruti
2012,52500,Petrol,Manual,Second,16.02,93.7,5.25,ERTIGA VXI,Maruti
2016,5700,Petrol,Manual,First,24.7,47.3,2.8,ALTO 800 2016-2019 LXI,Maruti
2014,53340,Diesel,Manual,First,21.9,88.76,4.35,I20 MAGNA 1.4 CRDI (DIESEL),Hyundai
2014,57000,Diesel,Manual,First,22.7,89.84,5.49,ECOSPORT 1.5 DV5 MT TITANIUM,Ford
2015,59525,CNG,Manual,Second,18.15,58.2,3.1,ALTO K10 LXI CNG,Maruti
2014,58000,Diesel,Manual,First,20.34,103.2,6.5,VENTO 1.5 TDI HIGHLINE,Volkswagen
2011,73000,Diesel,Manual,First,12.05,120.0,6.4,SCORPIO VLX 2WD AIRBAG BSIII,Mahindra
2016,33554,Diesel,Manual,First,25.83,99.0,6.22,FIGO ASPIRE 1.5 TDCI TITANIUM PLUS,Ford
2012,106000,Diesel,Manual,First,12.99,100.0,8.4,INNOVA 2.5 G (DIESEL) 8 SEATER,Toyota
2018,27000,Diesel,Manual,First,28.4,73.75,5.9,DZIRE LDI,Maruti
2018,1000,Petrol,Manual,First,25.17,53.3,3.4,KWID RXL,Renault
2011,119000,Diesel,Manual,Third,13.1,141.0,6.5,ENDEAVOUR 2.5L 4X2 MT,Ford
2002,75000,Diesel,Manual,First,18.15,97.7,1.7,JEEP MM 540 DP,Mahindra
2015,64000,Petrol,Manual,First,18.88,123.24,6.0,ECOSPORT 1.0 ECOBOOST TITANIUM PLUS,Ford
2016,63738,Diesel,Manual,First,19.67,126.2,11.9,CRETA 1.6 CRDI SX,Hyundai
2016,16000,Diesel,Automatic,First,14.69,97.7,48.0,5 SERIES 2013-2017 530D M SPORT,BMW
2017,28000,Petrol,Automatic,First,18.69,103.0,8.0,ERTIGA VXI AT PETROL,Maruti
2007,91000,Diesel,Automatic,Second,15.6,106.0,2.45,LAURA L AND K AT,Skoda
2013,25000,Petrol,Manual,First,18.6,79.4,1.75,BEAT LS,Chevrolet
2014,65630,Diesel,Automatic,First,15.73,174.33,21.75,Q3 2.0 TDI,Audi
2014,48094,Petrol,Manual,First,17.0,118.0,7.25,CITY 1.5 V MT,Honda
2009,90456,Petrol,Manual,Second,16.1,88.2,3.0,SWIFT LXI BSIII,Maruti
2012,53000,Diesel,Manual,First,20.0,68.0,2.51,FIGO DIESEL EXI,Ford
2015,95000,Diesel,Automatic,First,12.55,168.5,19.6,FORTUNER 4X4 AT,Toyota
2013,79000,Diesel,Manual,Second,15.8,170.0,15.5,NEW C-CLASS 200 CDI CLASSIC,Mercedes-Benz
2012,96000,Diesel,Manual,First,12.99,100.0,11.5,INNOVA 2.5 GX (DIESEL) 7 SEATER,Toyota
2004,53000,Petrol,Manual,Second,13.0,100.0,1.76,CITY 1.5 EXI,Honda
2015,91000,Diesel,Manual,First,25.8,98.6,4.68,AMAZE S I-DTECH,Honda
2010,109703,Petrol,Automatic,Second,14.28,138.03,4.0,COROLLA ALTIS 1.8 G CVT,Toyota
2012,110000,Diesel,Manual,First,22.3,74.0,2.8,INDICA VISTA QUADRAJET VX,Tata
2012,35000,Diesel,Manual,First,16.0,140.0,8.25,XUV500 W8 2WD,Mahindra
2010,47722,Diesel,Manual,First,21.1,73.9,1.7,RITZ VDI,Maruti
2013,25000,Petrol,Automatic,First,14.74,181.04,14.85,NEW C-CLASS C 200 AVANTGARDE,Mercedes-Benz
2018,8000,Petrol,Automatic,First,17.0,121.3,12.85,VERNA VTVT 1.6 AT SX OPTION,Hyundai
2012,65000,Diesel,Automatic,First,14.94,204.0,16.0,NEW C-CLASS C 250 CDI ELEGANCE,Mercedes-Benz
2018,1048,Petrol,Manual,First,18.9,67.1,4.7,WAGON R VXI BS IV,Maruti
2014,42000,Petrol,Manual,Second,16.02,93.7,5.94,ERTIGA VXI,Maruti
2013,55000,Diesel,Manual,First,20.5,103.5,8.0,RAPID ULTIMA 1.6 TDI ELEGANCE,Skoda
2010,72000,Diesel,Manual,First,12.8,102.0,5.45,INNOVA 2.5 V DIESEL 8-SEATER,Toyota
2018,17773,Petrol,Automatic,First,13.7,183.0,26.76,GLA CLASS 200 SPORT,Mercedes-Benz
2013,65000,Diesel,Manual,Second,20.14,88.0,3.5,POLO 1.5 TDI HIGHLINE,Volkswagen
2008,65000,Petrol,Manual,Second,18.15,62.0,1.39,SANTRO XING GL,Hyundai
2013,53280,Diesel,Manual,First,22.32,126.3,4.7,VERNA 1.6 CRDI EX MT,Hyundai
2016,34005,Petrol,Manual,First,17.0,73.75,5.75,AMEO 1.2 MPI HIGHLINE,Volkswagen
2017,14618,Petrol,Manual,First,18.6,81.83,8.11,I20 ASTA OPTION 1.2,Hyundai
2006,65771,Petrol,Manual,Second,17.3,64.0,0.75,WAGON R LX BSIII,Maruti
2006,78000,Petrol,Manual,Second,13.5,60.0,1.0,INDICA LEI,Tata
2016,105545,Diesel,Manual,First,14.0,112.0,5.3,XYLO D4,Mahindra
2017,25000,Diesel,Manual,First,12.4,134.0,8.0,D-MAX V-CROSS 4X4,ISUZU
2010,80561,Petrol,Manual,First,18.5,80.0,2.74,I20 2015-2017 MAGNA,Hyundai
2017,6000,Petrol,Manual,First,21.4,83.1,7.5,BALENO ALPHA,Maruti
2016,39000,Diesel,Automatic,First,17.6,153.86,13.5,HEXA XTA,Tata
2011,55001,Petrol,Manual,First,16.47,73.9,2.2,POLO PETROL COMFORTLINE 1.2L,Volkswagen
2012,63720,Petrol,Automatic,First,11.74,186.0,13.25,NEW C-CLASS C 200 CGI ELEGANCE,Mercedes-Benz
2013,70000,Diesel,Manual,First,23.59,97.7,3.88,ETIOS GD,Toyota
2005,100000,Petrol,Manual,Second,15.3,83.0,0.85,GETZ GLS,Hyundai
2017,15386,Petrol,Manual,First,23.84,84.0,5.11,TIAGO 1.2 REVOTRON XT,Tata
2013,102486,Diesel,Manual,First,19.87,83.8,4.25,DUSTER 85PS DIESEL RXL OPTION,Renault
2013,58629,Diesel,Automatic,Second,18.25,187.74,16.52,A4 35 TDI PREMIUM PLUS,Audi
2008,86000,Diesel,Manual,Third,13.93,138.0,0.6,NEW SAFARI DICOR 2.2 VX 4X2,Tata
2012,68238,Diesel,Manual,First,22.9,74.0,4.8,SWIFT VDI,Maruti
2011,42036,Petrol,Automatic,First,13.7,157.75,6.25,SUPERB ELEGANCE 1.8 TSI AT,Skoda
2014,55619,Petrol,Manual,First,16.3,147.5,8.3,ELANTRA SX,Hyundai
2009,60000,Petrol,Manual,Third,17.0,118.0,3.25,CITY 1.5 E MT,Honda
2015,30000,Diesel,Manual,First,19.87,83.8,7.75,DUSTER 85PS DIESEL RXL EXPLORE,Renault
2016,31150,Diesel,Automatic,First,16.36,187.7,30.54,XF 2.2 LITRE LUXURY,Jaguar
2010,70000,LPG,Manual,First,26.2,58.2,2.27,WAGON R DUO LXI,Maruti
2010,70290,Petrol,Manual,Second,17.24,73.9,2.96,POLO IPL II 1.2 PETROL HIGHLINE,Volkswagen
2016,10000,Petrol,Manual,First,17.57,88.7,4.0,BOLT REVOTRON XT,Tata
2014,68010,Petrol,Manual,Second,18.5,82.85,5.25,I20 SPORTZ 1.2,Hyundai
2013,91903,Diesel,Automatic,First,17.68,174.33,17.56,A6 2011-2015 2.0 TDI,Audi
2011,38000,Petrol,Manual,First,16.09,103.5,3.25,VENTO 1.6 HIGHLINE,Volkswagen
2015,67600,Petrol,Manual,First,23.1,67.04,4.0,CELERIO VXI,Maruti
2007,66800,Petrol,Manual,First,15.3,83.0,2.2,GETZ GLE,Hyundai
2016,37208,Diesel,Manual,First,24.3,88.5,7.43,VITARA BREZZA VDI,Maruti
2009,102002,Diesel,Automatic,First,8.7,224.34,10.75,M-CLASS ML 320 CDI,Mercedes-Benz
2011,68000,Diesel,Manual,First,19.3,73.9,2.75,SWIFT DZIRE VDI BSIV,Maruti
2013,40000,Diesel,Automatic,Second,17.85,97.7,45.0,PANAMERA DIESEL,Porsche
2015,33500,Petrol,Automatic,First,19.16,158.2,19.75,CAMRY HYBRID,Toyota
2013,33746,Petrol,Manual,First,18.5,86.8,3.2,BRIO 1.2 VX MT,Honda
2009,53000,Petrol,Automatic,First,18.15,97.7,4.75,SUPERB 3.6 V6 FSI,Skoda
2011,45004,Diesel,Manual,First,12.8,102.0,9.48,INNOVA 2.5 V DIESEL 7-SEATER,Toyota
2015,70602,Diesel,Manual,First,25.8,98.6,4.83,AMAZE VX I-DTEC,Honda
2014,27365,Diesel,Manual,First,28.4,74.0,4.75,SWIFT VDI,Maruti
2015,100000,Diesel,Manual,First,24.4,71.0,4.0,XCENT 1.1 CRDI S,Hyundai
2012,55000,Diesel,Manual,Second,14.0,112.0,2.9,XYLO D4 BSIV,Mahindra
2013,46000,Petrol,Manual,First,18.9,67.1,2.65,WAGON R VXI,Maruti
2011,47000,Diesel,Manual,First,25.44,57.6,2.5,BEAT DIESEL,Chevrolet
