Location,Year,Kilometers_Driven,Fuel_Type,Transmission,Owner_Type,Mileage,Power,Brand,Model,Predicted_Price
Mumbai,2010,72000,CNG,Manual,First,26.0,58.0,MARUTI,WAGON R LXI CNG,-0.27
Pune,2015,41000,Diesel,Manual,First,19.0,126.0,HYUNDAI,CRETA 1.6 CRDI SX OPTION,11.5
Chennai,2011,46000,Petrol,Manual,First,18.0,88.0,HONDA,JAZZ V,2.05
Chennai,2012,87000,Diesel,Manual,First,20.0,88.0,MARUTI,ERTIGA VDI,4.81
Coimbatore,2013,40670,Diesel,Automatic,Second,15.0,140.0,AUDI,A4 NEW 2.0 TDI MULTITRONIC,14.41
Hyderabad,2012,75000,LPG,Manual,First,21.0,55.0,HYUNDAI,EON LPG ERA PLUS OPTION,2.29
Jaipur,2013,86999,Diesel,Manual,First,23.0,63.0,NISSAN,MICRA DIESEL XV,4.62
Mumbai,2016,36000,Diesel,Automatic,First,11.0,171.0,TOYOTA,INNOVA CRYSTA 2.8 GX AT 8S,18.0
Pune,2013,64430,Diesel,Manual,First,20.0,103.0,VOLKSWAGEN,VENTO DIESEL COMFORTLINE,5.2
Chennai,2012,65932,Diesel,Manual,Second,22.0,74.0,TATA,INDICA VISTA QUADRAJET LS,0.87
Kochi,2018,25692,Petrol,Manual,First,21.0,103.0,MARUTI,CIAZ ZETA,9.72
Kolkata,2012,60000,Petrol,Automatic,First,16.0,116.0,HONDA,CITY 1.5 V AT SUNROOF,4.94
Jaipur,2015,64424,Diesel,Manual,First,25.0,74.0,MARUTI,SWIFT VDI BSIV,5.1
Delhi,2014,72000,Diesel,Automatic,First,12.0,187.0,LAND,ROVER RANGE ROVER 2.2L PURE,33.15
Pune,2012,85000,Diesel,Automatic,Second,0.0,115.0,LAND,ROVER FREELANDER 2 TD4 SE,20.45
Delhi,2014,110000,Diesel,Manual,First,13.0,175.0,MITSUBISHI,PAJERO SPORT 4X4,15.25
Kochi,2016,58950,Diesel,Manual,First,25.0,98.0,HONDA,AMAZE S I-DTECH,6.27
Jaipur,2017,25000,Diesel,Manual,First,28.0,74.0,MARUTI,SWIFT DDIS VDI,10.45
Kochi,2014,77469,Diesel,Manual,First,20.0,83.0,RENAULT,DUSTER 85PS DIESEL RXL PLUS,5.95
Bangalore,2014,78500,Diesel,Automatic,First,14.0,167.0,MERCEDES-BENZ,NEW C-CLASS C 220 CDI BE AVANTGARE,24.47
Kochi,2014,32982,Diesel,Automatic,First,22.0,190.0,BMW,3 SERIES 320D,16.62
Bangalore,2015,55392,Diesel,Manual,Second,23.0,88.0,MARUTI,S CROSS DDIS 200 ALPHA,7.44
Mumbai,2015,55985,Petrol,Automatic,First,13.0,177.0,AUDI,A6 2011-2015 35 TFSI TECHNOLOGY,23.8
Kolkata,2010,45807,Petrol,Manual,First,18.0,80.0,HYUNDAI,I20 1.2 MAGNA,2.32
Kolkata,2010,33000,Petrol,Automatic,First,14.0,103.0,VOLKSWAGEN,VENTO PETROL HIGHLINE AT,2.3
Mumbai,2012,51920,Petrol,Manual,First,16.0,116.0,HONDA,CITY CORPORATE EDITION,4.59
Hyderabad,2012,54000,Diesel,Manual,First,23.0,63.0,NISSAN,MICRA DIESEL XV,3.6
Hyderabad,2013,54000,Petrol,Manual,Second,20.0,67.0,MARUTI,ALTO K10 2010-2014 VXI,2.82
Kochi,2018,37430,Petrol,Manual,First,17.0,88.0,HONDA,WRV I-VTEC VX,9.41
Mumbai,2007,262000,Diesel,Manual,Fourth & Above,12.0,102.0,TOYOTA,INNOVA 2.5 V DIESEL 7-SEATER,5.96
Bangalore,2013,62000,Diesel,Manual,First,19.0,108.0,RENAULT,DUSTER 110PS DIESEL RXZ PACK,6.78
Delhi,2012,87615,Petrol,Manual,First,14.0,138.0,TOYOTA,COROLLA ALTIS G,7.63
Bangalore,2013,72000,Diesel,Automatic,Second,11.0,184.0,MAHINDRA,SSANGYONG REXTON RX7,10.56
Kolkata,2010,35000,Diesel,Automatic,First,12.0,179.0,AUDI,A6 2.7 TDI,13.31
Coimbatore,2014,55431,Petrol,Manual,Second,16.0,103.0,VOLKSWAGEN,VENTO 1.6 HIGHLINE,5.02
Jaipur,2009,83816,Petrol,Manual,Second,14.0,64.0,MARUTI,WAGON R LXI BSIII,2.45
Kochi,2018,50075,Diesel,Manual,First,24.0,88.0,MARUTI,VITARA BREZZA ZDI PLUS,9.81
Delhi,2017,52000,Petrol,Manual,First,18.0,82.0,MAHINDRA,KUV 100 MFALCON G80 K6 5STR AW,5.62
Pune,2013,85000,Diesel,Automatic,First,11.0,254.0,MERCEDES-BENZ,M-CLASS ML 350 CDI,29.91
Chennai,2013,62000,Diesel,Manual,First,22.0,73.0,VOLKSWAGEN,POLO DIESEL TRENDLINE 1.2L,4.51
Delhi,2008,90000,Petrol,Manual,Second,19.0,46.0,MARUTI,ALTO LXI,0.22
Kochi,2014,19698,Petrol,Manual,First,25.0,37.0,TATA,NANO LX SE,0.13
Coimbatore,2017,22033,Diesel,Manual,First,25.0,77.0,MAHINDRA,KUV 100 MFALCON D75 K8 DUAL TONE,5.75
Kochi,2014,35487,Petrol,Manual,First,18.0,82.0,HYUNDAI,I20 MAGNA OPTIONAL 1.2,4.68
Bangalore,2014,46374,Petrol,Automatic,First,14.0,149.0,HYUNDAI,ELANTRA 2.0 SX OPTION AT,11.39
Mumbai,2016,52001,Petrol,Automatic,First,14.0,138.0,TOYOTA,COROLLA ALTIS G AT,11.77
Ahmedabad,2008,58005,Diesel,Manual,Second,14.0,112.0,HYUNDAI,ELANTRA CRDI,3.87
Bangalore,2012,70704,Petrol,Manual,First,11.0,163.0,TOYOTA,INNOVA CRYSTA 2.7 GX MT,12.65
Jaipur,2014,75000,Diesel,Manual,First,24.0,71.0,HYUNDAI,XCENT 1.1 CRDI S,3.47
Jaipur,2012,75800,Diesel,Manual,Second,16.0,105.0,MAHINDRA,THAR CRDE AC,4.35
Kochi,2015,13648,Diesel,Automatic,First,17.0,174.0,AUDI,A4 2.0 TDI 177 BHP PREMIUM PLUS,21.19
Delhi,2014,52000,Diesel,Manual,First,22.0,74.0,MARUTI,SWIFT LDI,4.96
Kolkata,2014,53000,Diesel,Manual,First,17.0,75.0,MARUTI,SWIFT LDI BSIV,4.62
Delhi,2013,65650,Diesel,Manual,First,28.0,74.0,MARUTI,SWIFT VDI,3.4
Chennai,2015,54000,Petrol,Manual,Third,18.0,82.0,HYUNDAI,GRAND I10 SPORTZ,4.74
Kolkata,2015,39000,Petrol,Manual,First,15.0,103.0,VOLKSWAGEN,VENTO 2013-2015 1.6 COMFORTLINE,5.15
Kochi,2017,16542,Petrol,Manual,First,25.0,53.0,RENAULT,KWID RXT,3.89
Kolkata,2010,32000,Petrol,Manual,First,20.0,78.0,HYUNDAI,I10 ASTA,1.07
Hyderabad,2010,121812,Diesel,Automatic,First,13.0,147.0,NISSAN,X-TRAIL SLX AT,8.36
Hyderabad,2010,39300,Petrol,Manual,First,18.0,67.0,MARUTI,ZEN ESTILO VXI BSIII,2.42
Mumbai,2017,22000,Diesel,Manual,First,13.0,147.0,TOYOTA,INNOVA CRYSTA 2.4 GX MT 8S,17.2
Bangalore,2010,72000,Diesel,Manual,First,20.0,68.0,FORD,FIGO DIESEL TITANIUM,1.06
Delhi,2015,58000,Petrol,Automatic,First,11.0,186.0,MERCEDES-BENZ,NEW C-CLASS C 200 CGI AVANTGARDE,23.58
Pune,2011,65000,Diesel,Manual,Second,15.0,170.0,MERCEDES-BENZ,NEW C-CLASS 200 CDI CLASSIC,16.41
Chennai,2016,178000,Diesel,Manual,First,25.0,69.0,TATA,INDICA V2 ELS,2.63
Jaipur,2012,65664,Diesel,Automatic,First,16.0,140.0,AUDI,A4 2.0 TDI MULTITRONIC,16.08
Mumbai,2007,63000,Petrol,Automatic,Second,16.0,78.0,HONDA,CITY ZX CVT,1.58
Coimbatore,2019,15369,Diesel,Automatic,First,0.0,194.0,MERCEDES-BENZ,C-CLASS PROGRESSIVE C 220D,36.54
Pune,2016,63000,Diesel,Manual,First,24.0,88.0,MARUTI,ERTIGA SHVS VDI,8.31
Mumbai,2018,13000,Diesel,Manual,First,22.0,88.0,HYUNDAI,CRETA 1.4 E PLUS DIESEL,10.45
Mumbai,2008,73000,Petrol,Automatic,First,8.0,500.0,PORSCHE,CAYENNE 2009-2014 TURBO,29.8
Mumbai,2015,55729,Diesel,Manual,First,15.0,140.0,MAHINDRA,XUV500 W8 4WD,11.09
Kochi,2012,45178,Petrol,Automatic,First,16.0,78.0,HYUNDAI,I10 SPORTZ 1.2 AT,3.61
Kochi,2015,56066,Diesel,Manual,First,19.0,108.0,NISSAN,TERRANO XV D PRE,7.85
Coimbatore,2016,37300,Petrol,Automatic,Second,16.0,86.0,HONDA,BRIO VX AT,5.52
Delhi,2014,56000,Diesel,Automatic,Second,18.0,187.0,AUDI,A6 2.0 TDI DESIGN EDITION,25.41
Jaipur,2008,111111,Diesel,Manual,First,17.0,97.0,FORD,FIESTA 1.4 SXI TDCI,2.38
Chennai,2006,230000,Petrol,Manual,Third,12.0,132.0,TOYOTA,INNOVA 2.0 G1,4.45
Hyderabad,2012,104000,Diesel,Manual,First,12.0,102.0,TOYOTA,INNOVA 2.5 VX 7 STR BSIV,10.67
Hyderabad,2005,87591,Petrol,Manual,First,0.0,97.0,HYUNDAI,SANTRO XING XL,0.05
Jaipur,2012,95100,Diesel,Manual,First,22.0,74.0,MARUTI,SWIFT VDI,3.4
Pune,2017,70000,Petrol,Manual,First,17.0,88.0,TATA,ZEST REVOTRON 1.2T XE,4.96
Kochi,2016,54944,Petrol,Manual,First,18.0,86.0,HONDA,AMAZE SX I-VTEC,5.88
Hyderabad,2012,70337,Diesel,Manual,First,20.0,68.0,FORD,FIGO DIESEL ZXI,3.12
Jaipur,2013,99638,Diesel,Manual,First,23.0,73.0,MARUTI,RITZ VDI,4.6
Delhi,2009,52000,Petrol,Manual,First,17.0,117.0,HONDA,CITY I VTEC E,2.78
Delhi,2011,75000,Diesel,Automatic,Second,16.0,218.0,BMW,5 SERIES 2003-2012 525D,18.14
Pune,2009,95980,Petrol,Manual,First,20.0,78.0,HYUNDAI,I10 SPORTZ 1.2,0.93
Bangalore,2016,16000,Petrol,Manual,First,18.0,82.0,HYUNDAI,GRAND I10 SPORTZ,5.15
Hyderabad,2007,73745,Petrol,Manual,First,17.0,97.0,HYUNDAI,SANTRO XING XO,1.66
Mumbai,2016,18949,Petrol,Manual,First,17.0,86.0,HONDA,AMAZE SX I-VTEC,6.01
Delhi,2014,107000,Diesel,Manual,First,13.0,168.0,TOYOTA,FORTUNER 4X2 MANUAL,17.94
Coimbatore,2018,48367,Diesel,Automatic,First,17.0,174.0,AUDI,A6 2011-2015 35 TDI PREMIUM,35.47
Delhi,2013,57000,Diesel,Manual,First,22.0,89.0,FORD,ECOSPORT 1.5 DV5 MT TITANIUM OPTIONAL,5.4
Delhi,2014,58000,Diesel,Manual,First,15.0,140.0,MAHINDRA,XUV500 W8 2WD,9.03
Kolkata,2015,30000,Diesel,Manual,First,25.0,98.0,HONDA,AMAZE SX I-DTEC,4.53
Kolkata,2013,34212,Diesel,Manual,First,22.0,73.0,VOLKSWAGEN,POLO DIESEL HIGHLINE 1.2L,4.24
Ahmedabad,2010,70002,Diesel,Manual,First,16.0,110.0,HYUNDAI,VERNA TRANSFORM SX VGT CRDI,4.02
Bangalore,2016,62000,Petrol,Manual,First,18.0,67.0,MARUTI,WAGON R VXI BS IV,5.72
Delhi,2010,62001,Petrol,Manual,First,15.0,103.0,VOLKSWAGEN,POLO PETROL HIGHLINE 1.6L,2.61
Pune,2011,78958,Diesel,Manual,Second,23.0,90.0,HYUNDAI,I20 1.4 CRDI SPORTZ,2.74
Mumbai,2014,30180,Petrol,Manual,First,18.0,82.0,HYUNDAI,I20 ASTA 1.2,4.88
Pune,2017,32851,Petrol,Manual,First,19.0,67.0,DATSUN,GO PLUS T PETROL,5.46
Kolkata,2010,30000,Diesel,Automatic,First,14.0,241.0,AUDI,A4 3.0 TDI QUATTRO PREMIUM,15.85
Pune,2009,66000,Petrol,Manual,Second,17.0,80.0,HYUNDAI,I20 2015-2017 ASTA,1.18
Coimbatore,2010,93850,Petrol,Manual,First,14.0,35.0,MARUTI,OMNI 5 STR STD,0.68
Ahmedabad,2014,53000,Petrol,Manual,First,17.0,78.0,TOYOTA,ETIOS LIVA 1.2 G,4.5
Hyderabad,2011,78000,Diesel,Automatic,Second,14.0,270.0,JAGUAR,XF 3.0 LITRE S PREMIUM LUXURY,23.06
Delhi,2012,65000,Diesel,Manual,Second,16.0,140.0,MAHINDRA,XUV500 W8 2WD,6.4
Kolkata,2014,40000,Diesel,Automatic,First,22.0,126.0,HYUNDAI,VERNA 1.6 SX CRDI (O) AT,6.16
Mumbai,2017,30000,Diesel,Automatic,First,11.0,171.0,TOYOTA,INNOVA CRYSTA 2.8 ZX AT,20.16
Coimbatore,2017,38053,Petrol,Manual,First,15.0,73.0,MARUTI,EECO 5 SEATER AC,5.6
Bangalore,2014,25500,Petrol,Manual,First,25.0,37.0,TATA,NANO TWIST XT,1.33
Mumbai,2015,56087,Diesel,Automatic,First,22.0,190.0,BMW,3 SERIES 320D LUXURY LINE,22.01
Delhi,2010,71088,Petrol,Manual,First,13.0,130.0,HONDA,CIVIC 2006-2010 1.8 V MT,4.03
Ahmedabad,2014,55000,Diesel,Manual,First,12.0,100.0,TOYOTA,INNOVA 2.5 VX (DIESEL) 7 SEATER,11.7
Bangalore,2014,32700,Diesel,Automatic,First,23.0,150.0,VOLVO,V40 CROSS COUNTRY D3,17.58
Coimbatore,2016,39882,Petrol,Automatic,First,19.0,75.0,NISSAN,MICRA XV CVT,6.24
Mumbai,2009,128000,Petrol,Automatic,First,10.0,215.0,BMW,5 SERIES 2010-2013 525I,12.94
Mumbai,2016,55000,Diesel,Manual,First,24.0,88.0,MARUTI,VITARA BREZZA VDI,7.25
Mumbai,2005,102000,Petrol,Manual,Second,17.0,97.0,HYUNDAI,SANTRO XING XL ERLX EURO III,-0.79
Pune,2014,53753,Diesel,Automatic,Second,15.0,107.0,MERCEDES-BENZ,B CLASS B200 CDI,17.46
Kolkata,2018,10250,Diesel,Manual,First,22.0,126.0,HYUNDAI,VERNA CRDI 1.6 SX OPTION,11.52
Pune,2011,43874,Petrol,Manual,First,18.0,67.0,MARUTI,WAGON R LXI BS IV,1.14
Coimbatore,2017,32684,Petrol,Automatic,First,21.0,37.0,TATA,NANO XTA,3.74
Kolkata,2014,42000,Diesel,Manual,First,12.0,120.0,MAHINDRA,SCORPIO VLX,8.85
Kolkata,2009,28352,Petrol,Automatic,First,11.0,178.0,MERCEDES-BENZ,NEW C-CLASS 200 K AT,13.23
Pune,2013,89900,CNG,Manual,First,26.0,58.0,MARUTI,WAGON R LXI CNG,2.71
Bangalore,2007,47700,Petrol,Manual,Second,10.0,152.0,HONDA,CR-V 2.4 MT,4.72
Pune,2015,55000,Diesel,Automatic,First,21.0,103.0,VOLKSWAGEN,VENTO 1.5 TDI COMFORTLINE AT,7.98
Kochi,2017,44285,Petrol,Manual,First,20.0,91.0,MARUTI,CIAZ VXI PLUS,8.29
Jaipur,2016,54000,Diesel,Automatic,First,16.0,140.0,MAHINDRA,XUV500 AT W10 FWD,14.22
Coimbatore,2016,30232,Petrol,Manual,First,21.0,85.0,MARUTI,RITZ VXI ABS,7.28
Hyderabad,2014,88500,Petrol,Manual,First,24.0,67.0,MARUTI,ALTO K10 VXI,2.75
Kolkata,2017,13372,Petrol,Automatic,First,19.0,362.0,MERCEDES-BENZ,SLC 43 AMG,61.77
Kochi,2019,12645,Petrol,Automatic,First,17.0,121.0,HYUNDAI,VERNA VTVT 1.6 AT SX PLUS,12.0
Chennai,2010,94385,Petrol,Manual,Second,19.0,46.0,MARUTI,ALTO LXI BSIII,1.1
Coimbatore,2015,31821,Diesel,Automatic,First,20.0,143.0,BMW,1 SERIES 118D BASE,18.01
Mumbai,2015,12000,Petrol,Automatic,First,19.0,88.0,HONDA,JAZZ 1.2 V CVT I VTEC,5.7
Delhi,2012,88578,Petrol,Manual,First,13.0,130.0,HONDA,CIVIC 2006-2010 1.8 V MT,6.02
Kochi,2014,44965,Diesel,Automatic,First,19.0,170.0,MERCEDES-BENZ,NEW C-CLASS C 220 CDI AVANTGARDE,23.51
Kolkata,2014,45044,Diesel,Manual,First,25.0,98.0,HONDA,AMAZE SX I-DTEC,3.56
Kochi,2016,34204,Petrol,Manual,First,22.0,81.0,MARUTI,SWIFT VVT VXI,5.97
Kochi,2008,80759,Petrol,Manual,Third,17.0,97.0,HYUNDAI,SANTRO XING XO ERLX EURO II,2.91
Coimbatore,2012,91235,Diesel,Manual,First,11.0,171.0,TOYOTA,FORTUNER 3.0 DIESEL,13.7
Pune,2014,38800,Petrol,Manual,First,18.0,76.0,CHEVROLET,BEAT LT OPTION,3.11
Chennai,2013,83000,Diesel,Manual,First,21.0,103.0,SKODA,RAPID 1.5 TDI ELEGANCE,4.86
Kochi,2018,41283,Petrol,Manual,First,20.0,91.0,MARUTI,CIAZ 1.4 ALPHA,9.93
Mumbai,2013,23000,Petrol,Automatic,First,11.0,444.0,AUDI,RS5 COUPE,40.97
Mumbai,2014,48000,Diesel,Automatic,First,21.0,190.0,BMW,3 SERIES LUXURY LINE,29.19
Coimbatore,2015,48214,Diesel,Automatic,First,17.0,174.0,AUDI,A4 2.0 TDI 177 BHP PREMIUM PLUS,21.22
Chennai,2016,35000,Diesel,Manual,First,22.0,74.0,MARUTI,SWIFT VDI,7.29
Kolkata,2010,35277,Petrol,Automatic,First,7.0,362.0,MERCEDES-BENZ,S CLASS 2005 2013 S 500,32.94
Coimbatore,2016,54620,Diesel,Automatic,First,21.0,103.0,SKODA,RAPID 1.5 TDI AT ELEGANCE PLUS BLACK PACKAGE,9.85
Pune,2012,136997,Diesel,Automatic,First,17.0,138.0,SKODA,SUPERB ELEGANCE 2.0 TDI CR AT,9.67
Kochi,2019,14322,Petrol,Manual,First,21.0,55.0,HYUNDAI,EON MAGNA PLUS,6.96
Jaipur,2012,65634,Diesel,Manual,First,22.0,73.0,VOLKSWAGEN,POLO DIESEL TRENDLINE 1.2L,3.53
Kolkata,2016,6000,Petrol,Manual,First,20.0,67.0,DATSUN,GO NXT,3.29
Kolkata,2013,33280,Petrol,Manual,First,19.0,86.0,HONDA,BRIO S MT,3.07
Delhi,2013,29000,Petrol,Automatic,First,14.0,120.0,MERCEDES-BENZ,B CLASS B180,11.99
Kochi,2015,42831,Diesel,Manual,First,26.0,98.0,HONDA,CITY I DTEC V,6.62
Ahmedabad,2016,90000,Diesel,Manual,First,12.0,100.0,TOYOTA,INNOVA 2.5 G (DIESEL) 7 SEATER,11.84
Ahmedabad,2017,24005,Petrol,Manual,First,20.0,81.0,MARUTI,SWIFT VXI OPTIONAL,6.21
Mumbai,2012,32792,Diesel,Manual,First,15.0,140.0,MAHINDRA,XUV500 W8 2WD,7.03
Kochi,2014,147898,Diesel,Manual,First,22.0,89.0,FORD,ECOSPORT 1.5 DV5 MT AMBIENTE,5.77
Mumbai,2012,131765,Diesel,Manual,First,13.0,168.0,TOYOTA,FORTUNER 4X2 MANUAL,15.99
Chennai,2013,65000,Diesel,Automatic,First,21.0,108.0,VOLKSWAGEN,VENTO 1.5 HIGHLINE PLUS AT 16 ALLOY,7.2
Jaipur,2010,66123,Diesel,Manual,Second,20.0,68.0,FORD,FIGO DIESEL TITANIUM,0.55
Mumbai,2015,41000,Diesel,Automatic,First,15.0,258.0,BMW,X5 XDRIVE 30D,32.55
Coimbatore,2017,23550,Diesel,Automatic,First,19.0,167.0,MERCEDES-BENZ,NEW C-CLASS C 220 CDI STYLE,33.39
Bangalore,2012,45000,Petrol,Manual,Second,19.0,86.0,HONDA,BRIO V MT,2.41
Delhi,2013,60000,Petrol,Manual,First,20.0,78.0,HYUNDAI,I10 MAGNA 1.2,4.28
Bangalore,2016,44414,Diesel,Automatic,First,17.0,170.0,MERCEDES-BENZ,GLC 220,38.49
Kolkata,2019,1000,Petrol,Manual,First,18.0,81.0,HYUNDAI,GRAND I10 1.2 KAPPA ASTA,8.04
Mumbai,2012,62500,Diesel,Automatic,Second,17.0,174.0,AUDI,A6 2011-2015 2.0 TDI PREMIUM PLUS,19.22
Mumbai,2013,21000,Petrol,Automatic,Second,14.0,103.0,VOLKSWAGEN,VENTO PETROL HIGHLINE AT,4.74
Jaipur,2017,8525,Diesel,Automatic,Second,16.0,112.0,MINI,COUNTRYMAN COOPER D,23.83
Bangalore,2014,29000,Diesel,Manual,First,22.0,88.0,HYUNDAI,I20 ASTA 1.4 CRDI,5.61
Mumbai,2014,40000,Diesel,Automatic,First,17.0,174.0,AUDI,A6 2011-2015 2.0 TDI PREMIUM PLUS,21.67
Jaipur,2012,88000,Diesel,Manual,First,25.0,57.0,CHEVROLET,BEAT DIESEL LT,2.25
Kochi,2012,53537,Petrol,Automatic,First,13.0,157.0,SKODA,SUPERB ELEGANCE 1.8 TSI AT,8.22
Chennai,2006,216000,Diesel,Manual,Second,17.0,68.0,FORD,FIESTA 1.4 TDCI EXI LIMITED EDITION,-2.86
Hyderabad,2014,51000,Diesel,Automatic,First,22.0,190.0,BMW,5 SERIES 520D LUXURY LINE,23.87
Jaipur,2007,118500,Petrol,Manual,First,12.0,102.0,CHEVROLET,OPTRA MAGNUM 1.6 LS BS3,0.01
Hyderabad,2012,63000,Diesel,Manual,First,22.0,73.0,VOLKSWAGEN,POLO DIESEL HIGHLINE 1.2L,3.28
Mumbai,2015,25000,Diesel,Manual,First,19.0,108.0,RENAULT,LODGY 110PS RXZ 8 SEATER,7.93
Bangalore,2014,37382,Diesel,Automatic,First,13.0,201.0,MERCEDES-BENZ,E-CLASS E250 CDI AVANTGRADE,24.87
Kochi,2017,24773,Petrol,Manual,First,21.0,83.0,MARUTI,BALENO ALPHA,7.73
Delhi,2012,62000,Diesel,Manual,First,22.0,126.0,HYUNDAI,VERNA 1.6 SX,5.19
Kochi,2017,52340,Petrol,Manual,First,19.0,68.0,HYUNDAI,I10 MAGNA 1.1,6.57
Kochi,2016,56739,Diesel,Manual,First,15.0,120.0,MAHINDRA,SCORPIO 1.99 S10 4WD,10.42
Coimbatore,2018,36091,Diesel,Automatic,First,12.0,187.0,LAND,ROVER RANGE ROVER 2.2L DYNAMIC,44.84
Chennai,2010,120000,Diesel,Manual,First,20.0,68.0,FORD,FIGO DIESEL ZXI,1.19
Mumbai,2016,33000,Diesel,Manual,First,25.0,88.0,MARUTI,ERTIGA ZDI,8.38
Ahmedabad,2007,60006,Petrol,Manual,First,0.0,97.0,HONDA,CITY 1.5 GXI,2.84
Kolkata,2014,52000,Diesel,Manual,First,25.0,98.0,HONDA,AMAZE S I-DTECH,4.29
Jaipur,2015,43571,Petrol,Manual,First,20.0,78.0,HYUNDAI,I10 MAGNA,6.18
Kolkata,2013,50000,Diesel,Manual,First,25.0,98.0,HONDA,AMAZE S I-DTECH,3.3
Hyderabad,2008,113000,Diesel,Manual,First,17.0,106.0,SKODA,LAURA AMBIENTE,3.61
Delhi,2014,90000,Diesel,Manual,First,19.0,83.0,RENAULT,DUSTER 85PS DIESEL RXL,5.85
Chennai,2017,29000,Diesel,Manual,Second,17.0,100.0,MAHINDRA,NUVOSPORT N6,7.02
Mumbai,2016,20000,Diesel,Manual,First,24.0,88.0,MARUTI,VITARA BREZZA ZDI PLUS DUAL TONE,9.03
Kochi,2016,61012,Petrol,Manual,First,18.0,81.0,HYUNDAI,I20 ASTA OPTION 1.2,6.49
Jaipur,2009,87459,Petrol,Manual,First,14.0,85.0,SKODA,FABIA 1.4 MPI AMBIENTE,1.63
Pune,2010,70500,Petrol,Manual,First,15.0,64.0,TATA,INDIGO ECS GLX,0.18
Delhi,2015,64103,Diesel,Automatic,First,15.0,174.0,AUDI,Q3 2012-2015 35 TDI QUATTRO PREMIUM PLUS,22.61
Mumbai,2014,76000,Petrol,Automatic,First,14.0,177.0,SKODA,OCTAVIA ELEGANCE 1.8 TSI AT,13.19
Delhi,2014,104000,Diesel,Manual,First,23.0,67.0,TOYOTA,ETIOS LIVA GD SP,4.25
Kolkata,2010,42001,Petrol,Manual,First,16.0,97.0,MARUTI,SWIFT 1.3 VXI,4.04
Kochi,2014,37245,Petrol,Automatic,First,14.0,120.0,MERCEDES-BENZ,B CLASS B180,12.99
Kolkata,2013,45000,Diesel,Manual,First,27.0,98.0,HONDA,AMAZE S DIESEL,3.89
Jaipur,2012,117837,Diesel,Manual,Second,22.0,126.0,HYUNDAI,VERNA 1.6 SX,4.74
Mumbai,2014,30000,Diesel,Manual,First,20.0,83.0,RENAULT,DUSTER 85PS DIESEL RXL OPTIONAL,6.32
Delhi,2015,27057,Petrol,Manual,Second,15.0,121.0,HYUNDAI,CRETA 1.6 VTVT S,9.08
Mumbai,2016,8500,Petrol,Automatic,First,20.0,67.0,MARUTI,WAGON R AMT VXI,4.26
Kolkata,2010,30500,Petrol,Automatic,First,11.0,186.0,MERCEDES-BENZ,NEW C-CLASS C250 AVANTGARDE,14.03
Delhi,2012,56000,Diesel,Automatic,First,11.0,246.0,AUDI,A8 L 3.0 TDI QUATTRO,30.74
Pune,2012,44000,Petrol,Manual,Second,19.0,68.0,HYUNDAI,I10 MAGNA 1.1,1.13
Mumbai,2017,10500,Petrol,Automatic,First,14.0,103.0,SKODA,RAPID 1.6 MPI AT STYLE BLACK PACKAGE,9.3
Hyderabad,2017,26000,Petrol,Automatic,First,14.0,177.0,SKODA,SUPERB STYLE 1.8 TSI AT,17.47
Coimbatore,2018,25166,Petrol,Manual,First,17.0,81.0,HYUNDAI,I20 ACTIVE 1.2 SX,8.26
Kolkata,2014,64000,Diesel,Manual,Second,25.0,98.0,HONDA,AMAZE VX I-DTEC,3.97
Chennai,2004,61000,Petrol,Manual,Second,18.0,67.0,MARUTI,WAGON R LXI,-3.35
Hyderabad,2013,107000,Diesel,Manual,First,21.0,65.0,MAHINDRA,VERITO 1.5 D4 BSIV,2.92
Coimbatore,2018,29161,Diesel,Automatic,First,19.0,167.0,MERCEDES-BENZ,NEW C-CLASS C 220D AVANTGARDE EDITION C,36.16
Kolkata,2013,32000,Petrol,Manual,First,22.0,67.0,MARUTI,WAGON R VXI,2.95
Coimbatore,2015,46173,Diesel,Manual,Second,19.0,108.0,NISSAN,TERRANO XV PREMIUM 110 PS ANNIVERSARY EDITION,8.82
Delhi,2013,47000,Diesel,Manual,First,17.0,97.0,MARUTI,SWIFT VDI BSIV,6.48
Kochi,2017,26327,Petrol,Automatic,First,16.0,189.0,MINI,COOPER CONVERTIBLE S,32.41
Bangalore,2015,70436,Diesel,Manual,First,0.0,99.0,FORD,FIGO DIESEL,6.94
Jaipur,2007,200000,Diesel,Manual,Second,17.0,53.0,TATA,INDICA V2 DLS BSII,-4.46
Kochi,2016,60813,Petrol,Manual,Second,18.0,76.0,CHEVROLET,BEAT LT,5.92
Mumbai,2012,45000,Diesel,Manual,First,22.0,73.0,VOLKSWAGEN,POLO DIESEL COMFORTLINE 1.2L,3.29
Hyderabad,2016,64000,Diesel,Manual,First,22.0,74.0,MARUTI,SWIFT ZDI,8.14
Kolkata,2012,41284,Diesel,Manual,First,20.0,68.0,FORD,FIGO DIESEL EXI,2.63
Kochi,2019,14165,Diesel,Automatic,First,11.0,171.0,TOYOTA,INNOVA CRYSTA 2.8 GX AT,19.95
Mumbai,2011,67000,Diesel,Automatic,Second,11.0,194.0,HYUNDAI,SANTA FE 4X4 AT,12.05
Kolkata,2011,32572,Petrol,Manual,First,17.0,117.0,HONDA,CITY I-VTEC V,3.54
Kochi,2018,14960,Petrol,Manual,First,18.0,81.0,HYUNDAI,I20 1.2 MAGNA EXECUTIVE,6.56
Kochi,2015,55980,Diesel,Automatic,First,19.0,167.0,MERCEDES-BENZ,NEW C-CLASS C 220D AVANTGARDE EDITION C,33.22
Mumbai,2013,74000,Diesel,Manual,First,25.0,57.0,CHEVROLET,BEAT DIESEL LT,3.22
Kochi,2015,56847,Diesel,Manual,First,22.0,88.0,HYUNDAI,I20 SPORTZ 1.4 CRDI,6.42
Coimbatore,2015,121374,Diesel,Manual,First,12.0,100.0,TOYOTA,INNOVA 2.5 Z DIESEL 7 SEATER,13.03
Chennai,2013,52000,Diesel,Manual,First,20.0,88.0,MARUTI,ERTIGA VDI,5.77
Mumbai,2014,118000,Diesel,Manual,First,12.0,102.0,TOYOTA,INNOVA 2.5 V DIESEL 7-SEATER,12.33
Mumbai,2007,72000,Petrol,Manual,Third,17.0,97.0,HYUNDAI,SANTRO XING XO ERLX EURO II,1.92
Kochi,2016,33915,Petrol,Manual,First,17.0,117.0,HONDA,CITY I VTEC V,8.16
Ahmedabad,2014,82002,Diesel,Automatic,First,17.0,184.0,BMW,X1 SDRIVE20D,16.62
Mumbai,2017,33000,Diesel,Manual,First,24.0,70.0,HYUNDAI,GRAND I10 CRDI ERA,7.22
Chennai,2016,34000,Diesel,Manual,First,28.0,88.0,MARUTI,CIAZ 1.3 ALPHA,8.05
Kolkata,2012,55000,Diesel,Manual,First,20.0,103.0,SKODA,RAPID LEISURE 1.6 TDI MT,4.31
Kochi,2006,160538,Diesel,Manual,First,13.0,82.0,HYUNDAI,ACCENT CRDI,0.86
Jaipur,2014,60000,Diesel,Manual,Second,19.0,103.0,VOLKSWAGEN,POLO GT 1.5 TDI,4.9
Coimbatore,2017,49575,Petrol,Manual,First,18.0,88.0,HONDA,JAZZ 1.2 VX I VTEC,7.26
Jaipur,2010,83000,Petrol,Manual,First,19.0,68.0,HYUNDAI,I10 ERA,2.04
Kochi,2018,51346,Diesel,Automatic,First,16.0,183.0,HYUNDAI,TUCSON 2.0 E-VGT 2WD AT GLS,21.31
Pune,2017,43000,Diesel,Manual,First,13.0,147.0,TOYOTA,INNOVA CRYSTA 2.4 ZX MT,18.59
Jaipur,2011,35000,Petrol,Manual,Third,19.0,35.0,MARUTI,OMNI MPI CARGO BSIII W/ IMMOBILISER,0.58
Coimbatore,2017,27872,Petrol,Manual,Second,20.0,81.0,MARUTI,SWIFT VXI BSIV,6.45
Mumbai,2014,16514,Petrol,Manual,First,18.0,82.0,HYUNDAI,GRAND I10 MAGNA,3.37
Pune,2012,120000,Diesel,Manual,First,22.0,74.0,MARUTI,SWIFT VDI,3.42
Hyderabad,2008,143275,Diesel,Manual,First,22.0,126.0,HYUNDAI,VERNA CRDI 1.6 SX,2.88
Hyderabad,2006,99000,Petrol,Manual,First,0.0,97.0,HYUNDAI,SANTRO XING XL,1.05
Mumbai,2010,52000,Petrol,Manual,First,17.0,80.0,HYUNDAI,I20 1.2 SPORTZ,1.87
Coimbatore,2017,29819,Diesel,Automatic,First,11.0,254.0,MERCEDES-BENZ,GLE 350D,61.03
Bangalore,2014,57000,Diesel,Manual,Second,15.0,170.0,MERCEDES-BENZ,NEW C-CLASS C 220 CDI CLASSIC,16.9
Hyderabad,2014,88500,Diesel,Manual,First,23.0,73.0,MARUTI,RITZ ZDI,4.73
Bangalore,2016,28000,Diesel,Manual,First,19.0,126.0,HYUNDAI,CRETA 1.6 CRDI SX,11.94
Pune,2010,67000,Petrol,Manual,First,19.0,66.0,MARUTI,A-STAR VXI,2.47
Delhi,2016,26000,Diesel,Manual,First,19.0,108.0,RENAULT,DUSTER 110PS DIESEL RXZ OPTION,9.88
Delhi,2010,120000,Diesel,Manual,First,17.0,76.0,FIAT,GRANDE PUNTO 1.3 EMOTION PACK (DIESEL),1.79
Coimbatore,2017,51982,Diesel,Automatic,First,16.0,258.0,BMW,X3 XDRIVE30D M SPORT,43.33
Bangalore,2010,36000,Petrol,Manual,Second,20.0,78.0,HYUNDAI,I10 SPORTZ,0.25
Pune,2016,47000,Diesel,Manual,First,12.0,102.0,TOYOTA,INNOVA 2.5 G4 DIESEL 7-SEATER,14.32
Mumbai,2002,60000,Petrol,Manual,Third,17.0,60.0,MARUTI,ZEN VXI BSII,-2.7
Hyderabad,2018,31025,Diesel,Manual,First,28.0,74.0,MARUTI,SWIFT VDI,8.3
Pune,2013,105000,Diesel,Manual,Second,12.0,120.0,MAHINDRA,SCORPIO VLX 2.2 MHAWK AIRBAG BSIV,6.78
Pune,2017,121900,Diesel,Manual,First,22.0,74.0,TATA,ZEST QUADRAJET 1.3 75PS XE,4.56
Mumbai,2017,22695,Petrol,Manual,First,18.0,123.0,FORD,ECOSPORT 1.0 ECOBOOST TITANIUM PLUS,9.14
Jaipur,2012,73000,Diesel,Manual,First,23.0,74.0,MARUTI,SWIFT DZIRE ZDI,4.27
Kochi,2016,32227,Petrol,Manual,First,22.0,47.0,MARUTI,ALTO 800 LXI,3.55
Jaipur,2011,55000,Petrol,Manual,First,17.0,118.0,HONDA,CITY 1.5 S MT,4.12
Kochi,2018,11287,Diesel,Automatic,First,12.0,241.0,AUDI,Q7 3.0 TDI QUATTRO TECHNOLOGY,45.85
Mumbai,2009,48000,Diesel,Automatic,Second,17.0,105.0,SKODA,LAURA 1.9 TDI AT AMBIENTE,4.82
Kochi,2012,54308,Petrol,Manual,First,17.0,121.0,HYUNDAI,VERNA 1.6 SX VTVT (O),4.48
Jaipur,2009,78442,Petrol,Automatic,First,16.0,118.0,HONDA,CITY 1.5 V AT,2.12
Kolkata,2013,46000,Diesel,Manual,First,21.0,88.0,HYUNDAI,I20 MAGNA OPTIONAL 1.4 CRDI,4.77
Coimbatore,2014,45051,Petrol,Automatic,First,15.0,98.0,HYUNDAI,I20 SPORTZ AT 1.4,6.1
Hyderabad,2011,69000,Diesel,Manual,First,20.0,103.0,VOLKSWAGEN,VENTO DIESEL HIGHLINE,4.0
Ahmedabad,2014,49000,Petrol,Manual,First,17.0,117.0,HONDA,CITY I VTEC VX,6.62
Pune,2018,45000,Diesel,Manual,First,22.0,74.0,TATA,ZEST QUADRAJET 1.3 75PS XE,5.48
Pune,2015,64000,Diesel,Automatic,First,18.0,177.0,BMW,5 SERIES 2003-2012 520D,21.67
Delhi,2009,60000,Petrol,Manual,First,18.0,67.0,MARUTI,WAGON R LXI MINOR,2.04
Delhi,2015,62178,Petrol,Manual,First,18.0,88.0,HONDA,JAZZ VX,5.42
Coimbatore,2012,58006,Diesel,Manual,First,15.0,105.0,VOLKSWAGEN,JETTA 2007-2011 2.0 TDI COMFORTLINE,6.63
Hyderabad,2010,74000,Petrol,Manual,First,20.0,78.0,HYUNDAI,I10 MAGNA 1.2,1.33
Kochi,2015,77771,Diesel,Automatic,First,19.0,170.0,MERCEDES-BENZ,NEW C-CLASS C 220 CDI AVANTGARDE,24.53
Pune,2012,45275,Petrol,Manual,First,20.0,78.0,HYUNDAI,I10 MAGNA 1.2 ITECH SE,2.75
Chennai,2016,48000,Diesel,Manual,First,13.0,147.0,TOYOTA,INNOVA CRYSTA 2.4 ZX MT,17.61
Kochi,2015,31652,Diesel,Automatic,First,17.0,174.0,AUDI,A6 2011-2015 2.0 TDI TECHNOLOGY,26.56
Hyderabad,2010,109000,Diesel,Manual,Second,12.0,100.0,TOYOTA,INNOVA 2.5 VX (DIESEL) 7 SEATER,7.3
Mumbai,2015,31978,Petrol,Manual,First,16.0,73.0,VOLKSWAGEN,POLO PETROL TRENDLINE 1.2L,5.2
Hyderabad,2011,70000,Petrol,Manual,First,20.0,67.0,MARUTI,ALTO K10 LXI,0.23
Mumbai,2017,15000,Petrol,Automatic,First,18.0,117.0,HONDA,CITY I-VTEC CVT ZX,12.06
Coimbatore,2013,59138,Diesel,Manual,First,17.0,70.0,TATA,INDIGO LX,2.15
Kochi,2014,61726,Diesel,Automatic,First,17.0,174.0,AUDI,A6 2011-2015 2.0 TDI PREMIUM PLUS,21.69
Delhi,2015,48000,Diesel,Automatic,First,17.0,136.0,MERCEDES-BENZ,GLA CLASS 200 CDI SPORT,21.4
Chennai,2006,58000,Petrol,Manual,Second,0.0,97.0,HYUNDAI,SANTRO XING XL,0.5
Kolkata,2011,60020,Diesel,Manual,First,17.0,97.0,MARUTI,SWIFT VDI BSIV,4.52
Hyderabad,2014,77815,Petrol,Automatic,First,23.0,67.0,MARUTI,CELERIO VXI AT,3.65
Hyderabad,2017,29000,Diesel,Automatic,First,17.0,201.0,MERCEDES-BENZ,GLE 250D,51.66
Delhi,2017,44000,Diesel,Automatic,First,12.0,187.0,LAND,ROVER RANGE ROVER HSE DYNAMIC,44.3
Hyderabad,2011,108626,Diesel,Manual,First,20.0,103.0,VOLKSWAGEN,VENTO DIESEL TRENDLINE,3.86
Hyderabad,2012,71791,Petrol,Manual,First,14.0,35.0,MARUTI,OMNI 8 SEATER BSIV,-0.12
Kochi,2012,91931,Petrol,Manual,First,18.0,86.0,HONDA,BRIO 1.2 VX MT,2.4
Hyderabad,2000,158000,Diesel,Manual,Second,14.0,83.0,TATA,SUMO DELUX,-8.2
Pune,2012,91183,Diesel,Manual,First,18.0,75.0,TATA,INDICA VISTA AURA 1.3 QUADRAJET,2.76
Delhi,2012,65000,Petrol,Manual,First,18.0,67.0,MARUTI,WAGON R LXI BS IV,2.15
Hyderabad,2015,88428,Diesel,Manual,First,16.0,140.0,MAHINDRA,XUV500 W8 4WD,10.96
Pune,2008,138000,Diesel,Manual,Second,17.0,70.0,TATA,INDIGO LS DICOR,-1.99
Mumbai,2018,18000,Petrol,Manual,First,16.0,93.0,MARUTI,ERTIGA PASEO VXI,9.25
Mumbai,2011,60000,Petrol,Automatic,First,11.0,177.0,HONDA,ACCORD 2.4 A/T,7.21
Kolkata,2012,48000,Diesel,Manual,First,19.0,73.0,MARUTI,SWIFT DZIRE VDI,4.16
Hyderabad,2009,160000,Diesel,Manual,First,17.0,68.0,FORD,FIESTA EXI 1.4 TDCI LTD,1.44
Kolkata,2008,40000,Petrol,Manual,First,17.0,78.0,HONDA,CITY ZX GXI,2.67
Kochi,2014,51495,Diesel,Automatic,First,17.0,174.0,AUDI,A6 2011-2015 2.0 TDI PREMIUM PLUS,21.68
Mumbai,2011,30000,Diesel,Automatic,First,9.0,313.0,BMW,6 SERIES 640D GRAN COUPE,43.68
Coimbatore,2017,97430,Diesel,Automatic,First,14.0,245.0,AUDI,Q7 45 TDI QUATTRO TECHNOLOGY,60.54
Pune,2008,42496,CNG,Manual,First,26.0,67.0,MARUTI,ZEN ESTILO LXI GREEN (CNG),-0.4
Pune,2012,83000,Diesel,Manual,First,23.0,90.0,HYUNDAI,I20 1.4 CRDI ASTA,5.22
Bangalore,2009,37000,Petrol,Automatic,Third,16.0,78.0,HYUNDAI,I10 SPORTZ AT,1.28
Kochi,2016,28503,Petrol,Automatic,First,19.0,88.0,HONDA,JAZZ 1.2 V CVT I VTEC,6.7
Hyderabad,2015,76496,Diesel,Manual,First,25.0,74.0,MARUTI,SWIFT VDI BSIV,5.11
Pune,2011,79152,Petrol,Manual,Second,18.0,82.0,HYUNDAI,I20 ASTA 1.2,1.46
Kolkata,2011,32000,Petrol,Manual,First,16.0,73.0,VOLKSWAGEN,POLO PETROL COMFORTLINE 1.2L,1.84
Ahmedabad,2009,35000,Petrol,Manual,First,19.0,46.0,MARUTI,ALTO LXI,1.66
Chennai,2004,105000,Petrol,Automatic,Second,11.0,125.0,TOYOTA,COROLLA H4,0.71
Chennai,2006,56000,Petrol,Manual,Second,19.0,46.0,MARUTI,ALTO LXI,-1.78
Pune,2012,73000,Diesel,Manual,First,21.0,88.0,TATA,MANZA ELAN QUADRAJET BS IV,3.37
Pune,2012,38000,Petrol,Manual,First,19.0,46.0,MARUTI,ALTO LXI,4.62
Kolkata,2013,775000,Diesel,Automatic,First,19.0,141.0,SKODA,OCTAVIA AMBITION PLUS 2.0 TDI AT,9.03
Kolkata,2008,80000,Petrol,Automatic,First,11.0,125.0,TOYOTA,COROLLA H4,5.14
Coimbatore,2016,24973,Petrol,Manual,First,18.0,81.0,HYUNDAI,I20 ASTA OPTION 1.2,6.45
Chennai,2016,45000,Diesel,Manual,First,24.0,88.0,MARUTI,VITARA BREZZA LDI,7.36
Delhi,2010,87430,Petrol,Manual,First,17.0,118.0,HONDA,CITY 1.5 V MT,3.45
Hyderabad,2014,133944,Diesel,Manual,Second,18.0,75.0,TATA,INDICA VISTA AQUA 1.3 QUADRAJET,4.45
Kolkata,2013,57000,Diesel,Manual,First,25.0,98.0,HONDA,AMAZE S I-DTECH,3.31
Coimbatore,2016,27904,Petrol,Manual,First,21.0,55.0,HYUNDAI,EON D LITE PLUS,4.66
Kochi,2015,30717,Diesel,Automatic,Second,21.0,190.0,BMW,3 SERIES LUXURY LINE,29.66
Bangalore,2012,80000,Diesel,Manual,First,22.0,126.0,HYUNDAI,VERNA 1.6 SX,5.2
Ahmedabad,2013,47304,Diesel,Manual,First,21.0,88.0,TATA,MANZA CLUB CLASS QUADRAJET90 LS,3.18
Jaipur,2005,100000,Petrol,Automatic,First,14.0,227.0,SKODA,OCTAVIA RS,9.4
Pune,2017,30000,Petrol,Manual,First,24.0,67.0,MARUTI,ALTO K10 VXI,5.65
Mumbai,2014,68000,Diesel,Manual,First,22.0,89.0,FORD,ECOSPORT 1.5 DV5 MT TITANIUM OPTIONAL,6.4
Kolkata,2011,21000,Petrol,Manual,Second,18.0,62.0,CHEVROLET,SPARK 1.0 LS,2.58
Hyderabad,2017,21000,Diesel,Automatic,First,19.0,177.0,JAGUAR,XF 2.0 DIESEL PORTFOLIO,44.24
Jaipur,2007,119000,Petrol,Manual,Third,13.0,141.0,HONDA,CR-V RVI MT,4.82
Kochi,2019,13747,Petrol,Automatic,First,14.0,177.0,SKODA,SUPERB L&K 1.8 TSI AT,23.84
Chennai,2009,620000,Petrol,Manual,First,20.0,78.0,HYUNDAI,I10 MAGNA 1.2,0.86
Delhi,2013,70000,Diesel,Manual,First,22.0,74.0,MARUTI,SWIFT LDI,3.99
Mumbai,2016,18000,Petrol,Automatic,First,18.0,83.0,MARUTI,SWIFT DZIRE VXI AT,6.56
Chennai,2011,83000,Diesel,Manual,First,23.0,63.0,NISSAN,MICRA DIESEL XV,2.64
Mumbai,2015,130000,Diesel,Manual,First,23.0,74.0,MARUTI,SWIFT DZIRE TOUR LDI,3.9
Pune,2012,63400,Diesel,Manual,First,17.0,67.0,FORD,FIESTA CLASSIC 1.4 DURATORQ CLXI,3.32
Kolkata,2003,65000,Petrol,Manual,First,17.0,60.0,MARUTI,ZEN LX,0.7
Pune,2017,8350,Petrol,Manual,First,13.0,192.0,MINI,CLUBMAN COOPER S,33.32
Kolkata,2014,45000,Diesel,Manual,First,23.0,67.0,TOYOTA,ETIOS GD,3.57
Kolkata,2018,26200,Petrol,Manual,First,24.0,47.0,MARUTI,ALTO 800 2016-2019 LXI,5.04
Bangalore,2011,11000,Petrol,Manual,Third,18.0,47.0,MARUTI,ALTO VXI,1.7
Bangalore,2009,90000,Diesel,Automatic,Second,11.0,235.0,BMW,X5 3.0D,18.46
Mumbai,2015,74000,Petrol,Automatic,Second,11.0,179.0,NISSAN,TEANA XV,10.88
Coimbatore,2015,37081,Petrol,Automatic,First,18.0,82.0,HYUNDAI,GRAND I10 AT ASTA,5.34
Hyderabad,2017,39000,Diesel,Manual,First,24.0,88.0,MARUTI,VITARA BREZZA ZDI PLUS,8.81
Mumbai,2008,99000,Diesel,Automatic,Third,12.0,241.0,AUDI,Q7 3.0 TDI QUATTRO PREMIUM PLUS,33.83
Chennai,2015,38000,Diesel,Automatic,First,17.0,136.0,MERCEDES-BENZ,GLA CLASS 200 CDI,22.76
Chennai,2007,72000,Petrol,Manual,Third,16.0,37.0,MARUTI,800 AC,-0.5
Chennai,2015,93000,Diesel,Manual,Second,20.0,83.0,RENAULT,DUSTER 85PS DIESEL RXL,6.18
Mumbai,2017,5900,Diesel,Manual,First,21.0,87.0,TOYOTA,COROLLA ALTIS D-4D GL,14.08
Chennai,2014,25000,Diesel,Manual,First,15.0,170.0,MERCEDES-BENZ,NEW C-CLASS 220,25.3
Hyderabad,2010,68000,Diesel,Manual,Second,21.0,73.0,MARUTI,RITZ VDI,1.43
Kochi,2017,35676,Petrol,Automatic,First,16.0,117.0,HONDA,BRV I-VTEC V CVT,9.7
Kochi,2015,74310,Diesel,Manual,First,24.0,71.0,HYUNDAI,XCENT 1.1 CRDI BASE,3.67
Jaipur,2014,59364,Diesel,Automatic,First,14.0,203.0,MERCEDES-BENZ,E-CLASS 2009-2013 E250 CDI AVANTGARDE,22.87
Kochi,2014,41380,Petrol,Automatic,Second,14.0,120.0,MERCEDES-BENZ,B CLASS B180,12.49
Bangalore,2017,33900,Diesel,Automatic,First,15.0,204.0,MERCEDES-BENZ,E-CLASS 2015-2017 E250 EDITION E,34.09
Mumbai,2016,28000,Petrol,Manual,First,17.0,117.0,HONDA,CITY I VTEC VX OPTION,8.78
Hyderabad,2007,50958,Petrol,Manual,First,17.0,97.0,HYUNDAI,SANTRO XING XL ERLX EURO III,1.64
Chennai,2011,93982,Petrol,Manual,First,17.0,118.0,HONDA,CITY 1.5 S MT,4.16
Pune,2010,95000,Petrol,Manual,First,16.0,103.0,HYUNDAI,VERNA TRANSFORM VTVT,2.6
Mumbai,2017,9000,Petrol,Automatic,First,13.0,246.0,JAGUAR,XE PORTFOLIO,35.73
Delhi,2015,52516,Petrol,Manual,First,18.0,86.0,HONDA,AMAZE S I-VTECH,4.73
Bangalore,2015,20000,Petrol,Automatic,First,18.0,122.0,MINI,COOPER CONVERTIBLE 1.6,28.09
Coimbatore,2017,56451,Diesel,Automatic,First,13.0,282.0,MERCEDES-BENZ,S CLASS 2005 2013 S 350 CDI,40.79
Chennai,2014,37000,Petrol,Manual,First,21.0,55.0,HYUNDAI,EON MAGNA PLUS,2.05
Kolkata,2014,17400,Petrol,Manual,First,20.0,67.0,MARUTI,WAGON R VXI BS IV,3.38
Coimbatore,2011,90207,Diesel,Manual,First,21.0,73.0,MARUTI,RITZ LDI,2.53
Chennai,2011,89616,Diesel,Automatic,First,16.0,181.0,BMW,3 SERIES 320D SEDAN,12.58
Pune,2014,85000,Diesel,Manual,First,13.0,138.0,TATA,XENON XT EX 4X2,5.82
Chennai,2014,79271,Diesel,Automatic,First,20.0,143.0,AUDI,A3 35 TDI ATTRACTION,18.68
Hyderabad,2012,56000,Diesel,Automatic,First,12.0,187.0,LAND,ROVER RANGE ROVER 2.2L DYNAMIC,38.94
Pune,2010,85001,Diesel,Automatic,Second,12.0,224.0,MERCEDES-BENZ,GL-CLASS 2007 2012 350 CDI LUXURY,33.48
Hyderabad,2018,12000,Diesel,Automatic,First,13.0,175.0,MITSUBISHI,PAJERO SPORT 4X2 AT DUALTONE BLACKTOP,22.02
Jaipur,2010,125000,Petrol,Manual,First,19.0,46.0,MARUTI,ALTO LX,-0.15
Pune,2013,53000,Petrol,Manual,First,14.0,64.0,MARUTI,WAGON R LXI BSIII,6.87
Coimbatore,2017,34990,Diesel,Automatic,First,12.0,187.0,LAND,ROVER RANGE ROVER 2.2L PRESTIGE,43.68
Pune,2011,49768,Petrol,Manual,Second,17.0,121.0,HYUNDAI,VERNA 1.6 SX VTVT,3.02
Hyderabad,2013,56000,Diesel,Automatic,First,16.0,218.0,BMW,5 SERIES 525D SEDAN,27.41
Bangalore,2013,75000,Diesel,Automatic,First,14.0,270.0,JAGUAR,XF DIESEL,28.2
Hyderabad,2010,57000,Petrol,Automatic,First,13.0,157.0,SKODA,SUPERB ELEGANCE 1.8 TSI AT,6.25
Kochi,2017,37542,Diesel,Automatic,First,15.0,174.0,AUDI,Q3 35 TDI QUATTRO PREMIUM,26.86
Coimbatore,2014,95649,Diesel,Automatic,First,12.0,187.0,LAND,ROVER RANGE ROVER 2.2L PURE,33.17
Jaipur,2013,35299,Diesel,Automatic,First,14.0,170.0,MERCEDES-BENZ,NEW C-CLASS 220 CDI AT,16.29
Kochi,2017,28464,Diesel,Manual,First,15.0,120.0,MAHINDRA,SCORPIO S10 4WD,13.0
Mumbai,2015,41000,Diesel,Automatic,First,21.0,190.0,BMW,3 SERIES LUXURY LINE,30.17
Pune,2017,9000,Petrol,Manual,First,15.0,117.0,HONDA,BR-V I-VTEC S MT,9.49
Chennai,2010,92098,Diesel,Automatic,Second,16.0,215.0,VOLVO,S80 2006-2013 D5,11.32
Pune,2005,5834,Petrol,Manual,First,13.0,94.0,HYUNDAI,ACCENT GLE,0.04
Jaipur,2017,40250,Petrol,Manual,First,17.0,81.0,HYUNDAI,I20 ACTIVE SX PETROL,7.07
Coimbatore,2018,22397,Petrol,Automatic,First,11.0,367.0,MERCEDES-BENZ,GLC 43 AMG COUPE,45.21
Kolkata,2015,20800,Petrol,Manual,Second,21.0,55.0,HYUNDAI,EON MAGNA PLUS,2.51
Kochi,2018,40322,Petrol,Manual,First,18.0,81.0,HYUNDAI,GRAND I10 SPORTZ EDITION,7.88
Mumbai,2013,52576,Petrol,Manual,First,13.0,100.0,HONDA,CITY 1.5 EXI S,4.67
Kolkata,2010,55000,Petrol,Manual,First,16.0,73.0,VOLKSWAGEN,POLO PETROL TRENDLINE 1.2L,0.29
Mumbai,2016,47000,Petrol,Automatic,First,15.0,187.0,AUDI,A6 35 TFSI MATRIX,30.72
Hyderabad,2010,42021,Diesel,Manual,First,0.0,97.0,VOLKSWAGEN,JETTA 2007-2011 1.9 L TDI,5.6
Coimbatore,2017,23163,Petrol,Manual,First,15.0,121.0,HYUNDAI,CRETA 1.6 SX PLUS DUAL TONE PETROL,11.9
Mumbai,2011,50000,Petrol,Automatic,Second,11.0,186.0,MERCEDES-BENZ,NEW C-CLASS C 200 CGI AVANTGARDE,19.12
Mumbai,2014,11900,Petrol,Automatic,First,16.0,189.0,MINI,COOPER CONVERTIBLE S,29.44
Pune,2006,108000,Petrol,Manual,Second,17.0,97.0,HYUNDAI,SANTRO XING XO ERLX EURO II,-0.08
Bangalore,2013,37000,Diesel,Manual,First,23.0,67.0,TOYOTA,ETIOS VD,5.73
Delhi,2014,30000,Petrol,Manual,Second,19.0,86.0,HONDA,BRIO S MT,3.55
Coimbatore,2018,12831,Petrol,Automatic,First,21.0,83.0,MARUTI,BALENO ALPHA AUTOMATIC,9.7
Coimbatore,2012,143017,Diesel,Automatic,First,20.0,138.0,SKODA,LAURA AMBIENTE 2.0 TDI CR AT,7.49
Kochi,2018,13102,Petrol,Manual,First,21.0,55.0,HYUNDAI,EON ERA PLUS,6.07
Coimbatore,2019,24950,Diesel,Manual,First,20.0,108.0,RENAULT,CAPTUR 1.5 DIESEL RXL,13.03
Coimbatore,2011,57832,Diesel,Automatic,First,16.0,258.0,BMW,5 SERIES 2003-2012 GT 530D LE,27.27
Kochi,2016,34267,Petrol,Manual,First,22.0,47.0,MARUTI,ALTO 800 LXI,3.56
Bangalore,2015,33000,Diesel,Automatic,Second,16.0,150.0,VOLVO,V40 D3,16.55
Ahmedabad,2007,55100,Petrol,Manual,First,18.0,67.0,MARUTI,WAGON R LXI BSII,-1.07
Kolkata,2008,40000,Petrol,Manual,First,17.0,78.0,HONDA,CITY ZX GXI,2.67
Kochi,2017,31841,CNG,Manual,First,15.0,73.0,MARUTI,EECO 5 STR WITH AC PLUS HTR CNG,5.26
Kolkata,2014,15000,Petrol,Manual,First,13.0,98.0,CHEVROLET,ENJOY 1.4 LS 8,4.76
Coimbatore,2016,82756,Diesel,Manual,First,15.0,62.0,MAHINDRA,BOLERO ZLX,7.25
Coimbatore,2012,50243,Petrol,Manual,First,0.0,97.0,HYUNDAI,SANTRO GLS I - EURO I,4.49
Hyderabad,2014,20600,Petrol,Manual,First,21.0,55.0,HYUNDAI,EON D LITE,2.46
Coimbatore,2017,29952,Petrol,Automatic,First,13.0,121.0,HYUNDAI,CRETA 1.6 SX PLUS PETROL AUTOMATIC,12.7
Mumbai,2017,15000,Petrol,Manual,Second,16.0,103.0,VOLKSWAGEN,VENTO 1.6 COMFORTLINE,6.84
Pune,2008,61938,Petrol,Automatic,Second,12.0,130.0,HONDA,CIVIC 2006-2010 1.8 S AT,3.01
Hyderabad,2014,67000,Diesel,Manual,First,22.0,74.0,TATA,INDICA VISTA QUADRAJET LS,3.34
Kochi,2013,61672,Diesel,Manual,First,16.0,140.0,MAHINDRA,XUV500 W8 2WD,7.88
Coimbatore,2017,26185,Petrol,Manual,First,18.0,81.0,HYUNDAI,I20 1.2 ASTA OPTION,7.66
Bangalore,2014,38000,Diesel,Automatic,Second,14.0,174.0,AUDI,Q5 30 TDI QUATTRO PREMIUM PLUS,35.37
Chennai,2011,67000,Petrol,Manual,Second,18.0,85.0,MARUTI,RITZ VXI,1.9
Chennai,2010,66000,Petrol,Manual,Second,13.0,114.0,MITSUBISHI,CEDIA SPORTS,4.29
Hyderabad,2015,80883,Diesel,Manual,First,12.0,102.0,TOYOTA,INNOVA 2.5 V DIESEL 7-SEATER,13.28
Hyderabad,2016,80219,Diesel,Manual,First,27.0,47.0,MARUTI,CELERIO LDI,4.07
Delhi,2018,12923,Diesel,Manual,First,25.0,88.0,MARUTI,S-CROSS DELTA DDIS 200 SH,9.7
Coimbatore,2016,86642,Diesel,Automatic,First,15.0,181.0,AUDI,Q3 35 TDI QUATTRO PREMIUM PLUS,27.84
Bangalore,2016,19235,Diesel,Automatic,First,21.0,190.0,BMW,3 SERIES LUXURY LINE,31.13
Coimbatore,2016,51002,Diesel,Automatic,First,11.0,335.0,AUDI,Q7 4.2 TDI QUATTRO TECHNOLOGY,45.08
Pune,2016,6800,Petrol,Manual,First,18.0,81.0,HYUNDAI,I20 2015-2017 ASTA 1.2,6.78
Hyderabad,2012,82749,Diesel,Manual,First,19.0,108.0,RENAULT,DUSTER 110PS DIESEL RXL,5.16
Pune,2016,51000,Diesel,Manual,First,24.0,71.0,HYUNDAI,XCENT 1.1 CRDI S CELEBRATION EDITION,5.68
Delhi,2014,31465,Diesel,Manual,First,22.0,89.0,FORD,ECOSPORT 1.5 DV5 MT TITANIUM,6.32
Hyderabad,2013,76476,Petrol,Manual,First,16.0,73.0,VOLKSWAGEN,POLO PETROL TRENDLINE 1.2L,3.27
Kolkata,2017,14000,Diesel,Manual,First,24.0,70.0,HYUNDAI,GRAND I10 CRDI MAGNA,6.69
Ahmedabad,2013,47000,Diesel,Manual,First,21.0,88.0,TATA,MANZA AQUA QUADRAJET BS IV,3.14
Kolkata,2011,48466,Petrol,Manual,First,17.0,118.0,HONDA,CITY 1.5 V MT,4.4
Bangalore,2008,46000,Petrol,Manual,Second,17.0,62.0,HYUNDAI,SANTRO XING GLS,0.25
Hyderabad,2012,162663,Diesel,Manual,First,12.0,100.0,TOYOTA,INNOVA 2.5 VX (DIESEL) 7 SEATER,9.83
Coimbatore,2017,25142,Diesel,Manual,First,28.0,88.0,MARUTI,CIAZ 1.3 S,8.72
Delhi,2013,69000,Diesel,Manual,First,12.0,169.0,TOYOTA,FORTUNER 4X4 MT TRD SPORTIVO,16.58
Chennai,2009,80524,Petrol,Manual,Second,15.0,97.0,FORD,FIESTA 1.6 SXI ABS DURATEC,0.9
Kochi,2018,26405,Petrol,Automatic,First,12.0,191.0,MERCEDES-BENZ,E-CLASS E 220 D,47.22
Chennai,2014,45000,Diesel,Manual,First,15.0,170.0,MERCEDES-BENZ,NEW C-CLASS 220 CDI MT,21.95
Kolkata,2012,64284,Diesel,Manual,First,17.0,108.0,SKODA,YETI AMBITION 4X2,6.66
Delhi,2015,27000,Petrol,Manual,First,18.0,82.0,HYUNDAI,GRAND I10 SPORTZ,4.17
Hyderabad,2018,3678,Petrol,Manual,First,18.0,86.0,FORD,FIGO 2015-2019 1.2P TITANIUM MT,7.11
Mumbai,2013,21000,Petrol,Manual,First,16.0,138.0,SKODA,OCTAVIA AMBITION 1.4 TSI MT,8.51
Mumbai,2015,67000,Diesel,Manual,Second,19.0,83.0,RENAULT,DUSTER 85PS DIESEL RXL OPTION,6.57
Delhi,2015,24000,Diesel,Automatic,Second,15.0,177.0,LAND,ROVER RANGE ROVER EVOQUE 2.0 TD4 PURE,34.95
Chennai,2011,75000,Diesel,Manual,Second,20.0,68.0,FORD,FIGO DIESEL EXI,1.18
Hyderabad,2008,179000,Diesel,Automatic,Second,12.0,156.0,FORD,ENDEAVOUR HURRICANE LIMITED EDITION,5.88
Coimbatore,2017,47198,Diesel,Manual,First,12.0,168.0,TOYOTA,FORTUNER 4X4 MT,23.56
Kolkata,2012,52000,Diesel,Manual,First,22.0,73.0,VOLKSWAGEN,POLO DIESEL COMFORTLINE 1.2L,3.3
Jaipur,2011,91000,Diesel,Manual,First,23.0,73.0,MARUTI,RITZ VDI,2.62
Pune,2013,60000,Diesel,Manual,First,23.0,63.0,NISSAN,MICRA DIESEL XV PREMIUM,3.24
Kolkata,2013,37873,Diesel,Manual,First,22.0,126.0,HYUNDAI,VERNA 1.6 SX,6.15
Kolkata,2011,31000,Petrol,Automatic,First,10.0,150.0,BMW,5 SERIES 2003-2012 523I,15.54
Pune,2017,129000,Diesel,Automatic,First,11.0,258.0,MERCEDES-BENZ,GLS 350D 4MATIC,48.24
Hyderabad,2004,78000,Petrol,Automatic,First,12.0,187.0,HONDA,CR-V 2.4L 4WD AT,5.34
Bangalore,2016,32000,Diesel,Automatic,First,17.0,126.0,HYUNDAI,CRETA 1.6 CRDI AT SX PLUS,13.13
Jaipur,2010,59000,Petrol,Manual,Second,19.0,68.0,HYUNDAI,I10 ERA,1.51
Kochi,2016,35437,Diesel,Automatic,First,20.0,136.0,MERCEDES-BENZ,A CLASS A200 CDI SPORT,20.27
Jaipur,2014,98000,Petrol,Manual,First,16.0,93.0,MARUTI,ERTIGA VXI,6.09
Chennai,2006,72000,Diesel,Manual,Second,18.0,66.0,SKODA,OCTAVIA CLASSIC 1.9 TDI MT,1.83
Pune,2015,79000,Petrol,Manual,First,18.0,86.0,HONDA,AMAZE VX I-VTECH,5.14
Chennai,2004,29000,Petrol,Manual,First,17.0,60.0,MARUTI,ZEN LXI BSII,-6.2
Kochi,2013,66012,Petrol,Manual,First,15.0,103.0,MARUTI,SX4 ZXI MT BSIV,5.53
Mumbai,2014,35000,Petrol,Automatic,First,16.0,86.0,HONDA,BRIO VX AT,4.05
Ahmedabad,2011,75000,Petrol,Manual,First,18.0,67.0,MARUTI,WAGON R VXI,1.65
Mumbai,2008,80000,Petrol,Automatic,Second,12.0,164.0,TOYOTA,CAMRY A/T,8.65
Kochi,2012,32717,Petrol,Manual,First,18.0,79.0,CHEVROLET,BEAT LS,2.76
Delhi,2017,25000,Diesel,Automatic,First,12.0,168.0,TOYOTA,FORTUNER 4X4 AT,24.78
Mumbai,2014,79000,Diesel,Manual,First,22.0,89.0,FORD,ECOSPORT 1.5 DV5 MT TITANIUM OPTIONAL,6.41
Hyderabad,2010,86000,Diesel,Manual,Second,17.0,75.0,MARUTI,SWIFT VDI BSIII,3.05
Pune,2010,137000,Diesel,Automatic,First,13.0,282.0,MERCEDES-BENZ,S CLASS 2005 2013 S 350 CDI,33.96
Mumbai,2015,25000,Petrol,Manual,Second,17.0,117.0,HONDA,MOBILIO S I VTEC,4.82
Mumbai,2017,8500,Petrol,Manual,Second,18.0,82.0,HYUNDAI,GRAND I10 SPORTZ,5.62
Bangalore,2015,34000,Diesel,Automatic,First,16.0,140.0,MAHINDRA,XUV500 AT W8 FWD,12.5
Pune,2012,41629,Petrol,Manual,Second,14.0,105.0,SKODA,FABIA 1.6 MPI ELEGANCE,3.01
Hyderabad,2009,80227,Petrol,Manual,First,17.0,62.0,HYUNDAI,SANTRO XING GLS,1.77
Kochi,2019,8587,Petrol,Manual,First,15.0,121.0,HYUNDAI,CRETA 1.6 SX PLUS DUAL TONE PETROL,13.86
Delhi,2017,30000,Diesel,Manual,First,15.0,120.0,MAHINDRA,SCORPIO 1.99 S8,11.98
Pune,2013,64186,Diesel,Manual,First,20.0,103.0,SKODA,RAPID 1.6 TDI AMBITION,5.38
Coimbatore,2015,76427,Diesel,Manual,First,19.0,108.0,RENAULT,DUSTER 110PS DIESEL RXZ,7.82
Hyderabad,2011,75000,Diesel,Automatic,First,11.0,245.0,BMW,X5 XDRIVE 30D,28.09
Coimbatore,2013,27075,Petrol,Manual,First,17.0,88.0,TOYOTA,ETIOS G,4.03
Ahmedabad,2012,30000,Petrol,Manual,First,22.0,67.0,MARUTI,WAGON R LXI,4.37
Chennai,2016,69434,Petrol,Manual,First,15.0,121.0,HYUNDAI,CRETA 1.6 SX,10.06
Jaipur,2014,56000,Petrol,Manual,First,23.0,67.0,MARUTI,CELERIO VXI,2.93
Coimbatore,2017,49275,Diesel,Automatic,First,12.0,187.0,LAND,ROVER RANGE ROVER HSE DYNAMIC,44.3
Pune,2014,8700,Petrol,Manual,First,18.0,76.0,CHEVROLET,BEAT LT,4.4
Ahmedabad,2014,18000,Petrol,Manual,Second,25.0,37.0,TATA,NANO TWIST XT,0.82
Coimbatore,2017,41041,Diesel,Automatic,First,17.0,174.0,AUDI,A6 2011-2015 35 TDI TECHNOLOGY,33.72
Kochi,2009,80464,Diesel,Automatic,Second,11.0,198.0,MERCEDES-BENZ,E-CLASS 280 CDI,12.44
Kochi,2019,20667,Petrol,Manual,First,22.0,81.0,MARUTI,SWIFT VXI,8.7
Coimbatore,2013,60283,Petrol,Manual,First,14.0,112.0,FIAT,LINEA T JET,4.42
Kochi,2017,31696,Petrol,Manual,First,20.0,81.0,MARUTI,SWIFT VXI OPTIONAL,6.21
Hyderabad,2010,100000,Diesel,Manual,First,11.0,171.0,TOYOTA,FORTUNER 3.0 DIESEL,11.73
Mumbai,2014,13361,Petrol,Manual,First,16.0,93.0,MARUTI,ERTIGA ZXI,7.05
Coimbatore,2010,48394,Petrol,Automatic,First,12.0,154.0,BMW,3 SERIES 320I SEDAN,11.03
Jaipur,2014,47399,Petrol,Manual,First,16.0,93.0,MARUTI,ERTIGA VXI,6.04
Mumbai,2010,69000,Petrol,Automatic,Second,16.0,118.0,HONDA,CITY 1.5 V AT,2.59
Coimbatore,2013,65278,Diesel,Manual,First,14.0,194.0,HYUNDAI,SANTA FE 4X4,13.23
Jaipur,2005,108000,Diesel,Manual,First,17.0,70.0,TATA,INDIGO LS,-1.65
Kolkata,2010,50645,Petrol,Automatic,Second,10.0,204.0,MERCEDES-BENZ,E-CLASS 2009-2013 E 250 ELEGANCE,15.62
Hyderabad,2011,130002,Diesel,Manual,First,19.0,73.0,MARUTI,SWIFT DZIRE LDI,1.8
Hyderabad,2012,107000,Diesel,Manual,First,17.0,67.0,FORD,FIESTA CLASSIC 1.4 DURATORQ CLXI,3.36
Coimbatore,2015,41950,Petrol,Automatic,First,18.0,117.0,HONDA,CITY I VTEC CVT VX,8.9
Delhi,2012,109000,Diesel,Manual,First,13.0,168.0,TOYOTA,FORTUNER 4X2 MANUAL,15.97
Mumbai,2016,9000,Petrol,Manual,First,18.0,86.0,HONDA,AMAZE VX O I VTEC,5.84
Delhi,2014,43900,Diesel,Manual,First,22.0,88.0,HYUNDAI,I20 ASTA 1.4 CRDI,5.63
Bangalore,2013,64000,Diesel,Manual,Second,18.0,73.0,CHEVROLET,ENJOY TCDI LTZ 7 SEATER,4.45
Kochi,2019,13190,Petrol,Automatic,First,0.0,181.0,MERCEDES-BENZ,NEW C-CLASS PROGRESSIVE C 200,31.02
Mumbai,2009,77652,Petrol,Automatic,First,12.0,103.0,MARUTI,SX4 ZXI AT LEATHER,3.31
Mumbai,2012,55000,Diesel,Manual,First,12.0,100.0,TOYOTA,INNOVA 2.5 VX (DIESEL) 7 SEATER,9.73
Ahmedabad,2012,59900,Diesel,Automatic,Second,18.0,177.0,BMW,5 SERIES 2003-2012 520D,18.2
Delhi,2015,73539,Diesel,Manual,First,19.0,108.0,RENAULT,DUSTER 110PS DIESEL RXZ,7.81
Coimbatore,2017,31645,Diesel,Automatic,First,20.0,190.0,BMW,X1 SDRIVE 20D XLINE,29.46
Kochi,2009,69690,Petrol,Manual,First,17.0,78.0,HONDA,CITY ZX GXI,3.69
Delhi,2016,41000,Diesel,Manual,First,28.0,88.0,MARUTI,CIAZ RS ZDI PLUS SHVS,8.81
Pune,2010,109200,Petrol,Manual,Second,17.0,85.0,MARUTI,SWIFT DZIRE VXI,1.57
Pune,2012,80000,Diesel,Manual,First,15.0,140.0,MAHINDRA,XUV500 W6 2WD,6.7
Ahmedabad,2007,51000,Petrol,Manual,First,13.0,130.0,HONDA,CIVIC 2006-2010 1.8 S MT,2.69
Pune,2013,105000,Diesel,Manual,Second,25.0,88.0,MARUTI,ERTIGA ZDI,4.99
Chennai,2013,179000,Diesel,Manual,First,23.0,67.0,TOYOTA,ETIOS LIVA GD,3.01
Delhi,2013,12100,Petrol,Automatic,First,9.0,207.0,AUDI,TT 2.0 TFSI,27.58
Hyderabad,2017,31000,Diesel,Manual,First,21.0,108.0,SKODA,RAPID 1.5 TDI STYLE,10.6
Hyderabad,2015,50000,Diesel,Manual,First,20.0,88.0,VOLKSWAGEN,POLO 1.5 TDI HIGHLINE,5.85
Jaipur,2009,48000,Diesel,Automatic,First,17.0,105.0,SKODA,LAURA 1.9 TDI AT ELEGANCE,4.51
Chennai,2007,35000,Diesel,Manual,First,19.0,65.0,MAHINDRA,RENAULT LOGAN 1.5 DLE DIESEL,-3.94
Ahmedabad,2016,100200,Diesel,Automatic,First,11.0,171.0,TOYOTA,INNOVA CRYSTA 2.8 GX AT,17.07
Bangalore,2014,47000,Diesel,Automatic,First,18.0,184.0,BMW,3 SERIES 320D LUXURY LINE,21.11
Jaipur,2015,63642,Diesel,Manual,First,27.0,98.0,HONDA,JAZZ 1.5 S I DTEC,6.65
Kochi,2015,62550,Diesel,Manual,First,25.0,98.0,HONDA,AMAZE VX I-DTEC,5.46
Kochi,2015,37340,Diesel,Automatic,First,16.0,187.0,JAGUAR,XF 2.2 LITRE LUXURY,31.82
Coimbatore,2016,38461,Diesel,Manual,First,26.0,74.0,MARUTI,SWIFT DZIRE VDI,7.07
Jaipur,2018,29000,Diesel,Manual,First,17.0,170.0,JEEP,COMPASS 2.0 LIMITED,18.95
Pune,2010,31000,Petrol,Manual,First,12.0,132.0,TOYOTA,COROLLA ALTIS 1.8 SPORT,6.05
Kolkata,2011,42086,Petrol,Manual,First,17.0,118.0,HONDA,CITY 1.5 V MT,4.4
Chennai,2013,49000,Petrol,Manual,First,18.0,85.0,MARUTI,SWIFT ZXI,4.44
Coimbatore,2019,77240,Diesel,Automatic,First,22.0,126.0,HYUNDAI,VERNA 1.6 SX CRDI (O) AT,11.13
Jaipur,2012,105000,Diesel,Manual,Second,15.0,62.0,MAHINDRA,BOLERO ZLX,2.82
Chennai,2014,35000,Diesel,Manual,First,22.0,74.0,MARUTI,SWIFT VDI,5.31
Chennai,2006,83072,Petrol,Manual,First,17.0,97.0,HYUNDAI,SANTRO XING XO,0.68
Hyderabad,2012,202082,Diesel,Automatic,First,17.0,174.0,AUDI,A6 2011-2015 2.0 TDI PREMIUM PLUS,19.85
Chennai,2004,129000,Petrol,Manual,Third,13.0,70.0,FORD,IKON 1.3 LXI NXT,-5.08
Coimbatore,2018,33558,Diesel,Manual,First,20.0,88.0,VOLKSWAGEN,POLO 1.5 TDI HIGHLINE,8.79
Coimbatore,2012,60271,Diesel,Manual,First,13.0,63.0,MAHINDRA,BOLERO VLX CRDE,4.42
Coimbatore,2017,45366,Diesel,Manual,First,25.0,98.0,HONDA,CITY I DTEC VX OPTION,10.49
Kolkata,2014,9500,Petrol,Manual,First,18.0,82.0,CHEVROLET,SAIL HATCHBACK 1.2 LS,3.71
Kochi,2016,42362,Petrol,Manual,First,18.0,81.0,HYUNDAI,I20 1.2 SPOTZ,5.82
Chennai,2016,21000,Diesel,Automatic,First,17.0,184.0,BMW,X1 SDRIVE 20D SPORTLINE,25.05
Mumbai,2012,15200,Diesel,Automatic,First,15.0,177.0,BMW,X1 SDRIVE 20D EXCLUSIVE,14.29
Mumbai,2015,43690,Diesel,Automatic,First,12.0,168.0,TOYOTA,FORTUNER 4X2 AT,19.54
Kochi,2014,79926,Diesel,Automatic,First,11.0,335.0,AUDI,Q7 4.2 TDI QUATTRO TECHNOLOGY,43.14
Kolkata,2013,53073,Diesel,Manual,First,20.0,88.0,MARUTI,ERTIGA VDI,5.77
Bangalore,2015,59000,Petrol,Manual,First,18.0,80.0,HYUNDAI,I20 1.2 MAGNA,7.26
Bangalore,2006,47088,Petrol,Automatic,Second,10.0,364.0,MERCEDES-BENZ,S CLASS 2005 2013 S 350 L,17.73
Ahmedabad,2014,55000,Diesel,Manual,First,20.0,83.0,RENAULT,DUSTER 85PS DIESEL RXL,5.66
Hyderabad,2013,80430,Diesel,Manual,Second,17.0,100.0,MAHINDRA,QUANTO C2,3.99
Delhi,2013,71932,Diesel,Automatic,First,12.0,168.0,TOYOTA,FORTUNER 4X2 AT,17.59
Mumbai,2014,19000,Diesel,Automatic,First,15.0,258.0,BMW,X5 2014-2019 XDRIVE 30D DESIGN PURE EXPERIENCE 7 SEATER,43.67
Hyderabad,2011,81759,Diesel,Manual,First,19.0,73.0,MARUTI,SWIFT DZIRE VDI,3.21
Kochi,2018,52010,Diesel,Manual,First,25.0,74.0,MARUTI,SWIFT LDI OPTIONAL,7.49
Kochi,2016,58953,Petrol,Automatic,First,13.0,177.0,AUDI,A6 2011-2015 35 TFSI TECHNOLOGY,24.79
Mumbai,2008,93000,Diesel,Manual,Third,10.0,107.0,MITSUBISHI,PAJERO 2.8 SFX BSIV DUAL TONE,5.88
Delhi,2016,10000,Diesel,Automatic,First,16.0,187.0,JAGUAR,XF 2.2 LITRE EXECUTIVE,36.85
Coimbatore,2019,40674,Diesel,Automatic,First,11.0,171.0,TOYOTA,INNOVA CRYSTA 2.8 ZX AT,22.15
Mumbai,2015,50000,Diesel,Automatic,First,19.0,141.0,SKODA,OCTAVIA AMBITION 2.0 TDI AT,12.06
Bangalore,2018,1331,Petrol,Automatic,First,14.0,138.0,TOYOTA,COROLLA ALTIS VL AT,16.2
Pune,2010,60000,Petrol,Manual,First,19.0,35.0,MARUTI,OMNI 8 SEATER BSII,1.44
Mumbai,2018,10003,Diesel,Automatic,First,17.0,170.0,MERCEDES-BENZ,GLC 220D 4MATIC STYLE,45.04
Mumbai,2016,25000,Diesel,Automatic,First,21.0,108.0,VOLKSWAGEN,VENTO 1.5 TDI HIGHLINE AT,9.55
Ahmedabad,2015,73000,Diesel,Manual,First,16.0,140.0,MAHINDRA,XUV500 W10 2WD,12.3
Hyderabad,2014,59962,Diesel,Manual,First,20.0,83.0,NISSAN,TERRANO XL 85 PS,6.45
Jaipur,2012,72000,Diesel,Manual,Second,22.0,126.0,HYUNDAI,VERNA 1.6 SX CRDI (O),4.59
Coimbatore,2016,20967,Diesel,Automatic,First,14.0,258.0,BMW,5 SERIES 2013-2017 530D M SPORT,40.6
Bangalore,2015,35000,Diesel,Manual,Second,15.0,120.0,MAHINDRA,SCORPIO S4 PLUS,8.74
Coimbatore,2017,38056,Diesel,Manual,First,23.0,126.0,HYUNDAI,VERNA 1.6 CRDI SX,10.0
Pune,2009,94000,Diesel,Automatic,Second,12.0,241.0,AUDI,Q7 3.0 TDI QUATTRO PREMIUM PLUS,33.77
Coimbatore,2010,64236,Petrol,Manual,First,14.0,76.0,CHEVROLET,AVEO U-VA 1.2 LT,1.92
Kolkata,2000,124000,Diesel,Manual,First,13.0,63.0,MAHINDRA,BOLERO ZLX BSIII,-9.99
Mumbai,2014,7400,Petrol,Manual,First,19.0,82.0,HYUNDAI,XCENT 1.2 KAPPA S,3.71
Hyderabad,2017,52000,Diesel,Manual,First,13.0,147.0,TOYOTA,INNOVA CRYSTA 2.4 GX MT 8S,17.22
Hyderabad,2015,68764,Petrol,Manual,First,21.0,55.0,HYUNDAI,EON ERA PLUS,3.17
Delhi,2013,64000,Diesel,Manual,First,22.0,73.0,VOLKSWAGEN,POLO DIESEL COMFORTLINE 1.2L,4.29
Pune,2016,21558,Diesel,Manual,First,24.0,88.0,MARUTI,VITARA BREZZA ZDI,8.56
Mumbai,2013,37500,Diesel,Automatic,First,18.0,184.0,BMW,3 SERIES 320D PRESTIGE,18.29
Coimbatore,2016,14077,Petrol,Manual,First,21.0,55.0,HYUNDAI,EON SPORTZ,3.58
Mumbai,2009,70000,Petrol,Manual,First,17.0,118.0,HONDA,CITY 1.5 S MT,2.16
Kochi,2011,54316,Petrol,Manual,Second,12.0,177.0,HONDA,ACCORD 2.4 MT,6.49
Hyderabad,2009,90764,Diesel,Manual,First,14.0,112.0,MAHINDRA,XYLO E8,3.57
Chennai,2009,137000,Diesel,Automatic,Second,13.0,170.0,BMW,3 SERIES 320D,10.9
Pune,2013,127000,Petrol,Manual,Second,16.0,116.0,HONDA,CITY V MT,5.54
Kochi,2016,51884,Diesel,Manual,First,16.0,140.0,MAHINDRA,XUV500 W10 2WD,13.27
Delhi,2014,67407,Diesel,Manual,First,21.0,88.0,HYUNDAI,I20 ASTA 1.4 CRDI,5.81
Hyderabad,2014,107825,Diesel,Manual,First,13.0,168.0,TOYOTA,FORTUNER 4X2 MANUAL,17.94
Chennai,2006,82453,Diesel,Manual,First,13.0,63.0,MAHINDRA,BOLERO DI BSII,0.13
Chennai,2007,30441,Petrol,Manual,First,15.0,85.0,MARUTI,ESTEEM VXI - BSIII,0.62
Chennai,2002,70000,Petrol,Manual,Third,0.0,97.0,HYUNDAI,SANTRO LS ZIPPLUS,-0.68
Mumbai,2016,11000,Diesel,Automatic,First,20.0,113.0,MINI,COOPER 5 DOOR D,27.94
Hyderabad,2015,61000,Diesel,Automatic,First,15.0,174.0,AUDI,Q3 35 TDI QUATTRO PREMIUM,24.91
Delhi,2013,48454,Petrol,Manual,Second,17.0,80.0,HYUNDAI,I20 SPORTZ OPTION,3.73
Jaipur,2017,37000,Diesel,Manual,First,14.0,154.0,TATA,SAFARI STORME VX VARICOR 400,12.9
Kochi,2017,32249,Diesel,Manual,First,21.0,98.0,HONDA,BR-V I-DTEC VX MT,10.33
Kolkata,2013,58000,Diesel,Manual,First,19.0,138.0,VOLKSWAGEN,JETTA 2013-2015 2.0L TDI HIGHLINE,7.28
Jaipur,2017,28360,Petrol,Manual,First,19.0,81.0,HYUNDAI,XCENT 1.2 KAPPA S OPTION,6.29
Mumbai,2017,7000,Petrol,Manual,First,20.0,81.0,MARUTI,IGNIS 1.2 ALPHA,6.53
Coimbatore,2016,19658,Diesel,Automatic,First,18.0,190.0,BMW,5 SERIES 2013-2017 520D LUXURY LINE,32.98
Hyderabad,2007,92000,Petrol,Manual,First,13.0,70.0,FORD,IKON 1.3 CLXI,-0.31
Kolkata,2013,25000,Petrol,Manual,First,20.0,78.0,HYUNDAI,I10 SPORTZ,3.7
Coimbatore,2016,37882,Diesel,Manual,First,22.0,126.0,HYUNDAI,VERNA 1.6 CRDI,9.05
Bangalore,2014,69330,Diesel,Automatic,First,16.0,181.0,BMW,3 SERIES 320D HIGHLINE,16.61
Delhi,2011,61000,Petrol,Automatic,First,12.0,185.0,MERCEDES-BENZ,E-CLASS 2009-2013 E200 CGI BLUE EFFICIENCY,16.11
Kolkata,2010,35000,Petrol,Manual,Second,18.0,79.0,CHEVROLET,BEAT OPTION PACK,0.64
Jaipur,2004,200000,Petrol,Manual,First,0.0,97.0,HYUNDAI,SANTRO XING XP,-0.38
Jaipur,2009,82000,Diesel,Manual,Second,13.0,97.0,TATA,INDICA DLS,2.08
Delhi,2012,72450,Diesel,Manual,First,15.0,140.0,MAHINDRA,XUV500 W8 2WD,7.07
Jaipur,2017,36381,Diesel,Manual,First,28.0,88.0,MARUTI,CIAZ ZDI PLUS SHVS,8.89
Coimbatore,2017,25559,Diesel,Automatic,First,19.0,201.0,MERCEDES-BENZ,NEW C-CLASS C 250 CDI AVANTGARDE,32.14
Chennai,2005,100000,Petrol,Automatic,Third,16.0,78.0,HONDA,CITY ZX CVT,0.68
Jaipur,2015,94000,Diesel,Automatic,First,11.0,169.0,TOYOTA,FORTUNER 4X2 4 SPEED AT,18.7
Bangalore,2011,64357,Petrol,Manual,First,24.0,67.0,MARUTI,ALTO K10 VXI,-0.24
Mumbai,2017,10501,Petrol,Automatic,First,9.0,237.0,JAGUAR,XJ 2.0L PORTFOLIO,37.41
Chennai,2009,47000,Diesel,Manual,First,21.0,90.0,HYUNDAI,I20 1.4 MAGNA ABS,2.33
Mumbai,2017,18000,Petrol,Automatic,First,16.0,117.0,HONDA,BRV I-VTEC V CVT,9.69
Chennai,2007,89000,Petrol,Manual,First,13.0,125.0,TOYOTA,COROLLA EXECUTIVE (HE),3.37
Coimbatore,2014,49964,Diesel,Automatic,First,17.0,174.0,AUDI,A6 2011-2015 2.0 TDI PREMIUM PLUS,21.68
Mumbai,2014,35000,Diesel,Manual,First,12.0,100.0,TOYOTA,INNOVA 2.5 ZX DIESEL 7 SEATER BSIII,11.96
Jaipur,2014,64000,Diesel,Manual,First,24.0,70.0,HYUNDAI,GRAND I10 CRDI SPORTZ,3.8
Mumbai,2013,36000,Petrol,Automatic,First,14.0,105.0,VOLKSWAGEN,VENTO IPL II PETROL HIGHLINE AT,4.94
Delhi,2012,78600,Diesel,Manual,First,12.0,102.0,TOYOTA,INNOVA 2.5 VX (DIESEL) 7 SEATER BS IV,8.99
Jaipur,2008,170000,Diesel,Manual,Second,16.0,110.0,HYUNDAI,VERNA CRDI SX,1.44
Pune,2015,65000,Diesel,Manual,Second,23.0,73.0,MARUTI,RITZ VDI,6.04
Pune,2008,120300,Diesel,Automatic,Second,12.0,241.0,AUDI,Q7 3.0 TDI QUATTRO TECHNOLOGY,35.58
Pune,2016,21000,Petrol,Manual,First,18.0,81.0,HYUNDAI,I20 ASTA OPTION 1.2,6.45
Coimbatore,2017,18108,Diesel,Manual,First,24.0,88.0,MARUTI,VITARA BREZZA ZDI PLUS DUAL TONE,10.02
Pune,2014,58407,Petrol,Manual,First,17.0,117.0,HONDA,CITY I VTEC S,6.41
Pune,2014,49500,Petrol,Manual,First,20.0,91.0,MARUTI,CIAZ ZXI,5.45
Kochi,2013,37199,Petrol,Automatic,First,17.0,99.0,NISSAN,SUNNY XV CVT,5.31
Hyderabad,2012,62000,Diesel,Manual,First,22.0,73.0,VOLKSWAGEN,POLO DIESEL HIGHLINE 1.2L,3.28
Hyderabad,2015,59000,Diesel,Manual,First,20.0,88.0,MARUTI,ERTIGA ZDI,8.22
Jaipur,2015,60000,Diesel,Manual,First,26.0,74.0,MARUTI,SWIFT DZIRE VDI,6.11
Bangalore,2007,39037,Diesel,Automatic,First,14.0,170.0,MERCEDES-BENZ,NEW C-CLASS C 220 CDI ELEGANCE AT,13.04
Mumbai,2013,17003,Petrol,Manual,First,19.0,86.0,HONDA,BRIO S MT,3.05
Hyderabad,2008,80400,Petrol,Manual,First,16.0,66.0,HYUNDAI,I10 MAGNA OPTIONAL 1.1L,0.2
Jaipur,2012,75200,Diesel,Manual,First,22.0,126.0,HYUNDAI,VERNA 1.6 SX CRDI (O),5.1
Kochi,2017,41217,Diesel,Manual,First,28.0,88.0,MARUTI,CIAZ VDI SHVS,8.2
Pune,2006,98293,Petrol,Manual,Second,13.0,70.0,FORD,IKON 1.3 FLAIR,0.3
Pune,2017,54000,Petrol,Manual,Second,16.0,74.0,VOLKSWAGEN,POLO 1.2 MPI HIGHLINE,6.79
Chennai,2016,17377,Petrol,Manual,First,18.0,88.0,HONDA,JAZZ 1.2 V I VTEC,6.08
Bangalore,2013,33800,Diesel,Manual,Second,25.0,98.0,HONDA,AMAZE EX I-DTECH,4.53
Hyderabad,2015,86157,Diesel,Manual,First,22.0,88.0,HYUNDAI,I20 ASTA 1.4 CRDI,6.65
Hyderabad,2012,146824,Diesel,Manual,First,21.0,73.0,MARUTI,RITZ VDI,3.98
Chennai,2014,55000,Petrol,Manual,First,16.0,116.0,HONDA,CITY V MT,6.96
Hyderabad,2010,53293,Petrol,Manual,First,13.0,160.0,SKODA,SUPERB 1.8 TSI MT,4.62
Pune,2017,38000,Diesel,Manual,First,24.0,88.0,MARUTI,VITARA BREZZA LDI OPTION,8.6
Bangalore,2009,64000,Petrol,Manual,Second,17.0,80.0,HYUNDAI,I20 ASTA,1.92
Hyderabad,2017,25058,Petrol,Automatic,First,24.0,67.0,MARUTI,ALTO K10 VXI AGS,4.81
Kochi,2016,36700,Petrol,Manual,First,21.0,55.0,HYUNDAI,EON ERA PLUS,4.12
Mumbai,2011,35000,Petrol,Manual,First,20.0,78.0,HYUNDAI,I10 SPORTZ,1.73
Coimbatore,2016,22732,Petrol,Automatic,First,18.0,306.0,MERCEDES-BENZ,SLK-CLASS SLK 350,51.08
Hyderabad,2014,48000,Diesel,Automatic,First,18.0,187.0,AUDI,A6 2.0 TDI DESIGN EDITION,25.9
Bangalore,2013,62084,Diesel,Manual,First,22.0,98.0,FORD,ECOSPORT 1.5 TDCI TITANIUM,5.42
Kolkata,2012,39273,Diesel,Automatic,First,14.0,140.0,VOLKSWAGEN,PASSAT HIGHLINE DSG,9.88
Bangalore,2017,64798,Diesel,Manual,First,13.0,147.0,TOYOTA,INNOVA CRYSTA 2.4 ZX MT,18.62
Jaipur,2010,100002,Diesel,Manual,Third,20.0,68.0,FORD,FIGO DIESEL ZXI,1.71
Pune,2006,78000,Petrol,Manual,Third,14.0,92.0,CHEVROLET,AVEO 1.4,0.18
Coimbatore,2013,57717,Petrol,Manual,First,18.0,85.0,MARUTI,RITZ LXI,2.91
Chennai,2011,109000,Diesel,Automatic,First,12.0,147.0,LAND,ROVER FREELANDER 2 SE,19.79
Coimbatore,2017,74515,Petrol,Manual,First,18.0,82.0,HYUNDAI,GRAND I10 ASTA,6.47
Coimbatore,2017,50484,Diesel,Automatic,First,10.0,197.0,FORD,ENDEAVOUR 3.2 TREND AT 4X4,28.41
Kochi,2013,13452,Diesel,Automatic,First,12.0,167.0,AUDI,Q5 2008-2012 2.0 TDI,24.68
Kochi,2017,37688,Petrol,Manual,First,17.0,121.0,HYUNDAI,VERNA 1.6 VTVT,9.96
Chennai,2017,34000,Diesel,Automatic,First,13.0,204.0,MERCEDES-BENZ,E-CLASS 2015-2017 E250 CDI AVANTGARDE,35.07
Pune,2014,120000,Diesel,Automatic,First,0.0,165.0,MERCEDES-BENZ,M-CLASS ML 350 4MATIC,37.22
Pune,2008,64000,Petrol,Manual,Second,17.0,85.0,MARUTI,SWIFT DZIRE ZXI,-0.92
Delhi,2011,100000,Petrol,Manual,First,13.0,90.0,HONDA,CITY 1.3 EXI S,3.03
Jaipur,2014,75000,Diesel,Manual,First,20.0,83.0,RENAULT,DUSTER 85PS DIESEL RXL OPTIONAL,6.36
Hyderabad,2012,86000,Diesel,Automatic,First,14.0,170.0,MERCEDES-BENZ,NEW C-CLASS 220 CDI AT,15.35
Hyderabad,2015,69000,Diesel,Automatic,First,15.0,258.0,BMW,X5 XDRIVE 30D DESIGN PURE EXPERIENCE 5 SEATER,33.69
Kochi,2015,41721,Petrol,Manual,First,19.0,82.0,HYUNDAI,XCENT 1.2 KAPPA SX OPTION,3.6
Hyderabad,2017,13000,Petrol,Automatic,First,22.0,81.0,MARUTI,DZIRE AMT ZXI PLUS,7.62
Kolkata,2013,38998,Diesel,Automatic,First,16.0,181.0,BMW,3 SERIES 320D CORPORATE EDITION,16.08
Kochi,2017,54250,Petrol,Manual,First,22.0,47.0,MARUTI,ALTO 800 LXI,4.56
Bangalore,2013,45979,Diesel,Automatic,Second,17.0,174.0,AUDI,A4 2.0 TDI 177 BHP PREMIUM PLUS,18.74
Pune,2012,37000,Petrol,Automatic,Second,13.0,181.0,MINI,COOPER S,20.11
Coimbatore,2015,46983,Diesel,Automatic,Second,12.0,241.0,AUDI,Q7 3.0 TDI QUATTRO PREMIUM PLUS,39.64
Bangalore,2012,40700,Diesel,Manual,First,25.0,57.0,CHEVROLET,BEAT DIESEL LT,2.21
Kochi,2015,43828,Petrol,Manual,First,20.0,67.0,MARUTI,WAGON R LXI BS IV,4.77
Kolkata,2016,53000,Diesel,Manual,First,19.0,108.0,NISSAN,TERRANO XV PREMIUM 110 PS,9.17
Ahmedabad,2015,100000,Diesel,Automatic,First,18.0,184.0,BMW,3 SERIES 320D LUXURY PLUS,25.43
Mumbai,2015,19000,Petrol,Manual,First,20.0,83.0,MARUTI,SWIFT DZIRE VXI,6.26
Jaipur,2016,84000,Diesel,Manual,First,17.0,108.0,SKODA,YETI ELEGANCE 4X2,10.79
Kochi,2018,37630,Petrol,Automatic,First,15.0,110.0,FORD,ECOSPORT 1.5 TI VCT AT TITANIUM,9.98
Chennai,2010,67714,Petrol,Manual,First,18.0,80.0,HYUNDAI,I20 1.2 MAGNA,2.34
Pune,2017,32000,Diesel,Manual,First,15.0,88.0,MARUTI,S CROSS DDIS 200 SIGMA OPTION,9.72
Pune,2010,51000,Petrol,Manual,First,16.0,103.0,HYUNDAI,VERNA TRANSFORM VTVT,2.56
Kochi,2015,58390,Diesel,Automatic,First,18.0,184.0,BMW,3 SERIES 320D LUXURY LINE,22.11
Kolkata,2017,14000,Diesel,Manual,First,24.0,73.0,HYUNDAI,GRAND I10 1.2 CRDI MAGNA,5.92
Delhi,2014,55818,Petrol,Manual,Second,17.0,117.0,HONDA,CITY I-VTEC V,6.02
Chennai,2006,97800,Petrol,Manual,Third,16.0,97.0,MARUTI,SWIFT 1.3 VXI,0.69
Kolkata,2012,52241,Diesel,Manual,First,25.0,74.0,MARUTI,SWIFT VDI BSIV,2.13
Coimbatore,2018,25433,Diesel,Manual,First,27.0,74.0,MARUTI,BALENO ZETA 1.3,8.58
Kochi,2015,40611,Diesel,Manual,First,14.0,138.0,TATA,SAFARI STORME 2012-2015 LX,9.67
Bangalore,2008,72000,Petrol,Manual,Second,13.0,94.0,HYUNDAI,ACCENT GLS,1.07
Hyderabad,2016,54631,Diesel,Manual,First,25.0,74.0,MARUTI,SWIFT LDI SP LIMITED EDITION,6.82
Bangalore,2007,60000,Diesel,Manual,Second,17.0,97.0,MARUTI,SWIFT VDI BSIV,0.07
Coimbatore,2016,24941,Petrol,Automatic,First,21.0,37.0,TATA,NANO XTA,2.75
Ahmedabad,2017,63939,Diesel,Manual,First,25.0,88.0,MARUTI,ERTIGA VDI,8.93
Delhi,2014,35214,Petrol,Automatic,Second,23.0,67.0,MARUTI,CELERIO VXI AMT,2.12
Delhi,2015,63000,Diesel,Manual,First,25.0,74.0,MARUTI,SWIFT VDI BSIV,5.1
Kochi,2012,121377,Petrol,Manual,First,15.0,103.0,VOLKSWAGEN,VENTO PETROL HIGHLINE,3.88
Chennai,2009,100970,Diesel,Automatic,First,15.0,105.0,VOLKSWAGEN,JETTA 2007-2011 1.9 HIGHLINE TDI,4.98
Hyderabad,2014,60000,Diesel,Automatic,Second,20.0,113.0,MINI,COOPER 5 DOOR D,25.51
Chennai,2008,77650,Diesel,Manual,First,17.0,53.0,TATA,INDICA V2 DLS,-2.4
Hyderabad,2007,71297,Petrol,Manual,First,17.0,97.0,HYUNDAI,SANTRO XING XO,1.66
Mumbai,2008,55001,Diesel,Automatic,Second,0.0,97.0,LAND,ROVER RANGE ROVER 3.0 D,24.86
Bangalore,2015,18955,Petrol,Automatic,First,18.0,117.0,HONDA,CITY I-VTEC CVT VX,9.35
Coimbatore,2016,47877,Diesel,Automatic,First,16.0,187.0,JAGUAR,XF 2.2 LITRE LUXURY,32.82
Kochi,2017,43368,Diesel,Automatic,First,15.0,204.0,MERCEDES-BENZ,E-CLASS 2015-2017 E250 EDITION E,34.09
Chennai,2011,73000,Diesel,Manual,Third,18.0,147.0,CHEVROLET,CRUZE LTZ,3.44
Ahmedabad,2015,72007,Diesel,Manual,First,15.0,140.0,MAHINDRA,XUV500 W8 2WD,10.02
Kochi,2014,56778,Petrol,Automatic,First,11.0,186.0,MERCEDES-BENZ,NEW C-CLASS C 200 CGI AVANTGARDE,22.59
Kochi,2018,20024,Petrol,Manual,First,18.0,88.0,HONDA,JAZZ VX,8.34
Kolkata,2013,42103,Petrol,Manual,First,16.0,88.0,TOYOTA,ETIOS G,4.21
Hyderabad,2012,67147,Petrol,Manual,First,19.0,46.0,MARUTI,ALTO LXI BSIII,3.55
Coimbatore,2016,37806,Petrol,Manual,First,20.0,81.0,MARUTI,SWIFT VXI BSIV,5.98
Pune,2009,85000,Petrol,Manual,Third,19.0,66.0,MARUTI,A-STAR VXI,2.04
Chennai,2011,35000,Petrol,Manual,First,25.0,37.0,TATA,NANO LX BSIV,-0.33
Kolkata,2015,72035,Diesel,Manual,First,25.0,99.0,FORD,FIGO TITANIUM DIESEL,4.64
Jaipur,2011,48500,Petrol,Manual,First,16.0,90.0,FIAT,LINEA EMOTION,2.66
Coimbatore,2017,28854,Petrol,Manual,First,18.0,86.0,FORD,FIGO ASPIRE 1.2 TI-VCT TREND,6.64
Hyderabad,2005,92450,Petrol,Manual,First,15.0,94.0,MARUTI,BALENO LXI,-1.15
Coimbatore,2016,14351,Diesel,Automatic,First,18.0,184.0,BMW,3 SERIES 320D LUXURY LINE,23.05
Jaipur,2017,51087,Diesel,Manual,First,17.0,163.0,CHEVROLET,CRUZE LTZ,10.41
Chennai,2005,50000,Diesel,Manual,First,12.0,116.0,MAHINDRA,SCORPIO 2.6 DX,1.94
Hyderabad,2016,73000,Diesel,Manual,First,25.0,69.0,TATA,INDICA V2 ELS,2.53
Ahmedabad,2011,60000,Diesel,Automatic,First,18.0,147.0,CHEVROLET,CRUZE LTZ AT,3.23
Chennai,2016,50000,Diesel,Manual,First,12.0,102.0,TOYOTA,INNOVA 2.5 V DIESEL 8-SEATER,13.91
Coimbatore,2018,36797,Diesel,Automatic,First,19.0,167.0,MERCEDES-BENZ,NEW C-CLASS C 220D AVANTGARDE EDITION C,36.16
Kolkata,2011,50000,Petrol,Manual,Second,18.0,85.0,MARUTI,RITZ VXI,1.88
Ahmedabad,2013,94000,Diesel,Manual,First,12.0,102.0,TOYOTA,INNOVA 2.5 GX (DIESEL) 8 SEATER BS IV,9.31
Bangalore,2013,74000,Diesel,Manual,Second,12.0,168.0,TOYOTA,FORTUNER 4X4 MT,19.14
Coimbatore,2014,41016,Petrol,Automatic,Second,16.0,78.0,HYUNDAI,I10 SPORTZ AT,5.17
Bangalore,2012,67000,Diesel,Manual,First,22.0,126.0,HYUNDAI,VERNA 1.6 SX,5.19
Bangalore,2015,76927,Diesel,Automatic,First,15.0,174.0,AUDI,Q3 2012-2015 35 TDI QUATTRO PREMIUM PLUS,22.62
Kolkata,2010,17088,Petrol,Manual,First,18.0,79.0,CHEVROLET,BEAT LS,0.78
Pune,2007,112808,Diesel,Manual,Second,17.0,68.0,FORD,FIESTA 1.4 DURATORQ ZXI,-0.11
Coimbatore,2014,74980,Diesel,Manual,First,20.0,68.0,FORD,FIGO DIESEL EXI,4.64
Hyderabad,2014,44600,Petrol,Automatic,First,23.0,67.0,MARUTI,CELERIO VXI AT,3.62
Mumbai,2013,37000,Diesel,Automatic,First,20.0,107.0,MERCEDES-BENZ,A CLASS A180 CDI,15.17
Ahmedabad,2016,21000,Petrol,Manual,First,15.0,121.0,HYUNDAI,CRETA 1.6 SX,10.02
Bangalore,2010,81245,Petrol,Manual,First,18.0,67.0,MARUTI,WAGON R VXI BS IV,-0.18
Delhi,2013,70000,Diesel,Automatic,First,10.0,170.0,MERCEDES-BENZ,E-CLASS 2009-2013 E 220 CDI AVANTGARDE,20.45
Mumbai,2017,4018,Petrol,Manual,First,18.0,110.0,FORD,ECOSPORT 1.5 TI VCT MT TITANIUM BE,8.68
Delhi,2013,70000,Diesel,Automatic,Second,13.0,148.0,RENAULT,KOLEOS 2.0 DIESEL,9.17
Coimbatore,2016,56532,Diesel,Manual,First,16.0,140.0,MAHINDRA,XUV500 W10 2WD,13.27
Hyderabad,2013,26875,Petrol,Manual,First,16.0,34.0,MARUTI,OMNI E 8 STR STD,1.62
Coimbatore,2015,72599,Petrol,Manual,First,22.0,67.0,MARUTI,WAGON R VXI,4.96
Jaipur,2008,205000,Diesel,Manual,Second,13.0,141.0,FORD,ENDEAVOUR XLT TDCI 4X2,5.32
Hyderabad,2011,98000,Diesel,Manual,Second,22.0,126.0,HYUNDAI,VERNA 1.6 SX,3.73
Mumbai,2018,19500,Petrol,Manual,First,18.0,81.0,HYUNDAI,I20 MAGNA 1.2,8.04
Bangalore,2013,68000,Petrol,Manual,Second,16.0,93.0,MARUTI,ERTIGA ZXI,5.61
Coimbatore,2019,19654,Diesel,Automatic,First,14.0,155.0,MAHINDRA,XUV500 W9 AT,17.52
Mumbai,2017,26000,Diesel,Manual,First,23.0,88.0,MARUTI,SX4 S CROSS DDIS 200 ZETA,9.88
Bangalore,2015,10000,Petrol,Automatic,First,18.0,306.0,MERCEDES-BENZ,SLK-CLASS SLK 350,50.08
Hyderabad,2011,75020,Diesel,Manual,First,22.0,73.0,VOLKSWAGEN,POLO DIESEL COMFORTLINE 1.2L,2.33
Hyderabad,2011,157000,Diesel,Manual,First,12.0,168.0,TOYOTA,FORTUNER 4X4 MT,17.75
Kochi,2017,43773,Diesel,Manual,First,16.0,140.0,MAHINDRA,XUV500 W10 2WD,14.25
Mumbai,2016,21000,Diesel,Automatic,First,17.0,201.0,MERCEDES-BENZ,GLE 250D,50.66
Chennai,2016,23280,Petrol,Manual,First,18.0,88.0,HONDA,JAZZ 1.2 VX I VTEC,6.25
Pune,2013,88000,Diesel,Manual,First,23.0,74.0,MARUTI,SWIFT DZIRE VDI,4.64
Hyderabad,2014,67000,Petrol,Manual,First,17.0,121.0,HYUNDAI,VERNA 1.6 SX VTVT,6.5
Coimbatore,2017,59636,Diesel,Automatic,First,10.0,197.0,FORD,ENDEAVOUR 3.2 TITANIUM AT 4X4,29.59
Kolkata,2018,11000,Petrol,Manual,First,18.0,81.0,HYUNDAI,I20 1.2 ASTA OPTION,8.63
Mumbai,2013,60669,Petrol,Manual,First,16.0,116.0,HONDA,CITY 1.5 V MT SUNROOF,5.76
Hyderabad,2018,12000,Diesel,Manual,First,27.0,98.0,HONDA,AMAZE VX DIESEL,9.63
Kolkata,2013,35000,Petrol,Manual,First,17.0,121.0,HYUNDAI,VERNA 1.6 SX VTVT (O),5.45
Chennai,2015,65000,Diesel,Manual,First,24.0,98.0,HONDA,MOBILIO S I DTEC,6.12
Kochi,2013,39929,Diesel,Manual,First,20.0,88.0,MARUTI,ERTIGA ZDI,6.23
Pune,2014,49000,Petrol,Manual,First,24.0,67.0,MARUTI,ALTO K10 LXI,2.53
Pune,2004,77757,Diesel,Manual,Second,13.0,75.0,TOYOTA,QUALIS FS B2,1.32
Kochi,2016,21456,Petrol,Manual,First,20.0,78.0,HYUNDAI,I10 SPORTZ,6.65
Bangalore,2009,74000,Diesel,Automatic,Second,17.0,105.0,SKODA,LAURA 1.9 TDI AT AMBIENTE,4.84
Mumbai,2015,37000,Petrol,Manual,Second,18.0,81.0,HYUNDAI,I20 ASTA OPTION 1.2,4.97
Coimbatore,2013,108640,Diesel,Automatic,First,11.0,235.0,BMW,5 SERIES 2003-2012 530D HIGHLINE,21.09
Mumbai,2016,38000,Diesel,Automatic,First,22.0,190.0,BMW,3 SERIES 320D M SPORT,28.08
Pune,2010,80000,Petrol,Manual,First,14.0,92.0,CHEVROLET,AVEO 1.4 LT ABS BSIV,1.76
Mumbai,2011,47000,Diesel,Automatic,Second,14.0,203.0,MERCEDES-BENZ,E-CLASS 2009-2013 E250 CDI ELEGANCE,22.22
Kolkata,2013,31000,Diesel,Automatic,First,17.0,174.0,AUDI,A6 2011-2015 2.0 TDI PREMIUM PLUS,20.68
Kolkata,2014,40000,Petrol,Manual,First,20.0,67.0,MARUTI,WAGON R LXI BS IV,3.78
Jaipur,2016,4152,Petrol,Manual,First,25.0,53.0,RENAULT,KWID RXT,2.89
Mumbai,2017,51000,Diesel,Manual,First,21.0,108.0,VOLKSWAGEN,AMEO 1.5 TDI HIGHLINE,7.58
Ahmedabad,2013,55000,Diesel,Manual,First,22.0,73.0,VOLKSWAGEN,POLO DIESEL COMFORTLINE 1.2L,4.28
Hyderabad,2014,58500,Petrol,Manual,First,22.0,47.0,MARUTI,ALTO 800 LXI,1.61
Kochi,2017,58620,Petrol,Manual,First,18.0,81.0,HYUNDAI,I20 ASTA OPTION 1.2,7.47
Mumbai,2012,29605,Petrol,Manual,First,18.0,97.0,TOYOTA,ETIOS LIVA G,3.21
Jaipur,2012,71172,Petrol,Manual,Third,17.0,80.0,HYUNDAI,I20 1.2 SPORTZ,4.4
Chennai,2017,12000,Diesel,Manual,First,22.0,88.0,HYUNDAI,I20 1.4 ASTA,8.12
Kolkata,2014,25000,Petrol,Manual,First,20.0,67.0,MARUTI,WAGON R LXI OPTIONAL,2.59
Bangalore,2017,43000,Diesel,Manual,Second,22.0,88.0,HYUNDAI,I20 1.4 ASTA OPTION,8.4
Mumbai,2015,57022,Petrol,Automatic,First,17.0,103.0,VOLKSWAGEN,POLO GT TSI,6.62
Pune,2015,92000,Diesel,Manual,First,20.0,68.0,FORD,FIGO DIESEL TITANIUM,6.01
Coimbatore,2014,33372,Petrol,Manual,Second,18.0,85.0,MARUTI,SWIFT ZXI,4.91
Kochi,2016,52625,Diesel,Manual,First,24.0,70.0,HYUNDAI,GRAND I10 CRDI MAGNA,5.74
Chennai,2016,215000,Diesel,Manual,First,14.0,118.0,MAHINDRA,XYLO H4,7.91
Delhi,2012,65537,CNG,Manual,First,26.0,38.0,MARUTI,ALTO GREEN LXI (CNG),1.54
Coimbatore,2014,60138,Petrol,Manual,First,19.0,68.0,HYUNDAI,I10 MAGNA 1.1,3.62
Mumbai,2014,84000,Diesel,Automatic,First,19.0,141.0,SKODA,OCTAVIA ELEGANCE 2.0 TDI AT,14.02
Mumbai,2014,47000,Diesel,Automatic,First,15.0,258.0,BMW,X5 2014-2019 XDRIVE 30D DESIGN PURE EXPERIENCE 7 SEATER,43.7
Hyderabad,2014,33450,Petrol,Automatic,First,23.0,67.0,MARUTI,CELERIO VXI AT,3.61
Jaipur,2013,125000,Diesel,Manual,Second,20.0,103.0,VOLKSWAGEN,VENTO DIESEL COMFORTLINE,4.75
Pune,2011,99606,Diesel,Automatic,Second,16.0,181.0,BMW,3 SERIES 320D HIGHLINE,13.18
Mumbai,2014,64000,Diesel,Manual,First,20.0,88.0,MARUTI,ERTIGA ZDI,7.24
Hyderabad,2013,51000,Diesel,Manual,First,20.0,68.0,FORD,FIGO DIESEL ZXI,4.08
Mumbai,2014,57000,Petrol,Manual,First,16.0,74.0,VOLKSWAGEN,POLO 1.2 MPI HIGHLINE,4.34
Coimbatore,2009,48040,Diesel,Automatic,Second,16.0,241.0,AUDI,A6 3.0 TDI QUATTRO,14.52
Pune,2017,43200,Diesel,Manual,First,13.0,147.0,TOYOTA,INNOVA CRYSTA 2.4 ZX MT,18.6
Delhi,2013,66000,Diesel,Automatic,First,22.0,126.0,HYUNDAI,VERNA 1.6 CRDI EX AT,6.94
Kolkata,2013,31000,Petrol,Manual,First,17.0,62.0,HYUNDAI,SANTRO XING GL PLUS,2.07
Delhi,2011,46000,Diesel,Automatic,Second,16.0,147.0,AUDI,A4 2.0 TDI,14.1
Kolkata,2012,47346,Diesel,Automatic,First,16.0,147.0,AUDI,A4 2.0 TDI,15.59
Jaipur,2009,100000,Diesel,Manual,First,17.0,105.0,SKODA,LAURA 1.9 TDI MT AMBIENTE,3.02
Coimbatore,2015,63856,Petrol,Automatic,First,13.0,153.0,HONDA,CR-V 2.0L 2WD AT,12.92
Coimbatore,2015,72996,Diesel,Manual,First,22.0,126.0,HYUNDAI,VERNA 1.6 SX CRDI (O),8.05
Chennai,2014,23000,Diesel,Manual,First,24.0,98.0,HONDA,MOBILIO RS I DTEC,6.61
Coimbatore,2018,15985,Petrol,Manual,First,18.0,81.0,HYUNDAI,I20 1.2 ASTA OPTION,8.63
Kolkata,2011,98000,Diesel,Manual,Second,12.0,102.0,TOYOTA,INNOVA 2.5 G (DIESEL) 7 SEATER BS IV,7.04
Hyderabad,2014,70089,Petrol,Manual,First,18.0,81.0,HYUNDAI,I20 MAGNA 1.2,4.14
Chennai,2011,99000,Diesel,Manual,Second,13.0,63.0,MAHINDRA,BOLERO VLX BS IV,2.87
Jaipur,2014,72000,Diesel,Manual,First,20.0,103.0,VOLKSWAGEN,VENTO 1.5 TDI COMFORTLINE,5.28
Coimbatore,2015,44194,Diesel,Automatic,First,16.0,187.0,JAGUAR,XF 2.2 LITRE LUXURY,31.83
Mumbai,2005,102000,Petrol,Manual,First,17.0,60.0,MARUTI,ZEN LXI - BS III,-0.88
Coimbatore,2018,56652,Diesel,Automatic,First,13.0,258.0,MERCEDES-BENZ,E-CLASS FACELIFT,41.56
Mumbai,2010,41650,Diesel,Manual,Second,11.0,171.0,TOYOTA,FORTUNER 3.0 DIESEL,11.17
Coimbatore,2015,61717,Petrol,Automatic,First,18.0,82.0,HYUNDAI,GRAND I10 AT ASTA,5.36
Jaipur,2018,25302,Diesel,Manual,First,25.0,73.0,HYUNDAI,XCENT 1.2 CRDI S,6.21
Coimbatore,2016,47016,Petrol,Manual,First,15.0,121.0,HYUNDAI,CRETA 1.6 VTVT S,10.59
Bangalore,2010,69000,Petrol,Manual,First,20.0,78.0,HYUNDAI,I10 SPORTZ,0.78
Delhi,2016,32700,Petrol,Manual,First,19.0,86.0,HONDA,BRIO S MT,6.03
Coimbatore,2015,101337,Diesel,Automatic,First,12.0,168.0,TOYOTA,FORTUNER 4X2 AT,19.59
Ahmedabad,2011,59000,Diesel,Automatic,First,16.0,140.0,AUDI,A4 2.0 TDI MULTITRONIC,15.08
Kochi,2018,41736,Diesel,Automatic,First,11.0,171.0,TOYOTA,INNOVA CRYSTA 2.8 ZX AT,21.16
Jaipur,2014,71649,Diesel,Manual,First,25.0,98.0,HONDA,CITY I DTEC VX,6.66
Kochi,2015,80606,Diesel,Manual,First,25.0,98.0,HONDA,CITY I DTEC VX,7.65
Jaipur,2017,63262,Petrol,Manual,First,21.0,67.0,RENAULT,KWID 1.0 RXT OPTIONAL,3.8
Hyderabad,2018,5456,Diesel,Manual,First,28.0,74.0,MARUTI,SWIFT DDIS ZDI PLUS,9.16
Pune,2017,7500,Petrol,Automatic,First,23.0,67.0,MARUTI,CELERIO VXI OPTIONAL AMT,5.71
Delhi,2011,66000,Diesel,Manual,First,15.0,140.0,MAHINDRA,XUV500 W8 2WD,6.07
Jaipur,2010,66770,Petrol,Manual,Second,20.0,78.0,HYUNDAI,I10 MAGNA,0.77
Kochi,2014,58472,Petrol,Manual,First,19.0,68.0,HYUNDAI,I10 MAGNA 1.1,3.62
Kolkata,2011,46687,Petrol,Manual,First,22.0,81.0,MARUTI,DZIRE VXI,2.71
Chennai,2008,77000,Petrol,Automatic,Fourth & Above,9.0,163.0,MARUTI,GRAND VITARA AT,7.06
Kolkata,2012,7000,Petrol,Automatic,First,14.0,226.0,AUDI,TT 40 TFSI,31.58
Mumbai,2011,48000,Petrol,Automatic,Second,14.0,184.0,MERCEDES-BENZ,NEW C-CLASS C 200 CGI,14.09
Mumbai,2013,47000,Diesel,Manual,First,21.0,84.0,NISSAN,SUNNY 2011-2014 DIESEL XV,4.49
Ahmedabad,2015,51530,Petrol,Manual,First,18.0,67.0,MARUTI,WAGON R LXI,7.99
Bangalore,2014,25789,Diesel,Manual,Second,23.0,74.0,MARUTI,SWIFT DZIRE ZDI,5.7
Delhi,2015,48000,Diesel,Manual,First,25.0,98.0,HONDA,AMAZE S I-DTECH,5.28
Delhi,2012,52000,Diesel,Manual,First,28.0,74.0,MARUTI,SWIFT ZDI,3.23
Hyderabad,2010,95637,CNG,Manual,Second,13.0,93.0,HYUNDAI,ACCENT EXECUTIVE CNG,2.51
Hyderabad,2008,131000,Diesel,Manual,First,10.0,120.0,MAHINDRA,SCORPIO LX 2.6 TURBO,3.59
Kochi,2015,42076,Diesel,Automatic,First,13.0,201.0,MERCEDES-BENZ,E-CLASS E250 CDI AVANTGRADE,25.86
Mumbai,2012,76000,Diesel,Manual,Second,13.0,168.0,TOYOTA,FORTUNER 4X2 MANUAL,15.44
Bangalore,2016,20487,Petrol,Manual,First,22.0,53.0,DATSUN,REDI-GO T OPTION,2.05
Delhi,2010,43000,Petrol,Manual,Second,16.0,116.0,HONDA,CITY V MT,2.5
Pune,2018,17000,Petrol,Automatic,First,19.0,158.0,TOYOTA,CAMRY HYBRID,25.27
Coimbatore,2016,60805,Diesel,Manual,First,26.0,98.0,HONDA,CITY I DTEC V,7.62
Kochi,2012,58775,Diesel,Manual,First,19.0,138.0,VOLKSWAGEN,JETTA 2012-2014 2.0L TDI TRENDLINE,6.73
Hyderabad,2013,70181,Diesel,Automatic,First,17.0,174.0,AUDI,A6 2011-2015 2.0 TDI,20.46
Coimbatore,2016,85827,Diesel,Manual,First,20.0,88.0,MARUTI,ERTIGA VDI,8.76
Jaipur,2016,58205,Diesel,Automatic,First,19.0,167.0,MERCEDES-BENZ,NEW C-CLASS C 220 CDI STYLE,32.44
Mumbai,2008,91000,Diesel,Manual,Second,19.0,73.0,MARUTI,SWIFT DZIRE VDI BSIV,-0.26
Pune,2012,74000,Diesel,Manual,First,19.0,108.0,RENAULT,DUSTER 110PS DIESEL RXZ PACK,5.81
Hyderabad,2010,79324,Diesel,Manual,First,21.0,73.0,MARUTI,RITZ VDI,1.94
Bangalore,2013,38623,Petrol,Manual,First,19.0,85.0,MARUTI,SWIFT DZIRE VXI,4.64
Coimbatore,2014,59923,Diesel,Manual,First,22.0,74.0,MARUTI,SWIFT ZDI,6.17
Jaipur,2017,23360,Petrol,Manual,First,21.0,55.0,HYUNDAI,EON SPORTZ,4.57
Kochi,2003,61495,Petrol,Manual,Third,17.0,60.0,MARUTI,ZEN VXI BSII,-1.71
Coimbatore,2012,56661,Petrol,Manual,First,15.0,73.0,MARUTI,EECO 7 SEATER STANDARD,1.4
Coimbatore,2017,40318,Diesel,Automatic,First,14.0,174.0,AUDI,Q5 30 TDI QUATTRO PREMIUM,33.9
Chennai,2014,60000,Diesel,Automatic,First,15.0,174.0,AUDI,Q3 2.0 TDI,22.49
Hyderabad,2010,130000,Diesel,Manual,First,19.0,73.0,MARUTI,SWIFT DZIRE VDI,2.27
Mumbai,2013,20000,Diesel,Manual,First,14.0,83.0,TATA,SUMO DX,5.16
Hyderabad,2016,76000,Diesel,Automatic,First,15.0,258.0,BMW,X5 2014-2019 XDRIVE 30D DESIGN PURE EXPERIENCE 7 SEATER,45.7
Mumbai,2015,30000,Petrol,Automatic,First,18.0,117.0,HONDA,CITY I-VTEC CVT VX,9.36
Delhi,2015,150000,Diesel,Manual,First,25.0,69.0,TATA,INDIGO ECS ELX BS IV,3.74
Chennai,2014,28000,Petrol,Automatic,First,16.0,103.0,VOLKSWAGEN,VENTO TSI,7.11
Bangalore,2015,74000,Petrol,Manual,First,23.0,67.0,MARUTI,CELERIO VXI,3.94
Delhi,2011,75000,Diesel,Manual,First,11.0,171.0,TOYOTA,FORTUNER 3.0 DIESEL,12.7
Delhi,2010,76000,Petrol,Automatic,Second,11.0,170.0,MITSUBISHI,OUTLANDER 2.4,8.22
Pune,2014,64889,Diesel,Automatic,First,15.0,105.0,VOLKSWAGEN,JETTA 2007-2011 1.9 HIGHLINE TDI,9.88
Hyderabad,2010,10000,Petrol,Manual,First,9.0,97.0,PORSCHE,CAYMAN 2009-2012 S,31.26
Kolkata,2015,43000,Diesel,Manual,First,19.0,126.0,HYUNDAI,CRETA 1.6 CRDI SX,10.97
Pune,2011,47490,Petrol,Manual,First,17.0,75.0,SKODA,FABIA 1.2 MPI AMBIENTE PETROL,1.57
Chennai,2015,80000,Diesel,Manual,First,22.0,98.0,FORD,ECOSPORT 1.5 TDCI TITANIUM,7.41
Bangalore,2007,60000,Petrol,Manual,Second,18.0,64.0,MARUTI,ZEN ESTILO 1.1 LXI BSIII,-0.39
Ahmedabad,2017,6006,Petrol,Manual,First,20.0,91.0,MARUTI,CIAZ 1.4 DELTA,8.24
Kochi,2011,71703,Petrol,Automatic,First,14.0,181.0,MERCEDES-BENZ,NEW C-CLASS C 200 AVANTGARDE EDITION C,13.13
Hyderabad,2016,33000,Petrol,Manual,First,17.0,86.0,HONDA,AMAZE SX I-VTEC,6.02
Kolkata,2012,60000,Diesel,Manual,First,23.0,97.0,TOYOTA,ETIOS GD,4.34
Jaipur,2015,91000,Diesel,Manual,First,19.0,83.0,RENAULT,DUSTER 85PS DIESEL RXL,6.84
Hyderabad,2012,72000,LPG,Manual,First,26.0,58.0,MARUTI,WAGON R LXI LPG BSIV,2.86
Kolkata,2011,43000,Petrol,Manual,Second,16.0,73.0,VOLKSWAGEN,POLO PETROL HIGHLINE 1.2L,2.31
Coimbatore,2017,63770,Diesel,Manual,First,19.0,126.0,HYUNDAI,CRETA 1.6 SX PLUS DIESEL,13.95
Kolkata,2012,43510,Diesel,Automatic,First,14.0,270.0,JAGUAR,XF DIESEL,27.18
Mumbai,2017,52000,Diesel,Manual,First,16.0,170.0,JEEP,COMPASS 2.0 LIMITED 4X4,20.5
Kochi,2018,31427,Diesel,Automatic,First,15.0,177.0,LAND,ROVER RANGE ROVER EVOQUE 2.0 TD4 HSE DYNAMIC,49.8
Kolkata,2016,29000,Diesel,Manual,First,27.0,74.0,MARUTI,BALENO ALPHA DIESEL,7.04
Ahmedabad,2016,56000,Diesel,Manual,First,28.0,88.0,MARUTI,CIAZ ZDI SHVS,8.31
Jaipur,2007,76000,Petrol,Manual,Second,15.0,104.0,MARUTI,SX4 VXI BSIII,1.39
Coimbatore,2015,53615,Diesel,Manual,First,22.0,126.0,HYUNDAI,ELANTRA CRDI SX,9.75
Bangalore,2013,132000,Diesel,Manual,First,13.0,175.0,MITSUBISHI,PAJERO SPORT 4X4,14.29
Pune,2017,14800,Petrol,Manual,First,17.0,73.0,VOLKSWAGEN,AMEO 1.2 MPI COMFORTLINE,5.46
Hyderabad,2013,35433,Petrol,Manual,First,18.0,85.0,MARUTI,RITZ VXI,4.34
Hyderabad,2013,82966,Diesel,Manual,First,16.0,110.0,HYUNDAI,VERNA CRDI SX,6.8
Jaipur,2014,96000,Diesel,Manual,First,23.0,74.0,MARUTI,SWIFT DZIRE TOUR LDI,2.88
Kochi,2017,39528,Diesel,Manual,First,25.0,77.0,MAHINDRA,KUV 100 MFALCON D75 K6,5.91
Coimbatore,2018,92056,Diesel,Manual,First,13.0,147.0,TOYOTA,INNOVA CRYSTA 2.4 ZX MT,19.63
Pune,2016,14930,Petrol,Manual,First,21.0,83.0,MARUTI,BALENO DELTA 1.2,5.3
Mumbai,2016,38000,Diesel,Manual,First,27.0,98.0,HONDA,JAZZ VX DIESEL,7.14
Delhi,2013,71000,Petrol,Manual,First,17.0,80.0,HYUNDAI,I20 1.2 ASTA,3.66
Delhi,2012,71000,Diesel,Manual,First,23.0,90.0,HYUNDAI,I20 SPORTZ DIESEL,4.25
Pune,2015,50000,Diesel,Automatic,First,19.0,167.0,MERCEDES-BENZ,NEW C-CLASS C 220D AVANTGARDE EDITION C,33.22
Kochi,2016,48163,Petrol,Manual,First,19.0,82.0,HYUNDAI,XCENT 1.2 KAPPA BASE,5.56
Coimbatore,2017,19168,Petrol,Automatic,First,18.0,82.0,HYUNDAI,GRAND I10 AT ASTA,7.29
Kolkata,2016,26000,Petrol,Manual,First,22.0,47.0,MARUTI,ALTO 800 VXI,3.24
Kolkata,2014,37400,Petrol,Manual,First,18.0,82.0,CHEVROLET,SAIL HATCHBACK 1.2 LS,3.74
Mumbai,2018,8682,Diesel,Automatic,First,0.0,194.0,MERCEDES-BENZ,C-CLASS PROGRESSIVE C 220D,35.55
Mumbai,2012,95000,Petrol,Automatic,First,13.0,157.0,SKODA,SUPERB ELEGANCE 1.8 TSI AT,8.26
Kolkata,2009,34000,Diesel,Automatic,First,16.0,147.0,AUDI,A4 2.0 TDI,12.61
Mumbai,2014,95000,Diesel,Manual,Second,12.0,102.0,TOYOTA,INNOVA 2.5 G (DIESEL) 7 SEATER BS IV,10.0
Coimbatore,2017,13689,Diesel,Automatic,First,17.0,136.0,MERCEDES-BENZ,CLA 200 CDI SPORT,26.62
Jaipur,2008,84000,Petrol,Manual,Second,19.0,68.0,HYUNDAI,I10 ERA,-0.44
Kolkata,2008,47000,Petrol,Manual,Second,17.0,85.0,MARUTI,SWIFT DZIRE VXI,-0.47
Ahmedabad,2015,60001,Diesel,Automatic,First,21.0,103.0,SKODA,RAPID 1.5 TDI AT AMBITION,7.89
Hyderabad,2012,96000,Diesel,Manual,First,21.0,73.0,MARUTI,RITZ VDI,3.93
Jaipur,2004,47300,Petrol,Manual,Second,14.0,94.0,HYUNDAI,ACCENT GLS 1.6,-1.0
Coimbatore,2014,28246,Petrol,Manual,Second,17.0,86.0,HONDA,AMAZE SX I-VTEC,3.54
Delhi,2007,65000,Petrol,Manual,Second,18.0,67.0,MARUTI,WAGON R LXI,-0.39
Chennai,2013,68000,Diesel,Manual,Second,22.0,73.0,VOLKSWAGEN,POLO DIESEL COMFORTLINE 1.2L,3.79
Kochi,2019,11209,Diesel,Automatic,First,12.0,158.0,FORD,ENDEAVOUR 2.2 TREND AT 4X2,26.77
Pune,2011,41980,Petrol,Manual,Second,17.0,80.0,HYUNDAI,I20 1.2 SPORTZ,2.35
Bangalore,2012,65000,Diesel,Manual,First,25.0,57.0,CHEVROLET,BEAT DIESEL PS,1.29
Kolkata,2010,38000,Petrol,Manual,First,14.0,130.0,HONDA,CIVIC 2010-2013 1.8 V MT,3.0
Pune,2014,51000,Petrol,Manual,First,20.0,67.0,MARUTI,WAGON R VXI BS IV,3.41
Kochi,2014,33855,Petrol,Manual,First,15.0,103.0,SKODA,RAPID 1.6 MPI AMBITION PLUS,5.56
Pune,2006,146000,Petrol,Manual,Second,15.0,94.0,MARUTI,BALENO VXI - BSIII,0.16
Bangalore,2015,47037,Diesel,Manual,Second,22.0,98.0,FORD,ECOSPORT 1.5 TDCI TITANIUM,6.87
Ahmedabad,2010,58000,Petrol,Manual,Second,13.0,94.0,HYUNDAI,ACCENT GLE,4.52
Mumbai,2012,61240,Diesel,Automatic,First,22.0,190.0,BMW,5 SERIES 520D LUXURY LINE,21.91
Chennai,2011,91211,Petrol,Manual,First,20.0,67.0,MARUTI,ALTO K10 2010-2014 VXI,1.39
Bangalore,2013,84000,Diesel,Automatic,First,15.0,174.0,AUDI,Q3 2012-2015 2.0 TDI QUATTRO PREMIUM PLUS,19.69
Mumbai,2008,64226,LPG,Manual,First,17.0,57.0,MARUTI,WAGON R LXI DUO BSIII,1.0
Bangalore,2005,67000,Petrol,Automatic,Second,11.0,125.0,TOYOTA,COROLLA H4,1.66
Pune,2011,106976,Diesel,Automatic,First,13.0,215.0,VOLVO,XC60 D5,18.36
Kolkata,2016,27210,Diesel,Manual,First,27.0,98.0,HONDA,JAZZ 1.5 VX I DTEC,7.09
Delhi,2017,26322,Diesel,Manual,First,28.0,88.0,MARUTI,CIAZ 1.3 ALPHA,9.03
Mumbai,2016,9107,Petrol,Manual,First,20.0,81.0,MARUTI,SWIFT VXI BSIV,5.95
Kochi,2015,63983,Diesel,Automatic,First,19.0,170.0,MERCEDES-BENZ,NEW C-CLASS C 220 CDI AVANTGARDE,24.51
Chennai,2010,134000,Petrol,Manual,Second,18.0,67.0,MARUTI,WAGON R VXI MINOR,0.92
Pune,2015,11000,Petrol,Automatic,First,15.0,120.0,MERCEDES-BENZ,A CLASS A180 SPORT,19.14
Pune,2008,93000,Petrol,Manual,First,0.0,62.0,HYUNDAI,SANTRO XING GL,0.58
Coimbatore,2017,24852,Diesel,Automatic,First,26.0,74.0,MARUTI,SWIFT DZIRE AMT ZDI,6.42
Pune,2014,37632,Petrol,Automatic,First,18.0,82.0,HYUNDAI,GRAND I10 AT ASTA,4.35
Chennai,2013,55000,Petrol,Manual,Second,16.0,97.0,NISSAN,SUNNY 2011-2014 XV SPECIAL EDITION,4.24
Hyderabad,2010,81448,Petrol,Manual,First,19.0,66.0,MARUTI,A-STAR LXI,1.98
Hyderabad,2018,1900,Petrol,Manual,First,25.0,53.0,RENAULT,KWID RXT OPTIONAL,4.27
Coimbatore,2012,54957,Petrol,Automatic,First,17.0,121.0,HYUNDAI,VERNA 1.6 SX VTVT (O) AT,5.83
Chennai,2008,55000,Petrol,Manual,Second,18.0,67.0,MARUTI,WAGON R LXI MINOR,0.55
Kolkata,2013,21983,Diesel,Automatic,First,18.0,184.0,BMW,3 SERIES 320D SPORT LINE,20.32
Delhi,2013,76000,Diesel,Automatic,First,18.0,177.0,BMW,5 SERIES 2003-2012 520D,19.71
Jaipur,2016,65000,Diesel,Manual,First,25.0,69.0,TATA,INDIGO CS EVX,3.28
Hyderabad,2015,26000,Diesel,Manual,First,22.0,88.0,HYUNDAI,I20 SPORTZ 1.4 CRDI,6.39
Kochi,2019,11571,Petrol,Manual,First,16.0,34.0,MARUTI,OMNI E MPI STD BS IV,6.08
Hyderabad,2014,81000,Diesel,Manual,First,25.0,74.0,MARUTI,SWIFT ZDI,5.71
Coimbatore,2019,23154,Diesel,Manual,First,23.0,98.0,FORD,ECOSPORT SIGNATURE EDITION DIESEL,11.84
Mumbai,2014,26856,Petrol,Automatic,First,16.0,86.0,HONDA,BRIO VX AT,4.04
Chennai,2017,67489,Diesel,Manual,First,13.0,147.0,TOYOTA,INNOVA CRYSTA 2.4 GX MT,17.21
Bangalore,2008,176000,Diesel,Manual,Second,10.0,120.0,MAHINDRA,SCORPIO 2.6 LX,3.09
Kolkata,2010,18000,Petrol,Manual,First,18.0,80.0,HYUNDAI,I20 1.2 MAGNA,2.29
Ahmedabad,2014,63003,Diesel,Manual,First,22.0,126.0,HYUNDAI,VERNA 1.6 SX,7.16
Chennai,2014,80000,Diesel,Manual,First,15.0,140.0,MAHINDRA,XUV500 W6 2WD,8.67
Coimbatore,2014,56658,Diesel,Manual,First,20.0,108.0,VOLKSWAGEN,VENTO 1.5 TDI COMFORTLINE,5.72
Kochi,2019,18592,Diesel,Manual,First,26.0,74.0,MARUTI,SWIFT DZIRE VDI OPTIONAL,9.22
Pune,2010,75695,Petrol,Manual,First,13.0,88.0,TATA,MANZA AURA SAFIRE BS IV,1.38
Kolkata,2012,82000,Diesel,Manual,Second,22.0,74.0,MARUTI,SWIFT VDI,2.88
Chennai,2013,60000,Diesel,Manual,First,22.0,73.0,VOLKSWAGEN,POLO DIESEL HIGHLINE 1.2L,4.27
Pune,2009,138000,Petrol,Manual,Second,17.0,118.0,HONDA,CITY 1.5 V MT,2.01
Bangalore,2014,67000,Diesel,Manual,First,23.0,90.0,HYUNDAI,I20 ASTA (O) 1.4 CRDI (DIESEL),6.27
Coimbatore,2012,42750,Petrol,Manual,First,17.0,118.0,HONDA,CITY 1.5 V MT,5.38
Kochi,2014,52398,Diesel,Manual,First,25.0,57.0,CHEVROLET,BEAT DIESEL,4.4
Kochi,2014,36657,Petrol,Manual,First,16.0,62.0,CHEVROLET,SPARK 1.0 LS,6.38
Delhi,2011,77000,Diesel,Manual,Second,11.0,138.0,TATA,NEW SAFARI DICOR 2.2 EX 4X2,5.31
Delhi,2014,85000,Diesel,Automatic,First,11.0,254.0,MERCEDES-BENZ,GL-CLASS 350 CDI BLUE EFFICIENCY,49.32
Pune,2008,112500,Diesel,Automatic,First,11.0,235.0,BMW,5 SERIES 2003-2012 530D HIGHLINE,16.16
Kochi,2013,105072,Diesel,Manual,First,14.0,174.0,TOYOTA,FORTUNER 2.8 4WD MT,15.92
Pune,2012,80000,Petrol,Automatic,First,11.0,150.0,BMW,X1 SDRIVE 18I,13.47
Kochi,2019,3102,Diesel,Manual,First,20.0,108.0,RENAULT,CAPTUR 1.5 DIESEL PLATINE MONO,13.82
Coimbatore,2016,14656,Diesel,Manual,First,24.0,71.0,HYUNDAI,XCENT 1.1 CRDI S,5.39
Hyderabad,2010,105000,Diesel,Automatic,Second,13.0,170.0,BMW,3 SERIES 320D,11.86
Hyderabad,2008,61000,Petrol,Automatic,Second,10.0,215.0,BMW,5 SERIES 2010-2013 525I,11.38
Pune,2010,85046,Petrol,Manual,Second,18.0,75.0,NISSAN,MICRA XE,0.95
Delhi,2014,48000,Diesel,Automatic,First,16.0,187.0,JAGUAR,XF 2.2 LITRE LUXURY,30.84
Bangalore,2011,55000,Diesel,Automatic,First,10.0,308.0,LAND,ROVER RANGE ROVER TDV8 (DIESEL),60.01
Mumbai,2017,4000,Petrol,Automatic,First,16.0,160.0,JEEP,COMPASS 1.4 LIMITED OPTION,16.28
Delhi,2010,94000,Petrol,Automatic,Second,10.0,152.0,HONDA,CR-V 2.4 AT,6.57
Coimbatore,2013,61110,Petrol,Manual,First,18.0,85.0,MARUTI,SWIFT VXI,3.82
Chennai,2016,80000,Diesel,Manual,First,24.0,71.0,HYUNDAI,XCENT 1.1 CRDI S,5.45
Kochi,2015,43190,Diesel,Manual,First,19.0,108.0,NISSAN,TERRANO XV PREMIUM 110 PS,8.18
Hyderabad,2015,45000,Diesel,Automatic,First,18.0,187.0,AUDI,A4 35 TDI TECHNOLOGY,31.61
Coimbatore,2016,44178,Petrol,Manual,First,18.0,82.0,HYUNDAI,GRAND I10 ASTA OPTION,6.26
Hyderabad,2015,84415,Diesel,Manual,First,12.0,100.0,TOYOTA,INNOVA 2.5 G (DIESEL) 8 SEATER,12.42
Kolkata,2015,35000,Petrol,Manual,First,18.0,80.0,HYUNDAI,I20 1.2 MAGNA,7.24
Kolkata,2013,44000,Diesel,Manual,First,22.0,98.0,FORD,ECOSPORT 1.5 TDCI TITANIUM,5.4
Hyderabad,2012,67635,Petrol,Manual,First,17.0,118.0,HONDA,CITY 1.5 S MT,5.12
Coimbatore,2018,18385,Petrol,Automatic,First,14.0,121.0,FORD,ECOSPORT 1.5 PETROL TITANIUM PLUS AT,11.48
Kolkata,2014,35000,Diesel,Manual,First,22.0,73.0,VOLKSWAGEN,POLO DIESEL HIGHLINE 1.2L,5.23
Mumbai,2010,49000,Diesel,Automatic,First,19.0,170.0,MERCEDES-BENZ,NEW C-CLASS C 220 CDI AVANTGARDE,19.57
Hyderabad,2013,69000,Diesel,Manual,First,22.0,89.0,FORD,ECOSPORT 1.5 DV5 MT TITANIUM,5.37
Hyderabad,2017,23228,Petrol,Manual,First,14.0,65.0,TATA,INDIGO GLE,6.63
Delhi,2014,68462,Diesel,Manual,First,26.0,74.0,MARUTI,SWIFT DZIRE LDI,3.68
Coimbatore,2016,74611,Diesel,Manual,First,25.0,88.0,MARUTI,S-CROSS ZETA DDIS 200 SH,8.98
Pune,2014,90000,Diesel,Manual,First,19.0,108.0,RENAULT,DUSTER 110PS DIESEL RXZ PACK,7.79
Delhi,2016,22000,Petrol,Manual,First,18.0,67.0,MARUTI,WAGON R VXI,6.54
Hyderabad,2010,58163,Petrol,Manual,First,0.0,62.0,HYUNDAI,SANTRO XING GL,2.52
Chennai,2011,109500,Diesel,Manual,Third,25.0,57.0,CHEVROLET,BEAT DIESEL LT,1.83
Delhi,2017,13363,Diesel,Manual,First,16.0,140.0,MAHINDRA,XUV500 W4 1.99 MHAWK,12.47
Delhi,2012,51000,Petrol,Manual,Second,19.0,68.0,HYUNDAI,I10 ERA 1.1,3.05
Hyderabad,2007,103000,Diesel,Manual,First,13.0,138.0,TATA,NEW SAFARI DICOR 2.2 EX 4X4,3.88
Kolkata,2009,43002,Petrol,Manual,First,20.0,78.0,HYUNDAI,I10 SPORTZ,-0.23
Bangalore,2016,108000,Diesel,Automatic,First,11.0,171.0,TOYOTA,INNOVA CRYSTA 2.8 ZX AT,19.25
Jaipur,2010,82407,Diesel,Manual,First,17.0,106.0,SKODA,LAURA ELEGANCE MT,4.29
Kolkata,2013,29000,Petrol,Manual,First,18.0,82.0,HYUNDAI,GRAND I10 SPORTZ,2.2
Pune,2012,225000,Diesel,Manual,Second,23.0,97.0,TOYOTA,ETIOS LIVA GD,4.29
Kolkata,2014,45000,Diesel,Manual,First,23.0,74.0,MARUTI,SWIFT DZIRE VDI,5.59
Kochi,2010,93401,Diesel,Manual,First,23.0,90.0,HYUNDAI,I20 ASTA 1.4 CRDI (DIESEL),3.94
Hyderabad,2017,95802,Diesel,Manual,Second,25.0,99.0,FORD,FIGO 2015-2019 1.5D TREND MT,6.47
Pune,2016,130000,Diesel,Manual,First,25.0,88.0,MARUTI,ERTIGA VDI,8.0
Ahmedabad,2013,67443,Diesel,Manual,First,20.0,88.0,MARUTI,ERTIGA ZDI,6.25
Kochi,2016,47681,Petrol,Automatic,First,16.0,116.0,HONDA,CITY 1.5 V AT SUNROOF,8.87
Hyderabad,2009,35000,Petrol,Manual,First,19.0,46.0,MARUTI,ALTO LXI BSIII,0.56
Hyderabad,2016,68000,Diesel,Automatic,First,10.0,197.0,FORD,ENDEAVOUR 3.2 TITANIUM AT 4X4,28.62
Kochi,2019,34688,Diesel,Manual,First,24.0,88.0,MARUTI,VITARA BREZZA ZDI PLUS,10.78
Kolkata,2015,10512,Petrol,Automatic,First,8.0,265.0,PORSCHE,BOXSTER S TIPTRONIC,53.98
Pune,2016,58000,Diesel,Manual,First,22.0,74.0,MARUTI,SWIFT ZDI,8.14
Mumbai,2014,40000,Petrol,Manual,First,17.0,88.0,TATA,ZEST REVOTRON 1.2 XT,4.07
Bangalore,2010,61000,Petrol,Manual,Fourth & Above,17.0,80.0,HYUNDAI,I20 1.2 SPORTZ OPTION,1.87
Mumbai,2009,86000,Diesel,Manual,First,19.0,70.0,SKODA,FABIA 1.4 TDI ACTIVE,1.58
Kolkata,2015,45000,Diesel,Manual,First,21.0,87.0,TOYOTA,COROLLA ALTIS D-4D J,8.04
Ahmedabad,2017,55000,Petrol,Manual,First,17.0,73.0,VOLKSWAGEN,AMEO 1.2 MPI COMFORTLINE,5.5
Kochi,2016,36855,Petrol,Manual,Second,15.0,121.0,HYUNDAI,CRETA 1.6 VTVT S,10.07
Kochi,2013,46821,Petrol,Manual,First,20.0,78.0,HYUNDAI,I10 MAGNA 1.2,4.26
Kolkata,2015,120000,Petrol,Manual,First,18.0,76.0,CHEVROLET,BEAT LS,5.53
Kolkata,2012,29000,Diesel,Automatic,First,14.0,270.0,JAGUAR,XF 3.0 LITRE S PREMIUM LUXURY,24.5
Mumbai,2014,40000,Petrol,Manual,First,13.0,102.0,NISSAN,TERRANO XL,6.12
Delhi,2013,60000,Diesel,Automatic,Second,15.0,174.0,AUDI,Q3 2012-2015 2.0 TDI QUATTRO PREMIUM PLUS,19.17
Mumbai,2011,64984,Petrol,Automatic,First,16.0,78.0,HYUNDAI,I10 ASTA AT,1.81
Pune,2015,73204,Petrol,Automatic,First,24.0,67.0,MARUTI,ALTO K10 VXI AGS,2.88
Bangalore,2014,50000,Diesel,Automatic,First,11.0,335.0,AUDI,Q7 4.2 TDI QUATTRO TECHNOLOGY,43.11
Kolkata,2017,35000,Diesel,Manual,First,24.0,88.0,MARUTI,VITARA BREZZA VDI,8.21
Hyderabad,2013,17729,Petrol,Manual,First,21.0,55.0,HYUNDAI,EON D LITE PLUS,1.69
Chennai,2012,97000,Diesel,Manual,First,20.0,115.0,MAHINDRA,XUV300 W8 DIESEL,5.44
Kochi,2014,89614,Diesel,Manual,First,22.0,126.0,HYUNDAI,VERNA CRDI 1.6 SX OPTION,7.65
Kolkata,2015,14000,Petrol,Manual,First,18.0,67.0,MARUTI,WAGON R VXI,5.54
Chennai,2012,50000,Petrol,Manual,First,17.0,80.0,HYUNDAI,I20 SPORTZ OPTION,3.25
Delhi,2014,62505,Petrol,Manual,First,17.0,117.0,HONDA,CITY I VTEC V,6.21
Chennai,2011,248000,Diesel,Manual,Second,12.0,102.0,TOYOTA,INNOVA 2.5 V DIESEL 7-SEATER,8.99
Pune,2012,94900,Diesel,Manual,First,16.0,110.0,HYUNDAI,VERNA CRDI SX,5.82
Delhi,2017,55000,Diesel,Manual,First,17.0,153.0,TATA,HEXA XT,13.57
Coimbatore,2015,53735,Diesel,Automatic,Second,12.0,241.0,AUDI,Q7 3.0 TDI QUATTRO PREMIUM PLUS,39.65
Coimbatore,2008,53934,Petrol,Manual,Second,18.0,67.0,MARUTI,WAGON R VXI,-1.83
Bangalore,2013,58500,Diesel,Automatic,Second,17.0,218.0,BMW,5 SERIES 2013-2017 525D LUXURY LINE,27.38
Kolkata,2014,48000,Petrol,Manual,First,18.0,86.0,HONDA,AMAZE EX I-VTECH,3.27
Mumbai,2016,24000,Petrol,Manual,First,24.0,47.0,MARUTI,ALTO 800 2016-2019 LXI,3.06
Mumbai,2016,52001,Petrol,Manual,First,17.0,121.0,HYUNDAI,VERNA 1.6 SX VTVT,8.46
Coimbatore,2018,9565,Petrol,Manual,First,23.0,84.0,TATA,TIAGO 1.2 REVOTRON XZ,6.03
Pune,2013,32953,Petrol,Manual,First,18.0,85.0,MARUTI,SWIFT LXI,4.11
Jaipur,2014,18000,Petrol,Manual,First,21.0,55.0,HYUNDAI,EON ERA,2.4
Kochi,2018,20446,Petrol,Automatic,First,12.0,191.0,MERCEDES-BENZ,E-CLASS E 220 D,47.21
Hyderabad,2016,33016,Diesel,Manual,First,22.0,88.0,HYUNDAI,I20 MAGNA 1.4 CRDI,6.82
Chennai,2012,48000,Diesel,Manual,First,23.0,67.0,TOYOTA,ETIOS VD,4.75
Coimbatore,2014,72022,Diesel,Manual,First,21.0,87.0,TOYOTA,COROLLA ALTIS DIESEL D4DG,8.75
Ahmedabad,2014,34000,Diesel,Automatic,First,20.0,113.0,MINI,COOPER 5 DOOR D,25.99
Hyderabad,2014,69000,Diesel,Manual,First,20.0,88.0,VOLKSWAGEN,POLO 1.5 TDI HIGHLINE,4.88
Pune,2009,108000,Petrol,Automatic,First,13.0,157.0,SKODA,SUPERB ELEGANCE 1.8 TSI AT,5.31
Hyderabad,2013,34700,Diesel,Automatic,First,10.0,170.0,MERCEDES-BENZ,E-CLASS 2009-2013 E 220 CDI AVANTGARDE,20.42
Pune,2015,79000,Diesel,Manual,First,17.0,75.0,MARUTI,SWIFT VDI BSIII W/ ABS,6.32
Kochi,2016,58197,Petrol,Automatic,First,18.0,117.0,HONDA,CITY I VTEC CVT VX,9.9
Pune,2008,66000,Petrol,Automatic,Second,8.0,321.0,BMW,7 SERIES 2007-2012 740LI,18.78
Bangalore,2009,60000,Petrol,Automatic,First,19.0,80.0,HYUNDAI,I10 MAGNA AT,2.56
Kolkata,2014,57000,Diesel,Manual,First,26.0,74.0,MARUTI,SWIFT DZIRE VDI,5.12
Coimbatore,2018,45555,Diesel,Manual,First,26.0,98.0,HONDA,CITY I DTEC VX,10.42
Coimbatore,2016,55137,Petrol,Manual,First,14.0,35.0,MARUTI,OMNI 8 SEATER BSIV,3.81
Jaipur,2014,93325,Diesel,Manual,Second,17.0,138.0,SKODA,SUPERB 2009-2014 ELEGANCE 2.0 TDI MT,12.98
Ahmedabad,2018,38000,Diesel,Manual,First,24.0,88.0,MARUTI,ERTIGA SHVS VDI,10.26
Kochi,2016,57738,Diesel,Manual,First,24.0,70.0,HYUNDAI,GRAND I10 CRDI MAGNA,5.75
Jaipur,2017,38282,Diesel,Manual,First,28.0,88.0,MARUTI,CIAZ VDI PLUS SHVS,8.45
Delhi,2014,64000,Diesel,Automatic,First,19.0,170.0,MERCEDES-BENZ,NEW C-CLASS C 220 CDI AVANTGARDE,23.53
Mumbai,2015,32000,Diesel,Manual,First,20.0,91.0,FIAT,AVVENTURA MULTIJET EMOTION,6.28
Bangalore,2010,83000,Petrol,Automatic,First,10.0,204.0,MERCEDES-BENZ,E-CLASS 2009-2013 E 250 ELEGANCE,16.15
Ahmedabad,2011,76000,CNG,Manual,First,26.0,67.0,MARUTI,ZEN ESTILO LXI GREEN (CNG),2.59
Pune,2012,67200,Petrol,Manual,First,15.0,103.0,VOLKSWAGEN,VENTO PETROL HIGHLINE,3.83
Jaipur,2013,62655,Diesel,Automatic,First,18.0,184.0,BMW,3 SERIES 320D LUXURY LINE,20.14
Bangalore,2015,16900,Diesel,Automatic,First,14.0,258.0,BMW,5 SERIES 2013-2017 530D M SPORT,39.61
Delhi,2017,8471,Petrol,Manual,First,18.0,81.0,HYUNDAI,GRAND I10 1.2 KAPPA MAGNA,5.59
Hyderabad,2016,69000,Diesel,Automatic,First,11.0,171.0,TOYOTA,INNOVA CRYSTA 2.8 ZX AT,19.21
Coimbatore,2017,30090,Diesel,Automatic,First,19.0,108.0,RENAULT,DUSTER 110PS DIESEL RXZ AMT,11.79
Chennai,2011,120000,Diesel,Manual,First,18.0,75.0,TATA,INDICA VISTA AURA 1.3 QUADRAJET,1.8
Bangalore,2013,23000,Diesel,Manual,First,17.0,97.0,MARUTI,SWIFT VDI BSIV,6.45
Kochi,2016,35939,Petrol,Manual,First,12.0,185.0,MERCEDES-BENZ,E-CLASS 2009-2013 E 200 CGI AVANTGARDE,28.68
Coimbatore,2013,116694,Diesel,Manual,First,15.0,140.0,MAHINDRA,XUV500 W8 4WD,9.17
Mumbai,2016,40448,Diesel,Manual,First,15.0,62.0,MAHINDRA,BOLERO ZLX,7.21
Coimbatore,2018,64456,Diesel,Manual,First,24.0,88.0,MARUTI,VITARA BREZZA ZDI,10.57
Pune,2014,52782,Diesel,Manual,First,20.0,91.0,FIAT,AVVENTURA MULTIJET EMOTION,5.31
Kochi,2016,51672,Petrol,Manual,First,19.0,88.0,HONDA,AMAZE S PETROL,6.08
Mumbai,2015,56073,Petrol,Automatic,First,13.0,157.0,SKODA,SUPERB ELEGANCE 1.8 TSI AT,11.18
Bangalore,2011,65000,Diesel,Automatic,First,14.0,270.0,JAGUAR,XF 3.0 LITRE S PREMIUM LUXURY,23.55
Chennai,2013,79000,Petrol,Manual,First,18.0,67.0,MARUTI,WAGON R VXI BSIII,5.82
Kolkata,2007,43206,Petrol,Manual,First,17.0,97.0,HYUNDAI,SANTRO XING XL ERLX EURO III,1.63
Mumbai,2010,70200,Petrol,Automatic,First,14.0,138.0,TOYOTA,COROLLA ALTIS VL,5.73
Delhi,2016,42000,Petrol,Manual,First,16.0,85.0,MARUTI,SWIFT VXI BSIV,6.98
Bangalore,2014,62000,Petrol,Manual,First,16.0,74.0,VOLKSWAGEN,POLO 1.2 MPI HIGHLINE,4.34
Hyderabad,2017,20000,Petrol,Manual,First,18.0,81.0,HYUNDAI,GRAND I10 1.2 KAPPA ASTA,6.09
Chennai,2011,80000,Diesel,Manual,Third,21.0,88.0,MARUTI,SX4 ZDI,3.39
Kochi,2018,50234,Petrol,Manual,First,18.0,81.0,HYUNDAI,GRAND I10 1.2 KAPPA MAGNA,6.62
Delhi,2016,50003,Petrol,Manual,First,21.0,83.0,MARUTI,BALENO DELTA 1.2,5.33
Ahmedabad,2018,1000,Petrol,Automatic,First,20.0,84.0,TATA,TIGOR 1.2 REVOTRON XTA,7.11
Jaipur,2016,54897,Diesel,Automatic,First,26.0,74.0,MARUTI,SWIFT DZIRE AMT ZDI,5.47
Pune,2007,108995,Petrol,Manual,First,15.0,65.0,TATA,INDICA GLS BS IV,-0.13
Chennai,2015,73000,Diesel,Manual,First,22.0,118.0,MARUTI,SX4 S CROSS DDIS 320 ZETA,8.35
Ahmedabad,2008,65000,Petrol,Manual,First,16.0,88.0,MARUTI,SWIFT VXI BSIII,2.0
Kolkata,2016,32000,Petrol,Manual,First,19.0,82.0,HYUNDAI,XCENT 1.2 KAPPA SX,4.85
Ahmedabad,2010,65000,Petrol,Manual,First,18.0,80.0,HYUNDAI,I20 1.2 MAGNA,2.34
Hyderabad,2016,21600,Petrol,Automatic,First,23.0,67.0,MARUTI,CELERIO VXI AT,5.57
Mumbai,2010,39000,Diesel,Automatic,First,14.0,170.0,MERCEDES-BENZ,NEW C-CLASS C 220 CDI ELEGANCE AT,16.0
Mumbai,2011,58075,Petrol,Manual,First,17.0,85.0,MARUTI,SWIFT DZIRE VXI,3.01
Mumbai,2011,58000,Petrol,Manual,First,15.0,103.0,VOLKSWAGEN,VENTO PETROL TRENDLINE,3.83
Hyderabad,2015,58000,Diesel,Manual,First,25.0,74.0,MARUTI,SWIFT ZDI,6.67
Delhi,2008,89000,Petrol,Automatic,First,14.0,138.0,TOYOTA,COROLLA ALTIS VL,3.78
Delhi,2008,72000,Petrol,Manual,First,13.0,130.0,HONDA,CIVIC 2006-2010 1.8 V MT,2.06
Kolkata,2017,1800,Petrol,Automatic,First,16.0,110.0,FORD,ECOSPORT 1.5 TI VCT AT TITANIUM BE,10.19
Pune,2010,172050,Diesel,Manual,Second,19.0,93.0,FIAT,LINEA EMOTION PACK (DIESEL),2.61
Jaipur,2013,46230,Petrol,Manual,First,19.0,68.0,HYUNDAI,I10 ERA,4.96
Kochi,2014,86925,Diesel,Automatic,First,11.0,215.0,VOLVO,XC60 D5 INSCRIPTION,19.4
Jaipur,2018,5000,Petrol,Manual,First,18.0,81.0,HYUNDAI,I20 1.2 ASTA,8.46
Ahmedabad,2014,66000,Diesel,Manual,First,26.0,98.0,HONDA,CITY I DTEC S,5.7
Ahmedabad,2013,119000,Diesel,Manual,First,12.0,100.0,TOYOTA,INNOVA 2.5 VX (DIESEL) 8 SEATER BS IV,9.85
Chennai,2016,45000,Petrol,Manual,First,25.0,53.0,RENAULT,KWID RXT,2.93
Hyderabad,2009,66149,Petrol,Manual,First,19.0,66.0,MARUTI,A-STAR VXI,1.48
Kochi,2014,42070,Petrol,Automatic,First,14.0,120.0,MERCEDES-BENZ,B CLASS B180,12.99
Kolkata,2012,35503,Petrol,Manual,First,18.0,67.0,MARUTI,WAGON R LXI BS IV,2.12
Jaipur,2016,41460,Diesel,Manual,First,25.0,74.0,MARUTI,SWIFT VDI BSIV,6.06
Mumbai,2015,40600,Petrol,Automatic,First,17.0,121.0,HYUNDAI,VERNA VTVT 1.6 AT SX OPTION,9.75
Ahmedabad,2013,87000,Diesel,Automatic,First,22.0,126.0,HYUNDAI,VERNA CRDI 1.6 AT SX OPTION,7.21
Chennai,2014,30000,Petrol,Manual,Second,16.0,116.0,HONDA,CITY V MT,6.44
Kolkata,2010,27089,Petrol,Manual,First,16.0,66.0,HYUNDAI,I10 MAGNA OPTIONAL 1.1L,2.12
Coimbatore,2016,53702,Diesel,Manual,First,23.0,67.0,TOYOTA,ETIOS GD SP,7.11
Hyderabad,2015,51000,Diesel,Automatic,First,27.0,190.0,VOLVO,S60 D4 MOMENTUM,22.54
Kolkata,2012,36542,Diesel,Manual,First,20.0,68.0,FORD,FIGO DIESEL EXI,2.63
Mumbai,2017,15000,Diesel,Automatic,First,13.0,265.0,MERCEDES-BENZ,E-CLASS 2015-2017 E350 CDI AVANTGRADE,56.25
Chennai,2012,65000,Diesel,Automatic,First,22.0,190.0,BMW,3 SERIES 320D LUXURY LINE,19.06
Pune,2014,32000,Petrol,Manual,Second,22.0,47.0,MARUTI,ALTO 800 VXI,0.77
Hyderabad,2017,24393,Diesel,Manual,First,13.0,147.0,TOYOTA,INNOVA CRYSTA 2.4 VX MT,18.35
Hyderabad,2019,1000,Petrol,Manual,First,18.0,75.0,VOLKSWAGEN,POLO 1.0 MPI TRENDLINE,7.67
Mumbai,2014,28238,Petrol,Manual,First,13.0,102.0,NISSAN,TERRANO XL,6.11
Mumbai,2013,59000,Diesel,Manual,First,13.0,175.0,MITSUBISHI,PAJERO SPORT 4X4,14.22
Mumbai,2012,92000,Petrol,Manual,Second,14.0,130.0,HONDA,CIVIC 2010-2013 1.8 S MT,4.75
Kolkata,2013,56840,Petrol,Manual,First,22.0,47.0,MARUTI,ALTO 800 LXI,0.62
Coimbatore,2013,62746,Diesel,Manual,Second,20.0,103.0,VOLKSWAGEN,VENTO DIESEL HIGHLINE,5.46
Hyderabad,2012,96000,Diesel,Automatic,First,12.0,187.0,LAND,ROVER FREELANDER 2 HSE,22.55
Mumbai,2014,24000,Petrol,Manual,First,13.0,153.0,HONDA,CR-V 2.0L 2WD MT,10.48
Mumbai,2016,54000,Diesel,Manual,First,20.0,88.0,MARUTI,ERTIGA VDI,8.73
Chennai,2016,90000,Diesel,Manual,First,12.0,100.0,TOYOTA,INNOVA 2.5 GX (DIESEL) 7 SEATER,13.17
Kolkata,2010,40000,Petrol,Manual,First,15.0,90.0,TATA,MANZA AURA SAFIRE,1.01
Mumbai,2015,65938,Diesel,Automatic,Second,12.0,241.0,AUDI,Q7 35 TDI QUATTRO PREMIUM PLUS,36.7
Mumbai,2017,16100,Petrol,Automatic,First,17.0,121.0,HYUNDAI,VERNA 1.6 SX VTVT (O) AT,10.72
Hyderabad,2017,3600,Diesel,Automatic,First,21.0,108.0,VOLKSWAGEN,VENTO 1.5 HIGHLINE PLUS AT 16 ALLOY,11.08
Jaipur,2011,52000,Petrol,Manual,First,17.0,118.0,HONDA,CITY 1.5 S MT,4.12
Mumbai,2014,54000,Diesel,Manual,First,20.0,68.0,FORD,FIGO DIESEL TITANIUM,4.99
Mumbai,2016,15399,Petrol,Manual,First,18.0,88.0,HONDA,JAZZ 1.2 VX I VTEC,6.24
Bangalore,2012,75000,Petrol,Manual,Second,16.0,73.0,VOLKSWAGEN,POLO PETROL HIGHLINE 1.2L,3.33
Delhi,2010,76752,Petrol,Manual,First,17.0,117.0,HONDA,CITY I-VTEC S,3.09
Mumbai,2005,56000,Petrol,Manual,Second,17.0,78.0,HONDA,CITY ZX GXI,-0.78
Pune,2015,70000,CNG,Manual,First,26.0,58.0,MARUTI,WAGON R LXI CNG,4.66
Kolkata,2013,46125,Petrol,Automatic,Second,12.0,187.0,HONDA,CR-V 2.4L 4WD AT AVN,12.77
Ahmedabad,2014,35000,Diesel,Automatic,Second,18.0,190.0,BMW,5 SERIES 2013-2017 520D LUXURY LINE,30.52
Coimbatore,2012,62729,Diesel,Manual,First,12.0,120.0,MAHINDRA,SCORPIO VLX 2.2 MHAWK BSIII,6.67
Kolkata,2012,34000,Diesel,Manual,First,20.0,103.0,VOLKSWAGEN,VENTO DIESEL COMFORTLINE,4.18
Jaipur,1999,70000,Petrol,Manual,Second,17.0,60.0,MARUTI,ZEN VX,-4.14
Jaipur,2009,32000,Petrol,Manual,First,16.0,37.0,MARUTI,800 DX BSII,-3.2
Delhi,2017,21000,Petrol,Automatic,First,14.0,138.0,TOYOTA,COROLLA ALTIS 1.8 VL CVT,16.55
Pune,2013,49000,Petrol,Automatic,First,14.0,245.0,BMW,3 SERIES 328I SPORT LINE,28.65
Chennai,2007,40000,Petrol,Manual,Third,13.0,70.0,FORD,IKON 1.3 FLAIR,2.28
Pune,2012,78000,Petrol,Manual,Second,18.0,79.0,CHEVROLET,BEAT LT,2.26
Ahmedabad,2012,52000,Diesel,Manual,First,21.0,86.0,TOYOTA,COROLLA ALTIS 1.4 DG,6.32
Bangalore,2014,65213,Diesel,Manual,First,16.0,140.0,MAHINDRA,XUV500 W4,8.55
Mumbai,2016,170000,Diesel,Manual,First,24.0,71.0,HYUNDAI,XCENT 1.1 CRDI BASE,4.75
Kochi,2017,36884,Diesel,Automatic,First,13.0,204.0,MERCEDES-BENZ,E-CLASS 2015-2017 E250 CDI AVANTGARDE,35.07
Pune,2009,62500,Petrol,Manual,First,20.0,78.0,HYUNDAI,I10 SPORTZ,-0.21
Mumbai,2015,68000,Petrol,Automatic,Second,14.0,138.0,TOYOTA,COROLLA ALTIS VL AT,12.81
Kolkata,2014,40748,Petrol,Manual,First,14.0,138.0,TOYOTA,COROLLA 1.8 J,8.22
Hyderabad,2013,60000,Diesel,Automatic,First,17.0,184.0,AUDI,Q3 2.0 TDI QUATTRO,21.0
Mumbai,2014,12400,Diesel,Manual,First,21.0,88.0,HYUNDAI,I20 MAGNA OPTIONAL 1.4 CRDI,5.72
Mumbai,2013,87000,Diesel,Automatic,Second,19.0,167.0,MERCEDES-BENZ,NEW C-CLASS C 220D AVANTGARDE EDITION C,30.77
Pune,2013,20248,Diesel,Manual,First,21.0,73.0,MARUTI,RITZ VDI,4.84
Coimbatore,2017,52383,Diesel,Manual,First,19.0,126.0,HYUNDAI,CRETA 1.6 SX PLUS DIESEL,13.94
Delhi,2018,1000,Diesel,Automatic,First,13.0,177.0,JAGUAR,XE 2.0L DIESEL PRESTIGE,38.11
Chennai,2016,85000,Diesel,Manual,First,14.0,93.0,MAHINDRA,XYLO D4,6.6
Ahmedabad,2014,47000,Diesel,Manual,First,12.0,100.0,TOYOTA,INNOVA 2.5 G (DIESEL) 7 SEATER,9.83
Pune,2018,17585,Petrol,Automatic,First,19.0,157.0,TOYOTA,CAMRY 2.5 HYBRID,26.11
Coimbatore,2018,32496,Diesel,Automatic,First,13.0,241.0,AUDI,Q5 3.0 TDI QUATTRO,36.82
Kochi,2017,34613,Diesel,Manual,First,28.0,74.0,MARUTI,SWIFT VDI,7.32
Chennai,2015,153000,Diesel,Manual,First,20.0,88.0,MARUTI,ERTIGA VDI LIMITED EDITION,6.42
Chennai,2014,54000,Petrol,Manual,Second,16.0,85.0,MARUTI,SWIFT VXI BSIV,4.52
Kochi,2015,16900,Petrol,Manual,First,20.0,78.0,HYUNDAI,I10 SPORTZ,5.66
Delhi,2013,62334,Petrol,Manual,First,20.0,78.0,HYUNDAI,I10 SPORTZ,3.73
Kochi,2018,23714,Petrol,Manual,First,21.0,83.0,MARUTI,BALENO SIGMA 1.2,7.3
Jaipur,2010,52325,Petrol,Manual,First,16.0,93.0,HYUNDAI,ACCENT EXECUTIVE,1.87
Ahmedabad,2012,50000,Petrol,Manual,First,19.0,86.0,HONDA,BRIO S MT,2.1
Hyderabad,2016,55746,Diesel,Manual,First,22.0,74.0,MARUTI,SWIFT ZDI,8.13
Bangalore,2014,54000,Petrol,Manual,First,20.0,81.0,HYUNDAI,XCENT 1.2 VTVT S,4.99
Kolkata,2013,43000,Diesel,Manual,First,16.0,140.0,MAHINDRA,XUV500 W8 2WD,7.87
Delhi,2014,40000,Diesel,Automatic,First,13.0,201.0,MERCEDES-BENZ,E-CLASS E250 CDI AVANTGRADE,24.87
Bangalore,2010,125000,Diesel,Automatic,Second,0.0,115.0,LAND,ROVER FREELANDER 2 TD4 S,19.4
Bangalore,2016,51944,Diesel,Automatic,First,19.0,170.0,MERCEDES-BENZ,NEW C-CLASS C 220 CDI AVANTGARDE,25.49
Kochi,2015,46950,Diesel,Manual,First,21.0,88.0,HYUNDAI,I20 ASTA 1.4 CRDI,6.77
Mumbai,2015,23000,Diesel,Automatic,First,19.0,141.0,SKODA,OCTAVIA ELEGANCE 2.0 TDI AT,14.94
Mumbai,2014,54546,Petrol,Manual,First,17.0,118.0,HONDA,CITY 1.5 S MT,7.08
Kochi,2015,51535,Diesel,Automatic,First,12.0,168.0,TOYOTA,FORTUNER 4X2 AT,19.54
Kolkata,2013,45000,Diesel,Automatic,First,17.0,184.0,AUDI,Q3 2.0 TDI QUATTRO,20.99
Hyderabad,2012,46004,Petrol,Manual,First,20.0,67.0,MARUTI,ALTO K10 2010-2014 VXI,2.33
Chennai,2011,124000,Diesel,Manual,First,23.0,69.0,TATA,INDIGO ECS LX BSIV,1.54
Kochi,2014,77395,Diesel,Automatic,First,17.0,174.0,AUDI,A4 2.0 TDI 177 BHP PREMIUM PLUS,20.26
Mumbai,2018,10600,CNG,Manual,First,33.0,40.0,MARUTI,ALTO 800 2016-2019 CNG LXI,4.59
Kochi,2018,22974,Petrol,Automatic,First,18.0,117.0,HONDA,CITY I-VTEC CVT VX,12.32
Jaipur,2009,89000,Petrol,Manual,Second,0.0,97.0,HYUNDAI,SANTRO GLS I - EURO II,1.41
Ahmedabad,2015,65012,Diesel,Manual,First,14.0,174.0,TOYOTA,FORTUNER 2.8 2WD MT,24.47
Ahmedabad,2017,17125,Petrol,Manual,First,18.0,82.0,HYUNDAI,GRAND I10 SPORTZ,6.13
Hyderabad,2015,90413,Petrol,Manual,First,15.0,73.0,MARUTI,EECO 7 SEATER STANDARD,4.39
Bangalore,2013,37000,Petrol,Manual,First,16.0,73.0,VOLKSWAGEN,POLO PETROL HIGHLINE 1.2L,4.78
Jaipur,2006,65000,Petrol,Manual,First,18.0,67.0,MARUTI,WAGON R LXI MINOR,-0.91
Bangalore,2011,66000,Petrol,Manual,First,17.0,118.0,HONDA,CITY 1.5 V MT,4.42
Mumbai,2010,86000,Petrol,Manual,First,14.0,130.0,HONDA,CIVIC 2010-2013 1.8 S MT,3.27
Pune,2005,98437,Petrol,Manual,First,13.0,100.0,HONDA,CITY 1.5 EXI,1.99
Kolkata,2010,18000,Petrol,Manual,First,18.0,80.0,HYUNDAI,I20 1.2 MAGNA,2.29
Kochi,2018,35070,Diesel,Manual,First,24.0,70.0,HYUNDAI,GRAND I10 CRDI SPORTZ CELEBRATION EDITION,6.72
Pune,2011,42000,Petrol,Automatic,Third,14.0,103.0,VOLKSWAGEN,VENTO PETROL HIGHLINE AT,3.83
Kolkata,2009,40000,Petrol,Manual,First,20.0,78.0,HYUNDAI,I10 SPORTZ 1.2,0.87
Kolkata,2009,43000,Petrol,Manual,First,17.0,80.0,HYUNDAI,I20 ASTA,2.4
Pune,2012,65000,Petrol,Manual,First,18.0,79.0,CHEVROLET,BEAT LS,2.79
Hyderabad,2013,74000,Diesel,Manual,First,22.0,73.0,VOLKSWAGEN,POLO DIESEL HIGHLINE 1.2L,4.28
Hyderabad,2010,51192,Petrol,Manual,First,15.0,70.0,FORD,FIGO PETROL LXI,1.56
Kochi,2014,14262,Petrol,Automatic,First,9.0,207.0,AUDI,TT 2.0 TFSI,28.56
Jaipur,2015,66339,Diesel,Manual,Second,25.0,98.0,HONDA,CITY I DTEC VX,7.13
Hyderabad,2013,90200,Diesel,Manual,First,20.0,68.0,FORD,FIGO DIESEL TITANIUM,4.04
Delhi,2015,57854,Diesel,Manual,First,12.0,100.0,TOYOTA,INNOVA 2.5 ZX DIESEL 7 SEATER,13.33
Delhi,2017,32000,Petrol,Automatic,First,19.0,91.0,MARUTI,CIAZ 1.4 AT ALPHA,9.6
Mumbai,2015,29631,Petrol,Automatic,First,18.0,82.0,HYUNDAI,GRAND I10 AT ASTA,5.33
Delhi,2009,55005,Petrol,Manual,First,12.0,97.0,HONDA,CITY 1.3 DX,2.36
Kochi,2014,54173,Petrol,Manual,First,18.0,123.0,FORD,ECOSPORT 1.0 ECOBOOST TITANIUM PLUS BE,6.59
Ahmedabad,2014,50000,Petrol,Automatic,First,14.0,177.0,SKODA,OCTAVIA AMBITION 1.8 TSI AT,13.56
Kolkata,2010,145000,Diesel,Manual,First,20.0,91.0,FIAT,LINEA EMOTION (DIESEL),1.04
Jaipur,2015,78000,Petrol,Manual,First,16.0,88.0,MARUTI,SWIFT LXI BSIII,5.89
Delhi,2013,65000,Diesel,Automatic,Second,11.0,180.0,LAND,ROVER DISCOVERY 4 TDV6 SE,39.08
Hyderabad,2012,120000,Diesel,Manual,First,12.0,102.0,TOYOTA,INNOVA 2.5 V DIESEL 7-SEATER,10.35
Mumbai,2015,14000,Diesel,Manual,First,28.0,74.0,MARUTI,SWIFT LDI,4.95
Kochi,2014,57456,Diesel,Automatic,First,17.0,174.0,AUDI,A6 2011-2015 2.0 TDI PREMIUM PLUS,21.69
Coimbatore,2012,44450,Diesel,Automatic,First,22.0,190.0,BMW,5 SERIES 520D LUXURY LINE,21.89
Delhi,2013,63777,Petrol,Manual,First,18.0,82.0,HYUNDAI,I20 MAGNA OPTIONAL 1.2,3.72
Mumbai,2016,31000,Diesel,Automatic,First,17.0,190.0,BMW,X1 M SPORT SDRIVE 20D,29.08
Delhi,2012,60000,Petrol,Manual,First,17.0,88.0,TOYOTA,ETIOS G,3.08
Ahmedabad,2015,78008,Diesel,Manual,First,17.0,70.0,TATA,INDIGO LX,4.14
Bangalore,2014,33000,Diesel,Automatic,Second,0.0,165.0,MERCEDES-BENZ,M-CLASS ML 350 4MATIC,36.64
Mumbai,2009,27078,Petrol,Automatic,First,10.0,114.0,VOLKSWAGEN,BEETLE 2.0,10.88
Hyderabad,2011,57275,Diesel,Manual,First,19.0,103.0,VOLKSWAGEN,POLO GT TDI,4.4
Delhi,2014,45000,Diesel,Manual,First,24.0,70.0,HYUNDAI,GRAND I10 CRDI MAGNA,3.76
Delhi,2014,57319,Diesel,Manual,First,25.0,74.0,MARUTI,SWIFT VDI BSIV,4.11
Chennai,2008,121097,Diesel,Manual,Second,24.0,88.0,HYUNDAI,VERNA CRDI 1.4 E,0.97
Mumbai,2011,89000,Diesel,Automatic,First,16.0,218.0,BMW,5 SERIES 2003-2012 525D,18.65
Bangalore,2012,72000,Petrol,Manual,First,17.0,118.0,HONDA,CITY 1.5 S MT,5.12
Delhi,2013,36000,Diesel,Automatic,Second,16.0,147.0,AUDI,A4 2.0 TDI,16.06
Jaipur,2013,86000,Diesel,Manual,Second,19.0,75.0,FIAT,LINEA CLASSIC PLUS 1.3 MULTIJET,3.1
Ahmedabad,2002,85000,Petrol,Manual,First,13.0,90.0,HONDA,CITY 1.3 EXI,0.25
Pune,2005,120000,Petrol,Manual,Second,15.0,97.0,FIAT,PETRA 1.2 EL,-0.78
Kochi,2013,37613,Diesel,Automatic,First,22.0,190.0,BMW,3 SERIES 320D LUXURY LINE,20.02
Chennai,2007,100000,Petrol,Manual,First,16.0,68.0,FORD,FIESTA 1.4 DURATEC EXI,-3.35
Coimbatore,2016,5240,Petrol,Automatic,First,21.0,37.0,TATA,NANO XTA,2.73
Mumbai,2018,20000,CNG,Manual,First,15.0,73.0,MARUTI,EECO 5 STR WITH AC PLUS HTR CNG,6.23
Coimbatore,2019,16862,Petrol,Manual,First,20.0,81.0,MARUTI,IGNIS 1.2 DELTA,7.63
Coimbatore,2013,59254,Petrol,Manual,Second,17.0,85.0,MARUTI,SWIFT DZIRE ZXI,4.01
Jaipur,2014,60000,Diesel,Manual,First,22.0,89.0,FORD,ECOSPORT 1.5 DV5 MT TITANIUM,6.35
Hyderabad,2015,50295,Petrol,Manual,First,16.0,97.0,MARUTI,SWIFT 1.3 ZXI,6.75
Coimbatore,2014,47674,Petrol,Manual,First,19.0,85.0,MARUTI,SWIFT DZIRE VXI,5.64
Kochi,2014,61517,Petrol,Automatic,First,16.0,78.0,HYUNDAI,I10 SPORTZ AT,5.69
Coimbatore,2016,62946,Diesel,Manual,First,15.0,140.0,MAHINDRA,XUV500 W6 2WD,10.63
Delhi,2015,66823,Diesel,Manual,Second,22.0,88.0,HYUNDAI,I20 MAGNA 1.4 CRDI,5.36
Pune,2013,79494,CNG,Manual,First,33.0,67.0,MARUTI,WAGON R CNG LXI,2.46
Chennai,2012,107000,Diesel,Manual,Second,21.0,88.0,HYUNDAI,I20 ASTA 1.4 CRDI,3.37
Mumbai,2011,55000,Diesel,Automatic,Second,16.0,258.0,BMW,7 SERIES 730LD,35.45
Mumbai,2017,24000,Petrol,Automatic,First,14.0,103.0,SKODA,RAPID 1.6 MPI AT STYLE PLUS,9.21
Mumbai,2016,20002,Diesel,Automatic,First,14.0,245.0,AUDI,Q7 45 TDI QUATTRO TECHNOLOGY,59.48
Kochi,2016,54317,Petrol,Manual,First,17.0,117.0,HONDA,CITY I VTEC VX,8.59
Mumbai,2016,10200,Petrol,Manual,First,19.0,82.0,HYUNDAI,XCENT 1.2 KAPPA SX,4.82
Coimbatore,2016,24337,Diesel,Manual,First,26.0,98.0,HONDA,CITY I DTEC E,8.03
Pune,2012,79000,Petrol,Manual,First,18.0,86.0,HONDA,BRIO S OPTION MT,2.74
Jaipur,2015,40500,Diesel,Manual,First,28.0,88.0,MARUTI,CIAZ ZDI PLUS SHVS,6.92
Pune,2016,23000,Diesel,Manual,First,26.0,74.0,MARUTI,SWIFT DZIRE VDI OPTIONAL,6.27
Pune,2015,63050,Petrol,Automatic,First,11.0,158.0,HONDA,CR-V 2.4L 4WD AT,13.7
Mumbai,2008,78000,Petrol,Automatic,Second,14.0,138.0,TOYOTA,COROLLA ALTIS 2008-2013 1.8 VL AT,3.44
Pune,2005,70000,Petrol,Manual,First,0.0,97.0,MARUTI,BALENO VXI,1.17
Coimbatore,2012,66245,Petrol,Manual,First,17.0,118.0,HONDA,CITY 1.5 V MT,5.41
Bangalore,2007,74112,Diesel,Manual,First,12.0,120.0,MAHINDRA,SCORPIO LX BS IV,2.22
Delhi,2011,87670,Petrol,Manual,First,13.0,157.0,SKODA,LAURA 1.8 TSI AMBIENTE,5.21
Hyderabad,2015,10000,Diesel,Automatic,First,18.0,184.0,BMW,3 SERIES 320D SPORT LINE,22.28
Chennai,2007,62493,Petrol,Manual,First,15.0,104.0,MARUTI,SX4 ZXI BSIII,1.14
Kochi,2015,44620,Petrol,Manual,First,20.0,91.0,MARUTI,CIAZ VXI PLUS,6.32
Bangalore,2012,66538,Diesel,Automatic,First,10.0,308.0,LAND,ROVER RANGE ROVER 3.6 TDV8 VOGUE SE DIESEL,50.4
Ahmedabad,2013,60000,Diesel,Manual,First,12.0,100.0,TOYOTA,INNOVA 2.5 G (DIESEL) 7 SEATER BS IV,9.3
Kochi,2011,20842,Petrol,Manual,First,0.0,62.0,HYUNDAI,SANTRO XING GL,3.47
Chennai,2014,110000,Diesel,Automatic,First,13.0,194.0,HYUNDAI,SANTA FE 4WD AT,17.4
Mumbai,2011,45000,Petrol,Automatic,Second,11.0,186.0,MERCEDES-BENZ,NEW C-CLASS C250 AVANTGARDE,14.53
Mumbai,2014,40000,CNG,Manual,Second,26.0,58.0,MARUTI,WAGON R LXI CNG,3.14
Coimbatore,2012,49008,Petrol,Manual,First,19.0,46.0,MARUTI,ALTO LXI,4.63
Kolkata,2016,31000,Petrol,Manual,First,24.0,47.0,MARUTI,ALTO 800 2016-2019 LXI,3.07
Pune,2013,8000,Petrol,Manual,First,16.0,97.0,NISSAN,SUNNY 2011-2014 XV,4.25
Mumbai,2019,171,Petrol,Manual,First,24.0,47.0,MARUTI,ALTO 800 2016-2019 VXI,4.87
Kolkata,2018,2100,Petrol,Manual,First,24.0,67.0,MARUTI,ALTO K10 VXI,6.61
Coimbatore,2018,20667,Petrol,Automatic,First,18.0,81.0,HYUNDAI,GRAND I10 1.2 KAPPA SPORTZ AT,7.98
Kolkata,2015,50000,Diesel,Manual,First,24.0,98.0,HONDA,MOBILIO S I DTEC,6.11
Jaipur,2010,100030,Diesel,Manual,Second,18.0,90.0,TATA,MANZA AQUA QUADRAJET,1.61
Pune,2011,75372,Diesel,Manual,First,16.0,123.0,CHEVROLET,OPTRA MAGNUM 2.0 LT,4.97
Kochi,2016,60475,Petrol,Automatic,First,18.0,117.0,HONDA,CITY I VTEC CVT VX,9.9
Kochi,2019,18453,Petrol,Manual,First,18.0,81.0,HYUNDAI,GRAND I10 1.2 KAPPA SPORTZ,7.59
Hyderabad,2008,96578,Diesel,Manual,First,22.0,126.0,HYUNDAI,VERNA CRDI 1.6 SX,2.83
Kolkata,2016,31001,Petrol,Manual,First,18.0,75.0,NISSAN,MICRA XL,4.74
Jaipur,2012,65900,Diesel,Manual,First,22.0,126.0,HYUNDAI,VERNA 1.6 SX,5.19
Bangalore,2017,26246,Petrol,Manual,First,15.0,121.0,HYUNDAI,CRETA 1.6 VTVT E PLUS,11.26
Jaipur,2013,62700,Petrol,Manual,Second,20.0,67.0,MARUTI,WAGON R VXI BS IV,1.94
Chennai,2008,90000,Petrol,Automatic,First,10.0,180.0,HONDA,ACCORD 2.4 ELEGANCE A/T,7.28
Bangalore,2016,36000,Petrol,Automatic,First,16.0,118.0,HONDA,CITY 1.5 S AT,9.7
Delhi,2016,46000,Diesel,Manual,First,27.0,74.0,MARUTI,BALENO ALPHA 1.3,6.37
Coimbatore,2017,73003,Diesel,Manual,First,26.0,98.0,HONDA,CITY I DTEC V,8.62
Kochi,2014,46566,Diesel,Manual,First,22.0,88.0,HYUNDAI,I20 ERA 1.4 CRDI,5.12
Jaipur,2015,41493,Diesel,Automatic,First,13.0,265.0,MERCEDES-BENZ,E-CLASS 2015-2017 E350 EDITION E,39.09
Kochi,2014,103788,Diesel,Manual,First,19.0,108.0,NISSAN,TERRANO XV 110 PS,5.91
Bangalore,2016,45000,Diesel,Automatic,First,19.0,108.0,RENAULT,DUSTER 110PS DIESEL RXZ AMT,10.81
Pune,2009,120000,Petrol,Manual,First,18.0,67.0,MARUTI,WAGON R LXI MINOR,2.1
Jaipur,2009,97359,Diesel,Manual,Second,17.0,110.0,HYUNDAI,GETZ 1.5 CRDI GVS,2.53
Mumbai,2016,62000,Petrol,Manual,First,18.0,85.0,MARUTI,RITZ LXI,5.88
Pune,2004,115000,Petrol,Manual,Second,0.0,97.0,HONDA,CITY 1.5 GXI,-0.57
Kochi,2019,18373,Diesel,Automatic,First,22.0,187.0,BMW,5 SERIES 520D SPORT LINE,41.54
Hyderabad,2016,60453,Petrol,Manual,First,16.0,74.0,VOLKSWAGEN,POLO 1.2 MPI HIGHLINE,6.31
Pune,2013,37000,Diesel,Manual,First,17.0,97.0,MARUTI,SWIFT VDI BSIV,6.47
Mumbai,2010,69009,Petrol,Manual,Second,15.0,70.0,FORD,FIGO PETROL ZXI,1.25
Hyderabad,2013,30000,Diesel,Automatic,First,18.0,184.0,BMW,3 SERIES 320D LUXURY LINE,20.11
Delhi,2012,70707,Diesel,Manual,First,22.0,126.0,HYUNDAI,VERNA 1.6 SX CRDI (O),5.09
Coimbatore,2015,64677,Diesel,Manual,First,20.0,83.0,RENAULT,DUSTER 85PS DIESEL RXL,6.65
Bangalore,2018,3000,Petrol,Automatic,First,18.0,81.0,HYUNDAI,GRAND I10 1.2 KAPPA MAGNA AT,6.7
Bangalore,2013,49000,Diesel,Automatic,Second,17.0,184.0,BMW,X1 SDRIVE20D,15.1
Pune,2010,71000,Diesel,Manual,First,21.0,73.0,MARUTI,RITZ VDI,1.93
Jaipur,2010,52000,Petrol,Manual,Second,19.0,68.0,HYUNDAI,I10 ERA 1.1 ITECH SE,1.36
Kochi,2016,35659,Diesel,Automatic,First,15.0,258.0,BMW,X5 2014-2019 XDRIVE 30D DESIGN PURE EXPERIENCE 7 SEATER,45.66
Kochi,2019,5377,Petrol,Manual,First,16.0,116.0,HONDA,CITY V MT EXCLUSIVE,11.52
Delhi,2014,65000,Diesel,Automatic,First,11.0,184.0,MAHINDRA,SSANGYONG REXTON RX7,12.04
Coimbatore,2015,92708,Diesel,Manual,First,22.0,89.0,FORD,ECOSPORT 1.5 DV5 MT TITANIUM OPTIONAL,7.41
Coimbatore,2010,48105,Petrol,Manual,First,19.0,46.0,MARUTI,ALTO LXI,2.66
Mumbai,2011,46759,Petrol,Manual,First,16.0,74.0,VOLKSWAGEN,POLO 1.2 MPI HIGHLINE,1.37
Jaipur,2013,62000,Diesel,Manual,First,22.0,73.0,VOLKSWAGEN,POLO DIESEL COMFORTLINE 1.2L,4.29
Kolkata,2012,35175,Diesel,Manual,First,22.0,73.0,VOLKSWAGEN,POLO DIESEL HIGHLINE 1.2L,3.26
Kolkata,2013,70000,Diesel,Manual,First,20.0,88.0,MARUTI,ERTIGA ZDI,6.26
Kolkata,2017,30000,Diesel,Manual,First,22.0,98.0,FORD,ECOSPORT 1.5 TDCI AMBIENTE,7.68
Kolkata,2016,66618,Diesel,Automatic,First,11.0,171.0,TOYOTA,INNOVA CRYSTA 2.8 ZX AT,19.21
Mumbai,2010,69300,Petrol,Automatic,Second,10.0,150.0,BMW,5 SERIES 523I SEDAN,14.33
Kolkata,2017,148000,Diesel,Manual,First,23.0,74.0,MARUTI,SWIFT DZIRE TOUR LDI,5.89
Mumbai,2017,22000,Petrol,Manual,First,18.0,123.0,FORD,ECOSPORT 1.0 ECOBOOST PLATINUM EDITION,8.72
Ahmedabad,2013,75000,Diesel,Manual,First,16.0,110.0,HYUNDAI,VERNA CRDI SX,6.79
Mumbai,2016,43706,Petrol,Manual,First,17.0,88.0,TATA,ZEST REVOTRON 1.2T XM,5.05
Mumbai,2011,42000,Diesel,Automatic,First,14.0,241.0,AUDI,A7 2011-2015 3.0 TDI QUATTRO,28.83
Pune,2012,65000,Diesel,Manual,First,22.0,74.0,TATA,INDICA VISTA QUADRAJET VX,2.62
Delhi,2015,76128,Diesel,Manual,First,26.0,74.0,MARUTI,SWIFT DZIRE VDI,6.12
Kolkata,2010,39852,Petrol,Manual,First,16.0,90.0,FIAT,LINEA EMOTION,1.66
Mumbai,2017,18673,Petrol,Manual,First,18.0,81.0,HYUNDAI,I20 1.2 SPOTZ,6.79
Kolkata,2016,11583,Petrol,Manual,First,21.0,55.0,HYUNDAI,EON ERA PLUS,4.1
Chennai,2007,82000,Petrol,Manual,Second,0.0,97.0,HYUNDAI,SANTRO XING XL,1.51
Pune,2017,50000,Diesel,Automatic,First,17.0,136.0,MERCEDES-BENZ,GLA CLASS 200 CDI SPORT,23.38
Delhi,2014,77000,Petrol,Manual,First,23.0,67.0,MARUTI,CELERIO VXI,2.95
Mumbai,2014,54890,Petrol,Manual,Second,17.0,76.0,CHEVROLET,BEAT LT,4.1
Pune,2016,21000,Petrol,Automatic,First,19.0,88.0,HONDA,JAZZ 1.2 V AT I VTEC PRIVILEGE,6.42
Mumbai,2009,58557,Diesel,Automatic,Third,16.0,181.0,BMW,3 SERIES 320D HIGHLINE,12.21
Bangalore,2014,70000,Diesel,Manual,First,19.0,108.0,RENAULT,DUSTER 110PS DIESEL RXL,7.12
Mumbai,2017,16000,Petrol,Automatic,First,17.0,110.0,FORD,FIGO 2015-2019 1.5P TITANIUM AT,7.79
Kochi,2018,8899,Diesel,Manual,First,13.0,147.0,TOYOTA,INNOVA CRYSTA 2.4 VX MT,19.32
Kochi,2016,83629,Diesel,Manual,First,25.0,56.0,CHEVROLET,BEAT DIESEL LS,4.82
Chennai,2014,35059,Petrol,Automatic,First,17.0,189.0,VOLKSWAGEN,POLO GTI,6.88
Kochi,2018,30552,Diesel,Automatic,First,10.0,197.0,FORD,ENDEAVOUR 3.2 TREND AT 4X4,29.38
Kochi,2016,44875,Diesel,Automatic,Second,22.0,126.0,HYUNDAI,VERNA 1.6 SX CRDI (O) AT,7.63
Coimbatore,2017,25095,Petrol,Manual,First,18.0,86.0,FORD,FIGO 2015-2019 1.2P TITANIUM OPT MT,6.78
Jaipur,2007,59000,Petrol,Manual,First,16.0,37.0,MARUTI,800 AC,-1.06
Kolkata,2014,36000,Diesel,Manual,First,26.0,98.0,HONDA,CITY I DTEC V,5.62
Mumbai,2012,37000,Diesel,Manual,First,16.0,140.0,MAHINDRA,XUV500 W8 2WD,6.87
Chennai,2010,90000,Diesel,Manual,First,20.0,68.0,FORD,FIGO DIESEL ZXI,1.16
Pune,2018,17000,Petrol,Manual,First,17.0,121.0,FORD,ECOSPORT 1.5 PETROL TITANIUM,10.12
Mumbai,2015,42575,Petrol,Manual,First,18.0,81.0,HYUNDAI,I20 ASTA 1.2,5.79
Hyderabad,2012,131000,Diesel,Manual,First,12.0,100.0,TOYOTA,INNOVA 2.5 G (DIESEL) 7 SEATER BS IV,8.38
Mumbai,2013,74000,Diesel,Manual,First,20.0,83.0,RENAULT,DUSTER 85PS DIESEL RXL OPTIONAL,5.37
Mumbai,2013,47234,Diesel,Manual,First,12.0,100.0,TOYOTA,INNOVA 2.5 VX (DIESEL) 8 SEATER,9.86
Delhi,2009,231673,Petrol,Manual,First,17.0,118.0,HONDA,CITY 1.5 S MT,2.31
Hyderabad,2016,10000,Petrol,Manual,First,24.0,67.0,MARUTI,ALTO K10 VXI,4.65
Kochi,2016,49389,Petrol,Manual,First,19.0,67.0,NISSAN,MICRA ACTIVE XL PETROL,4.31
Chennai,2016,12000,Petrol,Automatic,Second,23.0,67.0,MARUTI,CELERIO VXI AT,5.06
Hyderabad,2010,65000,Petrol,Manual,Second,11.0,178.0,MERCEDES-BENZ,NEW C-CLASS 200 KOMPRESSOR,11.9
Chennai,2013,177000,Diesel,Manual,First,23.0,88.0,FORD,FIESTA DIESEL STYLE,4.24
Jaipur,2015,89000,Petrol,Manual,First,17.0,121.0,HYUNDAI,VERNA 1.6 VTVT S,8.1
Chennai,2009,72000,Petrol,Automatic,Third,15.0,100.0,HYUNDAI,I20 1.4 ASTA (AT),2.96
Chennai,2012,49000,Petrol,Manual,First,17.0,85.0,MARUTI,SWIFT DZIRE VXI,3.98
Hyderabad,2014,51355,Diesel,Automatic,First,14.0,170.0,MERCEDES-BENZ,NEW C-CLASS C 220CDIBE AVANTGARDE COMMAND,26.18
Kochi,2017,13460,Petrol,Manual,First,18.0,81.0,HYUNDAI,ELITE I20 PETROL ASTA,7.74
Kochi,2014,35642,Petrol,Automatic,First,17.0,121.0,HYUNDAI,VERNA 1.6 VTVT EX AT,7.55
Kochi,2014,52895,Diesel,Manual,First,17.0,163.0,CHEVROLET,CRUZE LTZ,7.45
Mumbai,2010,93000,Petrol,Manual,First,14.0,138.0,TOYOTA,COROLLA ALTIS 1.8 G,5.85
Pune,2011,70000,Petrol,Manual,First,19.0,66.0,MARUTI,A-STAR VXI,3.46
Kolkata,2012,32048,Diesel,Manual,First,23.0,63.0,NISSAN,MICRA DIESEL XV PREMIUM,2.23
Pune,2013,4700,Petrol,Manual,First,25.0,37.0,TATA,NANO LX,1.2
Delhi,2014,71800,Diesel,Manual,First,23.0,74.0,MARUTI,SWIFT DZIRE TOUR LDI,2.86
Coimbatore,2008,69078,Petrol,Manual,First,0.0,97.0,LAND,ROVER RANGE ROVER SPORT 2005 2012 SPORT,35.17
Ahmedabad,2016,45000,Diesel,Automatic,First,17.0,184.0,AUDI,Q3 2.0 TDI QUATTRO,23.95
Chennai,2016,15388,Diesel,Manual,First,25.0,98.0,HONDA,AMAZE VX I-DTEC,6.4
Mumbai,2004,98798,Petrol,Manual,First,14.0,104.0,CHEVROLET,OPTRA 1.6 LS,-0.34
Hyderabad,2016,43000,Diesel,Automatic,First,14.0,174.0,AUDI,Q5 2.0 TDI PREMIUM PLUS,30.38
Hyderabad,2012,85112,Diesel,Manual,First,23.0,73.0,MARUTI,RITZ VDI,3.6
Kochi,2018,37804,Diesel,Manual,First,15.0,120.0,MAHINDRA,SCORPIO S6 7 SEATER,12.27
Chennai,2014,45000,Diesel,Manual,First,28.0,88.0,MARUTI,CIAZ ZDI SHVS,6.33
Pune,2011,116000,Diesel,Manual,Second,21.0,138.0,TOYOTA,COROLLA ALTIS AERO D 4D J,7.17
Chennai,2015,100073,Diesel,Manual,Second,25.0,69.0,TATA,INDICA V2 ELS,1.07
Jaipur,2006,165000,Petrol,Manual,First,16.0,37.0,MARUTI,800 STD BSIII,1.62
Kolkata,2015,22000,Petrol,Manual,First,16.0,74.0,VOLKSWAGEN,POLO 1.2 MPI HIGHLINE,5.29
Delhi,2017,9500,Petrol,Automatic,First,14.0,149.0,HYUNDAI,ELANTRA 2.0 SX OPTION AT,14.32
Hyderabad,2012,152000,Diesel,Automatic,First,11.0,169.0,TOYOTA,FORTUNER 4X2 4 SPEED AT,15.8
Coimbatore,2019,17705,Petrol,Manual,First,21.0,83.0,MARUTI,BALENO ZETA 1.2,8.76
Mumbai,2016,12000,Petrol,Manual,First,21.0,83.0,MARUTI,BALENO ZETA 1.2,5.8
Hyderabad,2013,51000,Diesel,Automatic,First,23.0,112.0,MINI,COOPER COUNTRYMAN D,21.37
Chennai,2009,42000,Diesel,Automatic,Second,13.0,210.0,MERCEDES-BENZ,S CLASS 2005 2013 320 CDI,22.5
Delhi,2015,51000,Petrol,Manual,First,20.0,67.0,MARUTI,ALTO K10 LXI,4.16
Kochi,2017,42527,Petrol,Manual,First,20.0,81.0,MARUTI,SWIFT VXI OPTIONAL,6.22
Kolkata,2014,45000,Diesel,Manual,First,22.0,74.0,CHEVROLET,SAIL LT ABS,3.37
Kolkata,2011,70000,Diesel,Manual,First,12.0,102.0,TOYOTA,INNOVA 2.5 G (DIESEL) 8 SEATER BS IV,8.86
Mumbai,2009,92000,Diesel,Manual,First,11.0,171.0,TOYOTA,FORTUNER 3.0 DIESEL,10.74
Hyderabad,2012,57156,Diesel,Automatic,Second,18.0,184.0,BMW,3 SERIES 320D SPORT LINE,18.87
Coimbatore,2016,53211,Petrol,Manual,First,16.0,138.0,SKODA,OCTAVIA AMBITION 1.4 TSI MT,11.5
Kolkata,2019,80000,Diesel,Manual,First,11.0,171.0,TOYOTA,FORTUNER 3.0 DIESEL,20.59
Bangalore,2009,74000,Diesel,Automatic,First,15.0,105.0,VOLKSWAGEN,JETTA 2007-2011 1.9 HIGHLINE TDI,4.95
Kolkata,2011,37000,Diesel,Manual,First,23.0,90.0,HYUNDAI,I20 1.4 CRDI ASTA,4.19
Mumbai,2013,64000,Diesel,Manual,Second,21.0,88.0,TATA,MANZA CLUB CLASS QUADRAJET90 LX,3.13
Pune,2013,57197,Petrol,Manual,First,15.0,103.0,VOLKSWAGEN,VENTO PETROL HIGHLINE,4.81
Chennai,2016,55000,Diesel,Automatic,First,17.0,126.0,HYUNDAI,CRETA 1.6 SX AUTOMATIC DIESEL,12.97
Mumbai,2014,33000,Petrol,Manual,First,21.0,85.0,MARUTI,RITZ VXI,4.85
Delhi,2008,70000,Petrol,Manual,First,13.0,141.0,HONDA,CR-V 2.0L 2WD MT,3.52
Delhi,2012,75000,Diesel,Manual,Second,15.0,140.0,MAHINDRA,XUV500 W8 2WD,6.57
Jaipur,2016,58095,Diesel,Manual,First,21.0,108.0,VOLKSWAGEN,AMEO 1.5 TDI COMFORTLINE,7.19
Kolkata,2015,7445,Petrol,Manual,First,17.0,88.0,TATA,ZEST REVOTRON 1.2 XT,5.03
Kochi,2016,17652,Diesel,Automatic,First,12.0,270.0,JAGUAR,XJ 3.0L PORTFOLIO LWB,51.7
Kochi,2018,28321,Petrol,Automatic,First,14.0,138.0,TOYOTA,COROLLA ALTIS 1.8 VL CVT,17.55
Pune,2011,69000,Petrol,Manual,Second,19.0,66.0,MARUTI,A-STAR VXI,2.95
Mumbai,2007,80000,Petrol,Automatic,First,11.0,142.0,HONDA,ACCORD VTI-L (AT),3.35
Delhi,2014,42365,Petrol,Manual,First,17.0,80.0,HYUNDAI,I20 ASTA (O),4.27
Delhi,2013,123000,Diesel,Automatic,First,12.0,168.0,TOYOTA,FORTUNER 4X2 AT,17.64
Mumbai,2011,40000,Petrol,Automatic,Second,11.0,186.0,MERCEDES-BENZ,NEW C-CLASS C 200 CGI AVANTGARDE,19.11
Hyderabad,2016,30112,Diesel,Manual,First,27.0,74.0,MARUTI,BALENO ALPHA 1.3,6.36
Kochi,2017,43775,Diesel,Manual,First,20.0,88.0,MARUTI,ERTIGA VDI,9.7
Kochi,2019,26013,Diesel,Automatic,First,12.0,255.0,LAND,ROVER RANGE ROVER SPORT SE,75.9
Mumbai,2012,56000,Petrol,Manual,First,12.0,102.0,CHEVROLET,OPTRA MAGNUM 1.6 LT ABS BS3,3.23
Hyderabad,2008,95000,Petrol,Automatic,Second,12.0,130.0,HONDA,CIVIC 2006-2010 1.8 V AT,1.86
Coimbatore,2014,41089,Diesel,Automatic,First,16.0,184.0,BMW,X3 XDRIVE20D,28.69
Mumbai,2011,41988,Diesel,Automatic,First,20.0,138.0,SKODA,LAURA AMBITION 2.0 TDI CR AT,7.33
Delhi,2013,72486,Diesel,Manual,First,23.0,74.0,MARUTI,SWIFT DZIRE VDI,4.62
Pune,2013,92000,Diesel,Automatic,First,23.0,150.0,VOLVO,V40 CROSS COUNTRY D3,16.65
Delhi,2013,40000,Petrol,Manual,First,17.0,85.0,MARUTI,SWIFT DZIRE ZXI,4.49
Bangalore,2014,56000,Diesel,Automatic,First,12.0,187.0,LAND,ROVER RANGE ROVER 2.2L PURE,33.13
Mumbai,2008,125000,Petrol,Automatic,Third,11.0,177.0,HONDA,ACCORD 2.4 AT,4.09
Kochi,2017,29219,Diesel,Manual,First,12.0,100.0,TOYOTA,INNOVA 2.5 G (DIESEL) 8 SEATER,14.34
Hyderabad,2018,39927,Diesel,Manual,First,12.0,168.0,TOYOTA,FORTUNER 4X4 MT,24.54
Kochi,2018,38593,Petrol,Manual,First,18.0,88.0,HONDA,JAZZ 1.2 E I VTEC,6.97
Kolkata,2015,32000,Petrol,Manual,First,17.0,118.0,HONDA,CITY 1.5 V MT,8.33
Hyderabad,2017,28226,Diesel,Automatic,First,28.0,73.0,MARUTI,DZIRE AMT ZDI PLUS,8.63
Pune,2014,95000,Diesel,Manual,First,21.0,84.0,NISSAN,SUNNY 2011-2014 DIESEL XL,5.46
Chennai,2014,194000,Diesel,Manual,First,12.0,100.0,TOYOTA,INNOVA 2.5 G (DIESEL) 8 SEATER,11.53
Coimbatore,2016,14821,Petrol,Manual,First,19.0,86.0,HONDA,BRIO S MT,6.01
Bangalore,2012,52000,Petrol,Manual,First,15.0,103.0,VOLKSWAGEN,VENTO PETROL TRENDLINE,4.81
Mumbai,2016,33000,Diesel,Manual,First,16.0,140.0,MAHINDRA,XUV500 W4,10.49
Chennai,2016,29200,Diesel,Manual,First,23.0,98.0,FORD,ECOSPORT 1.5 DIESEL TITANIUM PLUS,7.8
Hyderabad,2012,99754,Diesel,Manual,First,17.0,108.0,SKODA,YETI AMBITION 4X2,6.7
Chennai,2012,49000,Petrol,Manual,First,20.0,78.0,HYUNDAI,I10 SPORTZ,2.73
Hyderabad,2005,299322,Diesel,Manual,First,12.0,102.0,TOYOTA,INNOVA 2.5 G (DIESEL) 8 SEATER BS IV,3.16
Coimbatore,2018,38310,Diesel,Manual,First,20.0,88.0,TATA,ZEST QUADRAJET 1.3 XT,7.43
Delhi,2014,56000,Diesel,Manual,First,22.0,74.0,MARUTI,SWIFT VDI,5.33
Kolkata,2017,31300,Diesel,Automatic,First,21.0,108.0,SKODA,RAPID 1.5 TDI AT STYLE,10.8
Coimbatore,2019,11241,Diesel,Manual,First,13.0,147.0,TOYOTA,INNOVA CRYSTA 2.4 VX MT 8S,20.99
Pune,2014,48000,Petrol,Manual,Second,17.0,121.0,HYUNDAI,VERNA 1.6 SX VTVT,5.98
Coimbatore,2019,23882,Petrol,Manual,First,17.0,117.0,HONDA,CITY I VTEC VX OPTION,11.73
Hyderabad,2014,65000,Diesel,Manual,First,26.0,98.0,HONDA,CITY I DTEC SV,5.69
Jaipur,2011,50000,Diesel,Manual,First,20.0,103.0,VOLKSWAGEN,VENTO DIESEL HIGHLINE,3.98
Chennai,2014,25000,Diesel,Automatic,First,12.0,236.0,AUDI,Q5 2008-2012 3.0 TDI,39.11
Chennai,2015,21000,Petrol,Manual,First,22.0,47.0,MARUTI,ALTO 800 LXI,2.56
Pune,2012,148000,Diesel,Manual,Second,21.0,88.0,TATA,MANZA ELAN QUADRAJET BS IV,2.94
Delhi,2016,68000,Petrol,Manual,First,15.0,121.0,HYUNDAI,CRETA 1.6 SX PLUS DUAL TONE PETROL,10.96
Bangalore,2014,52000,Diesel,Automatic,First,12.0,224.0,MERCEDES-BENZ,GL-CLASS 2007 2012 350 CDI LUXURY,37.89
Jaipur,2016,19000,Diesel,Manual,First,16.0,105.0,MAHINDRA,THAR CRDE,8.98
Mumbai,2011,74000,Diesel,Manual,Second,22.0,126.0,HYUNDAI,VERNA 1.6 CRDI,3.65
Coimbatore,2017,30279,Diesel,Manual,First,26.0,99.0,FORD,ASPIRE TITANIUM DIESEL,7.38
Mumbai,2016,20000,Diesel,Automatic,First,20.0,113.0,MINI,COOPER 3 DOOR D,24.43
Hyderabad,2013,34834,Petrol,Manual,First,14.0,35.0,MARUTI,OMNI 8 SEATER BSIV,0.83
Pune,2015,90000,Diesel,Manual,Second,21.0,65.0,MAHINDRA,VERITO 1.5 D4 BSIV,4.37
Coimbatore,2016,38730,Diesel,Automatic,First,14.0,203.0,MERCEDES-BENZ,E-CLASS 2009-2013 E250 CDI ELEGANCE,27.64
Kochi,2016,57390,Diesel,Manual,First,19.0,108.0,RENAULT,DUSTER 110PS DIESEL RXZ,8.79
Kolkata,2016,100000,Diesel,Manual,First,23.0,74.0,MARUTI,SWIFT DZIRE TOUR LDI,4.86
Kolkata,2011,50000,Petrol,Manual,First,16.0,73.0,VOLKSWAGEN,POLO PETROL HIGHLINE 1.2L,2.82
Coimbatore,2017,64961,Diesel,Manual,First,16.0,140.0,MAHINDRA,XUV500 W10 2WD,14.27
Coimbatore,2014,72465,Petrol,Manual,First,16.0,74.0,VOLKSWAGEN,POLO 1.2 MPI HIGHLINE,4.35
Hyderabad,2012,68776,Petrol,Manual,First,21.0,85.0,MARUTI,RITZ VXI,2.91
Pune,2005,150000,Petrol,Manual,First,14.0,97.0,CHEVROLET,OPTRA 1.6 ELITE,-0.17
Delhi,2012,68000,Diesel,Manual,First,12.0,102.0,TOYOTA,INNOVA 2.5 GX 7 STR BSIV,7.76
Delhi,2015,33000,Diesel,Manual,First,26.0,98.0,HONDA,CITY I DTEC SV,6.65
Coimbatore,2017,22389,Petrol,Manual,First,17.0,73.0,VOLKSWAGEN,AMEO 1.2 MPI HIGHLINE,6.58
Mumbai,2012,90000,Diesel,Manual,First,21.0,88.0,MARUTI,SX4 ZDI LEATHER,5.69
Chennai,2012,42000,Petrol,Manual,Third,18.0,85.0,MARUTI,SWIFT ZXI,3.99
Pune,2017,38767,Diesel,Manual,First,19.0,126.0,HYUNDAI,CRETA 1.6 CRDI SX,12.94
Bangalore,2015,21000,Diesel,Automatic,First,12.0,241.0,AUDI,Q7 35 TDI QUATTRO TECHNOLOGY,48.2
Coimbatore,2010,59136,Petrol,Manual,First,19.0,46.0,MARUTI,ALTO LXI BSIII,1.57
Kolkata,2014,36000,Diesel,Manual,First,25.0,98.0,HONDA,AMAZE SX I-DTEC,3.55
Chennai,2011,95000,Diesel,Automatic,Second,18.0,167.0,VOLKSWAGEN,PASSAT DIESEL HIGHLINE 2.0 TDI,7.25
Mumbai,2013,51000,Diesel,Automatic,First,19.0,126.0,HYUNDAI,ELANTRA CRDI SX AT,9.62
Kochi,2011,36411,Petrol,Manual,First,18.0,67.0,MARUTI,WAGON R VXI BS IV,0.76
Mumbai,2017,40000,Diesel,Automatic,First,12.0,148.0,LAND,ROVER DISCOVERY SPORT TD4 HSE 7S,48.77
Pune,2016,27300,Petrol,Manual,First,17.0,117.0,HONDA,CITY I VTEC SV,7.46
Kochi,2011,29813,Petrol,Automatic,Second,14.0,181.0,MERCEDES-BENZ,NEW C-CLASS C 200 AVANTGARDE EDITION C,12.59
Pune,2011,71000,Petrol,Manual,First,20.0,67.0,MARUTI,WAGON R LX BS IV,0.9
Kolkata,2014,32000,Diesel,Manual,First,22.0,126.0,HYUNDAI,VERNA 1.6 CRDI,7.07
Mumbai,2017,19234,CNG,Manual,First,17.0,80.0,MARUTI,ERTIGA VXI CNG,8.94
Jaipur,2017,50510,Diesel,Automatic,First,17.0,141.0,VOLKSWAGEN,TIGUAN 2.0 TDI HIGHLINE,20.75
Pune,2011,102000,Diesel,Automatic,First,15.0,177.0,BMW,X1 SDRIVE 20D EXCLUSIVE,13.38
Kolkata,2014,42277,Diesel,Manual,First,24.0,73.0,HYUNDAI,GRAND I10 1.2 CRDI SPORTZ OPTION,3.62
Mumbai,2014,46000,Diesel,Automatic,First,13.0,201.0,MERCEDES-BENZ,E-CLASS E250 CDI AVANTGRADE,24.88
Chennai,2012,35000,Diesel,Manual,First,13.0,97.0,MAHINDRA,BOLERO ZLX,6.76
Bangalore,2015,50000,Petrol,Manual,First,18.0,82.0,HYUNDAI,GRAND I10 ASTA OPTION,5.28
Mumbai,2008,62000,Petrol,Manual,Second,20.0,78.0,HYUNDAI,I10 MAGNA 1.2,-1.16
Mumbai,2012,78000,Diesel,Manual,First,19.0,138.0,VOLKSWAGEN,JETTA 2012-2014 2.0L TDI COMFORTLINE,7.26
Chennai,2011,79000,Diesel,Manual,First,17.0,138.0,SKODA,YETI ELEGANCE,7.85
Kochi,2019,6773,Diesel,Automatic,First,14.0,245.0,AUDI,Q7 45 TDI QUATTRO PREMIUM PLUS,58.72
Chennai,2010,135000,Diesel,Manual,Second,11.0,171.0,TOYOTA,FORTUNER 3.0 DIESEL,11.26
Kochi,2013,36716,Petrol,Manual,First,18.0,67.0,MARUTI,WAGON R VXI MINOR ABS,3.08
Coimbatore,2013,65060,Petrol,Manual,First,21.0,55.0,HYUNDAI,EON ERA,1.46
Delhi,2013,33000,Petrol,Manual,First,19.0,86.0,HONDA,BRIO S MT,3.07
Kolkata,2015,11110,Petrol,Manual,First,22.0,47.0,MARUTI,ALTO 800 VXI,2.24
Jaipur,2013,63000,Diesel,Manual,First,15.0,62.0,MAHINDRA,BOLERO ZLX,4.27
Mumbai,2015,27030,Petrol,Manual,First,17.0,117.0,HONDA,CITY I VTEC SV,6.47
Mumbai,2015,19600,Petrol,Manual,First,15.0,103.0,SKODA,RAPID 1.6 MPI ELEGANCE BLACK PACKAGE,6.59
Pune,2016,27755,Petrol,Manual,First,22.0,81.0,MARUTI,SWIFT VVT VXI,5.96
Hyderabad,2013,20000,Petrol,Manual,Second,21.0,55.0,HYUNDAI,EON MAGNA PLUS,0.54
Kochi,2015,24782,Petrol,Manual,First,20.0,83.0,MARUTI,SWIFT DZIRE ZXI,5.79
Coimbatore,2014,47303,Petrol,Automatic,First,19.0,76.0,NISSAN,MICRA XV CVT,4.36
Delhi,2008,71000,Petrol,Automatic,First,8.0,250.0,AUDI,Q7 4.2 FSI QUATTRO,17.4
Pune,2010,135000,Diesel,Manual,First,17.0,75.0,MARUTI,SWIFT VDI BSIII,3.6
Jaipur,2017,1000,Diesel,Manual,First,13.0,138.0,TATA,XENON XT EX 4X2,8.7
Kolkata,2016,29000,Diesel,Manual,First,20.0,88.0,VOLKSWAGEN,POLO 1.5 TDI COMFORTLINE,5.81
Kochi,2016,36367,Petrol,Manual,First,17.0,117.0,HONDA,CITY I VTEC SV,7.47
Bangalore,2015,38000,Petrol,Manual,First,17.0,117.0,HONDA,CITY I VTEC V,7.18
Hyderabad,2011,83969,Petrol,Manual,First,16.0,37.0,MARUTI,800 AC BSIII,-1.17
Jaipur,2014,82621,Diesel,Manual,First,20.0,88.0,VOLKSWAGEN,POLO 1.5 TDI TRENDLINE,4.19
Pune,2009,89000,Diesel,Automatic,First,12.0,147.0,CHEVROLET,CAPTIVA LTZ VCDI,5.81
Kolkata,2016,54000,Diesel,Manual,First,16.0,140.0,MAHINDRA,XUV500 W10 2WD,13.27
Kochi,2015,61691,Diesel,Manual,First,25.0,98.0,HONDA,AMAZE VX I-DTEC,5.45
Chennai,2011,32200,Petrol,Manual,Second,17.0,80.0,HYUNDAI,I20 1.2 SPORTZ OPTION,1.93
Jaipur,2016,68630,Petrol,Automatic,First,20.0,67.0,MARUTI,WAGON R AMT VXI,4.32
Mumbai,2014,61000,Diesel,Automatic,Second,16.0,138.0,VOLKSWAGEN,JETTA 2013-2015 2.0L TDI HIGHLINE AT,9.73
Mumbai,2018,32644,Petrol,Manual,First,20.0,91.0,MARUTI,CIAZ 1.4 ZETA,9.71
Delhi,2012,85000,Diesel,Automatic,First,11.0,120.0,MAHINDRA,SCORPIO 2009-2014 VLX 4WD AT 7S BSIV,6.88
Mumbai,2008,75000,Petrol,Manual,Second,15.0,74.0,CHEVROLET,AVEO U-VA 1.2 LS,1.04
Kochi,2016,40347,Petrol,Manual,First,20.0,91.0,MARUTI,CIAZ ZXI OPTION,7.59
Hyderabad,2012,60788,Diesel,Manual,First,23.0,90.0,HYUNDAI,I20 1.4 CRDI ASTA,5.2
Kochi,2018,18664,Petrol,Manual,First,18.0,88.0,HONDA,JAZZ 1.2 SV I VTEC,7.82
Coimbatore,2017,57847,Diesel,Manual,First,16.0,140.0,MAHINDRA,XUV500 W10 2WD,14.26
Bangalore,2012,52237,Petrol,Manual,First,17.0,80.0,HYUNDAI,I20 1.2 SPORTZ,3.85
Chennai,2012,128000,Diesel,Manual,First,22.0,126.0,HYUNDAI,VERNA 1.6 SX,5.25
Delhi,2011,54000,Petrol,Manual,First,19.0,68.0,HYUNDAI,I10 ERA 1.1,2.57
Bangalore,2014,49800,Petrol,Automatic,First,23.0,67.0,MARUTI,CELERIO VXI AT,3.63
Kolkata,2012,98000,Diesel,Manual,First,20.0,73.0,SKODA,FABIA 1.2 TDI AMBITION,2.66
Delhi,2015,60095,Diesel,Manual,First,25.0,74.0,MARUTI,SWIFT VDI BSIV,5.09
Pune,2008,68000,Petrol,Manual,Second,16.0,66.0,HYUNDAI,I10 MAGNA(O) WITH SUN ROOF,-0.07
Jaipur,2010,81402,Petrol,Manual,Second,20.0,78.0,HYUNDAI,I10 MAGNA 1.2,0.83
Mumbai,2013,38000,Petrol,Automatic,First,16.0,110.0,FORD,ECOSPORT 1.5 TI VCT AT TITANIUM,4.89
Kochi,2011,92239,Diesel,Automatic,Second,11.0,210.0,MERCEDES-BENZ,E-CLASS 2009-2013 E350 CDI AVANTGARDE,16.56
Ahmedabad,2017,49224,Diesel,Manual,First,25.0,74.0,MARUTI,SWIFT VDI BSIV,7.06
Jaipur,2004,12000,Petrol,Manual,Second,16.0,37.0,MARUTI,800 STD BSIII,-1.0
Pune,2010,54898,Petrol,Manual,Third,16.0,88.0,MARUTI,SWIFT LXI BSIII,1.48
Mumbai,2018,2500,Petrol,Manual,First,15.0,121.0,HYUNDAI,CRETA 1.6 SX PLUS DUAL TONE PETROL,12.87
Kochi,2017,32838,Diesel,Automatic,First,17.0,190.0,BMW,X1 M SPORT SDRIVE 20D,30.07
Hyderabad,2006,27076,Petrol,Manual,First,13.0,70.0,FORD,IKON 1.3 FLAIR,0.74
Kochi,2017,75445,Diesel,Manual,First,22.0,89.0,FORD,ECOSPORT 1.5 DV5 MT TITANIUM OPTIONAL,9.37
Kochi,2015,46601,Petrol,Manual,First,20.0,91.0,MARUTI,CIAZ VXI PLUS,6.32
Kolkata,2012,72000,Diesel,Automatic,First,18.0,167.0,VOLKSWAGEN,PASSAT DIESEL HIGHLINE 2.0 TDI,8.71
Pune,2017,27000,Diesel,Manual,First,27.0,98.0,HONDA,JAZZ 1.5 VX I DTEC,8.07
Coimbatore,2016,68193,Diesel,Automatic,First,17.0,174.0,AUDI,A4 35 TDI PREMIUM,25.77
Kochi,2017,34429,Diesel,Manual,First,24.0,70.0,HYUNDAI,GRAND I10 CRDI SPORTZ CELEBRATION EDITION,5.73
Delhi,2013,46000,Diesel,Automatic,First,12.0,224.0,MERCEDES-BENZ,GL-CLASS 2007 2012 350 CDI LUXURY,36.9
Coimbatore,2013,80544,Diesel,Manual,First,12.0,100.0,TOYOTA,INNOVA 2.5 G (DIESEL) 7 SEATER,8.87
Jaipur,2011,42000,Petrol,Manual,Second,16.0,97.0,NISSAN,SUNNY 2011-2014 XL,2.09
Bangalore,2011,94821,Diesel,Automatic,Second,20.0,138.0,SKODA,LAURA AMBIENTE 2.0 TDI CR AT,5.95
Jaipur,2006,100000,Petrol,Manual,First,14.0,92.0,CHEVROLET,AVEO 1.4 LS,-0.09
Mumbai,2014,57000,Diesel,Manual,First,24.0,98.0,HONDA,MOBILIO V I DTEC,5.57
Hyderabad,2010,79894,Diesel,Manual,First,21.0,73.0,MARUTI,RITZ VDI,1.94
Coimbatore,2011,44748,Petrol,Manual,Second,16.0,73.0,VOLKSWAGEN,POLO PETROL HIGHLINE 1.2L,2.31
Mumbai,2013,31000,Petrol,Manual,First,13.0,102.0,NISSAN,TERRANO XL,5.13
Coimbatore,2013,60587,Petrol,Automatic,Second,16.0,66.0,MARUTI,A-STAR AT VXI AKTIV,3.48
Pune,2011,32000,Diesel,Manual,First,23.0,97.0,TOYOTA,ETIOS LIVA GD,3.63
Pune,2014,43772,Petrol,Manual,First,17.0,118.0,HONDA,CITY 1.5 S MT,7.07
Coimbatore,2017,23576,Petrol,Automatic,First,18.0,82.0,HYUNDAI,GRAND I10 AT ASTA,7.3
Hyderabad,2017,4000,Diesel,Automatic,First,13.0,177.0,JAGUAR,XE 2.0L DIESEL PRESTIGE,37.13
Kolkata,2012,62000,Diesel,Manual,First,12.0,120.0,MAHINDRA,SCORPIO VLX,6.89
Mumbai,2011,36000,Petrol,Automatic,First,11.0,186.0,MERCEDES-BENZ,NEW C-CLASS C 200 KOMPRESSOR ELEGANCE AT,21.67
Delhi,2014,80000,Petrol,Automatic,First,13.0,157.0,SKODA,SUPERB ELEGANCE 1.8 TSI AT,10.21
Pune,2012,137008,Diesel,Automatic,First,18.0,147.0,CHEVROLET,CRUZE LTZ AT,4.29
Delhi,2010,61001,Diesel,Manual,First,12.0,120.0,MAHINDRA,SCORPIO VLX,4.92
Coimbatore,2015,52191,Petrol,Manual,First,17.0,121.0,HYUNDAI,VERNA 1.6 SX VTVT (O),7.44
Hyderabad,2016,77076,Diesel,Manual,First,23.0,90.0,HYUNDAI,I20 1.4 ASTA CRDI WITH AVN,7.56
Hyderabad,2008,56000,Petrol,Automatic,First,16.0,78.0,HONDA,CITY ZX CVT,3.06
Kolkata,2013,21000,Petrol,Manual,First,20.0,78.0,HYUNDAI,I10 MAGNA,4.19
Delhi,2013,89429,Diesel,Manual,First,25.0,98.0,HONDA,AMAZE S I-DTECH,3.34
Delhi,2012,45631,Petrol,Manual,Second,22.0,67.0,MARUTI,WAGON R LXI,3.88
Jaipur,2013,53959,Petrol,Manual,First,19.0,86.0,HONDA,BRIO S MT,3.09
Kochi,2014,55804,Petrol,Manual,First,17.0,80.0,HYUNDAI,I20 1.2 SPORTZ OPTION,5.41
Kochi,2016,25899,Petrol,Manual,First,15.0,103.0,VOLKSWAGEN,VENTO 2013-2015 1.6 COMFORTLINE,6.12
Pune,2008,82000,Diesel,Manual,Second,18.0,66.0,SKODA,OCTAVIA RIDER 1.9 TDI MT,-1.92
Mumbai,2014,52000,Diesel,Automatic,First,13.0,204.0,MERCEDES-BENZ,E-CLASS 2015-2017 E250 CDI AVANTGARDE,32.13
Pune,2013,20000,Petrol,Manual,First,13.0,102.0,RENAULT,DUSTER PETROL RXL,4.71
Hyderabad,2017,31829,Petrol,Manual,First,21.0,55.0,HYUNDAI,EON SPORTZ,4.58
Coimbatore,2016,18094,Petrol,Manual,Second,18.0,85.0,MARUTI,SWIFT VXI,6.24
Jaipur,2011,80000,Diesel,Manual,Second,19.0,97.0,NISSAN,MICRA DIESEL,3.72
Mumbai,2015,11964,Diesel,Automatic,First,13.0,241.0,AUDI,Q5 3.0 TDI QUATTRO TECHNOLOGY,37.28
Coimbatore,2018,22684,Petrol,Manual,First,18.0,81.0,HYUNDAI,I20 1.2 SPOTZ,7.78
Bangalore,2014,43521,Petrol,Manual,First,19.0,86.0,HONDA,BRIO S MT,4.06
Kochi,2014,49386,Petrol,Manual,First,17.0,85.0,MARUTI,SWIFT DZIRE ZXI,5.49
Delhi,2017,12248,Petrol,Manual,First,18.0,81.0,HYUNDAI,GRAND I10 1.2 KAPPA MAGNA,5.59
Coimbatore,2014,67771,Diesel,Manual,First,11.0,112.0,MAHINDRA,XYLO E8 ABS BS IV,6.84
Delhi,2015,60007,Petrol,Automatic,First,17.0,189.0,VOLKSWAGEN,POLO GTI,7.89
Coimbatore,2011,48624,Petrol,Manual,First,24.0,67.0,MARUTI,ALTO K10 VXI,-0.25
Kolkata,2014,30000,Diesel,Manual,First,22.0,73.0,VOLKSWAGEN,POLO DIESEL COMFORTLINE 1.2L,5.25
Delhi,2016,81605,Petrol,Manual,First,18.0,82.0,HYUNDAI,GRAND I10 SPORTZ,5.21
Coimbatore,2017,32642,Diesel,Automatic,First,14.0,170.0,MERCEDES-BENZ,NEW C-CLASS C 220 CDI ELEGANCE AT,22.89
Pune,2014,34200,Petrol,Automatic,First,15.0,121.0,HYUNDAI,VERNA 1.6 SX VTVT AT,7.45
Chennai,2010,72204,Petrol,Manual,First,15.0,67.0,FIAT,PUNTO EVO 1.2 EMOTION,1.67
Pune,2011,156347,Diesel,Manual,Second,12.0,100.0,TOYOTA,INNOVA 2.5 VX (DIESEL) 8 SEATER BS IV,7.41
Kochi,2017,47357,Diesel,Automatic,First,18.0,100.0,MAHINDRA,TUV 300 2015-2019 MHAWK100 T8 AMT,8.93
Coimbatore,2015,61738,Diesel,Manual,First,20.0,88.0,VOLKSWAGEN,POLO 1.5 TDI COMFORTLINE,4.85
Kochi,2018,32586,Diesel,Automatic,First,22.0,190.0,BMW,5 SERIES 520D LUXURY LINE,27.8
Coimbatore,2018,40129,Diesel,Automatic,First,11.0,254.0,MERCEDES-BENZ,GLE 350D,62.03
Mumbai,2012,51000,Diesel,Automatic,First,11.0,254.0,MERCEDES-BENZ,M-CLASS ML 350 CDI,28.89
Kochi,2018,10393,Petrol,Manual,First,18.0,81.0,HYUNDAI,GRAND I10 1.2 KAPPA SPORTZ,6.59
Mumbai,2011,46000,Petrol,Automatic,First,13.0,157.0,SKODA,SUPERB ELEGANCE 1.8 TSI AT,7.22
Chennai,2013,21000,Petrol,Automatic,First,16.0,78.0,HYUNDAI,I10 SPORTZ AT,4.67
Hyderabad,2011,113562,Diesel,Manual,First,23.0,90.0,HYUNDAI,I20 1.4 CRDI ASTA,4.26
Mumbai,2011,100010,Diesel,Manual,Second,12.0,120.0,MAHINDRA,SCORPIO VLX,5.44
Mumbai,2013,63107,Petrol,Manual,First,19.0,86.0,HONDA,BRIO V MT,3.92
Jaipur,2017,58500,Petrol,Manual,First,18.0,81.0,HYUNDAI,I20 1.2 MAGNA EXECUTIVE,5.62
Pune,2007,90000,Diesel,Manual,Fourth & Above,10.0,143.0,FORD,ENDEAVOUR 4X2 XLT LIMITED EDITION,5.03
Chennai,2011,108242,Diesel,Manual,First,16.0,110.0,HYUNDAI,VERNA CRDI SX,4.85
Pune,2011,146300,Diesel,Manual,First,11.0,171.0,TOYOTA,FORTUNER 3.0 DIESEL,12.76
Pune,2011,62943,Diesel,Automatic,Second,17.0,184.0,BMW,X1 SDRIVE20D,13.14
Delhi,2013,65000,Diesel,Automatic,First,12.0,168.0,TOYOTA,FORTUNER 4X2 AT,17.58
Pune,2018,1700,Petrol,Automatic,First,19.0,88.0,HONDA,AMAZE V CVT PETROL,7.99
Kochi,2013,34697,Petrol,Manual,First,19.0,68.0,HYUNDAI,I10 ERA 1.1,4.52
Hyderabad,2012,58000,Petrol,Manual,First,17.0,80.0,HYUNDAI,I20 1.2 SPORTZ,3.85
Mumbai,2015,32500,Diesel,Automatic,First,19.0,187.0,BMW,3 SERIES 320D GT LUXURY LINE,28.6
Coimbatore,2016,58661,Diesel,Automatic,First,15.0,181.0,AUDI,Q3 35 TDI QUATTRO PREMIUM PLUS,27.82
Kochi,2017,37124,Petrol,Manual,First,20.0,81.0,MARUTI,SWIFT VXI OPTIONAL,6.22
Delhi,2017,44000,Petrol,Automatic,First,21.0,83.0,MARUTI,BALENO DELTA AUTOMATIC,7.07
Kolkata,2005,45200,Petrol,Manual,First,13.0,94.0,HYUNDAI,ACCENT GLE,0.08
Mumbai,2016,11000,Petrol,Manual,First,18.0,85.0,MARUTI,RITZ LXI,5.83
Pune,2011,65000,Petrol,Manual,Second,26.0,35.0,TATA,NANO LX,-1.56
Ahmedabad,2012,55005,Diesel,Manual,First,20.0,68.0,FORD,FIGO DIESEL EXI,2.65
Hyderabad,2011,81650,Diesel,Automatic,First,18.0,167.0,VOLKSWAGEN,PASSAT DIESEL HIGHLINE 2.0 TDI,7.74
Chennai,2010,160000,Diesel,Manual,Second,19.0,93.0,FIAT,LINEA EMOTION PACK (DIESEL),2.6
Hyderabad,2015,169000,Diesel,Manual,First,14.0,93.0,MAHINDRA,XYLO D4,5.69
Hyderabad,2013,67263,Petrol,Manual,First,18.0,67.0,MARUTI,WAGON R VXI,3.62
Kochi,2012,44223,Petrol,Manual,First,17.0,88.0,TOYOTA,ETIOS G SAFETY,4.27
Coimbatore,2015,36840,Petrol,Manual,First,18.0,82.0,HYUNDAI,GRAND I10 SPORTZ,4.18
Pune,2014,160000,Diesel,Manual,First,12.0,100.0,TOYOTA,INNOVA 2.5 VX (DIESEL) 8 SEATER BS IV,10.87
Kolkata,2008,133000,Diesel,Manual,First,16.0,62.0,TATA,INDICA V2 DLS TC,-0.39
Mumbai,2015,69123,Diesel,Automatic,First,18.0,184.0,BMW,3 SERIES 320D SPORT LINE,22.34
Delhi,2017,38000,Diesel,Automatic,First,10.0,197.0,FORD,ENDEAVOUR 3.2 TITANIUM AT 4X4,29.57
Mumbai,2017,5500,Petrol,Manual,First,21.0,103.0,MARUTI,CIAZ ZETA,8.71
Kolkata,2015,1001,Diesel,Manual,First,25.0,99.0,FORD,FIGO 1.5D TITANIUM PLUS MT,7.66
Pune,2007,59000,Petrol,Manual,Third,15.0,74.0,CHEVROLET,AVEO U-VA 1.2 LS,1.08
Delhi,2011,78256,Petrol,Automatic,First,16.0,118.0,HONDA,CITY 1.5 V AT,4.09
Chennai,2016,90000,Petrol,Manual,First,16.0,97.0,NISSAN,SUNNY XL,6.77
Kolkata,2016,18000,Petrol,Manual,First,19.0,85.0,MARUTI,SWIFT DZIRE VXI,7.58
Kolkata,2012,60000,Diesel,Manual,First,20.0,68.0,FORD,FIGO DIESEL TITANIUM,3.02
Jaipur,2011,130000,Diesel,Manual,First,20.0,75.0,FIAT,GRANDE PUNTO 1.3 EMOTION (DIESEL),2.48
Coimbatore,2018,32851,Petrol,Manual,First,18.0,81.0,HYUNDAI,ELITE I20 PETROL ASTA,8.75
Kolkata,2014,32000,Diesel,Manual,First,23.0,74.0,MARUTI,SWIFT DZIRE VDI,5.57
Hyderabad,2014,62700,Diesel,Manual,First,22.0,89.0,FORD,ECOSPORT 1.5 DV5 MT TITANIUM,6.35
Jaipur,2010,71000,Diesel,Manual,First,19.0,73.0,MARUTI,SWIFT DZIRE VDI,2.21
Kochi,2016,19947,Petrol,Manual,First,18.0,82.0,HYUNDAI,GRAND I10 SPORTZ,5.15
Hyderabad,2012,91000,Diesel,Automatic,First,11.0,153.0,FORD,ENDEAVOUR 3.0L 4X4 AT,9.58
Hyderabad,2014,74000,Diesel,Manual,First,22.0,73.0,VOLKSWAGEN,POLO DIESEL HIGHLINE 1.2L,5.27
Kochi,2018,55594,Diesel,Manual,First,18.0,100.0,MAHINDRA,TUV 300 2015-2019 MHAWK100 T8,10.27
Hyderabad,2013,58000,Diesel,Automatic,First,11.0,306.0,BMW,X6 XDRIVE 40D,43.49
Hyderabad,2012,110224,Diesel,Manual,First,19.0,108.0,RENAULT,DUSTER 110PS DIESEL RXZ,4.89
Ahmedabad,2010,21002,Petrol,Manual,First,22.0,67.0,MARUTI,WAGON R LXI,2.39
Pune,2017,121000,Diesel,Manual,First,24.0,88.0,MARUTI,ERTIGA SHVS VDI,9.35
Jaipur,2010,73513,Petrol,Manual,First,19.0,46.0,MARUTI,ALTO LXI BSIII,1.59
Jaipur,2015,34000,Petrol,Automatic,First,20.0,67.0,MARUTI,WAGON R AMT VXI OPTION,5.32
Coimbatore,2017,28371,Petrol,Manual,First,15.0,73.0,MARUTI,EECO 7 SEATER STANDARD,6.3
Kochi,2013,74755,Diesel,Manual,First,19.0,108.0,RENAULT,DUSTER 110PS DIESEL RXL,6.14
Kochi,2011,25805,Petrol,Manual,First,18.0,64.0,MARUTI,ZEN ESTILO 1.1 LX BSIII,2.1
Kochi,2015,82603,Petrol,Manual,First,13.0,102.0,RENAULT,DUSTER PETROL RXL,6.74
Chennai,2006,110000,Petrol,Manual,First,13.0,130.0,HONDA,CIVIC 2006-2010 1.8 S MT,1.76
Delhi,2012,88000,Diesel,Manual,First,16.0,140.0,MAHINDRA,XUV500 W8 2WD,6.92
Chennai,2011,110000,Diesel,Manual,Second,21.0,64.0,MAHINDRA,VERITO 1.5 D6 BSIV,1.52
Delhi,2017,15000,Petrol,Manual,First,21.0,67.0,RENAULT,KWID CLIMBER 1.0 MT,4.18
Mumbai,2013,70000,Diesel,Automatic,First,15.0,240.0,PORSCHE,CAYENNE DIESEL,40.24
Pune,2008,150000,Diesel,Manual,Second,28.0,74.0,MARUTI,SWIFT DDIS VDI,1.18
Hyderabad,2016,19000,Petrol,Manual,First,20.0,67.0,DATSUN,GO T OPTION,3.47
Chennai,2011,37442,Petrol,Manual,First,18.0,80.0,HYUNDAI,I20 1.2 MAGNA,3.3
Coimbatore,2016,63111,Diesel,Automatic,Second,18.0,190.0,BMW,5 SERIES 2013-2017 520D LUXURY LINE,32.52
Mumbai,2012,88000,Diesel,Manual,First,20.0,88.0,MARUTI,ERTIGA ZDI,5.29
Jaipur,2014,42355,Petrol,Manual,First,18.0,82.0,HYUNDAI,GRAND I10 MAGNA,3.39
Coimbatore,2011,75871,Petrol,Automatic,First,9.0,254.0,BMW,3 SERIES 330I,19.72
Mumbai,2011,65000,Diesel,Manual,First,17.0,163.0,CHEVROLET,CRUZE LTZ,4.5
Pune,2015,69000,Diesel,Automatic,First,0.0,165.0,MERCEDES-BENZ,M-CLASS ML 350 4MATIC,38.16
Jaipur,2011,79232,Diesel,Manual,First,21.0,73.0,MARUTI,RITZ LDI,2.52
Pune,2007,220000,Petrol,Automatic,Second,11.0,186.0,MERCEDES-BENZ,NEW C-CLASS C 200 KOMPRESSOR ELEGANCE AT,17.4
Kochi,2016,28470,Petrol,Manual,First,18.0,81.0,HYUNDAI,I20 1.2 MAGNA EXECUTIVE,4.6
Kolkata,2014,9759,Petrol,Manual,First,20.0,68.0,HYUNDAI,EON 1.0 KAPPA MAGNA PLUS OPTIONAL,2.72
Pune,2014,75216,Diesel,Manual,First,22.0,74.0,MARUTI,SWIFT VDI,5.35
Chennai,2017,8000,Petrol,Manual,First,18.0,81.0,HYUNDAI,I20 SPORTZ 1.2,7.08
Mumbai,2014,59451,Petrol,Manual,First,18.0,85.0,MARUTI,RITZ ZXI,5.13
Hyderabad,2013,53996,Diesel,Manual,First,22.0,74.0,MARUTI,SWIFT VDI,4.34
Kochi,2018,15135,Petrol,Manual,First,17.0,88.0,HONDA,WRV I-VTEC VX,9.39
Chennai,2015,53000,Petrol,Automatic,Second,16.0,81.0,HYUNDAI,XCENT 1.2 KAPPA AT S OPTION,5.03
Kolkata,2013,40000,Petrol,Manual,First,18.0,86.0,HONDA,AMAZE E I-VTECH,3.08
Pune,2013,21107,Petrol,Manual,First,17.0,121.0,HYUNDAI,VERNA 1.6 SX VTVT (O),5.44
Mumbai,2014,56000,Petrol,Manual,First,16.0,116.0,HONDA,CITY V MT,6.96
Coimbatore,2017,19623,Petrol,Manual,First,15.0,121.0,HYUNDAI,CRETA 1.6 SX PLUS DUAL TONE PETROL,11.9
Kochi,2014,70963,Diesel,Manual,First,15.0,140.0,MAHINDRA,XUV500 W8 2WD,9.04
Mumbai,2013,25755,CNG,Manual,First,26.0,58.0,MARUTI,WAGON R LXI CNG,2.65
Mumbai,2013,51450,Diesel,Manual,First,12.0,102.0,TOYOTA,INNOVA 2.5 V DIESEL 7-SEATER,11.28
Pune,2012,75000,Diesel,Manual,First,22.0,74.0,MARUTI,SWIFT VDI,3.38
Coimbatore,2017,37832,Petrol,Automatic,First,22.0,67.0,MARUTI,WAGON R VXI AMT,4.88
Coimbatore,2016,43041,Petrol,Manual,First,18.0,81.0,HYUNDAI,GRAND I10 1.2 KAPPA ASTA,5.12
Hyderabad,2014,97236,Diesel,Manual,First,25.0,98.0,HONDA,AMAZE VX I-DTEC,4.5
Chennai,2010,83000,Diesel,Automatic,First,16.0,181.0,BMW,3 SERIES 320D HIGHLINE,12.68
Delhi,2011,65000,Petrol,Manual,First,15.0,70.0,FORD,FIGO PETROL TITANIUM,1.77
Kochi,2018,46007,Petrol,Manual,First,17.0,73.0,VOLKSWAGEN,AMEO 1.2 MPI TRENDLINE,6.7
Kochi,2015,65925,Diesel,Manual,Second,22.0,89.0,FORD,ECOSPORT 1.5 DV5 MT TREND,6.83
Pune,2004,73500,Petrol,Manual,Second,13.0,90.0,HONDA,CITY 1.3 EXI,1.71
Kolkata,2014,55000,Diesel,Manual,First,16.0,140.0,MAHINDRA,XUV500 W6 2WD,8.49
Delhi,2012,115000,Diesel,Manual,First,13.0,168.0,TOYOTA,FORTUNER 4X2 MANUAL,15.98
Kolkata,2017,31184,Petrol,Manual,First,18.0,81.0,HYUNDAI,GRAND I10 1.2 KAPPA MAGNA,5.61
Pune,2017,41747,Diesel,Automatic,First,28.0,73.0,MARUTI,DZIRE AMT ZDI PLUS,8.65
Kochi,2016,38143,Diesel,Manual,First,22.0,74.0,MARUTI,SWIFT VDI,7.29
Pune,2012,19030,Petrol,Manual,First,16.0,73.0,VOLKSWAGEN,POLO PETROL HIGHLINE 1.2L,3.78
Coimbatore,2019,20877,Petrol,Manual,First,18.0,78.0,TOYOTA,ETIOS LIVA 1.2 VX DUAL TONE,8.62
Mumbai,2016,23555,Petrol,Manual,First,22.0,81.0,MARUTI,SWIFT VXI,5.74
Bangalore,2013,29000,Diesel,Automatic,First,14.0,203.0,MERCEDES-BENZ,E-CLASS 2009-2013 E250 CDI ELEGANCE,24.67
Pune,2013,61000,Petrol,Manual,First,18.0,67.0,MARUTI,WAGON R VXI,3.61
Kochi,2012,4187,Petrol,Manual,First,26.0,35.0,TATA,NANO LX BSIV,0.29
Bangalore,2011,46000,Petrol,Manual,First,13.0,157.0,SKODA,LAURA 1.8 TSI AMBIENTE,5.17
Mumbai,2016,28000,Petrol,Automatic,First,17.0,103.0,VOLKSWAGEN,POLO GT TSI,7.58
Coimbatore,2014,83558,Diesel,Manual,First,22.0,126.0,HYUNDAI,VERNA 1.6 SX,7.18
Hyderabad,2017,40000,Diesel,Manual,First,22.0,74.0,TATA,BOLT QUADRAJET XE,5.52
Kolkata,2013,36000,Petrol,Manual,First,21.0,55.0,HYUNDAI,EON D LITE PLUS,1.71
Bangalore,2014,21000,Diesel,Automatic,First,17.0,174.0,AUDI,A4 2.0 TDI 177 BHP PREMIUM PLUS,20.21
Kochi,2013,62162,Diesel,Manual,First,12.0,100.0,TOYOTA,INNOVA 2.5 GX (DIESEL) 7 SEATER,10.19
Hyderabad,2012,83000,Diesel,Automatic,First,11.0,254.0,MERCEDES-BENZ,M-CLASS ML 350 CDI,28.92
Pune,2015,58000,Diesel,Manual,First,24.0,71.0,HYUNDAI,XCENT 1.1 CRDI S,4.44
Kochi,2011,62332,Petrol,Automatic,First,11.0,177.0,HONDA,ACCORD 2.4 AT,6.45
Kochi,2016,50867,Diesel,Manual,First,20.0,103.0,VOLKSWAGEN,VENTO 1.5 TDI HIGHLINE,8.1
Mumbai,2010,73000,Petrol,Manual,First,17.0,80.0,HYUNDAI,I20 SPORTZ PETROL,2.05
Jaipur,2012,98008,Diesel,Manual,First,22.0,126.0,HYUNDAI,ELANTRA CRDI SX,6.83
Hyderabad,2015,36000,Diesel,Manual,First,20.0,68.0,FORD,FIGO DIESEL TITANIUM,5.96
Kochi,2019,27339,Petrol,Manual,First,18.0,81.0,HYUNDAI,I20 1.2 MAGNA EXECUTIVE,7.56
Kolkata,2017,25000,Diesel,Manual,First,23.0,126.0,HYUNDAI,VERNA 1.6 CRDI SX,9.99
Kolkata,2014,37000,Petrol,Manual,First,18.0,82.0,HYUNDAI,GRAND I10 ASTA,3.47
Hyderabad,2015,56000,Diesel,Automatic,First,14.0,174.0,AUDI,Q5 2.0 TDI,29.29
Kolkata,2015,27000,Petrol,Manual,First,17.0,85.0,MARUTI,SWIFT DZIRE ZXI,6.45
Kolkata,2012,37000,Petrol,Manual,First,18.0,80.0,HYUNDAI,I20 MAGNA,4.14
Kolkata,2017,10500,Diesel,Manual,First,25.0,77.0,MAHINDRA,KUV 100 MFALCON D75 K4 PLUS 5STR,6.04
Ahmedabad,2014,49000,Diesel,Automatic,First,18.0,126.0,HYUNDAI,ELANTRA 1.6 SX OPTION AT,9.66
Mumbai,2017,7000,Diesel,Manual,First,17.0,170.0,JEEP,COMPASS 2.0 LIMITED OPTION BLACK,17.87
Coimbatore,2017,71256,Diesel,Manual,First,24.0,88.0,MARUTI,VITARA BREZZA VDI OPTION,8.7
Kochi,2012,83184,Petrol,Manual,First,14.0,138.0,TOYOTA,COROLLA ALTIS 1.8 GL,7.67
Kolkata,2013,87284,Diesel,Manual,First,15.0,140.0,MAHINDRA,XUV500 W8 2WD,8.07
Mumbai,2016,7000,Diesel,Automatic,First,20.0,190.0,BMW,X1 XDRIVE 20D XLINE,27.62
Pune,2015,29000,Diesel,Manual,Second,22.0,88.0,HYUNDAI,I20 MAGNA 1.4 CRDI,5.33
Coimbatore,2017,33552,Diesel,Automatic,First,11.0,254.0,MERCEDES-BENZ,GLE 350D,61.03
Bangalore,2013,64000,Diesel,Manual,Second,17.0,163.0,CHEVROLET,CRUZE LTZ,5.97
Jaipur,2011,82000,Petrol,Manual,Second,18.0,80.0,HYUNDAI,I20 1.2 MAGNA,2.83
Mumbai,2012,70000,Petrol,Manual,Second,19.0,86.0,HONDA,BRIO S MT,1.61
Hyderabad,2013,166194,Diesel,Manual,First,19.0,84.0,NISSAN,EVALIA 2013 XL,5.1
Delhi,2015,58000,Petrol,Manual,First,16.0,73.0,VOLKSWAGEN,POLO PETROL TRENDLINE 1.2L,5.22
Chennai,2010,77000,Petrol,Manual,Second,20.0,78.0,HYUNDAI,I10 SPORTZ 1.2,1.39
Pune,2009,73204,Diesel,Automatic,Third,18.0,147.0,CHEVROLET,CRUZE LTZ AT,1.81
Hyderabad,2007,70000,Petrol,Manual,Second,19.0,68.0,HYUNDAI,I10 ERA,-1.44
Delhi,2014,79870,Diesel,Manual,First,20.0,88.0,MARUTI,ERTIGA VDI,6.78
Delhi,2013,90000,Diesel,Manual,First,25.0,98.0,HONDA,AMAZE S I-DTECH,3.34
Mumbai,2016,17000,Petrol,Automatic,First,15.0,122.0,MERCEDES-BENZ,A CLASS A180 SPORT,20.31
Kochi,2018,46493,Petrol,Manual,First,18.0,81.0,HYUNDAI,GRAND I10 1.2 KAPPA MAGNA,6.61
Pune,2009,68000,Petrol,Manual,Third,20.0,78.0,HYUNDAI,I10 SPORTZ 1.2,1.44
Hyderabad,2017,2000,Diesel,Manual,First,28.0,74.0,MARUTI,SWIFT DDIS ZDI PLUS,8.17
Pune,1999,140000,Petrol,Manual,First,13.0,90.0,HONDA,CITY 1.3 EXI,-2.66
Pune,2013,255000,Diesel,Manual,Third,12.0,100.0,TOYOTA,INNOVA 2.5 GX (DIESEL) 7 SEATER,10.91
Coimbatore,2014,45535,Diesel,Automatic,First,23.0,112.0,MINI,COOPER COUNTRYMAN D HIGH,20.24
Coimbatore,2016,39228,Petrol,Manual,First,15.0,112.0,FIAT,LINEA T-JET ACTIVE,7.69
Mumbai,2011,57000,Petrol,Manual,Second,14.0,92.0,CHEVROLET,AVEO 1.4 LT,2.13
Chennai,2008,85445,Petrol,Manual,Second,19.0,68.0,HYUNDAI,I10 ERA 1.1,-0.86
Delhi,2015,54000,Diesel,Manual,First,24.0,71.0,HYUNDAI,XCENT 1.1 CRDI BASE,3.66
Mumbai,2014,53000,Petrol,Automatic,First,23.0,67.0,MARUTI,CELERIO VXI AT,3.63
Jaipur,2014,60000,Petrol,Manual,First,20.0,78.0,HYUNDAI,I10 SPORTZ,4.72
Coimbatore,2015,65668,Diesel,Manual,First,19.0,83.0,RENAULT,DUSTER 85PS DIESEL RXL,6.81
Ahmedabad,2011,100000,Diesel,Automatic,Second,22.0,190.0,BMW,3 SERIES 320D,13.23
Kolkata,2018,1800,Petrol,Manual,First,18.0,82.0,HYUNDAI,GRAND I10 SPORTZ,7.11
Hyderabad,2007,96000,Petrol,Manual,Second,0.0,97.0,HYUNDAI,SANTRO DX,1.83
Pune,2009,44200,Petrol,Manual,Second,18.0,62.0,CHEVROLET,SPARK 1.0 LS,0.63
Ahmedabad,2018,14000,Petrol,Manual,First,17.0,117.0,HONDA,CITY I VTEC VX OPTION,10.74
Chennai,2013,720000,Diesel,Manual,First,20.0,103.0,VOLKSWAGEN,VENTO DIESEL HIGHLINE,6.59
Delhi,2012,73000,Diesel,Automatic,First,11.0,169.0,TOYOTA,FORTUNER 4X2 4 SPEED AT,15.72
Delhi,2011,68000,Petrol,Manual,First,17.0,118.0,HONDA,CITY 1.5 S MT,4.13
Jaipur,2017,19543,Diesel,Automatic,First,18.0,190.0,BMW,5 SERIES 2013-2017 520D LUXURY LINE,33.96
Bangalore,2014,38000,Diesel,Automatic,Second,14.0,174.0,AUDI,Q5 30 TDI QUATTRO PREMIUM PLUS,35.37
Delhi,2014,32805,Diesel,Manual,First,23.0,73.0,MARUTI,RITZ LDI,5.12
Kochi,2016,44782,Diesel,Automatic,First,21.0,103.0,VOLKSWAGEN,VENTO 1.5 TDI HIGHLINE AT,9.12
Kochi,2016,55700,Diesel,Manual,First,26.0,98.0,HONDA,CITY I DTEC SV,7.66
Delhi,2012,60000,Diesel,Automatic,Second,15.0,140.0,AUDI,A4 NEW 2.0 TDI MULTITRONIC,13.44
Hyderabad,2014,56000,Petrol,Manual,First,15.0,103.0,SKODA,RAPID 1.6 MPI ELEGANCE,6.08
Delhi,2011,60000,Diesel,Manual,First,11.0,171.0,TOYOTA,FORTUNER 3.0 DIESEL,12.68
Mumbai,2010,78563,Diesel,Manual,First,16.0,123.0,CHEVROLET,OPTRA MAGNUM 2.0 LT BS3,6.23
Mumbai,2014,34669,Petrol,Manual,First,15.0,73.0,MARUTI,EECO 7 SEATER STANDARD,3.35
Delhi,2017,17000,Petrol,Manual,First,20.0,91.0,MARUTI,CIAZ ZXI,8.38
Delhi,2016,66000,Diesel,Manual,First,28.0,88.0,MARUTI,CIAZ VDI PLUS SHVS,7.49
Pune,2014,102418,Diesel,Manual,First,12.0,100.0,TOYOTA,INNOVA 2.5 LE 2014 DIESEL 7 SEATER,10.79
Kolkata,2014,48800,Petrol,Manual,First,19.0,85.0,MARUTI,SWIFT DZIRE VXI,5.64
Kochi,2019,10601,Diesel,Automatic,First,11.0,171.0,TOYOTA,INNOVA CRYSTA 2.8 GX AT,19.95
Pune,2017,8200,Diesel,Manual,First,25.0,69.0,TATA,INDICA V2 ELX,3.59
Jaipur,2012,100000,Petrol,Manual,First,18.0,82.0,HYUNDAI,I20 MAGNA,4.38
Pune,2012,78000,Diesel,Manual,First,17.0,68.0,FORD,FIESTA 1.4 DURATORQ ZXI,5.3
Kolkata,2015,50000,Diesel,Manual,First,18.0,73.0,CHEVROLET,ENJOY 1.3 TCDI LS 8,6.27
Chennai,2006,89327,Diesel,Manual,Third,17.0,68.0,FORD,FIESTA 1.4 DURATORQ EXI,0.16
Chennai,2007,98000,Petrol,Manual,Second,10.0,152.0,HONDA,CR-V 2.4 MT,4.77
Kochi,2017,24700,Petrol,Manual,First,18.0,88.0,HONDA,JAZZ 1.2 VX I VTEC,7.24
Delhi,2018,6000,Diesel,Automatic,First,11.0,258.0,MERCEDES-BENZ,GLS 350D GRAND EDITION,37.31
Delhi,2018,9434,Petrol,Manual,First,18.0,81.0,HYUNDAI,GRAND I10 1.2 KAPPA SPORTZ,6.59
Mumbai,2012,29000,Petrol,Manual,First,18.0,85.0,MARUTI,RITZ VXI,3.35
Coimbatore,2017,22440,Diesel,Automatic,First,22.0,108.0,VOLKSWAGEN,AMEO 1.5 TDI HIGHLINE AT,10.62
Mumbai,2015,73070,Petrol,Manual,First,17.0,117.0,HONDA,CITY I VTEC SV,6.52
Kolkata,2016,21771,Petrol,Manual,First,18.0,88.0,HONDA,JAZZ 1.2 S I VTEC,5.6
Delhi,2014,62000,Diesel,Manual,First,17.0,75.0,MARUTI,SWIFT LDI BSIV,4.63
Kochi,2017,37024,Diesel,Automatic,First,17.0,126.0,HYUNDAI,CRETA 1.6 CRDI AT SX PLUS,14.12
Kochi,2014,60336,Diesel,Automatic,Second,14.0,241.0,AUDI,A7 2011-2015 3.0 TDI QUATTRO,31.3
Kolkata,2014,26008,Petrol,Manual,First,21.0,55.0,HYUNDAI,EON D LITE PLUS,2.69
Jaipur,2010,90000,Diesel,Manual,Second,20.0,68.0,FORD,FIGO DIESEL EXI,0.2
Coimbatore,2018,35569,Petrol,Manual,First,17.0,73.0,VOLKSWAGEN,AMEO 1.2 MPI HIGHLINE,7.58
Kolkata,2013,40000,Diesel,Manual,First,21.0,84.0,RENAULT,SCALA DIESEL RXL,3.96
Kolkata,2015,45000,Petrol,Manual,First,18.0,88.0,HONDA,JAZZ 1.2 V I VTEC,5.12
Delhi,2015,42000,Petrol,Manual,First,17.0,80.0,HYUNDAI,I20 1.2 SPORTZ,6.8
Coimbatore,2012,46913,Diesel,Automatic,First,14.0,241.0,AUDI,A4 3.0 TDI QUATTRO PREMIUM,17.84
Delhi,2014,62000,Diesel,Automatic,First,11.0,184.0,MAHINDRA,SSANGYONG REXTON RX7,12.04
Ahmedabad,2017,15000,Diesel,Automatic,First,12.0,174.0,TOYOTA,FORTUNER 2.8 2WD AT,28.36
Kolkata,2002,69000,Diesel,Manual,First,18.0,66.0,SKODA,OCTAVIA CLASSIC 1.9 TDI MT,-1.62
Hyderabad,2012,41367,Diesel,Automatic,First,15.0,170.0,MERCEDES-BENZ,NEW C-CLASS 250 CDI CLASSIC,20.19
Kochi,2018,15982,Petrol,Manual,First,20.0,91.0,MARUTI,CIAZ 1.4 ZETA,9.7
Hyderabad,2013,99595,Diesel,Manual,Second,22.0,74.0,MARUTI,SWIFT ZDI,4.71
Bangalore,2002,63000,Diesel,Manual,Third,13.0,75.0,TOYOTA,QUALIS FS B3,1.01
Delhi,2012,49000,Diesel,Automatic,Second,16.0,218.0,BMW,5 SERIES 2007-2010 525D SEDAN,19.81
Kochi,2013,48272,Diesel,Manual,First,10.0,116.0,MITSUBISHI,PAJERO 2.8 SFX BSIII DUAL TONE,11.78
Delhi,2008,63000,Petrol,Manual,First,13.0,125.0,TOYOTA,COROLLA H2,3.61
Ahmedabad,2016,77000,CNG,Manual,First,26.0,58.0,MARUTI,WAGON R LXI CNG,5.65
Mumbai,2013,11734,Petrol,Manual,First,16.0,34.0,MARUTI,OMNI E MPI STD BS IV,0.16
Kochi,2014,62012,Diesel,Automatic,First,17.0,174.0,AUDI,A6 2011-2015 2.0 TDI,21.44
Chennai,2017,46000,CNG,Manual,First,25.0,81.0,HYUNDAI,XCENT 1.2 KAPPA S OPTION CNG,6.34
Coimbatore,2016,45449,Diesel,Manual,First,27.0,98.0,HONDA,JAZZ 1.5 S I DTEC,7.62
Mumbai,2004,85000,Petrol,Automatic,Second,10.0,157.0,MERCEDES-BENZ,E-CLASS 200 KOMPRESSOR ELEGANCE,10.73
Jaipur,2005,88000,Petrol,Manual,Second,13.0,100.0,HONDA,CITY 1.5 EXI,1.48
Kochi,2013,45330,Diesel,Automatic,First,16.0,147.0,AUDI,A4 2.0 TDI,16.57
Mumbai,2012,88000,Petrol,Manual,First,19.0,85.0,MARUTI,SWIFT DZIRE VXI,3.7
Delhi,2016,45376,Diesel,Manual,First,28.0,73.0,MARUTI,DZIRE VDI,7.12
Pune,2014,81000,Diesel,Manual,First,15.0,140.0,MAHINDRA,XUV500 W8 4WD,10.13
Kochi,2012,83381,Petrol,Manual,First,18.0,79.0,CHEVROLET,BEAT LT,2.77
Kochi,2017,78526,Diesel,Manual,First,23.0,98.0,FORD,ECOSPORT 1.5 DIESEL TITANIUM PLUS,8.83
Coimbatore,2017,27313,Diesel,Automatic,First,14.0,258.0,BMW,5 SERIES 2013-2017 530D M SPORT,41.59
Coimbatore,2015,42747,Diesel,Automatic,Second,14.0,174.0,AUDI,Q5 30 TDI QUATTRO PREMIUM PLUS,36.36
Coimbatore,2015,42265,Diesel,Automatic,Second,20.0,190.0,BMW,X1 SDRIVE 20D XLINE,27.0
Mumbai,2009,21000,Petrol,Automatic,First,19.0,80.0,HYUNDAI,I10 MAGNA AT,2.52
Ahmedabad,2016,55100,Diesel,Automatic,First,17.0,126.0,HYUNDAI,CRETA 1.6 CRDI AT SX PLUS,13.15
Chennai,2014,70000,Diesel,Automatic,First,17.0,174.0,AUDI,A4 2.0 TDI 177 BHP PREMIUM PLUS,20.26
Mumbai,2007,55000,Petrol,Automatic,Third,10.0,364.0,MERCEDES-BENZ,S CLASS 2005 2013 S 350 L,19.77
Kolkata,2012,58235,Petrol,Manual,First,20.0,78.0,HYUNDAI,I10 MAGNA,3.24
Mumbai,2017,26000,Diesel,Manual,First,23.0,98.0,FORD,ECOSPORT 1.5 DIESEL TITANIUM,8.98
Kolkata,2011,35000,Diesel,Manual,First,20.0,103.0,VOLKSWAGEN,VENTO DIESEL HIGHLINE,3.96
Jaipur,2017,24000,Diesel,Manual,First,28.0,73.0,MARUTI,DZIRE ZDI PLUS,8.14
Ahmedabad,2016,98000,Diesel,Manual,First,15.0,120.0,MAHINDRA,SCORPIO 1.99 S10,11.16
Coimbatore,2016,44487,Diesel,Manual,First,22.0,88.0,HYUNDAI,I20 ASTA 1.4 CRDI,7.6
Chennai,2008,65000,Petrol,Manual,First,19.0,46.0,MARUTI,ALTO LXI,0.7
Delhi,2015,34951,Petrol,Manual,Second,20.0,78.0,HYUNDAI,I10 MAGNA,5.67
Kolkata,2015,52373,Diesel,Manual,Second,15.0,120.0,MAHINDRA,SCORPIO S6 7 SEATER,8.82
Hyderabad,2010,66285,Diesel,Manual,First,19.0,75.0,SKODA,FABIA 1.2L DIESEL CLASSIC,2.29
Mumbai,2012,66000,Diesel,Automatic,First,15.0,258.0,BMW,X5 XDRIVE 30D,29.62
Hyderabad,2016,43000,Diesel,Manual,First,27.0,98.0,HONDA,JAZZ 1.5 S I DTEC,7.62
Mumbai,2013,45200,Diesel,Automatic,First,10.0,170.0,MERCEDES-BENZ,E-CLASS 2009-2013 E 220 CDI AVANTGARDE,20.43
Mumbai,2016,41000,Diesel,Automatic,First,16.0,140.0,MAHINDRA,XUV500 AT W10 FWD,14.21
Kochi,2017,39430,Petrol,Automatic,First,18.0,117.0,HONDA,CITY I VTEC CVT SV,9.61
Coimbatore,2014,83274,Diesel,Manual,First,22.0,74.0,MARUTI,SWIFT VDI,5.36
Coimbatore,2017,32324,Diesel,Automatic,First,14.0,170.0,MERCEDES-BENZ,NEW C-CLASS 220 CDI AT,20.23
Mumbai,2011,49999,Petrol,Manual,First,17.0,118.0,HONDA,CITY 1.5 S MT,4.11
Bangalore,2014,66000,Diesel,Manual,First,15.0,83.0,TATA,SUMO EX,4.2
Delhi,2012,54000,Petrol,Manual,First,18.0,82.0,HYUNDAI,I20 MAGNA,4.33
Jaipur,2009,80000,Diesel,Manual,Second,20.0,91.0,FIAT,LINEA 1.3 DYNAMIC,1.58
Bangalore,2011,72000,Petrol,Automatic,Second,12.0,130.0,HONDA,CIVIC 2006-2010 1.8 V AT,4.8
Pune,2017,44865,Diesel,Manual,First,19.0,126.0,HYUNDAI,CRETA 1.6 SX PLUS DIESEL,13.93
Delhi,2017,22000,Diesel,Automatic,Second,20.0,143.0,AUDI,A3 35 TDI TECHNOLOGY,23.26
Delhi,2013,57478,Petrol,Manual,Second,17.0,121.0,HYUNDAI,VERNA VTVT 1.6 SX OPTION,5.36
Hyderabad,2011,75000,Diesel,Manual,First,21.0,90.0,HYUNDAI,I20 1.4 CRDI MAGNA,2.87
Kochi,2015,50624,Diesel,Manual,First,24.0,98.0,HONDA,MOBILIO S I DTEC,6.11
Bangalore,2018,75000,Diesel,Automatic,First,22.0,126.0,HYUNDAI,VERNA 1.6 SX CRDI (O) AT,10.14
Chennai,2006,87000,Petrol,Manual,Second,15.0,101.0,FORD,FIESTA 1.6 ZXI DURATEC,-1.03
Mumbai,2010,62000,Petrol,Manual,First,20.0,78.0,HYUNDAI,I10 SPORTZ 1.2,1.88
Hyderabad,2016,41372,Diesel,Manual,First,24.0,88.0,MARUTI,VITARA BREZZA ZDI,8.58
Ahmedabad,2015,70000,Diesel,Manual,First,12.0,100.0,TOYOTA,INNOVA 2.5 VX (DIESEL) 7 SEATER,12.7
Pune,2017,35000,Diesel,Automatic,First,17.0,136.0,MERCEDES-BENZ,GLA CLASS 200 D SPORT,25.37
Hyderabad,2006,71993,Petrol,Manual,First,19.0,46.0,MARUTI,ALTO LXI BSIII,-2.36
Chennai,2013,62000,Diesel,Automatic,Second,14.0,170.0,MERCEDES-BENZ,NEW C-CLASS C 220 CDI ELEGANCE AT,18.47
Delhi,2015,51000,Diesel,Manual,First,22.0,74.0,MARUTI,SWIFT LDI,5.94
Kochi,2016,26038,Petrol,Manual,First,18.0,82.0,HYUNDAI,GRAND I10 SPORTZ,5.16
Kochi,2018,37713,Diesel,Automatic,Second,12.0,168.0,TOYOTA,FORTUNER 4X4 AT,25.27
Kolkata,2011,78088,Petrol,Manual,First,12.0,132.0,TOYOTA,INNOVA 2.0 GX 8 STR,8.06
Kochi,2017,30453,Diesel,Manual,First,22.0,98.0,FORD,ECOSPORT 1.5 TDCI TITANIUM,9.33
Pune,2016,54000,Petrol,Manual,First,18.0,86.0,FORD,FIGO 1.2P TITANIUM MT,5.71
Chennai,2011,190000,Diesel,Manual,First,11.0,171.0,TOYOTA,FORTUNER 3.0 DIESEL,12.8
Hyderabad,2012,65097,Petrol,Manual,First,19.0,85.0,MARUTI,SWIFT DZIRE VXI,3.68
Coimbatore,2018,28060,Petrol,Automatic,First,12.0,320.0,BMW,7 SERIES 740LI,80.83
Pune,2012,282000,Petrol,Manual,First,13.0,160.0,SKODA,SUPERB 1.8 TSI MT,6.81
Jaipur,2009,111000,Petrol,Manual,Second,18.0,67.0,MARUTI,WAGON R LXI MINOR,1.59
Kochi,2013,63295,Diesel,Manual,First,19.0,108.0,RENAULT,DUSTER 110PS DIESEL RXZ,5.83
Mumbai,2015,35770,Petrol,Manual,First,20.0,91.0,MARUTI,CIAZ VXI PLUS,6.31
Hyderabad,2012,125928,Diesel,Manual,First,22.0,126.0,HYUNDAI,ELANTRA CRDI SX,6.86
Kolkata,2015,45000,Diesel,Automatic,First,21.0,103.0,SKODA,RAPID 1.5 TDI AT ELEGANCE,7.25
Hyderabad,2013,21000,Diesel,Automatic,First,14.0,170.0,MERCEDES-BENZ,NEW C-CLASS C 220 CDI ELEGANCE AT,18.94
Mumbai,2011,54774,Petrol,Automatic,First,11.0,177.0,HONDA,ACCORD 2.4 A/T,7.21
Chennai,2014,41123,Petrol,Manual,First,23.0,67.0,MARUTI,CELERIO VXI,2.92
Bangalore,2017,17465,Petrol,Automatic,First,12.0,320.0,BMW,7 SERIES 740LI,79.83
Chennai,2014,48000,Diesel,Automatic,First,22.0,190.0,BMW,3 SERIES 320D SPORT,19.11
Chennai,2011,173000,Diesel,Manual,First,20.0,103.0,VOLKSWAGEN,VENTO DIESEL TRENDLINE,3.92
Pune,2018,12000,Diesel,Manual,First,23.0,74.0,MARUTI,SWIFT DZIRE TOUR LDI,6.75
Mumbai,2012,34000,Diesel,Automatic,First,12.0,147.0,LAND,ROVER FREELANDER 2 SE,20.71
Hyderabad,2012,71360,Diesel,Manual,First,21.0,90.0,HYUNDAI,I20 1.4 CRDI MAGNA,3.86
Mumbai,2012,74000,Diesel,Manual,Second,28.0,73.0,MARUTI,DZIRE VDI,2.7
Kochi,2018,28937,Diesel,Manual,First,17.0,170.0,JEEP,COMPASS 2.0 LONGITUDE,18.7
Hyderabad,2012,82085,Diesel,Manual,First,20.0,88.0,MARUTI,ERTIGA VDI,4.81
Bangalore,2011,68465,Petrol,Manual,First,15.0,70.0,FORD,FIGO PETROL ZXI,2.74
Coimbatore,2013,63854,Diesel,Manual,First,21.0,86.0,TOYOTA,COROLLA ALTIS 1.4 DG,7.31
Chennai,2018,3000,Diesel,Automatic,First,24.0,88.0,MARUTI,VITARA BREZZA ZDI PLUS AMT DUAL TONE,11.37
Delhi,2009,65055,Petrol,Manual,First,17.0,118.0,HONDA,CITY 1.5 S MT,2.16
Hyderabad,2015,120000,Diesel,Manual,First,15.0,120.0,MAHINDRA,SCORPIO S10 4WD,11.12
Mumbai,2014,64241,Petrol,Manual,First,20.0,81.0,HYUNDAI,XCENT 1.2 VTVT SX,3.76
Pune,2001,121000,Diesel,Manual,First,15.0,97.0,MERCEDES-BENZ,E-CLASS 220 CDI,5.02
Pune,2008,2200,Petrol,Manual,First,15.0,75.0,MAHINDRA,RENAULT LOGAN 1.4 GLX PETROL,0.01
Pune,2008,88123,Diesel,Manual,First,18.0,66.0,SKODA,OCTAVIA 1.9 TDI,0.78
Pune,2014,79000,Diesel,Automatic,First,12.0,224.0,MERCEDES-BENZ,GL-CLASS 2007 2012 350 CDI LUXURY,37.92
Bangalore,2016,28143,Diesel,Automatic,First,20.0,190.0,BMW,X1 SDRIVE 20D XLINE,28.47
Mumbai,2015,23001,Petrol,Manual,First,15.0,103.0,VOLKSWAGEN,VENTO 2013-2015 1.6 COMFORTLINE,5.13
Ahmedabad,2013,82002,Diesel,Automatic,Second,16.0,147.0,AUDI,A4 2.0 TDI,16.1
Bangalore,2009,75000,Diesel,Manual,First,13.0,68.0,FORD,IKON 1.4 TDCI DURATORQ,1.23
Kochi,2016,37451,Diesel,Manual,First,22.0,126.0,HYUNDAI,VERNA 1.6 CRDI EX MT,8.24
Hyderabad,2017,67000,Diesel,Manual,First,13.0,147.0,TOYOTA,INNOVA CRYSTA 2.4 VX MT,18.39
Pune,2016,25000,Petrol,Manual,First,18.0,82.0,HYUNDAI,GRAND I10 ASTA OPTION,6.24
Mumbai,2017,12000,Petrol,Manual,First,17.0,73.0,VOLKSWAGEN,AMEO 1.2 MPI COMFORTLINE,5.46
Kolkata,2017,25000,Petrol,Manual,First,25.0,53.0,RENAULT,KWID RXT,3.9
Jaipur,2011,95936,Petrol,Manual,First,17.0,118.0,HONDA,CITY 1.5 S MT,4.16
Kochi,2018,5354,Petrol,Automatic,First,18.0,81.0,HYUNDAI,GRAND I10 1.2 KAPPA MAGNA AT,6.7
Chennai,2016,42000,Petrol,Manual,Second,18.0,75.0,VOLKSWAGEN,POLO 1.0 MPI COMFORTLINE,5.02
Coimbatore,2014,44282,Diesel,Manual,First,25.0,74.0,MARUTI,SWIFT VDI BSIV,4.09
Delhi,2012,70000,Diesel,Manual,First,21.0,84.0,NISSAN,SUNNY 2011-2014 DIESEL XV,3.53
Mumbai,2013,31400,Diesel,Automatic,First,16.0,187.0,JAGUAR,XF 2.2 LITRE LUXURY,29.84
Pune,2016,50000,Diesel,Manual,First,28.0,88.0,MARUTI,CIAZ ZDI SHVS,8.31
Bangalore,2011,53000,Diesel,Automatic,First,12.0,167.0,AUDI,Q5 2008-2012 2.0 TDI,22.74
Pune,2014,21727,Petrol,Manual,First,15.0,70.0,FORD,FIGO PETROL ZXI,5.65
Bangalore,2012,43000,Diesel,Automatic,Second,11.0,194.0,HYUNDAI,SANTA FE 4X4 AT,13.02
Kolkata,2013,75000,Diesel,Manual,First,12.0,120.0,MAHINDRA,SCORPIO VLX 2WD AIRBAG BSIV,7.64
Bangalore,2014,73557,Diesel,Manual,First,19.0,108.0,RENAULT,DUSTER 110PS DIESEL RXL,7.12
Delhi,2012,44555,Diesel,Automatic,First,15.0,140.0,AUDI,A4 NEW 2.0 TDI MULTITRONIC,13.93
Coimbatore,2013,54885,Petrol,Manual,First,15.0,73.0,MARUTI,EECO 7 SEATER STANDARD,2.38
Mumbai,2011,76000,Diesel,Manual,Second,14.0,112.0,MAHINDRA,XYLO E4,4.17
Jaipur,2006,101000,Petrol,Manual,Second,18.0,67.0,MARUTI,WAGON R LXI,-1.34
Chennai,2005,66000,Petrol,Manual,First,14.0,64.0,MARUTI,WAGON R LXI BSIII,-1.01
Coimbatore,2013,84360,Petrol,Manual,First,15.0,103.0,MARUTI,SX4 ZXI MT BSIV,5.54
Mumbai,2016,25121,Diesel,Manual,First,13.0,147.0,TOYOTA,INNOVA CRYSTA 2.4 VX MT,17.37
Pune,2015,100000,Diesel,Manual,Second,12.0,100.0,TOYOTA,INNOVA 2.5 G (DIESEL) 7 SEATER,10.36
Kolkata,2011,66035,Diesel,Manual,First,22.0,73.0,VOLKSWAGEN,POLO DIESEL TRENDLINE 1.2L,2.54
Pune,2015,190000,Petrol,Manual,Second,16.0,88.0,TOYOTA,ETIOS G,5.82
Hyderabad,2014,85670,Diesel,Manual,First,22.0,89.0,FORD,ECOSPORT 1.5 DV5 MT TITANIUM,6.37
Hyderabad,2015,35000,Diesel,Manual,First,24.0,70.0,HYUNDAI,GRAND I10 CRDI MAGNA,4.74
Mumbai,2016,8000,Petrol,Automatic,First,18.0,117.0,HONDA,CITY I VTEC CVT SV,8.6
Hyderabad,2007,162000,Diesel,Manual,Second,12.0,102.0,TOYOTA,INNOVA 2.5 G3,4.51
Kolkata,2012,60000,Petrol,Manual,First,21.0,55.0,HYUNDAI,EON ERA PLUS,0.2
Hyderabad,2010,70600,Petrol,Manual,First,20.0,78.0,HYUNDAI,I10 MAGNA 1.2,1.33
Bangalore,2011,25000,Petrol,Automatic,Second,12.0,185.0,MERCEDES-BENZ,E-CLASS 2009-2013 E 200 CGI ELEGANCE,21.64
Hyderabad,2012,75000,Diesel,Manual,First,15.0,62.0,MAHINDRA,BOLERO SLE,3.16
Coimbatore,2014,85071,Diesel,Automatic,First,20.0,138.0,SKODA,LAURA AMBITION 2.0 TDI CR AT,10.33
Ahmedabad,2015,40000,Petrol,Manual,First,20.0,81.0,MARUTI,SWIFT ZXI,5.72
Delhi,2013,67000,Diesel,Automatic,First,16.0,147.0,AUDI,A4 2.0 TDI,16.59
Hyderabad,2009,55000,Diesel,Manual,Second,17.0,68.0,FORD,FIESTA 1.4 SXI TDCI ABS,1.69
Mumbai,2008,62000,Petrol,Manual,Second,15.0,104.0,MARUTI,SX4 VXI BSIII,2.36
Coimbatore,2017,22526,Petrol,Automatic,First,18.0,82.0,HYUNDAI,GRAND I10 AT ASTA,7.29
Hyderabad,2012,57788,Petrol,Automatic,First,17.0,85.0,MARUTI,RITZ AT,3.96
Jaipur,2013,72000,Diesel,Manual,First,10.0,120.0,MAHINDRA,SCORPIO 2.6 CRDE,8.82
Mumbai,2014,83128,Diesel,Manual,First,15.0,120.0,MAHINDRA,SCORPIO S4 7 SEATER,7.92
Chennai,2011,75000,Petrol,Manual,First,19.0,46.0,MARUTI,ALTO LXI,3.67
Ahmedabad,2013,58000,Diesel,Manual,Second,19.0,108.0,RENAULT,DUSTER 110PS DIESEL RXZ,5.32
Hyderabad,2009,26000,Diesel,Manual,First,0.0,97.0,MAHINDRA,JEEP MM 550 PE,5.82
Mumbai,2017,1000,Petrol,Manual,First,20.0,81.0,MARUTI,IGNIS 1.2 ALPHA,6.52
Kochi,2015,59751,Diesel,Manual,First,12.0,100.0,TOYOTA,INNOVA 2.5 ZX DIESEL 7 SEATER,13.33
Kochi,2015,29966,Diesel,Automatic,Second,16.0,261.0,BMW,7 SERIES 730LD EMINENCE,39.48
Kolkata,2009,65000,Diesel,Manual,Second,13.0,142.0,HYUNDAI,SONATA EMBERA 2.0L CRDI MT,5.8
Kochi,2015,75863,Diesel,Manual,First,19.0,108.0,RENAULT,DUSTER ADVENTURE EDITION,7.52
Mumbai,2013,54000,CNG,Manual,First,33.0,67.0,MARUTI,WAGON R CNG LXI,2.43
Bangalore,2014,24000,Diesel,Automatic,First,17.0,174.0,AUDI,A4 2.0 TDI 177 BHP TECHNOLOGY EDITION,25.09
Coimbatore,2018,33218,Diesel,Manual,First,17.0,170.0,JEEP,COMPASS 2.0 LONGITUDE,18.7
Kolkata,2015,33425,Petrol,Manual,First,17.0,105.0,HYUNDAI,VERNA 1.4 VTVT,5.7
Pune,2013,47000,Petrol,Manual,First,18.0,86.0,HONDA,AMAZE VX I-VTECH,3.14
Chennai,2015,41000,Diesel,Manual,First,19.0,126.0,HYUNDAI,CRETA 1.6 CRDI SX OPTION,11.5
Delhi,2011,62000,Petrol,Manual,First,19.0,68.0,HYUNDAI,I10 MAGNA 1.1,0.66
Delhi,2016,47035,Diesel,Manual,First,18.0,100.0,MAHINDRA,TUV 300 T8,7.02
Pune,2008,56230,Petrol,Manual,Second,17.0,85.0,MARUTI,SWIFT DZIRE VXI,-0.46
Chennai,2007,55000,Petrol,Manual,First,13.0,94.0,HYUNDAI,ACCENT GLE 1,1.32
Jaipur,2014,70669,Diesel,Manual,First,15.0,140.0,MAHINDRA,XUV500 W8 2WD,9.04
Pune,2012,69000,Petrol,Manual,First,20.0,67.0,MARUTI,ALTO K10 2010-2014 VXI,2.35
Pune,2011,65000,Petrol,Manual,Second,18.0,79.0,CHEVROLET,BEAT LT,1.26
Mumbai,2009,30000,Diesel,Automatic,First,12.0,179.0,AUDI,A6 2.7 TDI,12.32
Hyderabad,2017,2000,Diesel,Automatic,First,20.0,113.0,MINI,COOPER 5 DOOR D,28.92
Pune,2011,24255,Petrol,Manual,First,16.0,97.0,MARUTI,SWIFT 1.3 LXI,3.22
Chennai,2015,40000,Petrol,Manual,First,17.0,88.0,TATA,ZEST REVOTRON 1.2T XMS,4.37
Kolkata,2014,40000,Diesel,Manual,First,26.0,98.0,HONDA,CITY I DTEC SV,5.67
Jaipur,2010,26000,Petrol,Manual,First,18.0,79.0,CHEVROLET,BEAT LT,0.74
Jaipur,2011,105000,Diesel,Automatic,Second,16.0,140.0,AUDI,A4 2.0 TDI MULTITRONIC,14.62
Kolkata,2015,2800,Diesel,Manual,First,26.0,99.0,FORD,ASPIRE TITANIUM PLUS DIESEL,7.7
Mumbai,2014,71000,Diesel,Automatic,Second,19.0,126.0,HYUNDAI,VERNA SX CRDI AT,7.52
Mumbai,2015,32896,Petrol,Automatic,First,18.0,117.0,HONDA,CITY I VTEC CVT VX,8.89
Hyderabad,2012,45000,Petrol,Manual,First,20.0,78.0,HYUNDAI,I10 SPORTZ 1.2,3.84
Bangalore,2015,65000,Diesel,Automatic,Second,18.0,190.0,BMW,X3 XDRIVE20D EXPEDITION,28.01
Mumbai,2013,45200,Diesel,Automatic,First,16.0,147.0,AUDI,A4 2.0 TDI,16.57
Hyderabad,2008,82167,Petrol,Automatic,First,10.0,152.0,HONDA,CR-V 2.4 AT,5.09
Coimbatore,2016,37429,Petrol,Manual,First,18.0,81.0,HYUNDAI,GRAND I10 1.2 KAPPA ASTA,5.12
Hyderabad,2016,46000,Diesel,Manual,First,28.0,88.0,MARUTI,CIAZ ZDI PLUS SHVS,7.92
Delhi,2011,67031,Petrol,Manual,First,17.0,117.0,HONDA,CITY I-VTEC V,3.57
Mumbai,2013,30000,Diesel,Automatic,First,9.0,313.0,BMW,6 SERIES 640D COUPE,37.64
Mumbai,2016,47691,Petrol,Automatic,First,23.0,67.0,MARUTI,CELERIO VXI AMT,4.61
Jaipur,2011,32531,Diesel,Automatic,Second,13.0,148.0,RENAULT,KOLEOS 2.0 DIESEL,7.16
Hyderabad,2013,71336,Diesel,Manual,First,20.0,68.0,FORD,FIGO DIESEL ZXI,4.1
Chennai,2006,196000,Diesel,Manual,First,12.0,102.0,TOYOTA,INNOVA 2.5 V DIESEL 7-SEATER,4.51
Kolkata,2015,28193,Diesel,Manual,First,28.0,73.0,MARUTI,DZIRE VDI,6.11
Coimbatore,2019,2526,Petrol,Automatic,First,19.0,362.0,MERCEDES-BENZ,SLC 43 AMG,63.73
Coimbatore,2004,52146,Petrol,Manual,First,0.0,97.0,HYUNDAI,SANTRO LP ZIPPLUS,-1.33
Hyderabad,2013,85000,Diesel,Automatic,First,16.0,194.0,MERCEDES-BENZ,E-CLASS E 220 D,44.01
Ahmedabad,2015,20780,Petrol,Manual,First,18.0,81.0,HYUNDAI,GRAND I10 1.2 KAPPA SPORTZ,3.64
Mumbai,2014,43081,Petrol,Manual,First,17.0,117.0,HONDA,MOBILIO S I VTEC,4.36
Mumbai,2010,35000,Petrol,Automatic,Second,11.0,550.0,PORSCHE,CAYENNE TURBO S,42.53
Kolkata,2013,36000,Diesel,Manual,First,17.0,100.0,MAHINDRA,QUANTO C8,3.73
Mumbai,2007,67000,Petrol,Manual,Third,13.0,125.0,TOYOTA,COROLLA H5,3.32
Mumbai,2016,34079,Diesel,Manual,First,25.0,77.0,MAHINDRA,KUV 100 MFALCON D75 K4,4.23
Coimbatore,2010,77849,Petrol,Automatic,Second,10.0,215.0,BMW,3 SERIES 2005-2011 325I SEDAN,15.96
Jaipur,2013,86000,Petrol,Manual,First,22.0,47.0,MARUTI,ALTO 800 LXI,0.65
Pune,2015,110000,Diesel,Automatic,First,15.0,174.0,AUDI,Q3 35 TDI QUATTRO PREMIUM,24.96
Hyderabad,2015,116000,Diesel,Manual,Second,23.0,67.0,TOYOTA,ETIOS GD,4.12
Coimbatore,2016,41840,Diesel,Manual,First,15.0,140.0,MAHINDRA,XUV500 W8 2WD,10.98
Hyderabad,2015,19317,Diesel,Manual,First,13.0,168.0,TOYOTA,FORTUNER 4X2 MT TRD SPORTIVO,21.81
Pune,2014,41000,CNG,Manual,First,24.0,55.0,TATA,INDIGO CS EMAX CNG GLX,2.23
Kochi,2017,25601,Diesel,Automatic,First,17.0,201.0,MERCEDES-BENZ,GLE 250D,51.65
Jaipur,2015,83950,Diesel,Manual,First,19.0,126.0,HYUNDAI,CRETA 1.6 CRDI SX,11.01
Pune,2012,60000,Petrol,Automatic,First,16.0,118.0,HONDA,CITY 1.5 V AT,5.06
Hyderabad,2015,50000,Diesel,Automatic,First,17.0,174.0,AUDI,A4 35 TDI PREMIUM,24.77
Kolkata,2009,37000,Petrol,Manual,First,17.0,60.0,MARUTI,ZEN VXI,0.11
Hyderabad,2011,76976,Petrol,Manual,Second,19.0,46.0,MARUTI,ALTO LXI,3.17
Kochi,2018,21684,Petrol,Automatic,First,21.0,83.0,MARUTI,BALENO DELTA AUTOMATIC,8.03
Delhi,2015,62000,Diesel,Manual,First,16.0,140.0,MAHINDRA,XUV500 W10 2WD,12.29
Mumbai,2007,1261,Petrol,Manual,First,19.0,94.0,FORD,FREESTYLE TITANIUM PETROL,-1.56
Coimbatore,2017,59450,Petrol,Manual,First,18.0,81.0,HYUNDAI,ELITE I20 ASTA OPTION,7.19
Coimbatore,2018,24465,Diesel,Automatic,First,19.0,167.0,MERCEDES-BENZ,NEW C-CLASS C 220D AVANTGARDE EDITION C,36.15
Delhi,2014,55000,Petrol,Manual,First,17.0,117.0,HONDA,CITY I VTEC SV,5.51
Mumbai,2017,2000,Petrol,Manual,First,18.0,110.0,FORD,ECOSPORT 1.5 TI VCT MT TITANIUM BE,8.68
Kochi,2017,25040,Petrol,Manual,First,21.0,83.0,MARUTI,BALENO ALPHA 1.2,7.77
Bangalore,2008,84000,Petrol,Manual,First,20.0,78.0,HYUNDAI,I10 SPORTZ,-1.18
Pune,2007,170428,Diesel,Manual,Second,12.0,102.0,TOYOTA,INNOVA 2.5 G (DIESEL) 8 SEATER BS IV,4.5
Mumbai,2016,12573,Petrol,Manual,First,21.0,83.0,MARUTI,BALENO DELTA,5.96
Hyderabad,2012,88000,Diesel,Automatic,First,12.0,241.0,AUDI,Q7 3.0 TDI QUATTRO TECHNOLOGY,40.0
Delhi,2012,86000,Diesel,Automatic,Second,13.0,194.0,HYUNDAI,SANTA FE 2WD AT,11.29
Coimbatore,2012,51019,Petrol,Manual,First,0.0,97.0,HYUNDAI,SANTRO GLS I - EURO II,4.84
Mumbai,2013,45000,Petrol,Manual,First,17.0,118.0,HONDA,CITY 1.5 V MT EXCLUSIVE,5.69
Jaipur,2012,51000,Diesel,Manual,First,21.0,90.0,HYUNDAI,I20 1.4 CRDI MAGNA,3.84
Pune,2007,92000,Diesel,Manual,First,13.0,63.0,MAHINDRA,BOLERO SLE BSIII,-3.11
Pune,2017,29000,Diesel,Automatic,First,12.0,174.0,TOYOTA,FORTUNER 2.8 2WD AT,28.37
Bangalore,2009,70521,Petrol,Automatic,Second,10.0,215.0,BMW,3 SERIES 2005-2011 325I SEDAN,14.96
Kolkata,2010,51000,Diesel,Automatic,First,16.0,181.0,BMW,3 SERIES 320D SEDAN,11.56
Hyderabad,2012,52618,Petrol,Manual,First,18.0,67.0,MARUTI,WAGON R LXI,5.03
Delhi,2013,68000,Diesel,Manual,First,25.0,88.0,MARUTI,ERTIGA ZDI,5.46
Kochi,2016,29022,Diesel,Automatic,Second,15.0,177.0,LAND,ROVER RANGE ROVER EVOQUE 2.0 TD4 PURE,35.94
Chennai,2017,80000,Diesel,Manual,First,24.0,88.0,MARUTI,ERTIGA SHVS VDI,9.31
Chennai,2016,78000,Diesel,Manual,Second,25.0,69.0,TATA,INDIGO CS EVX,2.79
Pune,2012,100000,Petrol,Manual,First,20.0,67.0,MARUTI,ALTO K10 LXI,1.24
Coimbatore,2015,31412,Petrol,Manual,First,21.0,55.0,HYUNDAI,EON D LITE PLUS,3.68
Mumbai,2010,78000,Diesel,Automatic,Second,11.0,153.0,FORD,ENDEAVOUR 3.0L 4X4 AT,7.1
Hyderabad,2018,14000,Diesel,Automatic,First,12.0,158.0,FORD,ENDEAVOUR 2.2 TITANIUM AT 4X2,28.74
Bangalore,2011,80000,Diesel,Manual,First,20.0,103.0,VOLKSWAGEN,VENTO DIESEL HIGHLINE,4.01
Mumbai,2014,46738,Petrol,Automatic,First,19.0,91.0,MARUTI,CIAZ AT ZXI,6.12
Coimbatore,2013,54884,Petrol,Manual,Second,21.0,55.0,HYUNDAI,EON D LITE PLUS,1.23
Delhi,2012,74500,Diesel,Automatic,Second,14.0,174.0,AUDI,Q5 2.0 TDI PREMIUM PLUS,25.96
Coimbatore,2016,67472,Diesel,Manual,First,16.0,140.0,MAHINDRA,XUV500 W10 AWD,14.51
Hyderabad,2013,84000,Diesel,Manual,First,28.0,74.0,MARUTI,SWIFT VDI,3.42
Kolkata,2011,77400,Diesel,Manual,First,21.0,73.0,MARUTI,RITZ VDI,2.92
Mumbai,2017,14470,Diesel,Automatic,First,19.0,201.0,MERCEDES-BENZ,NEW C-CLASS C 250 CDI AVANTGARDE,32.13
Kolkata,2014,52108,Diesel,Manual,First,19.0,108.0,RENAULT,DUSTER 110PS DIESEL RXZ,6.81
Kolkata,2013,40000,Petrol,Manual,First,19.0,85.0,MARUTI,SWIFT DZIRE VXI,4.64
Jaipur,2014,105044,Diesel,Manual,First,12.0,100.0,TOYOTA,INNOVA 2.5 VX (DIESEL) 7 SEATER,11.75
Delhi,2016,24347,Petrol,Manual,First,15.0,121.0,HYUNDAI,CRETA 1.6 SX OPTION,10.51
Ahmedabad,2014,58000,Diesel,Manual,First,21.0,88.0,MARUTI,SX4 ZDI,5.79
Kochi,2014,49663,Diesel,Manual,First,15.0,140.0,MAHINDRA,XUV500 W8 2WD,9.02
Mumbai,2017,17000,Petrol,Automatic,First,18.0,117.0,HONDA,CITY I-VTEC CVT VX,11.32
Kochi,2016,13418,Diesel,Automatic,First,16.0,187.0,JAGUAR,XF 2.2 LITRE LUXURY,32.78
Pune,2008,117080,Diesel,Manual,Third,17.0,68.0,FORD,FIESTA 1.4 SXI TDCI ABS,1.8
Mumbai,2010,74000,Petrol,Automatic,First,10.0,150.0,BMW,5 SERIES 523I SEDAN,14.84
Hyderabad,2010,86514,Diesel,Manual,First,17.0,97.0,MARUTI,SWIFT VDI BSIV W ABS,2.09
Coimbatore,2014,66882,Diesel,Automatic,First,17.0,174.0,AUDI,A6 2011-2015 2.0 TDI PREMIUM PLUS,21.7
Kochi,2014,41460,Petrol,Manual,First,18.0,86.0,HONDA,BRIO 1.2 VX MT,4.33
Mumbai,2011,57000,Petrol,Automatic,First,16.0,118.0,HONDA,CITY 1.5 V AT,4.07
Bangalore,2015,34010,Petrol,Manual,Third,16.0,73.0,VOLKSWAGEN,POLO PETROL COMFORTLINE 1.2L,6.33
Pune,2010,96813,Diesel,Manual,Second,12.0,120.0,MAHINDRA,SCORPIO SLE BSIII,5.19
Mumbai,2011,84000,Petrol,Manual,First,16.0,116.0,HONDA,CITY V MT,4.03
Kochi,2013,50004,Petrol,Manual,First,15.0,103.0,SKODA,RAPID 1.6 MPI ELEGANCE,5.09
Coimbatore,2016,67995,Diesel,Manual,First,16.0,140.0,MAHINDRA,XUV500 W6 2WD,10.47
Chennai,2012,55000,Diesel,Manual,First,15.0,105.0,VOLKSWAGEN,JETTA 2007-2011 2.0 TDI TRENDLINE,7.43
Hyderabad,2017,14900,Petrol,Automatic,First,21.0,83.0,MARUTI,BALENO ALPHA AUTOMATIC,8.71
Jaipur,2013,70961,Diesel,Manual,First,25.0,98.0,HONDA,AMAZE EX I-DTECH,5.07
Mumbai,2015,40194,Petrol,Manual,First,15.0,103.0,VOLKSWAGEN,VENTO 1.6 HIGHLINE,6.65
Hyderabad,2015,96000,Petrol,Manual,First,22.0,47.0,MARUTI,ALTO 800 LXI,2.63
Mumbai,2017,35000,Diesel,Automatic,First,18.0,255.0,LAND,ROVER DISCOVERY HSE LUXURY 3.0 TD6,44.61
Delhi,2015,50000,Petrol,Automatic,First,18.0,117.0,HONDA,CITY I VTEC CVT VX,8.91
Mumbai,2014,50000,Diesel,Manual,First,19.0,108.0,NISSAN,TERRANO XL 110 PS,6.54
Mumbai,2008,26299,Petrol,Manual,First,19.0,46.0,MARUTI,ALTO LXI,0.67
Bangalore,2015,150386,Diesel,Manual,First,14.0,174.0,TOYOTA,FORTUNER 2.8 4WD MT,17.93
Kolkata,2012,60000,Diesel,Manual,First,21.0,90.0,HYUNDAI,I20 1.4 CRDI MAGNA,3.85
Hyderabad,2013,65000,Diesel,Manual,First,20.0,68.0,FORD,FIGO DIESEL TITANIUM,4.01
Ahmedabad,2017,80000,Diesel,Manual,First,24.0,88.0,MARUTI,VITARA BREZZA ZDI PLUS,8.85
Chennai,2012,92000,Diesel,Manual,Third,22.0,126.0,HYUNDAI,VERNA 1.6 SX,5.75
Mumbai,2016,13000,Petrol,Automatic,First,12.0,152.0,HYUNDAI,TUCSON 2.0 DUAL VTVT 2WD AT GL,16.29
Coimbatore,2013,73278,Diesel,Manual,First,21.0,73.0,MARUTI,RITZ VDI,4.89
Mumbai,2011,38000,Petrol,Automatic,First,10.0,132.0,AUDI,A4 2.0 TFSI,17.52
Kochi,2016,46936,Diesel,Automatic,First,13.0,204.0,MERCEDES-BENZ,E-CLASS E250 CDI LAUNCH EDITION,28.93
Jaipur,2015,55000,Diesel,Manual,First,19.0,83.0,RENAULT,DUSTER 85PS DIESEL RXE,6.95
Mumbai,2014,19000,Petrol,Automatic,First,15.0,86.0,HONDA,AMAZE S AT I-VTECH,4.27
Coimbatore,2016,42259,Diesel,Automatic,First,9.0,181.0,VOLVO,S60 D4 SUMMUM,21.98
Mumbai,2011,14000,Petrol,Manual,Second,17.0,85.0,MARUTI,SWIFT DZIRE 1.2 LXI BSIV,2.65
Kolkata,2016,16956,Petrol,Manual,First,22.0,67.0,MARUTI,WAGON R VXI,5.89
Coimbatore,2017,15473,Petrol,Manual,First,16.0,34.0,MARUTI,OMNI MPI STD BSIV,3.93
Delhi,2011,75000,Diesel,Manual,First,21.0,88.0,MARUTI,SX4 VDI,2.78
Ahmedabad,2013,96000,Diesel,Manual,Second,23.0,90.0,FORD,FIESTA TITANIUM 1.5 TDCI,4.08
Delhi,2015,25000,Petrol,Automatic,First,19.0,158.0,TOYOTA,CAMRY HYBRID,22.32
Mumbai,2010,38000,Petrol,Manual,Second,22.0,67.0,MARUTI,WAGON R VXI,-0.51
Bangalore,2005,54000,Diesel,Automatic,First,11.0,198.0,MERCEDES-BENZ,E-CLASS E270 CDI,10.37
Jaipur,2018,4131,Petrol,Automatic,First,21.0,83.0,MARUTI,BALENO ZETA AUTOMATIC,8.32
Hyderabad,2016,31700,Petrol,Manual,First,18.0,88.0,HONDA,JAZZ 1.2 VX I VTEC,6.26
Pune,2017,66988,Diesel,Automatic,First,15.0,120.0,MAHINDRA,SCORPIO S10 AT 4WD,10.83
Mumbai,2014,54230,Petrol,Manual,First,16.0,74.0,VOLKSWAGEN,POLO 1.2 MPI TRENDLINE,3.28
Kolkata,2015,35000,Petrol,Manual,First,17.0,80.0,HYUNDAI,I20 1.2 ERA,4.14
Mumbai,2010,62714,Petrol,Automatic,First,12.0,164.0,TOYOTA,CAMRY W4 (AT),7.1
Hyderabad,2015,45295,Petrol,Manual,First,18.0,67.0,MARUTI,WAGON R VXI,5.57
Pune,2018,7000,Diesel,Automatic,First,18.0,190.0,BMW,5 SERIES 2013-2017 520D M SPORT,39.61
Chennai,2016,57000,Petrol,Automatic,First,24.0,67.0,MARUTI,ALTO K10 VXI AGS,3.85
Delhi,2013,40100,Diesel,Automatic,First,14.0,170.0,MERCEDES-BENZ,NEW C-CLASS 220 CDI AT,16.29
Delhi,2013,56000,Petrol,Manual,First,24.0,47.0,MARUTI,ALTO 800 2016-2019 LXI,0.13
Mumbai,2012,15000,Petrol,Manual,First,18.0,85.0,MARUTI,SWIFT VXI,2.79
Kolkata,2014,14000,Petrol,Manual,First,18.0,82.0,CHEVROLET,SAIL HATCHBACK 1.2 LS ABS,3.41
Ahmedabad,2009,68000,Diesel,Manual,Second,23.0,90.0,HYUNDAI,I20 ASTA 1.4 CRDI (DIESEL),2.43
Delhi,2012,83000,Diesel,Automatic,First,11.0,163.0,SKODA,SUPERB 2.5 TDI AT,9.22
Kochi,2013,81504,Diesel,Manual,First,21.0,87.0,TOYOTA,COROLLA ALTIS D-4D G,7.17
Hyderabad,2015,73500,Diesel,Manual,First,13.0,168.0,TOYOTA,FORTUNER 4X2 MANUAL,18.9
Pune,2013,52900,Petrol,Automatic,First,14.0,103.0,SKODA,RAPID 1.6 MPI AT ELEGANCE,4.99
Mumbai,2017,20000,Petrol,Automatic,First,16.0,86.0,HONDA,BRIO 1.2 VX AT,7.79
Jaipur,2011,46000,Petrol,Manual,First,16.0,73.0,VOLKSWAGEN,POLO PETROL COMFORTLINE 1.2L,1.85
Delhi,2010,65000,Petrol,Manual,First,16.0,73.0,VOLKSWAGEN,POLO PETROL COMFORTLINE 1.2L,0.88
Pune,2007,42000,Petrol,Manual,Third,18.0,67.0,MARUTI,ZEN ESTILO LXI BSIII,-0.44
Kochi,2016,36681,Diesel,Manual,First,23.0,67.0,TOYOTA,ETIOS CROSS 1.4L GD,7.2
Ahmedabad,2014,67000,Diesel,Manual,Second,15.0,140.0,MAHINDRA,XUV500 W8 2WD,8.53
Chennai,2016,18000,Petrol,Automatic,First,18.0,82.0,HYUNDAI,GRAND I10 AT ASTA,6.3
Kochi,2015,56409,Diesel,Manual,First,22.0,89.0,FORD,ECOSPORT 1.5 DV5 MT TITANIUM OPTIONAL,7.38
Mumbai,2016,65263,CNG,Manual,First,17.0,80.0,MARUTI,ERTIGA VXI CNG,8.0
Coimbatore,2018,20300,Petrol,Automatic,First,18.0,117.0,HONDA,CITY I-VTEC CVT ZX,13.05
Kolkata,2010,45008,Petrol,Manual,First,17.0,118.0,HONDA,CITY 1.5 V MT,3.41
Kochi,2017,21799,Petrol,Manual,First,23.0,67.0,MARUTI,CELERIO ZXI MT,6.3
Pune,2011,57328,Petrol,Manual,First,15.0,103.0,VOLKSWAGEN,VENTO PETROL HIGHLINE,2.84
Hyderabad,2017,35358,Diesel,Automatic,First,11.0,171.0,TOYOTA,INNOVA CRYSTA 2.8 ZX AT,20.17
Delhi,2009,46946,Petrol,Manual,Second,18.0,80.0,HYUNDAI,I20 MAGNA,0.68
Kolkata,2012,39772,Diesel,Manual,First,23.0,73.0,MARUTI,RITZ VDI,3.56
Delhi,2014,58000,Diesel,Automatic,First,17.0,174.0,AUDI,A6 2011-2015 2.0 TDI PREMIUM PLUS,21.69
Bangalore,2014,52000,Petrol,Manual,First,13.0,102.0,RENAULT,DUSTER PETROL RXL,5.73
Hyderabad,2008,152000,Petrol,Manual,Second,13.0,130.0,HONDA,CIVIC 2006-2010 1.8 V MT,1.63
Jaipur,2016,42700,Petrol,Manual,First,23.0,84.0,TATA,TIAGO 1.2 REVOTRON XT,4.06
Hyderabad,2014,60000,Diesel,Automatic,First,16.0,147.0,AUDI,A4 2.0 TDI,17.57
Coimbatore,2015,33195,Petrol,Manual,First,19.0,85.0,MARUTI,SWIFT DZIRE VXI,6.61
Hyderabad,2010,110000,Diesel,Manual,First,14.0,174.0,TOYOTA,FORTUNER 2.8 4WD MT,12.96
Mumbai,2016,52000,Diesel,Automatic,First,15.0,203.0,MERCEDES-BENZ,M-CLASS ML 250 CDI,32.91
Kochi,2015,64399,Diesel,Manual,First,21.0,90.0,HYUNDAI,I20 MAGNA 1.4 CRDI,6.2
Mumbai,2015,55000,Petrol,Manual,First,21.0,81.0,MARUTI,WAGON R VXI 1.2,3.95
Bangalore,2012,50000,Diesel,Manual,First,20.0,103.0,VOLKSWAGEN,VENTO DIESEL HIGHLINE,4.96
Kolkata,2014,33485,Petrol,Manual,First,19.0,85.0,MARUTI,SWIFT DZIRE VXI,5.62
Kolkata,2015,32000,Diesel,Manual,First,20.0,91.0,FIAT,LINEA EMOTION (DIESEL),5.86
Bangalore,2009,71400,Petrol,Manual,Third,17.0,118.0,HONDA,CITY 1.5 V MT,2.99
Hyderabad,2016,41713,Diesel,Manual,First,19.0,126.0,HYUNDAI,CRETA 1.6 SX PLUS DIESEL,12.94
Hyderabad,2017,46000,Diesel,Manual,First,25.0,98.0,HONDA,CITY I-DTEC ZX,11.6
Hyderabad,2015,52950,Petrol,Manual,First,14.0,35.0,MARUTI,OMNI 8 SEATER BSIV,2.82
Chennai,2015,29500,Petrol,Manual,First,20.0,81.0,MARUTI,SWIFT LXI OPTION,6.08
Coimbatore,2012,63888,Diesel,Automatic,First,14.0,224.0,MERCEDES-BENZ,M-CLASS ML 350 CDI CORPORATE,21.31
Ahmedabad,2016,60000,Petrol,Manual,First,24.0,47.0,MARUTI,ALTO 800 2016-2019 LXI,3.1
Delhi,2010,59196,Petrol,Manual,Second,15.0,70.0,FORD,FIGO PETROL TITANIUM,0.27
Hyderabad,2016,121362,Diesel,Manual,First,13.0,147.0,TOYOTA,INNOVA CRYSTA 2.4 G MT,16.36
Mumbai,2013,78000,Diesel,Automatic,First,18.0,177.0,BMW,5 SERIES 2003-2012 520D,19.71
Bangalore,2015,59000,Diesel,Automatic,First,13.0,194.0,HYUNDAI,SANTA FE 4WD AT,18.34
Ahmedabad,2012,95000,Diesel,Automatic,Second,22.0,190.0,BMW,5 SERIES 520D LUXURY LINE,21.44
Hyderabad,2010,84000,Diesel,Manual,Second,17.0,68.0,FORD,FIESTA EXI 1.4 TDCI LTD,1.85
Bangalore,2012,58253,Diesel,Manual,Second,23.0,97.0,TOYOTA,ETIOS GD,3.84
Coimbatore,2014,64557,Diesel,Automatic,Second,12.0,187.0,LAND,ROVER RANGE ROVER 2.2L PRESTIGE,40.25
Pune,2012,24500,Petrol,Manual,Second,18.0,97.0,TOYOTA,ETIOS LIVA V,3.71
Kolkata,2009,68078,Petrol,Manual,First,19.0,46.0,MARUTI,ALTO LX,-1.19
Jaipur,2009,149706,Diesel,Manual,First,11.0,171.0,TOYOTA,FORTUNER 3.0 DIESEL,10.79
Pune,2004,215750,Diesel,Manual,Second,0.0,97.0,TOYOTA,QUALIS RS E2,3.01
Mumbai,2013,25984,Petrol,Manual,First,15.0,110.0,FORD,ECOSPORT 1.5 TI VCT MT TITANIUM,5.73
Mumbai,2017,15544,Petrol,Manual,First,21.0,83.0,MARUTI,BALENO SIGMA 1.2,6.3
Mumbai,2015,34000,Diesel,Automatic,First,23.0,112.0,MINI,COOPER COUNTRYMAN D HIGH,21.21
Mumbai,2013,24000,Petrol,Automatic,First,17.0,121.0,HYUNDAI,VERNA 1.6 VTVT EX AT,6.56
Pune,2011,95000,Diesel,Manual,Third,20.0,68.0,FORD,FIGO DIESEL TITANIUM,2.61
Pune,2014,52000,Diesel,Manual,Second,25.0,98.0,HONDA,AMAZE S I-DTECH,3.79
Pune,2012,135000,Diesel,Manual,First,19.0,108.0,RENAULT,DUSTER 110PS DIESEL RXZ,4.91
Delhi,2017,39000,Diesel,Manual,First,23.0,98.0,FORD,ECOSPORT 1.5 DIESEL TITANIUM,8.99
Jaipur,2013,45306,Diesel,Automatic,Second,11.0,241.0,BMW,X6 XDRIVE30D,32.28
Mumbai,2010,140000,Diesel,Manual,First,14.0,174.0,TOYOTA,FORTUNER 2.8 4WD MT,12.99
Pune,2010,55000,LPG,Manual,Second,13.0,62.0,HYUNDAI,SANTRO XING GLS LPG,1.65
Kochi,2015,67415,Diesel,Automatic,First,11.0,184.0,MAHINDRA,SSANGYONG REXTON RX7,13.03
Kolkata,2016,25562,Petrol,Manual,First,23.0,67.0,MARUTI,CELERIO VXI,4.88
Jaipur,2016,30292,Petrol,Manual,First,18.0,81.0,HYUNDAI,I20 SPORTZ 1.2,6.12
Bangalore,2014,84056,Petrol,Manual,First,18.0,123.0,FORD,ECOSPORT 1.0 ECOBOOST TITANIUM PLUS,6.24
Jaipur,2017,62691,Diesel,Manual,First,26.0,88.0,MARUTI,CIAZ VDI,8.4
Pune,2013,87000,Diesel,Automatic,First,17.0,174.0,AUDI,A4 2.0 TDI 177 BHP PREMIUM PLUS,19.29
Delhi,2015,52513,Petrol,Manual,First,18.0,86.0,HONDA,AMAZE S I-VTECH,4.73
Kochi,2016,43983,Petrol,Automatic,First,15.0,110.0,FORD,ECOSPORT 1.5 TI VCT AT TITANIUM,8.01
Hyderabad,2013,90121,Petrol,Manual,First,20.0,67.0,MARUTI,ALTO K10 2010-2014 VXI,3.36
Bangalore,2011,50000,Diesel,Automatic,Third,16.0,241.0,AUDI,A6 3.0 TDI QUATTRO,17.54
Kolkata,2011,42500,Diesel,Automatic,First,18.0,167.0,VOLKSWAGEN,PASSAT DIESEL HIGHLINE 2.0 TDI,7.7
Kochi,2016,62192,Diesel,Manual,First,28.0,74.0,MARUTI,SWIFT VDI,6.35
Chennai,2011,128000,Diesel,Manual,Third,19.0,65.0,MAHINDRA,LOGAN DIESEL 1.5 DLS,1.45
Kochi,2018,38394,Petrol,Manual,First,21.0,103.0,MARUTI,CIAZ ALPHA,9.63
Coimbatore,2013,37287,Petrol,Manual,First,26.0,35.0,TATA,NANO LX,0.89
Delhi,2011,60000,Petrol,Automatic,First,16.0,118.0,HONDA,CITY 1.5 V AT,4.07
Coimbatore,2017,39419,Petrol,Manual,First,18.0,86.0,FORD,FIGO 2015-2019 1.2P TREND MT,6.07
Delhi,2014,55000,Diesel,Manual,First,22.0,88.0,HYUNDAI,I20 SPORTZ 1.4 CRDI,5.43
Mumbai,2016,7000,Petrol,Manual,First,18.0,110.0,FORD,ECOSPORT 1.5 TI VCT MT TITANIUM BE,7.7
Hyderabad,2011,85000,Diesel,Automatic,First,16.0,147.0,AUDI,A4 2.0 TDI,14.64
Hyderabad,2013,51000,Diesel,Automatic,Second,20.0,143.0,BMW,1 SERIES 118D SPORT LINE,18.16
Bangalore,2012,90000,Diesel,Manual,Second,13.0,138.0,TATA,SAFARI DICOR 2.2 LX 4X2,6.47
Jaipur,2010,105000,Diesel,Manual,Second,12.0,120.0,MAHINDRA,SCORPIO VLX 4WD AIRBAG BSIV,4.7
Coimbatore,2017,36458,Petrol,Manual,First,15.0,121.0,HYUNDAI,CRETA 1.6 SX PLUS DUAL TONE PETROL,11.92
Chennai,2006,109000,Petrol,Manual,First,16.0,100.0,HONDA,CITY ZX VTEC,1.33
Delhi,2015,49000,Diesel,Automatic,First,17.0,184.0,BMW,X1 SDRIVE 20D SPORTLINE,24.09
Mumbai,2011,8000,Petrol,Automatic,First,9.0,97.0,PORSCHE,CAYMAN 2009-2012 S TIPTRONIC,33.66
Hyderabad,2010,45000,Diesel,Automatic,First,14.0,241.0,LAND,ROVER RANGE ROVER SPORT 2005 2012 HSE,41.67
Chennai,2008,68000,Petrol,Manual,Third,19.0,46.0,MARUTI,ALTO LXI BSIII,0.15
Mumbai,2011,54000,Petrol,Automatic,First,19.0,80.0,HYUNDAI,I10 ASTA SUNROOF AT,1.91
Delhi,2016,28000,Petrol,Automatic,First,14.0,149.0,HYUNDAI,ELANTRA 2.0 SX OPTION AT,13.35
Delhi,2016,38500,Diesel,Manual,Second,28.0,88.0,MARUTI,CIAZ RS ZDI PLUS SHVS,8.3
Coimbatore,2016,17738,Diesel,Automatic,First,15.0,258.0,BMW,X5 XDRIVE 30D,33.51
Kolkata,2012,67132,Diesel,Manual,First,13.0,78.0,CHEVROLET,TAVERA LT 9 STR BS IV,4.7
Mumbai,2011,47000,Diesel,Manual,First,20.0,108.0,VOLKSWAGEN,VENTO 1.5 TDI TRENDLINE,3.75
Mumbai,2015,28005,Petrol,Manual,First,17.0,117.0,HONDA,CITY I VTEC V,7.17
Kolkata,2017,13000,Petrol,Manual,First,20.0,81.0,MARUTI,SWIFT VXI BSIV,6.94
Kolkata,2012,67000,Diesel,Manual,First,19.0,138.0,VOLKSWAGEN,JETTA 2012-2014 2.0L TDI COMFORTLINE,7.25
Delhi,2015,50000,Petrol,Manual,First,18.0,81.0,HYUNDAI,I20 SPORTZ 1.2,5.15
Bangalore,2014,55000,Diesel,Manual,First,15.0,140.0,MAHINDRA,XUV500 W8 2WD,9.02
Coimbatore,2019,9312,Diesel,Automatic,First,18.0,258.0,MERCEDES-BENZ,E-CLASS E 350 D,37.18
Kolkata,2015,30458,Petrol,Manual,First,23.0,67.0,MARUTI,CELERIO LXI,4.33
Mumbai,2014,46000,Petrol,Manual,First,15.0,103.0,VOLKSWAGEN,VENTO 1.6 HIGHLINE,5.67
Pune,2011,50000,Petrol,Manual,Second,23.0,37.0,TATA,NANO XT,-2.07
Delhi,2016,36676,CNG,Manual,First,25.0,81.0,HYUNDAI,XCENT 1.2 KAPPA S OPTION CNG,5.34
Chennai,2014,72563,Diesel,Manual,Second,22.0,98.0,FORD,ECOSPORT 1.5 TDCI TITANIUM,5.91
Pune,2015,67000,Petrol,Manual,First,16.0,97.0,MARUTI,SWIFT 1.3 VXI ABS,6.1
Coimbatore,2015,58239,Petrol,Automatic,First,14.0,149.0,HYUNDAI,ELANTRA 2.0 SX OPTION AT,12.39
Coimbatore,2015,57934,Diesel,Manual,First,18.0,73.0,CHEVROLET,ENJOY 1.3 TCDI LTZ 8,5.79
Chennai,2017,6500000,Diesel,Automatic,First,15.0,258.0,BMW,X5 XDRIVE 30D M SPORT,59.68
Jaipur,2015,63000,Diesel,Manual,First,20.0,88.0,VOLKSWAGEN,POLO 1.5 TDI HIGHLINE,5.86
Mumbai,2012,27014,Petrol,Manual,First,16.0,75.0,SKODA,FABIA 1.2 MPI AMBITION PLUS,1.96
Chennai,2012,90906,Diesel,Manual,First,20.0,103.0,VOLKSWAGEN,VENTO DIESEL COMFORTLINE,4.24
Hyderabad,2013,61202,Diesel,Automatic,First,11.0,184.0,MAHINDRA,SSANGYONG REXTON RX7,11.05
Mumbai,2014,51000,Diesel,Manual,First,19.0,83.0,NISSAN,TERRANO XL D OPTION,5.89
Ahmedabad,2016,88008,Diesel,Automatic,Second,12.0,174.0,TOYOTA,FORTUNER 2.8 2WD AT,26.94
Mumbai,2007,55000,Petrol,Manual,Second,16.0,97.0,MARUTI,SWIFT 1.3 VXI,0.59
Jaipur,2004,160000,Petrol,Automatic,Second,11.0,125.0,TOYOTA,COROLLA H4,0.77
Kochi,2012,42591,Petrol,Manual,First,20.0,78.0,HYUNDAI,I10 SPORTZ,2.73
Bangalore,2012,67000,Diesel,Manual,First,23.0,90.0,HYUNDAI,I20 1.4 CRDI SPORTZ,4.22
Pune,2014,48000,Diesel,Manual,Second,25.0,98.0,HONDA,AMAZE S I-DTECH,3.79
Jaipur,2014,97000,Diesel,Automatic,First,22.0,126.0,HYUNDAI,VERNA 1.6 SX CRDI (O) AT,6.21
Mumbai,2018,10000,Diesel,Automatic,First,17.0,136.0,MERCEDES-BENZ,GLA CLASS 200 D SPORT,26.33
Coimbatore,2015,56900,Diesel,Manual,First,20.0,88.0,VOLKSWAGEN,POLO 1.5 TDI TRENDLINE,5.15
Hyderabad,2006,74483,Petrol,Automatic,First,0.0,97.0,HYUNDAI,SANTRO AT,1.88
Kochi,2017,36152,Petrol,Automatic,First,21.0,83.0,MARUTI,BALENO ZETA AUTOMATIC,7.37
Hyderabad,2014,85512,Diesel,Manual,First,22.0,74.0,MARUTI,SWIFT VDI,5.36
Chennai,2013,234000,Diesel,Manual,Second,14.0,95.0,MAHINDRA,XYLO D2 BSIV,5.19
Bangalore,2013,36000,Diesel,Manual,Second,22.0,89.0,FORD,ECOSPORT 1.5 DV5 MT TREND,4.83
Delhi,2015,36096,Diesel,Manual,First,15.0,140.0,MAHINDRA,XUV500 W8 2WD,9.99
Hyderabad,2010,111111,Petrol,Manual,Second,18.0,79.0,CHEVROLET,BEAT LS,0.36
Bangalore,2012,73000,Petrol,Manual,First,17.0,121.0,HYUNDAI,VERNA 1.6 VTVT,5.06
Kolkata,2014,44300,Petrol,Manual,Second,18.0,82.0,HYUNDAI,GRAND I10 ASTA,2.98
Bangalore,2014,74500,Diesel,Manual,First,19.0,108.0,RENAULT,DUSTER 110PS DIESEL RXZ,6.83
Coimbatore,2016,21495,Petrol,Manual,First,19.0,81.0,HYUNDAI,XCENT 1.2 KAPPA S OPTION,5.29
Delhi,2012,59000,Petrol,Manual,First,20.0,78.0,HYUNDAI,I10 SPORTZ,2.74
Delhi,2016,23000,Petrol,Automatic,First,13.0,183.0,MERCEDES-BENZ,GLA CLASS 200 SPORT EDITION,25.68
Coimbatore,2008,50135,Diesel,Manual,First,15.0,170.0,MERCEDES-BENZ,NEW C-CLASS 220 CDI MT,16.04
Delhi,2016,25000,Petrol,Automatic,First,15.0,183.0,MERCEDES-BENZ,CLA 200 SPORT EDITION,26.04
Kolkata,2013,47000,Diesel,Manual,First,22.0,126.0,HYUNDAI,VERNA 1.6 SX CRDI (O),6.06
Chennai,2016,150000,Diesel,Manual,First,14.0,93.0,MAHINDRA,XYLO D2 MAXX,6.05
Delhi,2015,53503,Diesel,Manual,First,26.0,74.0,MARUTI,SWIFT DZIRE LDI,4.65
Ahmedabad,2014,47003,Petrol,Manual,First,20.0,78.0,HYUNDAI,I10 SPORTZ,4.7
Delhi,2014,80000,Diesel,Manual,First,14.0,138.0,TATA,SAFARI STORME EXPLORER EDITION,8.0
Coimbatore,2018,20492,Petrol,Manual,First,18.0,82.0,HYUNDAI,GRAND I10 ASTA,7.4
Chennai,2012,17000,Petrol,Automatic,Second,16.0,189.0,MINI,COOPER CONVERTIBLE S,26.97
Delhi,2006,79000,Petrol,Manual,Second,13.0,125.0,TOYOTA,COROLLA H5,1.3
Kolkata,2014,27000,Petrol,Manual,First,14.0,138.0,TOYOTA,COROLLA ALTIS G MT,11.83
Kochi,2018,28786,Petrol,Manual,First,10.0,163.0,MARUTI,GRAND VITARA 2.4 MT,11.9
Chennai,2011,143354,Diesel,Manual,Second,16.0,140.0,MAHINDRA,XUV500 W8 1.99 MHAWK,6.18
Chennai,2008,56000,Petrol,Manual,Second,19.0,97.0,MARUTI,ESTILO LXI,1.3
Mumbai,2013,21000,Petrol,Automatic,First,17.0,189.0,MINI,COOPER 3 DOOR S,24.4
Pune,2014,29202,CNG,Manual,First,33.0,67.0,MARUTI,WAGON R CNG LXI,3.4
Jaipur,2009,73000,Diesel,Manual,Second,21.0,73.0,MARUTI,RITZ VDI,0.44
Delhi,2012,74000,Diesel,Manual,Second,22.0,73.0,VOLKSWAGEN,POLO DIESEL COMFORTLINE 1.2L,2.81
Kochi,2011,65423,Petrol,Manual,First,20.0,78.0,HYUNDAI,I10 MAGNA,2.26
Jaipur,2009,65000,Petrol,Manual,Second,19.0,66.0,MARUTI,A-STAR VXI,0.98
Hyderabad,2013,83875,CNG,Manual,Second,26.0,58.0,MARUTI,WAGON R LXI CNG,2.2
Hyderabad,2014,55277,Petrol,Manual,First,20.0,67.0,MARUTI,WAGON R STINGRAY LXI,3.85
Coimbatore,2017,50808,Diesel,Manual,Second,24.0,98.0,HONDA,MOBILIO S I DTEC,7.58
Jaipur,2017,52000,Petrol,Manual,Second,21.0,55.0,HYUNDAI,EON ERA PLUS,4.62
Mumbai,2017,32000,Petrol,Automatic,First,14.0,103.0,SKODA,RAPID 1.6 MPI AT AMBITION,9.9
Delhi,2017,25000,Diesel,Manual,First,28.0,88.0,MARUTI,CIAZ VDI PLUS SHVS,8.44
Coimbatore,2016,23218,Diesel,Automatic,First,15.0,203.0,MERCEDES-BENZ,M-CLASS ML 250 CDI,32.88
Pune,2010,84000,Diesel,Automatic,First,20.0,138.0,SKODA,LAURA ELEGANCE 2.0 TDI CR AT,5.77
Delhi,2017,40000,Diesel,Manual,First,24.0,88.0,MARUTI,VITARA BREZZA VDI OPTION,8.67
Hyderabad,2011,17000,LPG,Manual,First,13.0,62.0,HYUNDAI,SANTRO XING GLS LPG,3.1
Kolkata,2014,25135,Diesel,Manual,First,24.0,70.0,HYUNDAI,GRAND I10 CRDI SPORTZ,3.76
Delhi,2017,65000,Diesel,Manual,First,25.0,88.0,MARUTI,ERTIGA VDI,8.93
Ahmedabad,2013,40000,Petrol,Manual,First,17.0,80.0,HYUNDAI,I20 1.2 SPORTZ,4.82
Coimbatore,2018,24500,Diesel,Automatic,First,16.0,140.0,MAHINDRA,XUV500 AT W10 FWD,16.17
Kochi,2016,56674,Petrol,Automatic,First,13.0,157.0,SKODA,SUPERB ELEGANCE 1.8 TSI AT,12.17
Kochi,2016,51950,Petrol,Manual,First,20.0,91.0,MARUTI,CIAZ VXI PLUS,7.31
Kolkata,2016,51000,Diesel,Manual,First,19.0,126.0,HYUNDAI,CRETA 1.6 CRDI SX,11.97
Chennai,2012,150000,Diesel,Manual,Third,23.0,97.0,TOYOTA,ETIOS GD,4.97
Chennai,2008,114750,Petrol,Manual,Second,17.0,118.0,HONDA,CITY 1.5 S MT,0.71
Hyderabad,2016,107890,Diesel,Manual,First,13.0,157.0,FORD,ENDEAVOUR 2.2 TREND MT 4X4,20.37
Pune,2012,64000,Diesel,Manual,First,21.0,90.0,HYUNDAI,I20 2015-2017 1.4 MAGNA ABS,4.39
Kolkata,2016,21460,Petrol,Manual,First,17.0,121.0,FORD,ECOSPORT 1.5 PETROL TREND,7.62
Coimbatore,2015,29634,Petrol,Manual,Second,17.0,80.0,HYUNDAI,I20 1.2 SPORTZ,6.28
Ahmedabad,2008,52000,Petrol,Manual,First,16.0,88.0,MARUTI,SWIFT VXI BSIII,1.99
Hyderabad,2015,33000,Petrol,Automatic,First,19.0,88.0,HONDA,JAZZ V CVT,5.98
Kochi,2014,89230,Diesel,Manual,First,11.0,200.0,VOLVO,XC90 2007-2015 D5 AWD,22.57
Delhi,2016,27000,Petrol,Manual,First,21.0,83.0,MARUTI,BALENO ALPHA 1.2,6.79
Kochi,2017,72524,Diesel,Automatic,Second,17.0,136.0,MERCEDES-BENZ,GLA CLASS 200 CDI SPORT,22.9
Hyderabad,2016,73000,Petrol,Manual,First,25.0,53.0,RENAULT,KWID RXT,2.95
Coimbatore,2017,21740,Petrol,Manual,First,18.0,86.0,FORD,FIGO 2015-2019 1.2P TITANIUM OPT MT,6.78
Jaipur,2015,59000,Diesel,Manual,First,13.0,168.0,TOYOTA,FORTUNER 4X2 MANUAL,18.88
Chennai,2013,83432,Petrol,Manual,First,17.0,118.0,HONDA,CITY 1.5 S MT,6.12
Pune,2014,87200,Diesel,Manual,First,15.0,75.0,MAHINDRA,SCORPIO S2 7 SEATER,6.5
Hyderabad,2012,88000,Diesel,Automatic,First,13.0,170.0,BMW,3 SERIES 320D,14.32
Jaipur,2017,48324,Diesel,Manual,First,24.0,88.0,MARUTI,VITARA BREZZA ZDI PLUS,8.82
Delhi,2011,51000,Petrol,Automatic,First,11.0,186.0,MERCEDES-BENZ,NEW C-CLASS C 200 CGI ELEGANCE,16.06
Kolkata,2012,24000,Petrol,Manual,Second,17.0,121.0,HYUNDAI,VERNA 1.6 VTVT,4.51
Kochi,2017,20773,Diesel,Manual,First,24.0,73.0,HYUNDAI,GRAND I10 1.2 CRDI SPORTZ,5.85
Kolkata,2016,22000,Diesel,Manual,First,20.0,88.0,VOLKSWAGEN,POLO 1.5 TDI HIGHLINE,6.81
Kochi,2014,66355,Petrol,Manual,First,18.0,86.0,HONDA,AMAZE S I-VTECH,3.75
Pune,2007,115800,Petrol,Automatic,Third,10.0,152.0,HONDA,CR-V 2.4 AT,4.67
Ahmedabad,2014,41125,Petrol,Manual,First,17.0,62.0,HYUNDAI,SANTRO XING GL PLUS,3.06
Coimbatore,2017,43812,Diesel,Automatic,First,15.0,107.0,MERCEDES-BENZ,B CLASS B200 CDI,20.92
Delhi,2014,69876,Petrol,Manual,First,18.0,86.0,HONDA,AMAZE S I-VTECH,3.76
Pune,2014,102000,Diesel,Automatic,Second,12.0,168.0,TOYOTA,FORTUNER 4X2 AT,18.1
Pune,2011,68000,Petrol,Manual,First,17.0,121.0,HYUNDAI,VERNA 1.6 VTVT,4.07
Delhi,2016,12000,Diesel,Automatic,First,10.0,271.0,JAGUAR,XJ 3.0L PORTFOLIO,41.38
Mumbai,2013,25000,Diesel,Automatic,First,22.0,190.0,BMW,3 SERIES 320D,15.63
Jaipur,2013,51873,Diesel,Manual,First,21.0,88.0,HYUNDAI,I20 MAGNA 1.4 CRDI (DIESEL),3.39
Chennai,2012,72500,Diesel,Manual,First,18.0,68.0,FORD,FIGO DIESEL EXI OPTION,3.18
Pune,2007,83000,Petrol,Manual,First,14.0,64.0,MARUTI,WAGON R LXI BSIII,0.98
Kolkata,2015,39871,Petrol,Manual,First,19.0,81.0,HYUNDAI,XCENT 1.2 KAPPA S OPTION,4.32
Chennai,2015,82000,Diesel,Manual,Second,14.0,118.0,MAHINDRA,XYLO H4,6.29
Coimbatore,2018,23152,Diesel,Automatic,First,19.0,167.0,MERCEDES-BENZ,NEW C-CLASS C 220D AVANTGARDE EDITION C,36.15
Kolkata,2007,71600,Petrol,Manual,Second,20.0,78.0,HYUNDAI,I10 MAGNA,-2.18
Mumbai,2010,122000,Diesel,Manual,Second,11.0,171.0,TOYOTA,FORTUNER 3.0 DIESEL,11.25
Chennai,2016,29277,Petrol,Automatic,First,19.0,158.0,TOYOTA,CAMRY HYBRID,23.31
Kolkata,2011,60000,Diesel,Manual,First,20.0,68.0,FORD,FIGO DIESEL ZXI,2.12
Kolkata,2014,42000,Petrol,Manual,First,19.0,81.0,HYUNDAI,XCENT 1.2 KAPPA S OPTION,3.34
Kochi,2016,61823,Petrol,Manual,First,18.0,81.0,HYUNDAI,I20 SPORTZ 1.2,6.15
Jaipur,2012,53000,LPG,Manual,Second,19.0,68.0,HYUNDAI,I10 MAGNA LPG,2.99
Chennai,2015,75000,CNG,Manual,First,24.0,55.0,TATA,INDIGO CS EMAX CNG GLX,3.25
Hyderabad,2011,110000,Diesel,Manual,First,28.0,73.0,MARUTI,DZIRE VDI,2.25
Kolkata,2010,38446,Petrol,Manual,First,17.0,118.0,HONDA,CITY 1.5 S MT,3.12
Delhi,2017,33000,Diesel,Manual,First,27.0,74.0,MARUTI,BALENO DELTA 1.3,7.87
Kolkata,2011,42118,Petrol,Manual,First,18.0,97.0,TOYOTA,ETIOS LIVA G,2.23
Jaipur,2016,70000,Petrol,Manual,First,21.0,55.0,HYUNDAI,EON ERA PLUS,4.16
Delhi,2012,68038,Diesel,Manual,First,20.0,88.0,VOLKSWAGEN,POLO 1.5 TDI HIGHLINE,2.91
Coimbatore,2014,55012,Diesel,Manual,Second,25.0,57.0,CHEVROLET,BEAT DIESEL LS,2.41
Ahmedabad,2013,55000,Diesel,Automatic,First,22.0,190.0,BMW,5 SERIES 520D LUXURY LINE,22.89
Mumbai,2017,25000,Diesel,Automatic,First,17.0,170.0,MERCEDES-BENZ,GLC 220D 4MATIC SPORT,38.01
Coimbatore,2011,46808,Petrol,Manual,Second,24.0,67.0,MARUTI,ALTO K10 VXI,-0.76
Coimbatore,2015,65743,Petrol,Manual,First,20.0,81.0,HYUNDAI,XCENT 1.2 VTVT S,5.99
Coimbatore,2013,64466,Petrol,Manual,First,19.0,68.0,HYUNDAI,I10 MAGNA 1.1,2.64
Kolkata,2009,75648,Diesel,Manual,First,13.0,97.0,TATA,INDICA DLS,2.58
Jaipur,2016,80000,Diesel,Manual,First,23.0,74.0,MARUTI,SWIFT DZIRE TOUR LDI,4.84
Mumbai,2017,69000,Diesel,Manual,First,25.0,73.0,HYUNDAI,XCENT 1.2 CRDI E PLUS,6.24
Chennai,2014,79200,Diesel,Manual,First,22.0,84.0,NISSAN,SUNNY DIESEL XV,5.52
Mumbai,2016,29477,Petrol,Manual,First,15.0,121.0,HYUNDAI,CRETA 1.6 SX OPTION,10.51
Delhi,2017,40000,Diesel,Automatic,First,12.0,174.0,TOYOTA,FORTUNER 2.8 2WD AT,28.38
Pune,2014,25000,Petrol,Manual,Second,18.0,85.0,MARUTI,RITZ VXI,4.82
Delhi,2014,67668,Diesel,Manual,First,23.0,63.0,RENAULT,PULSE RXL,3.2
Hyderabad,2010,78000,Petrol,Manual,First,17.0,75.0,SKODA,FABIA 1.2 MPI AMBIENTE PETROL,0.61
Mumbai,2017,30000,Diesel,Manual,First,23.0,98.0,FORD,ECOSPORT 1.5 DIESEL TITANIUM,8.99
Kolkata,2015,70623,Petrol,Manual,First,15.0,103.0,VOLKSWAGEN,VENTO PETROL COMFORTLINE,5.12
Mumbai,2015,54000,Diesel,Manual,Second,19.0,108.0,NISSAN,TERRANO XV 110 PS,6.34
Mumbai,2015,48000,Diesel,Automatic,First,15.0,174.0,AUDI,Q3 2012-2015 35 TDI QUATTRO PREMIUM,20.47
Delhi,2012,62000,Diesel,Manual,First,12.0,100.0,TOYOTA,INNOVA 2.5 GX (DIESEL) 7 SEATER,9.2
Delhi,2017,47000,Petrol,Manual,Second,17.0,88.0,TATA,ZEST REVOTRON 1.2T XE,4.44
Bangalore,2014,171000,Diesel,Manual,First,11.0,171.0,TOYOTA,FORTUNER 3.0 DIESEL,15.75
Pune,2012,108000,Diesel,Automatic,First,16.0,184.0,BMW,X3 XDRIVE20D,26.78
Chennai,2016,41000,Diesel,Manual,First,22.0,118.0,MARUTI,SX4 S CROSS DDIS 320 ZETA,9.31
Pune,2012,66000,Petrol,Manual,Second,17.0,118.0,HONDA,CITY 1.5 S MT,4.61
Jaipur,2015,144000,Diesel,Manual,First,26.0,74.0,MARUTI,SWIFT DZIRE LDI,4.74
Kochi,2017,23806,Diesel,Automatic,First,22.0,190.0,BMW,3 SERIES 320D M SPORT,29.06
Chennai,2013,89000,Petrol,Automatic,Second,19.0,76.0,NISSAN,MICRA XV CVT,2.91
Coimbatore,2018,38852,Petrol,Automatic,First,21.0,83.0,MARUTI,BALENO ZETA AUTOMATIC,8.36
Coimbatore,2018,68737,Diesel,Manual,First,26.0,88.0,MARUTI,CIAZ ZDI PLUS,9.99
Coimbatore,2017,23106,Diesel,Automatic,First,17.0,136.0,MERCEDES-BENZ,CLA 200 CDI STYLE,26.19
Delhi,2015,31250,Diesel,Manual,First,24.0,98.0,HONDA,MOBILIO RS I DTEC,7.6
Delhi,2014,77795,Diesel,Manual,First,12.0,100.0,TOYOTA,INNOVA 2.5 GX (DIESEL) 8 SEATER,10.01
Kochi,2015,47759,Diesel,Automatic,First,14.0,270.0,JAGUAR,XF 3.0 LITRE S PREMIUM LUXURY,27.48
Chennai,2013,67620,Petrol,Manual,Second,17.0,88.0,TOYOTA,ETIOS PETROL TRD SPORTIVO,5.35
Kochi,2013,44378,Diesel,Manual,First,25.0,57.0,CHEVROLET,BEAT DIESEL LS,1.91
Delhi,2012,64709,Petrol,Manual,Second,12.0,177.0,HONDA,ACCORD 2.4 M/T,7.91
Hyderabad,2007,76161,Petrol,Manual,First,19.0,46.0,MARUTI,ALTO LXI,-0.27
Bangalore,2013,58410,Diesel,Automatic,First,19.0,141.0,SKODA,OCTAVIA AMBITION 2.0 TDI AT,10.09
Delhi,2011,72000,Diesel,Manual,First,12.0,102.0,TOYOTA,INNOVA 2.5 V DIESEL 7-SEATER,9.32
Chennai,2016,11000,Diesel,Automatic,First,17.0,174.0,AUDI,A4 35 TDI PREMIUM SPORT,27.68
Kochi,2017,45362,Diesel,Manual,First,24.0,88.0,MARUTI,VITARA BREZZA ZDI PLUS DUAL TONE,10.04
Kochi,2016,59767,Petrol,Manual,First,18.0,82.0,HYUNDAI,GRAND I10 SPORTZ,5.19
Chennai,2003,70000,Petrol,Manual,Second,13.0,125.0,TOYOTA,COROLLA DX,0.81
Coimbatore,2019,14233,Diesel,Automatic,First,17.0,153.0,TATA,HEXA XTA,17.2
Pune,2010,72000,Petrol,Manual,Second,17.0,80.0,HYUNDAI,I20 2015-2017 1.2 ASTA,1.6
Mumbai,2014,11000,Petrol,Manual,First,17.0,121.0,HYUNDAI,VERNA 1.6 SX VTVT,6.45
Mumbai,2011,39000,Petrol,Manual,First,14.0,35.0,MARUTI,OMNI 8 SEATER BSIV,-1.14
Kochi,2019,19855,Petrol,Manual,First,24.0,47.0,MARUTI,ALTO 800 2016-2019 VXI,4.88
Bangalore,2017,20149,Diesel,Automatic,First,19.0,167.0,MERCEDES-BENZ,NEW C-CLASS C 220D AVANTGARDE EDITION C,35.16
Jaipur,2011,70000,Petrol,Manual,First,19.0,68.0,HYUNDAI,I10 ERA 1.1,2.59
Mumbai,2010,62004,Petrol,Automatic,Second,14.0,177.0,SKODA,SUPERB STYLE 1.8 TSI AT,10.1
Mumbai,2016,25500,Diesel,Automatic,First,21.0,108.0,VOLKSWAGEN,VENTO 1.5 TDI HIGHLINE AT,9.55
Hyderabad,2013,68800,Diesel,Manual,First,17.0,97.0,MARUTI,SWIFT VDI BSIV,6.5
Pune,2010,61700,Petrol,Manual,First,14.0,130.0,HONDA,CIVIC 2010-2013 1.8 V MT,3.03
Coimbatore,2010,59660,Petrol,Automatic,First,12.0,154.0,BMW,3 SERIES 320I SEDAN,11.04
Hyderabad,2007,69775,Petrol,Manual,Second,17.0,62.0,HYUNDAI,SANTRO XING GLS,-0.71
Hyderabad,2016,51787,Diesel,Manual,First,17.0,97.0,MARUTI,SWIFT VDI BSIV,9.44
Jaipur,2009,88000,Petrol,Automatic,First,11.0,142.0,HONDA,ACCORD 2001-2003 2.3 VTI L AT,5.7
Kolkata,2014,47052,Diesel,Manual,First,20.0,88.0,MARUTI,ERTIGA VDI,6.75
Kochi,2015,69749,Diesel,Manual,First,18.0,67.0,FORD,FIESTA CLASSIC 1.4 DURATORQ LXI,4.44
Hyderabad,2012,79000,Diesel,Automatic,First,12.0,241.0,AUDI,Q7 3.0 TDI QUATTRO PREMIUM PLUS,37.22
Coimbatore,2016,39644,Diesel,Automatic,First,17.0,174.0,AUDI,A4 35 TDI PREMIUM,25.75
Hyderabad,2012,137800,Diesel,Manual,First,22.0,74.0,TATA,INDICA VISTA QUADRAJET VX,2.69
Chennai,2008,120000,Diesel,Manual,Second,18.0,110.0,HYUNDAI,VERNA CRDI ABS,2.3
Mumbai,2018,11000,Diesel,Automatic,First,16.0,194.0,MERCEDES-BENZ,E-CLASS E 220 D,48.87
Mumbai,2014,18600,Diesel,Automatic,Second,22.0,190.0,BMW,3 SERIES 320D LUXURY LINE,20.49
Ahmedabad,2014,116905,Diesel,Manual,First,24.0,70.0,HYUNDAI,GRAND I10 CRDI ASTA,3.89
Coimbatore,2011,32824,Petrol,Automatic,First,16.0,78.0,HYUNDAI,I10 SPORTZ AT,2.7
Kochi,2016,19148,Petrol,Manual,First,16.0,85.0,MARUTI,SWIFT VXI BSIV,6.96
Kolkata,2010,35008,Petrol,Manual,First,17.0,62.0,HYUNDAI,SANTRO XING GLS,2.72
Delhi,2013,21000,Diesel,Automatic,Second,17.0,313.0,BMW,6 SERIES GRAN COUPE,47.96
Mumbai,2014,53000,CNG,Manual,First,22.0,85.0,MARUTI,SX4 GREEN VXI (CNG),3.54
Bangalore,2016,36000,Petrol,Manual,First,17.0,105.0,HYUNDAI,VERNA 1.4 VTVT,6.69
Ahmedabad,2012,56121,Diesel,Manual,First,23.0,74.0,MARUTI,SWIFT DZIRE ZDI,4.26
Pune,2018,30000,Diesel,Manual,First,28.0,74.0,MARUTI,SWIFT VDI,8.3
Kochi,2016,31021,Diesel,Automatic,First,19.0,141.0,SKODA,OCTAVIA 2.0 TDI AT STYLE PLUS,15.0
Coimbatore,2013,52600,Diesel,Manual,First,19.0,108.0,RENAULT,DUSTER 110PS DIESEL RXL,6.11
Bangalore,2005,60000,Diesel,Manual,First,10.0,120.0,MAHINDRA,SCORPIO 2.6 CRDE,0.92
Ahmedabad,2016,44001,Diesel,Automatic,First,18.0,190.0,BMW,5 SERIES 2013-2017 520D LUXURY LINE,33.0
Chennai,2003,101000,Petrol,Manual,Third,17.0,64.0,MARUTI,WAGON R VXI BSIII,-3.6
Hyderabad,2007,84169,Petrol,Manual,First,14.0,64.0,MARUTI,WAGON R LXI BSIII,0.98
Mumbai,2017,14001,Petrol,Manual,First,18.0,81.0,HYUNDAI,I20 SPORTZ 1.2,7.09
Pune,2005,100000,CNG,Manual,Third,17.0,97.0,HYUNDAI,SANTRO XING XO CNG,0.06
Delhi,2016,59000,Diesel,Automatic,First,18.0,255.0,LAND,ROVER DISCOVERY SE 3.0 TD6,48.24
Hyderabad,2009,29000,Petrol,Automatic,Second,11.0,178.0,MERCEDES-BENZ,NEW C-CLASS 230 AVANTGARDE,13.43
Kochi,2014,64158,Diesel,Automatic,First,18.0,97.0,BMW,5 SERIES 520D SEDAN,17.83
Mumbai,2012,38800,Diesel,Manual,First,21.0,84.0,NISSAN,SUNNY 2011-2014 DIESEL XV,3.5
Hyderabad,2011,98000,Diesel,Automatic,First,12.0,241.0,AUDI,Q7 3.0 TDI QUATTRO,26.59
Coimbatore,2017,20969,Diesel,Automatic,First,17.0,136.0,MERCEDES-BENZ,CLA 200 CDI SPORT,26.62
Kolkata,2018,2900,Diesel,Manual,First,24.0,88.0,MARUTI,VITARA BREZZA ZDI,10.51
Hyderabad,2016,69000,Diesel,Manual,First,19.0,73.0,MARUTI,SWIFT DZIRE VDI BSIV,8.11
Coimbatore,2018,5833,Diesel,Manual,First,21.0,108.0,SKODA,RAPID 1.5 TDI AMBITION,11.13
Coimbatore,2016,28733,Diesel,Automatic,Second,12.0,241.0,AUDI,Q7 35 TDI QUATTRO TECHNOLOGY,48.69
Jaipur,2006,145000,Petrol,Manual,First,18.0,67.0,MARUTI,WAGON R LXI,-0.8
Pune,2014,71000,Diesel,Manual,First,25.0,98.0,HONDA,CITY I DTEC VX OPTION,7.56
Jaipur,2017,12000,Petrol,Manual,First,21.0,55.0,HYUNDAI,EON MAGNA PLUS,4.98
Kochi,2018,21603,Diesel,Automatic,First,13.0,265.0,MERCEDES-BENZ,E-CLASS 2015-2017 E350 CDI AVANTGRADE,57.25
Bangalore,2011,65000,Petrol,Manual,Second,0.0,97.0,HYUNDAI,SANTRO GLS II - EURO II,2.59
Hyderabad,2013,58000,Diesel,Automatic,First,13.0,170.0,BMW,3 SERIES 320D,15.28
Pune,2012,39000,Petrol,Automatic,Second,12.0,154.0,BMW,3 SERIES 318I SEDAN,16.66
Coimbatore,2017,37712,Diesel,Manual,First,17.0,100.0,MAHINDRA,NUVOSPORT N8,9.43
Hyderabad,2012,68000,Petrol,Manual,First,18.0,85.0,MARUTI,RITZ VXI,3.39
Chennai,2016,25000,Diesel,Automatic,First,15.0,308.0,BMW,X6 XDRIVE 40D M SPORT,64.69
Kolkata,2010,30000,Petrol,Manual,First,18.0,79.0,CHEVROLET,BEAT LT,0.75
Pune,2014,68218,Petrol,Manual,First,19.0,85.0,MARUTI,SWIFT DZIRE VXI,5.66
Delhi,2014,52000,Diesel,Manual,First,20.0,88.0,MARUTI,ERTIGA ZDI,7.23
Coimbatore,2015,63591,Diesel,Manual,First,20.0,83.0,RENAULT,DUSTER 85PS DIESEL RXL,6.65
Hyderabad,2014,57937,Petrol,Automatic,First,15.0,86.0,HONDA,AMAZE VX AT I-VTECH,4.61
Coimbatore,2015,21979,Diesel,Automatic,First,17.0,174.0,AUDI,A4 2.0 TDI PREMIUM SPORT LIMITED EDITION,25.0
Hyderabad,2002,99000,Diesel,Manual,Second,18.0,66.0,SKODA,OCTAVIA AMBIENTE 1.9 TDI MT,-3.4
Pune,2016,62000,Diesel,Manual,First,25.0,98.0,HONDA,AMAZE E I-DTECH,6.8
Mumbai,2006,127001,Diesel,Manual,First,12.0,102.0,TOYOTA,INNOVA 2.5 EV DIESEL MS 8 STR BSIII,3.1
Hyderabad,2013,84600,Petrol,Manual,Second,21.0,55.0,HYUNDAI,EON D LITE PLUS,1.25
Kochi,2018,30953,Petrol,Manual,First,22.0,53.0,DATSUN,REDI-GO T OPTION,4.03
Chennai,2012,78000,Diesel,Manual,First,22.0,74.0,MARUTI,SWIFT VDI,3.38
Hyderabad,2008,85000,Diesel,Manual,First,9.0,118.0,MITSUBISHI,PAJERO 2.8 GLX SPORTS,7.66
Hyderabad,2008,79000,Diesel,Automatic,First,13.0,215.0,VOLVO,S80 D5,16.58
Delhi,2014,79000,Diesel,Automatic,First,12.0,168.0,TOYOTA,FORTUNER 4X2 AT,18.58
Coimbatore,2018,48188,Diesel,Manual,First,16.0,170.0,JEEP,COMPASS 2.0 LIMITED 4X4,21.48
Coimbatore,2014,67557,Diesel,Manual,First,23.0,74.0,MARUTI,SWIFT DZIRE VDI,5.61
Delhi,2011,103814,Diesel,Manual,Second,22.0,126.0,HYUNDAI,VERNA 1.6 SX,3.74
Kolkata,2014,45128,Diesel,Manual,First,12.0,120.0,MAHINDRA,SCORPIO VLX 2WD BSIV,7.74
Kochi,2013,56075,Petrol,Manual,First,19.0,68.0,HYUNDAI,I10 ERA,4.97
Hyderabad,2011,166000,Diesel,Manual,First,12.0,100.0,TOYOTA,INNOVA 2.5 G (DIESEL) 8 SEATER,8.55
Coimbatore,2017,65367,Diesel,Automatic,First,11.0,171.0,TOYOTA,INNOVA CRYSTA 2.8 ZX AT,20.2
Hyderabad,2013,114708,Diesel,Manual,First,12.0,100.0,TOYOTA,INNOVA 2.5 G (DIESEL) 8 SEATER,10.47
Kochi,2015,35082,Diesel,Manual,First,23.0,74.0,MARUTI,SWIFT DZIRE ZDI,7.2
Kochi,2016,38593,Diesel,Automatic,First,17.0,126.0,HYUNDAI,CRETA 1.6 CRDI AT SX PLUS,13.13
Mumbai,2008,70700,Diesel,Manual,First,12.0,100.0,TOYOTA,INNOVA 2.5 G (DIESEL) 8 SEATER BS IV,5.72
Mumbai,2011,83000,Diesel,Manual,Second,20.0,103.0,VOLKSWAGEN,VENTO DIESEL HIGHLINE,3.51
Hyderabad,2015,120000,Diesel,Manual,First,14.0,80.0,CHEVROLET,TAVERA LS B3 10 SEATS BSIII,6.35
Kochi,2014,91586,Diesel,Automatic,Second,11.0,184.0,MAHINDRA,SSANGYONG REXTON RX7,11.57
Mumbai,2008,38235,Petrol,Manual,First,20.0,78.0,HYUNDAI,I10 MAGNA,-0.73
Kolkata,2011,37000,Petrol,Manual,First,20.0,78.0,HYUNDAI,I10 SPORTZ 1.2,2.84
Mumbai,2006,50888,Petrol,Manual,First,17.0,97.0,HYUNDAI,SANTRO XING XG ERLX EURO III,0.29
Bangalore,2013,44000,Petrol,Manual,Second,18.0,86.0,HONDA,AMAZE S I-VTECH,2.24
Pune,2016,54000,Petrol,Automatic,First,23.0,67.0,MARUTI,CELERIO ZXI AT,5.19
Chennai,2013,90000,Petrol,Manual,First,18.0,82.0,HYUNDAI,GRAND I10 ASTA,2.54
Kolkata,2015,35000,Diesel,Manual,First,19.0,73.0,MARUTI,SWIFT DZIRE VDI,7.11
Coimbatore,2012,47324,Petrol,Manual,Second,20.0,78.0,HYUNDAI,I10 SPORTZ,2.23
Mumbai,2012,65148,Diesel,Automatic,First,15.0,177.0,BMW,X1 SDRIVE 20D EXCLUSIVE,14.34
Coimbatore,2014,57773,Diesel,Automatic,Second,17.0,174.0,AUDI,A4 2.0 TDI 177 BHP PREMIUM PLUS,19.74
Bangalore,2014,87000,Diesel,Manual,First,20.0,83.0,NISSAN,TERRANO XL 85 PS,6.48
Chennai,2007,179032,Diesel,Manual,First,11.0,199.0,MITSUBISHI,MONTERO 3.2 GLS,9.78
Mumbai,2016,8000,Petrol,Automatic,First,22.0,67.0,MARUTI,WAGON R VXI AMT,3.87
Hyderabad,2007,77000,Petrol,Manual,First,13.0,130.0,HONDA,CIVIC 2006-2010 1.8 (E) MT,2.28
Pune,2016,20600,Petrol,Manual,First,18.0,81.0,HYUNDAI,I20 2015-2017 MAGNA 1.2,6.15
Mumbai,2016,13198,Petrol,Manual,First,24.0,67.0,MARUTI,ALTO K10 VXI,4.65
Bangalore,2015,21000,Diesel,Automatic,Second,12.0,241.0,AUDI,Q7 35 TDI QUATTRO TECHNOLOGY,47.7
Delhi,2016,38000,Petrol,Manual,First,18.0,81.0,HYUNDAI,I20 SPORTZ OPTION 1.2,6.33
Coimbatore,2019,15379,Petrol,Automatic,First,23.0,83.0,TATA,TIAGO AMT 1.2 REVOTRON XZA,6.85
Hyderabad,2011,60000,Petrol,Manual,First,20.0,78.0,HYUNDAI,I10 SPORTZ 1.2,2.87
Pune,2007,70000,Petrol,Manual,First,0.0,97.0,HYUNDAI,SANTRO XING XP,2.46
Bangalore,2013,75371,Diesel,Manual,First,20.0,83.0,RENAULT,DUSTER 85PS DIESEL RXL OPTIONAL,5.37
Bangalore,2014,60000,Diesel,Manual,Second,13.0,138.0,TATA,XENON XT EX 4X4,7.8
Kolkata,2009,30675,Petrol,Manual,First,18.0,80.0,HYUNDAI,I20 MAGNA,1.17
Kolkata,2013,22000,Diesel,Manual,First,23.0,74.0,MARUTI,SWIFT DZIRE VDI,4.58
Pune,2015,55000,Petrol,Manual,First,22.0,55.0,HYUNDAI,EON MAGNA,2.62
Jaipur,2010,74213,Diesel,Automatic,First,14.0,170.0,MERCEDES-BENZ,NEW C-CLASS 220 CDI AT,13.36
Mumbai,2016,15000,Petrol,Automatic,First,16.0,189.0,MINI,COOPER CONVERTIBLE S,31.42
Jaipur,2010,57000,Petrol,Manual,First,26.0,35.0,TATA,NANO CX,-2.49
Kolkata,2015,62144,Diesel,Manual,Second,26.0,88.0,MARUTI,CIAZ ZDI PLUS,6.52
Pune,2017,50000,Diesel,Manual,First,22.0,126.0,HYUNDAI,VERNA CRDI 1.6 SX OPTION,10.57
Jaipur,2015,38000,Petrol,Manual,First,21.0,55.0,HYUNDAI,EON ERA PLUS,3.14
Chennai,2016,30000,Diesel,Automatic,Second,18.0,190.0,BMW,5 SERIES 2013-2017 520D LUXURY LINE,32.48
Kochi,2016,38735,Petrol,Manual,First,19.0,86.0,HONDA,BRIO S MT,6.03
Pune,2012,23598,Diesel,Manual,First,23.0,73.0,MARUTI,RITZ VDI,3.54
Chennai,2014,70000,Diesel,Automatic,First,18.0,184.0,BMW,3 SERIES 320D PRESTIGE,19.31
Pune,2016,39000,Diesel,Manual,First,26.0,74.0,MARUTI,SWIFT DZIRE LDI,5.63
Hyderabad,2013,84175,Diesel,Manual,First,23.0,74.0,MARUTI,SWIFT DZIRE VDI,4.64
Kolkata,2013,45000,Petrol,Manual,First,16.0,97.0,RENAULT,SCALA RXL,3.12
Mumbai,2013,59302,Diesel,Automatic,First,14.0,163.0,CHEVROLET,CRUZE LTZ AT,7.3
Ahmedabad,2012,55002,Petrol,Manual,First,17.0,85.0,MARUTI,SWIFT DZIRE ZXI,3.52
Jaipur,2008,128813,Diesel,Manual,First,19.0,69.0,TATA,INDIGO CS LX (TDI) BS III,0.92
Jaipur,2016,46522,Diesel,Manual,First,24.0,70.0,HYUNDAI,GRAND I10 CRDI SPORTZ,5.75
Pune,2014,180000,Diesel,Manual,First,22.0,74.0,TATA,INDICA VISTA QUADRAJET LS,3.45
Chennai,2006,89326,Diesel,Manual,Third,17.0,68.0,FORD,FIESTA 1.4 TDCI EXI,-1.94
Pune,2016,54000,Diesel,Manual,First,19.0,83.0,RENAULT,DUSTER 85PS DIESEL RXE,7.94
Pune,2012,95000,Diesel,Automatic,Second,18.0,97.0,BMW,5 SERIES 520D SEDAN,15.38
Kochi,2015,66337,Diesel,Manual,First,24.0,70.0,HYUNDAI,GRAND I10 CRDI SPORTZ EDITION,4.76
Bangalore,2012,60000,Petrol,Manual,First,19.0,86.0,HONDA,BRIO S MT,2.11
Kolkata,2010,38001,Petrol,Automatic,First,12.0,163.0,AUDI,A4 1.8 TFSI,11.08
Bangalore,2014,73000,Petrol,Manual,Second,24.0,47.0,MARUTI,ALTO 800 2016-2019 LXI,0.63
Bangalore,2011,61000,Petrol,Manual,Second,16.0,103.0,HYUNDAI,VERNA TRANSFORM SX VTVT,3.27
Hyderabad,2013,120000,Diesel,Manual,First,20.0,88.0,MARUTI,ERTIGA ZDI,6.3
Kochi,2012,71787,Petrol,Manual,First,12.0,102.0,CHEVROLET,OPTRA MAGNUM 1.6 LT ABS BS3,3.24
Coimbatore,2016,11554,Diesel,Manual,First,19.0,126.0,HYUNDAI,CRETA 1.6 CRDI SX OPTION,12.46
Hyderabad,2014,90000,Diesel,Manual,First,20.0,103.0,VOLKSWAGEN,VENTO 1.5 TDI HIGHLINE,6.16
Kolkata,2014,48104,Petrol,Manual,First,17.0,117.0,HONDA,CITY I VTEC SV,5.51
Pune,2005,91000,Petrol,Manual,Third,16.0,83.0,HYUNDAI,GETZ GLS ABS,-0.96
Kochi,2007,58815,Petrol,Manual,First,17.0,97.0,HYUNDAI,SANTRO XING XG ERLX EURO III,1.28
Coimbatore,2015,33931,Petrol,Automatic,Second,18.0,82.0,HYUNDAI,GRAND I10 AT ASTA,4.83
Coimbatore,2019,13916,Petrol,Manual,First,18.0,81.0,HYUNDAI,GRAND I10 1.2 KAPPA SPORTZ OPTION,7.32
Pune,2012,90400,CNG,Manual,First,26.0,58.0,MARUTI,WAGON R LXI CNG,1.72
Jaipur,2015,14000,Petrol,Manual,First,18.0,82.0,HYUNDAI,GRAND I10 SPORTZ,4.16
Pune,2007,121000,Diesel,Manual,Second,17.0,97.0,MARUTI,SWIFT VDI BSIV,0.13
Coimbatore,2016,17560,Petrol,Manual,First,18.0,81.0,HYUNDAI,I20 ASTA 1.2,6.75
Pune,2016,60000,Diesel,Manual,First,19.0,83.0,RENAULT,DUSTER 85PS DIESEL RXL,7.79
Hyderabad,2009,88096,Diesel,Manual,Second,19.0,73.0,MARUTI,SWIFT DZIRE VDI,0.74
Pune,2008,178280,Diesel,Manual,First,12.0,102.0,TOYOTA,INNOVA 2.5 G (DIESEL) 8 SEATER BS IV,6.0
Coimbatore,2015,19963,Petrol,Manual,Second,25.0,37.0,TATA,NANO TWIST XT,1.81
Mumbai,2019,1000,Petrol,Manual,First,18.0,86.0,FORD,FIGO 2015-2019 1.2P SPORTS EDITION MT,9.71
Jaipur,2017,8000,Petrol,Manual,First,18.0,81.0,HYUNDAI,I20 1.2 ASTA OPTION,7.64
Pune,2016,9200,Petrol,Manual,First,15.0,117.0,HONDA,BRV I-VTEC V MT,9.27
Hyderabad,2015,29000,Diesel,Manual,First,27.0,98.0,HONDA,AMAZE S DIESEL,5.85
Mumbai,2017,27000,Diesel,Manual,First,19.0,126.0,HYUNDAI,CRETA 1.6 CRDI SX,12.93
Delhi,2018,22900,Petrol,Manual,First,21.0,83.0,MARUTI,BALENO ZETA 1.2,7.78
Hyderabad,2014,50000,Diesel,Automatic,First,14.0,174.0,AUDI,Q5 2.0 TDI TECHNOLOGY,31.33
Jaipur,2015,60207,Diesel,Manual,First,25.0,98.0,HONDA,AMAZE S I-DTEC,6.1
Coimbatore,2010,101119,Diesel,Automatic,First,11.0,235.0,BMW,X5 3.0D,19.96
Jaipur,2010,42000,Petrol,Manual,First,15.0,70.0,FORD,FIGO PETROL TITANIUM,0.76
Pune,2002,93000,Petrol,Manual,Third,18.0,67.0,MARUTI,WAGON R VXI,-6.67
Ahmedabad,2012,60000,Petrol,Manual,Second,19.0,68.0,HYUNDAI,I10 ERA,3.49
Kochi,2015,66122,Diesel,Automatic,First,21.0,103.0,SKODA,RAPID 1.5 TDI AT ELEGANCE,7.27
Kolkata,2015,25100,Diesel,Automatic,First,17.0,300.0,PORSCHE,PANAMERA DIESEL,60.37
Kochi,2017,24733,Petrol,Automatic,First,15.0,183.0,MERCEDES-BENZ,CLA 200 SPORT EDITION,27.03
Ahmedabad,2008,41000,Petrol,Automatic,Second,10.0,201.0,AUDI,A6 2.8 FSI,14.41
Chennai,2015,30000,Petrol,Manual,First,20.0,91.0,MARUTI,CIAZ ZXI PLUS,6.62
Kolkata,2013,36000,Diesel,Manual,First,22.0,89.0,FORD,ECOSPORT 1.5 DV5 MT TITANIUM,5.34
Hyderabad,2017,40279,Diesel,Manual,First,16.0,70.0,MAHINDRA,BOLERO MHAWK D70 ZLX,7.56
Kochi,2018,46805,Petrol,Manual,First,24.0,67.0,MARUTI,ALTO K10 VXI,6.65
Mumbai,2015,60000,Petrol,Manual,First,17.0,85.0,MARUTI,SWIFT DZIRE 1.2 VXI BSIV,6.55
Mumbai,2017,100000,Petrol,Manual,First,17.0,88.0,TATA,ZEST REVOTRON 1.2T XE,4.99
Kolkata,2014,32986,Petrol,Manual,First,16.0,97.0,MARUTI,SWIFT 1.3 VXI,7.98
Coimbatore,2018,51530,Diesel,Automatic,First,10.0,197.0,FORD,ENDEAVOUR 3.2 TREND AT 4X4,29.4
Jaipur,2013,81456,Diesel,Manual,First,15.0,170.0,MERCEDES-BENZ,NEW C-CLASS C 220 CDI CLASSIC,16.44
Ahmedabad,2012,37229,Petrol,Automatic,First,16.0,78.0,HYUNDAI,I10 SPORTZ AT,3.7
Delhi,2009,73200,Petrol,Manual,First,17.0,118.0,HONDA,CITY 1.5 S MT,2.16
Ahmedabad,2015,71826,Diesel,Automatic,First,19.0,141.0,SKODA,OCTAVIA ELEGANCE 2.0 TDI AT,14.99
Chennai,2017,129000,Diesel,Manual,First,25.0,69.0,TATA,INDICA V2 ELS,3.57
Pune,2012,82000,Petrol,Manual,First,18.0,67.0,MARUTI,WAGON R VXI BSII,2.27
Kochi,2017,40459,Diesel,Manual,First,19.0,126.0,HYUNDAI,CRETA 1.6 CRDI SX,12.94
Hyderabad,2009,61964,Petrol,Manual,First,19.0,66.0,MARUTI,A-STAR LXI,0.98
Kochi,2011,15466,Petrol,Manual,First,22.0,67.0,MARUTI,WAGON R LXI,3.37
Kolkata,2014,23000,Petrol,Manual,First,17.0,117.0,HONDA,MOBILIO E I VTEC,5.34
Coimbatore,2012,43766,Petrol,Manual,First,20.0,78.0,HYUNDAI,I10 MAGNA,3.22
Hyderabad,2010,54000,Petrol,Automatic,First,0.0,262.0,SKODA,SUPERB 3.6 V6 FSI,11.43
Coimbatore,2018,18521,Diesel,Manual,First,22.0,88.0,HYUNDAI,I20 1.4 SPORTZ,8.16
Hyderabad,2017,26400,Petrol,Manual,First,23.0,67.0,MARUTI,CELERIO ZXI OPTIONAL,5.51
Pune,2011,31900,Petrol,Manual,First,13.0,157.0,SKODA,LAURA 1.8 TSI AMBIENTE,5.16
Chennai,2010,39000,Diesel,Manual,First,20.0,68.0,FORD,FIGO DIESEL LXI,0.94
Hyderabad,2016,45671,Diesel,Manual,First,27.0,98.0,HONDA,JAZZ 1.5 VX I DTEC,7.1
Ahmedabad,2016,39500,Diesel,Automatic,First,15.0,204.0,MERCEDES-BENZ,E-CLASS 2015-2017 E250 EDITION E,33.1
Chennai,2015,54000,Diesel,Automatic,First,17.0,136.0,MERCEDES-BENZ,GLA CLASS 200 CDI SPORT,21.41
Chennai,2012,20000,Diesel,Automatic,First,18.0,163.0,VOLVO,S60 D3,14.94
Bangalore,2009,55000,Diesel,Automatic,First,11.0,246.0,AUDI,A8 L 3.0 TDI QUATTRO,27.78
Kolkata,2014,48000,Diesel,Automatic,First,22.0,126.0,HYUNDAI,VERNA 1.6 SX CRDI (O) AT,6.17
Kolkata,2011,70000,Diesel,Automatic,First,22.0,190.0,BMW,3 SERIES 320D,13.7
Delhi,2014,62000,Diesel,Manual,First,22.0,126.0,HYUNDAI,VERNA 1.6 SX,7.16
Kochi,2014,41994,Petrol,Manual,First,22.0,67.0,MARUTI,WAGON R VXI,3.94
Hyderabad,2010,108882,Diesel,Manual,Second,20.0,68.0,FORD,FIGO DIESEL EXI,0.22
Coimbatore,2017,24806,Petrol,Manual,First,18.0,82.0,MAHINDRA,KUV 100 MFALCON G80 K2,5.4
Pune,2006,160000,Diesel,Manual,First,17.0,70.0,TATA,INDIGO LS,-0.61
Hyderabad,2017,30000,Diesel,Automatic,First,18.0,100.0,MAHINDRA,TUV 300 T8 AMT,8.82
Bangalore,2015,51000,Diesel,Automatic,First,15.0,181.0,AUDI,Q3 35 TDI QUATTRO PREMIUM PLUS,26.82
Jaipur,2015,64876,Petrol,Manual,First,21.0,81.0,MARUTI,WAGON R VXI 1.2,3.96
Kochi,2016,70536,CNG,Manual,First,31.0,58.0,MARUTI,CELERIO CNG VXI MT,4.37
Coimbatore,2017,25299,Diesel,Manual,First,24.0,88.0,MARUTI,VITARA BREZZA ZDI PLUS DUAL TONE,10.02
Mumbai,2006,89869,Diesel,Manual,First,12.0,116.0,MAHINDRA,SCORPIO DX 2.6 TURBO 8 STR,2.31
Jaipur,2007,103515,Diesel,Manual,Third,12.0,112.0,HYUNDAI,TUCSON CRDI,4.48
Hyderabad,2008,68282,Petrol,Manual,First,17.0,62.0,HYUNDAI,SANTRO XING GLS,0.78
Kochi,2014,60033,Diesel,Automatic,First,18.0,250.0,PORSCHE,PANAMERA DIESEL 250HP,45.7
Kochi,2018,51921,Diesel,Manual,First,24.0,88.0,MARUTI,VITARA BREZZA VDI OPTION,9.66
Mumbai,2017,18414,Diesel,Manual,First,23.0,74.0,MARUTI,SWIFT DZIRE VDI,8.52
Kochi,2016,40866,Petrol,Manual,First,19.0,86.0,HONDA,AMAZE V PETROL,5.2
Pune,2014,55001,Diesel,Automatic,First,16.0,187.0,JAGUAR,XF 2.2 LITRE LUXURY,30.85
Kochi,2017,20469,Petrol,Automatic,First,16.0,189.0,MINI,COOPER CONVERTIBLE S,32.41
Jaipur,2017,8500,Petrol,Manual,First,21.0,55.0,HYUNDAI,EON ERA PLUS,5.08
Ahmedabad,2008,45000,Diesel,Automatic,Second,16.0,241.0,AUDI,A6 3.0 TDI QUATTRO,13.54
Pune,2016,6000,Petrol,Manual,First,17.0,81.0,HYUNDAI,I20 ACTIVE 1.2 SX DUAL TONE,6.88
Chennai,2018,11000,Diesel,Manual,First,28.0,74.0,MARUTI,SWIFT AMT DDIS VDI,8.45
Kochi,2015,80064,Diesel,Manual,First,22.0,89.0,FORD,ECOSPORT 1.5 DV5 MT TITANIUM,7.35
Kolkata,2016,29930,Petrol,Manual,First,18.0,67.0,MARUTI,WAGON R VXI BS IV WITH ABS,4.45
Mumbai,2013,49105,Diesel,Manual,First,20.0,103.0,VOLKSWAGEN,VENTO 1.5 TDI HIGHLINE,5.14
Kolkata,2012,55000,Petrol,Manual,First,17.0,88.0,TOYOTA,ETIOS VX,3.26
Bangalore,2015,23000,Petrol,Manual,First,18.0,88.0,HONDA,JAZZ 1.2 SV I VTEC,4.86
Coimbatore,2016,54727,Diesel,Manual,First,20.0,88.0,VOLKSWAGEN,CROSSPOLO 1.5 TDI,7.1
Kochi,2018,31426,Diesel,Manual,First,21.0,108.0,VOLKSWAGEN,AMEO 1.5 TDI HIGHLINE,8.54
Kochi,2015,53442,Petrol,Manual,First,16.0,116.0,HONDA,CITY V MT EXCLUSIVE,7.62
Hyderabad,2014,28000,Petrol,Automatic,First,16.0,86.0,HONDA,BRIO VX AT,4.05
Mumbai,2017,13412,Petrol,Automatic,First,14.0,103.0,SKODA,RAPID 1.6 MPI AT STYLE,9.19
Hyderabad,2011,70000,Diesel,Manual,First,16.0,110.0,HYUNDAI,VERNA CRDI,5.72
Jaipur,2015,81310,Diesel,Manual,First,21.0,88.0,HYUNDAI,I20 ACTIVE S DIESEL,6.5
Kochi,2019,13574,Petrol,Automatic,First,21.0,83.0,MARUTI,BALENO ALPHA CVT,9.92
Mumbai,2008,75000,Petrol,Manual,Second,11.0,158.0,HONDA,CR-V 2.4L 4WD MT,4.46
Coimbatore,2014,58310,Petrol,Manual,Second,19.0,85.0,MARUTI,SWIFT DZIRE VXI,5.14
Pune,2009,90000,Diesel,Manual,Second,19.0,73.0,MARUTI,SWIFT DZIRE VDI,0.74
Jaipur,2012,83000,Diesel,Manual,First,23.0,74.0,MARUTI,SWIFT DZIRE ZDI,4.28
Jaipur,2017,37282,Petrol,Manual,First,20.0,83.0,MARUTI,SWIFT DZIRE ZXI,7.78
Jaipur,2017,23000,Petrol,Manual,First,18.0,82.0,HYUNDAI,GRAND I10 SPORTZ,6.14
Chennai,2010,82000,Diesel,Manual,First,17.0,68.0,FORD,FIESTA 1.4 ZXI TDCI ABS,2.8
Chennai,2016,31000,Diesel,Manual,First,23.0,126.0,HYUNDAI,VERNA 1.6 CRDI S,8.59
Jaipur,2001,200000,Petrol,Manual,First,12.0,97.0,MARUTI,WAGON R VX,-1.5
Delhi,2014,45001,Diesel,Manual,Second,20.0,68.0,FORD,FIGO DIESEL EXI,4.11
Coimbatore,2014,50446,Diesel,Manual,First,21.0,88.0,TATA,MANZA AQUA QUADRAJET BS IV,4.13
Ahmedabad,2009,89000,Petrol,Manual,First,13.0,130.0,HONDA,CIVIC 2006-2010 1.8 S MT,4.69
Ahmedabad,2007,72000,Petrol,Manual,Second,19.0,46.0,MARUTI,ALTO LX BSIII,-1.37
Ahmedabad,2013,90000,Diesel,Automatic,First,22.0,190.0,BMW,5 SERIES 520D LUXURY LINE,22.92
Bangalore,2015,76000,Diesel,Manual,Second,16.0,140.0,MAHINDRA,XUV500 W8 2WD,9.37
Hyderabad,2012,78401,Diesel,Manual,First,23.0,73.0,MARUTI,RITZ VDI,3.59
Kochi,2017,38426,Diesel,Manual,First,24.0,88.0,MARUTI,VITARA BREZZA ZDI PLUS,8.81
Pune,2011,45000,Petrol,Manual,First,15.0,73.0,MARUTI,EECO 7 SEATER STANDARD,0.4
Mumbai,2012,83000,Petrol,Manual,First,17.0,85.0,MARUTI,SWIFT DZIRE 1.2 VXI BSIV,3.61
Coimbatore,2017,50170,Diesel,Automatic,First,17.0,126.0,HYUNDAI,CRETA 1.6 CRDI AT SX PLUS,14.13
Mumbai,2010,37822,Petrol,Manual,First,22.0,67.0,MARUTI,WAGON R LXI,2.41
Kolkata,2015,33517,Diesel,Manual,First,27.0,47.0,MARUTI,CELERIO ZDI,3.51
Delhi,2014,110000,Diesel,Automatic,First,13.0,194.0,HYUNDAI,SANTA FE 2WD AT,13.79
Kolkata,2017,60000,Petrol,Manual,First,21.0,55.0,HYUNDAI,EON D LITE PLUS OPTION,3.88
Delhi,2013,92408,Petrol,Manual,First,18.0,82.0,HYUNDAI,I20 SPORTZ 1.2,3.31
Bangalore,2014,45000,Petrol,Manual,First,17.0,121.0,HYUNDAI,VERNA 1.6 SX VTVT (O),6.45
Kochi,2013,33793,Petrol,Manual,First,18.0,86.0,HONDA,BRIO S OPTION MT,3.69
Kochi,2017,26327,Petrol,Manual,First,20.0,81.0,MARUTI,SWIFT VXI OPTIONAL,6.21
Coimbatore,2018,20604,Diesel,Automatic,First,19.0,167.0,MERCEDES-BENZ,NEW C-CLASS C 220D AVANTGARDE EDITION C,36.15
Coimbatore,2018,61386,Diesel,Manual,First,25.0,74.0,MARUTI,SWIFT VDI OPTIONAL,8.02
Delhi,2018,11500,Diesel,Automatic,First,28.0,74.0,MARUTI,SWIFT AMT VDI,8.34
Chennai,2012,58000,Diesel,Manual,First,25.0,57.0,CHEVROLET,BEAT DIESEL LS,0.94
Delhi,2014,38000,Petrol,Automatic,First,13.0,157.0,SKODA,SUPERB ELEGANCE 1.8 TSI AT,10.17
Bangalore,2012,49000,Diesel,Automatic,Second,14.0,167.0,MERCEDES-BENZ,NEW C-CLASS C 220 CDI BE AVANTGARE,21.97
Coimbatore,2017,72202,Diesel,Manual,First,13.0,147.0,TOYOTA,INNOVA CRYSTA 2.4 VX MT 8S,19.08
Kolkata,2016,7000,Petrol,Manual,First,20.0,78.0,HYUNDAI,I10 SPORTZ,6.64
Ahmedabad,2014,20000,Diesel,Manual,Second,25.0,98.0,HONDA,AMAZE S I-DTEC,4.58
Hyderabad,2017,14061,Diesel,Manual,First,21.0,88.0,HYUNDAI,I20 MAGNA 1.4 CRDI (DIESEL),7.3
Coimbatore,2018,30706,Diesel,Automatic,First,11.0,254.0,MERCEDES-BENZ,GLE 350D,62.02
Kolkata,2011,51387,Diesel,Manual,First,12.0,120.0,MAHINDRA,SCORPIO 2009-2014 SLE 7S BSIV,5.24
Bangalore,2006,44000,Petrol,Manual,Second,15.0,83.0,HYUNDAI,GETZ GLE,0.13
Mumbai,2016,12208,Petrol,Manual,First,21.0,83.0,MARUTI,BALENO ALPHA,6.73
Chennai,2011,55000,Diesel,Manual,First,16.0,123.0,CHEVROLET,OPTRA MAGNUM 2.0 LT,4.95
Mumbai,2011,61600,Petrol,Manual,First,17.0,121.0,HYUNDAI,VERNA 1.6 SX VTVT (O),3.51
Hyderabad,2016,28414,Petrol,Manual,First,17.0,118.0,HONDA,CITY 1.5 V MT,9.32
Mumbai,2017,27853,Petrol,Automatic,First,17.0,103.0,VOLKSWAGEN,POLO GT TSI,8.56
Bangalore,2013,55116,Petrol,Manual,First,19.0,86.0,HONDA,BRIO E MT,2.58
Ahmedabad,2017,26000,Diesel,Manual,First,26.0,74.0,MARUTI,SWIFT DZIRE VDI,8.05
Pune,2012,45496,Petrol,Manual,First,17.0,118.0,HONDA,CITY 1.5 V MT EXCLUSIVE,4.7
Pune,2013,76000,Diesel,Automatic,Second,11.0,184.0,MAHINDRA,SSANGYONG REXTON RX7,10.57
Pune,2014,136000,Petrol,Manual,First,13.0,157.0,SKODA,SUPERB ELEGANCE 1.8 TSI MT,10.33
Pune,2009,100000,Petrol,Manual,First,0.0,97.0,HYUNDAI,SANTRO GLS II - EURO II,1.16
Kolkata,2010,38127,Petrol,Manual,First,19.0,46.0,MARUTI,ALTO LXI,2.65
Jaipur,2014,82450,Diesel,Manual,First,23.0,90.0,HYUNDAI,I20 ASTA (O) 1.4 CRDI (DIESEL),6.29
Coimbatore,2014,62497,Petrol,Manual,First,15.0,110.0,FORD,ECOSPORT 1.5 TI VCT MT TREND,7.5
Hyderabad,2011,86732,Diesel,Manual,First,23.0,63.0,NISSAN,MICRA DIESEL XV,2.64
Kochi,2016,27969,Petrol,Manual,First,19.0,86.0,HONDA,BRIO E MT,5.51
Delhi,2013,66372,Diesel,Automatic,First,11.0,184.0,MAHINDRA,SSANGYONG REXTON RX7,11.06
Coimbatore,2013,73525,Diesel,Automatic,First,16.0,258.0,BMW,7 SERIES 730LD SEDAN,28.79
Kochi,2018,20689,Petrol,Manual,First,18.0,81.0,HYUNDAI,GRAND I10 1.2 KAPPA SPORTZ,6.6
Coimbatore,2018,25093,Petrol,Manual,First,21.0,83.0,MARUTI,BALENO DELTA 1.2,7.28
Coimbatore,2016,49176,Diesel,Manual,First,11.0,112.0,MAHINDRA,XYLO E8 ABS BS IV,8.8
Delhi,2012,87510,Diesel,Manual,First,21.0,78.0,RENAULT,FLUENCE DIESEL E4,3.37
Coimbatore,2012,38214,Petrol,Manual,Second,18.0,80.0,HYUNDAI,I20 1.2 MAGNA,3.78
Kochi,2013,48986,Diesel,Manual,First,10.0,107.0,MITSUBISHI,PAJERO 2.8 SFX,12.18
Pune,2011,88000,Petrol,Automatic,First,14.0,138.0,TOYOTA,COROLLA ALTIS 2008-2013 1.8 VL AT,6.91
Pune,2015,69002,Diesel,Automatic,First,15.0,258.0,BMW,X5 X5 M,52.83
Pune,2011,43706,Petrol,Automatic,First,10.0,215.0,BMW,3 SERIES 2005-2011 325I SEDAN,17.41
Coimbatore,2016,58671,Diesel,Automatic,First,17.0,126.0,HYUNDAI,CRETA 1.6 CRDI AT SX PLUS,13.15
Coimbatore,2017,49404,Diesel,Manual,First,18.0,100.0,MAHINDRA,TUV 300 2015-2019 T8,8.3
Delhi,2010,72000,Diesel,Manual,First,12.0,120.0,MAHINDRA,SCORPIO VLX 2.2 MHAWK BSIII,4.71
Mumbai,2016,24000,Petrol,Manual,First,25.0,53.0,RENAULT,KWID RXT,2.91
Coimbatore,2017,53285,Petrol,Automatic,First,22.0,67.0,RENAULT,KWID 1.0 RXT OPTIONAL AMT,4.56
Pune,2017,12000,Petrol,Manual,First,16.0,85.0,MARUTI,SWIFT VXI BSIV,7.94
Kolkata,2012,45000,Diesel,Automatic,First,17.0,105.0,SKODA,LAURA 1.9 TDI AT AMBIENTE,8.28
Coimbatore,2018,26234,Petrol,Manual,First,24.0,47.0,MARUTI,ALTO 800 2016-2019 VXI,3.9
Delhi,2014,55000,Petrol,Manual,First,18.0,85.0,MARUTI,SWIFT VXI,4.8
Pune,2012,90000,Diesel,Manual,First,23.0,90.0,HYUNDAI,I20 1.4 CRDI SPORTZ,4.24
Mumbai,2015,48000,Diesel,Automatic,First,15.0,174.0,AUDI,Q3 2012-2015 35 TDI QUATTRO PREMIUM,20.47
Mumbai,2017,19863,Diesel,Automatic,First,11.0,254.0,MERCEDES-BENZ,GLE 350D,61.02
Mumbai,2010,55000,Petrol,Manual,Second,19.0,68.0,HYUNDAI,I10 ERA,1.51
Kolkata,2016,4800,Petrol,Manual,First,20.0,67.0,MARUTI,WAGON R LXI OPTIONAL,4.55
Kochi,2017,38607,Petrol,Manual,Second,17.0,117.0,HONDA,CITY I VTEC V,8.65
Mumbai,2018,3958,Petrol,Manual,First,18.0,81.0,HYUNDAI,GRAND I10 1.2 KAPPA SPORTZ,6.59
Jaipur,2014,74000,Diesel,Manual,Second,25.0,98.0,HONDA,CITY I DTEC VX,6.15
Mumbai,2009,54540,Petrol,Manual,Third,17.0,85.0,MARUTI,SWIFT DZIRE VXI,1.57
Delhi,2015,58400,Petrol,Manual,First,17.0,85.0,MARUTI,SWIFT DZIRE ZXI,6.48
Kochi,2013,73648,Diesel,Manual,First,15.0,140.0,MAHINDRA,XUV500 W8 2WD,8.05
Jaipur,2016,83000,Diesel,Manual,First,28.0,88.0,MARUTI,CIAZ ZDI PLUS SHVS,7.95
Kochi,2016,16159,Diesel,Manual,First,22.0,126.0,HYUNDAI,VERNA 1.6 SX CRDI (O),8.98
Mumbai,2005,150000,Diesel,Manual,First,13.0,82.0,HYUNDAI,ACCENT CRDI,-0.13
Mumbai,2014,22100,Petrol,Manual,First,19.0,86.0,HONDA,BRIO S MT,4.04
Coimbatore,2017,35043,Petrol,Manual,First,17.0,81.0,HYUNDAI,I20 ACTIVE 1.2 SX,7.28
Pune,2018,24000,Diesel,Automatic,First,18.0,184.0,BMW,3 SERIES 320D SPORT LINE,25.26
Chennai,2015,480000,Diesel,Automatic,First,16.0,138.0,VOLKSWAGEN,JETTA 2013-2015 2.0L TDI HIGHLINE AT,11.61
Chennai,2011,70000,Petrol,Manual,Second,15.0,103.0,VOLKSWAGEN,POLO PETROL HIGHLINE 1.6L,3.1
Pune,2015,13769,Petrol,Manual,Second,16.0,85.0,MARUTI,SWIFT VXI BSIV,5.47
Kolkata,2013,58000,Diesel,Manual,First,19.0,108.0,RENAULT,DUSTER 110PS DIESEL RXZ,5.83
Hyderabad,2009,58000,Diesel,Automatic,First,18.0,190.0,BMW,X3 XDRIVE 20D LUXURY LINE,31.73
Coimbatore,2018,18705,Diesel,Manual,First,20.0,91.0,FIAT,AVVENTURA MULTIJET EMOTION,9.22
Delhi,2013,32378,Petrol,Manual,First,20.0,67.0,MARUTI,WAGON R STINGRAY VXI,2.35
Kolkata,2013,45000,Diesel,Manual,First,22.0,76.0,CHEVROLET,SAIL HATCHBACK LS ABS,3.36
Coimbatore,2015,36836,Diesel,Manual,First,15.0,140.0,MAHINDRA,XUV500 W8 2WD,9.99
Kochi,2016,54199,Diesel,Manual,First,23.0,88.0,TATA,ZEST QUADRAJET 1.3,5.79
Kochi,2017,36935,Diesel,Automatic,First,18.0,190.0,BMW,X3 XDRIVE20D XLINE,31.79
Chennai,2015,23000,Diesel,Manual,First,25.0,74.0,MARUTI,SWIFT VDI BSIV,5.06
Bangalore,2015,14000,Diesel,Automatic,First,18.0,190.0,BMW,5 SERIES 2013-2017 520D LUXURY LINE,31.99
Chennai,2015,100073,Diesel,Manual,Second,25.0,69.0,TATA,INDIGO CS EVX,1.82
Kochi,2015,59182,Diesel,Manual,First,15.0,140.0,MAHINDRA,XUV500 W8 2WD,10.01
Kochi,2016,72132,Diesel,Automatic,Second,12.0,241.0,AUDI,Q7 35 TDI QUATTRO PREMIUM PLUS,37.69
Hyderabad,2009,79000,Diesel,Automatic,First,18.0,177.0,BMW,5 SERIES 2003-2012 520D,15.77
Coimbatore,2013,66930,Petrol,Manual,First,17.0,121.0,HYUNDAI,VERNA 1.6 SX VTVT (O),5.48
Pune,2015,100000,Diesel,Automatic,Second,13.0,194.0,HYUNDAI,SANTA FE 4WD AT,17.87
Bangalore,2012,43000,Petrol,Manual,First,0.0,97.0,HYUNDAI,SANTRO GLS II - EURO II,4.06
Kochi,2018,27413,Petrol,Automatic,First,20.0,67.0,MARUTI,WAGON R AMT VXI,6.25
Pune,2007,90000,Petrol,Manual,Second,17.0,64.0,MARUTI,WAGON R LX BSIII,1.66
Kolkata,2013,40300,Petrol,Manual,First,18.0,82.0,HYUNDAI,I20 SPORTZ 1.2,3.26
Kochi,2011,73783,Petrol,Automatic,Second,13.0,157.0,SKODA,SUPERB ELEGANCE 1.8 TSI AT,6.75
Pune,2005,86000,Petrol,Manual,Second,15.0,83.0,HYUNDAI,GETZ GLS,-1.27
Delhi,2014,65694,Petrol,Manual,First,18.0,67.0,MARUTI,WAGON R LXI BS IV,4.12
Kolkata,2015,23000,Petrol,Manual,First,16.0,34.0,MARUTI,OMNI MPI CARGO BSIV,1.89
Mumbai,2012,51000,Petrol,Manual,First,20.0,78.0,HYUNDAI,I10 MAGNA 1.2,3.28
Kochi,2018,18335,Petrol,Manual,First,21.0,67.0,RENAULT,KWID 1.0 RXT OPTIONAL,4.75
Bangalore,2014,36000,Diesel,Automatic,First,15.0,107.0,MERCEDES-BENZ,B CLASS 2012-2015 B200 SPORT CDI,19.02
Mumbai,2017,25000,Petrol,Automatic,First,17.0,103.0,VOLKSWAGEN,POLO GT TSI,8.56
Bangalore,2007,81000,Diesel,Manual,Third,12.0,120.0,MAHINDRA,SCORPIO VLX 4WD,3.7
Kochi,2019,21719,Diesel,Automatic,First,12.0,174.0,TOYOTA,FORTUNER 2.8 2WD AT,30.34
Coimbatore,2013,75421,Diesel,Manual,First,25.0,56.0,CHEVROLET,BEAT DIESEL LT,3.14
Delhi,2010,80000,Diesel,Manual,First,12.0,102.0,TOYOTA,INNOVA 2.5 G4 DIESEL 8-SEATER,7.65
Kochi,2018,10671,Petrol,Manual,First,20.0,83.0,MARUTI,SWIFT DZIRE VXI,9.21
Hyderabad,2018,4126,Petrol,Manual,First,21.0,67.0,RENAULT,KWID CLIMBER 1.0 MT,5.16
Hyderabad,2017,98500,Diesel,Manual,First,22.0,74.0,TATA,BOLT QUADRAJET XM,6.37
Coimbatore,2016,61578,Petrol,Manual,First,18.0,82.0,HYUNDAI,GRAND I10 ASTA,5.47
Ahmedabad,2014,54000,Diesel,Manual,First,20.0,103.0,VOLKSWAGEN,VENTO 1.5 TDI HIGHLINE,6.13
Coimbatore,2013,70998,Diesel,Automatic,First,17.0,174.0,AUDI,A6 2011-2015 2.0 TDI,20.46
Kolkata,2015,40082,Diesel,Manual,First,19.0,73.0,MARUTI,SWIFT DZIRE LDI BSIV,5.88
Kochi,2012,50619,Petrol,Manual,First,18.0,62.0,CHEVROLET,SPARK 1.0 LT,2.9
Coimbatore,2009,103905,Diesel,Automatic,First,22.0,190.0,BMW,3 SERIES 320D,11.76
Kochi,2018,15334,Petrol,Manual,First,21.0,55.0,HYUNDAI,EON ERA PLUS,6.08
Hyderabad,2013,69000,Diesel,Manual,First,23.0,74.0,MARUTI,SWIFT DZIRE VDI,4.62
Hyderabad,2014,75160,Diesel,Manual,First,20.0,88.0,VOLKSWAGEN,CROSSPOLO 1.5 TDI,5.15
Coimbatore,2014,44753,Petrol,Manual,First,18.0,86.0,HONDA,AMAZE E I-VTECH,4.07
Kochi,2012,53024,Petrol,Automatic,First,14.0,103.0,VOLKSWAGEN,VENTO PETROL HIGHLINE AT,4.29
Kolkata,2014,23840,Petrol,Manual,First,20.0,67.0,MARUTI,WAGON R STINGRAY VXI,3.33
Hyderabad,2014,81298,Diesel,Manual,First,20.0,88.0,VOLKSWAGEN,POLO 1.5 TDI HIGHLINE,4.89
Jaipur,2015,59000,Petrol,Manual,Second,16.0,73.0,VOLKSWAGEN,POLO PETROL COMFORTLINE 1.2L,5.31
Kochi,2016,51806,Diesel,Manual,First,25.0,98.0,HONDA,AMAZE SX I-DTEC,5.54
Delhi,2014,56000,Diesel,Automatic,First,18.0,187.0,AUDI,A6 35 TDI MATRIX,28.91
Kochi,2019,29279,Diesel,Manual,First,24.0,69.0,TATA,TIGOR 1.05 REVOTORQ XZ OPTION,7.69
Kochi,2017,33550,Diesel,Automatic,First,21.0,108.0,VOLKSWAGEN,VENTO 1.5 TDI HIGHLINE AT,10.55
Hyderabad,2014,62000,Diesel,Automatic,First,18.0,187.0,AUDI,A6 35 TDI MATRIX,28.91
Hyderabad,2014,66000,Diesel,Manual,First,19.0,108.0,NISSAN,TERRANO XL 110 PS,6.56
Coimbatore,2016,46630,Diesel,Automatic,First,21.0,103.0,SKODA,RAPID 1.5 TDI AT ELEGANCE,8.24
Hyderabad,2016,72566,Diesel,Manual,First,25.0,99.0,FORD,FIGO ASPIRE 1.5 TDCI TREND,6.71
Pune,2011,51482,Diesel,Manual,First,15.0,70.0,TATA,VENTURE EX,2.2
Chennai,2011,90000,Diesel,Automatic,First,14.0,167.0,MERCEDES-BENZ,NEW C-CLASS C 220 CDI BE AVANTGARE,21.52
Jaipur,2014,69000,Diesel,Manual,Second,13.0,168.0,TOYOTA,FORTUNER 4X2 MANUAL,17.4
Delhi,2011,90000,Petrol,Manual,Second,17.0,118.0,HONDA,CITY 1.5 V MT,3.94
Mumbai,2015,39000,Petrol,Manual,First,18.0,81.0,HYUNDAI,I20 ASTA OPTION 1.2,5.48
Hyderabad,2012,110000,Diesel,Manual,Second,20.0,103.0,VOLKSWAGEN,VENTO DIESEL TRENDLINE,4.35
Kochi,2011,68022,Diesel,Manual,First,13.0,141.0,FORD,ENDEAVOUR 2.5L 4X2 MT,6.83
Coimbatore,2018,27852,Petrol,Automatic,First,14.0,121.0,FORD,ECOSPORT 1.5 PETROL TITANIUM PLUS AT,11.49
Bangalore,2013,58291,Diesel,Manual,First,17.0,97.0,MARUTI,SWIFT VDI BSIV,6.49
Coimbatore,2011,68439,Diesel,Manual,First,23.0,90.0,HYUNDAI,I20 SPORTZ DIESEL,3.26
Delhi,2011,150000,Diesel,Manual,First,12.0,100.0,TOYOTA,INNOVA 2.5 VX (DIESEL) 8 SEATER,7.99
Mumbai,2018,14000,Diesel,Manual,First,21.0,108.0,TATA,NEXON 1.5 REVOTORQ XZ PLUS DUAL TONE,9.94
Hyderabad,2012,71558,Diesel,Manual,First,20.0,68.0,FORD,FIGO DIESEL TITANIUM,3.03
Delhi,2013,48000,Diesel,Automatic,Second,17.0,300.0,PORSCHE,PANAMERA DIESEL,57.91
Jaipur,2015,65800,Diesel,Automatic,First,17.0,126.0,HYUNDAI,CRETA 1.6 CRDI AT SX PLUS,12.17
Hyderabad,2014,53000,Diesel,Automatic,First,16.0,140.0,AUDI,A4 2.0 TDI MULTITRONIC,18.04
Kolkata,2017,14600,Diesel,Manual,First,16.0,140.0,MAHINDRA,XUV500 W8 4WD,12.86
Jaipur,2017,34429,Diesel,Automatic,First,13.0,174.0,ISUZU,MUX 4WD,19.63
Delhi,2014,52000,Diesel,Manual,First,23.0,74.0,MARUTI,SWIFT DZIRE VDI,5.59
Kolkata,2015,25470,Petrol,Manual,First,20.0,91.0,MARUTI,CIAZ ZXI,6.42
Pune,2013,22000,Petrol,Manual,First,21.0,55.0,HYUNDAI,EON ERA PLUS,1.15
Chennai,2007,75000,Diesel,Automatic,First,11.0,198.0,MERCEDES-BENZ,E-CLASS 280 CDI,10.97
Pune,2011,95995,Diesel,Automatic,First,18.0,177.0,BMW,5 SERIES 2003-2012 520D,17.75
Jaipur,2017,26877,Diesel,Manual,First,24.0,73.0,HYUNDAI,GRAND I10 1.2 CRDI SPORTZ OPTION,6.56
Hyderabad,2015,26000,Diesel,Automatic,First,14.0,301.0,JAGUAR,XJ 3.0L PORTFOLIO,42.5
Chennai,2007,140000,Diesel,Manual,Second,17.0,75.0,MARUTI,SWIFT LDI BSIII,1.45
Hyderabad,2008,95291,Petrol,Manual,First,17.0,62.0,HYUNDAI,SANTRO XING GLS,0.8
Hyderabad,2009,135000,Diesel,Manual,Second,12.0,102.0,TOYOTA,INNOVA 2.5 V DIESEL 8-SEATER,6.58
Kolkata,2015,32000,Petrol,Manual,First,18.0,81.0,HYUNDAI,I20 SPORTZ 1.2,5.13
Mumbai,2008,68333,Diesel,Automatic,Second,11.0,198.0,MERCEDES-BENZ,E-CLASS 280 CDI,11.44
Chennai,2011,72000,Diesel,Manual,First,20.0,68.0,FORD,FIGO DIESEL ZXI,2.13
Ahmedabad,2012,52100,Diesel,Manual,First,21.0,86.0,TOYOTA,COROLLA ALTIS 1.4 DG,6.32
Jaipur,2018,10000,Petrol,Manual,First,18.0,81.0,HYUNDAI,GRAND I10 1.2 KAPPA SPORTZ,6.59
Coimbatore,2019,6261,Diesel,Manual,First,16.0,170.0,JEEP,COMPASS 2.0 LIMITED 4X4,22.43
Coimbatore,2019,3906,Petrol,Automatic,First,20.0,81.0,MARUTI,IGNIS 1.2 AMT ALPHA,8.61
Pune,2014,55960,Diesel,Manual,First,11.0,171.0,TOYOTA,FORTUNER 3.0 DIESEL,15.64
Jaipur,2013,144000,Diesel,Manual,First,20.0,103.0,VOLKSWAGEN,VENTO DIESEL HIGHLINE,6.04
Mumbai,2017,38000,Diesel,Manual,First,13.0,147.0,TOYOTA,INNOVA CRYSTA 2.4 VX MT,18.37
Jaipur,2013,51000,Diesel,Manual,First,20.0,68.0,FORD,FIGO DIESEL CELEBRATION EDITION,3.06
Hyderabad,2015,150000,Diesel,Manual,First,23.0,67.0,TOYOTA,PLATINUM ETIOS 1.4 GXD,6.42
Mumbai,2018,2500,Diesel,Manual,First,18.0,63.0,MAHINDRA,THAR DI 4X4,7.63
Kochi,2018,41661,Diesel,Automatic,First,12.0,187.0,LAND,ROVER RANGE ROVER HSE DYNAMIC,45.28
Delhi,2011,64000,Diesel,Automatic,First,16.0,181.0,BMW,3 SERIES 320D HIGHLINE,13.65
Bangalore,2008,80000,Petrol,Manual,Second,13.0,94.0,HYUNDAI,ACCENT GLS,1.07
Jaipur,2016,30000,Petrol,Automatic,Second,23.0,67.0,MARUTI,CELERIO ZXI AT,4.66
Chennai,2014,43000,Diesel,Automatic,Second,16.0,187.0,JAGUAR,XF 2.2 LITRE LUXURY,30.34
Bangalore,2013,90000,Diesel,Automatic,Second,12.0,179.0,AUDI,A6 2.7 TDI,15.82
Hyderabad,2011,123880,Diesel,Manual,First,23.0,63.0,NISSAN,MICRA DIESEL XV,2.68
Jaipur,2015,42000,Petrol,Manual,Second,18.0,86.0,HONDA,AMAZE S I-VTECH,4.21
Chennai,2012,79824,Diesel,Manual,First,19.0,83.0,RENAULT,DUSTER 85PS DIESEL RXL OPTION,4.13
Jaipur,2015,75000,Diesel,Manual,First,12.0,100.0,TOYOTA,INNOVA 2.5 G (DIESEL) 8 SEATER,12.41
Ahmedabad,2014,72411,Petrol,Manual,First,18.0,86.0,HONDA,AMAZE E I-VTECH,4.1
Delhi,2012,63000,Diesel,Automatic,First,14.0,204.0,MERCEDES-BENZ,NEW C-CLASS C 250 CDI ELEGANCE,18.11
Chennai,2015,53713,Petrol,Manual,First,17.0,78.0,TOYOTA,ETIOS LIVA G,4.62
Delhi,2017,18000,Diesel,Automatic,First,11.0,171.0,TOYOTA,INNOVA CRYSTA 2.8 GX AT 8S,18.97
Bangalore,2013,51000,Diesel,Manual,First,15.0,170.0,MERCEDES-BENZ,NEW C-CLASS 200 CDI ELEGANCE,20.39
Chennai,2008,86700,Petrol,Manual,Second,16.0,88.0,MARUTI,SWIFT VXI BSIII,1.52
Kolkata,2016,29000,Diesel,Manual,First,27.0,74.0,MARUTI,BALENO ALPHA 1.3,6.36
Hyderabad,2014,56000,LPG,Manual,First,13.0,62.0,HYUNDAI,SANTRO XING GL PLUS LPG,4.36
Mumbai,2015,33000,Petrol,Automatic,First,23.0,67.0,MARUTI,CELERIO VXI AT,4.6
Kochi,2014,64394,Diesel,Manual,First,22.0,89.0,FORD,ECOSPORT 1.5 DV5 MT AMBIENTE,5.69
Hyderabad,2010,76000,Diesel,Manual,First,18.0,90.0,TATA,MANZA AURA QUADRAJET,2.09
Mumbai,2016,48719,Diesel,Manual,First,27.0,98.0,HONDA,JAZZ 1.5 SV I DTEC,6.54
Coimbatore,2016,59711,Diesel,Manual,First,15.0,140.0,MAHINDRA,XUV500 W8 2WD,11.0
Hyderabad,2012,83000,Diesel,Manual,First,23.0,63.0,NISSAN,MICRA DIESEL XV PREMIUM,2.28
Coimbatore,2018,10714,Diesel,Automatic,First,19.0,167.0,MERCEDES-BENZ,NEW C-CLASS C 220D AVANTGARDE EDITION C,36.14
Hyderabad,2010,127510,Diesel,Manual,Second,19.0,90.0,TATA,MANZA AURA PLUS QUADRAJET BS IV,1.43
Kolkata,2014,35010,Diesel,Manual,First,22.0,74.0,MARUTI,SWIFT VDI,5.31
Jaipur,2012,75451,Petrol,Manual,First,17.0,85.0,MARUTI,SWIFT DZIRE 1.2 LXI BSIV,4.2
Pune,2015,83000,Diesel,Manual,First,19.0,69.0,TATA,INDIGO ECS LS (TDI) BS-III,3.6
Kolkata,2013,38755,Diesel,Manual,First,25.0,98.0,HONDA,AMAZE S I-DTECH,3.29
Delhi,2016,30000,Petrol,Manual,First,20.0,81.0,MARUTI,SWIFT VXI BSIV,5.97
Chennai,2012,40000,Diesel,Manual,First,20.0,88.0,MARUTI,ERTIGA ZDI,5.24
Kolkata,2014,19500,Petrol,Manual,Second,18.0,82.0,HYUNDAI,GRAND I10 ERA,3.22
Ahmedabad,2016,41000,Petrol,Manual,First,19.0,67.0,NISSAN,MICRA ACTIVE XV,2.97
Bangalore,2014,30000,Petrol,Manual,Second,18.0,82.0,HYUNDAI,GRAND I10 ASTA OPTION,3.77
Hyderabad,2017,37000,Diesel,Manual,First,17.0,170.0,JEEP,COMPASS 2.0 SPORT,16.41
Delhi,2014,62000,Diesel,Manual,Second,22.0,73.0,VOLKSWAGEN,POLO DIESEL COMFORTLINE 1.2L,4.77
Pune,2015,42023,Petrol,Automatic,First,15.0,86.0,HONDA,AMAZE S AT I-VTECH,5.28
Kolkata,2012,51001,Diesel,Automatic,First,16.0,184.0,BMW,X3 XDRIVE20D ADVANTAGE EDITION,19.69
Kochi,2017,55389,Diesel,Automatic,First,18.0,184.0,BMW,3 SERIES 320D LUXURY LINE,24.08
Kochi,2014,46728,Petrol,Automatic,First,15.0,116.0,HONDA,CITY V AT,7.41
Kochi,2014,58995,Diesel,Manual,First,12.0,162.0,MAHINDRA,SSANGYONG REXTON RX5,13.7
Delhi,2015,37857,Diesel,Manual,First,26.0,74.0,MARUTI,SWIFT DZIRE LDI,4.64
Jaipur,2014,71000,Diesel,Manual,First,25.0,74.0,MARUTI,SWIFT VDI BSIV,4.12
Pune,2012,49024,Petrol,Manual,First,18.0,86.0,HONDA,BRIO S OPTION MT,2.71
Mumbai,2016,10770,Petrol,Manual,First,18.0,82.0,HYUNDAI,GRAND I10 SPORTZ,5.14
Pune,2017,72000,Diesel,Manual,First,22.0,74.0,TATA,ZEST QUADRAJET 1.3 75PS XM,5.75
Jaipur,2015,91000,Petrol,Manual,First,21.0,55.0,HYUNDAI,EON ERA PLUS,3.19
Mumbai,2017,14000,Petrol,Manual,First,18.0,81.0,HYUNDAI,I20 1.2 SPOTZ,6.78
Delhi,2014,48000,Diesel,Automatic,Second,9.0,181.0,VOLVO,S60 D4 KINETIC,17.81
Delhi,2014,75136,Diesel,Manual,First,22.0,89.0,FORD,ECOSPORT 1.5 DV5 MT TITANIUM OPTIONAL,6.41
Hyderabad,2014,32500,Petrol,Manual,Second,21.0,85.0,MARUTI,RITZ VXI,4.35
Hyderabad,2010,94500,Diesel,Manual,Second,21.0,90.0,HYUNDAI,I20 1.4 CRDI MAGNA,1.4
Hyderabad,2013,34900,Petrol,Manual,First,22.0,81.0,MARUTI,DZIRE VXI,4.67
Coimbatore,2010,42400,Petrol,Automatic,Third,8.0,394.0,PORSCHE,PANAMERA 2010 2013 4S,44.13
Jaipur,2015,50000,Diesel,Manual,First,17.0,75.0,MARUTI,SWIFT VDI BSIII W/ ABS,6.29
Kolkata,2014,35000,Petrol,Manual,First,19.0,86.0,HONDA,BRIO S MT,4.06
Bangalore,2012,37000,Petrol,Manual,Second,18.0,79.0,CHEVROLET,BEAT LS,2.26
Coimbatore,2018,32807,Petrol,Automatic,First,13.0,121.0,HYUNDAI,CRETA 1.6 SX PLUS PETROL AUTOMATIC,13.69
Pune,2008,119000,Petrol,Manual,Second,17.0,78.0,HONDA,CITY ZX GXI,2.24
Mumbai,2016,12000,Petrol,Manual,First,18.0,85.0,MARUTI,RITZ LXI,5.83
Delhi,2016,46727,Diesel,Manual,First,22.0,98.0,FORD,ECOSPORT 1.5 TDCI TREND,7.77
Hyderabad,2010,73336,Diesel,Automatic,First,13.0,170.0,BMW,3 SERIES 320D,12.33
Mumbai,2014,9000,Petrol,Manual,Second,17.0,121.0,HYUNDAI,VERNA 1.6 SX VTVT,5.94
Chennai,2005,240000,Diesel,Manual,Fourth & Above,12.0,102.0,TOYOTA,INNOVA 2.5 G4 DIESEL 8-SEATER,3.27
Mumbai,2014,25422,Petrol,Manual,First,22.0,67.0,MARUTI,WAGON R LXI,6.34
Mumbai,2018,14000,Diesel,Manual,First,25.0,88.0,MARUTI,ERTIGA VDI,9.86
Hyderabad,2008,66000,Petrol,Manual,First,19.0,46.0,MARUTI,ALTO LXI BSIII,-0.39
Kochi,2010,55324,Petrol,Manual,First,19.0,66.0,MARUTI,A-STAR VXI,2.46
Bangalore,2009,90000,Diesel,Automatic,First,11.0,235.0,BMW,X5 3.0D,18.97
Kolkata,2017,43000,Petrol,Manual,First,18.0,82.0,MAHINDRA,KUV 100 G80 K6 PLUS 5STR,4.94
Bangalore,2008,58483,Petrol,Automatic,Second,19.0,80.0,HYUNDAI,I10 MAGNA AT,1.07
Pune,2007,93000,Petrol,Automatic,Second,12.0,130.0,HONDA,CIVIC 2006-2010 1.8 S AT,2.06
Hyderabad,2010,50000,Petrol,Manual,First,20.0,78.0,HYUNDAI,I10 SPORTZ 1.2,1.87
Ahmedabad,2014,78616,Diesel,Automatic,Second,14.0,170.0,MERCEDES-BENZ,NEW C-CLASS C 220 CDI ELEGANCE AT,19.48
Pune,2011,37000,Petrol,Manual,First,17.0,88.0,TOYOTA,ETIOS G,2.07
Kolkata,2010,54801,Petrol,Manual,First,17.0,118.0,HONDA,CITY 1.5 E MT,3.88
Bangalore,2014,29000,Diesel,Manual,First,23.0,74.0,MARUTI,SWIFT DZIRE VDI,5.57
Pune,2010,68000,Petrol,Manual,First,22.0,81.0,MARUTI,SWIFT VXI,-0.13
Kolkata,2014,58000,Petrol,Manual,First,17.0,121.0,HYUNDAI,VERNA 1.6 EX VTVT,6.12
Pune,2012,64290,Diesel,Manual,First,23.0,73.0,MARUTI,RITZ VDI,3.58
Mumbai,2015,31000,Diesel,Manual,First,13.0,168.0,TOYOTA,FORTUNER 4X2 MANUAL,18.86
Pune,2018,16039,Diesel,Manual,First,17.0,170.0,JEEP,COMPASS 2.0 LIMITED,18.94
Hyderabad,2017,19860,Petrol,Manual,First,18.0,81.0,HYUNDAI,I20 ASTA OPTION 1.2,7.43
Delhi,2014,48500,CNG,Manual,Second,26.0,58.0,MARUTI,WAGON R LXI CNG,3.15
Jaipur,2012,75391,Diesel,Manual,First,13.0,138.0,TATA,NEW SAFARI DICOR 2.2 EX 4X4 BS IV,9.22
Jaipur,2008,78000,Diesel,Manual,Second,19.0,73.0,MARUTI,SWIFT DZIRE LDI,-1.71
Kolkata,2016,78000,Diesel,Manual,First,25.0,69.0,TATA,INDIGO ECS ELS BS IV,3.36
Hyderabad,2016,52000,Diesel,Manual,First,28.0,74.0,MARUTI,SWIFT LDI,5.97
Kolkata,2016,30000,Petrol,Automatic,First,23.0,67.0,MARUTI,CELERIO VXI AT,5.58
Coimbatore,2016,19254,Diesel,Automatic,First,14.0,258.0,BMW,5 SERIES 2013-2017 530D M SPORT,40.59
Coimbatore,2015,29651,Petrol,Manual,First,16.0,74.0,VOLKSWAGEN,POLO 1.2 MPI HIGHLINE,5.3
Bangalore,2011,80000,Diesel,Manual,First,13.0,138.0,TATA,SAFARI DICOR 2.2 LX 4X2,5.98
Kolkata,2018,2971,Petrol,Automatic,First,13.0,181.0,MINI,COOPER S CARBON EDITION,33.95
Kolkata,2015,21400,Petrol,Manual,First,15.0,70.0,FORD,FIGO PETROL TITANIUM,5.67
Ahmedabad,2015,77000,Diesel,Manual,First,26.0,98.0,HONDA,CITY I DTEC V,6.65
Delhi,2006,80000,Diesel,Manual,Second,12.0,112.0,HYUNDAI,TUCSON CRDI,2.43
Delhi,2013,81755,Diesel,Manual,First,20.0,108.0,SKODA,LAURA AMBIENTE 2.0 TDI CR MT,5.82
Hyderabad,2016,99593,Diesel,Manual,First,11.0,171.0,TOYOTA,FORTUNER 3.0 DIESEL,17.65
Hyderabad,2014,39791,Diesel,Manual,First,22.0,126.0,HYUNDAI,VERNA 1.6 SX,7.14
Hyderabad,2015,113000,Diesel,Manual,First,15.0,140.0,MAHINDRA,XUV500 W6 2WD,9.69
Mumbai,2017,24000,Petrol,Manual,First,25.0,53.0,RENAULT,KWID RXT,3.89
Bangalore,2015,39000,Petrol,Manual,Second,18.0,81.0,HYUNDAI,I20 ASTA 1.2,5.28
Bangalore,2012,37000,Petrol,Automatic,First,15.0,116.0,HONDA,CITY V AT,5.43
Coimbatore,2017,61108,Diesel,Automatic,First,10.0,197.0,FORD,ENDEAVOUR 3.2 TITANIUM AT 4X4,29.6
Kochi,2016,61648,Petrol,Automatic,First,13.0,157.0,SKODA,SUPERB ELEGANCE 1.8 TSI AT,12.17
Mumbai,2012,37000,Diesel,Automatic,Third,22.0,190.0,BMW,3 SERIES 320D SPORT,17.67
Mumbai,2013,53000,CNG,Manual,First,22.0,80.0,MARUTI,ERTIGA VXI CNG,4.23
Jaipur,2013,65000,Diesel,Manual,First,23.0,73.0,MARUTI,RITZ LDI,4.16
Jaipur,2005,120000,Petrol,Manual,First,0.0,97.0,HYUNDAI,SANTRO XING XP,0.53
Jaipur,2011,148009,Diesel,Manual,Second,11.0,171.0,TOYOTA,FORTUNER 3.0 DIESEL,12.26
Mumbai,2009,53001,Petrol,Manual,First,16.0,88.0,MARUTI,SWIFT LXI BSIII,-0.05
Mumbai,2018,22345,Petrol,Manual,First,20.0,84.0,TATA,TIGOR 1.2 REVOTRON XT,5.77
Delhi,2015,50000,Petrol,Automatic,First,18.0,117.0,HONDA,CITY I VTEC CVT VX,8.91
Hyderabad,2013,48183,Diesel,Automatic,First,13.0,170.0,BMW,3 SERIES 320D,15.27
Hyderabad,2010,93000,Diesel,Automatic,Second,14.0,203.0,MERCEDES-BENZ,E-CLASS 2009-2013 E250 CDI BLUE EFFICIENCY,17.96
Kochi,2015,53500,Diesel,Manual,First,28.0,74.0,MARUTI,SWIFT VDI,5.36
Delhi,2014,17585,Petrol,Manual,First,16.0,93.0,MARUTI,ERTIGA VXI,6.02
Kolkata,2011,36226,Petrol,Manual,First,17.0,121.0,HYUNDAI,VERNA 1.6 VTVT,4.04
Coimbatore,2019,25899,Diesel,Automatic,First,12.0,147.0,LAND,ROVER DISCOVERY SPORT TD4 HSE,45.69
Kolkata,2009,60170,Petrol,Manual,First,0.0,62.0,HYUNDAI,SANTRO XING GL,1.54
Hyderabad,2017,11200,Diesel,Automatic,First,19.0,167.0,MERCEDES-BENZ,NEW C-CLASS C 220 CDI STYLE,33.38
Kochi,2017,49045,Petrol,Manual,First,20.0,78.0,HYUNDAI,I10 MAGNA 1.2,8.21
Kolkata,2012,45000,Diesel,Manual,First,22.0,73.0,VOLKSWAGEN,POLO DIESEL COMFORTLINE 1.2L,3.29
Delhi,2017,40000,Diesel,Manual,First,24.0,88.0,MARUTI,VITARA BREZZA VDI OPTION,8.67
Mumbai,2016,36600,Diesel,Manual,First,19.0,83.0,RENAULT,DUSTER 85PS DIESEL RXL,7.77
Jaipur,2009,117000,Diesel,Manual,First,18.0,75.0,TATA,INDICA VISTA AQUA 1.3 QUADRAJET,0.01
Delhi,2016,16000,Diesel,Automatic,First,11.0,254.0,MERCEDES-BENZ,GL-CLASS 350 CDI BLUE EFFICIENCY,51.23
Mumbai,2016,50000,Diesel,Manual,First,25.0,73.0,HYUNDAI,XCENT 1.2 CRDI S,4.27
Hyderabad,2008,150000,Diesel,Manual,First,18.0,110.0,HYUNDAI,VERNA CRDI SX ABS,3.02
Mumbai,2014,11000,Petrol,Manual,First,17.0,121.0,HYUNDAI,VERNA 1.6 SX VTVT,6.45
Bangalore,2010,102016,Petrol,Manual,First,15.0,70.0,FORD,FIGO PETROL ZXI,1.78
Chennai,2016,38000,Diesel,Manual,First,25.0,74.0,MARUTI,SWIFT VDI OPTIONAL,6.03
Hyderabad,2013,71491,Diesel,Manual,First,23.0,63.0,RENAULT,PULSE RXL,2.22
Bangalore,2015,46354,Petrol,Manual,Second,16.0,74.0,VOLKSWAGEN,POLO 1.2 MPI HIGHLINE,4.81
Delhi,2019,87000,Diesel,Automatic,First,22.0,190.0,BMW,3 SERIES 320D LUXURY LINE,25.99
Ahmedabad,2015,20765,Petrol,Manual,First,15.0,103.0,SKODA,RAPID 1.6 MPI ACTIVE,6.65
Ahmedabad,2005,58000,Petrol,Manual,Second,0.0,97.0,HYUNDAI,SANTRO GS,0.61
Coimbatore,2014,51076,Diesel,Automatic,First,12.0,241.0,AUDI,Q7 3.0 TDI QUATTRO PREMIUM PLUS,39.16
Jaipur,2016,84085,Diesel,Manual,First,26.0,88.0,MARUTI,CIAZ VDI PLUS,7.66
Kolkata,2014,55000,Diesel,Manual,First,25.0,98.0,HONDA,CITY I DTEC VX,6.64
Mumbai,2010,73000,Petrol,Automatic,First,10.0,272.0,MERCEDES-BENZ,E-CLASS 2009-2013 E350 PETROL,16.34
Pune,2012,50001,Diesel,Automatic,First,14.0,241.0,AUDI,A6 2011-2015 3.0 TDI QUATTRO PREMIUM PLUS,29.33
Coimbatore,2016,93166,Diesel,Manual,Second,14.0,118.0,MAHINDRA,XYLO H4,7.29
Kochi,2006,99583,Petrol,Automatic,Third,12.0,100.0,HONDA,CITY 1.5 EXI AT,-0.53
Mumbai,2010,72000,Petrol,Manual,First,15.0,103.0,MARUTI,SX4 ZXI MT BSIV,2.57
Pune,2009,70000,Petrol,Manual,Third,14.0,138.0,TOYOTA,COROLLA ALTIS G,5.19
Pune,2012,61000,Petrol,Automatic,Second,14.0,103.0,VOLKSWAGEN,VENTO PETROL HIGHLINE AT,3.79
Pune,2015,66510,Petrol,Manual,First,21.0,55.0,HYUNDAI,EON ERA PLUS,3.17
Hyderabad,2011,84062,Diesel,Manual,First,20.0,108.0,SKODA,LAURA AMBITION 2.0 TDI CR MT,5.5
Hyderabad,2012,80799,Diesel,Manual,First,22.0,74.0,MARUTI,SWIFT VDI,3.38
Kolkata,2018,5000,Petrol,Automatic,First,14.0,138.0,TOYOTA,COROLLA ALTIS 1.8 VL CVT,17.53
Hyderabad,2013,92000,Diesel,Manual,First,12.0,100.0,TOYOTA,INNOVA 2.5 G (DIESEL) 8 SEATER,10.45
Hyderabad,2017,53000,Diesel,Manual,First,27.0,69.0,TATA,TIAGO WIZZ 1.05 REVOTORQ,5.24
Mumbai,2015,39822,Petrol,Manual,First,15.0,103.0,SKODA,RAPID 1.6 MPI AMBITION,5.71
Mumbai,2016,29000,Diesel,Automatic,First,10.0,197.0,FORD,ENDEAVOUR 3.2 TITANIUM AT 4X4,28.58
Kochi,2017,24214,Petrol,Manual,Second,25.0,53.0,RENAULT,KWID RXL,2.41
Pune,2012,75000,Diesel,Manual,First,23.0,90.0,HYUNDAI,I20 1.4 ASTA CRDI WITH AVN,3.62
Chennai,2012,77216,Diesel,Manual,Second,17.0,106.0,SKODA,LAURA AMBIENTE,7.02
Kochi,2013,74290,Diesel,Manual,First,21.0,87.0,TOYOTA,COROLLA ALTIS DIESEL D4DG,7.76
Delhi,2015,61000,Diesel,Manual,First,15.0,120.0,MAHINDRA,SCORPIO S8 8 SEATER,9.55
Chennai,2013,44000,Diesel,Automatic,First,14.0,174.0,AUDI,Q5 2.0 TDI PREMIUM PLUS,27.42
Coimbatore,2014,74041,Diesel,Manual,First,18.0,73.0,CHEVROLET,ENJOY TCDI LS 8 SEATER,4.45
Coimbatore,2013,85846,Diesel,Automatic,First,22.0,190.0,BMW,3 SERIES 320D,15.69
Delhi,2012,52000,Diesel,Manual,First,21.0,84.0,NISSAN,SUNNY 2011-2014 DIESEL XV,3.51
Mumbai,2010,47000,Petrol,Manual,Second,12.0,177.0,HONDA,ACCORD 2.4 MT,5.5
Bangalore,2010,72010,Diesel,Manual,First,16.0,110.0,HYUNDAI,VERNA CRDI,4.73
Jaipur,2015,15000,Petrol,Manual,First,16.0,34.0,MARUTI,OMNI E MPI STD BS IV,2.14
Kolkata,2015,480000,Petrol,Manual,First,17.0,117.0,HONDA,CITY I VTEC SV,6.9
Kolkata,2012,24720,Diesel,Automatic,Second,0.0,241.0,AUDI,A7 2011-2015 SPORTBACK,29.43
Chennai,2007,75000,Petrol,Manual,Second,16.0,68.0,FORD,FIESTA 1.4 ZXI LEATHER,-0.33
Mumbai,2015,57000,Diesel,Manual,First,22.0,88.0,HYUNDAI,I20 1.4 ASTA,6.19
Kochi,2015,41057,Diesel,Automatic,First,13.0,201.0,MERCEDES-BENZ,E-CLASS E250 CDI AVANTGRADE,25.86
Pune,2012,92000,CNG,Manual,Second,26.0,58.0,MARUTI,WAGON R LXI CNG,1.22
Chennai,2016,20000,Diesel,Manual,First,22.0,98.0,FORD,ECOSPORT 1.5 TDCI TREND PLUS,8.43
Mumbai,2011,52359,Petrol,Manual,First,18.0,80.0,HYUNDAI,I20 1.2 MAGNA,3.31
Delhi,2016,17000,Petrol,Manual,Second,17.0,117.0,HONDA,CITY I VTEC V,7.64
Kolkata,2011,39002,Diesel,Manual,First,23.0,63.0,NISSAN,MICRA DIESEL XV,2.6
Pune,2010,129986,Diesel,Manual,Second,20.0,68.0,FORD,FIGO DIESEL EXI,0.24
Kolkata,2013,45000,Petrol,Manual,First,18.0,75.0,NISSAN,MICRA XL,1.8
Kolkata,2013,41300,Diesel,Manual,First,17.0,97.0,MARUTI,SWIFT VDI BSIV,6.47
Ahmedabad,2009,82002,Petrol,Manual,Second,12.0,177.0,HONDA,ACCORD 2.4 MT,4.55
Mumbai,2010,67000,Petrol,Automatic,First,13.0,157.0,SKODA,SUPERB ELEGANCE 1.8 TSI AT,6.26
Hyderabad,2017,21260,Petrol,Manual,First,14.0,35.0,MARUTI,OMNI 8 SEATER BSIV,4.76
Ahmedabad,2012,55362,Diesel,Manual,First,21.0,88.0,HYUNDAI,I20 MAGNA OPTIONAL 1.4 CRDI,3.79
Chennai,2017,13000,Diesel,Automatic,First,17.0,126.0,HYUNDAI,CRETA 1.6 CRDI AT SX PLUS,14.09
Kochi,2016,45725,Diesel,Manual,First,25.0,74.0,MARUTI,SWIFT VDI BSIV,6.07
Jaipur,2014,105000,Diesel,Manual,First,25.0,74.0,MARUTI,SWIFT LDI BSIV,3.3
Hyderabad,2009,156056,Diesel,Manual,First,12.0,102.0,TOYOTA,INNOVA 2.5 G (DIESEL) 8 SEATER BS IV,6.97
Mumbai,2016,135000,Diesel,Manual,First,24.0,71.0,HYUNDAI,XCENT 1.1 CRDI BASE,4.72
Delhi,2016,67000,Diesel,Manual,First,20.0,88.0,MARUTI,ERTIGA PASEO VDI,9.77
Jaipur,2016,90000,Diesel,Automatic,First,10.0,197.0,FORD,ENDEAVOUR 3.2 TREND AT 4X4,27.46
Coimbatore,2019,32251,Diesel,Manual,First,22.0,88.0,HYUNDAI,I20 1.4 SPORTZ,9.16
Mumbai,2009,47000,Petrol,Manual,First,19.0,67.0,MARUTI,ZEN ESTILO LXI BS IV,0.4
Mumbai,2011,75308,Diesel,Manual,Second,21.0,73.0,MARUTI,RITZ VDI,2.42
Kochi,2018,44202,CNG,Manual,First,32.0,58.0,MARUTI,ALTO K10 LXI CNG OPTIONAL,4.73
Mumbai,2014,58000,Petrol,Manual,First,17.0,118.0,HONDA,CITY 1.5 S MT,7.08
Mumbai,2009,60000,Petrol,Manual,First,17.0,85.0,MARUTI,SWIFT DZIRE ZXI,0.57
Hyderabad,2014,45000,Diesel,Automatic,First,17.0,184.0,BMW,X1 SDRIVE 20D SPORTLINE,23.1
Mumbai,2010,41195,Petrol,Manual,First,15.0,90.0,TATA,MANZA AQUA SAFIRE,1.03
Chennai,2016,89000,Diesel,Manual,First,16.0,140.0,MAHINDRA,XUV500 W10 2WD,13.31
Bangalore,2009,60510,Petrol,Automatic,Second,16.0,78.0,HYUNDAI,I10 SPORTZ AT,0.26
Mumbai,2016,8500,Petrol,Manual,First,21.0,83.0,MARUTI,BALENO SIGMA 1.2,5.31
Kochi,2017,35981,Diesel,Manual,First,24.0,88.0,MARUTI,VITARA BREZZA ZDI PLUS DUAL TONE,10.03
Mumbai,2012,23152,Petrol,Manual,First,15.0,70.0,FORD,FIGO PETROL ZXI,3.68
Delhi,2014,74663,CNG,Manual,First,33.0,67.0,MARUTI,WAGON R CNG LXI,3.44
Mumbai,2014,61529,Petrol,Automatic,First,18.0,103.0,VOLKSWAGEN,VENTO SPORT 1.2 TSI AT,5.82
Ahmedabad,2010,91596,Diesel,Manual,First,14.0,93.0,MAHINDRA,XYLO D2 BS III,2.08
Kochi,2019,14298,Petrol,Automatic,First,13.0,340.0,PORSCHE,CAYENNE BASE,20.51
Hyderabad,2013,83327,Diesel,Manual,First,19.0,73.0,MARUTI,SWIFT DZIRE VDI,5.18
Hyderabad,2017,22857,Petrol,Manual,First,16.0,74.0,VOLKSWAGEN,POLO 1.2 MPI HIGHLINE PLUS,6.43
Chennai,2013,34620,Petrol,Manual,Second,17.0,121.0,HYUNDAI,VERNA 1.6 VTVT,5.51
Bangalore,2010,56000,Petrol,Manual,First,19.0,68.0,HYUNDAI,I10 ERA 1.1,1.59
Chennai,2014,81000,Diesel,Automatic,First,13.0,204.0,MERCEDES-BENZ,E-CLASS E250 CDI LAUNCH EDITION,26.99
Jaipur,1998,95150,Petrol,Manual,Third,17.0,60.0,MARUTI,ZEN LXI,-4.41
Coimbatore,2013,32776,Petrol,Manual,First,20.0,78.0,HYUNDAI,I10 SPORTZ,3.7
Coimbatore,2016,51587,Diesel,Manual,First,25.0,98.0,HONDA,AMAZE S I-DTECH,6.26
Jaipur,2016,36000,Diesel,Manual,First,14.0,148.0,TATA,SAFARI STORME VX,13.88
Mumbai,2015,22000,Petrol,Manual,First,18.0,86.0,HONDA,BRIO 1.2 S MT,4.37
Kochi,2010,30754,Petrol,Manual,First,17.0,80.0,HYUNDAI,I20 ASTA,3.38
Coimbatore,2018,37109,Petrol,Manual,First,14.0,120.0,VOLKSWAGEN,JETTA 2012-2014 1.4 TSI,11.45
Kolkata,2010,45000,Petrol,Manual,First,16.0,88.0,HONDA,JAZZ SELECT EDITION,1.02
Coimbatore,2017,33284,Petrol,Manual,First,18.0,82.0,HYUNDAI,GRAND I10 SPORTZ,6.15
Coimbatore,2016,55115,Diesel,Automatic,First,14.0,270.0,JAGUAR,XF DIESEL,31.14
Kolkata,2014,18000,Diesel,Automatic,First,16.0,187.0,JAGUAR,XF 2.2 LITRE LUXURY,30.82
Coimbatore,2013,130790,Diesel,Manual,First,16.0,140.0,MAHINDRA,XUV500 W8 2WD,7.95
Delhi,2015,16607,Diesel,Manual,First,22.0,118.0,MARUTI,S CROSS DDIS 320 ALPHA,7.53
Coimbatore,2015,32205,Diesel,Automatic,First,17.0,174.0,AUDI,A4 2.0 TDI 177 BHP PREMIUM PLUS,21.21
Delhi,2013,67000,Diesel,Manual,First,19.0,108.0,RENAULT,DUSTER 110PS DIESEL RXZ,5.84
Coimbatore,2014,57676,Petrol,Manual,First,19.0,85.0,MARUTI,SWIFT DZIRE VXI,5.65
Mumbai,2012,41000,Petrol,Manual,First,16.0,73.0,VOLKSWAGEN,POLO PETROL TRENDLINE 1.2L,2.25
Jaipur,2012,65000,Petrol,Manual,First,19.0,35.0,MARUTI,OMNI 8 SEATER BSII,3.42
Coimbatore,2019,12153,Petrol,Automatic,First,18.0,81.0,HYUNDAI,GRAND I10 1.2 KAPPA MAGNA AT,7.7
Hyderabad,2014,16810,Petrol,Manual,First,25.0,37.0,TATA,NANO TWIST XT,1.32
Kochi,2017,61221,Petrol,Automatic,First,17.0,147.0,AUDI,A4 30 TFSI PREMIUM PLUS,22.53
Mumbai,2015,22000,Petrol,Manual,First,16.0,74.0,VOLKSWAGEN,POLO 1.2 MPI HIGHLINE,5.29
Chennai,2015,63714,Petrol,Manual,First,22.0,47.0,MARUTI,ALTO 800 LXI,2.6
Kochi,2019,14857,Diesel,Automatic,First,20.0,113.0,MINI,COOPER 5 DOOR D,30.91
Delhi,2012,69000,Diesel,Automatic,Second,15.0,140.0,AUDI,A4 NEW 2.0 TDI MULTITRONIC,13.45
Coimbatore,2019,14648,Diesel,Manual,First,12.0,158.0,FORD,ENDEAVOUR TITANIUM 4X2,19.26
Hyderabad,2013,100000,Petrol,Manual,Second,15.0,110.0,FORD,ECOSPORT 1.5 TI VCT MT TITANIUM,5.3
Jaipur,2016,22000,Petrol,Manual,First,18.0,82.0,HYUNDAI,GRAND I10 MAGNA,5.35
Mumbai,2014,10000,Petrol,Manual,First,18.0,82.0,CHEVROLET,SAIL 1.2 LS,4.0
Kolkata,2015,107000,Petrol,Manual,First,20.0,83.0,MARUTI,SWIFT DZIRE LXI,5.01
Kochi,2017,48198,Petrol,Manual,First,17.0,88.0,TATA,ZEST REVOTRON 1.2T XM,6.04
Delhi,2015,15000,Diesel,Automatic,First,19.0,170.0,MERCEDES-BENZ,NEW C-CLASS C 220 CDI AVANTGARDE,24.47
Coimbatore,2014,80073,Diesel,Manual,First,17.0,163.0,CHEVROLET,CRUZE LTZ,7.48
Hyderabad,2013,85388,Diesel,Manual,First,21.0,73.0,MARUTI,RITZ VDI,4.9
Jaipur,2017,14700,Petrol,Manual,First,18.0,81.0,HYUNDAI,GRAND I10 1.2 KAPPA SPORTZ OPTION,5.34
Pune,2012,150000,Diesel,Manual,Third,28.0,73.0,MARUTI,DZIRE LDI,1.95
Kolkata,2011,34994,Diesel,Manual,First,22.0,126.0,HYUNDAI,VERNA 1.6 SX,4.17
Coimbatore,2014,82536,Diesel,Automatic,First,14.0,270.0,JAGUAR,XF DIESEL,29.19
Delhi,2013,82000,Petrol,Automatic,First,13.0,157.0,SKODA,SUPERB ELEGANCE 1.8 TSI AT,9.23
Pune,2006,52000,Petrol,Manual,Second,18.0,67.0,MARUTI,WAGON R LXI,-1.39
Mumbai,2011,20000,Petrol,Manual,First,16.0,73.0,VOLKSWAGEN,POLO PETROL HIGHLINE 1.2L,2.79
Hyderabad,2011,55000,Petrol,Manual,First,14.0,130.0,HONDA,CIVIC 2010-2013 1.8 S MT,4.23
Ahmedabad,2015,47001,CNG,Manual,First,20.0,63.0,MARUTI,EECO CNG 5 SEATER AC,4.35
Chennai,2014,52000,Petrol,Manual,First,22.0,67.0,MARUTI,WAGON R VXI,3.95
Kolkata,2013,43284,Diesel,Manual,First,23.0,74.0,MARUTI,SWIFT DZIRE VDI,4.6
Coimbatore,2018,23875,Petrol,Automatic,First,13.0,121.0,HYUNDAI,CRETA 1.6 SX PLUS PETROL AUTOMATIC,13.68
Bangalore,2016,51866,Petrol,Manual,First,18.0,82.0,HYUNDAI,GRAND I10 ASTA,5.46
Mumbai,2013,69000,Diesel,Manual,First,23.0,63.0,NISSAN,MICRA DIESEL XV PREMIUM,3.25
Coimbatore,2017,62788,Petrol,Manual,First,18.0,81.0,HYUNDAI,GRAND I10 1.2 KAPPA ASTA,6.13
Chennai,2013,150000,Diesel,Manual,First,20.0,103.0,VOLKSWAGEN,VENTO DIESEL HIGHLINE,6.05
Kochi,2015,47566,Diesel,Automatic,First,12.0,168.0,TOYOTA,FORTUNER 4X2 AT,19.54
Chennai,2002,67000,Petrol,Manual,Third,0.0,97.0,HYUNDAI,SANTRO GS ZIPDRIVE - EURO II,-2.75
Pune,2018,20300,Diesel,Automatic,First,11.0,171.0,TOYOTA,INNOVA CRYSTA 2.8 GX AT,18.97
Pune,2015,48300,Diesel,Automatic,First,20.0,107.0,MERCEDES-BENZ,A CLASS A180 CDI,17.15
Pune,2013,30000,Petrol,Manual,First,21.0,55.0,HYUNDAI,EON D LITE,1.49
Bangalore,2012,36000,Diesel,Manual,Second,22.0,126.0,HYUNDAI,ELANTRA CRDI SX,6.27
Kochi,2015,27641,Diesel,Automatic,Second,20.0,113.0,MINI,COOPER 3 DOOR D,22.95
Bangalore,2015,60000,Diesel,Manual,First,19.0,108.0,RENAULT,DUSTER 110PS DIESEL RXZ OPTION,8.93
Chennai,2019,9000,Diesel,Automatic,First,10.0,197.0,FORD,ENDEAVOUR 3.2 TITANIUM AT 4X4,31.52
Delhi,2014,60750,Petrol,Manual,First,14.0,138.0,TOYOTA,COROLLA ALTIS GL MT,11.66
Delhi,2018,9000,Diesel,Manual,First,14.0,155.0,MAHINDRA,XUV500 W7,14.13
Kolkata,2012,41100,Diesel,Automatic,First,16.0,261.0,BMW,7 SERIES 730LD DESIGN PURE EXCELLENCE CBU,30.82
Ahmedabad,2004,60000,Petrol,Manual,Second,17.0,64.0,MARUTI,WAGON R LX BSIII,-1.32
Kochi,2017,38424,Petrol,Manual,First,17.0,117.0,HONDA,CITY I VTEC SV,8.46
Delhi,2014,50000,Diesel,Manual,First,22.0,74.0,MARUTI,SWIFT VDI,5.33
Mumbai,2015,19000,Petrol,Automatic,First,18.0,117.0,HONDA,CITY I-VTEC CVT VX,9.35
Kochi,2015,58734,Diesel,Manual,First,20.0,88.0,MARUTI,ERTIGA VDI,7.75
Coimbatore,2016,65257,Diesel,Manual,First,19.0,108.0,RENAULT,DUSTER 110PS DIESEL RXZ,8.79
Jaipur,2010,130000,Diesel,Manual,Second,19.0,73.0,MARUTI,SWIFT DZIRE VDI,1.76
Hyderabad,2011,79000,Diesel,Manual,First,23.0,73.0,MARUTI,RITZ VDI,2.61
Chennai,2013,78000,Diesel,Manual,First,15.0,140.0,MAHINDRA,XUV500 W8 4WD,9.14
Kochi,2015,49133,Petrol,Manual,First,19.0,86.0,HONDA,BRIO S MT,5.06
Coimbatore,2016,22769,Diesel,Automatic,First,0.0,165.0,MERCEDES-BENZ,M-CLASS ML 350 4MATIC,39.11
Coimbatore,2014,54448,Diesel,Manual,First,21.0,88.0,TATA,MANZA CLUB CLASS QUADRAJET90 LS,4.17
Hyderabad,2014,158793,Diesel,Manual,First,12.0,102.0,TOYOTA,INNOVA 2.5 V DIESEL 7-SEATER,12.36
Delhi,2015,62088,Petrol,Manual,First,18.0,85.0,MARUTI,SWIFT VXI,5.79
Kolkata,2012,14800,Petrol,Manual,First,17.0,121.0,HYUNDAI,VERNA 1.6 EX VTVT,4.11
Kolkata,2015,26000,Petrol,Manual,First,17.0,117.0,HONDA,MOBILIO S I VTEC,5.33
Mumbai,2017,32005,Petrol,Manual,First,18.0,86.0,HONDA,AMAZE S I-VTECH,6.68
Jaipur,2017,35000,Petrol,Automatic,First,18.0,117.0,HONDA,CITY I-VTEC CVT VX,11.34
Pune,2015,52000,Diesel,Automatic,First,12.0,187.0,LAND,ROVER RANGE ROVER 2.2L DYNAMIC,41.89
Mumbai,2017,11000,Petrol,Manual,First,17.0,117.0,HONDA,CITY I-VTEC V,9.44
Jaipur,2008,62000,Petrol,Automatic,First,9.0,231.0,MERCEDES-BENZ,E-CLASS 280 ELEGANCE,13.46
Chennai,2002,65134,Petrol,Manual,Third,13.0,70.0,FORD,IKON 1.3 FLAIR,-2.63
Delhi,2013,71000,Diesel,Manual,First,13.0,168.0,TOYOTA,FORTUNER 4X2 MANUAL,16.92
Hyderabad,2008,51366,Petrol,Manual,First,19.0,66.0,MARUTI,A-STAR VXI,0.48
Kolkata,2016,46300,Diesel,Manual,First,14.0,83.0,TATA,SUMO EX,6.31
Coimbatore,2012,60908,Petrol,Automatic,Second,15.0,116.0,HONDA,CITY V AT,4.95
Chennai,2012,93450,Diesel,Manual,Second,23.0,63.0,NISSAN,MICRA XV D,1.91
Hyderabad,2011,104000,Diesel,Automatic,First,19.0,126.0,HYUNDAI,VERNA SX CRDI AT,5.1
Pune,2003,52000,Petrol,Manual,First,16.0,37.0,MARUTI,800 STD,-3.3
Coimbatore,2015,42999,Diesel,Manual,First,15.0,140.0,MAHINDRA,XUV500 W8 4WD,11.08
Delhi,2014,90000,Diesel,Manual,First,21.0,88.0,MARUTI,SX4 VDI,5.75
Bangalore,2013,72000,Petrol,Automatic,First,15.0,98.0,HYUNDAI,I20 SPORTZ AT 1.4,5.14
Coimbatore,2019,54321,Diesel,Manual,First,19.0,126.0,HYUNDAI,CRETA 1.6 CRDI SX,14.93
Kochi,2015,59630,Diesel,Automatic,First,13.0,201.0,MERCEDES-BENZ,E-CLASS E250 CDI AVANTGRADE,25.88
Hyderabad,2013,116000,Diesel,Automatic,Second,12.0,168.0,TOYOTA,FORTUNER 4X2 AT,17.13
Ahmedabad,2015,34000,Diesel,Automatic,First,9.0,181.0,VOLVO,S60 D4 KINETIC,19.28
Delhi,2011,70000,Diesel,Automatic,First,14.0,203.0,MERCEDES-BENZ,E-CLASS 2009-2013 E250 CDI AVANTGARDE,19.92
Chennai,2010,80000,Petrol,Manual,First,10.0,180.0,HONDA,ACCORD 2.4 ELEGANCE M/T,6.18
Pune,2015,110000,Diesel,Manual,First,25.0,98.0,HONDA,AMAZE S I-DTECH,5.33
Ahmedabad,2013,56454,Diesel,Manual,First,28.0,73.0,MARUTI,DZIRE ZDI,4.44
Kolkata,2013,60000,Petrol,Manual,First,18.0,85.0,MARUTI,SWIFT LXI,4.13
Delhi,2013,56000,Petrol,Automatic,First,14.0,138.0,TOYOTA,COROLLA ALTIS G HV AT,9.48
Bangalore,2012,63000,Diesel,Automatic,Second,11.0,335.0,LAND,ROVER RANGE ROVER VOGUE SE 4.4 SDV8,61.79
Chennai,2012,63000,Diesel,Manual,First,22.0,74.0,MARUTI,SWIFT VDI,3.37
Kolkata,2017,15050,Diesel,Manual,First,16.0,170.0,JEEP,COMPASS 2.0 LIMITED OPTION 4X4,18.73
Mumbai,2016,29401,Petrol,Manual,First,20.0,81.0,MARUTI,SWIFT VXI BSIV,5.97
Kochi,2016,25238,Petrol,Manual,First,18.0,88.0,HONDA,JAZZ 1.2 SV I VTEC,5.85
Chennai,2011,79000,Diesel,Manual,First,23.0,97.0,TOYOTA,ETIOS GD,3.37
Kochi,2011,58752,Petrol,Manual,First,16.0,73.0,VOLKSWAGEN,POLO PETROL TRENDLINE 1.2L,1.28
Delhi,2011,62000,Petrol,Automatic,First,12.0,130.0,HONDA,CIVIC 2006-2010 1.8 V AT,5.29
Bangalore,2013,132000,Petrol,Manual,First,16.0,88.0,TOYOTA,ETIOS G SP,6.07
Chennai,2016,51000,Petrol,Manual,First,17.0,121.0,HYUNDAI,VERNA 1.6 SX VTVT,8.46
Hyderabad,2009,185200,Diesel,Manual,First,12.0,102.0,TOYOTA,INNOVA 2.5 G4 DIESEL 8-SEATER,6.76
Coimbatore,2016,61717,Diesel,Manual,First,22.0,118.0,MARUTI,SX4 S CROSS DDIS 320 ZETA,9.33
Kolkata,2018,8896,Petrol,Manual,First,19.0,94.0,FORD,FREESTYLE TITANIUM PLUS PETROL,7.79
Delhi,2016,17000,Petrol,Manual,First,21.0,83.0,MARUTI,BALENO ALPHA 1.2,6.78
Mumbai,2016,31378,Petrol,Manual,First,18.0,88.0,HONDA,JAZZ V,6.97
Pune,2013,114000,Diesel,Automatic,First,22.0,126.0,HYUNDAI,VERNA 1.6 CRDI EX AT,6.99
Ahmedabad,2014,81000,Diesel,Manual,First,25.0,98.0,HONDA,AMAZE VX I-DTEC,4.49
Mumbai,2017,31000,Diesel,Automatic,First,18.0,147.0,AUDI,Q3 30 TDI PREMIUM FWD,26.45
Mumbai,2014,35000,Petrol,Manual,First,15.0,103.0,SKODA,RAPID 2013-2016 1.6 MPI AMBITION,5.21
Kolkata,2013,60001,Diesel,Automatic,First,17.0,174.0,AUDI,A4 2.0 TDI 177 BHP PREMIUM PLUS,19.26
Jaipur,2014,75074,Diesel,Manual,First,23.0,74.0,MARUTI,SWIFT DZIRE VDI,5.61
Kolkata,2012,80000,Diesel,Manual,Second,22.0,74.0,TATA,INDICA VISTA QUADRAJET LS,0.88
Jaipur,2006,147350,Diesel,Manual,Second,12.0,100.0,TOYOTA,INNOVA 2.5 G (DIESEL) 8 SEATER,3.09
Hyderabad,2013,60000,Diesel,Manual,First,19.0,108.0,RENAULT,DUSTER 110PS DIESEL RXZ PLUS,6.24
Kolkata,2015,7501,Petrol,Automatic,First,10.0,333.0,MERCEDES-BENZ,E-CLASS E400 CABRIOLET,39.3
Delhi,2015,58000,Diesel,Manual,First,25.0,98.0,HONDA,AMAZE S I-DTECH,5.28
Coimbatore,2018,29277,Diesel,Automatic,First,11.0,254.0,MERCEDES-BENZ,GLE 350D,62.02
Kochi,2015,57034,Diesel,Manual,First,23.0,73.0,MARUTI,RITZ VDI,6.53
Kochi,2016,40810,Diesel,Manual,First,28.0,88.0,MARUTI,CIAZ ZDI PLUS SHVS,7.91
Bangalore,2008,35268,Petrol,Manual,Second,0.0,62.0,HYUNDAI,SANTRO XING GL,0.02
Mumbai,2008,81000,Diesel,Automatic,Second,18.0,97.0,BMW,5 SERIES 520D SEDAN,11.42
Coimbatore,2018,34630,Petrol,Automatic,First,21.0,83.0,MARUTI,BALENO DELTA CVT,8.2
Hyderabad,2012,45122,Diesel,Manual,First,23.0,88.0,FORD,FIESTA DIESEL TITANIUM PLUS,5.3
Chennai,2011,126000,Diesel,Manual,Third,16.0,140.0,MAHINDRA,XUV500 W8 2WD,6.51
Jaipur,2009,63000,Petrol,Manual,First,19.0,46.0,MARUTI,ALTO LXI,1.69
Kochi,2016,32298,Diesel,Automatic,First,20.0,113.0,MINI,COOPER 3 DOOR D,24.44
Kochi,2014,63288,Diesel,Manual,First,15.0,140.0,MAHINDRA,XUV500 W8 4WD,10.11
Coimbatore,2012,43337,Petrol,Manual,First,17.0,62.0,HYUNDAI,SANTRO XING GLS,4.7
Kochi,2015,46561,Diesel,Manual,First,22.0,74.0,MARUTI,SWIFT VDI,6.31
Delhi,2013,34000,Diesel,Automatic,Second,20.0,107.0,MERCEDES-BENZ,A CLASS A180 CDI,14.66
Hyderabad,2016,48000,Petrol,Manual,First,25.0,53.0,RENAULT,KWID RXT,2.93
Kochi,2013,56263,Diesel,Manual,First,22.0,74.0,MARUTI,SWIFT VDI,4.35
Hyderabad,2005,84060,Petrol,Manual,Second,17.0,60.0,MARUTI,ZEN LXI,1.44
Mumbai,2016,9000,Petrol,Automatic,First,18.0,82.0,HYUNDAI,GRAND I10 MAGNA AT,5.96
Jaipur,2012,79000,Diesel,Manual,First,21.0,88.0,TATA,MANZA AURA QUADRAJET BS IV,3.3
Pune,2015,87900,Diesel,Manual,First,16.0,140.0,MAHINDRA,XUV500 W10 AWD,13.54
Delhi,2010,72425,Petrol,Manual,Second,17.0,85.0,MARUTI,SWIFT DZIRE 1.2 VXI BSIV,1.13
Bangalore,2015,38000,Diesel,Automatic,First,15.0,174.0,AUDI,Q3 35 TDI QUATTRO PREMIUM PLUS,26.17
Hyderabad,2008,83000,Diesel,Manual,Second,17.0,97.0,FORD,FIESTA 1.4 SXI TDCI,1.85
Hyderabad,2010,107000,Diesel,Automatic,First,14.0,170.0,MERCEDES-BENZ,NEW C-CLASS C 220 CDI ELEGANCE AT,16.06
Delhi,2015,51000,Petrol,Automatic,First,18.0,117.0,HONDA,CITY I VTEC CVT VX,8.91
Pune,2010,140000,Diesel,Manual,Third,12.0,102.0,TOYOTA,INNOVA 2.5 GX 7 STR,7.04
Pune,2011,48000,Petrol,Manual,Second,18.0,79.0,CHEVROLET,BEAT LT,1.25
Delhi,2013,62000,CNG,Manual,First,26.0,58.0,MARUTI,WAGON R LXI CNG,2.68
Mumbai,2015,31000,Petrol,Manual,First,18.0,88.0,HONDA,JAZZ 1.2 S I VTEC,4.62
Jaipur,2010,75055,Petrol,Manual,First,18.0,75.0,NISSAN,MICRA XL PRIMO,1.11
Coimbatore,2017,51210,Petrol,Automatic,First,19.0,91.0,MARUTI,CIAZ AT ZXI,9.09
Mumbai,2012,87000,Diesel,Automatic,First,12.0,168.0,TOYOTA,FORTUNER 4X2 AT,16.62
Kolkata,2018,17000,Diesel,Manual,First,26.0,99.0,FORD,ASPIRE AMBIENTE DIESEL,7.63
Jaipur,2014,57000,Diesel,Manual,First,20.0,88.0,MARUTI,ERTIGA ZDI,7.23
Hyderabad,2016,9370,Petrol,Manual,First,22.0,47.0,MARUTI,ALTO 800 LXI,3.53
Chennai,2013,53226,Petrol,Manual,First,19.0,86.0,HONDA,BRIO V MT,3.91
Hyderabad,2010,120000,Diesel,Manual,Second,16.0,110.0,HYUNDAI,VERNA TRANSFORM CRDI VGT SX ABS,4.03
Jaipur,2007,75055,Petrol,Manual,First,12.0,100.0,HONDA,CITY 1.5 GXI,1.22
Coimbatore,2017,37247,Diesel,Manual,First,19.0,126.0,HYUNDAI,CRETA 1.6 CRDI SX,12.94
Delhi,2013,64000,Diesel,Manual,First,23.0,67.0,TOYOTA,ETIOS LIVA GD,2.9
Mumbai,2014,12000,Petrol,Manual,First,13.0,198.0,HYUNDAI,SONATA TRANSFORM 2.4 GDI MT,15.61
Pune,2017,40158,Diesel,Manual,First,19.0,126.0,HYUNDAI,CRETA 1.6 CRDI SX OPTION,13.47
Chennai,2017,11000,Petrol,Manual,First,18.0,88.0,HONDA,JAZZ 1.2 SV I VTEC,6.83
Chennai,2014,70010,Diesel,Manual,First,20.0,103.0,VOLKSWAGEN,VENTO DIESEL COMFORTLINE,6.19
Mumbai,2015,82000,Diesel,Manual,First,16.0,140.0,MAHINDRA,XUV500 W6 2WD,9.5
Kochi,2017,57259,Diesel,Manual,First,18.0,100.0,MAHINDRA,TUV 300 2015-2019 T8,8.31
Bangalore,2010,84000,Petrol,Automatic,Second,11.0,142.0,HONDA,ACCORD 2001-2003 2.3 VTI L AT,6.17
Pune,2012,168000,Diesel,Manual,First,20.0,88.0,MARUTI,ERTIGA VDI,4.89
Hyderabad,2012,73670,Diesel,Manual,First,12.0,162.0,MAHINDRA,SSANGYONG REXTON RX5,11.74
Delhi,2014,89540,Diesel,Automatic,First,12.0,168.0,TOYOTA,FORTUNER 4X2 AT,18.59
Hyderabad,2016,85423,Diesel,Manual,First,20.0,88.0,MARUTI,ERTIGA ZDI,9.23
Pune,2013,48823,Diesel,Automatic,First,19.0,126.0,HYUNDAI,ELANTRA CRDI SX AT,9.62
Kolkata,2011,35082,Petrol,Manual,First,20.0,78.0,HYUNDAI,I10 MAGNA 1.2,2.28
Jaipur,2012,126000,Petrol,Manual,First,16.0,34.0,MARUTI,OMNI MPI STD BSIV,-0.9
Delhi,2016,19000,Petrol,Automatic,First,15.0,86.0,HONDA,AMAZE VX AT I-VTECH,6.55
Mumbai,2007,69000,Petrol,Automatic,Second,12.0,130.0,HONDA,CIVIC 2006-2010 1.8 V AT,0.85
Kochi,2019,29836,Diesel,Automatic,First,17.0,136.0,MERCEDES-BENZ,CLA 200 CDI SPORT,28.6
Ahmedabad,2010,48002,Petrol,Manual,Second,13.0,157.0,SKODA,SUPERB 1.8 TFSI MT,7.07
Ahmedabad,2015,52324,Diesel,Manual,First,28.0,88.0,MARUTI,CIAZ ZDI PLUS SHVS,6.93
Delhi,2013,65000,Diesel,Manual,First,22.0,89.0,FORD,ECOSPORT 1.5 DV5 MT TITANIUM OPTIONAL,5.41
Mumbai,2009,66000,Diesel,Automatic,Second,8.0,224.0,MERCEDES-BENZ,M-CLASS ML 320 CDI,13.97
Hyderabad,2016,75700,Diesel,Manual,First,24.0,70.0,HYUNDAI,GRAND I10 CRDI SPORTZ,5.78
Bangalore,2013,43000,Diesel,Manual,First,20.0,105.0,VOLKSWAGEN,VENTO DIESEL BREEZE,6.06
Kochi,2012,42706,Diesel,Manual,First,25.0,56.0,CHEVROLET,BEAT DIESEL LT,2.12
Mumbai,2013,35000,Diesel,Manual,First,17.0,100.0,MAHINDRA,QUANTO C6,4.28
Hyderabad,2011,54348,Petrol,Automatic,First,19.0,80.0,HYUNDAI,I10 ASTA 1.2 AT WITH SUNROOF,3.01
Delhi,2013,84000,Diesel,Manual,First,23.0,67.0,TOYOTA,ETIOS LIVA 1.4 GD,4.31
Mumbai,2010,63298,Petrol,Automatic,First,14.0,138.0,TOYOTA,COROLLA ALTIS 2008-2013 1.8 VL AT,5.9
Jaipur,2013,75049,Petrol,Manual,Second,20.0,78.0,HYUNDAI,I10 MAGNA 1.2,3.79
Kochi,2018,24237,Petrol,Manual,First,18.0,86.0,FORD,FIGO ASPIRE 1.2 TI-VCT TITANIUM,7.12
Coimbatore,2016,22767,Petrol,Manual,First,18.0,85.0,MARUTI,RITZ ZXI,7.07
Bangalore,2012,58000,Petrol,Automatic,Second,15.0,98.0,HYUNDAI,I20 SPORTZ AT 1.4,3.64
Pune,2017,57000,Diesel,Manual,First,26.0,74.0,MARUTI,SWIFT DZIRE LDI,6.63
Kochi,2010,50161,Petrol,Automatic,First,8.0,402.0,BMW,7 SERIES 2007-2012 750LI,31.81
Kolkata,2016,45000,Diesel,Manual,First,22.0,118.0,MARUTI,S CROSS DDIS 320 ALPHA,8.55
Coimbatore,2017,68319,Diesel,Automatic,First,12.0,168.0,TOYOTA,FORTUNER 4X4 AT,24.82
Kochi,2017,30711,Petrol,Manual,First,20.0,68.0,HYUNDAI,EON 1.0 MAGNA PLUS OPTION O,4.93
Kolkata,2011,38277,Diesel,Manual,First,21.0,90.0,HYUNDAI,I20 1.4 CRDI MAGNA,2.84
Pune,2012,115000,Diesel,Manual,Second,20.0,103.0,VOLKSWAGEN,VENTO DIESEL HIGHLINE,4.52
Coimbatore,2017,46849,Petrol,Automatic,First,18.0,83.0,MARUTI,SWIFT DZIRE VXI AT,7.57
Ahmedabad,2014,64000,Diesel,Manual,First,21.0,90.0,HYUNDAI,I20 MAGNA 1.4 CRDI,5.22
Pune,2010,130923,Diesel,Automatic,First,14.0,203.0,MERCEDES-BENZ,E-CLASS 2009-2013 E250 CDI BLUE EFFICIENCY,18.5
Chennai,2015,15000,Petrol,Manual,First,18.0,82.0,HYUNDAI,GRAND I10 SPORTZ,4.16
Mumbai,2014,32720,Diesel,Manual,First,23.0,90.0,HYUNDAI,I20 1.4 CRDI SPORTZ,6.16
Jaipur,2016,12500,Petrol,Manual,First,25.0,53.0,RENAULT,KWID RXT,2.9
Chennai,2015,59800,Petrol,Automatic,First,16.0,82.0,HYUNDAI,XCENT 1.2 KAPPA AT SX OPTION,5.65
Pune,2011,54211,Petrol,Manual,First,15.0,103.0,VOLKSWAGEN,VENTO PETROL HIGHLINE,2.83
Kochi,2015,62242,Diesel,Automatic,First,14.0,163.0,CHEVROLET,CRUZE LTZ AT,9.27
Mumbai,2015,54000,Diesel,Manual,Second,19.0,108.0,NISSAN,TERRANO XL 110 PS,7.03
Hyderabad,2012,65000,Diesel,Manual,First,22.0,126.0,HYUNDAI,VERNA 1.6 SX,5.19
Chennai,2015,55000,Petrol,Automatic,First,23.0,67.0,MARUTI,CELERIO VXI AMT,3.63
Pune,2010,71000,Petrol,Manual,First,18.0,67.0,MARUTI,WAGON R LXI,3.08
Chennai,2012,70000,Diesel,Manual,First,21.0,88.0,HYUNDAI,I20 MAGNA OPTIONAL 1.4 CRDI,3.8
Mumbai,2011,53000,Petrol,Automatic,First,12.0,163.0,AUDI,A4 1.8 TFSI,12.08
Mumbai,2013,43000,Diesel,Automatic,First,17.0,184.0,BMW,X1 SDRIVE20D,15.6
Mumbai,2015,54000,Petrol,Automatic,First,14.0,103.0,SKODA,RAPID 1.6 MPI AT ELEGANCE PLUS,7.94
Ahmedabad,2014,51000,Petrol,Manual,First,20.0,78.0,HYUNDAI,I10 MAGNA,5.2
Hyderabad,2007,78000,Diesel,Manual,Second,10.0,107.0,MITSUBISHI,PAJERO 2.8 GLX CRZ,5.64
Mumbai,2014,25000,Diesel,Manual,First,26.0,98.0,HONDA,CITY I DTEC SV,5.66
Pune,2012,12600,Petrol,Manual,First,20.0,67.0,MARUTI,ALTO K10 2010-2014 VXI,2.3
Pune,2009,80000,Diesel,Manual,Fourth & Above,17.0,75.0,MARUTI,SWIFT LDI BSIII,4.27
Kolkata,2016,21000,Petrol,Manual,First,18.0,82.0,HYUNDAI,GRAND I10 MAGNA,5.35
Mumbai,2011,32000,Petrol,Manual,Second,15.0,70.0,FORD,FIGO PETROL ZXI,2.2
Bangalore,2015,50000,Petrol,Manual,First,18.0,81.0,HYUNDAI,GRAND I10 SPORTZ EDITION,4.93
Mumbai,2010,47500,Petrol,Manual,First,15.0,103.0,MARUTI,SX4 VXI BSIV,3.13
Mumbai,2017,7500,Petrol,Manual,First,17.0,117.0,HONDA,CITY I-VTEC VX,10.41
Jaipur,2016,68163,Diesel,Automatic,First,19.0,108.0,RENAULT,DUSTER 110PS DIESEL RXZ AMT,10.83
Ahmedabad,2014,61000,Diesel,Manual,First,25.0,98.0,HONDA,AMAZE S I-DTECH,4.3
Jaipur,2015,100000,Diesel,Manual,Second,12.0,100.0,TOYOTA,INNOVA 2.5 Z DIESEL 7 SEATER,12.51
Mumbai,2009,61500,Diesel,Automatic,Second,16.0,181.0,BMW,3 SERIES 320D HIGHLINE,11.17
Kochi,2017,42883,Petrol,Manual,First,19.0,68.0,HYUNDAI,I10 MAGNA 1.1 ITECH SE,4.89
Jaipur,2012,97000,Diesel,Manual,Second,20.0,83.0,RENAULT,DUSTER 85PS DIESEL RXL OPTIONAL WITH NAV,2.89
Bangalore,2010,39525,Petrol,Automatic,First,11.0,170.0,MITSUBISHI,OUTLANDER 2.4,8.69
Kochi,2017,35384,Diesel,Manual,First,24.0,88.0,MARUTI,VITARA BREZZA LDI,8.33
Hyderabad,2010,46000,Diesel,Automatic,First,11.0,261.0,MERCEDES-BENZ,R-CLASS R350 CDI 4MATIC,28.67
Coimbatore,2018,32189,Diesel,Manual,First,23.0,98.0,FORD,ECOSPORT 1.5 DIESEL TITANIUM,9.97
Chennai,2016,27000,Diesel,Automatic,First,19.0,126.0,HYUNDAI,VERNA 1.6 CRDI AT SX OPTION,10.12
Coimbatore,2018,22734,Petrol,Manual,First,16.0,74.0,VOLKSWAGEN,POLO 1.2 MPI HIGHLINE,8.25
Mumbai,2014,58002,Diesel,Manual,First,19.0,108.0,RENAULT,DUSTER 110PS DIESEL RXL,7.11
Chennai,2012,31500,Petrol,Automatic,First,16.0,86.0,HONDA,BRIO S OPTION AT,3.74
Coimbatore,2017,30933,Petrol,Manual,First,18.0,86.0,FORD,FIGO 2015-2019 1.2P TITANIUM MT,6.15
Kolkata,2012,27090,Diesel,Automatic,First,18.0,187.0,AUDI,A6 2.0 TDI DESIGN EDITION,23.91
Mumbai,2015,29500,Diesel,Automatic,First,15.0,258.0,BMW,X5 2014-2019 XDRIVE 30D DESIGN PURE EXPERIENCE 7 SEATER,44.67
Pune,2013,45000,Petrol,Manual,First,20.0,78.0,HYUNDAI,I10 SPORTZ OPTION,3.18
Hyderabad,2018,11691,Petrol,Manual,First,18.0,81.0,HYUNDAI,I20 1.2 ASTA OPTION,8.63
Hyderabad,2006,121000,Diesel,Manual,Second,16.0,90.0,SKODA,OCTAVIA L AND K 1.9 TDI MT,0.98
Hyderabad,2010,118077,Diesel,Manual,First,16.0,110.0,HYUNDAI,VERNA TRANSFORM SX VGT CRDI,4.07
Chennai,2012,36300,Petrol,Automatic,Third,17.0,121.0,HYUNDAI,VERNA 1.6 SX VTVT (O) AT,6.35
Mumbai,2005,90000,Petrol,Manual,Second,15.0,61.0,HYUNDAI,GETZ GVS,-1.47
Chennai,2010,78000,Diesel,Manual,First,20.0,68.0,FORD,FIGO DIESEL EXI,0.7
Mumbai,2015,42000,Diesel,Automatic,First,17.0,174.0,AUDI,A6 2011-2015 35 TDI TECHNOLOGY,31.74
Mumbai,2015,27000,Petrol,Manual,First,16.0,74.0,VOLKSWAGEN,POLO 1.2 MPI HIGHLINE,5.29
Kolkata,2012,22000,Diesel,Automatic,First,17.0,184.0,BMW,X1 SDRIVE20D,14.59
Kolkata,2014,49000,Petrol,Manual,First,17.0,117.0,HONDA,CITY I VTEC SV,5.51
Hyderabad,2012,42600,Diesel,Manual,First,23.0,90.0,HYUNDAI,I20 SPORTZ OPTION DIESEL,3.84
Coimbatore,2018,12794,Petrol,Automatic,First,19.0,88.0,HONDA,JAZZ 1.2 V CVT I VTEC,8.66
Jaipur,2006,125000,Petrol,Manual,Fourth & Above,16.0,97.0,MARUTI,SWIFT 1.3 VXI,0.58
Hyderabad,2014,88046,Petrol,Automatic,First,10.0,152.0,HONDA,CR-V 2.4 AT,11.01
Bangalore,2014,8000,Diesel,Automatic,Second,20.0,107.0,MERCEDES-BENZ,A CLASS A180 CDI,15.62
Coimbatore,2018,82739,Diesel,Automatic,First,16.0,140.0,MAHINDRA,XUV500 AT W10 AWD,14.76
Bangalore,2006,193000,Diesel,Manual,Third,13.0,63.0,MAHINDRA,BOLERO SLX 2WD,-3.46
Mumbai,2013,7000,Petrol,Automatic,First,17.0,99.0,RENAULT,SCALA RXL AT,4.71
Ahmedabad,2012,60000,Diesel,Automatic,Second,12.0,187.0,LAND,ROVER FREELANDER 2 HSE SD4,29.5
Pune,2017,38000,Petrol,Manual,First,22.0,47.0,MARUTI,ALTO 800 VXI,4.24
Kochi,2013,56344,Petrol,Manual,First,17.0,88.0,TOYOTA,ETIOS G,4.06
Mumbai,2014,17858,Petrol,Manual,First,17.0,80.0,HYUNDAI,I20 SPORTZ OPTION,5.19
Hyderabad,2012,53000,Petrol,Manual,First,20.0,78.0,HYUNDAI,I10 SPORTZ,2.74
Kochi,2016,67906,Diesel,Manual,First,25.0,74.0,MARUTI,SWIFT VDI BSIV,6.09
Hyderabad,2015,19000,Petrol,Manual,First,21.0,55.0,HYUNDAI,EON MAGNA PLUS,3.02
Mumbai,2010,67000,Diesel,Automatic,Second,22.0,190.0,BMW,3 SERIES 320D,12.21
Delhi,2011,80000,Diesel,Manual,First,23.0,70.0,TATA,INDIGO XL CLASSIC DICOR,0.9
Delhi,2015,61000,Petrol,Manual,First,22.0,47.0,MARUTI,ALTO 800 LXI,2.59
Pune,2010,39000,Diesel,Manual,First,22.0,73.0,VOLKSWAGEN,POLO DIESEL HIGHLINE 1.2L,1.29
Ahmedabad,2014,59000,Petrol,Automatic,First,14.0,138.0,TOYOTA,COROLLA ALTIS VL AT,12.31
Hyderabad,2008,80931,Petrol,Manual,First,17.0,62.0,HYUNDAI,SANTRO XING GLS,0.79
Kolkata,2016,34000,Petrol,Manual,First,20.0,81.0,MARUTI,SWIFT ZXI,6.7
Hyderabad,2013,130000,Diesel,Manual,First,21.0,84.0,RENAULT,SCALA DIESEL RXL,4.05
Coimbatore,2018,52380,Diesel,Manual,First,24.0,88.0,MARUTI,VITARA BREZZA ZDI PLUS,9.81
Kolkata,2011,44000,Petrol,Manual,First,18.0,75.0,NISSAN,MICRA XV,0.32
Hyderabad,2015,84000,Diesel,Manual,First,20.0,68.0,FORD,FIGO DIESEL EXI,5.63
Kochi,2017,41697,Petrol,Automatic,First,13.0,141.0,HONDA,CR-V 2.0 AT,15.34
Pune,2014,163000,Diesel,Manual,First,19.0,108.0,NISSAN,TERRANO XV 110 PS,5.96
Chennai,2011,42000,Petrol,Manual,Second,17.0,78.0,TOYOTA,ETIOS LIVA 1.2 G,1.03
Jaipur,2013,129000,Diesel,Manual,Third,21.0,88.0,HYUNDAI,I20 ASTA 1.4 CRDI,5.42
Chennai,2015,32200,Petrol,Manual,Second,18.0,86.0,FORD,FIGO ASPIRE 1.2 TI-VCT AMBIENTE,4.67
Mumbai,2004,129000,Diesel,Manual,First,10.0,107.0,MITSUBISHI,PAJERO 2.8 GLX CRZ,3.23
Bangalore,2014,40000,Diesel,Automatic,First,17.0,174.0,AUDI,A4 2.0 TDI 177 BHP PREMIUM PLUS,20.23
Delhi,2006,150000,Petrol,Manual,First,12.0,132.0,TOYOTA,INNOVA 2.0 E,4.22
Jaipur,2007,140000,Petrol,Manual,First,15.0,74.0,CHEVROLET,AVEO U-VA 1.2 LS,0.62
Hyderabad,2006,63181,Petrol,Manual,First,15.0,83.0,HYUNDAI,GETZ GLS,0.2
Kolkata,2013,39575,Diesel,Manual,First,25.0,98.0,HONDA,AMAZE S I-DTECH,3.29
Pune,2010,63600,Diesel,Manual,Second,17.0,97.0,MARUTI,SWIFT VDI BSIV W ABS,1.56
Coimbatore,2014,70374,Diesel,Manual,First,22.0,89.0,FORD,ECOSPORT 1.5 DV5 MT TITANIUM OPTIONAL,6.4
Kolkata,2015,26256,Diesel,Manual,First,20.0,88.0,VOLKSWAGEN,CROSSPOLO 1.5 TDI,6.09
Delhi,2016,13460,Petrol,Manual,First,18.0,81.0,HYUNDAI,ELITE I20 PETROL SPORTZ,6.0
Chennai,2011,122000,Diesel,Manual,Second,12.0,102.0,TOYOTA,INNOVA 2.5 V DIESEL 8-SEATER,8.54
Kolkata,2015,58589,Diesel,Automatic,First,15.0,203.0,MERCEDES-BENZ,M-CLASS ML 250 CDI,31.93
Jaipur,2005,115000,Petrol,Manual,Second,17.0,64.0,MARUTI,WAGON R LX BSIII,-0.28
Pune,2016,75000,Diesel,Automatic,First,12.0,158.0,FORD,ENDEAVOUR 2.2 TREND AT 4X2,23.87
Jaipur,2016,30292,Petrol,Manual,First,18.0,81.0,HYUNDAI,ELITE I20 PETROL SPORTZ,6.01
Ahmedabad,2017,32248,Petrol,Manual,First,17.0,88.0,HONDA,WRV I-VTEC VX,8.42
Bangalore,2013,74000,Petrol,Manual,First,16.0,73.0,VOLKSWAGEN,POLO PETROL HIGHLINE 1.2L,4.82
Mumbai,2014,56100,Petrol,Manual,First,13.0,153.0,HONDA,CR-V 2.0L 2WD MT,10.51
Bangalore,2014,61325,Petrol,Manual,First,18.0,81.0,HYUNDAI,GRAND I10 1.2 KAPPA ASTA,3.17
Kolkata,2014,33000,Petrol,Manual,First,19.0,85.0,MARUTI,SWIFT DZIRE VXI,5.62
Coimbatore,2016,18090,Diesel,Automatic,First,16.0,258.0,BMW,5 SERIES 2003-2012 530D,41.24
Kochi,2014,71390,Diesel,Manual,First,22.0,89.0,FORD,ECOSPORT 1.5 DV5 MT AMBIENTE,5.7
Mumbai,2014,41000,CNG,Manual,First,26.0,58.0,MARUTI,WAGON R LXI CNG,3.65
Ahmedabad,2016,67000,Diesel,Manual,First,26.0,98.0,HONDA,CITY I DTEC V,7.63
Chennai,2008,99000,Diesel,Manual,Second,17.0,70.0,TATA,INDIGO LS,0.8
Pune,2014,142000,Diesel,Manual,Second,19.0,108.0,RENAULT,DUSTER 110PS DIESEL RXL,6.68
Chennai,2010,26966,Petrol,Manual,First,20.0,78.0,HYUNDAI,I10 SPORTZ,0.74
Mumbai,2015,27628,Petrol,Manual,First,18.0,88.0,HONDA,JAZZ 1.2 SV I VTEC,4.87
Hyderabad,2016,82497,Diesel,Manual,First,23.0,88.0,MARUTI,SX4 S CROSS DDIS 200 ZETA,8.95
Mumbai,2007,86000,Petrol,Manual,Third,11.0,144.0,HONDA,ACCORD VTI-L MT,2.73
Coimbatore,2016,26981,Petrol,Manual,First,16.0,73.0,VOLKSWAGEN,POLO PETROL COMFORTLINE 1.2L,6.77
Hyderabad,2010,110471,Diesel,Manual,First,21.0,73.0,MARUTI,RITZ VDI,1.97
Jaipur,2014,69000,Petrol,Manual,First,19.0,88.0,HONDA,AMAZE S PETROL,4.12
Hyderabad,2017,12000,Petrol,Manual,First,18.0,81.0,HYUNDAI,I20 1.2 ASTA OPTION,7.64
Hyderabad,2014,77500,Diesel,Manual,First,20.0,83.0,RENAULT,DUSTER 85PS DIESEL RXL,5.68
Kochi,2014,48031,Petrol,Manual,First,18.0,82.0,HYUNDAI,GRAND I10 MAGNA,3.4
Chennai,2008,170000,Diesel,Automatic,Third,16.0,181.0,BMW,3 SERIES 320D HIGHLINE,11.33
Mumbai,2014,69565,Diesel,Manual,First,22.0,89.0,FORD,ECOSPORT 1.5 DV5 MT TREND,6.35
Hyderabad,2016,45492,Diesel,Automatic,First,21.0,108.0,VOLKSWAGEN,VENTO 1.5 TDI HIGHLINE AT,9.57
Chennai,2011,85000,Petrol,Automatic,Second,11.0,177.0,HONDA,ACCORD 2.4 AT,5.97
Hyderabad,2008,55902,Petrol,Manual,First,14.0,92.0,CHEVROLET,AVEO 1.4,1.59
Hyderabad,2017,18500,Petrol,Manual,First,16.0,74.0,VOLKSWAGEN,POLO 1.2 MPI HIGHLINE PLUS,6.42
Hyderabad,2015,129750,Diesel,Manual,Second,14.0,93.0,MAHINDRA,XYLO D4 BS III,5.77
Hyderabad,2009,50902,Petrol,Automatic,First,19.0,80.0,HYUNDAI,I10 MAGNA AT,2.55
Coimbatore,2015,84725,Diesel,Manual,First,15.0,140.0,MAHINDRA,XUV500 W8 4WD,11.12
Mumbai,2013,40000,Diesel,Manual,Second,22.0,126.0,HYUNDAI,ELANTRA CRDI SX,7.26
Mumbai,2010,60000,Petrol,Manual,Third,14.0,160.0,VOLKSWAGEN,PASSAT 1.8 TSI MT,7.75
Coimbatore,2014,33496,Petrol,Manual,First,18.0,81.0,HYUNDAI,GRAND I10 1.2 KAPPA SPORTZ,2.67
Mumbai,2015,25000,Petrol,Manual,First,18.0,81.0,HYUNDAI,I20 ASTA OPTION 1.2,5.47
Ahmedabad,2013,71000,Diesel,Manual,First,18.0,73.0,CHEVROLET,ENJOY TCDI LS 8 SEATER,3.46
Coimbatore,2015,20826,Petrol,Automatic,First,14.0,103.0,SKODA,RAPID 1.6 MPI AT AMBITION PLUS ALLOY,7.8
Pune,2016,42244,Diesel,Manual,First,19.0,126.0,HYUNDAI,CRETA 1.6 CRDI SX,11.96
Jaipur,2013,98598,Diesel,Manual,First,25.0,57.0,CHEVROLET,BEAT DIESEL PS,2.3
Delhi,2011,62100,Diesel,Manual,First,11.0,171.0,TOYOTA,FORTUNER 3.0 DIESEL,12.68
Coimbatore,2016,44238,Petrol,Manual,First,18.0,81.0,HYUNDAI,I20 SPORTZ OPTION 1.2,6.34
Coimbatore,2012,91743,Diesel,Automatic,First,12.0,241.0,AUDI,Q7 3.0 TDI QUATTRO,27.57
Bangalore,2013,19828,Diesel,Automatic,Second,17.0,300.0,PORSCHE,PANAMERA DIESEL,57.89
Hyderabad,2016,36891,Petrol,Manual,First,17.0,117.0,HONDA,CITY I VTEC VX,8.58
Hyderabad,2012,90049,Diesel,Manual,First,17.0,100.0,MAHINDRA,QUANTO C4,4.09
Ahmedabad,2012,74002,Diesel,Automatic,First,16.0,140.0,AUDI,A4 2.0 TDI MULTITRONIC,16.08
Kolkata,2013,41000,Petrol,Automatic,First,12.0,198.0,HYUNDAI,SONATA TRANSFORM 2.4 GDI AT,15.32
Hyderabad,2012,83678,Diesel,Manual,First,22.0,126.0,HYUNDAI,VERNA 1.6 SX,5.21
Pune,2010,91000,Petrol,Manual,First,18.0,67.0,MARUTI,WAGON R LXI BS IV,0.2
Jaipur,2016,50000,Diesel,Manual,First,24.0,88.0,MARUTI,ERTIGA SHVS ZDI PLUS,8.59
Delhi,2015,58000,Diesel,Manual,First,24.0,71.0,HYUNDAI,XCENT 1.1 CRDI S OPTION,5.11
Jaipur,2012,80000,Diesel,Manual,First,22.0,74.0,MARUTI,SWIFT VDI,3.38
Kochi,2017,41290,Diesel,Manual,Second,16.0,140.0,MAHINDRA,XUV500 W6 2WD,10.93
Delhi,2013,65000,Diesel,Automatic,First,22.0,190.0,BMW,5 SERIES 520D LUXURY LINE,22.9
Bangalore,2016,16471,Petrol,Manual,Second,14.0,138.0,TOYOTA,COROLLA ALTIS 1.8 G,11.19
Pune,2015,54339,Diesel,Manual,Second,22.0,88.0,HYUNDAI,I20 ASTA 1.4 CRDI,6.12
Hyderabad,2016,24025,Petrol,Manual,First,18.0,82.0,MAHINDRA,KUV 100 MFALCON G80 K2,4.41
Kolkata,2013,24027,Petrol,Manual,First,24.0,47.0,MARUTI,ALTO 800 2016-2019 LXI,0.1
Hyderabad,2010,59270,Petrol,Manual,First,15.0,67.0,FIAT,PUNTO EVO 1.2 EMOTION,1.66
Kolkata,2012,40000,Petrol,Manual,First,18.0,67.0,MARUTI,WAGON R VXI BS IV,1.75
Bangalore,2012,155566,Diesel,Manual,Second,9.0,118.0,MITSUBISHI,PAJERO 4X4 LHD,10.68
Chennai,2013,42320,Petrol,Manual,First,19.0,86.0,HONDA,BRIO EX MT,2.56
Coimbatore,2017,24153,Diesel,Manual,Second,22.0,88.0,HYUNDAI,I20 ASTA OPTION 1.4 CRDI,8.4
Mumbai,2016,27000,Petrol,Automatic,First,13.0,121.0,HYUNDAI,CRETA 1.6 SX PLUS PETROL AUTOMATIC,11.71
Hyderabad,2012,92000,CNG,Manual,Second,26.0,38.0,MARUTI,ALTO GREEN LXI (CNG),1.06
Kochi,2017,61795,Petrol,Manual,First,17.0,86.0,HONDA,AMAZE S I-VTEC,7.07
Chennai,2016,13500,Petrol,Manual,First,18.0,82.0,MAHINDRA,KUV 100 MFALCON G80 K6 PLUS,4.08
Pune,2018,4500,Petrol,Automatic,First,18.0,117.0,HONDA,CITY I-VTEC CVT VX,12.3
Mumbai,2017,23000,Diesel,Automatic,First,16.0,140.0,MAHINDRA,XUV500 AT W10 FWD,15.18
Pune,2011,65400,Petrol,Manual,First,0.0,97.0,HYUNDAI,SANTRO GLS I - EURO I,3.52
Mumbai,2013,80578,Diesel,Automatic,Second,14.0,170.0,MERCEDES-BENZ,NEW C-CLASS 220 CDI AT,15.83
Coimbatore,2017,42646,Diesel,Automatic,First,19.0,108.0,RENAULT,DUSTER 110PS DIESEL RXZ AMT,11.8
Bangalore,2014,30000,Petrol,Manual,Second,16.0,74.0,VOLKSWAGEN,POLO 1.2 MPI COMFORTLINE,3.75
Delhi,2012,90000,Diesel,Automatic,First,18.0,97.0,BMW,5 SERIES 520D SEDAN,15.88
Bangalore,2009,98000,Diesel,Automatic,Second,13.0,282.0,MERCEDES-BENZ,S CLASS 2005 2013 S 350 CDI,32.44
Kochi,2012,66400,Petrol,Manual,First,0.0,97.0,HYUNDAI,SANTRO GLS II - EURO II,4.08
Hyderabad,2012,50000,Diesel,Automatic,First,12.0,271.0,JAGUAR,XJ 3.0L PREMIUM LUXURY,41.89
Jaipur,2015,63310,Diesel,Manual,First,28.0,74.0,MARUTI,SWIFT VDI,5.37
Delhi,2014,66000,Diesel,Manual,First,25.0,98.0,HONDA,AMAZE S I-DTECH,4.31
Ahmedabad,2011,74000,Diesel,Automatic,Second,16.0,181.0,BMW,3 SERIES 320D HIGHLINE,13.16
Hyderabad,2012,93000,Diesel,Manual,First,23.0,88.0,HYUNDAI,VERNA 1.4 EX,5.19
Delhi,2015,70000,Diesel,Automatic,First,11.0,169.0,TOYOTA,FORTUNER 4X2 4 SPEED AT,18.68
Ahmedabad,2012,48772,Petrol,Manual,First,18.0,85.0,MARUTI,SWIFT VXI,2.82
Chennai,2010,66000,Petrol,Manual,First,18.0,79.0,CHEVROLET,BEAT LS,0.82
Coimbatore,2017,27417,Petrol,Automatic,First,18.0,82.0,HYUNDAI,GRAND I10 ASTA OPTION AT,6.99
Coimbatore,2011,51593,Petrol,Manual,Second,15.0,70.0,FORD,FIGO PETROL ZXI,2.22
Mumbai,2008,86340,Petrol,Automatic,Second,9.0,97.0,NISSAN,TEANA 230JM,2.31
Pune,2010,75000,Petrol,Manual,First,16.0,88.0,MARUTI,SWIFT VXI BSIII,3.98
Coimbatore,2016,39237,Diesel,Automatic,First,17.0,174.0,AUDI,A4 35 TDI PREMIUM,25.75
Kochi,2018,11966,Petrol,Manual,First,16.0,116.0,HONDA,CITY V MT,10.87
Hyderabad,2015,37000,Petrol,Manual,First,18.0,88.0,HONDA,JAZZ V,5.99
Chennai,2014,70920,Diesel,Manual,First,20.0,88.0,VOLKSWAGEN,POLO 1.5 TDI HIGHLINE,4.88
Hyderabad,2013,65280,Diesel,Manual,First,19.0,83.0,NISSAN,TERRANO XL D OPTION,4.91
Hyderabad,2016,62000,Diesel,Automatic,First,12.0,187.0,LAND,ROVER DISCOVERY SPORT SD4 HSE LUXURY 7S,48.47
Kochi,2014,44525,Petrol,Manual,First,18.0,82.0,HYUNDAI,I20 MAGNA OPTIONAL 1.2,4.69
Jaipur,2009,86863,Petrol,Manual,First,17.0,118.0,HONDA,CITY 1.5 E MT,2.93
Hyderabad,2015,102626,Diesel,Manual,First,16.0,140.0,MAHINDRA,XUV500 W10 AWD,13.55
Jaipur,2017,45000,Diesel,Manual,First,16.0,170.0,JEEP,COMPASS 2.0 LIMITED OPTION 4X4,18.76
Jaipur,2017,22000,Diesel,Manual,First,16.0,140.0,MAHINDRA,XUV500 W10 AWD,15.45
Coimbatore,2011,108905,Diesel,Automatic,Second,11.0,120.0,MAHINDRA,SCORPIO VLX 4WD AIRBAG AT BSIV,6.28
Kolkata,2016,12800,Petrol,Manual,First,19.0,67.0,DATSUN,GO PLUS T,4.46
Kolkata,2016,32000,Diesel,Manual,First,15.0,120.0,MAHINDRA,SCORPIO S6 PLUS 7 SEATER,10.08
Mumbai,2014,39000,Petrol,Automatic,First,15.0,86.0,HONDA,AMAZE S AT I-VTECH,4.29
Pune,2017,42000,Diesel,Manual,First,25.0,98.0,HONDA,CITY I-DTEC ZX,11.59
Chennai,2008,73000,Petrol,Manual,First,14.0,65.0,TATA,INDIGO GLE,-2.2
Chennai,2018,48000,Diesel,Manual,First,24.0,73.0,HYUNDAI,GRAND I10 1.2 CRDI SPORTZ,6.86
Pune,2015,18000,CNG,Manual,First,33.0,40.0,MARUTI,ALTO 800 2016-2019 CNG LXI,1.64
Kolkata,2014,19000,Petrol,Manual,First,17.0,105.0,HYUNDAI,VERNA 1.4 CX VTVT,5.75
Coimbatore,2019,33598,Diesel,Manual,First,13.0,147.0,TOYOTA,INNOVA CRYSTA 2.4 VX MT,20.33
Jaipur,2012,63000,Diesel,Automatic,First,17.0,184.0,BMW,X1 SDRIVE20D,14.63
Chennai,2015,48000,Diesel,Automatic,First,16.0,138.0,VOLKSWAGEN,JETTA 2013-2015 2.0L TDI HIGHLINE AT,11.2
Delhi,2014,66000,Diesel,Manual,First,20.0,68.0,FORD,FIGO DIESEL ZXI,5.09
Ahmedabad,2013,80000,Diesel,Automatic,Second,11.0,184.0,MAHINDRA,SSANGYONG REXTON RX7,10.57
Chennai,2011,37000,Petrol,Manual,First,15.0,103.0,VOLKSWAGEN,VENTO PETROL HIGHLINE,2.82
Kochi,2016,35058,Petrol,Manual,First,15.0,103.0,SKODA,RAPID 1.6 MPI AMBITION WITH ALLOY WHEEL,6.98
Delhi,2012,52000,Petrol,Manual,First,16.0,73.0,VOLKSWAGEN,POLO PETROL COMFORTLINE 1.2L,2.84
Hyderabad,2015,61313,Diesel,Manual,First,23.0,88.0,MARUTI,S CROSS DDIS 200 DELTA,8.11
Kolkata,2009,45000,Petrol,Manual,Second,14.0,138.0,TOYOTA,COROLLA ALTIS G,4.12
Bangalore,2015,74000,Diesel,Manual,First,20.0,88.0,MARUTI,ERTIGA ZDI,8.23
Hyderabad,2013,89000,Petrol,Automatic,First,19.0,80.0,HYUNDAI,I10 ASTA SUNROOF AT,3.92
Kochi,2019,13414,Diesel,Automatic,First,17.0,136.0,MERCEDES-BENZ,CLA 200 CDI SPORT,28.59
Jaipur,2006,95000,Petrol,Manual,Second,16.0,100.0,HONDA,CITY ZX VTEC,0.81
Jaipur,2018,15900,Petrol,Manual,First,18.0,82.0,MAHINDRA,KUV 100 G80 K8,6.57
Delhi,2011,151000,Diesel,Manual,First,11.0,171.0,TOYOTA,FORTUNER 3.0 DIESEL,12.77
Bangalore,2011,65000,Petrol,Manual,First,17.0,118.0,HONDA,CITY 1.5 V MT,4.42
Coimbatore,2017,36824,Diesel,Automatic,First,18.0,187.0,AUDI,A6 35 TDI MATRIX,31.85
Coimbatore,2013,65287,Diesel,Manual,First,20.0,68.0,FORD,FIGO DIESEL ZXI,4.1
Kolkata,2014,52000,Diesel,Automatic,First,17.0,136.0,MERCEDES-BENZ,GLA CLASS 200 CDI,21.79
Hyderabad,2007,33000,Petrol,Manual,First,15.0,74.0,CHEVROLET,AVEO U-VA 1.2 LS,0.52
Hyderabad,2016,71000,Diesel,Manual,First,25.0,99.0,FORD,FIGO 2015-2019 1.5D TITANIUM MT,6.36
Delhi,2013,71000,Diesel,Automatic,First,22.0,126.0,HYUNDAI,ELANTRA CRDI SX AT,9.16
Kolkata,2016,20000,Petrol,Automatic,First,21.0,83.0,MARUTI,BALENO ZETA CVT,6.47
Hyderabad,2010,71000,Petrol,Manual,First,16.0,85.0,MARUTI,SWIFT LXI BSIV,4.12
Hyderabad,2010,29000,Diesel,Automatic,First,9.0,271.0,MERCEDES-BENZ,CLS-CLASS 2006-2010 350 CDI,31.56
Ahmedabad,2016,27000,Diesel,Automatic,First,21.0,190.0,BMW,3 SERIES LUXURY LINE,31.14
Chennai,2017,19000,Diesel,Automatic,First,28.0,73.0,MARUTI,DZIRE AMT ZDI PLUS,8.63
Mumbai,2011,58000,Petrol,Manual,Second,17.0,121.0,HYUNDAI,VERNA 1.6 SX VTVT,3.03
Kochi,2018,42203,Diesel,Manual,First,17.0,170.0,JEEP,COMPASS 2.0 LONGITUDE,18.71
Hyderabad,2009,94000,Diesel,Automatic,First,11.0,142.0,HYUNDAI,SONATA EMBERA 2.0L CRDI AT,6.55
Delhi,2013,52000,CNG,Manual,Second,15.0,73.0,MARUTI,EECO 5 STR WITH AC PLUS HTR CNG,0.83
Kolkata,2018,4900,Diesel,Manual,First,21.0,108.0,TATA,NEXON 1.5 REVOTORQ XZ PLUS DUAL TONE,9.93
Jaipur,2013,70000,Petrol,Manual,First,21.0,55.0,HYUNDAI,EON ERA PLUS,1.2
Hyderabad,2005,100000,Diesel,Manual,Second,13.0,97.0,TATA,INDICA DLS,-1.84
Kochi,2015,65266,Diesel,Automatic,First,14.0,258.0,BMW,5 SERIES 2013-2017 530D M SPORT,39.65
Delhi,2014,54569,Diesel,Manual,First,20.0,88.0,MARUTI,ERTIGA VDI,6.75
Kochi,2015,51361,Petrol,Manual,First,18.0,86.0,HONDA,AMAZE E I-VTECH,5.06
Jaipur,2007,125000,Petrol,Manual,Third,16.0,68.0,FORD,FIESTA 1.4 DURATEC ZXI,1.28
Bangalore,2008,66000,Petrol,Manual,Third,13.0,130.0,HONDA,CIVIC 2006-2010 1.8 V MT,2.59
Hyderabad,2007,65047,LPG,Manual,First,17.0,57.0,MARUTI,WAGON R LX DUO BSIII,0.91
Delhi,2014,22281,Diesel,Manual,First,20.0,88.0,MARUTI,ERTIGA ZDI,7.2
Delhi,2013,63210,Diesel,Manual,First,24.0,70.0,HYUNDAI,GRAND I10 CRDI SPORTZ,2.81
Pune,2018,31000,Petrol,Manual,First,20.0,81.0,HYUNDAI,XCENT 1.2 VTVT E PLUS,6.12
Ahmedabad,2008,60000,Petrol,Manual,First,19.0,68.0,HYUNDAI,I10 ERA,0.04
Mumbai,2017,32006,Petrol,Manual,First,18.0,86.0,HONDA,AMAZE S I-VTECH,6.68
Ahmedabad,2009,78000,Diesel,Automatic,First,12.0,179.0,AUDI,A6 2.7 TDI,12.36
Mumbai,2011,9489,Petrol,Manual,First,20.0,78.0,HYUNDAI,I10 MAGNA 1.2 ITECH SE,1.72
Pune,2018,5000,Petrol,Manual,First,25.0,53.0,RENAULT,KWID RXT OPTIONAL,4.27
Jaipur,2012,60000,Diesel,Automatic,Second,15.0,140.0,AUDI,A4 NEW 2.0 TDI MULTITRONIC,13.44
Jaipur,2015,50000,Petrol,Manual,First,22.0,47.0,MARUTI,ALTO 800 LXI AIRBAG,2.73
Delhi,2015,53000,Petrol,Manual,First,17.0,117.0,HONDA,CITY I VTEC VX OPTION,7.82
Delhi,2011,64000,Petrol,Automatic,Second,11.0,186.0,MERCEDES-BENZ,NEW C-CLASS C250 AVANTGARDE,14.54
Coimbatore,2017,43827,Diesel,Automatic,First,13.0,241.0,AUDI,Q5 3.0 TDI QUATTRO TECHNOLOGY,39.29
Pune,2011,36431,Petrol,Manual,First,16.0,74.0,VOLKSWAGEN,POLO 1.2 MPI COMFORTLINE,1.3
Mumbai,2017,35000,Diesel,Manual,First,21.0,88.0,HYUNDAI,CRETA 1.4 E PLUS DIESEL,9.64
Kochi,2011,94832,Petrol,Manual,First,17.0,118.0,HONDA,CITY 1.5 V MT,4.45
Coimbatore,2012,88381,Petrol,Manual,First,17.0,118.0,HONDA,CITY 1.5 S MT,5.14
Kolkata,2016,45194,Diesel,Manual,First,22.0,118.0,MARUTI,S CROSS DDIS 320 ALPHA,8.55
Mumbai,2010,66000,Petrol,Manual,Second,16.0,103.0,MARUTI,SX4 VXI BSIV,2.49
Kolkata,2014,38578,Diesel,Manual,First,23.0,74.0,MARUTI,SWIFT DZIRE VDI,5.58
Chennai,2015,40000,Diesel,Manual,First,20.0,88.0,MARUTI,ERTIGA ZDI,8.2
Coimbatore,2018,20632,Petrol,Manual,First,18.0,81.0,HYUNDAI,I20 1.2 SPOTZ,7.77
Hyderabad,2014,73042,Diesel,Manual,First,24.0,70.0,HYUNDAI,GRAND I10 CRDI MAGNA,3.79
Delhi,2014,54257,Petrol,Manual,First,17.0,117.0,HONDA,CITY I VTEC SV,5.51
Hyderabad,2013,93000,Diesel,Manual,First,20.0,103.0,SKODA,RAPID 1.6 TDI ELEGANCE,5.49
Hyderabad,2005,102000,Diesel,Automatic,Second,11.0,198.0,MERCEDES-BENZ,E-CLASS E270 CDI,9.91
Coimbatore,2016,28881,Diesel,Automatic,First,13.0,194.0,HYUNDAI,SANTA FE 4WD AT,19.3
Hyderabad,2007,52195,Petrol,Manual,First,19.0,46.0,MARUTI,ALTO LXI,-0.3
Coimbatore,2018,20422,Diesel,Manual,First,12.0,134.0,ISUZU,D-MAX V-CROSS 4X4,11.79
Kolkata,2012,38000,Diesel,Manual,First,24.0,88.0,HYUNDAI,VERNA 1.4 CRDI GL,4.02
Coimbatore,2015,92885,Diesel,Manual,First,20.0,68.0,FORD,FIGO DIESEL ZXI,6.1
Pune,2010,43000,Petrol,Manual,Second,17.0,118.0,HONDA,CITY 1.5 S MT,2.62
Coimbatore,2016,70478,Diesel,Manual,First,17.0,97.0,MARUTI,SWIFT VDI BSIV W ABS,7.99
Delhi,2015,57000,Diesel,Manual,First,23.0,126.0,HYUNDAI,VERNA 1.6 CRDI S,7.62
Coimbatore,2018,32434,Petrol,Automatic,First,13.0,121.0,HYUNDAI,CRETA 1.6 SX PLUS PETROL AUTOMATIC,13.69
Hyderabad,2017,32000,Diesel,Manual,First,22.0,89.0,FORD,ECOSPORT 1.5 DV5 MT TITANIUM,9.28
Delhi,2011,59000,Diesel,Automatic,First,11.0,241.0,BMW,X6 XDRIVE30D,30.82
Coimbatore,2016,76467,Diesel,Automatic,First,18.0,190.0,BMW,5 SERIES 2013-2017 520D LUXURY LINE,33.03
Hyderabad,2016,100000,Diesel,Manual,First,25.0,99.0,FORD,FIGO ASPIRE 1.5 TDCI AMBIENTE,6.61
Pune,2013,37086,Petrol,Automatic,First,17.0,121.0,HYUNDAI,VERNA VTVT 1.6 AT EX,6.25
Jaipur,2010,135000,Diesel,Manual,First,13.0,68.0,FORD,IKON 1.4 TDCI DURATORQ,2.27
Kochi,2014,54862,Diesel,Automatic,First,17.0,174.0,AUDI,A6 2011-2015 2.0 TDI,21.43
Hyderabad,2010,67758,Petrol,Manual,First,10.0,97.0,HONDA,CR-V SPORT,6.7
Pune,2012,56200,Petrol,Automatic,First,15.0,98.0,HYUNDAI,I20 2015-2017 SPORTZ AT 1.4,4.22
Kochi,2011,169006,Diesel,Manual,First,14.0,174.0,TOYOTA,FORTUNER 2.8 4WD MT,14.0
Bangalore,2016,20229,Petrol,Manual,First,25.0,53.0,RENAULT,KWID RXT,2.9
Chennai,2008,62000,Petrol,Manual,Third,18.0,62.0,CHEVROLET,SPARK 1.0 LT,-0.49
Hyderabad,2011,51500,Petrol,Manual,Second,16.0,103.0,HYUNDAI,VERNA TRANSFORM VTVT,3.04
Hyderabad,2012,69000,Diesel,Automatic,First,18.0,184.0,BMW,3 SERIES 320D SPORT LINE,19.38
Bangalore,2004,167000,Petrol,Manual,First,0.0,97.0,HYUNDAI,SANTRO XING XP,-0.41
Hyderabad,2015,62476,Diesel,Manual,First,26.0,74.0,MARUTI,SWIFT DZIRE VDI,6.11
Jaipur,2017,60500,Diesel,Manual,First,25.0,73.0,HYUNDAI,XCENT 1.2 CRDI E PLUS,6.23
Mumbai,2017,17978,Petrol,Automatic,First,19.0,88.0,HONDA,JAZZ V CVT,7.94
Jaipur,2008,300000,Diesel,Manual,First,17.0,70.0,TATA,INDIGO LS,1.49
Chennai,2013,123000,Diesel,Manual,Second,17.0,67.0,FORD,FIESTA CLASSIC 1.4 DURATORQ CLXI,3.86
Kolkata,2016,45296,Diesel,Manual,First,25.0,88.0,MARUTI,S-CROSS ALPHA DDIS 200 SH,7.76
Coimbatore,2008,77325,Petrol,Manual,First,15.0,104.0,MARUTI,SX4 ZXI WITH LEATHER BSIII,2.95
Kochi,2018,25858,Petrol,Automatic,First,21.0,83.0,MARUTI,BALENO ZETA AUTOMATIC,8.34
Bangalore,2016,120000,Diesel,Manual,First,23.0,73.0,MARUTI,RITZ LDI,7.17
Ahmedabad,2016,22000,Diesel,Automatic,First,19.0,126.0,HYUNDAI,ELANTRA CRDI SX AT,12.55
Kolkata,2012,11000,Petrol,Manual,First,16.0,62.0,CHEVROLET,SPARK 1.0 LT,3.19
Mumbai,2017,3900,Petrol,Manual,First,18.0,81.0,HYUNDAI,I20 1.2 SPOTZ,6.77
Hyderabad,2016,106092,Diesel,Manual,First,24.0,71.0,HYUNDAI,XCENT 1.1 CRDI BASE,4.69
Delhi,2015,27000,Petrol,Automatic,First,19.0,88.0,HONDA,JAZZ 1.2 V CVT I VTEC,5.71
Ahmedabad,2013,11000,Petrol,Manual,First,19.0,86.0,HONDA,BRIO S MT,3.05
Coimbatore,2016,39753,Diesel,Automatic,First,13.0,201.0,MERCEDES-BENZ,E-CLASS E250 CDI AVANTGRADE,26.85
Pune,2017,39800,Diesel,Manual,First,17.0,153.0,TATA,HEXA XT,13.56
Pune,2017,73000,Diesel,Manual,First,24.0,71.0,HYUNDAI,XCENT 1.1 CRDI BASE,5.65
Pune,2015,55000,Diesel,Manual,First,22.0,89.0,FORD,ECOSPORT 1.5 DV5 MT TITANIUM OPTIONAL,7.37
Coimbatore,2017,18351,Petrol,Automatic,First,21.0,37.0,TATA,NANO XTA,3.73
Pune,2013,45000,Petrol,Manual,Second,19.0,86.0,HONDA,BRIO VX,2.91
Hyderabad,2016,112200,Diesel,Manual,First,24.0,88.0,MARUTI,ERTIGA SHVS ZDI PLUS,8.65
Bangalore,2010,29000,Petrol,Manual,First,20.0,78.0,HYUNDAI,I10 SPORTZ 1.2,1.85
Hyderabad,2007,57309,Petrol,Manual,First,17.0,97.0,HYUNDAI,SANTRO XING XO,1.65
Mumbai,2015,53392,Diesel,Manual,First,16.0,140.0,MAHINDRA,XUV500 W10 2WD,12.29
Hyderabad,2010,71000,Diesel,Manual,First,20.0,103.0,VOLKSWAGEN,VENTO DIESEL HIGHLINE,3.01
Hyderabad,2014,93000,Diesel,Manual,First,14.0,138.0,TATA,SAFARI STORME 2012-2015 VX,8.86
Hyderabad,2010,119000,Petrol,Manual,First,10.0,180.0,HONDA,ACCORD 2.4 ELEGANCE M/T,6.22
Coimbatore,2016,42225,Petrol,Manual,First,15.0,73.0,MARUTI,EECO 7 SEATER STANDARD,5.33
Ahmedabad,2012,65000,Diesel,Manual,First,22.0,74.0,MARUTI,SWIFT VDI,3.37
Pune,2016,27809,Petrol,Automatic,First,21.0,83.0,MARUTI,BALENO ZETA AUTOMATIC,6.37
Coimbatore,2015,65100,Diesel,Manual,First,15.0,140.0,MAHINDRA,XUV500 W8 2WD,10.02
Chennai,2014,51000,Petrol,Manual,First,19.0,82.0,HYUNDAI,XCENT 1.2 KAPPA S,3.75
Hyderabad,2017,10000,Diesel,Automatic,First,19.0,167.0,MERCEDES-BENZ,NEW C-CLASS C 220 CDI STYLE,33.38
Kolkata,2011,54895,Petrol,Manual,First,13.0,160.0,SKODA,SUPERB 1.8 TSI MT,5.61
Hyderabad,2015,80768,Diesel,Manual,First,20.0,88.0,VOLKSWAGEN,CROSSPOLO 1.5 TDI,6.14
Kochi,2019,12076,Petrol,Manual,First,20.0,81.0,MARUTI,IGNIS 1.2 DELTA,7.63
Chennai,2016,49000,Diesel,Manual,First,25.0,74.0,MARUTI,SWIFT VDI BSIV,6.07
Mumbai,2015,42366,Petrol,Manual,First,17.0,117.0,HONDA,CITY I VTEC VX OPTION,7.81
Ahmedabad,2010,68000,Diesel,Automatic,First,11.0,235.0,BMW,5 SERIES 530D HIGHLINE SEDAN,21.67
Hyderabad,2008,122397,Diesel,Manual,First,17.0,106.0,SKODA,LAURA AMBIENTE,3.62
Coimbatore,2017,50534,Petrol,Automatic,First,17.0,103.0,VOLKSWAGEN,POLO GT TSI,8.58
Ahmedabad,2014,55300,Diesel,Manual,First,19.0,83.0,RENAULT,DUSTER 85PS DIESEL RXL,5.82
Hyderabad,2008,73095,Petrol,Automatic,First,16.0,118.0,HONDA,CITY 1.5 S AT,1.85
Ahmedabad,2011,51100,Diesel,Manual,First,20.0,103.0,VOLKSWAGEN,VENTO DIESEL HIGHLINE,3.98
Pune,2016,13436,Petrol,Manual,Second,18.0,82.0,HYUNDAI,GRAND I10 SPORTZ,4.64
Pune,2008,76000,Petrol,Manual,Second,16.0,68.0,FORD,FIESTA 1.4 ZXI DURATEC,-0.24
Mumbai,2016,63141,Diesel,Manual,Second,24.0,71.0,HYUNDAI,XCENT 1.1 CRDI S,4.93
Hyderabad,2014,74885,Diesel,Manual,First,25.0,98.0,HONDA,AMAZE VX I-DTEC,4.48
Hyderabad,2016,14000,Petrol,Automatic,First,18.0,117.0,HONDA,CITY I VTEC CVT VX,9.86
Pune,2012,56000,Diesel,Manual,Second,20.0,108.0,RENAULT,FLUENCE 1.5,4.14
Ahmedabad,2010,46000,Diesel,Automatic,First,22.0,190.0,BMW,5 SERIES 520D LUXURY LINE,19.92
Mumbai,2012,51800,Petrol,Manual,First,15.0,103.0,MARUTI,SX4 ZXI MT BSIV,4.53
Hyderabad,2007,81000,Petrol,Automatic,First,16.0,78.0,HONDA,CITY ZX CVT,2.1
Kochi,2018,17370,Petrol,Manual,First,17.0,73.0,VOLKSWAGEN,AMEO 1.2 MPI COMFORTLINE,6.45
Hyderabad,2016,18456,Petrol,Manual,First,17.0,73.0,VOLKSWAGEN,AMEO 1.2 MPI COMFORTLINE,4.48
Delhi,2010,59000,Diesel,Automatic,First,16.0,140.0,AUDI,A4 2.0 TDI MULTITRONIC,14.1
Mumbai,2006,141537,Petrol,Manual,Second,18.0,67.0,MARUTI,WAGON R VXI,-3.72
Delhi,2013,51000,Diesel,Automatic,First,19.0,126.0,HYUNDAI,VERNA SX CRDI AT,7.02
Coimbatore,2019,29311,Diesel,Automatic,First,17.0,170.0,MERCEDES-BENZ,GLC 220D 4MATIC STYLE,46.04
Mumbai,2016,31000,Diesel,Automatic,First,21.0,190.0,BMW,3 SERIES LUXURY LINE,31.15
Mumbai,2014,80000,Diesel,Manual,Second,24.0,98.0,HONDA,MOBILIO V OPTION I DTEC,5.2
Hyderabad,2016,33000,Diesel,Automatic,First,17.0,126.0,HYUNDAI,CRETA 1.6 CRDI AT SX PLUS,13.13
Hyderabad,2011,71556,Petrol,Manual,First,17.0,118.0,HONDA,CITY 1.5 S MT,4.13
Bangalore,2011,85000,Diesel,Manual,First,17.0,68.0,FORD,FIESTA 1.4 TDCI EXI,2.45
Chennai,2016,91000,Diesel,Manual,First,26.0,74.0,MARUTI,SWIFT DZIRE LDI,5.67
Coimbatore,2015,73187,Diesel,Automatic,First,13.0,204.0,MERCEDES-BENZ,E-CLASS E250 CDI LAUNCH EDITION,27.97
Jaipur,2009,232000,Diesel,Manual,First,11.0,147.0,CHEVROLET,CAPTIVA LT,5.43
Bangalore,2007,127079,Diesel,Manual,First,12.0,102.0,TOYOTA,INNOVA 2.5 V DIESEL 7-SEATER,5.43
Kochi,2014,58816,Diesel,Manual,First,17.0,100.0,MAHINDRA,QUANTO C8,4.74
Kochi,2015,63818,Petrol,Manual,First,17.0,117.0,HONDA,CITY I VTEC V,7.2
Kolkata,2014,40000,Diesel,Automatic,First,17.0,174.0,AUDI,A4 2.0 TDI 177 BHP PREMIUM PLUS,20.23
Delhi,2013,77445,Diesel,Manual,First,22.0,73.0,VOLKSWAGEN,POLO DIESEL COMFORTLINE 1.2L,4.31
Pune,2017,14000,Petrol,Automatic,First,14.0,121.0,FORD,ECOSPORT 1.5 PETROL TITANIUM PLUS AT,10.49
Kolkata,2012,85122,Diesel,Manual,First,12.0,100.0,TOYOTA,INNOVA 2.5 G (DIESEL) 7 SEATER BS IV,8.34
Jaipur,2005,123000,Petrol,Manual,Third,13.0,100.0,HONDA,CITY 1.5 EXI,2.56
Kochi,2015,61000,CNG,Manual,First,22.0,85.0,MARUTI,SX4 GREEN VXI (CNG),4.53
Chennai,2015,63714,Petrol,Manual,First,24.0,47.0,MARUTI,ALTO 800 2016-2019 LXI OPTIONAL,1.36
Pune,2009,53000,Diesel,Automatic,First,8.0,224.0,MERCEDES-BENZ,M-CLASS ML 320 CDI,14.46
Kolkata,2017,60000,Diesel,Manual,First,26.0,74.0,MARUTI,SWIFT DZIRE LDI,6.63
Ahmedabad,2017,33000,Diesel,Manual,First,24.0,88.0,MARUTI,VITARA BREZZA ZDI PLUS DUAL TONE,10.03
Mumbai,2013,31000,Diesel,Automatic,First,13.0,215.0,VOLVO,S60 D5 SUMMUM,19.14
Delhi,2014,79000,Diesel,Automatic,First,12.0,168.0,TOYOTA,FORTUNER 4X2 AT,18.58
Kochi,2013,67914,Diesel,Manual,First,23.0,90.0,HYUNDAI,I20 SPORTZ OPTION DIESEL,4.85
Bangalore,2015,58970,Diesel,Automatic,First,17.0,174.0,AUDI,A4 35 TDI PREMIUM,24.78
Mumbai,2013,60000,Diesel,Manual,Second,19.0,108.0,NISSAN,TERRANO XV D PRE,5.37
Coimbatore,2017,35225,Petrol,Automatic,First,23.0,67.0,MARUTI,CELERIO ZXI AMT,5.87
Delhi,2005,69496,Petrol,Manual,First,15.0,97.0,MARUTI,ESTEEM VXI,0.7
Delhi,2012,62282,Petrol,Automatic,First,16.0,78.0,HYUNDAI,I10 SPORTZ AT,3.72
Hyderabad,2010,80000,Diesel,Automatic,First,22.0,190.0,BMW,3 SERIES 320D,12.72
Kochi,2018,43698,Petrol,Manual,First,18.0,82.0,HYUNDAI,GRAND I10 SPORTZ,7.15
Coimbatore,2017,28052,Petrol,Automatic,First,18.0,82.0,HYUNDAI,GRAND I10 ASTA OPTION AT,6.99
Coimbatore,2016,29091,Petrol,Manual,First,18.0,81.0,HYUNDAI,GRAND I10 1.2 KAPPA SPORTZ,4.64
Delhi,2013,63000,Petrol,Manual,First,16.0,74.0,VOLKSWAGEN,POLO 1.2 MPI COMFORTLINE,3.29
Hyderabad,2007,91000,Petrol,Manual,Second,17.0,78.0,HONDA,CITY ZX EXI,0.27
Hyderabad,2014,30000,Diesel,Automatic,First,17.0,136.0,MERCEDES-BENZ,GLA CLASS 200 CDI,21.77
Hyderabad,2017,24571,Petrol,Manual,First,14.0,35.0,MARUTI,OMNI 8 SEATER BSIV,4.77
Bangalore,2014,45000,Petrol,Automatic,First,15.0,121.0,HYUNDAI,VERNA 1.6 SX VTVT AT,7.46
Hyderabad,2015,24617,Petrol,Manual,First,22.0,47.0,MARUTI,ALTO 800 LXI,2.56
Coimbatore,2017,26927,Diesel,Manual,First,24.0,88.0,MARUTI,VITARA BREZZA ZDI PLUS DUAL TONE,10.02
Kochi,2013,87736,Diesel,Manual,First,15.0,140.0,MAHINDRA,XUV500 W8 2WD,8.07
Delhi,2016,35299,Diesel,Manual,First,24.0,88.0,MARUTI,VITARA BREZZA ZDI,8.57
Kochi,2017,51612,Petrol,Manual,First,18.0,81.0,HYUNDAI,I20 1.2 SPOTZ,6.82
Mumbai,1998,55300,Diesel,Automatic,First,10.0,157.0,MERCEDES-BENZ,E-CLASS 250 D W 210,5.76
Hyderabad,2009,65090,Petrol,Manual,First,19.0,46.0,MARUTI,ALTO LXI,1.69
Kolkata,2013,40000,Petrol,Manual,First,18.0,86.0,HONDA,AMAZE S I-VTECH,2.74
Kochi,2015,38467,Diesel,Automatic,First,12.0,255.0,LAND,ROVER RANGE ROVER SPORT HSE,48.19
Mumbai,2013,71904,Diesel,Manual,First,24.0,70.0,HYUNDAI,GRAND I10 CRDI MAGNA,2.8
Mumbai,2008,87000,Petrol,Manual,First,13.0,130.0,HONDA,CIVIC 2006-2010 1.8 S MT,3.71
Chennai,2014,33000,Diesel,Manual,Second,24.0,70.0,HYUNDAI,GRAND I10 CRDI MAGNA,3.25
Jaipur,2009,22100,Petrol,Manual,Second,16.0,37.0,MARUTI,800 AC UNIQ,-3.71
Hyderabad,2014,59589,Diesel,Manual,First,23.0,67.0,TOYOTA,ETIOS LIVA DIESEL,5.99
Delhi,2015,44000,Diesel,Manual,First,22.0,88.0,HYUNDAI,I20 MAGNA 1.4 CRDI,5.84
Mumbai,2017,12000,Petrol,Manual,First,24.0,67.0,MARUTI,ALTO K10 VXI,5.63
Pune,2012,66000,Diesel,Automatic,Second,17.0,184.0,BMW,X1 SDRIVE20D,14.13
Pune,2016,38009,Petrol,Automatic,First,23.0,67.0,MARUTI,CELERIO VXI AT,5.59
Mumbai,2009,35000,Petrol,Automatic,Second,13.0,157.0,SKODA,SUPERB ELEGANCE 1.8 TSI AT,4.74
Pune,2009,70000,Diesel,Manual,First,14.0,112.0,MAHINDRA,XYLO E4,2.7
Delhi,2014,86000,Diesel,Manual,First,15.0,140.0,MAHINDRA,XUV500 W8 2WD,9.05
Pune,2016,32000,Petrol,Manual,First,19.0,85.0,MARUTI,SWIFT DZIRE VXI,7.6
Mumbai,2017,15000,Petrol,Manual,First,18.0,123.0,FORD,ECOSPORT 1.0 ECOBOOST PLATINUM EDITION,8.71
Coimbatore,2014,69918,Diesel,Manual,First,21.0,87.0,TOYOTA,COROLLA ALTIS DIESEL D4DG,8.75
Pune,2012,39000,Petrol,Manual,First,18.0,80.0,HYUNDAI,I20 2015-2017 1.2 MAGNA,2.5
Mumbai,2018,1011,Diesel,Manual,First,20.0,108.0,RENAULT,CAPTUR 1.5 DIESEL PLATINE MONO,12.83
Hyderabad,2009,85000,Diesel,Automatic,First,11.0,198.0,MERCEDES-BENZ,E-CLASS 280 CDI,12.95
Chennai,2017,46663,Petrol,Manual,First,21.0,100.0,MARUTI,BALENO RS 1.0 PETROL,7.58
Chennai,2015,27000,Petrol,Automatic,First,17.0,99.0,NISSAN,SUNNY 2011-2014 XL AT SPECIAL EDITION,7.1
Chennai,2015,15000,Petrol,Automatic,First,18.0,82.0,HYUNDAI,GRAND I10 AT ASTA,5.31
Kochi,2018,10575,Petrol,Manual,First,21.0,103.0,MARUTI,CIAZ ZETA,9.7
Jaipur,2014,12500,Petrol,Manual,First,19.0,82.0,HYUNDAI,XCENT 1.2 KAPPA S,3.71
Ahmedabad,2012,52000,Diesel,Manual,First,22.0,126.0,HYUNDAI,VERNA 1.6 SX CRDI (O),5.07
Kochi,2015,49818,Petrol,Manual,First,21.0,81.0,MARUTI,WAGON R VXI 1.2,3.95
Hyderabad,2008,90000,Diesel,Manual,Second,16.0,110.0,HYUNDAI,VERNA CRDI,2.28
Kochi,2015,52207,Petrol,Manual,First,17.0,78.0,TOYOTA,ETIOS LIVA G,4.62
Pune,2013,167362,Diesel,Manual,First,11.0,112.0,MAHINDRA,XYLO E4 ABS BS III,4.89
Coimbatore,2015,49894,Diesel,Manual,First,23.0,67.0,TOYOTA,ETIOS LIVA GD,4.86
Kochi,2019,13024,Diesel,Manual,First,18.0,63.0,MAHINDRA,THAR DI 4X4,8.62
Pune,2010,128000,Diesel,Manual,Second,14.0,147.0,NISSAN,X-TRAIL SLX MT,6.81
Kochi,2017,26023,Diesel,Automatic,First,11.0,171.0,TOYOTA,INNOVA CRYSTA 2.8 ZX AT,20.16
Delhi,2016,42784,Diesel,Manual,First,21.0,88.0,HYUNDAI,CRETA 1.4 CRDI S,9.46
Pune,2014,115000,Diesel,Manual,First,28.0,74.0,MARUTI,SWIFT VDI,4.43
Kochi,2019,30529,Diesel,Manual,First,23.0,126.0,HYUNDAI,VERNA 1.6 CRDI SX OPTION,14.44
Kochi,2012,14814,Petrol,Manual,Second,19.0,46.0,MARUTI,ALTO LXI BSIII,3.0
Ahmedabad,2016,58000,Diesel,Manual,First,23.0,88.0,MARUTI,S CROSS DDIS 200 ALPHA,8.93
Hyderabad,2011,68128,Petrol,Manual,First,21.0,55.0,HYUNDAI,EON ERA,-0.51
Hyderabad,2013,63220,Petrol,Manual,First,13.0,102.0,NISSAN,TERRANO XL,5.16
Hyderabad,2016,30000,Petrol,Manual,First,21.0,55.0,HYUNDAI,EON ERA,4.39
Bangalore,2017,27768,Diesel,Manual,First,20.0,88.0,TATA,ZEST QUADRAJET 1.3 XT,6.43
Hyderabad,2014,53000,Diesel,Automatic,Second,14.0,203.0,MERCEDES-BENZ,E-CLASS 2009-2013 E250 CDI ELEGANCE,25.18
Coimbatore,2014,87652,Diesel,Automatic,Second,14.0,174.0,AUDI,Q5 2.0 TDI PREMIUM PLUS,27.95
Chennai,2008,94873,Petrol,Manual,Second,15.0,101.0,FORD,FIESTA 1.6 ZXI LEATHER,0.29
Mumbai,2015,56000,Diesel,Automatic,First,18.0,184.0,BMW,3 SERIES 320D PRESTIGE,20.28
Kochi,2018,18678,Petrol,Manual,First,21.0,100.0,MARUTI,BALENO RS 1.0 PETROL,8.54
Delhi,2014,30000,Diesel,Automatic,First,14.0,203.0,MERCEDES-BENZ,E-CLASS 2009-2013 E250 CDI BLUE EFFICIENCY,22.35
Mumbai,2012,129000,Diesel,Automatic,First,12.0,97.0,FORD,ENDEAVOUR HURRICANE LE,7.18
Hyderabad,2013,59000,Petrol,Manual,First,20.0,78.0,HYUNDAI,I10 SPORTZ 1.2,4.84
Mumbai,2017,13000,Petrol,Manual,First,18.0,82.0,HYUNDAI,GRAND I10 ASTA OPTION,7.21
Kochi,2014,74325,Petrol,Manual,First,19.0,86.0,HONDA,BRIO S MT,4.09
Kolkata,2015,45000,Diesel,Manual,First,21.0,88.0,HYUNDAI,I20 MAGNA 1.4 CRDI (DIESEL),5.36
Pune,2013,57000,Petrol,Manual,First,16.0,73.0,VOLKSWAGEN,POLO PETROL HIGHLINE 1.2L,4.8
Pune,2001,125943,Petrol,Manual,Second,13.0,100.0,HONDA,CITY 1.5 EXI,-2.43
Delhi,2008,80000,Diesel,Manual,First,18.0,66.0,SKODA,OCTAVIA AMBIENTE 1.9 TDI,-1.42
Hyderabad,2010,154000,Diesel,Manual,First,13.0,141.0,FORD,ENDEAVOUR 2.5L 4X2,6.8
Bangalore,2013,62000,Diesel,Manual,Second,18.0,147.0,CHEVROLET,CRUZE LTZ,4.36
Kolkata,2013,27000,Petrol,Automatic,First,14.0,97.0,HONDA,CR-V AT WITH SUN ROOF,9.3
Kolkata,2014,45000,Diesel,Manual,First,24.0,98.0,HONDA,MOBILIO V I DTEC,5.56
Pune,2012,105000,Diesel,Manual,Second,20.0,88.0,MARUTI,ERTIGA VDI,4.33
Mumbai,2013,26000,Petrol,Manual,First,18.0,82.0,HYUNDAI,GRAND I10 SPORTZ,2.2
Mumbai,2014,30900,Diesel,Automatic,First,14.0,270.0,JAGUAR,XF 3.0 LITRE S PREMIUM LUXURY,26.48
Chennai,2014,48000,Petrol,Manual,First,18.0,86.0,HONDA,AMAZE VX I-VTECH,4.13
Pune,2011,112719,Diesel,Automatic,First,12.0,179.0,AUDI,A6 2.7 TDI,14.37
Chennai,2017,5000,Petrol,Manual,First,18.0,81.0,HYUNDAI,I20 1.2 SPOTZ,6.77
Mumbai,2016,16000,Petrol,Manual,First,17.0,73.0,VOLKSWAGEN,AMEO 1.2 MPI HIGHLINE PLUS 16,5.13
Jaipur,2011,63000,Petrol,Automatic,First,13.0,135.0,RENAULT,FLUENCE 2.0,5.51
Chennai,2011,28300,Petrol,Manual,First,24.0,67.0,MARUTI,ALTO K10 VXI,-0.27
Jaipur,2005,49000,Petrol,Manual,First,19.0,46.0,MARUTI,ALTO STD,-0.3
Kolkata,2016,12501,Petrol,Manual,First,20.0,67.0,MARUTI,WAGON R VXI BS IV,5.35
Kochi,2016,56628,Diesel,Manual,First,20.0,92.0,FIAT,LINEA 1.3 EMOTION,8.89
Pune,2010,105000,Diesel,Manual,First,19.0,73.0,MARUTI,SWIFT DZIRE VDI BSIV,2.23
Pune,2016,52126,Diesel,Manual,First,21.0,84.0,RENAULT,SCALA DIESEL RXL,6.93
Kolkata,2010,38000,Petrol,Manual,First,18.0,80.0,HYUNDAI,I20 MAGNA,2.16
Bangalore,2016,50000,Petrol,Manual,First,19.0,82.0,HYUNDAI,XCENT 1.2 KAPPA SX OPTION,4.59
Kochi,2015,50230,Petrol,Manual,First,18.0,67.0,MARUTI,WAGON R LXI,7.99
Ahmedabad,2014,31000,Diesel,Manual,First,15.0,140.0,MAHINDRA,XUV500 W8 2WD,9.0
Delhi,2014,79000,Diesel,Automatic,First,12.0,168.0,TOYOTA,FORTUNER 4X2 AT,18.58
Delhi,2012,130000,Diesel,Manual,First,19.0,108.0,RENAULT,DUSTER 110PS DIESEL RXZ PLUS,5.32
Chennai,2010,115000,Petrol,Manual,Second,17.0,62.0,HYUNDAI,SANTRO XING GLS,2.29
Pune,2013,41500,Petrol,Manual,Second,17.0,121.0,HYUNDAI,VERNA 1.6 SX VTVT,4.99
Pune,2014,54385,Diesel,Automatic,Second,15.0,177.0,BMW,X1 SDRIVE 20D EXCLUSIVE,15.8
Kochi,2011,56361,Petrol,Automatic,First,12.0,130.0,HONDA,CIVIC 2006-2010 1.8 V AT,5.28
Delhi,2018,22000,Petrol,Automatic,First,15.0,187.0,AUDI,A6 35 TFSI MATRIX,32.67
Kolkata,2017,8000,Petrol,Manual,First,20.0,67.0,MARUTI,WAGON R LXI BS IV,6.71
Coimbatore,2018,28741,Diesel,Manual,First,24.0,88.0,MARUTI,VITARA BREZZA ZDI PLUS DUAL TONE,11.01
Pune,2012,117236,Diesel,Automatic,Second,11.0,190.0,LAND,ROVER DISCOVERY 3 TDV6 DIESEL AUTOMATIC,23.96
Pune,2016,30500,Diesel,Automatic,First,26.0,74.0,MARUTI,DZIRE NEW,8.01
Kolkata,2018,5000,Petrol,Manual,First,17.0,121.0,HYUNDAI,VERNA VTVT 1.6 SX,10.9
Hyderabad,2016,42000,Diesel,Manual,First,25.0,88.0,MARUTI,ERTIGA ZDI PLUS,9.52
Mumbai,2010,32773,Petrol,Manual,First,13.0,94.0,HYUNDAI,ACCENT GLE,5.0
Kolkata,2016,19008,Petrol,Manual,First,17.0,80.0,HYUNDAI,I20 1.2 SPORTZ,7.76
Kochi,2012,32542,Petrol,Manual,First,17.0,121.0,HYUNDAI,VERNA VTVT 1.6 SX,5.01
Hyderabad,2010,94753,Petrol,Manual,First,19.0,46.0,MARUTI,ALTO LX,-0.17
Ahmedabad,2011,70000,Diesel,Manual,Second,12.0,120.0,MAHINDRA,SCORPIO VLX,5.41
Delhi,2012,68347,Petrol,Manual,First,18.0,67.0,MARUTI,WAGON R LXI,5.05
Ahmedabad,2011,72000,Petrol,Manual,Second,17.0,80.0,HYUNDAI,I20 1.2 SPORTZ,2.38
Hyderabad,2010,75014,Diesel,Manual,First,21.0,73.0,MARUTI,RITZ VDI,1.94
Delhi,2013,65000,Diesel,Automatic,Second,13.0,148.0,RENAULT,KOLEOS 2.0 DIESEL,9.17
Kochi,2012,55598,Diesel,Automatic,First,22.0,190.0,BMW,3 SERIES 320D,14.67
Pune,2013,50000,Petrol,Manual,First,19.0,86.0,HONDA,BRIO V MT,3.91
Chennai,2003,44200,Petrol,Manual,Second,11.0,134.0,HYUNDAI,SONATA GOLD,0.42
Jaipur,2014,65000,Diesel,Manual,First,19.0,73.0,MARUTI,SWIFT DZIRE VDI,6.15
Hyderabad,2013,49000,Diesel,Manual,First,16.0,140.0,MAHINDRA,XUV500 W8 4WD,8.95
Kolkata,2016,7200,Petrol,Manual,First,19.0,68.0,HYUNDAI,I10 SPORTZ 1.1L,5.2
Kochi,2016,43152,Petrol,Manual,First,20.0,91.0,MARUTI,CIAZ ZXI PLUS,7.62
Pune,2013,112000,Diesel,Manual,First,12.0,102.0,TOYOTA,INNOVA 2.5 V DIESEL 8-SEATER,11.01
Coimbatore,2017,23540,Petrol,Manual,First,18.0,82.0,HYUNDAI,GRAND I10 SPORTZ,6.14
Coimbatore,2008,82160,Diesel,Manual,First,16.0,123.0,CHEVROLET,OPTRA MAGNUM 2.0 LS BSIII,3.23
Pune,2013,57000,Diesel,Manual,First,12.0,162.0,MAHINDRA,SSANGYONG REXTON RX5,12.71
Coimbatore,2015,39335,Diesel,Manual,First,15.0,140.0,MAHINDRA,XUV500 W8 2WD,9.99
Bangalore,2014,62000,Petrol,Manual,Second,17.0,117.0,HONDA,CITY I VTEC SV,5.02
Delhi,2014,60000,Diesel,Manual,First,22.0,89.0,FORD,ECOSPORT 1.5 DV5 MT TITANIUM,6.35
Kolkata,2015,35000,Petrol,Manual,First,18.0,81.0,HYUNDAI,I20 SPORTZ 1.2,5.13
Kochi,2016,32345,Diesel,Automatic,First,17.0,136.0,MERCEDES-BENZ,CLA 200 CDI SPORT,25.65
Ahmedabad,2014,47000,Petrol,Manual,First,22.0,55.0,HYUNDAI,EON MAGNA,1.63
Delhi,2012,65537,CNG,Manual,Second,33.0,40.0,MARUTI,ALTO 800 2016-2019 CNG LXI,-1.78
Delhi,2011,36000,Petrol,Manual,First,17.0,88.0,TOYOTA,ETIOS G SAFETY,3.28
Chennai,2016,75000,Diesel,Manual,First,23.0,74.0,MARUTI,SWIFT DZIRE TOUR LDI,4.83
Kolkata,2008,38000,Petrol,Manual,First,19.0,46.0,MARUTI,ALTO LXI,0.68
Chennai,2015,57818,Petrol,Manual,First,23.0,67.0,MARUTI,CELERIO ZXI,4.23
Hyderabad,2015,45000,Diesel,Manual,First,22.0,89.0,FORD,ECOSPORT 1.5 DV5 MT TITANIUM OPTIONAL,7.37
Jaipur,2015,75055,Diesel,Manual,First,19.0,108.0,NISSAN,TERRANO XV 110 PS LIMITED EDITION,7.56
Delhi,2009,65462,Petrol,Automatic,Third,11.0,142.0,HONDA,ACCORD VTI-L AT,4.63
Hyderabad,2008,76206,Diesel,Manual,First,17.0,75.0,MARUTI,SWIFT LDI BSIII,2.88
Kochi,2018,25948,Diesel,Automatic,First,16.0,140.0,MAHINDRA,XUV500 AT W10 FWD,16.17
Mumbai,2016,28500,Petrol,Manual,First,18.0,88.0,HONDA,JAZZ 1.2 VX I VTEC,6.26
Mumbai,2015,28004,Petrol,Manual,First,17.0,117.0,HONDA,CITY I VTEC V,7.17
Kolkata,2011,25000,Petrol,Manual,Second,15.0,67.0,FIAT,GRANDE PUNTO 1.2 DYNAMIC,0.7
Kolkata,2010,40000,Petrol,Manual,Second,19.0,97.0,MARUTI,ESTILO LXI,3.26
Pune,2013,82543,Petrol,Manual,First,16.0,93.0,MARUTI,ERTIGA ZXI,6.13
Chennai,2013,30000,Petrol,Manual,First,18.0,75.0,NISSAN,MICRA XL,1.78
Hyderabad,2010,27800,Petrol,Manual,First,17.0,118.0,HONDA,CITY 1.5 V MT,3.4
Coimbatore,2016,33415,Petrol,Manual,First,16.0,88.0,TOYOTA,ETIOS VX,7.35
Mumbai,2013,38000,Diesel,Automatic,First,18.0,184.0,BMW,3 SERIES 320D LUXURY LINE,20.11
Kochi,2017,41981,Petrol,Manual,First,18.0,88.0,HONDA,JAZZ 1.2 SV I VTEC,6.86
Jaipur,2013,77084,Diesel,Manual,First,28.0,73.0,MARUTI,DZIRE VDI,4.19
Hyderabad,2013,71803,Diesel,Manual,First,20.0,103.0,SKODA,RAPID 1.6 TDI ELEGANCE,5.47
Kolkata,2013,73314,Diesel,Manual,First,15.0,140.0,MAHINDRA,XUV500 W6 2WD,7.68
Coimbatore,2015,69053,Petrol,Automatic,First,18.0,82.0,HYUNDAI,GRAND I10 AT ASTA,5.37
Delhi,2009,79782,Petrol,Manual,Second,17.0,118.0,HONDA,CITY 1.5 V MT,1.96
Hyderabad,2010,250000,Diesel,Manual,Second,12.0,102.0,TOYOTA,INNOVA 2.5 GX 7 STR,6.1
Pune,2011,90000,Diesel,Manual,Second,15.0,140.0,MAHINDRA,XUV500 W8 2WD,5.59
Hyderabad,2010,130000,Diesel,Manual,First,19.0,73.0,MARUTI,SWIFT DZIRE VDI,2.27
Pune,2013,65000,Petrol,Manual,Second,15.0,103.0,VOLKSWAGEN,VENTO PETROL HIGHLINE,4.31
Coimbatore,2013,46496,Diesel,Manual,First,23.0,97.0,TOYOTA,ETIOS GD,5.32
Bangalore,2013,76000,Diesel,Automatic,Second,16.0,147.0,AUDI,A4 2.0 TDI,16.1
Ahmedabad,2012,28002,Petrol,Manual,First,16.0,93.0,MARUTI,ERTIGA LXI,5.39
Mumbai,2010,63000,CNG,Manual,Second,14.0,138.0,TOYOTA,COROLLA ALTIS 1.8 G CNG,5.28
Jaipur,2010,70000,Petrol,Manual,Second,16.0,37.0,MARUTI,800 AC,1.41
Hyderabad,2011,66276,Petrol,Manual,First,17.0,118.0,HONDA,CITY 1.5 V MT,4.42
Kolkata,2014,45000,Petrol,Manual,First,19.0,85.0,MARUTI,SWIFT DZIRE VXI,5.63
Delhi,2014,67000,Petrol,Automatic,First,19.0,158.0,TOYOTA,CAMRY HYBRID,21.37
Kolkata,2014,43068,Diesel,Manual,First,24.0,70.0,HYUNDAI,GRAND I10 CRDI SPORTZ,3.78
Chennai,2016,40000,Diesel,Automatic,First,11.0,171.0,TOYOTA,INNOVA CRYSTA 2.8 GX AT 8S,18.01
Coimbatore,2011,50436,Petrol,Manual,First,20.0,78.0,HYUNDAI,I10 MAGNA,2.24
Bangalore,2014,21000,Petrol,Automatic,First,18.0,82.0,HYUNDAI,GRAND I10 AT ASTA,4.33
Mumbai,2018,2000,Diesel,Manual,First,27.0,74.0,MARUTI,BALENO ALPHA DIESEL,8.99
Mumbai,2016,14500,Petrol,Automatic,First,14.0,177.0,SKODA,SUPERB STYLE 1.8 TSI AT,16.47
Hyderabad,2010,68782,Diesel,Automatic,First,14.0,170.0,MERCEDES-BENZ,NEW C-CLASS 220 CDI AT,13.36
Kolkata,2011,35888,Diesel,Manual,First,21.0,73.0,MARUTI,RITZ VDI,2.88
Kolkata,2015,168205,Diesel,Manual,First,23.0,74.0,MARUTI,SWIFT DZIRE TOUR LDI,3.94
Mumbai,2012,47000,Petrol,Manual,First,14.0,130.0,HONDA,CIVIC 2010-2013 1.8 V MT,4.99
Hyderabad,2015,93700,Diesel,Manual,First,24.0,88.0,MARUTI,ERTIGA SHVS VDI,7.35
Kolkata,2014,45000,Diesel,Manual,First,22.0,126.0,HYUNDAI,ELANTRA CRDI SX,8.75
Hyderabad,2016,55547,Diesel,Automatic,First,12.0,168.0,TOYOTA,FORTUNER 4X2 AT,20.54
Delhi,2013,69000,Petrol,Automatic,First,17.0,103.0,VOLKSWAGEN,POLO GT TSI,4.66
Pune,2005,88000,Diesel,Manual,Third,18.0,66.0,SKODA,OCTAVIA CLASSIC 1.9 TDI MT,1.9
Delhi,2014,32400,Diesel,Manual,First,20.0,88.0,VOLKSWAGEN,POLO 1.5 TDI TRENDLINE,4.14
Pune,2012,79000,Petrol,Manual,Second,17.0,62.0,HYUNDAI,SANTRO XING GL PLUS,0.62
Hyderabad,2004,110000,Petrol,Manual,First,13.0,94.0,HYUNDAI,ACCENT GLE,-0.85
Coimbatore,2014,45407,Petrol,Manual,Second,21.0,55.0,HYUNDAI,EON D LITE PLUS,2.2
Hyderabad,2011,136490,Diesel,Manual,First,12.0,102.0,TOYOTA,INNOVA 2.5 V DIESEL 7-SEATER,9.38
Mumbai,2017,19000,Diesel,Manual,First,26.0,74.0,MARUTI,IGNIS 1.3 ZETA,6.93
Mumbai,2017,19416,Petrol,Manual,First,21.0,103.0,MARUTI,CIAZ ALPHA,8.63
Mumbai,2012,15500,Petrol,Manual,First,17.0,85.0,MARUTI,SWIFT DZIRE VXI,3.95
Hyderabad,2017,12538,Petrol,Automatic,First,18.0,117.0,HONDA,CITY I VTEC CVT VX,10.85
Bangalore,2015,62588,Diesel,Manual,First,17.0,97.0,MARUTI,SWIFT VDI BSIV W ABS,7.0
Delhi,2015,44328,Petrol,Manual,First,19.0,86.0,HONDA,BRIO S MT,5.05
Delhi,2014,63000,Diesel,Manual,First,23.0,67.0,TOYOTA,ETIOS LIVA GD,3.89
Hyderabad,2015,100000,Diesel,Automatic,First,13.0,215.0,VOLVO,XC60 D5,22.3
Kolkata,2015,103000,Petrol,Manual,First,15.0,64.0,TATA,INDIGO CS EGVX,3.06
Pune,2016,50296,Diesel,Automatic,Second,11.0,171.0,TOYOTA,INNOVA CRYSTA 2.8 ZX AT,18.69
Pune,2013,95500,Diesel,Manual,First,20.0,103.0,VOLKSWAGEN,VENTO DIESEL HIGHLINE,5.99
Pune,2014,72100,Diesel,Manual,First,22.0,89.0,FORD,ECOSPORT 1.5 DV5 MT TITANIUM,6.36
Mumbai,2010,19119,Petrol,Manual,First,18.0,67.0,MARUTI,WAGON R VXI,0.61
Mumbai,2006,30000,Petrol,Manual,First,13.0,210.0,MERCEDES-BENZ,S-CLASS 320 L,14.59
Hyderabad,2015,75600,Diesel,Manual,First,20.0,88.0,VOLKSWAGEN,POLO 1.5 TDI HIGHLINE,5.87
Pune,2007,137000,Petrol,Manual,Second,15.0,65.0,TATA,INDICA GLS BS IV,-0.61
Jaipur,2002,53500,Petrol,Manual,Second,16.0,37.0,MARUTI,800 STD BSIII,-2.94
Kochi,2018,26101,Diesel,Manual,First,17.0,170.0,JEEP,COMPASS 2.0 LONGITUDE,18.69
Pune,2016,7000,Petrol,Manual,First,24.0,67.0,MARUTI,ALTO K10 LXI OPTIONAL,5.14
Bangalore,2013,50000,Diesel,Automatic,First,19.0,141.0,SKODA,OCTAVIA ELEGANCE 2.0 TDI AT,13.0
Hyderabad,2016,30000,Diesel,Manual,First,26.0,74.0,MARUTI,SWIFT DZIRE VDI OPTIONAL,6.28
Mumbai,2016,38151,Diesel,Manual,First,28.0,88.0,MARUTI,CIAZ VDI PLUS SHVS,7.46
Jaipur,2009,116000,Diesel,Manual,Second,15.0,170.0,MERCEDES-BENZ,NEW C-CLASS C 220 CDI CLASSIC,12.03
Kolkata,2013,22000,Diesel,Manual,First,20.0,68.0,FORD,FIGO DIESEL ZXI,4.06
Delhi,2010,60000,Petrol,Automatic,Second,14.0,138.0,TOYOTA,COROLLA ALTIS VL,5.22
Mumbai,2016,38000,Diesel,Manual,First,22.0,118.0,MARUTI,SX4 S CROSS DDIS 320 ZETA,9.31
Coimbatore,2011,51928,Petrol,Manual,First,15.0,70.0,FORD,FIGO PETROL ZXI,2.72
Mumbai,2018,3000,Petrol,Automatic,First,19.0,88.0,HONDA,JAZZ EXCLUSIVE CVT,8.47
Pune,2006,67196,Petrol,Manual,First,17.0,60.0,MARUTI,ZEN LXI - BS III,0.07
Bangalore,2012,100000,Diesel,Manual,Third,11.0,171.0,TOYOTA,FORTUNER 3.0 DIESEL,14.25
Jaipur,2015,65218,Diesel,Manual,First,26.0,88.0,MARUTI,CIAZ ZDI PLUS,7.02
Kochi,2016,53886,Petrol,Manual,First,25.0,53.0,RENAULT,KWID RXT,2.94
Coimbatore,2011,50058,Petrol,Automatic,First,19.0,80.0,HYUNDAI,I10 MAGNA AT,4.52
Pune,2016,64000,Petrol,Automatic,First,23.0,67.0,MARUTI,CELERIO ZXI AT OPTIONAL,4.85
Kochi,2018,41641,Diesel,Manual,First,21.0,88.0,HYUNDAI,CRETA 1.4 E PLUS DIESEL,10.63
Hyderabad,2016,44345,Diesel,Manual,First,27.0,98.0,HONDA,JAZZ 1.5 SV I DTEC,6.53
Kolkata,2011,45501,Petrol,Manual,First,17.0,118.0,HONDA,CITY 1.5 S MT,4.11
Chennai,2001,104000,Petrol,Manual,Third,13.0,85.0,MITSUBISHI,LANCER 1.5 SFXI,-4.85
Coimbatore,2012,50297,Petrol,Manual,First,16.0,97.0,NISSAN,SUNNY XE P,4.27
Mumbai,2011,87000,Petrol,Automatic,First,11.0,177.0,HONDA,ACCORD 2.4 AT,6.48
Mumbai,2016,120000,Diesel,Manual,First,15.0,140.0,MAHINDRA,XUV500 W8 2WD,11.06
Mumbai,2018,17000,Petrol,Manual,First,18.0,81.0,HYUNDAI,I20 1.2 MAGNA EXECUTIVE,6.57
Chennai,2014,100000,Diesel,Manual,First,23.0,63.0,NISSAN,MICRA DIESEL XL,3.47
Kochi,2015,50979,Petrol,Automatic,First,19.0,91.0,MARUTI,CIAZ AT ZXI,7.11
Chennai,2011,41000,Diesel,Manual,First,20.0,103.0,VOLKSWAGEN,VENTO DIESEL TRENDLINE,3.8
Chennai,2011,24000,Petrol,Manual,First,17.0,80.0,HYUNDAI,I20 ASTA,4.36
Hyderabad,2008,44738,Petrol,Manual,First,14.0,138.0,TOYOTA,COROLLA ALTIS G,3.64
Kolkata,2014,37298,Diesel,Manual,First,25.0,98.0,HONDA,CITY I DTEC VX,6.62
Pune,2014,42000,Petrol,Manual,Second,20.0,81.0,MARUTI,SWIFT VXI BSIV,3.51
Pune,2016,45000,Diesel,Automatic,First,14.0,203.0,MERCEDES-BENZ,E-CLASS 2009-2013 E250 CDI ELEGANCE,27.65
Mumbai,2015,102000,Diesel,Manual,First,12.0,100.0,TOYOTA,INNOVA 2.5 G (DIESEL) 7 SEATER,10.86
Pune,2011,70000,Petrol,Manual,First,16.0,88.0,MARUTI,SWIFT LXI BSIII,1.94
Coimbatore,2018,27467,Diesel,Automatic,First,19.0,167.0,MERCEDES-BENZ,NEW C-CLASS C 220D AVANTGARDE EDITION C,36.15
Kolkata,2015,15305,Petrol,Manual,First,18.0,82.0,HYUNDAI,GRAND I10 ASTA,4.44
Mumbai,2010,70000,Petrol,Manual,First,18.0,67.0,MARUTI,WAGON R LXI BS IV,0.18
Hyderabad,2016,36778,Diesel,Manual,First,22.0,98.0,FORD,ECOSPORT 1.5 TDCI TITANIUM,8.35
Coimbatore,2015,25845,Petrol,Manual,First,16.0,74.0,VOLKSWAGEN,POLO 1.2 MPI COMFORTLINE,5.23
Kochi,2018,33858,Petrol,Automatic,First,17.0,121.0,HYUNDAI,VERNA 1.6 VTVT AT SX,10.38
Ahmedabad,2017,12000,Petrol,Automatic,Second,24.0,67.0,RENAULT,KWID AMT RXL,4.13
Coimbatore,2013,33709,Petrol,Automatic,First,16.0,86.0,HONDA,BRIO S OPTION AT,4.73
Kochi,2018,32709,Petrol,Manual,First,18.0,86.0,FORD,FIGO ASPIRE 1.2 TI-VCT TITANIUM,7.13
Bangalore,2014,72000,Diesel,Manual,Second,11.0,171.0,TOYOTA,FORTUNER 3.0 DIESEL,15.15
Ahmedabad,2013,31000,Diesel,Manual,First,25.0,69.0,TATA,INDIGO ECS ELX BS IV,1.66
Chennai,2016,70000,Diesel,Manual,First,25.0,99.0,FORD,FIGO 2015-2019 1.5D AMBIENTE MT,6.3
Jaipur,2014,61000,Diesel,Manual,First,23.0,74.0,MARUTI,SWIFT DZIRE VDI,5.6
Pune,2011,72000,Diesel,Manual,First,23.0,63.0,NISSAN,MICRA DIESEL XV PRIMO,1.58
Delhi,2016,49000,Diesel,Automatic,First,19.0,141.0,SKODA,OCTAVIA STYLE PLUS 2.0 TDI AT,14.72
Hyderabad,2014,42939,Diesel,Automatic,First,16.0,138.0,VOLKSWAGEN,JETTA 2013-2015 2.0L TDI HIGHLINE AT,10.21
Coimbatore,2016,32545,Diesel,Automatic,First,12.0,241.0,AUDI,Q7 35 TDI QUATTRO TECHNOLOGY,49.2
Pune,2011,54000,Petrol,Manual,First,17.0,80.0,HYUNDAI,I20 1.2 SPORTZ,2.86
Delhi,2012,76000,Diesel,Automatic,First,16.0,181.0,BMW,3 SERIES 320D CORPORATE EDITION,15.13
Kolkata,2015,27000,Diesel,Manual,First,21.0,88.0,HYUNDAI,I20 ACTIVE 1.4 SX DUAL TONE,6.02
Chennai,2005,120000,Diesel,Manual,Second,12.0,116.0,MAHINDRA,SCORPIO 2.6 DX,1.5
Hyderabad,2012,125000,Petrol,Automatic,First,10.0,97.0,AUDI,A4 3.2 FSI TIPTRONIC QUATTRO,17.01
Kolkata,2011,37000,Diesel,Manual,First,20.0,68.0,FORD,FIGO DIESEL EXI,1.64
Mumbai,2012,42000,Petrol,Manual,First,9.0,180.0,HONDA,ACCORD 2.4 INSPIRE M/T,7.29
Bangalore,2013,60000,Diesel,Manual,First,21.0,88.0,HYUNDAI,I20 SPORTZ 1.4 CRDI,4.61
Mumbai,2018,3000,Diesel,Automatic,First,16.0,187.0,JAGUAR,XF 2.2 LITRE LUXURY,34.75
Mumbai,2013,44000,Petrol,Automatic,First,17.0,121.0,HYUNDAI,VERNA 1.6 SX VTVT (O) AT,6.8
Kolkata,2014,37000,Petrol,Manual,First,17.0,117.0,HONDA,CITY I VTEC VX OPTION,6.81
Mumbai,2012,50000,Petrol,Manual,First,18.0,82.0,HYUNDAI,I20 ASTA OPTIONAL WITH SUNROOF 1.2,3.31
Chennai,2013,58581,Petrol,Manual,First,19.0,86.0,HONDA,BRIO S MT,3.09
Kolkata,2013,25500,Diesel,Manual,First,21.0,88.0,HYUNDAI,I20 SPORTZ 1.4 CRDI,4.58
Mumbai,2017,25000,Petrol,Manual,First,10.0,163.0,MARUTI,GRAND VITARA 2.4 MT,10.91
Hyderabad,2011,53766,Petrol,Manual,First,19.0,66.0,MARUTI,A-STAR VXI,3.44
Pune,2011,45271,Diesel,Manual,First,20.0,97.0,FIAT,PUNTO 1.3 EMOTION,3.28
Chennai,2006,68000,Petrol,Manual,First,19.0,46.0,MARUTI,ALTO LXI,-1.27
Jaipur,2017,40000,Diesel,Manual,First,16.0,140.0,MAHINDRA,XUV500 W10 2WD,14.25
Hyderabad,2013,73212,Diesel,Manual,First,22.0,74.0,MARUTI,SWIFT RS VDI,5.23
Mumbai,2014,69000,Diesel,Automatic,First,17.0,184.0,BMW,X1 SDRIVE20D,16.61
Mumbai,2007,61932,Diesel,Automatic,Second,14.0,140.0,VOLKSWAGEN,PASSAT 2.0 PD DSG,3.77
Bangalore,2012,52000,Diesel,Automatic,First,16.0,184.0,BMW,X3 XDRIVE20D,26.73
Kolkata,2011,150000,Petrol,Manual,First,18.0,85.0,MARUTI,RITZ VXI,2.48
Jaipur,2013,70933,Diesel,Manual,Second,21.0,88.0,HYUNDAI,I20 SPORTZ 1.4 CRDI,4.12
Kolkata,2013,115195,Diesel,Manual,First,25.0,74.0,MARUTI,SWIFT VDI BSIV,3.17
Delhi,2011,62148,Petrol,Manual,First,11.0,178.0,MERCEDES-BENZ,NEW C-CLASS 200 KOMPRESSOR,13.38
Chennai,2009,32000,Petrol,Manual,Second,14.0,138.0,TOYOTA,COROLLA ALTIS 1.8 GL,4.16
Kolkata,2014,58000,Diesel,Manual,First,22.0,126.0,HYUNDAI,VERNA 1.6 SX CRDI (O),7.05
Kochi,2014,68598,Diesel,Manual,First,19.0,108.0,RENAULT,DUSTER 110PS DIESEL RXZ,6.82
Chennai,2010,84072,Diesel,Manual,First,17.0,75.0,MARUTI,SWIFT LDI BSIII,4.86
Jaipur,2016,51264,Petrol,Manual,First,24.0,67.0,MARUTI,ALTO K10 VXI,4.68
Coimbatore,2017,21363,Petrol,Automatic,First,13.0,121.0,HYUNDAI,CRETA 1.6 SX PLUS PETROL AUTOMATIC,12.69
Delhi,2016,40000,Petrol,Automatic,First,15.0,183.0,MERCEDES-BENZ,CLA 200 CGI SPORT,25.04
Kolkata,2015,35000,Petrol,Automatic,First,10.0,152.0,HONDA,CR-V 2.4 4WD AT,13.69
Hyderabad,2014,55000,Diesel,Manual,First,22.0,89.0,FORD,ECOSPORT 1.5 DV5 MT TREND,6.33
Coimbatore,2016,43252,Diesel,Automatic,First,13.0,204.0,MERCEDES-BENZ,E-CLASS 2015-2017 E250 CDI AVANTGARDE,34.09
Delhi,2014,42000,Diesel,Manual,First,24.0,70.0,HYUNDAI,GRAND I10 CRDI MAGNA,3.76
Hyderabad,2006,69000,Petrol,Manual,First,16.0,68.0,FORD,FIESTA 1.4 DURATEC ZXI,-0.3
Kolkata,2018,14000,Diesel,Automatic,First,17.0,126.0,HYUNDAI,CRETA 1.6 SX AUTOMATIC DIESEL,14.91
Delhi,2010,70000,Petrol,Manual,First,19.0,66.0,MARUTI,A-STAR LXI,1.97
Kochi,2015,35314,Diesel,Manual,First,23.0,73.0,MARUTI,RITZ LDI,6.11
Kochi,2017,38691,Petrol,Manual,First,17.0,117.0,HONDA,CITY I VTEC SV,8.46
Coimbatore,2017,72717,Diesel,Manual,First,12.0,100.0,TOYOTA,INNOVA 2.5 GX (DIESEL) 7 SEATER,14.14
Mumbai,2011,82000,Petrol,Automatic,Second,11.0,272.0,MERCEDES-BENZ,R-CLASS R350 4MATIC LONG,23.78
Mumbai,2015,44000,Diesel,Manual,First,21.0,103.0,SKODA,RAPID 1.5 TDI ELEGANCE,6.8
Mumbai,2017,27000,Petrol,Manual,First,15.0,110.0,FORD,ECOSPORT 1.5 TI VCT MT TITANIUM,9.68
Chennai,2014,18500,Petrol,Automatic,First,23.0,67.0,MARUTI,CELERIO VXI AT,3.6
Mumbai,2014,45000,Petrol,Manual,First,15.0,103.0,VOLKSWAGEN,VENTO PETROL HIGHLINE,5.78
Ahmedabad,2011,173000,Diesel,Automatic,First,13.0,215.0,VOLVO,XC60 D5,18.42
Ahmedabad,2017,42000,Diesel,Manual,First,23.0,67.0,TOYOTA,ETIOS CROSS 1.4 GD,7.31
Jaipur,2012,90000,Diesel,Manual,First,19.0,70.0,TATA,INDICA VISTA TDI LX,2.34
Pune,2014,82329,Petrol,Automatic,First,18.0,117.0,HONDA,CITY I VTEC CVT VX,7.95
Delhi,2010,80302,Petrol,Manual,First,17.0,118.0,HONDA,CITY 1.5 V MT,3.45
Hyderabad,2005,105000,Diesel,Manual,First,18.0,66.0,SKODA,OCTAVIA RIDER CLASSIC 1.9 TDI,-0.52
Kolkata,2009,60000,Petrol,Manual,First,14.0,138.0,TOYOTA,COROLLA 1.8 J,3.3
Delhi,2014,70000,Petrol,Manual,First,16.0,88.0,TOYOTA,ETIOS G,5.22
Bangalore,2016,45000,Diesel,Automatic,First,17.0,184.0,BMW,X1 SDRIVE20D,18.56
Kolkata,2006,44000,Petrol,Automatic,First,16.0,78.0,HONDA,CITY ZX CVT,1.08
Delhi,2017,25500,Diesel,Manual,First,22.0,88.0,HYUNDAI,I20 SPORTZ 1.4 CRDI,8.36
Delhi,2014,68000,Diesel,Automatic,First,13.0,261.0,MERCEDES-BENZ,E-CLASS E350 CDI,29.81
Ahmedabad,2015,61786,Diesel,Manual,First,19.0,126.0,HYUNDAI,CRETA 1.6 CRDI SX OPTION,11.52
Jaipur,2014,65000,Diesel,Automatic,Second,15.0,174.0,AUDI,Q3 2012-2015 2.0 TDI QUATTRO PREMIUM PLUS,20.16
Delhi,2016,77000,Diesel,Automatic,First,12.0,147.0,LAND,ROVER DISCOVERY SPORT TD4 HSE,42.78
Hyderabad,2015,34000,Diesel,Automatic,First,21.0,103.0,SKODA,RAPID 1.5 TDI AT ELEGANCE PLUS,8.32
Coimbatore,2015,59751,Petrol,Automatic,First,23.0,67.0,MARUTI,CELERIO VXI AT,4.62
Mumbai,2013,23312,Petrol,Automatic,First,11.0,444.0,AUDI,RS5 COUPE,40.97
Mumbai,2015,30000,Petrol,Manual,First,20.0,91.0,MARUTI,CIAZ ZXI PLUS,6.62
Coimbatore,2015,60146,Diesel,Automatic,First,14.0,174.0,AUDI,Q5 2.0 TDI PREMIUM PLUS,29.41
Coimbatore,2013,44731,Diesel,Manual,Second,20.0,68.0,FORD,FIGO DIESEL TITANIUM,3.49
Kochi,2014,43316,Petrol,Manual,First,18.0,123.0,FORD,ECOSPORT 1.0 ECOBOOST TITANIUM,8.18
Delhi,2009,92000,Petrol,Manual,Second,17.0,118.0,HONDA,CITY 1.5 S MT,1.68
Hyderabad,2015,50000,Diesel,Automatic,First,16.0,187.0,JAGUAR,XF 2.2 LITRE LUXURY,31.83
Mumbai,2008,69000,Petrol,Manual,Second,20.0,81.0,MARUTI,SWIFT VXI BSIV,-2.39
Coimbatore,2014,60280,Diesel,Automatic,First,22.0,190.0,BMW,5 SERIES 520D LUXURY LINE,23.88
Coimbatore,2017,48161,Diesel,Automatic,First,15.0,107.0,MERCEDES-BENZ,B CLASS B200 CDI,20.92
Mumbai,2013,41000,Petrol,Manual,First,19.0,86.0,HONDA,BRIO S MT,3.07
Mumbai,2016,6000,Petrol,Manual,First,18.0,81.0,HYUNDAI,I20 SPORTZ 1.2,6.09
Mumbai,2006,133000,Diesel,Manual,Second,16.0,68.0,TATA,INDICA V2 DLG TC,-1.05
Delhi,2010,76000,Diesel,Manual,First,11.0,171.0,TOYOTA,FORTUNER 3.0 DIESEL,11.71
Mumbai,2011,15590,Petrol,Manual,First,19.0,68.0,HYUNDAI,I10 SPORTZ 1.1L,0.28
Kochi,2016,69681,Petrol,Manual,First,17.0,80.0,HYUNDAI,I20 1.2 SPORTZ OPTION,7.4
Kochi,2006,70362,Petrol,Manual,Second,15.0,97.0,MARUTI,BALENO LXI - BSIII,0.69
Pune,2014,49112,Petrol,Automatic,Second,15.0,86.0,HONDA,AMAZE S AT I-VTECH,3.8
Hyderabad,2017,25000,Diesel,Automatic,First,13.0,255.0,LAND,ROVER RANGE ROVER 3.0 DIESEL LWB VOGUE,116.39
Mumbai,2011,74000,Diesel,Manual,First,23.0,97.0,TOYOTA,ETIOS LIVA GD,3.67
Pune,2013,15200,Petrol,Automatic,Second,16.0,78.0,HYUNDAI,I10 SPORTZ 1.2 AT,4.06
Hyderabad,2013,86300,Diesel,Manual,First,22.0,73.0,VOLKSWAGEN,POLO DIESEL TRENDLINE 1.2L,4.53
Coimbatore,2018,26731,Petrol,Manual,First,21.0,100.0,MARUTI,BALENO RS PETROL,8.93
Ahmedabad,2016,74000,Diesel,Manual,First,21.0,88.0,HYUNDAI,I20 SPORTZ 1.4 CRDI,7.58
Chennai,2005,83929,Petrol,Automatic,First,11.0,125.0,TOYOTA,COROLLA H4,2.18
Pune,2015,65000,Diesel,Manual,First,12.0,100.0,TOYOTA,INNOVA 2.5 VX (DIESEL) 7 SEATER,12.69
Pune,2017,20000,Petrol,Automatic,First,23.0,67.0,MARUTI,CELERIO VXI AT OPTIONAL,5.53
Hyderabad,2015,122086,Diesel,Automatic,First,19.0,141.0,SKODA,OCTAVIA ELEGANCE 2.0 TDI AT,15.04
Kochi,2018,35442,Petrol,Manual,First,17.0,117.0,HONDA,MOBILIO S I VTEC,8.29
Delhi,2015,62542,Diesel,Manual,Second,23.0,126.0,HYUNDAI,VERNA 1.6 CRDI SX,7.54
Coimbatore,2012,26671,Petrol,Manual,Second,17.0,118.0,HONDA,CITY 1.5 S MT,4.58
Chennai,2014,83500,Diesel,Manual,Second,19.0,67.0,FORD,CLASSIC 1.4 DURATORQ TITANIUM,3.6
Delhi,2015,46166,Diesel,Manual,Second,26.0,88.0,MARUTI,CIAZ ZDI,6.21
Pune,2015,25200,Petrol,Manual,First,18.0,67.0,MARUTI,WAGON R VXI BS IV,4.69
Coimbatore,2015,35463,Diesel,Automatic,First,14.0,241.0,AUDI,A4 3.0 TDI QUATTRO,27.1
Coimbatore,2017,23249,Petrol,Automatic,First,19.0,175.0,TOYOTA,CAMRY HYBRID 2.5,22.81
Coimbatore,2016,40310,Petrol,Manual,First,18.0,81.0,HYUNDAI,I20 ASTA 1.2,6.77
Delhi,2012,82069,CNG,Manual,First,21.0,103.0,MARUTI,SX4 GREEN VXI (CNG),3.39
Delhi,2018,10000,Petrol,Manual,First,18.0,81.0,HYUNDAI,GRAND I10 1.2 KAPPA ASTA,7.07
Chennai,2012,94000,Diesel,Manual,First,22.0,73.0,VOLKSWAGEN,POLO DIESEL TRENDLINE 1.2L,3.55
Chennai,2016,45000,Diesel,Automatic,First,15.0,258.0,BMW,X5 XDRIVE 30D M SPORT,52.57
Kochi,2012,52818,Petrol,Manual,First,16.0,73.0,VOLKSWAGEN,POLO PETROL COMFORTLINE 1.2L,2.84
Jaipur,2013,61238,Diesel,Manual,First,20.0,83.0,RENAULT,DUSTER 85PS DIESEL RXE,4.83
Coimbatore,2016,54253,Petrol,Automatic,First,14.0,177.0,SKODA,SUPERB STYLE 1.8 TSI AT,16.51
Delhi,2013,71000,Diesel,Automatic,First,14.0,174.0,AUDI,Q5 2.0 TDI,27.33
Hyderabad,2017,20000,Diesel,Manual,First,27.0,74.0,MARUTI,BALENO DELTA 1.3,7.86
Delhi,2013,75000,Petrol,Manual,First,16.0,73.0,VOLKSWAGEN,POLO PETROL COMFORTLINE 1.2L,3.85
Coimbatore,2019,11827,Diesel,Automatic,First,13.0,175.0,MITSUBISHI,PAJERO SPORT 4X4 AT,26.25
Mumbai,2015,51579,Petrol,Manual,First,20.0,91.0,MARUTI,CIAZ VXI PLUS,6.33
Kochi,2015,65178,Diesel,Manual,First,19.0,83.0,RENAULT,DUSTER 85PS DIESEL RXL OPTION,7.07
Mumbai,2016,25350,Petrol,Manual,First,21.0,55.0,HYUNDAI,EON D LITE PLUS OPTION,2.86
Pune,2008,92000,Petrol,Manual,Second,10.0,152.0,HONDA,CR-V 2.4 MT,5.75
Bangalore,2014,45000,Petrol,Manual,Second,17.0,121.0,HYUNDAI,VERNA 1.6 SX VTVT,5.98
Kolkata,2015,46000,Petrol,Manual,First,14.0,138.0,TOYOTA,COROLLA ALTIS JS MT,9.27
Kochi,2011,79940,Petrol,Manual,First,15.0,103.0,MARUTI,SX4 ZXI MT BSIV,3.57
Coimbatore,2016,28851,Petrol,Manual,First,16.0,73.0,VOLKSWAGEN,POLO PETROL COMFORTLINE 1.2L,6.77
Bangalore,2015,63000,Diesel,Automatic,First,14.0,174.0,AUDI,Q5 30 TDI QUATTRO PREMIUM PLUS,36.89
Coimbatore,2012,77283,Petrol,Manual,First,17.0,118.0,HONDA,CITY 1.5 V MT,5.42
Pune,2014,38958,Petrol,Manual,First,22.0,67.0,MARUTI,WAGON R VXI,3.94
Bangalore,2018,8900,Diesel,Automatic,First,13.0,175.0,MITSUBISHI,PAJERO SPORT 4X4 AT,25.26
Hyderabad,2015,38000,Petrol,Automatic,First,14.0,177.0,SKODA,OCTAVIA ELEGANCE 1.8 TSI AT,14.14
Kochi,2017,44887,Diesel,Manual,First,19.0,126.0,HYUNDAI,CRETA 1.6 CRDI SX OPTION,13.48
Hyderabad,2009,85000,Petrol,Manual,Second,19.0,46.0,MARUTI,ALTO LXI BSIII,0.11
Pune,2013,100000,Petrol,Manual,First,16.0,116.0,HONDA,CITY V MT,6.02
Chennai,2016,26239,Petrol,Manual,First,22.0,53.0,DATSUN,REDI-GO S,2.7
Pune,2011,97000,Diesel,Manual,First,17.0,138.0,SKODA,YETI AMBITION 4WD,6.89
Delhi,2013,28000,Petrol,Automatic,First,14.0,120.0,MERCEDES-BENZ,B CLASS B180,11.99
Mumbai,2014,20364,Petrol,Automatic,Second,17.0,103.0,VOLKSWAGEN,POLO GT TSI,5.09
Coimbatore,2014,64637,Diesel,Manual,First,22.0,98.0,FORD,ECOSPORT 1.5 TDCI TITANIUM,6.4
Coimbatore,2017,15731,Petrol,Manual,First,15.0,121.0,HYUNDAI,CRETA 1.6 SX PLUS DUAL TONE PETROL,11.9
Coimbatore,2019,56251,Diesel,Manual,First,14.0,174.0,TOYOTA,FORTUNER 2.8 2WD MT,28.41
Chennai,2017,28000,Petrol,Manual,First,20.0,83.0,MARUTI,SWIFT DZIRE ZXI,7.77
Coimbatore,2015,20045,Petrol,Manual,First,17.0,80.0,HYUNDAI,I20 1.2 ASTA WITH AVN,5.83
Bangalore,2016,34004,Petrol,Manual,First,15.0,117.0,HONDA,BR-V I-VTEC S MT,8.53
Mumbai,2014,21000,Petrol,Manual,First,23.0,67.0,MARUTI,CELERIO ZXI,3.21
Mumbai,2009,68001,Petrol,Automatic,Second,10.0,272.0,MERCEDES-BENZ,E-CLASS 2009-2013 E350 PETROL,14.84
Kolkata,2012,31000,Petrol,Manual,First,20.0,78.0,HYUNDAI,I10 MAGNA 1.2 ITECH SE,2.73
Mumbai,2013,8950,Petrol,Manual,First,17.0,78.0,TOYOTA,ETIOS LIVA V,3.62
Coimbatore,2017,43477,Diesel,Automatic,First,15.0,204.0,MERCEDES-BENZ,E-CLASS 2015-2017 E250 EDITION E,34.1
Ahmedabad,2015,20000,Petrol,Manual,First,21.0,55.0,HYUNDAI,EON D LITE PLUS,3.67
Mumbai,2014,47200,CNG,Manual,First,33.0,67.0,MARUTI,WAGON R CNG LXI,3.41
Bangalore,2011,60000,Petrol,Manual,First,17.0,118.0,HONDA,CITY 1.5 S MT,4.12
Chennai,2003,111000,Petrol,Automatic,First,13.0,210.0,MERCEDES-BENZ,S-CLASS 280 AT,8.65
Pune,2016,52000,Diesel,Manual,Second,25.0,69.0,TATA,INDIGO CS EVX,2.77
Pune,2016,26000,Petrol,Manual,First,15.0,121.0,HYUNDAI,CRETA 1.6 VTVT S,10.57
Pune,2013,32425,Petrol,Manual,First,20.0,67.0,MARUTI,WAGON R LXI BS IV,2.79
Kochi,2017,54758,Diesel,Manual,First,28.0,73.0,MARUTI,DZIRE VDI,8.11
Coimbatore,2008,59833,Petrol,Manual,Fourth & Above,13.0,70.0,FORD,IKON 1.3 FLAIR,3.15
Kolkata,2013,30000,Petrol,Manual,First,16.0,73.0,VOLKSWAGEN,POLO PETROL COMFORTLINE 1.2L,3.81
Jaipur,2011,40496,Petrol,Manual,First,20.0,78.0,HYUNDAI,I10 MAGNA 1.2,2.28
Chennai,2014,45000,Diesel,Manual,First,18.0,73.0,CHEVROLET,ENJOY 1.3 TCDI LTZ 8,4.79
Mumbai,2003,75000,Diesel,Automatic,Second,0.0,97.0,LAND,ROVER RANGE ROVER 3.0 D,19.95
Bangalore,2011,34000,Petrol,Automatic,Second,10.0,157.0,MERCEDES-BENZ,E-CLASS 200 KOMPRESSOR ELEGANCE,17.58
Bangalore,2012,62000,Diesel,Manual,First,17.0,75.0,MARUTI,SWIFT VDI BSIII,5.5
Hyderabad,2012,123600,Diesel,Manual,First,15.0,140.0,MAHINDRA,XUV500 W8 4WD,8.19
Pune,2014,80102,Petrol,Manual,First,17.0,78.0,TOYOTA,ETIOS LIVA G,3.66
Pune,2013,55000,Diesel,Manual,First,15.0,140.0,MAHINDRA,XUV500 W8 4WD,9.12
Hyderabad,2015,48200,Petrol,Manual,First,15.0,121.0,HYUNDAI,CRETA 1.6 VTVT S,9.6
Hyderabad,2014,90000,Diesel,Manual,First,26.0,98.0,HONDA,CITY I DTEC SV,5.72
Hyderabad,2014,123900,Diesel,Manual,First,19.0,73.0,MARUTI,SWIFT DZIRE VDI,6.21
Delhi,2015,13008,Petrol,Manual,First,20.0,67.0,MARUTI,WAGON R LXI BS IV,4.74
Hyderabad,2012,60500,Petrol,Manual,First,21.0,55.0,HYUNDAI,EON ERA PLUS,0.2
Bangalore,2017,53841,Diesel,Automatic,First,11.0,171.0,TOYOTA,INNOVA CRYSTA 2.8 ZX AT,20.19
Kochi,2017,47183,Petrol,Manual,Second,15.0,121.0,HYUNDAI,CRETA 1.6 SX OPTION,11.01
Kolkata,2018,10000,Petrol,Manual,First,20.0,67.0,MARUTI,WAGON R VXI PLUS,5.79
Chennai,2015,45000,Diesel,Automatic,First,11.0,254.0,MERCEDES-BENZ,GL-CLASS 350 CDI BLUE EFFICIENCY,50.27
Kochi,2017,3923,Petrol,Manual,First,23.0,67.0,MARUTI,CELERIO VXI,5.84
Delhi,2011,85000,Diesel,Manual,First,12.0,120.0,MAHINDRA,SCORPIO SLE BSIV,4.81
Kochi,2018,6279,Petrol,Manual,First,22.0,53.0,DATSUN,REDI-GO T OPTION,4.01
Pune,2014,74500,Diesel,Manual,First,21.0,75.0,FIAT,GRANDE PUNTO EVO 1.3 ACTIVE,4.04
Kolkata,2013,42000,Diesel,Manual,First,22.0,126.0,HYUNDAI,ELANTRA CRDI SX,7.76
Delhi,2014,56510,Petrol,Manual,First,19.0,85.0,MARUTI,SWIFT DZIRE LXI,4.31
Delhi,2009,88000,Diesel,Automatic,First,16.0,140.0,AUDI,A4 2.0 TDI MULTITRONIC,13.14
Mumbai,2014,36631,Petrol,Automatic,First,16.0,86.0,HONDA,BRIO VX AT,4.05
Kolkata,2011,34000,Petrol,Manual,First,18.0,67.0,MARUTI,WAGON R LXI BS IV,1.14
Ahmedabad,2013,49000,Petrol,Manual,First,19.0,68.0,HYUNDAI,I10 MAGNA 1.1,2.62
Hyderabad,2012,65254,Diesel,Manual,First,22.0,126.0,HYUNDAI,VERNA 1.6 SX,5.19
Bangalore,2014,95000,Diesel,Manual,Second,22.0,126.0,HYUNDAI,VERNA 1.6 SX,6.69
Chennai,2009,83000,Diesel,Manual,First,23.0,73.0,MARUTI,RITZ VDI,0.64
Coimbatore,2017,101065,Diesel,Manual,First,20.0,126.0,HYUNDAI,CRETA 1.6 SX OPTION DIESEL,13.1
Kochi,2017,15134,Petrol,Manual,First,21.0,83.0,MARUTI,BALENO DELTA,6.94
Jaipur,2011,72000,Diesel,Manual,First,22.0,126.0,HYUNDAI,VERNA 1.6 CRDI,4.15
Chennai,2012,120000,Diesel,Manual,Second,22.0,74.0,TATA,INDICA VISTA QUADRAJET VX,2.17
Kolkata,2010,45000,Petrol,Manual,First,18.0,80.0,HYUNDAI,I20 1.2 MAGNA,2.32
Kochi,2015,54996,Diesel,Automatic,First,17.0,300.0,PORSCHE,PANAMERA DIESEL,60.4
Coimbatore,2017,22874,Petrol,Manual,First,15.0,73.0,MARUTI,EECO SMILES 5 SEATER AC,8.12
Chennai,2012,58000,Diesel,Automatic,Second,22.0,190.0,BMW,3 SERIES 320D SPORT,16.65
Chennai,2016,86000,Diesel,Manual,Second,25.0,88.0,MARUTI,ERTIGA VDI,7.46
Ahmedabad,2014,69000,Petrol,Automatic,First,16.0,81.0,HYUNDAI,XCENT 1.2 KAPPA AT S OPTION,4.56
Pune,2016,55001,Petrol,Automatic,Second,16.0,103.0,VOLKSWAGEN,VENTO 1.2 TSI HIGHLINE AT,8.17
Chennai,2015,28000,Diesel,Automatic,First,15.0,174.0,AUDI,Q3 35 TDI QUATTRO PREMIUM,24.88
Delhi,2013,53213,Petrol,Manual,First,19.0,68.0,HYUNDAI,I10 MAGNA 1.1,2.62
Coimbatore,2016,44340,Diesel,Automatic,First,16.0,138.0,VOLKSWAGEN,JETTA 2013-2015 2.0L TDI HIGHLINE AT,12.19
Mumbai,2017,16900,Petrol,Manual,First,21.0,100.0,MARUTI,BALENO RS 1.0 PETROL,7.55
Jaipur,2009,57000,Petrol,Manual,First,19.0,68.0,HYUNDAI,I10 ERA,1.03
Hyderabad,2013,83165,Diesel,Manual,First,12.0,102.0,TOYOTA,INNOVA 2.5 G4 DIESEL 8-SEATER,10.61
Coimbatore,2012,24735,Petrol,Manual,Second,18.0,79.0,CHEVROLET,BEAT LT,2.21
Kolkata,2005,65175,Diesel,Manual,First,12.0,102.0,TOYOTA,INNOVA 2.5 G3,2.95
Pune,2009,60000,Petrol,Manual,Second,9.0,180.0,HONDA,ACCORD 2.4 INSPIRE M/T,3.85
Kochi,2017,60357,Diesel,Manual,First,25.0,77.0,MAHINDRA,KUV 100 MFALCON D75 K4 PLUS,5.11
Jaipur,2011,77000,Diesel,Manual,First,22.0,73.0,VOLKSWAGEN,POLO DIESEL TRENDLINE 1.2L,2.55
Coimbatore,2014,85301,Petrol,Manual,First,12.0,132.0,TOYOTA,INNOVA 2.0 GX 8 STR,11.03
Mumbai,2011,50000,Diesel,Automatic,First,11.0,120.0,MAHINDRA,SCORPIO VLX AT AIRBAG BSIV,6.81
Chennai,2010,58000,Diesel,Automatic,First,16.0,258.0,BMW,7 SERIES 730LD SEDAN,25.81
Kolkata,2015,39000,Diesel,Manual,First,25.0,98.0,HONDA,CITY I-DTEC SV,6.79
Coimbatore,2015,46190,Diesel,Manual,First,22.0,73.0,VOLKSWAGEN,POLO DIESEL COMFORTLINE 1.2L,6.25
Mumbai,2015,83000,Diesel,Manual,First,16.0,140.0,MAHINDRA,XUV500 W8 2WD,9.88
Jaipur,2016,33000,Petrol,Manual,First,16.0,103.0,VOLKSWAGEN,VENTO 1.6 HIGHLINE,7.47
Coimbatore,2017,27279,Petrol,Manual,First,17.0,117.0,HONDA,CITY I VTEC V,9.14
Bangalore,2014,53900,Diesel,Automatic,First,14.0,174.0,AUDI,Q5 2.0 TDI PREMIUM PLUS,28.42
Kochi,2012,63998,Petrol,Automatic,First,17.0,118.0,HONDA,CITY 1.5 V AT EXCLUSIVE,5.94
Coimbatore,2016,57932,Petrol,Manual,First,20.0,81.0,MARUTI,SWIFT VXI BSIV,6.0
Jaipur,2015,25000,Petrol,Manual,First,22.0,47.0,MARUTI,ALTO 800 LXI,2.56
Chennai,2011,169000,Diesel,Manual,First,20.0,68.0,FORD,FIGO DIESEL TITANIUM,2.14
Delhi,2012,53000,Petrol,Manual,First,17.0,62.0,HYUNDAI,SANTRO XING GL PLUS,1.1
Coimbatore,2015,43053,Petrol,Manual,First,18.0,67.0,MARUTI,WAGON R VXI,5.57
Ahmedabad,2014,75000,Diesel,Manual,First,26.0,98.0,HONDA,CITY I DTEC SV,5.7
Pune,2012,89000,Petrol,Manual,Second,16.0,116.0,HONDA,CITY V MT AVN,4.59
Hyderabad,2014,75578,Diesel,Manual,First,25.0,98.0,HONDA,CITY I DTEC VX,6.66
Bangalore,2014,46676,Petrol,Manual,First,17.0,121.0,HYUNDAI,VERNA VTVT 1.6 SX,7.0
Kochi,2014,51349,Petrol,Manual,First,24.0,67.0,MARUTI,ALTO K10 LXI,2.53
Kolkata,2014,34233,Diesel,Automatic,First,14.0,203.0,MERCEDES-BENZ,E-CLASS 2009-2013 E250 CDI AVANTGARDE,22.85
Coimbatore,2014,39626,Diesel,Automatic,First,11.0,241.0,BMW,X6 XDRIVE30D,33.76
Pune,2008,82500,Petrol,Manual,First,14.0,64.0,MARUTI,WAGON R LXI BSIII,1.96
Hyderabad,2015,63000,Diesel,Manual,Second,19.0,108.0,RENAULT,DUSTER RXZ AWD,8.22
Delhi,2011,77001,Diesel,Manual,First,12.0,120.0,MAHINDRA,SCORPIO VLX 2.2 MHAWK AIRBAG BSIV,5.28
Chennai,2016,43000,Diesel,Automatic,First,10.0,197.0,FORD,ENDEAVOUR 3.2 TREND AT 4X4,27.42
Hyderabad,2011,61111,Petrol,Manual,First,19.0,67.0,MARUTI,ZEN ESTILO LXI BS IV,2.39
Bangalore,2005,79000,Petrol,Manual,Second,17.0,97.0,HYUNDAI,SANTRO XING XG,0.83
Kolkata,2011,43000,Petrol,Manual,First,20.0,78.0,HYUNDAI,I10 ASTA,2.07
Hyderabad,2013,47000,Petrol,Automatic,First,16.0,86.0,HONDA,BRIO VX AT,3.08
Jaipur,2017,34000,Petrol,Automatic,First,20.0,67.0,MARUTI,WAGON R AMT VXI,5.27
Coimbatore,2018,22060,Diesel,Automatic,First,18.0,147.0,AUDI,Q3 30 TDI PREMIUM FWD,27.42
Chennai,2012,63000,Diesel,Automatic,First,0.0,165.0,MERCEDES-BENZ,M-CLASS ML 350 4MATIC,35.2
Jaipur,2011,80000,Petrol,Manual,First,18.0,67.0,MARUTI,WAGON R LXI,4.07
Kochi,2015,13506,Diesel,Automatic,First,18.0,187.0,AUDI,A4 35 TDI PREMIUM PLUS,21.99
Mumbai,2016,16000,Petrol,Manual,First,25.0,53.0,RENAULT,KWID RXT OPTIONAL,2.31
Kolkata,2016,31006,Petrol,Manual,First,24.0,47.0,MARUTI,ALTO 800 2016-2019 VXI,1.94
Delhi,2013,91200,Diesel,Manual,First,12.0,100.0,TOYOTA,INNOVA 2.5 GX (DIESEL) 8 SEATER,9.04
Pune,2015,43000,Petrol,Automatic,First,14.0,138.0,TOYOTA,COROLLA ALTIS 2008-2013 1.8 VL AT,10.82
Hyderabad,2015,45000,Diesel,Manual,First,25.0,99.0,FORD,FIGO 2015-2019 1.5D TITANIUM PLUS MT,7.9
Coimbatore,2014,28637,Petrol,Manual,First,19.0,86.0,HONDA,BRIO S MT,4.05
Pune,2004,69870,Petrol,Manual,Second,14.0,92.0,FORD,IKON 1.6 ZXI NXT,-1.06
Mumbai,2014,84000,Diesel,Manual,First,12.0,120.0,MAHINDRA,SCORPIO 2009-2014 LX 2WD 7S,7.76
Coimbatore,2007,84143,Petrol,Manual,First,13.0,210.0,MERCEDES-BENZ,S-CLASS 320 L,15.63
Delhi,2012,77000,Diesel,Manual,Second,12.0,120.0,MAHINDRA,SCORPIO SLE BSIV,5.28
Ahmedabad,2012,75000,Diesel,Automatic,Second,12.0,147.0,LAND,ROVER FREELANDER 2 SE,20.25
Delhi,2011,76155,Petrol,Manual,First,18.0,79.0,CHEVROLET,BEAT LS,1.82
Bangalore,2014,98000,Diesel,Manual,First,22.0,74.0,MARUTI,SWIFT ZDI,6.2
Mumbai,2008,48233,Petrol,Manual,Second,13.0,125.0,TOYOTA,COROLLA H2,3.1
Bangalore,2015,63000,Diesel,Automatic,First,13.0,241.0,AUDI,Q5 3.0 TDI QUATTRO,33.89
Coimbatore,2015,34063,Petrol,Manual,First,21.0,55.0,HYUNDAI,EON ERA PLUS,3.14
Kolkata,2013,32576,Petrol,Manual,First,19.0,88.0,HONDA,AMAZE S PETROL,3.1
Mumbai,2015,28843,Petrol,Automatic,First,17.0,110.0,FORD,FIGO ASPIRE 1.5 TI-VCT TITANIUM,6.73
Bangalore,2016,26000,Diesel,Automatic,Second,19.0,108.0,RENAULT,DUSTER 110PS DIESEL RXL AMT,9.89
Kolkata,2013,39000,Petrol,Automatic,First,15.0,116.0,HONDA,CITY V AT,6.41
Mumbai,2010,66000,Petrol,Manual,First,19.0,46.0,MARUTI,ALTO LXI,2.68
Kolkata,2011,38002,Petrol,Manual,First,20.0,78.0,HYUNDAI,I10 MAGNA 1.2,2.28
Chennai,2010,49000,Petrol,Manual,Second,18.0,62.0,CHEVROLET,SPARK 1.0 LS,1.62
Bangalore,2014,52000,Diesel,Manual,First,21.0,103.0,SKODA,RAPID 1.5 TDI AMBITION PLUS,6.66
Mumbai,2013,56500,Diesel,Automatic,First,17.0,174.0,AUDI,A6 2011-2015 2.0 TDI PREMIUM PLUS,20.7
Mumbai,2015,20568,Petrol,Manual,First,18.0,88.0,HONDA,JAZZ 1.2 V I VTEC,5.1
Mumbai,2015,26000,Petrol,Manual,First,15.0,121.0,HYUNDAI,CRETA 1.6 SX PLUS DUAL TONE PETROL,9.93
Delhi,2012,56000,Petrol,Manual,First,18.0,79.0,CHEVROLET,BEAT LS,2.79
Coimbatore,2017,27509,Petrol,Manual,First,22.0,53.0,DATSUN,REDI-GO T OPTION,3.04
Kochi,2016,36216,Petrol,Manual,First,19.0,81.0,HYUNDAI,XCENT 1.2 KAPPA S OPTION,5.31
Kolkata,2009,28888,Petrol,Automatic,First,10.0,157.0,MERCEDES-BENZ,E-CLASS 230 E AT,10.12
Jaipur,2011,120000,Diesel,Manual,Second,22.0,74.0,MARUTI,SWIFT ZDI,2.76
Kochi,2018,31396,Petrol,Manual,First,23.0,67.0,MARUTI,CELERIO ZXI,7.17
Hyderabad,2015,79000,Diesel,Automatic,First,19.0,141.0,SKODA,OCTAVIA ELEGANCE 2.0 TDI AT,15.0
Delhi,2010,62000,Petrol,Automatic,First,16.0,118.0,HONDA,CITY 1.5 V AT,3.09
Chennai,2006,120000,Petrol,Automatic,Second,9.0,218.0,HONDA,ACCORD V6 AT,9.66
Mumbai,2016,53000,Petrol,Automatic,First,14.0,177.0,SKODA,SUPERB STYLE 1.8 TSI AT,16.51
Coimbatore,2010,124313,Diesel,Manual,First,12.0,100.0,TOYOTA,INNOVA 2.5 G (DIESEL) 8 SEATER,7.52
Pune,2015,26725,Petrol,Automatic,First,23.0,67.0,MARUTI,CELERIO VXI AT,4.59
Kolkata,2014,45617,Diesel,Manual,First,20.0,88.0,MARUTI,ERTIGA VDI,6.75
Mumbai,2013,37000,Diesel,Automatic,First,20.0,107.0,MERCEDES-BENZ,A CLASS A180 CDI,15.17
Kochi,2010,109147,Diesel,Manual,First,14.0,112.0,MAHINDRA,XYLO E2,3.25
Ahmedabad,2014,59000,Diesel,Manual,First,25.0,98.0,HONDA,AMAZE E I-DTECH,4.83
Pune,2015,28000,Petrol,Manual,First,25.0,53.0,RENAULT,KWID RXT,1.93
Pune,2017,4700,Petrol,Manual,First,25.0,53.0,RENAULT,KWID RXT,3.88
Coimbatore,2014,72469,Diesel,Automatic,First,12.0,241.0,AUDI,Q7 3.0 TDI QUATTRO PREMIUM PLUS,39.18
Pune,2014,57539,Diesel,Automatic,First,22.0,126.0,HYUNDAI,VERNA 1.6 SX CRDI (O) AT,6.17
Delhi,2016,42000,Diesel,Automatic,First,11.0,171.0,TOYOTA,INNOVA CRYSTA 2.8 ZX AT,19.19
Delhi,2010,62489,Petrol,Manual,First,17.0,80.0,HYUNDAI,I20 SPORTZ OPTION,1.29
Mumbai,2013,51167,Petrol,Manual,First,16.0,73.0,VOLKSWAGEN,POLO PETROL COMFORTLINE 1.2L,3.83
Chennai,2012,130000,Diesel,Manual,First,20.0,103.0,VOLKSWAGEN,VENTO DIESEL TRENDLINE,4.87
Mumbai,2007,63000,Petrol,Manual,Second,17.0,78.0,HONDA,CITY ZX GXI,1.2
Bangalore,2011,60000,Petrol,Manual,First,16.0,103.0,HYUNDAI,VERNA TRANSFORM XXI ABS,3.58
Pune,2005,123200,Petrol,Manual,Second,13.0,94.0,HYUNDAI,ACCENT GLE,-0.35
Jaipur,2011,115692,Diesel,Automatic,First,20.0,138.0,SKODA,LAURA AMBIENTE 2.0 TDI CR AT,6.48
Coimbatore,2011,87073,Petrol,Automatic,First,10.0,204.0,MERCEDES-BENZ,E-CLASS 2009-2013 E 250 ELEGANCE,17.14
Kochi,2015,40901,Petrol,Manual,First,18.0,81.0,HYUNDAI,I20 SPORTZ 1.2,5.14
Coimbatore,2013,36264,Petrol,Manual,First,20.0,78.0,HYUNDAI,I10 MAGNA 1.2,4.25
Delhi,2009,60000,Petrol,Manual,Second,19.0,68.0,HYUNDAI,I10 MAGNA 1.1L,0.13
Pune,2018,20000,Petrol,Manual,First,17.0,74.0,VOLKSWAGEN,AMEO 1.2 MPI ANNIVERSARY EDITION,6.02
Mumbai,2014,68400,Petrol,Automatic,First,12.0,178.0,TOYOTA,CAMRY 2.5 G,16.33
Bangalore,2013,71231,Diesel,Manual,Second,16.0,140.0,MAHINDRA,XUV500 W8 2WD,7.39
Hyderabad,2011,75000,Diesel,Automatic,First,17.0,138.0,SKODA,SUPERB ELEGANCE 2.0 TDI CR AT,8.63
Mumbai,2018,1997,Petrol,Automatic,First,22.0,67.0,MARUTI,WAGON R VXI AMT,5.84
Pune,2016,47300,Diesel,Manual,First,24.0,88.0,MARUTI,VITARA BREZZA ZDI PLUS DUAL TONE,9.06
Delhi,2012,61449,Petrol,Manual,First,0.0,62.0,HYUNDAI,SANTRO XING GL,4.5
Kochi,2013,47910,Diesel,Manual,First,20.0,103.0,VOLKSWAGEN,VENTO DIESEL COMFORTLINE,5.18
Hyderabad,2015,62000,Diesel,Manual,First,20.0,88.0,VOLKSWAGEN,POLO 1.5 TDI HIGHLINE,5.86
Chennai,2012,65060,Diesel,Manual,First,22.0,74.0,MARUTI,SWIFT ZDI,4.2
Jaipur,2008,82203,Petrol,Manual,First,19.0,68.0,HYUNDAI,I10 ERA 1.1,-0.36
Kolkata,2013,44000,Diesel,Manual,First,16.0,140.0,MAHINDRA,XUV500 W8 2WD,7.87
Coimbatore,2014,53817,Diesel,Manual,First,25.0,88.0,MARUTI,ERTIGA VDI,5.96
Kochi,2013,61591,Diesel,Manual,First,16.0,140.0,MAHINDRA,XUV500 W8 2WD,7.88
Jaipur,2011,86500,Diesel,Manual,Second,21.0,88.0,TATA,MANZA AURA QUADRAJET BS IV,1.81
Pune,2009,100000,Diesel,Automatic,First,11.0,198.0,MERCEDES-BENZ,E-CLASS 280 CDI,12.96
Chennai,2010,87000,Petrol,Manual,First,15.0,104.0,MARUTI,SX4 ZXI WITH LEATHER BSIII,4.93
Hyderabad,2016,35000,Petrol,Automatic,First,20.0,67.0,MARUTI,WAGON R AMT VXI,4.28
Kolkata,2016,6000,Petrol,Manual,First,20.0,67.0,DATSUN,GO NXT,3.29
Jaipur,2014,59327,Diesel,Manual,First,20.0,68.0,FORD,FIGO DIESEL ZXI,5.08
Coimbatore,2014,81001,Diesel,Automatic,First,17.0,138.0,SKODA,SUPERB ELEGANCE 2.0 TDI CR AT,11.59
Kochi,2014,44612,Petrol,Manual,First,18.0,80.0,HYUNDAI,I20 1.2 MAGNA,6.26
Ahmedabad,2016,42388,Diesel,Automatic,First,11.0,171.0,TOYOTA,INNOVA CRYSTA 2.8 ZX AT,19.19
Mumbai,2012,54000,Petrol,Manual,First,19.0,86.0,HONDA,BRIO V MT,2.92
Mumbai,2011,83010,Diesel,Automatic,First,17.0,138.0,SKODA,SUPERB ELEGANCE 2.0 TDI CR AT,8.63
Coimbatore,2016,65405,Diesel,Automatic,First,13.0,204.0,MERCEDES-BENZ,E-CLASS 2015-2017 E250 CDI AVANTGARDE,34.11
Delhi,2015,36000,Diesel,Automatic,Second,12.0,168.0,TOYOTA,FORTUNER 4X2 AT TRD SPORTIVO,17.9
Pune,2008,85000,Petrol,Manual,First,16.0,103.0,MARUTI,SX4 ZXI MT BSIV,0.45
Ahmedabad,2016,35000,Diesel,Manual,First,27.0,98.0,HONDA,JAZZ 1.5 V I DTEC,6.71
Mumbai,2012,54000,Petrol,Automatic,First,14.0,138.0,TOYOTA,COROLLA ALTIS 2008-2013 1.8 VL AT,7.87
Mumbai,2007,70000,Petrol,Manual,First,16.0,100.0,HONDA,CITY ZX VTEC,2.28
Kolkata,2017,27001,Diesel,Automatic,First,20.0,190.0,BMW,X1 XDRIVE 20D M SPORT,28.84
Coimbatore,2019,41075,Diesel,Manual,First,28.0,74.0,MARUTI,SWIFT DDIS VDI,12.43
Hyderabad,2016,26000,Diesel,Manual,First,25.0,77.0,MAHINDRA,KUV 100 MFALCON D75 K8,5.92
Mumbai,2010,55000,Petrol,Manual,First,16.0,90.0,HONDA,JAZZ MODE,1.73
Mumbai,2016,19000,Petrol,Manual,First,20.0,81.0,MARUTI,SWIFT ZXI,6.69
Mumbai,2016,15000,Petrol,Automatic,First,18.0,82.0,HYUNDAI,GRAND I10 ASTA OPTION AT,5.99
Chennai,2016,37000,Petrol,Manual,First,17.0,86.0,HONDA,AMAZE SX I-VTEC,6.03
Coimbatore,2017,38712,Petrol,Manual,First,18.0,81.0,HYUNDAI,GRAND I10 1.2 KAPPA SPORTZ,5.63
Kochi,2014,52400,Diesel,Manual,First,20.0,103.0,VOLKSWAGEN,VENTO DIESEL COMFORTLINE,6.17
Bangalore,2016,23988,Diesel,Manual,First,28.0,88.0,MARUTI,CIAZ 1.3 S,7.73
Kochi,2014,32283,Petrol,Automatic,Second,14.0,103.0,VOLKSWAGEN,VENTO PETROL HIGHLINE AT,5.74
Bangalore,2010,52000,Petrol,Manual,First,18.0,80.0,HYUNDAI,I20 1.2 MAGNA,2.32
Pune,2016,32000,Petrol,Automatic,First,16.0,86.0,HONDA,BRIO VX AT,6.02
Kolkata,2014,39000,Petrol,Manual,First,17.0,117.0,HONDA,CITY I VTEC VX,6.61
Coimbatore,2017,14149,Petrol,Manual,First,23.0,37.0,TATA,NANO XT,4.32
Mumbai,2006,103000,Petrol,Automatic,First,10.0,364.0,MERCEDES-BENZ,S CLASS 2005 2013 S 350 L,18.29
Pune,2004,82000,Petrol,Manual,First,14.0,64.0,MARUTI,WAGON R LXI BSIII,-1.98
Mumbai,2015,34000,Petrol,Automatic,First,13.0,157.0,SKODA,SUPERB ELEGANCE 1.8 TSI AT,11.16
Coimbatore,2016,45180,Diesel,Automatic,First,12.0,241.0,AUDI,Q7 35 TDI QUATTRO TECHNOLOGY,49.21
Ahmedabad,2018,2000,Petrol,Manual,First,22.0,81.0,MARUTI,SWIFT ZXI PLUS,8.12
Coimbatore,2011,82321,Diesel,Manual,First,12.0,102.0,TOYOTA,INNOVA 2.5 G4 DIESEL 7-SEATER,9.42
Kolkata,2011,7000,Petrol,Automatic,First,12.0,154.0,BMW,3 SERIES 320I SEDAN,11.98
Delhi,2015,27000,Diesel,Automatic,First,17.0,136.0,MERCEDES-BENZ,GLA CLASS 200 CDI SPORT,21.38
Coimbatore,2019,31271,Diesel,Manual,First,13.0,147.0,TOYOTA,INNOVA CRYSTA 2.4 VX MT 8S,21.01
Jaipur,2003,55000,Petrol,Manual,Third,15.0,97.0,MARUTI,ESTEEM LX BSII,-0.76
Delhi,2014,24000,Diesel,Manual,First,25.0,74.0,MARUTI,SWIFT VDI BSIV,4.07
Hyderabad,2009,147000,Diesel,Manual,First,12.0,100.0,TOYOTA,INNOVA 2.5 GX (DIESEL) 7 SEATER,6.32
Delhi,2012,72351,Diesel,Manual,First,23.0,97.0,TOYOTA,ETIOS LIVA GD,4.65
Chennai,2010,115000,Petrol,Manual,First,18.0,79.0,CHEVROLET,BEAT LT,0.83
Jaipur,2010,82000,Diesel,Manual,Second,13.0,68.0,FORD,IKON 1.4 TDCI DURATORQ,1.72
Delhi,2016,20000,Diesel,Automatic,First,19.0,170.0,MERCEDES-BENZ,NEW C-CLASS C 220 CDI AVANTGARDE,25.46
Kolkata,2011,45560,Petrol,Manual,First,17.0,88.0,TOYOTA,ETIOS G,2.08
Kochi,2017,57539,Diesel,Manual,First,12.0,102.0,TOYOTA,INNOVA 2.5 GX (DIESEL) 7 SEATER BS IV,13.84
Kochi,2018,20004,Diesel,Automatic,First,17.0,313.0,BMW,6 SERIES GRAN COUPE,53.4
Mumbai,2012,54500,Diesel,Manual,First,21.0,108.0,SKODA,RAPID 1.5 TDI AMBITION,5.26
Jaipur,2016,27886,Petrol,Manual,First,22.0,55.0,HYUNDAI,EON MAGNA,3.58
Mumbai,2007,66000,Petrol,Automatic,First,11.0,158.0,HONDA,CR-V 2.4L 4WD AT,5.81
Coimbatore,2013,72202,Diesel,Automatic,First,20.0,138.0,SKODA,LAURA ELEGANCE 2.0 TDI CR AT,8.72
Delhi,2011,70000,Petrol,Manual,Second,13.0,157.0,SKODA,LAURA RS,6.07
Jaipur,2015,78233,Diesel,Manual,First,26.0,98.0,HONDA,CITY I DTEC S,6.7
Chennai,2007,120203,Diesel,Manual,Second,13.0,138.0,TATA,NEW SAFARI 4X4 EX,3.63
Pune,2011,20575,Petrol,Manual,First,19.0,67.0,MARUTI,ZEN ESTILO LXI BS IV,2.35
Mumbai,2013,39879,Petrol,Manual,First,17.0,86.0,HONDA,AMAZE S I-VTEC,3.1
Jaipur,2017,31056,Petrol,Manual,First,23.0,67.0,RENAULT,KWID 1.0 RXL,3.87
Mumbai,2015,50940,Petrol,Automatic,First,19.0,91.0,MARUTI,CIAZ AT ZXI,7.11
Coimbatore,2016,99362,Diesel,Manual,First,22.0,88.0,HYUNDAI,I20 ASTA OPTION 1.4 CRDI,7.99
Ahmedabad,2016,54000,Diesel,Manual,First,13.0,147.0,TOYOTA,INNOVA CRYSTA 2.4 ZX MT,17.62
Coimbatore,2016,54268,Diesel,Manual,First,28.0,88.0,MARUTI,CIAZ ZDI PLUS SHVS,7.92
Coimbatore,2012,94521,Diesel,Automatic,First,14.0,270.0,JAGUAR,XF DIESEL,27.23
Kochi,2017,38932,Petrol,Manual,First,19.0,82.0,HYUNDAI,XCENT 1.2 KAPPA S,6.7
Coimbatore,2015,60395,Diesel,Automatic,First,16.0,245.0,PORSCHE,CAYENNE DIESEL,42.5
Mumbai,2016,29000,Diesel,Manual,First,24.0,71.0,HYUNDAI,XCENT 1.1 CRDI S,5.4
Delhi,2011,58000,Diesel,Automatic,First,16.0,140.0,AUDI,A4 2.0 TDI MULTITRONIC,15.08
Coimbatore,2016,60913,Petrol,Manual,First,20.0,91.0,MARUTI,CIAZ RS ZXI PLUS,8.01
Delhi,2011,65000,Diesel,Manual,First,12.0,102.0,TOYOTA,INNOVA 2.5 G4 DIESEL 8-SEATER,8.62
Chennai,2015,26000,Diesel,Manual,First,15.0,170.0,MERCEDES-BENZ,NEW C-CLASS 220 CDI MT,22.92
Hyderabad,2016,19947,Petrol,Manual,First,20.0,78.0,HYUNDAI,I10 SPORTZ,6.65
Chennai,2011,70816,Petrol,Automatic,First,16.0,78.0,HYUNDAI,I10 SPORTZ 1.2 AT,2.65
Delhi,2015,54000,Diesel,Manual,First,27.0,74.0,MARUTI,BALENO ZETA 1.3,5.65
Delhi,2008,138000,Petrol,Manual,First,18.0,64.0,MARUTI,ZEN ESTILO 1.1 VXI BSIII,0.85
Chennai,2014,35000,Diesel,Automatic,First,16.0,258.0,BMW,7 SERIES 730LD,38.89
Bangalore,2015,50000,Diesel,Automatic,First,11.0,335.0,AUDI,Q7 4.2 TDI QUATTRO TECHNOLOGY,44.09
Hyderabad,2011,124652,Diesel,Automatic,First,11.0,245.0,BMW,X5 XDRIVE 30D,28.14
Hyderabad,2013,80264,Petrol,Manual,First,21.0,85.0,MARUTI,RITZ LXI,2.46
Pune,2013,125600,Diesel,Manual,First,21.0,84.0,NISSAN,SUNNY 2011-2014 DIESEL XL,4.51
Mumbai,2015,49000,Petrol,Manual,First,14.0,138.0,TOYOTA,COROLLA ALTIS 1.8 LIMITED EDITION,12.83
Pune,2012,111000,Diesel,Manual,First,23.0,67.0,TOYOTA,ETIOS VXD,3.76
Coimbatore,2016,33690,Petrol,Manual,First,14.0,138.0,TOYOTA,COROLLA ALTIS GL MT,13.61
Mumbai,2012,50000,Diesel,Automatic,First,17.0,174.0,AUDI,A6 2011-2015 2.0 TDI PREMIUM PLUS,19.71
Kolkata,2012,38092,Diesel,Manual,First,20.0,88.0,MARUTI,ERTIGA ZDI,5.24
Coimbatore,2017,47774,Petrol,Manual,First,18.0,82.0,HYUNDAI,GRAND I10 SPORTZ,6.16
Chennai,2009,167000,Diesel,Manual,Second,19.0,69.0,TATA,INDIGO CS LX (TDI) BS III,1.44
Chennai,2019,65000,Diesel,Automatic,First,26.0,74.0,MARUTI,SWIFT DZIRE AMT ZDI,8.44
Kolkata,2011,46000,Petrol,Manual,First,15.0,103.0,VOLKSWAGEN,POLO PETROL HIGHLINE 1.6L,3.58
Hyderabad,2017,16500,Petrol,Manual,First,23.0,84.0,TATA,TIAGO 1.2 REVOTRON XZ WO ALLOY,5.21
Kolkata,2016,39000,Petrol,Manual,First,17.0,117.0,HONDA,CITY I VTEC VX,8.58
Jaipur,2018,6000,Petrol,Manual,First,19.0,86.0,HONDA,AMAZE V PETROL,7.14
Hyderabad,2015,60000,Diesel,Automatic,First,17.0,174.0,AUDI,A4 35 TDI PREMIUM,24.78
Chennai,2011,97320,Petrol,Automatic,First,14.0,103.0,VOLKSWAGEN,VENTO PETROL HIGHLINE AT,3.34
Chennai,2011,99807,Diesel,Manual,First,20.0,103.0,VOLKSWAGEN,VENTO DIESEL TRENDLINE,3.85
Pune,2013,46000,Petrol,Manual,First,17.0,118.0,HONDA,CITY 1.5 S MT,6.08
Mumbai,2010,12000,Petrol,Manual,First,22.0,67.0,MARUTI,WAGON R LXI,2.38
Kolkata,2005,13002,Petrol,Automatic,First,9.0,193.0,SKODA,SUPERB 2.8 V6 AT,4.17
Kolkata,2014,26000,Diesel,Manual,First,26.0,98.0,HONDA,CITY I DTEC SV,5.66
Kochi,2014,68365,CNG,Manual,First,26.0,58.0,MARUTI,WAGON R LXI CNG,3.67
Coimbatore,2016,27833,Diesel,Automatic,First,0.0,165.0,MERCEDES-BENZ,M-CLASS ML 350 4MATIC,39.11
Kochi,2016,51639,Petrol,Manual,First,22.0,47.0,MARUTI,ALTO 800 LXI,3.57
Delhi,2015,21000,Petrol,Manual,First,18.0,81.0,HYUNDAI,I20 MAGNA 1.2,5.08
Bangalore,2013,90000,Diesel,Manual,First,22.0,89.0,FORD,ECOSPORT 1.5 DV5 MT TREND,5.38
Hyderabad,2015,36255,Diesel,Automatic,First,19.0,184.0,BMW,3 SERIES GT 320D LUXURY LINE,26.29
Chennai,2011,58000,Diesel,Automatic,Second,11.0,245.0,BMW,X5 XDRIVE 30D,27.57
Coimbatore,2014,48997,Petrol,Manual,Second,18.0,86.0,HONDA,AMAZE S I-VTECH,3.23
Mumbai,2014,31130,Petrol,Manual,First,15.0,110.0,FORD,ECOSPORT 1.5 TI VCT MT TITANIUM,6.72
Coimbatore,2012,75668,Diesel,Automatic,First,14.0,270.0,JAGUAR,XF 3.0 LITRE S PREMIUM LUXURY,24.55
Delhi,2015,12000,Petrol,Manual,First,14.0,138.0,TOYOTA,COROLLA 1.8 J,9.18
Pune,2014,90000,Petrol,Manual,Second,20.0,78.0,HYUNDAI,I10 SPORTZ,4.24
Kochi,2019,17320,Diesel,Automatic,First,15.0,170.0,MERCEDES-BENZ,NEW C-CLASS C220 CDI EXECUTIVE EDITION,34.7
Delhi,2011,85000,Diesel,Manual,Second,20.0,108.0,SKODA,LAURA AMBIENTE 2.0 TDI CR MT,3.34
Hyderabad,2007,130000,Diesel,Manual,First,13.0,141.0,FORD,ENDEAVOUR 4X2 XLT,5.92
Coimbatore,2013,60328,Petrol,Manual,First,15.0,70.0,FORD,FIGO PETROL EXI,4.76
Kochi,2015,34327,Petrol,Manual,First,18.0,86.0,HONDA,AMAZE S I-VTECH,4.71
Mumbai,2014,75000,Diesel,Manual,First,19.0,70.0,TATA,INDICA VISTA TDI LS,3.6
Hyderabad,2012,86000,Diesel,Automatic,Second,14.0,163.0,VOLVO,XC60 D4 SUMMUM,15.51
Bangalore,2017,12000,Petrol,Manual,First,22.0,53.0,DATSUN,REDI GO SPORT,3.3
Kochi,2013,57759,Petrol,Manual,First,21.0,55.0,HYUNDAI,EON ERA PLUS,1.18
Kolkata,2016,24300,Petrol,Manual,First,22.0,47.0,MARUTI,ALTO 800 VXI,3.24
Bangalore,2011,66000,Petrol,Manual,Second,16.0,73.0,VOLKSWAGEN,POLO PETROL TRENDLINE 1.2L,0.78
Mumbai,2015,75915,Petrol,Manual,First,20.0,78.0,HYUNDAI,I10 ASTA,6.04
Chennai,2013,107000,Petrol,Manual,Second,16.0,97.0,NISSAN,SUNNY 2011-2014 XL,4.12
Chennai,2008,86000,Petrol,Manual,Second,14.0,138.0,TOYOTA,COROLLA ALTIS G,3.18
Chennai,2009,160000,Diesel,Manual,Second,18.0,110.0,HYUNDAI,VERNA CRDI ABS,3.33
Jaipur,2019,3000,Petrol,Manual,First,24.0,47.0,MARUTI,ALTO 800 2016-2019 LXI OPTIONAL,5.25
Hyderabad,2015,72495,Diesel,Manual,First,21.0,88.0,HYUNDAI,I20 SPORTZ 1.4 CRDI,6.6
Chennai,2016,33000,Diesel,Automatic,First,19.0,126.0,HYUNDAI,VERNA 1.6 CRDI AT S,12.63
Hyderabad,2014,60000,Diesel,Automatic,First,12.0,241.0,AUDI,Q7 3.0 TDI QUATTRO TECHNOLOGY,41.95
Hyderabad,2016,80103,Diesel,Manual,First,25.0,69.0,TATA,INDICA V2 ELS,2.54
Kolkata,2007,42100,Petrol,Manual,First,18.0,62.0,CHEVROLET,SPARK 1.0 LS,-0.84
Kolkata,2018,4500,Petrol,Manual,First,18.0,81.0,HYUNDAI,GRAND I10 1.2 KAPPA MAGNA,6.57
Mumbai,2014,97000,Diesel,Manual,First,12.0,169.0,TOYOTA,FORTUNER 4X4 MT TRD SPORTIVO,17.59
Kochi,2017,51223,Petrol,Manual,First,18.0,81.0,HYUNDAI,GRAND I10 1.2 KAPPA ASTA,6.12
Delhi,2009,64000,Petrol,Manual,First,17.0,118.0,HONDA,CITY 1.5 S MT,2.15
Kochi,2016,56911,Petrol,Manual,First,18.0,81.0,HYUNDAI,ELITE I20 PETROL ASTA,6.8
Hyderabad,2015,147848,Diesel,Manual,First,12.0,102.0,TOYOTA,INNOVA 2.5 G4 DIESEL 8-SEATER,12.65
Kochi,2018,21290,Petrol,Automatic,First,13.0,395.0,FORD,MUSTANG V8,49.34
Kochi,2019,14076,Diesel,Automatic,First,11.0,171.0,TOYOTA,INNOVA CRYSTA 2.8 GX AT,19.95
Ahmedabad,2007,75180,Petrol,Manual,First,18.0,64.0,MARUTI,ZEN ESTILO 1.1 VXI BSIII,-0.19
Jaipur,2013,92000,Diesel,Manual,Second,22.0,74.0,MARUTI,SWIFT ZDI,4.71
Hyderabad,2015,57266,Diesel,Manual,First,20.0,91.0,FIAT,AVVENTURA MULTIJET EMOTION,6.3
Delhi,2007,64000,Petrol,Manual,First,18.0,67.0,MARUTI,ZEN ESTILO VXI BSIII,-0.52
Mumbai,2013,41000,Diesel,Manual,First,19.0,83.0,RENAULT,DUSTER 85PS DIESEL RXL,4.82
Delhi,2012,45999,Diesel,Manual,First,10.0,107.0,MITSUBISHI,PAJERO 2.8 SFX,11.19
Pune,2015,50000,Petrol,Automatic,First,23.0,67.0,MARUTI,CELERIO VXI AT,4.61
Pune,2013,70000,Diesel,Manual,First,17.0,48.0,TATA,INDICA V2 DLS BSIII,1.65
Kochi,2016,37540,Petrol,Manual,First,18.0,81.0,HYUNDAI,ELITE I20 PETROL ASTA,6.78
Hyderabad,2014,44000,Petrol,Automatic,First,23.0,67.0,MARUTI,CELERIO VXI AT,3.62
Hyderabad,2017,22500,Petrol,Manual,First,18.0,81.0,HYUNDAI,GRAND I10 1.2 KAPPA ASTA,6.09
Delhi,2017,17431,Petrol,Manual,First,18.0,81.0,HYUNDAI,I20 1.2 MAGNA EXECUTIVE,5.58
Delhi,2014,61566,Petrol,Manual,First,17.0,121.0,HYUNDAI,VERNA 1.6 SX VTVT (O),6.46
Kochi,2014,61730,Diesel,Automatic,First,12.0,147.0,LAND,ROVER FREELANDER 2 SE,22.71
Chennai,2009,68000,Petrol,Manual,First,16.0,88.0,MARUTI,SWIFT VXI BSIII,2.99
Mumbai,2014,29000,Petrol,Manual,First,18.0,86.0,HONDA,AMAZE SX I-VTEC,3.89
Hyderabad,2010,156210,Diesel,Manual,First,21.0,87.0,TOYOTA,COROLLA ALTIS DIESEL D4DG,4.88
Kolkata,2013,46500,Diesel,Manual,First,27.0,98.0,HONDA,AMAZE S DIESEL,3.89
Coimbatore,2009,52830,Diesel,Automatic,Second,16.0,241.0,AUDI,A6 3.0 TDI QUATTRO,14.53
Jaipur,2017,39867,Petrol,Manual,First,22.0,67.0,MARUTI,WAGON R VXI,6.9
Hyderabad,2014,58972,Diesel,Manual,First,24.0,98.0,HONDA,MOBILIO E I DTEC,6.38
Bangalore,2006,66000,Petrol,Automatic,Second,10.0,152.0,HONDA,CR-V 2.4 4WD AT,4.34
Delhi,2013,52000,Petrol,Manual,First,17.0,121.0,HYUNDAI,VERNA 1.6 SX VTVT (O),5.47
Bangalore,2014,58000,Diesel,Automatic,First,11.0,194.0,HYUNDAI,SANTA FE 4X4 AT,15.51
Ahmedabad,2012,58000,Petrol,Automatic,First,16.0,78.0,HYUNDAI,I10 SPORTZ AT,3.72
Hyderabad,2008,75000,Diesel,Manual,Second,17.0,68.0,FORD,FUSION PLUS 1.4 TDCI DIESEL,1.41
Coimbatore,2015,41008,Petrol,Manual,Second,20.0,78.0,HYUNDAI,I10 SPORTZ,5.18
Jaipur,2014,65000,Diesel,Manual,First,24.0,71.0,HYUNDAI,XCENT 1.1 CRDI SX OPTION,5.36
Mumbai,2015,19000,Diesel,Automatic,First,18.0,174.0,SKODA,SUPERB STYLE 2.0 TDI AT,18.91
Pune,2008,74000,Petrol,Manual,Second,16.0,68.0,FORD,FIESTA 1.4 DURATEC EXI,-2.89
Pune,2017,33000,Petrol,Automatic,First,21.0,83.0,MARUTI,BALENO ZETA AUTOMATIC,7.37
Mumbai,2010,95000,Diesel,Manual,Second,17.0,105.0,SKODA,LAURA 1.9 TDI MT AMBIENTE,3.5
Kolkata,2012,34000,Diesel,Manual,First,20.0,108.0,VOLKSWAGEN,VENTO 1.5 TDI COMFORTLINE,3.72
Coimbatore,2014,102865,Diesel,Automatic,First,12.0,241.0,AUDI,Q7 3.0 TDI QUATTRO TECHNOLOGY,41.99
Kochi,2016,52378,Petrol,Manual,First,17.0,121.0,HYUNDAI,VERNA VTVT 1.6 SX OPTION,8.81
Delhi,2012,38000,Diesel,Automatic,First,14.0,170.0,MERCEDES-BENZ,NEW C-CLASS 220 CDI AT,15.3
Kochi,2015,60334,Diesel,Manual,First,25.0,98.0,HONDA,AMAZE S I-DTECH,5.29
Chennai,2010,107000,Petrol,Manual,First,16.0,68.0,FORD,FIESTA 1.4 DURATEC EXI LIMITED EDITION,-0.39
Bangalore,2013,445000,Petrol,Manual,First,18.0,82.0,HYUNDAI,I20 MAGNA OPTIONAL 1.2,4.08
Kolkata,2017,2196,Petrol,Manual,First,22.0,47.0,MARUTI,ALTO 800 LXI,4.51
Kolkata,2010,24000,Petrol,Automatic,First,10.0,258.0,BMW,5 SERIES 530I SEDAN,27.49
Coimbatore,2015,44846,Petrol,Manual,Second,14.0,88.0,FIAT,GRANDE PUNTO 1.4 EMOTION,5.61
Kochi,2018,64035,Diesel,Automatic,First,28.0,73.0,MARUTI,DZIRE AMT ZDI PLUS,9.65
Mumbai,2014,45600,Diesel,Manual,First,15.0,140.0,MAHINDRA,XUV500 W6 2WD,8.64
Kochi,2014,102001,Diesel,Automatic,First,11.0,200.0,VOLVO,XC90 2007-2015 D5 AT AWD,22.73
Coimbatore,2014,47439,Petrol,Manual,First,20.0,78.0,HYUNDAI,I10 SPORTZ 1.2,5.81
Hyderabad,2010,193254,Diesel,Manual,First,11.0,171.0,TOYOTA,FORTUNER 3.0 DIESEL,11.82
Bangalore,2016,29000,Petrol,Automatic,First,21.0,37.0,TATA,NANO XTA,2.75
Coimbatore,2016,51681,Diesel,Manual,First,19.0,108.0,RENAULT,LODGY 110PS RXZ 8 SEATER,8.94
Hyderabad,2015,50000,Diesel,Automatic,First,12.0,241.0,AUDI,Q7 3.0 TDI QUATTRO PREMIUM PLUS,40.15
Mumbai,2016,42666,Petrol,Automatic,First,18.0,117.0,HONDA,CITY I VTEC CVT VX,9.89
Jaipur,2013,65000,Diesel,Manual,Second,19.0,108.0,RENAULT,DUSTER 110PS DIESEL RXL,5.62
Jaipur,2014,18776,Petrol,Manual,First,17.0,86.0,HONDA,AMAZE S I-VTEC,4.07
Jaipur,2016,6714,Petrol,Manual,First,18.0,86.0,HONDA,AMAZE S I-VTECH,5.67
Pune,2009,40000,Petrol,Automatic,Second,12.0,154.0,BMW,3 SERIES 320I,12.17
Coimbatore,2011,88539,Diesel,Manual,First,23.0,73.0,MARUTI,RITZ LDI,2.21
Delhi,2012,65055,Petrol,Manual,Second,17.0,118.0,HONDA,CITY 1.5 S MT,4.61
Mumbai,2014,23000,Diesel,Automatic,First,18.0,184.0,BMW,3 SERIES 320D SPORT LINE,21.31
Chennai,2009,60000,Diesel,Manual,First,15.0,105.0,VOLKSWAGEN,JETTA 2007-2011 1.9 TDI TRENDLINE,3.65
Kochi,2013,59350,Petrol,Manual,First,19.0,85.0,MARUTI,SWIFT DZIRE LXI,3.33
Bangalore,2015,19000,Diesel,Automatic,Second,16.0,187.0,JAGUAR,XF 2.2 LITRE EXECUTIVE,35.37
Kochi,2016,45560,Petrol,Automatic,First,16.0,82.0,HYUNDAI,XCENT 1.2 KAPPA AT SX OPTION,6.62
Pune,2009,118000,Diesel,Manual,First,12.0,102.0,TOYOTA,INNOVA 2.5 G (DIESEL) 7 SEATER BS IV,5.59
Chennai,2016,55000,Petrol,Manual,First,15.0,73.0,MARUTI,EECO 7 SEATER STANDARD,5.34
Delhi,2012,60000,Diesel,Automatic,Second,15.0,140.0,AUDI,A4 NEW 2.0 TDI MULTITRONIC,13.44
Chennai,2007,145000,Diesel,Manual,First,12.0,102.0,TOYOTA,INNOVA 2.5 G (DIESEL) 7 SEATER BS IV,3.64
Mumbai,2008,46810,Petrol,Manual,First,9.0,163.0,MARUTI,GRAND VITARA MT,5.71
Coimbatore,2016,62767,Diesel,Manual,First,20.0,103.0,VOLKSWAGEN,VENTO 1.5 TDI HIGHLINE,8.11
Kochi,2018,18553,Petrol,Manual,First,18.0,81.0,HYUNDAI,ELITE I20 PETROL ASTA,8.73
Hyderabad,2011,143143,Diesel,Manual,First,17.0,67.0,FORD,FIESTA CLASSIC 1.4 DURATORQ CLXI,2.41
Coimbatore,2015,53497,Diesel,Manual,First,13.0,175.0,MITSUBISHI,PAJERO SPORT 4X4,16.19
Bangalore,2011,148000,Diesel,Manual,Second,14.0,194.0,HYUNDAI,SANTA FE 4X4,10.83
Pune,2012,95000,Diesel,Manual,First,15.0,140.0,MAHINDRA,XUV500 W8 2WD,7.09
Chennai,2015,100000,Diesel,Manual,First,12.0,102.0,TOYOTA,INNOVA 2.5 V DIESEL 8-SEATER,12.97
Chennai,2016,29000,Diesel,Automatic,First,11.0,254.0,MERCEDES-BENZ,GLE 350D,60.04
Bangalore,2014,87000,Diesel,Manual,First,12.0,120.0,MAHINDRA,SCORPIO 2009-2014 SLE 7S BSIV,8.24
Kochi,2014,56838,Petrol,Automatic,First,16.0,118.0,HONDA,CITY 1.5 S AT,7.75
Pune,2013,100000,Diesel,Automatic,First,12.0,224.0,MERCEDES-BENZ,GL-CLASS 2007 2012 350 CDI LUXURY,36.95
Kolkata,2011,125000,Petrol,Manual,First,17.0,118.0,HONDA,CITY 1.5 S MT,4.19
Kolkata,2017,17000,Petrol,Automatic,First,22.0,67.0,MARUTI,WAGON R VXI AMT,4.86
Pune,2013,70000,Petrol,Manual,Second,15.0,65.0,TATA,INDIGO ECS GLE BSIII,1.2
Pune,2010,50000,Petrol,Manual,Second,17.0,80.0,HYUNDAI,I20 2015-2017 1.2 ASTA WITH AVN,1.75
Kolkata,2010,39800,Petrol,Manual,First,16.0,90.0,HONDA,JAZZ ACTIVE,1.51
Kolkata,2010,60000,Petrol,Manual,First,19.0,66.0,MARUTI,A-STAR LXI,1.96
Hyderabad,2009,58000,Diesel,Automatic,First,16.0,181.0,BMW,3 SERIES 320D HIGHLINE,11.67
Hyderabad,2010,110009,Diesel,Manual,First,17.0,138.0,SKODA,YETI ELEGANCE,6.89
Hyderabad,2013,85000,Diesel,Manual,First,19.0,108.0,NISSAN,TERRANO XV PREMIUM 110 PS,6.24
Pune,2010,84000,Diesel,Manual,Second,22.0,73.0,VOLKSWAGEN,POLO DIESEL COMFORTLINE 1.2L,0.85
Mumbai,2011,51000,Diesel,Automatic,First,22.0,190.0,BMW,3 SERIES 320D,13.68
Kochi,2013,68880,Petrol,Manual,First,16.0,97.0,NISSAN,SUNNY 2011-2014 XL,4.59
Chennai,2017,5500,Petrol,Automatic,First,24.0,67.0,MARUTI,ALTO K10 VXI AGS,4.79
Coimbatore,2016,40052,Petrol,Manual,First,21.0,85.0,MARUTI,RITZ ZXI,6.61
Coimbatore,2016,47293,Diesel,Automatic,First,14.0,174.0,AUDI,Q5 30 TDI QUATTRO PREMIUM PLUS,37.86
Hyderabad,2013,79663,Diesel,Manual,First,16.0,110.0,HYUNDAI,VERNA CRDI SX,6.79
Jaipur,2013,63000,Diesel,Manual,Second,25.0,98.0,HONDA,AMAZE S I-DTECH,2.81
Kolkata,2014,45000,Diesel,Manual,First,26.0,98.0,HONDA,CITY I DTEC SV,5.68
Kochi,2014,56501,Diesel,Automatic,First,12.0,174.0,TOYOTA,FORTUNER TRD SPORTIVO 2.8 2WD AT,17.81
Jaipur,2015,58000,Diesel,Manual,First,20.0,103.0,VOLKSWAGEN,VENTO 1.5 TDI HIGHLINE,7.12
Coimbatore,2011,51602,Diesel,Automatic,First,22.0,190.0,BMW,5 SERIES 520D LUXURY LINE,20.91
Hyderabad,2007,74199,Diesel,Automatic,First,16.0,181.0,BMW,3 SERIES 320D SEDAN,8.62
Ahmedabad,2017,25000,Petrol,Automatic,First,13.0,121.0,HYUNDAI,CRETA 1.6 SX PLUS PETROL AUTOMATIC,12.69
Pune,2016,70000,Diesel,Automatic,Second,21.0,190.0,BMW,3 SERIES LUXURY LINE,30.68
Bangalore,2013,25000,Diesel,Automatic,Second,14.0,167.0,MERCEDES-BENZ,NEW C-CLASS C 220 CDI BE AVANTGARE,22.93
Hyderabad,2017,22000,Diesel,Manual,First,26.0,74.0,MARUTI,SWIFT DZIRE VDI,8.04
Hyderabad,2015,47020,Petrol,Manual,Second,23.0,67.0,MARUTI,CELERIO ZXI,3.72
Mumbai,2017,8000,Diesel,Automatic,First,19.0,187.0,BMW,3 SERIES 320D GT LUXURY LINE,30.55
Delhi,2010,73000,Diesel,Automatic,First,11.0,335.0,AUDI,Q7 4.2 TDI QUATTRO TECHNOLOGY,39.18
Kochi,2017,36973,Petrol,Manual,First,18.0,88.0,HONDA,JAZZ V,7.96
Coimbatore,2014,42083,Petrol,Manual,First,25.0,37.0,TATA,NANO CX BSIV,0.23
Chennai,2016,61000,Petrol,Manual,First,24.0,47.0,MARUTI,ALTO 800 2016-2019 LXI,3.1
Mumbai,2014,43628,Petrol,Manual,First,22.0,67.0,MARUTI,WAGON R VXI,3.95
Jaipur,2014,60000,Diesel,Manual,First,24.0,71.0,HYUNDAI,XCENT 1.1 CRDI BASE,2.67
Delhi,2010,54000,Petrol,Manual,Second,17.0,76.0,CHEVROLET,BEAT LT,0.15
Kochi,2015,27001,Diesel,Automatic,First,16.0,187.0,JAGUAR,XF 2.2 LITRE LUXURY,31.81
Chennai,2010,52000,Diesel,Automatic,First,18.0,167.0,VOLKSWAGEN,PASSAT DIESEL HIGHLINE 2.0 TDI,6.72
Hyderabad,2012,80000,Diesel,Manual,First,21.0,88.0,HYUNDAI,I20 ASTA 1.4 CRDI,3.85
Chennai,2008,160000,Diesel,Manual,First,10.0,107.0,MITSUBISHI,PAJERO 2.8 SFX,7.35
Chennai,2018,3300,Diesel,Automatic,First,24.0,88.0,MARUTI,VITARA BREZZA ZDI PLUS AMT DUAL TONE,11.37
Delhi,2016,35027,Petrol,Manual,First,24.0,67.0,MARUTI,ALTO K10 LXI,4.49
Coimbatore,2015,26568,Petrol,Manual,First,21.0,55.0,HYUNDAI,EON MAGNA PLUS,3.02
Ahmedabad,2015,59000,Diesel,Manual,First,28.0,88.0,MARUTI,CIAZ VDI PLUS SHVS,6.5
Bangalore,2016,51000,Diesel,Manual,First,19.0,126.0,HYUNDAI,CRETA 1.6 CRDI SX OPTION,12.5
Delhi,2012,56400,Diesel,Automatic,First,17.0,138.0,SKODA,SUPERB AMBITION 2.0 TDI CR AT,8.68
Hyderabad,2015,80000,Diesel,Manual,First,20.0,88.0,VOLKSWAGEN,POLO 1.5 TDI HIGHLINE,5.88
Delhi,2012,72000,Diesel,Automatic,Third,18.0,97.0,BMW,5 SERIES 520D SEDAN,16.4
Hyderabad,2013,107000,Diesel,Manual,Second,12.0,100.0,TOYOTA,INNOVA 2.5 VX (DIESEL) 7 SEATER,10.26
Pune,2014,100000,Diesel,Automatic,First,14.0,203.0,MERCEDES-BENZ,E-CLASS 2009-2013 E250 CDI ELEGANCE,25.73
Kochi,2016,59998,Diesel,Manual,First,20.0,88.0,VOLKSWAGEN,POLO 1.5 TDI HIGHLINE,6.85
Hyderabad,2013,105000,Diesel,Automatic,First,17.0,150.0,AUDI,Q3 2.0 TDI,19.05
Kolkata,2011,36000,Petrol,Manual,First,18.0,80.0,HYUNDAI,I20 1.2 MAGNA,3.29
Kolkata,2015,24350,Petrol,Manual,Second,19.0,68.0,HYUNDAI,I10 SPORTZ 1.1L,3.73
Kochi,2018,28973,Diesel,Manual,First,24.0,69.0,TATA,TIGOR 1.05 REVOTORQ XT,6.81
Kochi,2017,8243,Petrol,Manual,First,21.0,55.0,HYUNDAI,EON ERA,5.35
Chennai,2009,136642,Petrol,Manual,Second,17.0,62.0,HYUNDAI,SANTRO XING GLS,1.32
Hyderabad,2011,60000,Petrol,Manual,First,17.0,62.0,HYUNDAI,SANTRO XING GLS,3.73
Chennai,2008,100000,Diesel,Manual,Second,12.0,120.0,MAHINDRA,SCORPIO SLX,2.72
Jaipur,2010,48689,Petrol,Manual,First,17.0,117.0,HONDA,CITY I-VTEC S,3.07
Bangalore,2017,45000,Diesel,Manual,First,24.0,88.0,MARUTI,VITARA BREZZA ZDI,9.57
Kochi,2019,38163,Diesel,Automatic,First,17.0,174.0,AUDI,A4 35 TDI TECHNOLOGY EDITION,31.5
Chennai,2011,43800,Diesel,Automatic,Second,14.0,203.0,MERCEDES-BENZ,E-CLASS 2009-2013 E250 CDI ELEGANCE,22.21
Jaipur,2007,92000,Petrol,Manual,First,13.0,130.0,HONDA,CIVIC 2006-2010 1.8 MT SPORT,1.93
Kochi,2017,14064,Petrol,Manual,First,18.0,81.0,HYUNDAI,I20 MAGNA 1.2,7.05
Coimbatore,2017,42366,Diesel,Automatic,First,15.0,174.0,AUDI,Q3 35 TDI QUATTRO PREMIUM PLUS,28.15
Jaipur,2014,76551,Diesel,Manual,First,25.0,98.0,HONDA,CITY I DTEC VX,6.66
Pune,2008,72672,Petrol,Manual,First,19.0,68.0,HYUNDAI,I10 ERA 1.1 ITECH SE,-0.09
Kolkata,2015,45000,Diesel,Manual,First,25.0,74.0,MARUTI,SWIFT VDI BSIV,5.08
Hyderabad,2012,91696,Diesel,Automatic,First,11.0,153.0,FORD,ENDEAVOUR 3.0L 4X4 AT,9.58
Kochi,2009,66484,Petrol,Manual,First,13.0,70.0,FORD,IKON 1.3 FLAIR,3.74
Coimbatore,2019,15456,Diesel,Automatic,First,20.0,190.0,BMW,X1 SDRIVE 20D XLINE,31.42
Mumbai,2011,55000,Diesel,Automatic,Second,14.0,203.0,MERCEDES-BENZ,E-CLASS 2009-2013 E250 CDI CLASSIC,19.35
Kochi,2019,21112,CNG,Manual,First,15.0,73.0,MARUTI,EECO 5 STR WITH AC PLUS HTR CNG,7.22
Pune,2011,98000,Petrol,Manual,First,16.0,97.0,HONDA,JAZZ SELECT EDITION,2.87
Ahmedabad,2014,61297,Diesel,Manual,First,25.0,98.0,HONDA,AMAZE S I-DTECH,4.3
Hyderabad,2006,80000,Petrol,Manual,Second,17.0,60.0,MARUTI,ZEN LXI - BS III,-0.42
Jaipur,2013,59000,Petrol,Manual,Second,18.0,80.0,HYUNDAI,I20 MAGNA,4.64
Chennai,2009,150000,Diesel,Automatic,First,11.0,235.0,BMW,X5 3.0D,19.02
Coimbatore,2017,60083,Diesel,Manual,First,19.0,126.0,HYUNDAI,CRETA 1.6 CRDI SX OPTION,13.49
Kolkata,2016,85450,Diesel,Manual,First,26.0,74.0,MARUTI,SWIFT DZIRE LDI,5.67
Jaipur,2013,88000,Diesel,Manual,First,22.0,74.0,MARUTI,SWIFT VDI,4.38
Kochi,2015,81828,Diesel,Manual,First,24.0,73.0,HYUNDAI,GRAND I10 1.2 CRDI ASTA,5.48
Mumbai,2016,18000,Petrol,Manual,First,18.0,86.0,FORD,FIGO ASPIRE 1.2 TI-VCT TREND,5.64
Chennai,2017,15000,Diesel,Automatic,First,15.0,258.0,BMW,X5 X5 M,54.75
Kolkata,2016,34000,Diesel,Automatic,First,11.0,167.0,MERCEDES-BENZ,NEW C-CLASS C 220 CDI CELEBRATION EDITION,26.14
Ahmedabad,2015,46000,Petrol,Automatic,First,18.0,82.0,HYUNDAI,GRAND I10 AT ASTA,5.34
Hyderabad,2013,48158,Diesel,Manual,First,22.0,126.0,HYUNDAI,VERNA 1.6 SX CRDI (O),6.06
Hyderabad,2013,93000,Diesel,Automatic,First,16.0,218.0,BMW,5 SERIES 525D SEDAN,27.44
Ahmedabad,2013,71007,Diesel,Manual,First,23.0,63.0,NISSAN,MICRA DIESEL XV PREMIUM,3.25
Pune,2010,63067,Petrol,Manual,Second,15.0,103.0,MARUTI,SX4 ZXI MT BSIV,2.06
Hyderabad,2011,70259,Diesel,Manual,First,21.0,88.0,TATA,MANZA AURA QUADRAJET BS IV,2.3
Ahmedabad,2015,13000,Diesel,Automatic,First,16.0,140.0,AUDI,A4 2.0 TDI MULTITRONIC,18.99
Pune,2009,140000,Diesel,Manual,Second,17.0,75.0,MARUTI,SWIFT LDI BSIV,-0.73
Jaipur,2015,130000,Diesel,Manual,First,25.0,74.0,MARUTI,SWIFT LDI OPTIONAL,4.61
Delhi,2011,89401,Diesel,Manual,First,21.0,87.0,TOYOTA,COROLLA ALTIS DIESEL D4DJ,5.2
Hyderabad,2015,67000,Diesel,Manual,First,27.0,98.0,HONDA,JAZZ 1.5 VX I DTEC,6.14
Kochi,2010,65329,Petrol,Automatic,First,7.0,450.0,BMW,6 SERIES 650I COUPE,30.46
Jaipur,2010,72000,Petrol,Manual,First,16.0,73.0,SKODA,FABIA 1.2 PETROL ACTIVE,1.13
Jaipur,2001,70000,Petrol,Manual,Third,0.0,97.0,FIAT,SIENA 1.2 ELX,-1.17
Mumbai,2011,82000,Diesel,Automatic,Second,12.0,187.0,LAND,ROVER FREELANDER 2 HSE,21.04
Pune,2010,85000,Petrol,Manual,First,15.0,101.0,FORD,FIESTA 1.6 ZXI DURATEC,3.42
Pune,2012,83000,Diesel,Automatic,First,19.0,126.0,HYUNDAI,VERNA SX CRDI AT,6.06
Jaipur,2016,26000,Petrol,Manual,First,21.0,67.0,RENAULT,KWID 1.0 RXT OPTIONAL,2.78
Delhi,2012,27000,Diesel,Manual,First,22.0,88.0,TATA,INDICA VISTA QUADRAJET 90 ZX PLUS,3.37
Kochi,2018,37746,Diesel,Manual,First,21.0,88.0,HYUNDAI,I20 ACTIVE 1.4 SX,8.76
Mumbai,2009,63274,Petrol,Manual,Second,15.0,104.0,MARUTI,SX4 ZXI BSIII,2.61
Hyderabad,2016,25000,Petrol,Manual,First,25.0,53.0,RENAULT,KWID RXT,2.91
Bangalore,2013,197000,Diesel,Manual,First,11.0,112.0,MAHINDRA,XYLO E4 ABS BS III,4.92
Bangalore,2013,45010,Petrol,Manual,Second,21.0,55.0,HYUNDAI,EON D LITE PLUS,1.22
Delhi,2013,75348,Diesel,Manual,First,25.0,98.0,HONDA,AMAZE VX I-DTEC,3.49
Kolkata,2010,90110,Diesel,Manual,First,22.0,73.0,VOLKSWAGEN,POLO DIESEL HIGHLINE 1.2L,1.34
Pune,2011,102013,Petrol,Manual,First,17.0,118.0,HONDA,CITY 1.5 V MT,4.45
Pune,2015,36000,Diesel,Automatic,First,12.0,168.0,TOYOTA,FORTUNER 4X2 AT,19.53
Kochi,2017,37578,Petrol,Manual,First,18.0,86.0,HONDA,AMAZE E I-VTECH,7.02
Pune,2015,46001,Diesel,Automatic,First,20.0,143.0,BMW,1 SERIES 118D BASE,18.02
Hyderabad,2014,46559,Petrol,Automatic,First,23.0,67.0,MARUTI,CELERIO VXI AT,3.63
Mumbai,2015,48000,Diesel,Manual,First,12.0,100.0,TOYOTA,INNOVA 2.5 GX (DIESEL) 8 SEATER,10.97
Pune,2013,46000,Diesel,Automatic,Second,16.0,187.0,JAGUAR,XF 2.2 LITRE LUXURY,29.35
Hyderabad,2017,15000,Petrol,Manual,First,17.0,88.0,HONDA,WRV I-VTEC VX,8.4
Chennai,2012,85000,Diesel,Automatic,Third,17.0,184.0,BMW,X1 SDRIVE20D,15.19
Mumbai,2014,32000,Petrol,Automatic,First,14.0,103.0,SKODA,RAPID 1.6 MPI AT ELEGANCE,5.95
Kochi,2012,60818,Petrol,Manual,First,16.0,103.0,VOLKSWAGEN,VENTO 1.6 COMFORTLINE,2.45
Coimbatore,2019,35188,Diesel,Manual,First,22.0,98.0,FORD,ECOSPORT 1.5 TDCI TREND PLUS BE,11.56
Jaipur,2012,110000,Diesel,Manual,First,15.0,140.0,MAHINDRA,XUV500 W6 2WD,6.73
Mumbai,2014,61000,Diesel,Manual,First,18.0,67.0,FORD,FIESTA CLASSIC 1.4 DURATORQ LXI,3.45
Pune,2010,75000,Petrol,Manual,Second,17.0,62.0,HYUNDAI,SANTRO XING GLS,2.25
Delhi,2015,55000,Diesel,Automatic,First,12.0,224.0,MERCEDES-BENZ,GL-CLASS 2007 2012 350 CDI LUXURY,38.88
Pune,2003,69966,Petrol,Manual,First,19.0,46.0,MARUTI,ALTO LXI BSII,-2.9
Mumbai,2016,42000,Petrol,Manual,First,17.0,117.0,HONDA,CITY I VTEC VX OPTION,8.79
Bangalore,2014,48000,Diesel,Automatic,First,13.0,194.0,HYUNDAI,SANTA FE 2WD AT,13.73
Kolkata,2015,35000,Diesel,Automatic,First,17.0,136.0,MERCEDES-BENZ,GLA CLASS 200 CDI SPORT,21.39
Chennai,2005,128000,Diesel,Manual,Second,12.0,102.0,TOYOTA,INNOVA 2.5 G4 DIESEL 8-SEATER,2.26
Bangalore,2008,78000,Diesel,Automatic,Second,16.0,181.0,BMW,3 SERIES 320D SEDAN,9.11
Hyderabad,2011,53080,Petrol,Manual,First,18.0,85.0,MARUTI,SWIFT ZXI,2.47
Pune,2011,66000,Petrol,Manual,Second,15.0,103.0,VOLKSWAGEN,VENTO PETROL HIGHLINE,2.34
Ahmedabad,2012,25000,Petrol,Manual,First,16.0,93.0,MARUTI,ERTIGA VXI,4.05
Coimbatore,2016,36139,Petrol,Automatic,Second,18.0,82.0,HYUNDAI,GRAND I10 AT ASTA,5.82
Delhi,2017,44000,Diesel,Manual,First,19.0,126.0,HYUNDAI,CRETA 1.6 CRDI SX,12.95
Ahmedabad,2008,50000,Diesel,Automatic,Second,16.0,241.0,AUDI,A6 3.0 TDI QUATTRO,13.54
Delhi,2016,81177,Diesel,Manual,First,16.0,140.0,MAHINDRA,XUV500 W8 1.99 MHAWK,11.55
Mumbai,2016,26000,Petrol,Automatic,First,16.0,110.0,FORD,ECOSPORT 1.5 TI VCT AT TITANIUM BE,9.22
Mumbai,2016,100000,Diesel,Manual,First,24.0,71.0,HYUNDAI,XCENT 1.1 CRDI BASE,4.69
Hyderabad,2014,75000,Diesel,Automatic,First,21.0,103.0,VOLKSWAGEN,VENTO 1.5 TDI COMFORTLINE AT,7.02
Kochi,2004,119859,Petrol,Automatic,First,13.0,210.0,MERCEDES-BENZ,S-CLASS 280 AT,9.64
Mumbai,2010,55980,Petrol,Manual,First,20.0,78.0,HYUNDAI,I10 MAGNA,1.26
Hyderabad,2015,30000,Diesel,Automatic,First,17.0,174.0,AUDI,A4 35 TDI TECHNOLOGY EDITION,27.54
Pune,2012,49700,Diesel,Manual,Second,21.0,88.0,HYUNDAI,I20 SPORTZ 1.4 CRDI,3.11
Chennai,2013,79000,Diesel,Manual,First,23.0,88.0,HYUNDAI,VERNA 1.4 EX,6.16
Delhi,2010,65100,Petrol,Manual,First,17.0,118.0,HONDA,CITY 1.5 V MT,3.43
Pune,2016,54161,Diesel,Manual,First,25.0,88.0,MARUTI,ERTIGA VDI,7.93
Hyderabad,2011,28619,Petrol,Manual,First,19.0,46.0,MARUTI,ALTO LXI BSII,4.96
Mumbai,2016,9000,Petrol,Automatic,First,20.0,67.0,MARUTI,WAGON R AMT VXI,4.26
Kochi,2016,42876,Diesel,Automatic,First,19.0,126.0,HYUNDAI,VERNA 1.6 CRDI AT SX,10.29
Bangalore,2011,64000,Petrol,Manual,First,19.0,46.0,MARUTI,ALTO LXI BSIII,2.57
Kochi,2018,20488,Petrol,Manual,Second,16.0,103.0,VOLKSWAGEN,VENTO 1.6 COMFORTLINE,7.83
Delhi,2016,21000,Petrol,Manual,First,21.0,83.0,MARUTI,BALENO ZETA 1.2,5.81
Jaipur,2012,119203,Diesel,Automatic,First,0.0,115.0,LAND,ROVER FREELANDER 2 TD4 SE,20.99
Kochi,2011,55987,Petrol,Automatic,First,13.0,153.0,HONDA,CR-V 2.0L 2WD AT,8.97
Coimbatore,2017,72668,Diesel,Manual,First,14.0,174.0,TOYOTA,FORTUNER 2.8 2WD MT,26.45
Mumbai,2015,32000,Petrol,Automatic,First,15.0,116.0,HONDA,CITY V AT,8.38
Bangalore,2014,3000,Petrol,Automatic,Second,12.0,421.0,MERCEDES-BENZ,SLK-CLASS 55 AMG,72.3
Mumbai,2015,10400,Petrol,Manual,First,17.0,117.0,HONDA,CITY I-VTEC S,7.96
Mumbai,2013,35000,Diesel,Manual,First,22.0,74.0,MARUTI,SWIFT VDI,4.33
Kochi,2013,55101,Petrol,Automatic,First,14.0,138.0,TOYOTA,COROLLA ALTIS 2008-2013 1.8 VL AT,8.85
Bangalore,2014,57464,Diesel,Manual,First,23.0,67.0,TOYOTA,ETIOS CROSS 1.4L VD,5.48
Jaipur,2006,110000,Petrol,Manual,First,18.0,67.0,MARUTI,WAGON R LX,1.72
Kochi,2017,17941,Petrol,Manual,First,15.0,97.0,FIAT,PUNTO 1.2 DYNAMIC,9.06
Mumbai,2014,72000,Petrol,Automatic,First,12.0,184.0,MERCEDES-BENZ,E-CLASS 2015-2017 E 200 CGI,20.13
Delhi,2012,16000,Diesel,Automatic,First,16.0,187.0,JAGUAR,XF AERO SPORT EDITION,30.76
Kochi,2011,62020,Petrol,Manual,First,17.0,80.0,HYUNDAI,I20 SPORTZ PETROL,3.03
Pune,2014,85000,Diesel,Automatic,Second,12.0,147.0,LAND,ROVER FREELANDER 2 SE,22.23
Kochi,2018,14223,Petrol,Manual,First,18.0,81.0,HYUNDAI,ELITE I20 PETROL SPORTZ,7.97
Jaipur,2014,41210,Petrol,Manual,First,18.0,86.0,HONDA,AMAZE S I-VTECH,3.73
Bangalore,2015,20000,Diesel,Automatic,First,0.0,165.0,MERCEDES-BENZ,M-CLASS ML 350 4MATIC,38.12
Coimbatore,2016,18043,Petrol,Manual,First,22.0,47.0,MARUTI,ALTO 800 VXI,3.24
Chennai,2016,80000,Diesel,Automatic,First,11.0,171.0,TOYOTA,INNOVA CRYSTA 2.8 ZX AT,19.22
Hyderabad,2016,21000,Petrol,Automatic,First,18.0,82.0,HYUNDAI,GRAND I10 AT ASTA,6.31
Bangalore,2016,49000,Diesel,Automatic,First,16.0,258.0,BMW,X3 XDRIVE30D M SPORT,42.34
Hyderabad,1998,104000,Petrol,Manual,Second,15.0,97.0,MARUTI,1000 AC,-3.01
Chennai,2010,95000,Petrol,Manual,Second,18.0,80.0,HYUNDAI,I20 MAGNA,1.71
Pune,2015,32000,Petrol,Automatic,First,18.0,82.0,HYUNDAI,GRAND I10 AT ASTA,5.33
Pune,2003,80000,Petrol,Manual,Second,17.0,97.0,HYUNDAI,SANTRO XING XG,-1.14
Hyderabad,2014,122800,Diesel,Manual,First,25.0,89.0,FORD,FIESTA 1.5 TDCI TITANIUM,5.81
Ahmedabad,2011,78000,Diesel,Manual,Second,15.0,97.0,MERCEDES-BENZ,E-CLASS 220 CDI,14.34
Ahmedabad,2015,69000,Diesel,Manual,First,26.0,74.0,MARUTI,SWIFT DZIRE VDI,6.12
Pune,2015,65000,Diesel,Manual,Second,23.0,67.0,TOYOTA,ETIOS VXD,6.17
Ahmedabad,2015,23000,Petrol,Manual,First,19.0,82.0,HYUNDAI,XCENT 1.2 KAPPA BASE,4.55
Ahmedabad,2009,70000,Petrol,Manual,First,13.0,130.0,HONDA,CIVIC 2006-2010 1.8 S MT,4.68
Chennai,2014,250000,Diesel,Manual,First,12.0,100.0,TOYOTA,INNOVA 2.5 GX (DIESEL) 8 SEATER,10.18
Delhi,2012,56000,Petrol,Manual,First,13.0,94.0,HYUNDAI,ACCENT GLE,6.99
Pune,2013,30000,Petrol,Manual,First,22.0,47.0,MARUTI,ALTO 800 LXI,0.59
Kolkata,2010,35000,Petrol,Automatic,First,8.0,387.0,MERCEDES-BENZ,SL-CLASS SL 500,33.46
Jaipur,2013,92250,Diesel,Manual,Second,22.0,89.0,FORD,ECOSPORT 1.5 DV5 MT TITANIUM OPTIONAL,4.93
Pune,2018,40000,Petrol,Manual,First,20.0,81.0,HYUNDAI,XCENT 1.2 VTVT E,6.12
Kochi,2014,96848,Petrol,Automatic,First,14.0,103.0,SKODA,RAPID 1.6 MPI AT AMBITION PLUS,7.0
Delhi,2016,42000,Diesel,Automatic,First,15.0,174.0,AUDI,Q3 2012-2015 35 TDI QUATTRO PREMIUM PLUS,23.57
Kolkata,2013,55886,Diesel,Manual,First,16.0,140.0,MAHINDRA,XUV500 W8 2WD,7.88
Kochi,2019,12336,Petrol,Manual,First,17.0,121.0,HYUNDAI,VERNA VTVT 1.6 SX OPTION,11.73
Chennai,2009,60000,Petrol,Manual,Third,13.0,103.0,HYUNDAI,VERNA XI (PETROL),2.56
Pune,2003,83000,Petrol,Manual,Second,14.0,92.0,FORD,IKON 1.6 CLXI,-1.6
Pune,2018,24000,Petrol,Manual,First,19.0,67.0,NISSAN,MICRA ACTIVE XV,4.93
Pune,2016,32198,Petrol,Automatic,First,16.0,86.0,HONDA,BRIO VX AT,6.02
Hyderabad,2014,92247,Diesel,Manual,First,12.0,100.0,TOYOTA,INNOVA 2.5 GX (DIESEL) 7 SEATER,11.2
Chennai,2011,121311,Diesel,Manual,First,20.0,108.0,VOLKSWAGEN,VENTO 1.5 TDI HIGHLINE,3.69
Coimbatore,2016,66296,Diesel,Manual,First,16.0,140.0,MAHINDRA,XUV500 W10 AWD,14.51
Mumbai,2015,41000,Petrol,Automatic,First,16.0,82.0,HYUNDAI,XCENT 1.2 KAPPA AT SX OPTION,5.63
Kochi,2017,38681,Diesel,Manual,First,13.0,157.0,FORD,ENDEAVOUR 2.2 TREND MT 4X4,21.29
Kochi,2008,43761,Petrol,Manual,First,18.0,62.0,CHEVROLET,SPARK 1.0 LT,-1.05
Hyderabad,2017,17400,Diesel,Manual,First,24.0,88.0,MARUTI,ERTIGA SHVS VDI,9.26
Bangalore,2013,61510,Diesel,Manual,First,25.0,98.0,HONDA,AMAZE S I-DTECH,3.32
Delhi,2014,60000,Petrol,Manual,First,17.0,117.0,HONDA,CITY I VTEC S,6.41
Bangalore,2014,35165,Diesel,Automatic,Second,23.0,112.0,MINI,COOPER COUNTRYMAN D,21.84
Kochi,2016,41617,Petrol,Automatic,First,14.0,138.0,TOYOTA,COROLLA ALTIS 2008-2013 1.8 VL AT,11.8
Kolkata,2005,45000,Petrol,Manual,First,17.0,97.0,HYUNDAI,SANTRO XING XL ERLX EURO III,-0.34
Delhi,2014,65000,Petrol,Automatic,First,13.0,157.0,SKODA,SUPERB ELEGANCE 1.8 TSI AT,10.2
Delhi,2011,68000,Petrol,Manual,First,18.0,67.0,MARUTI,WAGON R LXI BS IV,1.17
Mumbai,2013,49000,Petrol,Manual,First,19.0,68.0,HYUNDAI,I10 ERA 1.1,4.54
Coimbatore,2019,16698,Petrol,Manual,First,23.0,84.0,TATA,TIAGO 1.2 REVOTRON XT OPTION,7.54
Ahmedabad,2016,30965,Petrol,Manual,First,21.0,83.0,MARUTI,BALENO ZETA 1.2,5.81
Mumbai,2014,56058,Petrol,Manual,First,15.0,103.0,VOLKSWAGEN,VENTO 1.6 HIGHLINE,5.68
Pune,2017,15356,Petrol,Manual,First,18.0,81.0,HYUNDAI,GRAND I10 1.2 KAPPA SPORTZ OPTION,5.34
Delhi,2013,54000,Diesel,Manual,First,20.0,68.0,FORD,FIGO DIESEL EXI,3.63
Pune,2011,47000,Petrol,Automatic,Second,13.0,130.0,HONDA,CIVIC 2010-2013 1.8 V AT SUNROOF,5.05
Kochi,2015,21652,Petrol,Manual,First,22.0,47.0,MARUTI,ALTO 800 LXI,2.56
Hyderabad,2016,52000,Diesel,Automatic,First,15.0,177.0,LAND,ROVER RANGE ROVER EVOQUE 2.0 TD4 HSE DYNAMIC,47.85
Kolkata,2010,35010,Diesel,Automatic,First,12.0,179.0,AUDI,A6 2.7 TDI,13.31
Hyderabad,2006,76662,Diesel,Automatic,First,11.0,198.0,MERCEDES-BENZ,E-CLASS 280 CDI,9.98
Jaipur,2009,89000,Petrol,Automatic,First,17.0,118.0,HONDA,CITY 1.5 V AT EXCLUSIVE,3.0
Jaipur,2006,80000,Petrol,Automatic,Third,10.0,152.0,HONDA,CR-V 2.4 4WD AT,5.4
Kochi,2018,39023,Diesel,Manual,First,28.0,88.0,MARUTI,CIAZ 1.3 ALPHA,10.03
Jaipur,2004,62000,Petrol,Manual,Second,18.0,67.0,MARUTI,WAGON R LXI,-3.35
Jaipur,2015,78046,Diesel,Manual,First,19.0,126.0,HYUNDAI,CRETA 1.6 CRDI SX OPTION,11.53
Kolkata,2015,34400,Diesel,Manual,First,28.0,88.0,MARUTI,CIAZ VDI PLUS SHVS,6.47
Coimbatore,2016,64624,Petrol,Manual,First,21.0,55.0,HYUNDAI,EON D LITE PLUS,4.7
Mumbai,2014,69192,Petrol,Manual,First,16.0,93.0,MARUTI,ERTIGA VXI,6.06
Chennai,2012,55000,Diesel,Manual,First,20.0,103.0,VOLKSWAGEN,VENTO DIESEL HIGHLINE,4.97
Mumbai,2005,81000,Petrol,Manual,Second,12.0,100.0,HONDA,CITY 1.5 GXI,-1.25
Kochi,2016,36733,Petrol,Manual,First,16.0,73.0,VOLKSWAGEN,POLO PETROL TRENDLINE 1.2L,6.19
Kochi,2017,24310,CNG,Manual,First,33.0,40.0,MARUTI,ALTO 800 2016-2019 CNG LXI,3.61
Mumbai,2016,43022,Diesel,Automatic,First,17.0,136.0,MERCEDES-BENZ,GLA CLASS 200 CDI,23.75
Jaipur,2013,74000,Diesel,Manual,First,14.0,194.0,HYUNDAI,SANTA FE 4X2,13.8
Kolkata,2014,47000,Diesel,Manual,First,22.0,74.0,MARUTI,SWIFT VDI,5.32
Kochi,2017,37460,Petrol,Manual,First,18.0,81.0,HYUNDAI,ELITE I20 SPORTZ PLUS,6.63
Mumbai,2011,130000,Diesel,Manual,First,14.0,112.0,MAHINDRA,XYLO E8 BS IV,5.17
Coimbatore,2017,31576,Petrol,Manual,First,18.0,82.0,HYUNDAI,GRAND I10 ASTA OPTION,7.23
Mumbai,2011,66000,Petrol,Manual,First,15.0,103.0,VOLKSWAGEN,VENTO PETROL HIGHLINE,2.85
Mumbai,2008,79000,Petrol,Automatic,Second,11.0,177.0,HONDA,ACCORD 2.4 A/T,3.77
Bangalore,2011,47140,Diesel,Automatic,Second,13.0,281.0,MERCEDES-BENZ,S-CLASS S 350 D,31.71
Bangalore,2016,36610,Diesel,Automatic,First,15.0,107.0,MERCEDES-BENZ,B CLASS B200 CDI,19.92
Bangalore,2016,93000,Diesel,Manual,First,20.0,126.0,HYUNDAI,CRETA 1.6 SX OPTION DIESEL,12.11
Hyderabad,2007,52195,Petrol,Manual,First,19.0,46.0,MARUTI,ALTO LXI,-0.3
Mumbai,2016,20003,Diesel,Automatic,First,20.0,143.0,AUDI,A3 35 TDI PREMIUM,21.1
Delhi,2013,66314,Diesel,Manual,First,19.0,83.0,RENAULT,DUSTER 85PS DIESEL RXL,4.84
Chennai,2009,76000,Diesel,Manual,First,17.0,68.0,FORD,FIESTA 1.4 ZXI TDCI ABS,1.81
Bangalore,2015,29000,Diesel,Manual,First,19.0,126.0,HYUNDAI,CRETA 1.6 SX PLUS DIESEL,11.94
Mumbai,2011,30000,Diesel,Manual,First,20.0,68.0,FORD,FIGO DIESEL ZXI,2.09
Coimbatore,2013,56526,Petrol,Manual,First,15.0,103.0,VOLKSWAGEN,POLO PETROL HIGHLINE 1.6L,5.56
Hyderabad,2015,38000,Diesel,Automatic,Second,16.0,150.0,VOLVO,V40 D3 R DESIGN,21.04
Chennai,2012,41000,Diesel,Automatic,First,19.0,126.0,HYUNDAI,VERNA SX CRDI AT,6.02
Hyderabad,2009,53000,Diesel,Automatic,First,14.0,258.0,BMW,7 SERIES 2007-2012 730LD,32.76
Chennai,2003,125000,Diesel,Manual,Third,14.0,68.0,MITSUBISHI,LANCER GLXD,0.79
Chennai,2010,242000,Diesel,Manual,First,11.0,171.0,TOYOTA,FORTUNER 3.0 DIESEL,11.87
Chennai,2015,90000,Diesel,Manual,First,26.0,88.0,MARUTI,CIAZ VDI PLUS,6.68
Hyderabad,2018,11000,Diesel,Manual,First,24.0,88.0,MARUTI,VITARA BREZZA VDI OPTION,9.63
Kochi,2018,21936,Diesel,Automatic,First,21.0,190.0,BMW,3 SERIES LUXURY LINE,33.11
Pune,2013,41000,Petrol,Automatic,First,14.0,103.0,VOLKSWAGEN,VENTO PETROL HIGHLINE AT,5.26
Chennai,2011,47000,Petrol,Manual,First,17.0,80.0,HYUNDAI,I20 1.2 ASTA,1.67
Chennai,2009,110000,Diesel,Automatic,First,11.0,235.0,BMW,X5 3.0D,18.99
Coimbatore,2015,45960,Petrol,Manual,First,19.0,82.0,HYUNDAI,XCENT 1.2 KAPPA S,4.73
Bangalore,2013,48000,Diesel,Automatic,First,14.0,203.0,MERCEDES-BENZ,E-CLASS 2009-2013 E250 CDI BLUE EFFICIENCY,21.38
Hyderabad,2011,68000,Diesel,Automatic,First,12.0,147.0,LAND,ROVER FREELANDER 2 SE,19.76
Mumbai,2011,41000,Petrol,Manual,First,20.0,78.0,HYUNDAI,I10 MAGNA,2.24
Jaipur,2013,69573,Diesel,Manual,Second,22.0,126.0,HYUNDAI,VERNA 1.6 SX CRDI (O),5.57
Chennai,2012,115000,Diesel,Manual,First,19.0,138.0,VOLKSWAGEN,JETTA 2012-2014 2.0L TDI HIGHLINE,7.55
Kolkata,2012,47629,Diesel,Manual,First,15.0,140.0,MAHINDRA,XUV500 W8 2WD,7.04
Jaipur,2004,66624,Petrol,Manual,Third,19.0,35.0,MARUTI,OMNI 8 SEATER BSII,-3.93
Delhi,2013,80000,Petrol,Automatic,Second,14.0,177.0,SKODA,SUPERB STYLE 1.8 TSI AT,13.07
Pune,2012,94868,Diesel,Manual,First,22.0,74.0,MARUTI,SWIFT VDI,3.4
Mumbai,2010,76477,Diesel,Manual,First,10.0,120.0,MAHINDRA,SCORPIO 2.6 LX,5.47
Chennai,2016,28000,Petrol,Automatic,First,13.0,183.0,MERCEDES-BENZ,GLA CLASS 200 SPORT EDITION,25.68
Coimbatore,2017,28599,Diesel,Manual,First,16.0,105.0,MAHINDRA,THAR CRDE,9.97
Bangalore,2013,45348,Diesel,Manual,Second,19.0,108.0,RENAULT,DUSTER 110PS DIESEL RXZ,5.31
Coimbatore,2013,80127,Diesel,Automatic,First,12.0,167.0,AUDI,Q5 2008-2012 2.0 TDI,24.74
Delhi,2013,68000,Diesel,Automatic,Second,12.0,147.0,LAND,ROVER FREELANDER 2 SE,21.22
Pune,2012,75000,Diesel,Manual,Third,20.0,103.0,VOLKSWAGEN,VENTO DIESEL COMFORTLINE,4.76
Delhi,2006,48000,Petrol,Automatic,Second,11.0,306.0,BMW,5 SERIES 2003-2012 540I SEDAN,14.98
Coimbatore,2019,41871,Diesel,Manual,First,22.0,126.0,HYUNDAI,ELANTRA CRDI SX,13.68
Coimbatore,2015,84931,Diesel,Manual,First,15.0,83.0,TATA,SUMO EX,5.2
Kolkata,2016,15000,Petrol,Manual,First,22.0,53.0,DATSUN,REDI-GO T,2.39
Chennai,2009,110000,Diesel,Automatic,First,11.0,245.0,BMW,X5 XDRIVE 30D,26.15
Mumbai,2011,5900,Petrol,Automatic,First,7.0,450.0,BMW,6 SERIES 630I COUPE,46.99
Chennai,2002,103653,Petrol,Manual,Second,18.0,47.0,MARUTI,ALTO VXI 1.1,-3.2
Chennai,2012,64806,Petrol,Manual,First,16.0,73.0,VOLKSWAGEN,POLO PETROL COMFORTLINE 1.2L,2.86
Pune,2016,35000,Petrol,Manual,First,20.0,67.0,DATSUN,GO PLUS A,3.54
Bangalore,2016,40000,Petrol,Manual,First,15.0,121.0,HYUNDAI,CRETA 1.6 VTVT S,10.58
Kochi,2015,23876,Petrol,Manual,First,24.0,67.0,MARUTI,ALTO K10 VXI,3.67
Coimbatore,2013,67901,Diesel,Manual,First,14.0,194.0,HYUNDAI,SANTA FE 4X4,13.23
Pune,2014,68865,Diesel,Manual,First,15.0,103.0,VOLKSWAGEN,POLO GT TDI,8.01
Pune,2014,71000,Diesel,Manual,Second,25.0,98.0,HONDA,AMAZE S I-DTECH,3.81
Chennai,2004,95000,Petrol,Manual,First,15.0,97.0,MARUTI,ESTEEM VXI,-0.26
Kolkata,2014,25000,Diesel,Manual,First,22.0,74.0,MARUTI,SWIFT VDI,5.3
Hyderabad,2012,180000,Diesel,Manual,First,20.0,103.0,SKODA,RAPID 1.6 TDI AMBITION,4.5
Mumbai,2005,131000,Diesel,Automatic,First,11.0,198.0,MERCEDES-BENZ,E-CLASS 280 CDI,9.05
Delhi,2011,65000,Diesel,Manual,Second,12.0,120.0,MAHINDRA,SCORPIO SLE BSIV,4.29
Hyderabad,2012,117777,Diesel,Manual,First,21.0,84.0,NISSAN,SUNNY 2011-2014 DIESEL XL,3.51
Bangalore,2009,65000,Petrol,Manual,Second,17.0,85.0,MARUTI,SWIFT DZIRE VXI,0.54
Kochi,2017,46897,Petrol,Manual,First,21.0,55.0,HYUNDAI,EON SPORTZ,4.6
Coimbatore,2015,36695,Petrol,Manual,First,19.0,86.0,HONDA,BRIO S MT,5.04
Kolkata,2011,43000,Petrol,Manual,First,18.0,75.0,NISSAN,MICRA XV PRIMO,0.32
Mumbai,2008,54000,Petrol,Manual,First,19.0,46.0,MARUTI,ALTO LXI BSII,2.02
Hyderabad,2011,89000,Diesel,Automatic,First,22.0,190.0,BMW,3 SERIES 320D,13.72
Mumbai,2014,7000,Petrol,Manual,First,16.0,74.0,VOLKSWAGEN,POLO 1.2 MPI HIGHLINE,4.29
Hyderabad,2014,58470,Petrol,Manual,First,23.0,67.0,MARUTI,CELERIO LXI,3.37
Kolkata,2014,37000,Petrol,Manual,First,21.0,81.0,MARUTI,WAGON R VXI 1.2,2.95
Mumbai,2016,29000,Diesel,Manual,First,26.0,88.0,MARUTI,CIAZ ZDI PLUS,7.97
Hyderabad,2013,52000,Diesel,Automatic,First,16.0,147.0,AUDI,A4 2.0 TDI,16.58
Kolkata,2013,32807,Petrol,Manual,First,19.0,86.0,HONDA,BRIO S MT,3.07
Hyderabad,2013,86000,Diesel,Automatic,First,11.0,120.0,MAHINDRA,SCORPIO VLX 2WD AT BSIV,8.33
Delhi,2014,66500,Diesel,Manual,First,26.0,98.0,HONDA,CITY I DTEC V,5.65
Ahmedabad,2012,94000,Diesel,Automatic,First,17.0,184.0,BMW,X1 SDRIVE20D,14.66
Chennai,2011,29000,Petrol,Manual,Second,18.0,62.0,CHEVROLET,SPARK 1.0 LT,1.39
Chennai,2010,107389,Diesel,Manual,Second,20.0,68.0,FORD,FIGO DIESEL EXI,0.22
Ahmedabad,2015,36100,Petrol,Manual,First,20.0,81.0,MARUTI,SWIFT VXI BSIV,4.99
Mumbai,2015,16329,Diesel,Automatic,First,19.0,170.0,MERCEDES-BENZ,NEW C-CLASS C 220 CDI AVANTGARDE,24.47
Hyderabad,2014,36000,Diesel,Automatic,First,19.0,141.0,SKODA,OCTAVIA ELEGANCE 2.0 TDI AT,13.97
Kochi,2017,41816,Diesel,Automatic,First,18.0,190.0,BMW,X3 XDRIVE20D XLINE,31.79
Jaipur,2015,54680,Petrol,Manual,First,21.0,55.0,HYUNDAI,EON ERA PLUS,3.15
Hyderabad,2017,14000,Diesel,Automatic,First,18.0,187.0,AUDI,A4 35 TDI TECHNOLOGY,33.55
Kochi,2017,23977,Petrol,Manual,First,18.0,86.0,FORD,FIGO 2015-2019 1.2P TITANIUM MT,6.14
Hyderabad,2013,30131,Petrol,Manual,First,20.0,67.0,MARUTI,ALTO K10 2010-2014 VXI,3.3
Hyderabad,2017,2530,Petrol,Manual,First,24.0,47.0,MARUTI,ALTO 800 2016-2019 VXI,2.9
Hyderabad,2015,39000,Diesel,Automatic,First,19.0,167.0,MERCEDES-BENZ,NEW C-CLASS C 220 CDI STYLE,31.43
Chennai,2001,140000,Petrol,Manual,Third,20.0,68.0,HYUNDAI,SANTRO D LITE,-3.37
Kochi,2017,32257,Diesel,Manual,First,24.0,71.0,HYUNDAI,XCENT 1.1 CRDI S,6.39
Kochi,2016,46983,Diesel,Manual,First,25.0,98.0,HONDA,AMAZE S I-DTECH,6.26
Chennai,2008,107000,Diesel,Manual,Second,17.0,75.0,MARUTI,SWIFT VDI BSIII,1.1
Mumbai,2017,19000,Petrol,Manual,First,16.0,74.0,VOLKSWAGEN,POLO 1.2 MPI COMFORTLINE,7.2
Bangalore,2013,88000,Diesel,Automatic,First,17.0,174.0,AUDI,A4 2.0 TDI 177 BHP PREMIUM PLUS,19.29
Coimbatore,2012,84384,Diesel,Automatic,First,10.0,308.0,LAND,ROVER RANGE ROVER 3.6 TDV8 VOGUE SE,50.41
Chennai,2011,128000,Diesel,Manual,Third,16.0,140.0,MAHINDRA,XUV500 W8 2WD,6.51
Bangalore,2011,71000,Diesel,Manual,Third,13.0,141.0,FORD,ENDEAVOUR 2.5L 4X2,8.24
Kolkata,2008,50000,Diesel,Manual,First,17.0,53.0,TATA,INDICA V2 DLX,-0.72
Chennai,2016,16000,Petrol,Manual,First,21.0,83.0,MARUTI,BALENO ALPHA,6.74
Kolkata,2017,82000,Diesel,Manual,First,24.0,71.0,HYUNDAI,XCENT 1.1 CRDI BASE,5.65
Delhi,2008,80000,Petrol,Manual,First,13.0,130.0,HONDA,CIVIC 2006-2010 1.8 S MT,3.7
Delhi,2015,36000,Petrol,Manual,Second,18.0,81.0,HYUNDAI,I20 SPORTZ OPTION 1.2,4.84
Coimbatore,2018,17477,Petrol,Manual,First,17.0,108.0,TATA,NEXON 1.2 REVOTRON XZ PLUS,9.69
Coimbatore,2016,16725,Petrol,Manual,First,18.0,81.0,HYUNDAI,I20 SPORTZ 1.2,6.1
Mumbai,2014,48241,Petrol,Manual,First,19.0,85.0,MARUTI,SWIFT DZIRE ZXI,5.17
Kochi,2014,52431,Petrol,Manual,First,22.0,67.0,MARUTI,WAGON R LXI,6.37
Bangalore,2012,68000,Diesel,Manual,First,21.0,88.0,HYUNDAI,I20 SPORTZ 1.4 CRDI,3.63
Hyderabad,2012,158000,Diesel,Automatic,First,12.0,168.0,TOYOTA,FORTUNER 4X2 AT,16.69
Coimbatore,2014,31446,Petrol,Manual,First,20.0,78.0,HYUNDAI,I10 SPORTZ,4.69
Chennai,2015,25000,Petrol,Manual,First,18.0,82.0,HYUNDAI,GRAND I10 ASTA,4.45
Ahmedabad,2016,57000,Petrol,Manual,First,18.0,81.0,HYUNDAI,I20 ASTA 1.2,6.79
Hyderabad,2007,76000,Petrol,Automatic,First,17.0,97.0,HYUNDAI,SANTRO XING XL AT ERLX EURO II,1.22
Kochi,2018,57078,Diesel,Manual,First,24.0,88.0,MARUTI,VITARA BREZZA ZDI PLUS,9.82
Kochi,2016,47471,Diesel,Manual,First,25.0,98.0,HONDA,AMAZE S I-DTECH,6.26
Hyderabad,2014,50000,Diesel,Automatic,First,15.0,203.0,MERCEDES-BENZ,M-CLASS ML 250 CDI,30.93
Ahmedabad,2010,62000,Diesel,Manual,First,23.0,90.0,HYUNDAI,I20 SPORTZ DIESEL,2.27
Coimbatore,2013,65807,Petrol,Manual,First,19.0,68.0,HYUNDAI,I10 ERA,4.98
Hyderabad,2014,81768,Diesel,Manual,First,26.0,74.0,MARUTI,SWIFT DZIRE VDI,5.14
Kochi,2018,9952,Petrol,Automatic,First,10.0,306.0,BMW,Z4 2009-2013 ROADSTER 2.5I,51.05
Hyderabad,2017,24000,Diesel,Manual,First,27.0,74.0,MARUTI,BALENO ALPHA DIESEL,8.03
Hyderabad,2012,72921,Diesel,Manual,First,25.0,57.0,CHEVROLET,BEAT DIESEL,2.45
Pune,2012,59000,Petrol,Manual,First,19.0,86.0,HONDA,BRIO V MT,2.93
Mumbai,2014,33000,Diesel,Manual,Second,20.0,68.0,FORD,FIGO DIESEL TITANIUM,4.47
Pune,2016,36789,Petrol,Automatic,First,23.0,67.0,MARUTI,CELERIO VXI AT,5.59
Jaipur,2014,41000,Diesel,Automatic,First,14.0,170.0,MERCEDES-BENZ,NEW C-CLASS C 220 CDI ELEGANCE AT,19.94
Hyderabad,2007,71000,Petrol,Automatic,First,17.0,97.0,HYUNDAI,SANTRO XING XL AT ERLX EURO III,-0.56
Jaipur,2015,46650,Petrol,Manual,First,19.0,86.0,HONDA,BRIO S MT,5.05
Mumbai,2018,3000,Petrol,Automatic,First,21.0,83.0,MARUTI,BALENO ALPHA CVT,8.92
Coimbatore,2014,14799,Petrol,Manual,First,21.0,55.0,HYUNDAI,EON SPORTZ,1.61
Hyderabad,2015,68525,Diesel,Manual,First,23.0,90.0,HYUNDAI,I20 1.4 CRDI SPORTZ,7.18
Hyderabad,2018,15000,Diesel,Automatic,First,10.0,197.0,FORD,ENDEAVOUR 3.2 TITANIUM AT 4X4,30.54
Ahmedabad,2017,29000,Petrol,Manual,First,17.0,117.0,HONDA,CITY I-VTEC VX,10.43
Kochi,2012,77407,Diesel,Manual,Second,21.0,88.0,MARUTI,SX4 ZDI,3.33
Jaipur,2007,118000,Petrol,Manual,First,12.0,102.0,CHEVROLET,OPTRA MAGNUM 1.6 LS PETROL,0.82
Delhi,2013,75000,Diesel,Manual,First,20.0,103.0,VOLKSWAGEN,VENTO DIESEL HIGHLINE,5.97
Pune,2012,69000,Petrol,Manual,First,16.0,116.0,HONDA,CITY V MT,5.0
Kochi,2016,52553,Diesel,Manual,First,19.0,126.0,HYUNDAI,CRETA 1.6 CRDI SX OPTION,12.5
Mumbai,2014,58000,Diesel,Manual,Second,24.0,71.0,HYUNDAI,XCENT 1.1 CRDI SX,3.95
Mumbai,2017,24000,Diesel,Automatic,First,17.0,170.0,MERCEDES-BENZ,GLC 220D 4MATIC STYLE,44.07
Hyderabad,2015,65542,Diesel,Manual,First,20.0,68.0,FORD,FIGO DIESEL EXI,5.62
Ahmedabad,2013,68008,Diesel,Manual,Second,15.0,105.0,VOLKSWAGEN,JETTA 2007-2011 2.0 TDI TRENDLINE,7.93
Coimbatore,2017,22251,Diesel,Manual,First,18.0,100.0,MAHINDRA,TUV 300 2015-2019 T8,8.28
Chennai,2013,55000,Petrol,Manual,Second,15.0,110.0,FORD,ECOSPORT 1.5 TI VCT MT TITANIUM,5.26
Kochi,2017,19387,Petrol,Manual,First,17.0,121.0,HYUNDAI,VERNA 1.6 SX VTVT (O),9.38
Pune,2014,58000,CNG,Manual,First,26.0,58.0,MARUTI,WAGON R LXI CNG,3.66
Mumbai,2016,24001,Petrol,Manual,First,18.0,81.0,HYUNDAI,I20 SPORTZ 1.2,6.11
Kolkata,2008,17000,Diesel,Automatic,First,15.0,140.0,AUDI,A4 NEW 2.0 TDI MULTITRONIC,9.96
Delhi,2015,28500,Petrol,Manual,First,19.0,67.0,NISSAN,MICRA ACTIVE XV S,3.45
Jaipur,2014,66000,Diesel,Automatic,First,15.0,203.0,MERCEDES-BENZ,M-CLASS ML 250 CDI,30.95
Delhi,2017,22000,Diesel,Automatic,First,12.0,147.0,LAND,ROVER DISCOVERY SPORT TD4 S,37.15
Coimbatore,2018,44383,Petrol,Manual,First,15.0,121.0,HYUNDAI,CRETA 1.6 SX OPTION EXECUTIVE,12.86
Mumbai,2013,45000,Diesel,Manual,First,20.0,103.0,SKODA,RAPID 1.6 TDI ACTIVE,4.79
Jaipur,2015,58000,Diesel,Manual,First,23.0,74.0,MARUTI,SWIFT DZIRE VDI,6.58
Delhi,2016,69000,Petrol,Manual,First,15.0,121.0,HYUNDAI,CRETA 1.6 SX,10.06
Coimbatore,2017,60993,Diesel,Manual,First,24.0,70.0,HYUNDAI,GRAND I10 CRDI SPORTZ,6.75
Pune,2016,67000,Diesel,Manual,First,18.0,100.0,MAHINDRA,TUV 300 T8,7.04
Kochi,2014,51134,Diesel,Manual,First,24.0,70.0,HYUNDAI,GRAND I10 CRDI SPORTZ,3.79
Chennai,2011,55000,Diesel,Automatic,Second,11.0,245.0,BMW,X5 XDRIVE 30D,27.57
Coimbatore,2018,25082,Diesel,Automatic,First,28.0,73.0,MARUTI,DZIRE AMT VDI,8.84
Delhi,2012,68350,Diesel,Manual,First,12.0,168.0,TOYOTA,FORTUNER 4X4 MT,18.65
Hyderabad,2015,50000,Diesel,Automatic,First,17.0,174.0,AUDI,A6 2011-2015 35 TDI TECHNOLOGY,31.75
Pune,2015,97000,Diesel,Manual,First,27.0,98.0,HONDA,JAZZ 1.5 V I DTEC,5.79
Coimbatore,2015,56238,Diesel,Automatic,First,11.0,335.0,AUDI,Q7 4.2 TDI QUATTRO TECHNOLOGY,44.1
Jaipur,2014,72618,Diesel,Manual,First,12.0,120.0,MAHINDRA,SCORPIO 2009-2014 VLX 2WD 7S BSIV,8.45
Hyderabad,2012,62005,Diesel,Manual,First,18.0,147.0,CHEVROLET,CRUZE LTZ,3.87
Hyderabad,2012,61250,Diesel,Manual,First,25.0,57.0,CHEVROLET,BEAT DIESEL LT,2.23
Coimbatore,2014,28469,Diesel,Automatic,First,18.0,187.0,AUDI,A4 35 TDI PREMIUM PLUS,21.02
Kochi,2018,21488,Petrol,Automatic,First,14.0,103.0,SKODA,RAPID 1.6 MPI AT STYLE,10.19
Pune,2014,197000,Diesel,Manual,First,23.0,74.0,MARUTI,SWIFT DZIRE VDI,5.73
Pune,2009,138205,Diesel,Manual,Second,11.0,171.0,TOYOTA,FORTUNER 3.0 DIESEL,10.28
Jaipur,2012,160000,Diesel,Manual,Second,22.0,74.0,MARUTI,SWIFT VDI,2.96
Coimbatore,2012,67590,Petrol,Manual,First,17.0,118.0,HONDA,CITY 1.5 V MT EXCLUSIVE,4.72
Mumbai,2012,52000,Diesel,Automatic,First,15.0,203.0,MERCEDES-BENZ,M-CLASS ML 250 CDI,28.96
Bangalore,2008,100000,Diesel,Manual,Second,17.0,75.0,MARUTI,SWIFT LDI BSIII,2.4
Kolkata,2017,60048,Diesel,Manual,First,26.0,99.0,FORD,ASPIRE TITANIUM DIESEL,7.41
Mumbai,2009,48000,Petrol,Manual,First,20.0,78.0,HYUNDAI,I10 SPORTZ,-0.23
Kolkata,2010,47000,Petrol,Manual,First,14.0,97.0,FIAT,PUNTO 1.4 EMOTION,1.8
Jaipur,2011,100000,Petrol,Manual,First,19.0,46.0,MARUTI,ALTO LXI,3.7
Coimbatore,2013,62601,Diesel,Manual,First,23.0,97.0,TOYOTA,ETIOS LIVA GD,5.63
Bangalore,2006,80010,Petrol,Manual,Second,20.0,81.0,MARUTI,SWIFT VXI BSIV,-4.35
Coimbatore,2017,26493,Diesel,Automatic,First,19.0,170.0,MERCEDES-BENZ,NEW C-CLASS C 220 CDI AVANTGARDE,26.45
Hyderabad,2011,96000,Diesel,Manual,Second,17.0,52.0,TATA,INDICA V2 DLE BSIII,-0.71
Jaipur,2014,45700,Petrol,Manual,Second,22.0,47.0,MARUTI,ALTO 800 VXI,0.79
Kolkata,2005,13000,Petrol,Automatic,First,9.0,193.0,SKODA,SUPERB 2.8 V6 AT,4.17
Kolkata,2013,38000,Petrol,Manual,First,16.0,73.0,VOLKSWAGEN,POLO PETROL COMFORTLINE 1.2L,3.82
Coimbatore,2019,8018,Petrol,Automatic,First,22.0,81.0,MARUTI,DZIRE AMT ZXI PLUS,9.59
Bangalore,2010,144400,Diesel,Manual,Third,12.0,120.0,MAHINDRA,SCORPIO VLX,5.54
Jaipur,2010,152000,Diesel,Manual,First,17.0,75.0,MARUTI,SWIFT VDI BSIII,3.61
Pune,2013,71000,Diesel,Automatic,First,18.0,184.0,BMW,3 SERIES 320D PRESTIGE,18.32
Jaipur,2012,80000,Petrol,Manual,Second,25.0,37.0,TATA,NANO STD SE,-1.43
Mumbai,2014,87143,Diesel,Manual,First,12.0,100.0,TOYOTA,INNOVA 2.5 VX (DIESEL) 8 SEATER,10.89
Mumbai,2012,25000,Petrol,Manual,First,18.0,86.0,HONDA,BRIO S OPTION MT,2.69
Pune,2018,2000,Petrol,Automatic,First,23.0,83.0,TATA,TIAGO AMT 1.2 REVOTRON XZA,5.85
Kochi,2014,45239,Diesel,Manual,First,12.0,120.0,MAHINDRA,SCORPIO SLE BSIV,7.73
Hyderabad,2011,101999,Diesel,Automatic,First,16.0,218.0,BMW,5 SERIES 2003-2012 525D,18.66
Mumbai,2014,74219,Diesel,Manual,First,21.0,87.0,TOYOTA,COROLLA ALTIS D-4D GL,11.19
Mumbai,2016,25000,Petrol,Automatic,First,18.0,117.0,HONDA,CITY I VTEC CVT VX,9.87
Hyderabad,2008,109606,Diesel,Manual,First,22.0,126.0,HYUNDAI,VERNA CRDI 1.6 SX OPTION,1.75
Kolkata,2015,36000,Diesel,Manual,First,26.0,74.0,MARUTI,SWIFT DZIRE VDI OPTIONAL,5.29
Coimbatore,2016,41810,Petrol,Manual,First,20.0,91.0,MARUTI,CIAZ ZXI,7.42
Jaipur,2014,93321,Diesel,Manual,First,22.0,89.0,FORD,ECOSPORT 1.5 DV5 MT TITANIUM,6.38
Hyderabad,2011,81000,Petrol,Manual,First,20.0,67.0,MARUTI,ALTO K10 2010-2014 VXI,1.38
Kochi,2019,25717,Petrol,Automatic,First,19.0,88.0,HONDA,AMAZE V CVT PETROL,9.0
Delhi,2015,37000,Diesel,Manual,First,15.0,140.0,MAHINDRA,XUV500 W6 2WD,9.62
Coimbatore,2017,56380,Diesel,Manual,First,18.0,100.0,MAHINDRA,TUV 300 2015-2019 T8,8.31
Chennai,2017,8000,Petrol,Manual,First,18.0,88.0,HONDA,JAZZ VX,7.34
Kochi,2018,14589,Petrol,Manual,First,16.0,88.0,MARUTI,SWIFT VXI BSIII W/ ABS,8.73
Delhi,2013,65088,Petrol,Manual,First,16.0,73.0,VOLKSWAGEN,POLO PETROL HIGHLINE 1.2L,4.81
Coimbatore,2019,24864,Diesel,Manual,First,20.0,126.0,HYUNDAI,CRETA 1.6 SX OPTION DIESEL,15.0
Coimbatore,2011,64831,Petrol,Manual,First,18.0,79.0,CHEVROLET,BEAT LS,1.81
Kolkata,2013,38001,Diesel,Manual,First,25.0,98.0,HONDA,AMAZE VX I-DTEC,3.46
Mumbai,2008,77000,Petrol,Automatic,Second,10.0,157.0,MERCEDES-BENZ,E-CLASS 230 E AT,8.67
Hyderabad,2016,27000,Diesel,Automatic,First,18.0,265.0,BMW,5 SERIES 530D M SPORT,33.3
Mumbai,2016,39000,Diesel,Automatic,First,20.0,143.0,AUDI,A3 35 TDI PREMIUM PLUS,20.89
Pune,2015,131000,Diesel,Manual,First,26.0,74.0,MARUTI,SWIFT DZIRE VDI,6.17
Kolkata,2015,43000,Diesel,Manual,First,26.0,74.0,MARUTI,SWIFT DZIRE VDI,6.09
Pune,2011,68000,Diesel,Manual,Second,12.0,102.0,TOYOTA,INNOVA 2.5 V DIESEL 7-SEATER,8.82
Bangalore,2016,45165,Diesel,Automatic,First,16.0,184.0,BMW,X3 XDRIVE20D,30.67
Hyderabad,2007,120000,Diesel,Automatic,First,16.0,218.0,BMW,5 SERIES 2003-2012 525D,14.74
Coimbatore,2014,86091,Diesel,Manual,First,15.0,140.0,MAHINDRA,XUV500 W8 2WD,9.05
Delhi,2009,71499,Petrol,Manual,First,17.0,118.0,HONDA,CITY 1.5 S MT,2.16
Chennai,2014,50000,Diesel,Manual,First,17.0,139.0,FORCE,ONE LX 4X4,10.41
Jaipur,2015,66000,Diesel,Manual,First,20.0,88.0,VOLKSWAGEN,POLO 1.5 TDI COMFORTLINE,4.85
Kolkata,2010,45000,Petrol,Manual,First,16.0,90.0,HONDA,JAZZ S,2.13
Hyderabad,2015,69189,Diesel,Manual,First,23.0,67.0,TOYOTA,ETIOS LIVA GD SP,5.2
Mumbai,2014,40206,Diesel,Manual,First,19.0,108.0,NISSAN,TERRANO XV PREMIUM 110 PS,7.19
Kochi,2017,36723,Diesel,Automatic,First,18.0,190.0,BMW,X3 XDRIVE 20D XLINE,31.13
Mumbai,2010,57500,Petrol,Manual,First,18.0,80.0,HYUNDAI,I20 1.2 MAGNA,2.33
Kochi,2018,43912,CNG,Manual,First,15.0,73.0,MARUTI,EECO 5 STR WITH AC PLUS HTR CNG,6.25
Hyderabad,2011,52000,Diesel,Manual,First,17.0,68.0,FORD,FIESTA EXI 1.4 TDCI LTD,3.31
Kochi,2014,60952,Petrol,Automatic,First,16.0,118.0,HONDA,CITY 1.5 V AT,7.03
Chennai,2013,87192,Diesel,Manual,First,25.0,74.0,MARUTI,SWIFT VDI BSIV,3.15
Delhi,2014,58000,Diesel,Manual,First,24.0,70.0,HYUNDAI,GRAND I10 CRDI SPORTZ EDITION,3.76
Pune,2017,59500,Diesel,Automatic,First,14.0,245.0,AUDI,Q7 45 TDI QUATTRO TECHNOLOGY,60.51
Mumbai,2016,16650,Petrol,Manual,First,17.0,74.0,VOLKSWAGEN,AMEO 1.2 MPI HIGHLINE 16 ALLOY,4.79
Kochi,2018,34696,Petrol,Automatic,First,18.0,117.0,HONDA,CITY I VTEC CVT VX,11.85
Kochi,2018,42243,Diesel,Manual,First,27.0,74.0,MARUTI,BALENO ALPHA 1.3,8.34
Jaipur,2016,57824,Diesel,Manual,First,24.0,70.0,HYUNDAI,GRAND I10 CRDI SPORTZ,5.77
Jaipur,2011,110000,Diesel,Manual,First,19.0,73.0,MARUTI,SWIFT DZIRE VDI,3.23
Delhi,2006,63000,Petrol,Manual,First,16.0,97.0,MARUTI,SWIFT 1.3 VXI,0.12
Delhi,2013,72000,Diesel,Automatic,First,0.0,115.0,LAND,ROVER FREELANDER 2 TD4 HSE,23.47
Hyderabad,2013,63455,Diesel,Manual,First,11.0,171.0,TOYOTA,FORTUNER 3.0 DIESEL,14.66
Hyderabad,2017,17151,Diesel,Manual,First,27.0,98.0,HONDA,JAZZ VX DIESEL,8.11
Pune,2016,31001,Diesel,Manual,First,24.0,88.0,MARUTI,VITARA BREZZA LDI OPTION,7.6
Kolkata,2014,42109,Diesel,Manual,First,23.0,74.0,MARUTI,SWIFT DZIRE VDI,5.58
Delhi,2015,55000,Diesel,Automatic,Second,21.0,103.0,SKODA,RAPID 1.5 TDI AT ELEGANCE,6.76
Hyderabad,2013,46000,Diesel,Automatic,Second,0.0,115.0,LAND,ROVER FREELANDER 2 TD4 SE,21.4
Hyderabad,2013,30852,Petrol,Manual,First,22.0,47.0,MARUTI,ALTO 800 LXI,0.59
Pune,2011,65000,Petrol,Manual,Second,16.0,73.0,VOLKSWAGEN,POLO PETROL HIGHLINE 1.2L,2.33
Delhi,2015,65000,Diesel,Manual,First,26.0,98.0,HONDA,CITY I DTEC SV,6.68
Delhi,2013,72000,Diesel,Manual,First,23.0,74.0,MARUTI,SWIFT DZIRE LDI,3.18
Bangalore,2014,29000,Diesel,Automatic,First,17.0,174.0,AUDI,A4 2.0 TDI 177 BHP TECHNOLOGY EDITION,25.1
Kolkata,2015,32000,Petrol,Manual,First,17.0,117.0,HONDA,CITY I VTEC VX,7.59
Chennai,2016,29875,Petrol,Manual,First,18.0,86.0,FORD,FIGO ASPIRE 1.2 TI-VCT AMBIENTE,6.15
Kochi,2018,32539,Diesel,Manual,First,24.0,88.0,MARUTI,VITARA BREZZA LDI,9.32
Hyderabad,2015,83090,Diesel,Manual,First,19.0,108.0,RENAULT,DUSTER 110PS DIESEL RXL,8.12
Hyderabad,2016,62679,Diesel,Manual,First,21.0,88.0,HYUNDAI,I20 ACTIVE 1.4 SX,6.81
Mumbai,2010,93000,Petrol,Manual,First,15.0,75.0,MAHINDRA,LOGAN PETROL 1.4 GLE,0.35
Mumbai,2006,44000,Petrol,Manual,First,17.0,78.0,HONDA,CITY ZX GXI,0.7
Bangalore,2010,78400,Petrol,Manual,Second,15.0,70.0,FORD,FIGO PETROL EXI,1.31
Mumbai,2014,71300,Petrol,Manual,First,13.0,102.0,RENAULT,DUSTER PETROL RXL,5.75
Kolkata,2015,18000,Petrol,Manual,First,20.0,78.0,HYUNDAI,I10 SPORTZ 1.2,6.77
Coimbatore,2019,24013,Diesel,Automatic,First,12.0,148.0,LAND,ROVER DISCOVERY SPORT TD4 HSE 7S,50.73
Ahmedabad,2009,99100,Petrol,Automatic,Second,9.0,208.0,AUDI,Q5 2008-2012 2.0 TFSI QUATTRO,15.09
Mumbai,2003,62000,Petrol,Manual,Second,11.0,83.0,MARUTI,VERSA DX2 BS II,-1.06
Kolkata,2017,14000,Diesel,Manual,First,26.0,74.0,MARUTI,SWIFT DZIRE ZDI,8.67
Coimbatore,2015,44811,Diesel,Automatic,First,17.0,174.0,AUDI,A4 2.0 TDI PREMIUM SPORT LIMITED EDITION,25.02
Ahmedabad,2014,44000,Petrol,Manual,First,16.0,74.0,VOLKSWAGEN,POLO 1.2 MPI COMFORTLINE,4.26
Chennai,2010,136000,Diesel,Manual,Second,11.0,171.0,TOYOTA,FORTUNER 3.0 DIESEL,11.26
Jaipur,2010,144113,Diesel,Manual,Second,11.0,171.0,TOYOTA,FORTUNER 3.0 DIESEL,11.27
Coimbatore,2012,94989,Petrol,Manual,First,12.0,177.0,HONDA,ACCORD 2.4 MT,8.02
Chennai,2012,58133,Diesel,Manual,First,22.0,74.0,MARUTI,SWIFT ZDI,4.19
Pune,2008,61000,Petrol,Manual,Second,17.0,70.0,SKODA,FABIA 1.2 MPI CLASSIC,-3.44
Kolkata,2017,27000,Diesel,Manual,First,17.0,170.0,JEEP,COMPASS 2.0 SPORT,16.4
Ahmedabad,2014,18050,Petrol,Manual,Second,25.0,37.0,TATA,NANO TWIST XT,0.82
Hyderabad,2007,145277,Petrol,Manual,First,15.0,101.0,FORD,FIESTA 1.6 ZXI ABS,0.93
Ahmedabad,2015,42000,Diesel,Manual,First,27.0,47.0,MARUTI,CELERIO ZDI,3.52
Delhi,2011,86000,Diesel,Manual,First,11.0,171.0,TOYOTA,FORTUNER 3.0 DIESEL,12.71
Ahmedabad,2015,42150,Diesel,Manual,First,27.0,47.0,MARUTI,CELERIO ZDI,3.52
Pune,2015,30158,Petrol,Manual,First,21.0,55.0,HYUNDAI,EON ERA PLUS,3.13
Bangalore,2011,47000,Diesel,Manual,Second,23.0,90.0,FORD,FIESTA DIESEL TREND,4.79
Ahmedabad,2013,39000,Petrol,Manual,First,16.0,74.0,VOLKSWAGEN,POLO 1.2 MPI COMFORTLINE,3.27
Coimbatore,2016,32125,Petrol,Manual,First,16.0,74.0,VOLKSWAGEN,POLO 1.2 MPI COMFORTLINE,6.22
Coimbatore,2017,58829,Diesel,Manual,First,24.0,88.0,MARUTI,VITARA BREZZA ZDI,9.58
Coimbatore,2013,67559,Petrol,Manual,First,19.0,86.0,HONDA,BRIO S MT,3.1
Pune,2013,55000,Petrol,Manual,First,17.0,85.0,MARUTI,SWIFT DZIRE VXI,4.98
Kolkata,2018,30000,Petrol,Manual,First,23.0,67.0,MARUTI,CELERIO LXI MT,5.15
Mumbai,2016,28000,Petrol,Automatic,First,13.0,121.0,HYUNDAI,CRETA 1.6 SX PLUS PETROL AUTOMATIC,11.71
Kochi,2016,31826,Diesel,Manual,First,22.0,89.0,FORD,ECOSPORT 1.5 DV5 MT TITANIUM,8.29
Hyderabad,2016,64000,Diesel,Manual,First,17.0,97.0,MARUTI,SWIFT VDI BSIV W ABS,7.98
Jaipur,2008,100009,Petrol,Manual,Second,13.0,141.0,HONDA,CR-V RVI MT,4.75
Coimbatore,2019,17201,Diesel,Automatic,First,12.0,187.0,LAND,ROVER DISCOVERY SPORT SD4 HSE LUXURY 7S,51.38
Delhi,2014,74345,Diesel,Manual,First,15.0,140.0,MAHINDRA,XUV500 W8 2WD,9.04
Kochi,2015,58134,Petrol,Manual,First,16.0,74.0,VOLKSWAGEN,POLO 1.2 MPI HIGHLINE,5.32
Kochi,2010,30566,Petrol,Automatic,First,19.0,80.0,HYUNDAI,I10 MAGNA AT,3.52
Chennai,2012,55231,Petrol,Manual,Second,20.0,78.0,HYUNDAI,I10 MAGNA 1.2,2.78
Kochi,2016,67774,Diesel,Automatic,First,14.0,163.0,CHEVROLET,CRUZE LTZ AT,10.26
Mumbai,2013,50319,Petrol,Automatic,First,12.0,181.0,MERCEDES-BENZ,E-CLASS E 200 CGI,22.45
Ahmedabad,2013,45000,Petrol,Manual,First,11.0,134.0,HYUNDAI,SONATA 2.4 GDI,8.4
Kolkata,2007,43627,Petrol,Automatic,First,11.0,186.0,MERCEDES-BENZ,NEW C-CLASS C 200 KOMPRESSOR ELEGANCE AT,17.73
Kolkata,2013,45000,Diesel,Manual,First,22.0,73.0,VOLKSWAGEN,POLO DIESEL TRENDLINE 1.2L,4.49
Mumbai,2014,10500,Petrol,Manual,First,17.0,117.0,HONDA,CITY I VTEC SV,5.47
Coimbatore,2017,21789,Diesel,Manual,First,24.0,88.0,MARUTI,VITARA BREZZA ZDI,9.55
Coimbatore,2019,21134,Petrol,Manual,First,18.0,81.0,HYUNDAI,ELITE I20 ASTA OPTION,9.13
Kolkata,2011,90000,Diesel,Manual,Second,13.0,138.0,TATA,NEW SAFARI DICOR EX 4X2,4.73
Kochi,2014,51553,Diesel,Manual,First,21.0,84.0,NISSAN,SUNNY 2011-2014 DIESEL XL,5.42
Delhi,2011,31000,Petrol,Automatic,First,10.0,215.0,BMW,3 SERIES 330 CI CONVERTIBLE,28.43
Delhi,2011,67422,Petrol,Manual,Second,14.0,138.0,TOYOTA,COROLLA 1.8 J,4.78
Kochi,2015,60519,Diesel,Manual,First,22.0,126.0,HYUNDAI,VERNA 1.6 SX,8.14
Kolkata,2009,34000,Diesel,Manual,First,19.0,73.0,MARUTI,SWIFT DZIRE VDI,1.19
Hyderabad,2013,68434,Diesel,Manual,First,28.0,73.0,MARUTI,DZIRE VDI,4.18
Pune,2014,17000,Petrol,Manual,First,24.0,67.0,MARUTI,ALTO K10 VXI,2.68
Coimbatore,2011,43686,Petrol,Automatic,First,10.0,503.0,JAGUAR,XJ 5.0 L V8 SUPERCHARGED,52.54
Kolkata,2012,22000,Diesel,Automatic,First,14.0,170.0,MERCEDES-BENZ,NEW C-CLASS 220 CDI AT,15.29
Mumbai,2013,79225,Diesel,Manual,First,22.0,126.0,HYUNDAI,VERNA CRDI 1.6 SX OPTION,6.65
Pune,2007,63000,Petrol,Manual,Third,14.0,102.0,CHEVROLET,AVEO 1.6 LT,0.18
Hyderabad,2014,61922,Petrol,Manual,First,20.0,81.0,MARUTI,SWIFT VXI BSIV,4.03
Chennai,2015,85000,Diesel,Manual,First,23.0,126.0,HYUNDAI,VERNA 1.6 CRDI S,7.65
Kochi,2017,26192,Diesel,Automatic,First,17.0,168.0,MERCEDES-BENZ,GLC 220D CELEBRATION EDITION,27.2
Delhi,2013,65000,Diesel,Manual,First,13.0,168.0,TOYOTA,FORTUNER 4X2 MANUAL,16.92
Delhi,2014,44999,Diesel,Automatic,First,12.0,167.0,AUDI,Q5 2008-2012 2.0 TDI,25.69
Mumbai,2008,81308,Diesel,Automatic,Second,13.0,170.0,BMW,3 SERIES 320D DYNAMIC,18.61
Delhi,2016,35000,Petrol,Manual,First,24.0,47.0,MARUTI,ALTO 800 2016-2019 LXI,3.07
Coimbatore,2012,65349,Petrol,Manual,First,20.0,67.0,MARUTI,ALTO K10 2010-2014 VXI,2.35
Hyderabad,2012,80000,Petrol,Automatic,First,15.0,167.0,AUDI,A4 1.8 TFSI TECHNOLOGY EDITION,20.93
Mumbai,2012,61000,Petrol,Manual,First,16.0,85.0,MARUTI,SWIFT VXI BSIV,3.06
Kochi,2019,31817,Petrol,Manual,First,22.0,67.0,MARUTI,WAGON R VXI,8.87
Hyderabad,2016,41000,Diesel,Manual,First,21.0,103.0,SKODA,RAPID 1.5 TDI AMBITION,8.73
Kochi,2010,82606,Petrol,Manual,Second,16.0,90.0,HONDA,JAZZ S,1.66
Ahmedabad,2015,52000,Diesel,Manual,First,16.0,140.0,MAHINDRA,XUV500 W10 2WD,12.28
Coimbatore,2011,50318,Petrol,Manual,First,18.0,85.0,MARUTI,RITZ VXI,2.38
Hyderabad,2016,50000,Diesel,Automatic,First,17.0,201.0,MERCEDES-BENZ,GLE 250D,50.69
Bangalore,2012,72000,Diesel,Manual,First,20.0,103.0,SKODA,RAPID 1.6 TDI AMBITION,4.4
Delhi,2015,63776,Diesel,Manual,First,24.0,70.0,HYUNDAI,GRAND I10 CRDI MAGNA,4.77
Mumbai,2015,28133,Petrol,Manual,First,18.0,81.0,HYUNDAI,ELITE I20 PETROL ASTA,5.78
Kolkata,2017,45000,Diesel,Manual,First,22.0,74.0,TATA,ZEST QUADRAJET 1.3 75PS XE,4.49
Jaipur,2015,55697,Diesel,Manual,First,22.0,88.0,HYUNDAI,I20 MAGNA 1.4 CRDI,5.85
Delhi,2012,62000,Diesel,Manual,Second,20.0,103.0,SKODA,RAPID 1.6 TDI ELEGANCE,3.97
Mumbai,2011,48000,Petrol,Manual,First,16.0,90.0,FIAT,LINEA EMOTION,2.66
Pune,2010,90246,Petrol,Manual,First,16.0,88.0,MARUTI,SWIFT VXI BSIII W/ ABS,0.91
Hyderabad,2015,80500,Diesel,Manual,First,25.0,69.0,TATA,INDICA V2 2001-2011 ELS,3.06
Pune,2012,119000,Diesel,Automatic,First,14.0,170.0,MERCEDES-BENZ,NEW C-CLASS C 220 CDI ELEGANCE AT,18.04
Bangalore,2016,28541,Diesel,Automatic,First,11.0,254.0,MERCEDES-BENZ,GLE 350D,60.04
Kolkata,2008,45500,Petrol,Manual,Second,0.0,97.0,HYUNDAI,SANTRO XING XP,2.92
Chennai,2012,41000,Petrol,Manual,Second,16.0,116.0,HONDA,CITY V MT AVN,4.55
Mumbai,2010,58000,Petrol,Manual,Second,18.0,80.0,HYUNDAI,I20 MAGNA,1.68
Chennai,2015,99000,Diesel,Manual,First,13.0,168.0,TOYOTA,FORTUNER 4X2 MANUAL,18.92
Delhi,2014,31200,Petrol,Manual,First,18.0,82.0,HYUNDAI,GRAND I10 MAGNA,3.38
Chennai,2009,85000,Diesel,Manual,Second,15.0,105.0,VOLKSWAGEN,JETTA 2007-2011 2.0 TDI COMFORTLINE,3.19
Hyderabad,2016,60924,Petrol,Automatic,First,15.0,110.0,FORD,ECOSPORT 1.5 TI VCT AT TITANIUM,8.03
Chennai,2012,45000,Petrol,Manual,First,21.0,55.0,HYUNDAI,EON MAGNA PLUS,0.08
Kolkata,2011,44000,Petrol,Automatic,First,19.0,75.0,NISSAN,MICRA XV CVT,1.31
Kochi,2016,30534,Petrol,Automatic,First,19.0,88.0,HONDA,JAZZ 1.2 V CVT I VTEC,6.7
Kochi,2016,46399,Petrol,Manual,First,16.0,74.0,VOLKSWAGEN,POLO 1.2 MPI TRENDLINE,5.25
Kolkata,2008,42000,Petrol,Manual,First,19.0,46.0,MARUTI,ALTO LXI,0.68
Delhi,2011,67000,Diesel,Manual,First,22.0,126.0,HYUNDAI,VERNA 1.6 SX,4.2
Mumbai,2013,58000,Diesel,Automatic,First,10.0,170.0,MERCEDES-BENZ,E-CLASS 2009-2013 E 220 CDI AVANTGARDE,20.44
Coimbatore,2015,27000,Petrol,Manual,First,17.0,88.0,TATA,ZEST REVOTRON 1.2 XT,5.05
Mumbai,2012,39566,Petrol,Manual,Second,18.0,86.0,HONDA,BRIO S OPTION MT,2.2
Chennai,2016,14980,Diesel,Manual,First,27.0,98.0,HONDA,JAZZ VX DIESEL,7.12
Jaipur,2017,18491,Petrol,Automatic,First,24.0,67.0,MARUTI,ALTO K10 VXI AGS,4.8
Jaipur,2000,90000,Petrol,Manual,Second,17.0,60.0,MARUTI,ZEN VXI - BS III,-3.78
Pune,2015,118211,Diesel,Manual,First,22.0,88.0,HYUNDAI,I20 SPORTZ 1.4 CRDI,6.48
Coimbatore,2016,63316,Diesel,Manual,First,22.0,118.0,MARUTI,SX4 S CROSS DDIS 320 ZETA,9.33
Delhi,2014,42000,Diesel,Automatic,First,14.0,203.0,MERCEDES-BENZ,E-CLASS 2009-2013 E250 CDI ELEGANCE,25.67
Kochi,2015,25648,Petrol,Manual,First,13.0,98.0,CHEVROLET,ENJOY PETROL LS 7 SEATER,5.06
Delhi,2011,67612,Diesel,Automatic,Second,14.0,203.0,MERCEDES-BENZ,E-CLASS 2009-2013 E250 CDI BLUE EFFICIENCY,18.92
Mumbai,2016,33000,Diesel,Manual,First,16.0,140.0,MAHINDRA,XUV500 W4,10.49
Mumbai,2015,20000,Petrol,Manual,First,20.0,78.0,HYUNDAI,I10 SPORTZ,5.67
Pune,2007,143000,Petrol,Manual,Second,14.0,82.0,HYUNDAI,GETZ 1.3 GLS,-0.27
Coimbatore,2014,118218,Diesel,Automatic,First,12.0,241.0,AUDI,Q7 3.0 TDI QUATTRO,29.57
Pune,2012,99000,Diesel,Manual,Third,12.0,120.0,MAHINDRA,SCORPIO SLE BSIV,6.35
Pune,2016,22700,Petrol,Manual,First,18.0,88.0,HONDA,JAZZ 1.2 SV I VTEC,5.85
Jaipur,2017,28000,Diesel,Manual,First,14.0,138.0,TATA,SAFARI STORME 2012-2015 EX,12.12
Kolkata,2014,62000,Diesel,Manual,First,15.0,140.0,MAHINDRA,XUV500 W6 2WD,8.65
Hyderabad,2012,107023,Diesel,Manual,First,22.0,73.0,VOLKSWAGEN,POLO DIESEL COMFORTLINE 1.2L,3.35
Delhi,2012,71082,Diesel,Manual,First,19.0,73.0,MARUTI,SWIFT DZIRE ZDI,4.82
Mumbai,2013,60000,Diesel,Automatic,First,15.0,174.0,AUDI,Q3 2.0 TDI,21.51
Delhi,2014,21701,Petrol,Manual,First,23.0,67.0,MARUTI,CELERIO ZXI,3.21
Mumbai,2011,56000,Petrol,Manual,First,16.0,116.0,HONDA,CITY V MT EXCLUSIVE,3.68
Delhi,2016,32450,Petrol,Manual,First,18.0,81.0,HYUNDAI,I20 1.2 SPOTZ,5.81
Jaipur,2016,12500,Petrol,Manual,First,25.0,53.0,RENAULT,KWID RXT,2.9
Kochi,2019,20483,Diesel,Automatic,First,17.0,136.0,MERCEDES-BENZ,CLA 200 CDI SPORT,28.59
Hyderabad,2014,45800,Diesel,Manual,First,22.0,89.0,FORD,ECOSPORT 1.5 DV5 MT TITANIUM,6.33
Coimbatore,2015,35441,Petrol,Manual,First,18.0,81.0,HYUNDAI,I20 ASTA 1.2,5.78
Bangalore,2015,86398,Diesel,Manual,First,12.0,100.0,TOYOTA,INNOVA 2.5 ZX DIESEL 7 SEATER,13.36
Chennai,2012,150000,Diesel,Manual,First,21.0,84.0,NISSAN,SUNNY 2011-2014 DIESEL XL,3.54
Hyderabad,2014,89000,Diesel,Manual,First,25.0,74.0,MARUTI,SWIFT VDI BSIV,4.14
Hyderabad,2010,68375,Petrol,Manual,First,19.0,66.0,MARUTI,A-STAR VXI,2.47
Pune,2013,52000,Petrol,Manual,First,18.0,85.0,MARUTI,SWIFT ZXI,4.44
Jaipur,2017,39000,Diesel,Automatic,First,17.0,136.0,MERCEDES-BENZ,CLA 200 CDI SPORT,26.64
Bangalore,2014,68000,Petrol,Manual,Second,16.0,93.0,MARUTI,ERTIGA ZXI,6.6
Jaipur,2007,71000,Petrol,Manual,Second,18.0,67.0,MARUTI,WAGON R LXI,-0.39
Hyderabad,2012,72003,Diesel,Manual,First,22.0,73.0,VOLKSWAGEN,POLO DIESEL TRENDLINE 1.2L,3.53
Hyderabad,2014,135670,Diesel,Manual,First,22.0,89.0,FORD,ECOSPORT 1.5 DV5 MT TITANIUM OPTIONAL,6.46
Kochi,2017,65850,Diesel,Manual,First,25.0,98.0,HONDA,CITY I DTEC VX,9.61
Coimbatore,2015,53920,Petrol,Manual,First,14.0,138.0,TOYOTA,COROLLA ALTIS 1.8 GL,10.6
Ahmedabad,2014,58000,Diesel,Manual,First,15.0,140.0,MAHINDRA,XUV500 W8 2WD,9.03
Kolkata,2016,4000,Petrol,Manual,First,24.0,47.0,MARUTI,ALTO 800 2016-2019 VXI,1.91
Chennai,2010,58000,Diesel,Automatic,First,18.0,265.0,BMW,5 SERIES 530D M SPORT,27.41
Kochi,2016,29832,Petrol,Manual,First,21.0,55.0,HYUNDAI,EON D LITE PLUS,4.66
Chennai,2016,71156,Diesel,Manual,First,26.0,74.0,MARUTI,SWIFT DZIRE VDI,7.1
Delhi,2015,64687,CNG,Manual,First,31.0,58.0,MARUTI,CELERIO CNG VXI MT,3.38
Hyderabad,2011,54000,Diesel,Automatic,First,16.0,147.0,AUDI,A4 2.0 TDI,14.61
Bangalore,2009,75000,Petrol,Automatic,Second,13.0,157.0,SKODA,SUPERB ELEGANCE 1.8 TSI AT,4.77
Kochi,2015,39208,Petrol,Manual,First,17.0,88.0,TATA,ZEST REVOTRON 1.2T XM,4.06
Kolkata,2014,41000,Diesel,Manual,First,17.0,139.0,FORCE,ONE LX ABS 7 SEATING,9.45
Coimbatore,2013,38622,Petrol,Manual,First,17.0,117.0,HONDA,CITY I-VTEC VX,6.49
Chennai,2016,18000,Petrol,Manual,First,16.0,97.0,NISSAN,SUNNY 2011-2014 XV,7.22
Delhi,2012,52000,Petrol,Manual,First,16.0,97.0,MARUTI,SWIFT 1.3 LXI,4.23
Mumbai,2011,45000,Petrol,Automatic,First,14.0,103.0,VOLKSWAGEN,VENTO PETROL HIGHLINE AT,3.3
Mumbai,2014,48656,Petrol,Automatic,First,15.0,121.0,HYUNDAI,VERNA 1.6 SX VTVT AT,7.46
Bangalore,2012,79000,Diesel,Automatic,First,22.0,126.0,HYUNDAI,VERNA CRDI 1.6 AT SX PLUS,6.43
Bangalore,2012,88000,Diesel,Automatic,First,16.0,140.0,AUDI,A4 2.0 TDI MULTITRONIC,16.1
Delhi,2009,92000,Petrol,Manual,First,15.0,103.0,MARUTI,SX4 VXI BSIV,2.19
Chennai,2019,9000,Diesel,Automatic,First,12.0,158.0,FORD,ENDEAVOUR 2.2 TITANIUM AT 4X2,29.73
Coimbatore,2008,50121,Petrol,Manual,First,20.0,83.0,MARUTI,SWIFT LXI BSIV,1.31
Hyderabad,2014,79000,Diesel,Manual,First,24.0,70.0,HYUNDAI,GRAND I10 CRDI MAGNA,3.8
Hyderabad,2014,46000,Diesel,Manual,Second,20.0,88.0,VOLKSWAGEN,POLO 1.5 TDI HIGHLINE,4.36
Pune,2012,100000,Petrol,Automatic,First,10.0,157.0,MERCEDES-BENZ,E-CLASS 230,15.05
Kolkata,2015,41000,Petrol,Manual,First,18.0,81.0,HYUNDAI,I20 ASTA 1.2,5.79
Chennai,2015,25000,Petrol,Automatic,First,24.0,67.0,MARUTI,ALTO K10 VXI AGS,2.84
Pune,2014,71899,Diesel,Manual,First,20.0,88.0,MARUTI,ERTIGA VDI,6.77
Mumbai,2016,7100,Petrol,Automatic,First,23.0,67.0,MARUTI,CELERIO VXI AT,5.56
Coimbatore,2018,38171,Petrol,Automatic,Second,22.0,67.0,RENAULT,KWID CLIMBER 1.0 AMT,4.75
Bangalore,2013,70359,Diesel,Manual,First,12.0,120.0,MAHINDRA,SCORPIO SLE BSIV,6.77
Chennai,2011,200000,Diesel,Manual,First,12.0,102.0,TOYOTA,INNOVA 2.5 GX (DIESEL) 7 SEATER BS IV,8.05
Chennai,2017,26969,Diesel,Manual,First,22.0,73.0,VOLKSWAGEN,POLO DIESEL HIGHLINE 1.2L,8.18
Chennai,2011,56500,Diesel,Manual,First,20.0,68.0,FORD,FIGO DIESEL ZXI,2.12
Kolkata,2014,40000,Diesel,Manual,First,20.0,83.0,NISSAN,TERRANO XL PLUS 85 PS,5.82
Kolkata,2014,41000,Diesel,Manual,First,17.0,139.0,FORCE,ONE LX 4X4,10.4
Kochi,2017,53105,Petrol,Automatic,First,22.0,67.0,RENAULT,KWID 1.0 RXT OPTIONAL AMT,4.55
Mumbai,2013,23000,Diesel,Manual,First,21.0,103.0,SKODA,RAPID 1.5 TDI ELEGANCE,4.81
Hyderabad,2016,80999,Diesel,Automatic,First,16.0,140.0,MAHINDRA,XUV500 AT W10 FWD,14.25
Chennai,2012,82000,Diesel,Manual,First,20.0,68.0,FORD,FIGO DIESEL TITANIUM,3.04
Coimbatore,2017,68557,Diesel,Manual,First,15.0,62.0,MAHINDRA,BOLERO ZLX,8.22
Hyderabad,2016,34000,Diesel,Manual,First,20.0,108.0,VOLKSWAGEN,VENTO 1.5 TDI HIGHLINE,8.54
Pune,2015,77000,Diesel,Manual,First,12.0,100.0,TOYOTA,INNOVA 2.5 VX (DIESEL) 8 SEATER BS IV,11.78
Mumbai,2012,48000,Diesel,Manual,First,15.0,140.0,MAHINDRA,XUV500 W8 2WD,7.04
Coimbatore,2015,28232,Petrol,Manual,Second,15.0,110.0,FORD,ECOSPORT 1.5 TI VCT MT TITANIUM,7.2
Chennai,2011,110000,Diesel,Automatic,First,16.0,138.0,VOLKSWAGEN,JETTA 2012-2014 2.0L TDI HIGHLINE AT,8.18
Chennai,2009,120000,Diesel,Manual,Second,13.0,138.0,TATA,NEW SAFARI DICOR 2.2 VX 4X4,4.11
Mumbai,2013,49000,Diesel,Automatic,First,8.0,245.0,BMW,3 SERIES 330D CONVERTIBLE,29.47
Kolkata,2014,22000,Petrol,Manual,First,16.0,74.0,VOLKSWAGEN,POLO 1.2 MPI HIGHLINE,4.3
Coimbatore,2015,14925,Petrol,Manual,First,18.0,82.0,HYUNDAI,I20 MAGNA OPTIONAL 1.2,5.65
Mumbai,2013,75000,Diesel,Manual,First,20.0,88.0,MARUTI,ERTIGA ZDI,6.26
Chennai,2015,23000,Petrol,Manual,First,17.0,117.0,HONDA,CITY I VTEC V,7.16
Mumbai,2014,57000,Petrol,Manual,First,17.0,118.0,HONDA,CITY 1.5 S MT,7.08
Kochi,2013,76718,Diesel,Automatic,First,16.0,138.0,VOLKSWAGEN,JETTA 2013-2015 2.0L TDI HIGHLINE AT,9.26
Pune,2016,138000,Diesel,Manual,First,25.0,98.0,HONDA,AMAZE VX I-DTEC,6.51
Hyderabad,2013,140000,Diesel,Manual,Second,15.0,140.0,MAHINDRA,XUV500 W8 2WD,7.61
Mumbai,2008,110000,Petrol,Automatic,Second,14.0,138.0,TOYOTA,COROLLA ALTIS VL,3.29
Pune,2005,126000,Petrol,Manual,Second,17.0,97.0,HYUNDAI,SANTRO XING XL ERLX EURO III,-0.77
Bangalore,2012,73000,Diesel,Automatic,First,22.0,190.0,BMW,3 SERIES 320D,14.69
Kochi,2017,63423,Diesel,Manual,First,23.0,98.0,FORD,ECOSPORT 1.5 DIESEL TREND,8.65
Kochi,2013,62132,Petrol,Manual,First,18.0,82.0,HYUNDAI,I20 ASTA OPTIONAL WITH SUNROOF 1.2,4.31
Mumbai,2013,51000,Petrol,Automatic,First,16.0,118.0,HONDA,CITY 1.5 S AT,6.76
Hyderabad,2015,75000,Diesel,Manual,First,23.0,73.0,MARUTI,RITZ VDI (ABS) BS IV,5.71
Kolkata,2008,55410,Petrol,Manual,First,19.0,68.0,HYUNDAI,I10 ERA 1.1,-0.39
Mumbai,2015,41000,Petrol,Manual,First,18.0,82.0,CHEVROLET,SAIL 1.2 LS,5.01
Chennai,2012,45000,Diesel,Manual,First,22.0,126.0,HYUNDAI,VERNA 1.6 SX CRDI (O),5.07
Kochi,2018,53322,Petrol,Manual,First,15.0,121.0,HYUNDAI,CRETA 1.6 SX OPTION,12.51
Jaipur,2013,48000,Petrol,Manual,First,18.0,82.0,CHEVROLET,SAIL 1.2 LS,3.05
Hyderabad,2013,72000,Diesel,Automatic,First,14.0,174.0,AUDI,Q5 2.0 TDI,27.33
Kochi,2013,50266,Petrol,Manual,First,17.0,118.0,HONDA,CITY 1.5 V MT EXCLUSIVE,5.69
Hyderabad,2017,21800,Petrol,Manual,First,17.0,121.0,FORD,ECOSPORT 1.5 PETROL TITANIUM,9.14
Bangalore,2014,45000,Diesel,Automatic,Second,12.0,241.0,AUDI,Q7 3.0 TDI QUATTRO PREMIUM PLUS,38.66
Delhi,2010,62000,Petrol,Manual,First,20.0,78.0,HYUNDAI,I10 MAGNA 1.2,1.32
Chennai,2014,41681,Petrol,Manual,First,17.0,80.0,HYUNDAI,I20 1.2 ASTA,4.62
Delhi,2011,69313,Petrol,Manual,Second,17.0,85.0,MARUTI,SWIFT DZIRE 1.2 VXI BSIV,2.11
Pune,2017,49000,Diesel,Manual,Second,25.0,69.0,TATA,INDICA V2 ELX,3.12
Coimbatore,2012,40471,Diesel,Automatic,Second,16.0,235.0,BMW,5 SERIES 2010-2013 530D,27.95
Ahmedabad,2013,60000,Diesel,Manual,First,22.0,74.0,MARUTI,SWIFT VDI,4.35
Jaipur,2018,1001,Petrol,Manual,First,19.0,94.0,FORD,FREESTYLE TITANIUM PLUS PETROL,7.78
Bangalore,2008,38000,Petrol,Manual,Second,13.0,103.0,HYUNDAI,VERNA XXI ABS (PETROL),1.8
Mumbai,2008,66000,Diesel,Automatic,Second,16.0,181.0,BMW,3 SERIES 320D HIGHLINE,10.19
Kochi,2017,33901,Diesel,Manual,First,12.0,102.0,TOYOTA,INNOVA 2.5 G4 DIESEL 8-SEATER,14.51
Hyderabad,2011,57000,Diesel,Automatic,Second,14.0,204.0,MERCEDES-BENZ,NEW C-CLASS C 250 CDI ELEGANCE,16.61
Pune,2013,170000,Diesel,Manual,First,22.0,126.0,HYUNDAI,ELANTRA 1.6 SX,8.82
Hyderabad,2014,60000,Diesel,Manual,First,23.0,73.0,MARUTI,RITZ ZDI,4.7
Pune,2016,85000,Diesel,Manual,First,24.0,88.0,MARUTI,VITARA BREZZA ZDI PLUS DUAL TONE,9.09
Kolkata,2016,146000,Petrol,Manual,Second,19.0,82.0,HYUNDAI,XCENT 1.2 KAPPA S,5.31
Kolkata,2014,56002,Diesel,Manual,First,26.0,98.0,HONDA,CITY I DTEC V,5.64
Mumbai,2016,8554,Petrol,Manual,First,25.0,53.0,RENAULT,KWID RXT,2.89
Jaipur,2014,62322,Diesel,Manual,First,23.0,67.0,TOYOTA,ETIOS CROSS 1.4L VD,5.48
Kochi,2015,37929,Petrol,Manual,First,24.0,67.0,MARUTI,ALTO K10 VXI,3.69
Chennai,2016,5400,Petrol,Manual,First,23.0,84.0,TATA,TIAGO 1.2 REVOTRON XM OPTION,4.2
Kolkata,2013,60000,Diesel,Manual,First,21.0,90.0,HYUNDAI,I20 1.4 CRDI MAGNA,4.83
Kochi,2014,55730,Diesel,Automatic,First,16.0,147.0,AUDI,A4 2.0 TDI,17.57
Hyderabad,2015,62000,Diesel,Manual,First,28.0,74.0,MARUTI,SWIFT VDI,5.37
Kochi,2017,14576,Petrol,Manual,First,17.0,73.0,VOLKSWAGEN,AMEO 1.2 MPI HIGHLINE,6.58
Mumbai,2017,17000,Petrol,Automatic,First,16.0,117.0,HONDA,BRV I-VTEC V CVT,9.68
Mumbai,2009,28000,Petrol,Manual,First,17.0,80.0,HYUNDAI,I20 ASTA,2.39
Ahmedabad,2012,58200,Diesel,Manual,First,14.0,194.0,HYUNDAI,SANTA FE 4X4,12.23
Bangalore,2002,53000,Petrol,Manual,Second,0.0,97.0,HONDA,CITY 1.5 GXI,-2.6
Kochi,2018,12278,Petrol,Automatic,First,23.0,67.0,MARUTI,CELERIO ZXI OPTIONAL AMT,6.48
Coimbatore,2018,17665,Petrol,Manual,First,15.0,121.0,HYUNDAI,CRETA 1.6 SX,11.99
Hyderabad,2004,200000,Diesel,Manual,Second,17.0,52.0,TATA,INDICA V2 DL BSIII,-2.46
Mumbai,2011,55893,Petrol,Manual,First,15.0,103.0,VOLKSWAGEN,VENTO PETROL HIGHLINE,2.84
Kochi,2015,60586,Petrol,Manual,First,23.0,67.0,MARUTI,CELERIO VXI,3.92
Ahmedabad,2015,13500,Diesel,Automatic,First,17.0,136.0,MERCEDES-BENZ,CLA 200 D SPORT EDITION,24.25
Jaipur,2017,30000,Petrol,Manual,First,22.0,47.0,MARUTI,ALTO 800 LXI,4.54
Delhi,2018,12000,Diesel,Automatic,First,10.0,197.0,FORD,ENDEAVOUR 3.2 TITANIUM AT 4X4,30.54
Kolkata,2017,65000,Petrol,Manual,First,17.0,88.0,TATA,ZEST REVOTRON 1.2T XE,4.96
Kolkata,2014,38000,Petrol,Manual,First,16.0,103.0,VOLKSWAGEN,VENTO 1.6 COMFORTLINE,4.4
Mumbai,2012,25000,Petrol,Manual,Second,17.0,91.0,MARUTI,ERTIGA ZXI,4.24
Mumbai,2011,100000,Diesel,Automatic,First,14.0,224.0,MERCEDES-BENZ,M-CLASS ML 350 CDI CORPORATE,20.36
Mumbai,2014,13710,Petrol,Manual,First,16.0,74.0,VOLKSWAGEN,POLO 1.2 MPI HIGHLINE,4.3
Jaipur,2015,100000,Diesel,Automatic,First,12.0,168.0,TOYOTA,FORTUNER 4X2 AT,19.59
Hyderabad,2017,17000,Petrol,Manual,First,23.0,67.0,MARUTI,CELERIO VXI,5.86
Chennai,2008,89000,Diesel,Automatic,Second,16.0,181.0,BMW,3 SERIES 320D CORPORATE EDITION,10.69
Jaipur,2006,100173,Petrol,Manual,Second,16.0,100.0,HONDA,CITY ZX VTEC,0.82
Pune,2009,97000,Petrol,Manual,First,13.0,114.0,MITSUBISHI,CEDIA SPORTS,3.83
Delhi,2016,40190,Petrol,Manual,First,18.0,74.0,RENAULT,PULSE PETROL RXL,4.45
Hyderabad,2016,29647,Diesel,Manual,First,20.0,88.0,VOLKSWAGEN,POLO 1.5 TDI HIGHLINE,6.82
Kochi,2018,43639,Petrol,Manual,First,21.0,100.0,MARUTI,BALENO RS PETROL,8.94
Kochi,2012,37333,Petrol,Manual,First,20.0,78.0,HYUNDAI,I10 MAGNA,3.22
Kochi,2018,48407,Petrol,Manual,First,18.0,81.0,HYUNDAI,I20 1.2 SPOTZ,7.8
Delhi,2011,25000,Petrol,Automatic,First,10.0,306.0,BMW,Z4 2009-2013 35I,32.84
Pune,2010,72400,Petrol,Manual,Second,20.0,78.0,HYUNDAI,I10 SPORTZ 1.2,1.39
Delhi,2012,18000,Petrol,Automatic,First,13.0,181.0,MINI,COOPER S CARBON EDITION,28.05
Pune,2012,65167,Petrol,Manual,First,19.0,86.0,HONDA,BRIO V MT,2.93
Kochi,2016,25418,Petrol,Manual,First,20.0,91.0,MARUTI,CIAZ ZXI OPTION,7.57
Coimbatore,2013,38995,Diesel,Manual,First,19.0,73.0,MARUTI,SWIFT DZIRE ZDI,5.77
Chennai,2012,60000,Diesel,Manual,First,22.0,73.0,VOLKSWAGEN,POLO DIESEL COMFORTLINE 1.2L,3.3
Delhi,2011,72000,Diesel,Automatic,First,17.0,184.0,BMW,X1 SDRIVE20D,13.65
Coimbatore,2016,31075,Diesel,Automatic,Second,12.0,241.0,AUDI,Q7 3.0 TDI QUATTRO PREMIUM PLUS,40.62
Kolkata,2015,4311,Diesel,Manual,First,25.0,99.0,FORD,FIGO 1.5D TREND MT,5.02
Bangalore,2017,21000,Diesel,Automatic,First,21.0,190.0,BMW,3 SERIES LUXURY LINE,32.12
Bangalore,2011,54000,Diesel,Automatic,First,14.0,224.0,MERCEDES-BENZ,M-CLASS ML 350 CDI CORPORATE,20.31
Mumbai,2007,50000,Petrol,Manual,Second,17.0,64.0,MARUTI,WAGON R LX BSIII,1.63
Delhi,2018,13000,Petrol,Manual,First,21.0,83.0,MARUTI,BALENO ZETA 1.2,7.77
Pune,2013,74000,Petrol,Manual,First,22.0,81.0,MARUTI,DZIRE VXI,4.71
Pune,2009,75000,Petrol,Manual,Second,14.0,76.0,CHEVROLET,AVEO U-VA 1.2 LT,0.44
Chennai,2017,25000,Diesel,Manual,First,20.0,88.0,VOLKSWAGEN,POLO 1.5 TDI HIGHLINE,7.8
Hyderabad,2012,139000,Diesel,Automatic,First,0.0,115.0,LAND,ROVER FREELANDER 2 TD4 SE,21.01
Mumbai,2015,52000,Diesel,Automatic,First,14.0,174.0,AUDI,Q5 30 TDI QUATTRO PREMIUM,31.94
Chennai,2015,20000,Diesel,Automatic,First,18.0,187.0,AUDI,A6 35 TDI MATRIX,29.86
Kochi,2018,32663,Diesel,Manual,First,24.0,73.0,HYUNDAI,GRAND I10 1.2 CRDI SPORTZ,6.85
Delhi,2012,76777,Diesel,Manual,Second,12.0,120.0,MAHINDRA,SCORPIO SLE BSIV,5.28
Hyderabad,2016,100303,Diesel,Manual,First,22.0,74.0,TATA,BOLT QUADRAJET XE,4.59
Kochi,2015,43993,Petrol,Manual,First,21.0,55.0,HYUNDAI,EON ERA PLUS,3.14
Kochi,2016,72118,Diesel,Manual,First,15.0,120.0,MAHINDRA,SCORPIO S8 8 SEATER,10.54
Bangalore,2010,83000,Petrol,Automatic,Second,11.0,142.0,HONDA,ACCORD 2001-2003 2.0 AT,6.44
Mumbai,2016,7523,Petrol,Manual,First,16.0,74.0,VOLKSWAGEN,POLO 1.2 MPI HIGHLINE,6.26
Mumbai,2014,34670,Petrol,Manual,First,15.0,73.0,MARUTI,EECO 7 SEATER STANDARD,3.35
Ahmedabad,2016,30000,Diesel,Manual,First,24.0,70.0,HYUNDAI,GRAND I10 CRDI SPORTZ,5.74
Chennai,2017,17000,Diesel,Automatic,First,10.0,197.0,FORD,ENDEAVOUR 3.2 TITANIUM AT 4X4,29.55
Delhi,2015,59261,Diesel,Manual,First,24.0,73.0,HYUNDAI,GRAND I10 1.2 CRDI SPORTZ,3.91
Kochi,2016,65210,Diesel,Manual,First,22.0,74.0,MARUTI,SWIFT VDI,7.31
Bangalore,2016,19000,Petrol,Manual,First,18.0,81.0,HYUNDAI,I20 1.2 ASTA OPTION,6.66
Hyderabad,2012,50000,Petrol,Manual,First,17.0,85.0,MARUTI,SWIFT DZIRE VXI,3.99
Hyderabad,2015,47000,Diesel,Automatic,First,22.0,190.0,BMW,3 SERIES 320D LUXURY LINE,22.0
Mumbai,2007,75000,Petrol,Manual,Second,17.0,78.0,HONDA,CITY ZX GXI,1.22
Pune,2013,54534,Petrol,Automatic,First,16.0,78.0,HYUNDAI,I10 SPORTZ 1.2 AT,4.6
Ahmedabad,2018,13000,Diesel,Manual,First,23.0,98.0,FORD,ECOSPORT SIGNATURE EDITION DIESEL,10.85
Bangalore,2015,48808,Petrol,Manual,First,23.0,67.0,MARUTI,CELERIO ZXI MT,4.35
Pune,2012,63001,Diesel,Manual,Second,20.0,88.0,MARUTI,ERTIGA VDI,4.29
Hyderabad,2015,64771,Diesel,Manual,First,12.0,102.0,TOYOTA,INNOVA 2.5 V DIESEL 8-SEATER,12.94
Mumbai,2016,34634,Petrol,Manual,First,17.0,117.0,HONDA,CITY I VTEC SV,7.47
Bangalore,2012,69242,Petrol,Manual,First,19.0,85.0,MARUTI,SWIFT DZIRE VXI,3.68
Kochi,2011,33292,Petrol,Manual,First,18.0,85.0,MARUTI,RITZ LXI,0.92
Pune,2012,55000,Petrol,Automatic,Second,15.0,98.0,HYUNDAI,I20 SPORTZ AT 1.4,3.64
Pune,2019,1000,Petrol,Manual,First,17.0,81.0,HYUNDAI,I20 ACTIVE SX DUAL TONE PETROL,8.87
Chennai,2011,80000,Petrol,Manual,Second,17.0,118.0,HONDA,CITY 1.5 E MT,4.39
Coimbatore,2016,65003,Diesel,Automatic,First,13.0,382.0,PORSCHE,CAYENNE S DIESEL,51.65
Coimbatore,2019,16573,Petrol,Manual,First,17.0,86.0,HONDA,AMAZE VX I-VTEC,9.24
Pune,2008,152633,Petrol,Automatic,First,12.0,130.0,HONDA,CIVIC 2006-2010 1.8 S AT,3.6
Bangalore,2015,53000,Petrol,Manual,First,18.0,81.0,HYUNDAI,I20 MAGNA 1.2,5.11
Hyderabad,2017,50129,Diesel,Manual,First,19.0,126.0,HYUNDAI,CRETA 1.6 CRDI SX,12.95
Hyderabad,2013,63716,Diesel,Automatic,First,15.0,174.0,AUDI,Q3 2012-2015 2.0 TDI QUATTRO PREMIUM PLUS,19.67
Mumbai,2018,11000,Petrol,Manual,First,24.0,47.0,MARUTI,ALTO 800 2016-2019 LXI,5.02
Chennai,2012,115000,Diesel,Automatic,Third,15.0,177.0,BMW,X1 SDRIVE 20D EXCLUSIVE,14.92
Delhi,2013,63265,Petrol,Manual,First,20.0,78.0,HYUNDAI,I10 MAGNA,4.23
Pune,2016,20000,Diesel,Manual,First,21.0,108.0,VOLKSWAGEN,AMEO 1.5 TDI HIGHLINE,6.56
Pune,2010,79000,Petrol,Manual,Third,16.0,73.0,VOLKSWAGEN,POLO PETROL HIGHLINE 1.2L,2.4
Mumbai,2015,41000,Petrol,Manual,First,20.0,91.0,MARUTI,CIAZ VXI PLUS,6.32
Kochi,2015,26323,Petrol,Automatic,First,17.0,103.0,VOLKSWAGEN,POLO GT TSI,6.59
Pune,2016,76000,Diesel,Manual,First,24.0,71.0,HYUNDAI,XCENT 1.1 CRDI BASE,4.66
Hyderabad,2008,69972,Petrol,Manual,First,13.0,130.0,HONDA,CIVIC 2006-2010 1.8 S MT,3.69
Kolkata,2008,69000,Petrol,Manual,First,17.0,78.0,HONDA,CITY ZX GXI,2.7
Jaipur,2016,65000,Diesel,Manual,First,15.0,62.0,MAHINDRA,BOLERO ZLX,7.23
Hyderabad,2016,29512,Petrol,Manual,First,17.0,117.0,HONDA,CITY I VTEC V,8.15
Kolkata,2017,51000,Diesel,Manual,First,25.0,73.0,HYUNDAI,XCENT 1.2 CRDI S,5.25
Mumbai,2014,58003,Diesel,Manual,First,19.0,108.0,RENAULT,DUSTER 110PS DIESEL RXL,7.11
Hyderabad,2013,56500,Petrol,Automatic,First,16.0,66.0,MARUTI,A-STAR AT VXI,3.59
Bangalore,2014,29063,Diesel,Automatic,First,17.0,174.0,AUDI,A4 2.0 TDI 177 BHP PREMIUM PLUS,20.22
Coimbatore,2018,46811,Diesel,Manual,First,16.0,140.0,MAHINDRA,XUV500 W8 2WD,12.8
Coimbatore,2014,31897,Petrol,Manual,First,18.0,74.0,RENAULT,PULSE PETROL RXZ,2.78
Mumbai,2009,52100,Diesel,Automatic,Second,13.0,170.0,BMW,3 SERIES 320D,10.82
Hyderabad,2016,73000,Diesel,Manual,First,13.0,147.0,TOYOTA,INNOVA CRYSTA 2.4 GX MT,16.23
Kolkata,2009,31423,Petrol,Manual,First,17.0,118.0,HONDA,CITY 1.5 S MT,2.12
Chennai,2014,75180,Diesel,Manual,First,22.0,74.0,MARUTI,SWIFT VDI,5.35
Mumbai,2013,75000,Diesel,Manual,Second,19.0,108.0,RENAULT,DUSTER 110PS DIESEL RXZ PLUS,5.75
Mumbai,2014,15000,Petrol,Manual,First,16.0,74.0,VOLKSWAGEN,POLO 1.2 MPI COMFORTLINE,4.24
Mumbai,2015,12000,Petrol,Manual,First,17.0,81.0,HYUNDAI,I20 ACTIVE 1.2 S,5.61
Pune,2014,32000,Diesel,Automatic,First,18.0,190.0,BMW,5 SERIES 2013-2017 520D LUXURY LINE,31.02
Hyderabad,2017,44504,Diesel,Manual,First,23.0,74.0,MARUTI,SWIFT DZIRE LDI,7.1
Ahmedabad,2012,66000,Diesel,Automatic,First,0.0,165.0,MERCEDES-BENZ,M-CLASS ML 350 4MATIC,35.2
Jaipur,2015,39437,Diesel,Manual,First,28.0,74.0,MARUTI,SWIFT LDI,4.98
Coimbatore,2017,36931,Diesel,Automatic,First,19.0,126.0,HYUNDAI,VERNA 1.6 CRDI AT SX OPTION,11.12
Bangalore,2016,17800,Petrol,Automatic,Second,21.0,37.0,TATA,NANO XTA,2.24
Hyderabad,2009,71346,Petrol,Manual,First,17.0,85.0,MARUTI,SWIFT DZIRE LXI,-0.29
Delhi,2015,45000,Petrol,Manual,Second,18.0,81.0,HYUNDAI,I20 ASTA OPTION 1.2,4.98
Hyderabad,2010,85155,Petrol,Manual,First,17.0,80.0,HYUNDAI,I20 1.2 SPORTZ,1.9
Mumbai,2015,48823,Petrol,Manual,First,20.0,91.0,MARUTI,CIAZ ZXI,6.44
Delhi,2015,37000,Diesel,Automatic,First,12.0,187.0,LAND,ROVER RANGE ROVER 2.2L PRESTIGE,41.71
Hyderabad,2005,92000,Diesel,Manual,Second,16.0,70.0,TATA,INDIGO LX BSII,-4.83
Mumbai,2014,36000,Petrol,Manual,First,17.0,88.0,TATA,ZEST REVOTRON 1.2T XM,3.07
Delhi,2016,24569,Diesel,Manual,First,16.0,140.0,MAHINDRA,XUV500 W10 1.99 MHAWK,12.99
Mumbai,2008,95000,Petrol,Automatic,Third,11.0,177.0,HONDA,ACCORD 2.4 AT,4.07
Coimbatore,2015,25811,Petrol,Manual,Second,25.0,37.0,TATA,NANO TWIST XT,1.81
Ahmedabad,2015,65000,Diesel,Manual,First,22.0,126.0,HYUNDAI,ELANTRA CRDI S,8.91
Chennai,2017,100400,Diesel,Manual,First,25.0,69.0,TATA,INDICA V2 ELS,3.54
Jaipur,2014,76414,Diesel,Manual,First,25.0,98.0,HONDA,AMAZE S I-DTECH,4.32
Kochi,2012,82103,Diesel,Manual,First,15.0,140.0,MAHINDRA,XUV500 W8 2WD,7.08
Pune,2013,98000,Diesel,Automatic,First,18.0,190.0,BMW,X3 XDRIVE 20D EXPEDITION,20.49
Pune,2010,45252,Petrol,Manual,First,18.0,81.0,HYUNDAI,GRAND I10 1.2 KAPPA MAGNA,-1.28
Delhi,2017,10300,Petrol,Manual,First,21.0,83.0,MARUTI,BALENO ZETA 1.2,6.78
Kochi,2016,42024,Diesel,Automatic,First,19.0,126.0,HYUNDAI,VERNA 1.6 CRDI AT SX,10.29
Kochi,2018,51236,Diesel,Manual,First,25.0,88.0,MARUTI,ERTIGA VDI,9.9
Mumbai,2013,52000,Petrol,Automatic,First,13.0,181.0,MINI,COOPER S CARBON EDITION,29.07
Coimbatore,2015,42894,Diesel,Manual,First,23.0,73.0,MARUTI,RITZ ZDI,5.68
Mumbai,2011,68000,Diesel,Automatic,First,15.0,106.0,SKODA,LAURA L N K 1.9 PD AT,5.34
Delhi,2014,69000,Diesel,Manual,First,22.0,89.0,FORD,ECOSPORT 1.5 DV5 MT TITANIUM OPTIONAL,6.4
Pune,2017,10000,Petrol,Manual,First,18.0,81.0,HYUNDAI,I20 2015-2017 SPORTZ 1.2,6.75
Chennai,2015,16000,Petrol,Manual,First,19.0,86.0,HONDA,BRIO E MT,4.51
Kolkata,2013,46992,Diesel,Manual,First,25.0,98.0,HONDA,AMAZE S I-DTECH,3.3
Pune,2010,170000,Diesel,Automatic,Third,18.0,177.0,BMW,5 SERIES 2003-2012 520D,17.38
Delhi,2014,58000,Diesel,Automatic,First,12.0,241.0,AUDI,Q7 3.0 TDI QUATTRO PREMIUM PLUS,39.17
Jaipur,2015,50000,Diesel,Manual,Second,24.0,70.0,HYUNDAI,GRAND I10 CRDI MAGNA,4.25
Kolkata,2011,39010,Diesel,Manual,First,23.0,63.0,NISSAN,MICRA DIESEL XV,2.6
Jaipur,2016,26946,Petrol,Manual,First,18.0,82.0,HYUNDAI,GRAND I10 SPORTZ,5.16
Pune,2015,28700,Petrol,Manual,First,21.0,55.0,HYUNDAI,EON ERA,3.4
Chennai,2011,60000,Petrol,Automatic,First,11.0,186.0,MERCEDES-BENZ,NEW C-CLASS C250 AVANTGARDE,15.04
Delhi,2014,38999,Diesel,Automatic,First,12.0,187.0,LAND,ROVER RANGE ROVER 2.2L PURE,33.12
Mumbai,2016,39000,Diesel,Automatic,First,11.0,184.0,MAHINDRA,SSANGYONG REXTON RX7,13.99
Coimbatore,2018,7784,Petrol,Manual,First,20.0,91.0,MARUTI,CIAZ 1.4 DELTA,9.23
Kochi,2014,45710,Petrol,Automatic,First,11.0,272.0,MERCEDES-BENZ,R-CLASS R350 4MATIC LONG,27.21
Chennai,2017,42000,Petrol,Automatic,First,22.0,81.0,MARUTI,DZIRE AMT VXI,6.59
Coimbatore,2013,75995,Diesel,Automatic,Second,11.0,335.0,LAND,ROVER RANGE ROVER VOGUE SE 4.4 SDV8,62.79
Kolkata,2013,57000,Diesel,Manual,First,19.0,108.0,RENAULT,DUSTER 110PS DIESEL RXZ,5.83
Chennai,2013,85350,Diesel,Manual,Second,22.0,126.0,HYUNDAI,VERNA 1.6 SX,5.69
Coimbatore,2016,82725,Petrol,Automatic,First,14.0,138.0,TOYOTA,COROLLA ALTIS 1.8 VL CVT,15.63
Mumbai,2016,19000,Diesel,Automatic,Second,21.0,190.0,BMW,3 SERIES SPORT,26.99
Chennai,2018,13900,Petrol,Manual,First,18.0,110.0,FORD,ECOSPORT 1.5 TI VCT MT SIGNATURE,10.06
Hyderabad,2014,108000,Diesel,Manual,First,25.0,74.0,MARUTI,SWIFT VDI BSIV,4.15
Bangalore,2016,36000,Diesel,Automatic,First,11.0,194.0,HYUNDAI,SANTA FE 4X4 AT,17.46
Hyderabad,2013,62188,Diesel,Manual,First,17.0,53.0,TATA,INDICA V2 DLS,2.52
Kochi,2015,58397,Diesel,Manual,First,24.0,70.0,HYUNDAI,GRAND I10 CRDI SPORTZ,4.78
Chennai,2006,85000,Petrol,Manual,Third,0.0,97.0,HYUNDAI,SANTRO XING XL,1.57
Delhi,2016,30000,Petrol,Automatic,First,22.0,67.0,MARUTI,WAGON R VXI AMT,3.89
Kochi,2018,29907,Diesel,Manual,First,16.0,140.0,MAHINDRA,XUV500 W10 2WD,15.22
Kolkata,2009,46000,Diesel,Automatic,First,16.0,147.0,AUDI,A4 2.0 TDI,12.63
Bangalore,2012,65000,Diesel,Manual,First,20.0,103.0,VOLKSWAGEN,VENTO DIESEL HIGHLINE,4.98
Delhi,2016,22000,Diesel,Manual,First,24.0,88.0,MARUTI,VITARA BREZZA ZDI PLUS DUAL TONE,9.03
Chennai,2002,99024,Petrol,Manual,First,17.0,60.0,MARUTI,ZEN LX,-0.26
Kochi,2016,34952,Petrol,Manual,First,19.0,68.0,HYUNDAI,I10 ERA,7.91
Kochi,2019,13913,Petrol,Manual,First,17.0,88.0,HONDA,WR-V EDGE EDITION I-VTEC S,8.64
Chennai,2014,71000,Diesel,Manual,Second,25.0,98.0,HONDA,CITY I DTEC VX,6.15
Chennai,2012,97000,Diesel,Automatic,First,11.0,169.0,TOYOTA,FORTUNER 4X2 4 SPEED AT,15.74
Delhi,2017,21000,Diesel,Automatic,First,16.0,140.0,MAHINDRA,XUV500 AT W10 FWD,15.18
Mumbai,2007,116000,Diesel,Manual,Third,10.0,97.0,FORD,ENDEAVOUR XLT TDCI 4X4,2.83
Kolkata,2012,110438,Diesel,Manual,First,20.0,68.0,FORD,FIGO DIESEL ZXI,3.15
Coimbatore,2017,66507,Petrol,Automatic,Second,19.0,88.0,HONDA,JAZZ 1.2 V CVT I VTEC,7.22
Coimbatore,2017,54650,Diesel,Automatic,First,10.0,197.0,FORD,ENDEAVOUR 3.2 TITANIUM AT 4X4,29.59
Hyderabad,2014,32000,Petrol,Automatic,First,17.0,99.0,NISSAN,SUNNY XL CVT,7.25
Coimbatore,2011,75378,Diesel,Manual,First,18.0,66.0,SKODA,OCTAVIA AMBIENTE 1.9 TDI MT,5.96
Chennai,2012,82697,Diesel,Manual,First,25.0,57.0,CHEVROLET,BEAT DIESEL LT,2.25
Chennai,2009,135000,Petrol,Automatic,First,12.0,164.0,TOYOTA,CAMRY W2 (AT),6.86
Chennai,2012,149000,Diesel,Manual,First,19.0,108.0,RENAULT,DUSTER 110PS DIESEL RXZ,4.93
Kochi,2016,26212,Diesel,Automatic,First,17.0,136.0,MERCEDES-BENZ,GLA CLASS 200 D STYLE,24.01
Pune,2014,23500,Petrol,Manual,Second,17.0,88.0,TATA,ZEST REVOTRON 1.2T XMS,2.86
Coimbatore,2013,56127,Petrol,Manual,First,18.0,80.0,HYUNDAI,I20 1.2 MAGNA,5.29
Mumbai,2015,26000,Petrol,Automatic,First,21.0,81.0,MARUTI,WAGON R VXI AMT1.2,4.75
Kolkata,2016,26000,Diesel,Manual,First,25.0,73.0,HYUNDAI,XCENT 1.2 CRDI S,4.24
Kolkata,2009,42000,Petrol,Manual,First,17.0,118.0,HONDA,CITY 1.5 S MT,2.13
Pune,2001,130000,Petrol,Manual,Second,13.0,94.0,HYUNDAI,ACCENT GLE,-4.29
Kochi,2009,137148,Petrol,Manual,Second,13.0,103.0,HYUNDAI,VERNA XI (PETROL),1.59
Kolkata,2010,114703,Petrol,Manual,First,15.0,70.0,FORD,FIGO PETROL ZXI,1.8
Kochi,2014,97439,Diesel,Manual,First,25.0,98.0,HONDA,AMAZE S I-DTECH,4.34
Chennai,2006,40000,Petrol,Manual,First,18.0,67.0,MARUTI,WAGON R LX BSII,0.38
Hyderabad,2014,81609,Diesel,Manual,First,17.0,97.0,MARUTI,SWIFT VDI BSIV,7.5
Bangalore,2014,28000,Diesel,Automatic,First,13.0,258.0,MERCEDES-BENZ,E-CLASS FACELIFT,37.59
Bangalore,2015,37500,Diesel,Automatic,First,17.0,174.0,AUDI,A6 2011-2015 35 TDI TECHNOLOGY,31.74
Hyderabad,2010,37000,Diesel,Automatic,First,13.0,282.0,MERCEDES-BENZ,S CLASS 2005 2013 S 350 CDI,33.87
Ahmedabad,2010,83000,Diesel,Manual,First,19.0,73.0,MARUTI,SWIFT DZIRE LDI,0.77
Coimbatore,2005,79012,Petrol,Manual,First,13.0,125.0,TOYOTA,COROLLA H2,0.67
Kochi,2018,27395,Diesel,Manual,First,15.0,120.0,MAHINDRA,SCORPIO S10 7 SEATER,13.54
Jaipur,2017,35362,Petrol,Manual,First,22.0,67.0,MARUTI,WAGON R VXI,6.9
Delhi,2014,117000,Diesel,Manual,First,13.0,168.0,TOYOTA,FORTUNER 4X2 MANUAL,17.95
Mumbai,2010,23000,Petrol,Manual,First,18.0,64.0,MARUTI,ZEN ESTILO 1.1 LX BSIII,1.12
Kochi,2014,59508,Petrol,Manual,First,25.0,37.0,TATA,NANO CX,1.8
Chennai,2009,69000,Petrol,Manual,Second,18.0,80.0,HYUNDAI,I20 MAGNA,0.7
Bangalore,2010,58000,Diesel,Automatic,First,22.0,190.0,BMW,3 SERIES 320D,12.7
Jaipur,2014,88511,Diesel,Manual,First,16.0,140.0,MAHINDRA,XUV500 W6 2WD,8.52
Pune,2011,66000,Petrol,Manual,First,15.0,105.0,VOLKSWAGEN,VENTO IPL II PETROL TRENDLINE,2.87
Delhi,2009,65000,Petrol,Manual,Second,17.0,70.0,SKODA,FABIA 1.2 MPI CLASSIC,-2.45
Coimbatore,2015,30676,Petrol,Manual,First,25.0,37.0,TATA,NANO TWIST XT,2.32
Chennai,2011,76000,Diesel,Manual,First,20.0,68.0,FORD,FIGO DIESEL EXI,1.68
Pune,2013,23627,Petrol,Automatic,First,14.0,105.0,VOLKSWAGEN,VENTO IPL II PETROL HIGHLINE AT,4.93
Kochi,2018,52827,Diesel,Automatic,First,12.0,187.0,LAND,ROVER RANGE ROVER HSE DYNAMIC,45.29
Kochi,2015,64465,Diesel,Manual,First,26.0,98.0,HONDA,CITY I DTEC SV,6.68
Chennai,2018,14000,Petrol,Automatic,First,22.0,67.0,RENAULT,KWID CLIMBER 1.0 AMT,5.23
Mumbai,2015,26000,Petrol,Manual,First,18.0,82.0,HYUNDAI,GRAND I10 ASTA OPTION,5.25
Hyderabad,2011,78203,Diesel,Automatic,First,18.0,147.0,CHEVROLET,CRUZE LTZ AT,3.25
Mumbai,2017,27000,Diesel,Manual,First,22.0,88.0,HYUNDAI,I20 1.4 ASTA,8.14
Coimbatore,2018,31919,Petrol,Automatic,First,24.0,67.0,MARUTI,ALTO K10 VXI AGS,5.8
Coimbatore,2016,47392,Diesel,Manual,First,20.0,126.0,HYUNDAI,CRETA 1.6 SX OPTION DIESEL,12.06
Mumbai,2016,17362,Petrol,Manual,First,18.0,86.0,HONDA,AMAZE VX I-VTECH,6.07
Kochi,2016,49716,Diesel,Manual,First,21.0,88.0,HYUNDAI,I20 ACTIVE 1.4 SX DUAL TONE,7.03
Delhi,2014,48000,Petrol,Manual,First,23.0,67.0,MARUTI,CELERIO VXI,2.93
Kolkata,2009,46000,Diesel,Automatic,First,16.0,147.0,AUDI,A4 2.0 TDI,12.63
Bangalore,2016,79000,Diesel,Manual,First,24.0,88.0,HYUNDAI,VERNA 1.4 CRDI,7.51
Pune,2013,57000,Diesel,Manual,First,21.0,78.0,RENAULT,FLUENCE DIESEL E4,4.33
Delhi,2016,29754,Petrol,Manual,First,16.0,74.0,VOLKSWAGEN,POLO 1.2 MPI HIGHLINE,6.28
Ahmedabad,2012,50123,Diesel,Manual,First,17.0,70.0,TATA,INDIGO LX,1.15
Kochi,2012,57184,Petrol,Manual,First,20.0,78.0,HYUNDAI,I10 SPORTZ,2.74
Mumbai,2007,75000,Diesel,Automatic,Second,16.0,258.0,BMW,7 SERIES 730LD SEDAN,22.37
Mumbai,2015,26000,Diesel,Automatic,First,17.0,126.0,HYUNDAI,CRETA 1.6 CRDI AT SX PLUS,12.13
Delhi,2016,22129,Petrol,Manual,First,18.0,82.0,HYUNDAI,GRAND I10 MAGNA,5.35
Hyderabad,2011,127887,Diesel,Manual,First,21.0,73.0,MARUTI,RITZ VDI,2.97
Hyderabad,2006,92000,Diesel,Manual,First,10.0,120.0,MAHINDRA,SCORPIO 2.6 SLX CRDE,3.03
Hyderabad,2011,60634,Petrol,Manual,First,19.0,68.0,HYUNDAI,I10 ERA,3.0
Hyderabad,2014,90000,Diesel,Manual,First,14.0,138.0,TATA,SAFARI STORME 2012-2015 VX,8.85
Kolkata,2009,59000,Petrol,Manual,First,13.0,130.0,HONDA,CIVIC 2006-2010 1.8 V MT,3.03
Hyderabad,2012,59293,Petrol,Manual,First,18.0,67.0,MARUTI,ZEN ESTILO LXI BSIII,3.97
Mumbai,2012,80753,Diesel,Manual,Second,23.0,74.0,MARUTI,SWIFT DZIRE VDI,3.14
Delhi,2015,40000,Diesel,Manual,Second,13.0,168.0,TOYOTA,FORTUNER 4X2 MANUAL,18.36
Pune,2014,103000,Diesel,Manual,Second,28.0,74.0,MARUTI,SWIFT VDI,3.92
Hyderabad,2012,72389,LPG,Manual,First,26.0,58.0,MARUTI,WAGON R DUO LX BSIII,3.07
Pune,2017,48000,Diesel,Manual,First,28.0,73.0,MARUTI,DZIRE LDI,6.24
Kolkata,2014,41000,Petrol,Manual,First,18.0,82.0,HYUNDAI,GRAND I10 ASTA,3.48
Jaipur,2016,26000,Petrol,Manual,First,25.0,53.0,RENAULT,KWID RXL,1.93
Jaipur,2012,30000,Petrol,Manual,Second,15.0,64.0,TATA,INDIGO CS EGLX BS IV,0.47
Hyderabad,2014,74624,Diesel,Manual,First,20.0,68.0,FORD,FIGO DIESEL TITANIUM,5.01
Kochi,2015,47877,Diesel,Automatic,First,15.0,240.0,PORSCHE,CAYENNE 2009-2014 DIESEL,43.93
Jaipur,2016,35000,Petrol,Manual,First,24.0,67.0,MARUTI,ALTO K10 VXI,4.67
Ahmedabad,2015,52123,Diesel,Manual,First,20.0,103.0,VOLKSWAGEN,VENTO 1.5 TDI HIGHLINE,7.11
Bangalore,2005,90000,Diesel,Manual,First,10.0,120.0,MAHINDRA,SCORPIO 2.6 SLX CRDE,2.04
Mumbai,2018,1400,Diesel,Automatic,First,18.0,190.0,BMW,X3 XDRIVE 20D LUXURY LINE,40.56
Chennai,2009,122000,Petrol,Manual,Second,17.0,118.0,HONDA,CITY 1.5 V MT,2.0
Kochi,2016,21110,Petrol,Automatic,First,17.0,189.0,MINI,COOPER 3 DOOR S,27.36
Pune,2015,78000,Diesel,Automatic,First,13.0,175.0,MITSUBISHI,PAJERO SPORT 4X4 AT,22.37
Jaipur,2012,72000,Diesel,Manual,First,19.0,73.0,MARUTI,SWIFT DZIRE VDI,4.18
Pune,2013,43486,Diesel,Manual,First,20.0,88.0,MARUTI,ERTIGA VDI,5.76
Hyderabad,2007,199000,Diesel,Manual,Second,12.0,102.0,TOYOTA,INNOVA 2.5 G4 DIESEL 7-SEATER,5.08
Chennai,2010,34000,Petrol,Manual,First,11.0,178.0,MERCEDES-BENZ,NEW C-CLASS C 200 KOMPRESSOR ELEGANCE MT,19.63
Bangalore,2016,37944,Diesel,Automatic,First,14.0,167.0,MERCEDES-BENZ,NEW C-CLASS C 220 CDI BE AVANTGARE,26.4
Mumbai,2017,30000,Diesel,Manual,First,22.0,89.0,FORD,ECOSPORT 1.5 DV5 MT TITANIUM OPTIONAL,9.32
Coimbatore,2015,64005,Petrol,Manual,First,17.0,78.0,TOYOTA,ETIOS LIVA 1.2 G,5.5
Delhi,2012,62000,Petrol,Manual,First,20.0,78.0,HYUNDAI,I10 MAGNA 1.2,3.29
Chennai,2005,105000,Petrol,Manual,First,0.0,97.0,HYUNDAI,SANTRO LP - EURO II,0.97
Kochi,2014,59885,Diesel,Automatic,First,12.0,147.0,LAND,ROVER FREELANDER 2 SE,22.71
Hyderabad,2011,144471,Diesel,Manual,First,12.0,102.0,TOYOTA,INNOVA 2.5 V DIESEL 8-SEATER,9.07
Coimbatore,2011,63991,Petrol,Manual,First,18.0,80.0,HYUNDAI,I20 1.2 MAGNA,3.32
Pune,2007,72000,Petrol,Manual,Second,17.0,97.0,HYUNDAI,SANTRO XING XO ERLX EURO II,0.87
Mumbai,2015,34895,Petrol,Automatic,First,19.0,75.0,NISSAN,MICRA XV CVT,5.25
Ahmedabad,2015,97003,Diesel,Automatic,First,15.0,308.0,BMW,X6 XDRIVE 40D M SPORT,63.77
Kolkata,2015,45000,Petrol,Automatic,First,16.0,118.0,HONDA,CITY 1.5 V AT,8.0
Delhi,2013,45000,Diesel,Manual,Second,25.0,98.0,HONDA,AMAZE E I-DTECH,3.32
Bangalore,2013,100000,Diesel,Manual,Second,11.0,171.0,TOYOTA,FORTUNER 3.0 DIESEL,14.19
Delhi,2016,70000,Diesel,Automatic,First,12.0,187.0,LAND,ROVER DISCOVERY SPORT SD4 HSE LUXURY,38.2
Coimbatore,2016,37023,Diesel,Manual,First,19.0,126.0,HYUNDAI,CRETA 1.6 CRDI SX,11.95
Chennai,2012,81000,Diesel,Manual,First,25.0,56.0,CHEVROLET,BEAT DIESEL LT,2.15
Kochi,2017,20789,Diesel,Automatic,First,11.0,171.0,TOYOTA,INNOVA CRYSTA 2.8 GX AT,17.98
Jaipur,2015,68310,Diesel,Manual,First,23.0,74.0,MARUTI,SWIFT DZIRE VDI,6.59
Mumbai,2015,47250,Diesel,Manual,Second,19.0,126.0,HYUNDAI,CRETA 1.6 CRDI SX OPTION,11.0
Delhi,2014,47000,Diesel,Automatic,Second,12.0,255.0,LAND,ROVER RANGE ROVER SPORT SE,70.48
Hyderabad,2017,128000,Diesel,Manual,First,25.0,98.0,HONDA,AMAZE VX I-DTEC,7.49
Kochi,2017,17702,Petrol,Manual,First,15.0,121.0,HYUNDAI,CRETA 1.6 SX PLUS DUAL TONE PETROL,11.9
Mumbai,2014,34987,Petrol,Automatic,First,18.0,103.0,VOLKSWAGEN,VENTO SPORT 1.2 TSI AT,5.8
Ahmedabad,2017,37000,Diesel,Manual,First,26.0,98.0,HONDA,CITY I DTEC VX,9.42
Coimbatore,2017,38271,Petrol,Manual,First,15.0,121.0,HYUNDAI,CRETA 1.6 SX PLUS DUAL TONE PETROL,11.92
Bangalore,2012,32510,Diesel,Manual,Second,20.0,68.0,FORD,FIGO DIESEL TITANIUM,2.49
Pune,2014,88000,Diesel,Automatic,First,14.0,258.0,BMW,5 SERIES 2013-2017 530D M SPORT,38.69
Pune,2012,116000,Diesel,Manual,First,10.0,107.0,MITSUBISHI,PAJERO 2.8 SFX 7STR,9.97
Jaipur,2013,156000,Diesel,Manual,First,19.0,83.0,RENAULT,DUSTER 85PS DIESEL RXL OPTION,5.19
Delhi,2010,75319,Petrol,Manual,Second,21.0,85.0,MARUTI,RITZ VXI,0.44
Kolkata,2013,28000,Petrol,Manual,First,18.0,82.0,HYUNDAI,GRAND I10 SPORTZ,2.2
Bangalore,2017,16500,Diesel,Automatic,First,17.0,136.0,MERCEDES-BENZ,GLA CLASS 200 CDI SPORT,23.35
Coimbatore,2016,75637,Diesel,Automatic,First,22.0,190.0,BMW,5 SERIES 520D LUXURY LINE,25.87
Kochi,2018,32854,Petrol,Automatic,First,13.0,121.0,HYUNDAI,CRETA 1.6 SX PLUS PETROL AUTOMATIC,13.69
Kochi,2019,6568,Petrol,Manual,First,25.0,53.0,RENAULT,KWID RXT OPTIONAL,5.26
Bangalore,2014,30000,Diesel,Automatic,First,14.0,241.0,AUDI,A4 3.0 TDI QUATTRO,26.11
Kochi,2018,17804,Diesel,Manual,Second,28.0,88.0,MARUTI,CIAZ VDI SHVS,8.67
Delhi,2011,69768,Petrol,Manual,First,16.0,90.0,HONDA,JAZZ S,3.14
Kochi,2016,62404,Diesel,Automatic,First,22.0,190.0,BMW,3 SERIES 320D LUXURY LINE,23.0
Bangalore,2012,97000,Diesel,Automatic,Second,19.0,126.0,HYUNDAI,VERNA SX CRDI AT,5.57
Coimbatore,2016,55687,Diesel,Manual,First,21.0,88.0,HYUNDAI,CRETA 1.4 CRDI S PLUS,10.88
Kolkata,2014,17000,Petrol,Manual,First,15.0,103.0,VOLKSWAGEN,VENTO 2013-2015 1.6 COMFORTLINE,4.14
Coimbatore,2017,34232,Diesel,Automatic,First,21.0,190.0,BMW,3 SERIES LUXURY LINE,32.14
Chennai,2004,135000,Petrol,Automatic,Third,14.0,152.0,HONDA,CR-V PETROL 2WD,2.55
Chennai,2012,80000,Diesel,Manual,First,19.0,108.0,RENAULT,DUSTER 110PS DIESEL RXZ AWD,5.81
Bangalore,2014,31045,Petrol,Manual,Second,18.0,81.0,HYUNDAI,I20 ASTA 1.2,4.29
Pune,2013,58000,Diesel,Automatic,Second,16.0,138.0,VOLKSWAGEN,JETTA 2013-2015 2.0L TDI HIGHLINE AT,8.74
Kochi,2018,35480,Diesel,Manual,First,19.0,126.0,HYUNDAI,CRETA 1.6 SX PLUS DIESEL,14.91
Hyderabad,2016,62287,Diesel,Manual,First,28.0,88.0,MARUTI,CIAZ VDI SHVS,7.24
Coimbatore,2015,46162,Diesel,Manual,First,22.0,88.0,HYUNDAI,I20 ASTA 1.4 CRDI,6.61
Mumbai,2014,9200,Petrol,Manual,First,17.0,121.0,HYUNDAI,VERNA 1.6 SX VTVT,6.45
Kolkata,2012,55339,Diesel,Manual,First,22.0,73.0,VOLKSWAGEN,POLO DIESEL TRENDLINE 1.2L,3.52
Kolkata,2011,55476,Diesel,Manual,First,22.0,73.0,VOLKSWAGEN,POLO DIESEL TRENDLINE 1.2L,2.53
Pune,2007,68553,Petrol,Manual,Second,15.0,104.0,MARUTI,SX4 VXI BSIII,1.38
Kochi,2016,67376,Diesel,Manual,First,24.0,98.0,HONDA,MOBILIO RS OPTION I DTEC,7.17
Hyderabad,2013,42000,Diesel,Manual,First,19.0,108.0,RENAULT,DUSTER 110PS DIESEL RXZ PLUS,6.22
Coimbatore,2019,28069,Diesel,Automatic,First,12.0,174.0,TOYOTA,FORTUNER 2.8 2WD AT,30.34
Kochi,2014,93144,Diesel,Automatic,First,14.0,181.0,VOLVO,XC60 D4 SUMMUM,19.63
Hyderabad,2014,24300,Petrol,Automatic,First,23.0,67.0,MARUTI,CELERIO VXI AT,3.6
Hyderabad,2015,47883,Diesel,Manual,Second,26.0,88.0,MARUTI,CIAZ ZDI PLUS,6.5
Kochi,2013,12467,Diesel,Automatic,First,12.0,167.0,AUDI,Q5 2008-2012 2.0 TDI,24.68
Kolkata,2013,56683,Diesel,Automatic,Second,17.0,184.0,BMW,X1 SDRIVE 20D SPORTLINE,21.62
Bangalore,2013,38000,Petrol,Manual,First,15.0,70.0,FORD,FIGO PETROL ZXI,4.68
Ahmedabad,2018,35000,Diesel,Manual,First,22.0,126.0,HYUNDAI,ELANTRA CRDI SX,12.69
Pune,2007,80000,Petrol,Manual,Second,13.0,103.0,HYUNDAI,VERNA 1.6 I ABS,-0.38
Pune,2006,125000,Petrol,Manual,Second,13.0,130.0,HONDA,CIVIC 2006-2010 1.8 S MT,1.27
Chennai,2013,123000,Diesel,Manual,Second,12.0,168.0,TOYOTA,FORTUNER 4X4 MT,19.19
Chennai,2012,70000,Petrol,Manual,First,20.0,78.0,HYUNDAI,I10 SPORTZ,2.75
Hyderabad,2012,87982,Diesel,Manual,First,21.0,84.0,NISSAN,SUNNY 2011-2014 DIESEL XL,3.48
Jaipur,2013,40714,Diesel,Automatic,Second,18.0,190.0,BMW,5 SERIES 2013-2017 520D LUXURY LINE,29.54
Pune,2008,83000,Diesel,Manual,Second,16.0,123.0,CHEVROLET,OPTRA MAGNUM 2.0 LT,1.51
Ahmedabad,2011,86000,Petrol,Manual,First,20.0,78.0,HYUNDAI,I10 ASTA,2.11
Ahmedabad,2009,60002,Diesel,Manual,Second,17.0,106.0,SKODA,LAURA AMBIENTE,4.04
Jaipur,2013,60000,Diesel,Automatic,First,10.0,170.0,MERCEDES-BENZ,E-CLASS 2009-2013 E 220 CDI AVANTGARDE,20.44
Kolkata,2014,84677,Diesel,Manual,First,25.0,98.0,HONDA,AMAZE SX I-DTEC,3.59
Delhi,2017,23000,Diesel,Automatic,First,20.0,190.0,BMW,X1 XDRIVE 20D XLINE,28.63
Hyderabad,2016,81424,Diesel,Manual,First,12.0,100.0,TOYOTA,INNOVA 2.5 G (DIESEL) 8 SEATER,13.4
Delhi,2013,36400,Diesel,Automatic,First,7.0,394.0,PORSCHE,PANAMERA 2010 2013 DIESEL,50.71
Chennai,2012,70000,Diesel,Manual,Second,22.0,84.0,NISSAN,SUNNY XV D,3.62
Delhi,2015,40000,Diesel,Manual,Second,26.0,74.0,MARUTI,SWIFT DZIRE LDI,4.14
Mumbai,2019,600,Petrol,Automatic,First,21.0,81.0,MARUTI,WAGON R ZXI AMT 1.2,7.87
Pune,2015,65320,Diesel,Automatic,Second,16.0,138.0,VOLKSWAGEN,JETTA 2013-2015 2.0L TDI HIGHLINE AT,10.72
Pune,2009,79000,Petrol,Manual,Third,9.0,180.0,HONDA,ACCORD 2.4 INSPIRE M/T,4.91
Mumbai,2018,5000,Petrol,Manual,First,17.0,117.0,HONDA,CITY I VTEC V,10.1
Coimbatore,2019,6028,Petrol,Manual,First,17.0,121.0,HYUNDAI,VERNA 1.6 SX VTVT,11.38
Delhi,2006,86000,Petrol,Manual,Second,18.0,67.0,MARUTI,WAGON R LX BSII,-0.08
Kolkata,2013,160000,Diesel,Manual,Second,23.0,74.0,MARUTI,SWIFT DZIRE TOUR LDI,1.45
Kochi,2011,59967,Petrol,Automatic,First,9.0,208.0,AUDI,Q5 2008-2012 2.0 TFSI QUATTRO,17.53
Coimbatore,2018,43127,Diesel,Manual,First,23.0,67.0,TOYOTA,ETIOS CROSS 1.4 GD,8.3
Kochi,2012,65727,Petrol,Manual,First,19.0,68.0,HYUNDAI,I10 ERA 1.1 ITECH SE,3.85
Pune,2013,70000,Petrol,Manual,First,17.0,121.0,HYUNDAI,VERNA 1.6 VTVT,6.04
Coimbatore,2018,39861,Diesel,Manual,First,20.0,88.0,VOLKSWAGEN,POLO 1.5 TDI HIGHLINE,8.8
Delhi,2017,16485,Diesel,Automatic,First,22.0,187.0,BMW,5 SERIES 520D SPORT LINE,39.56
Bangalore,2010,77332,Diesel,Manual,Second,23.0,90.0,HYUNDAI,I20 1.4 ASTA OPTIONAL WITH SUNROOF,1.83
Kochi,2017,17489,Petrol,Automatic,First,18.0,82.0,HYUNDAI,GRAND I10 ASTA OPTION AT,6.98
Pune,2012,125000,Diesel,Automatic,First,11.0,169.0,TOYOTA,FORTUNER 4X2 4 SPEED AT,15.77
Chennai,2016,35129,Petrol,Automatic,First,21.0,83.0,MARUTI,BALENO ZETA AUTOMATIC,6.38
Hyderabad,2016,22982,Petrol,Automatic,First,13.0,121.0,HYUNDAI,CRETA 1.6 SX PLUS PETROL AUTOMATIC,11.7
Pune,2013,54500,Petrol,Manual,Third,20.0,78.0,HYUNDAI,I10 SPORTZ,4.27
Ahmedabad,2017,16235,Diesel,Manual,First,24.0,69.0,TATA,TIGOR XE DIESEL,5.72
Kochi,2017,73641,Petrol,Automatic,First,14.0,177.0,SKODA,SUPERB STYLE 1.8 TSI AT,17.52
Hyderabad,2015,59572,Diesel,Manual,First,26.0,74.0,MARUTI,SWIFT DZIRE VDI,6.11
Jaipur,2014,112827,Petrol,Automatic,First,13.0,141.0,HONDA,CR-V 2.0 AT,12.45
Hyderabad,2010,118000,Diesel,Manual,First,12.0,102.0,TOYOTA,INNOVA 2.5 G (DIESEL) 8 SEATER BS IV,7.92
Kolkata,2010,60000,Petrol,Manual,First,17.0,118.0,HONDA,CITY 1.5 V MT,3.43
Mumbai,2012,75059,Petrol,Automatic,First,17.0,121.0,HYUNDAI,VERNA VTVT 1.6 AT SX PLUS,5.16
Pune,2018,3000,Diesel,Manual,First,23.0,67.0,TOYOTA,ETIOS 1.4 VXD,8.69
Delhi,2011,78000,Petrol,Automatic,Second,13.0,157.0,SKODA,SUPERB ELEGANCE 1.8 TSI AT,6.75
Kolkata,2012,47000,Diesel,Manual,First,21.0,84.0,NISSAN,SUNNY 2011-2014 DIESEL XV,3.5
Delhi,2012,42000,Petrol,Manual,First,17.0,118.0,HONDA,CITY 1.5 V MT EXCLUSIVE,4.7
Kolkata,2018,6820,Diesel,Manual,First,22.0,88.0,HYUNDAI,ELITE I20 DIESEL ASTA OPTION,8.64
Kochi,2013,55176,Petrol,Manual,Second,17.0,104.0,CHEVROLET,OPTRA 1.6 LT ROYALE,3.98
Kochi,2016,39854,Petrol,Manual,First,18.0,86.0,HONDA,AMAZE S I-VTECH,5.7
Kolkata,2013,24000,Petrol,Manual,First,16.0,73.0,VOLKSWAGEN,POLO PETROL COMFORTLINE 1.2L,3.8
Jaipur,2016,55000,Diesel,Manual,First,22.0,74.0,MARUTI,SWIFT VDI,7.3
Kochi,2012,45840,Diesel,Automatic,First,11.0,153.0,FORD,ENDEAVOUR 3.0L 4X4 AT,9.54
Pune,2006,155000,Petrol,Manual,Third,15.0,94.0,MARUTI,BALENO LXI,0.44
Pune,2003,125000,Petrol,Manual,Second,18.0,67.0,MARUTI,WAGON R LX,-1.73
Coimbatore,2014,52951,Diesel,Manual,First,20.0,88.0,VOLKSWAGEN,POLO 1.5 TDI HIGHLINE,4.87
Kolkata,2013,49000,Petrol,Manual,First,17.0,121.0,HYUNDAI,VERNA 1.6 SX VTVT (O),5.47
Ahmedabad,2015,52000,Diesel,Manual,First,28.0,88.0,MARUTI,CIAZ ZDI PLUS SHVS,6.93
Mumbai,2001,227000,Diesel,Manual,Fourth & Above,0.0,97.0,TOYOTA,QUALIS FLEET A3,0.13
Jaipur,2013,120005,Diesel,Manual,First,21.0,84.0,NISSAN,SUNNY 2011-2014 DIESEL XL,4.5
Mumbai,2015,33000,Petrol,Manual,First,15.0,103.0,SKODA,RAPID 1.6 MPI AMBITION WITH ALLOY WHEEL,5.99
Delhi,2016,126000,Petrol,Manual,First,15.0,73.0,MARUTI,EECO 7 SEATER STANDARD,5.41
Bangalore,2013,66700,Petrol,Manual,First,15.0,103.0,SKODA,RAPID ULTIMA 1.6 MPI AMBITION PLUS,4.53
Jaipur,2014,122000,Diesel,Manual,Second,12.0,168.0,TOYOTA,FORTUNER 4X4 MT,20.17
Mumbai,2016,29000,Diesel,Manual,First,19.0,126.0,HYUNDAI,CRETA 1.6 CRDI SX,11.94
Kochi,2014,42315,Petrol,Manual,First,18.0,82.0,HYUNDAI,I20 MAGNA OPTIONAL 1.2,4.69
Mumbai,2015,22001,CNG,Manual,First,26.0,58.0,MARUTI,WAGON R LXI CNG,4.62
Kochi,2016,84580,Diesel,Manual,First,26.0,98.0,HONDA,CITY I DTEC V,7.64
Jaipur,2002,75000,Petrol,Manual,First,16.0,37.0,MARUTI,800 STD,-4.26
Pune,2006,85000,Petrol,Manual,Second,13.0,70.0,FORD,IKON 1.3 FLAIR,0.29
Delhi,2015,24296,Petrol,Manual,First,20.0,83.0,MARUTI,SWIFT DZIRE LXI,4.93
Kolkata,2014,40000,Petrol,Manual,First,16.0,116.0,HONDA,CITY 1.5 V MT SUNROOF,6.72
Chennai,2009,64514,Diesel,Manual,First,16.0,110.0,HYUNDAI,VERNA CRDI,3.74
Delhi,2016,35000,Petrol,Manual,First,17.0,121.0,HYUNDAI,VERNA 1.6 SX VTVT,8.44
Bangalore,2016,41000,Petrol,Manual,Second,25.0,53.0,RENAULT,KWID RXT,2.42
Ahmedabad,2008,60123,Petrol,Manual,Second,18.0,67.0,MARUTI,WAGON R LXI,0.59
Jaipur,2015,53000,Petrol,Manual,Second,18.0,82.0,HYUNDAI,GRAND I10 SPORTZ,3.69
Delhi,2017,9000,Petrol,Manual,First,18.0,81.0,HYUNDAI,I20 1.2 ASTA,7.48
Coimbatore,2015,53497,Petrol,Manual,First,18.0,86.0,HONDA,AMAZE S I-VTECH,4.73
Hyderabad,2007,68000,Diesel,Manual,First,17.0,68.0,FORD,FIESTA 1.4 DURATORQ ZXI,0.35
Hyderabad,2014,65000,Diesel,Automatic,First,19.0,126.0,HYUNDAI,VERNA SX CRDI AT,8.02
Kolkata,2014,45155,Diesel,Manual,First,23.0,67.0,TOYOTA,ETIOS VD SP,6.29
Coimbatore,2018,20026,Petrol,Automatic,First,19.0,88.0,HONDA,JAZZ 1.2 V CVT I VTEC,8.66
Ahmedabad,2015,60000,Diesel,Manual,First,23.0,126.0,HYUNDAI,VERNA 1.6 CRDI SX,8.05
Coimbatore,2019,15976,Diesel,Automatic,First,17.0,136.0,MERCEDES-BENZ,CLA 200 D SPORT EDITION,28.19
Kochi,2017,30523,Petrol,Automatic,First,14.0,177.0,SKODA,OCTAVIA ELEGANCE 1.8 TSI AT,16.11
Kolkata,2013,26300,Diesel,Manual,First,25.0,57.0,CHEVROLET,BEAT DIESEL LS,1.89
Kolkata,2011,66000,Diesel,Manual,First,22.0,73.0,VOLKSWAGEN,POLO DIESEL TRENDLINE 1.2L,2.54
Jaipur,2016,70000,Diesel,Manual,First,23.0,88.0,MARUTI,SX4 S CROSS DDIS 200 ZETA,8.94
Ahmedabad,2011,46000,Petrol,Manual,First,16.0,116.0,HONDA,CITY V MT,4.0
Hyderabad,2017,28000,Diesel,Manual,First,20.0,108.0,VOLKSWAGEN,VENTO 1.5 TDI HIGHLINE,9.52
Delhi,2017,46000,Petrol,Manual,First,18.0,81.0,HYUNDAI,GRAND I10 1.2 KAPPA MAGNA,5.63
Jaipur,2017,33000,Petrol,Automatic,First,24.0,67.0,RENAULT,KWID AMT RXL,4.65
Kochi,2017,27718,Petrol,Manual,First,22.0,47.0,MARUTI,ALTO 800 LXI,4.54
Bangalore,2013,58000,Petrol,Manual,First,15.0,110.0,FORD,ECOSPORT 1.5 TI VCT MT TITANIUM,5.76
Coimbatore,2018,33150,Petrol,Manual,First,21.0,83.0,MARUTI,BALENO ZETA,9.07
Pune,2013,77000,Diesel,Manual,First,23.0,73.0,MARUTI,RITZ VDI,4.58
Chennai,2007,70000,Diesel,Automatic,First,11.0,198.0,MERCEDES-BENZ,E-CLASS 280 CDI,10.96
Kolkata,2012,97000,Diesel,Manual,First,23.0,73.0,MARUTI,RITZ VDI,3.61
Chennai,2012,75300,Diesel,Manual,Second,25.0,57.0,CHEVROLET,BEAT DIESEL LT,1.74
Kochi,2010,69918,Petrol,Manual,First,15.0,103.0,MARUTI,SX4 VXI BSIV,3.16
Coimbatore,2019,4721,Petrol,Manual,First,14.0,35.0,MARUTI,OMNI 5 SEATER BSIV,5.2
Kolkata,2014,39163,Diesel,Manual,First,13.0,178.0,MITSUBISHI,PAJERO SPORT ANNIVERSARY EDITION,17.86
Pune,2013,80000,Petrol,Automatic,First,13.0,210.0,MERCEDES-BENZ,S CLASS 2005 2013 S 300 L,25.28
Bangalore,2015,66000,Diesel,Manual,First,25.0,56.0,CHEVROLET,BEAT DIESEL LS,3.81
Coimbatore,2017,36154,Diesel,Manual,Second,25.0,99.0,FORD,FIGO 2015-2019 1.5D TITANIUM MT,6.81
Ahmedabad,2012,34000,Petrol,Manual,First,17.0,117.0,HONDA,CITY I-VTEC VX,5.5
Chennai,2016,60000,Diesel,Automatic,Second,17.0,136.0,MERCEDES-BENZ,GLA CLASS 200 CDI SPORT,21.9
Jaipur,2015,32000,Diesel,Manual,First,21.0,88.0,HYUNDAI,CRETA 1.4 CRDI S PLUS,9.88
Kochi,2012,79985,Diesel,Manual,First,17.0,67.0,FORD,FIESTA CLASSIC 1.4 DURATORQ CLXI,3.34
Bangalore,2014,37600,Diesel,Automatic,Second,16.0,147.0,AUDI,A4 2.0 TDI,17.05
Kochi,2015,31965,Petrol,Manual,First,19.0,68.0,HYUNDAI,I10 MAGNA 1.1,4.58
Kochi,2010,70749,Petrol,Automatic,First,12.0,154.0,BMW,3 SERIES 320I SEDAN,11.05
Chennai,2013,38000,Diesel,Automatic,First,16.0,258.0,BMW,7 SERIES 730LD,37.91
Kochi,2017,41534,Petrol,Manual,First,17.0,121.0,HYUNDAI,VERNA 1.6 SX VTVT,9.44
Jaipur,2017,54455,Diesel,Automatic,First,22.0,108.0,VOLKSWAGEN,AMEO 1.5 TDI COMFORTLINE AT,8.14
Kolkata,2007,42000,Petrol,Manual,First,14.0,92.0,CHEVROLET,AVEO 1.4 LS,0.85
Coimbatore,2018,52073,Diesel,Manual,Second,18.0,147.0,CHEVROLET,CRUZE LTZ,9.28
Kochi,2018,40175,Diesel,Manual,Second,22.0,88.0,HYUNDAI,I20 1.4 SPORTZ,7.68
Mumbai,2017,16503,Petrol,Automatic,First,16.0,117.0,HONDA,BRV I-VTEC V CVT,9.68
Kochi,2017,15029,Petrol,Manual,First,19.0,82.0,HYUNDAI,XCENT 1.2 KAPPA SX,5.82
Mumbai,2013,26200,CNG,Manual,First,30.0,47.0,MARUTI,ALTO 800 CNG LXI,1.38
Hyderabad,2015,76362,Diesel,Manual,First,24.0,70.0,HYUNDAI,GRAND I10 CRDI SPORTZ,4.8
Kolkata,2007,18700,Petrol,Manual,Second,19.0,46.0,MARUTI,ALTO LXI,-0.83
Coimbatore,2015,67585,Diesel,Manual,First,12.0,100.0,TOYOTA,INNOVA 2.5 VX (DIESEL) 7 SEATER,12.7
Mumbai,2010,57000,Petrol,Automatic,Second,16.0,78.0,HYUNDAI,I10 SPORTZ 1.2 AT,1.14
Kochi,2019,22321,Petrol,Automatic,First,18.0,117.0,HONDA,CITY I-VTEC CVT V,11.9
Jaipur,1998,95150,Petrol,Manual,Third,17.0,60.0,MARUTI,ZEN LX,-3.67
Kolkata,2015,36428,Petrol,Manual,First,20.0,67.0,MARUTI,WAGON R LXI BS IV,4.76
Hyderabad,2012,73500,Diesel,Manual,Second,20.0,68.0,FORD,FIGO DIESEL TITANIUM,2.53
Kochi,2015,47234,Petrol,Manual,First,18.0,86.0,HONDA,AMAZE S I-VTECH,4.72
Hyderabad,2008,62364,Petrol,Manual,First,13.0,94.0,HYUNDAI,ACCENT GLE,3.05
Pune,2012,89000,Diesel,Manual,First,22.0,126.0,HYUNDAI,VERNA 1.6 SX CRDI (O),5.11
Ahmedabad,2013,58653,Diesel,Manual,First,25.0,74.0,MARUTI,SWIFT ZDI,4.7
Delhi,2013,30000,Petrol,Automatic,Second,14.0,120.0,MERCEDES-BENZ,B CLASS B180,11.49
Coimbatore,2014,64042,Diesel,Manual,First,17.0,163.0,CHEVROLET,CRUZE LTZ,7.46
Chennai,2013,120000,Diesel,Automatic,First,20.0,138.0,SKODA,LAURA AMBIENTE 2.0 TDI CR AT,8.45
Hyderabad,2014,90000,Diesel,Manual,First,12.0,120.0,MAHINDRA,SCORPIO VLX 2WD BSIV,7.79
Kochi,2018,30733,Diesel,Automatic,First,20.0,190.0,BMW,X1 XDRIVE 20D XLINE,29.62
Kolkata,2009,43600,Petrol,Automatic,First,10.0,272.0,MERCEDES-BENZ,E-CLASS 2009-2013 E350 PETROL,15.32
Pune,2010,71473,Petrol,Automatic,Second,13.0,157.0,SKODA,SUPERB ELEGANCE 1.8 TSI AT,5.76
Mumbai,2014,39000,Petrol,Automatic,Second,16.0,86.0,HONDA,BRIO VX AT,3.55
Hyderabad,2009,84045,Petrol,Manual,First,20.0,78.0,HYUNDAI,I10 MAGNA 1.2,0.35
Mumbai,2014,57004,Petrol,Manual,First,17.0,117.0,HONDA,CITY I VTEC SV,5.52
Coimbatore,2012,75464,Petrol,Manual,First,15.0,70.0,FORD,FIGO PETROL ZXI,3.73
Hyderabad,2006,142000,Diesel,Manual,First,12.0,102.0,TOYOTA,INNOVA 2.5 G4 DIESEL 7-SEATER,4.55
Kochi,2012,118683,Diesel,Manual,Second,21.0,64.0,MAHINDRA,VERITO 1.5 D6 BSIV,2.51
Delhi,2018,42000,Petrol,Manual,First,18.0,82.0,MAHINDRA,KUV 100 G80 K8 DUAL TONE,5.93
Kochi,2019,12800,Petrol,Manual,First,18.0,81.0,HYUNDAI,I20 SPORTZ OPTION 1.2,9.27
Jaipur,2011,80000,Petrol,Manual,First,12.0,127.0,TATA,NEW SAFARI EX 4X2,5.44
Hyderabad,2014,76126,Diesel,Manual,First,19.0,73.0,MARUTI,SWIFT DZIRE VDI,6.16
Chennai,2017,21000,Diesel,Automatic,Second,15.0,258.0,BMW,X5 XDRIVE 30D M SPORT,53.03
Pune,2013,85000,Diesel,Automatic,First,17.0,174.0,AUDI,A6 2011-2015 2.0 TDI PREMIUM PLUS,20.73
Jaipur,2017,27000,Petrol,Manual,First,21.0,83.0,MARUTI,BALENO DELTA 1.2,6.3
Coimbatore,2016,45794,Diesel,Automatic,First,13.0,194.0,HYUNDAI,SANTA FE 4WD AT,19.31
Hyderabad,2013,57352,Diesel,Automatic,First,14.0,163.0,CHEVROLET,CRUZE LTZ AT,7.29
Coimbatore,2018,41467,Diesel,Automatic,First,15.0,204.0,MERCEDES-BENZ,E-CLASS 2015-2017 E250 EDITION E,35.08
Mumbai,2009,42000,Petrol,Manual,First,17.0,62.0,HYUNDAI,SANTRO XING GLS,1.74
Delhi,2014,62549,CNG,Manual,First,26.0,58.0,MARUTI,WAGON R LXI CNG,3.67
Hyderabad,2015,67048,Diesel,Manual,First,28.0,88.0,MARUTI,CIAZ VDI PLUS SHVS,6.5
Kochi,2018,11732,Petrol,Manual,First,17.0,117.0,HONDA,CITY I-VTEC V,10.42
Mumbai,2016,37000,Diesel,Manual,First,20.0,83.0,NISSAN,TERRANO XL PLUS ICC WT20 SE,6.98
Hyderabad,2015,30000,Diesel,Automatic,First,18.0,184.0,BMW,3 SERIES 320D PRESTIGE,20.26
Hyderabad,2016,53000,Diesel,Manual,First,26.0,98.0,HONDA,CITY I DTEC V,7.61
Jaipur,2014,60000,Diesel,Manual,First,20.0,83.0,NISSAN,TERRANO XL PLUS 85 PS,5.84
Delhi,2014,65000,Diesel,Manual,First,24.0,70.0,HYUNDAI,GRAND I10 CRDI SPORTZ,3.8
Ahmedabad,2008,51000,Petrol,Manual,First,17.0,97.0,HYUNDAI,SANTRO XING XL ERLX EURO III,2.63
Delhi,2015,92000,Diesel,Automatic,First,12.0,168.0,TOYOTA,FORTUNER 4X2 AT,19.58
Kolkata,2017,31000,Diesel,Manual,First,13.0,147.0,TOYOTA,INNOVA CRYSTA 2.4 VX MT,18.36
Chennai,2017,43917,Petrol,Manual,First,21.0,83.0,MARUTI,BALENO ZETA 1.2,6.81
Kolkata,2007,46707,Petrol,Manual,First,17.0,97.0,HYUNDAI,SANTRO XING XL ERLX EURO III,1.64
Pune,2013,84000,Petrol,Manual,First,19.0,68.0,HYUNDAI,I10 SPORTZ 1.1L,2.32
Coimbatore,2015,55662,Diesel,Automatic,First,12.0,241.0,AUDI,Q7 3.0 TDI QUATTRO PREMIUM PLUS,40.16
Hyderabad,2014,51000,Diesel,Automatic,First,27.0,190.0,VOLVO,S60 D4 MOMENTUM,21.56
Jaipur,2015,24398,Petrol,Manual,First,17.0,117.0,HONDA,CITY I VTEC V,7.16
Hyderabad,2011,78000,Petrol,Manual,Second,20.0,67.0,MARUTI,ALTO K10 2010-2014 VXI,0.87
Delhi,2012,40315,Petrol,Manual,First,18.0,86.0,HONDA,BRIO 1.2 S OPTION MT,2.48
Jaipur,2011,83000,Diesel,Manual,First,12.0,120.0,MAHINDRA,SCORPIO VLX 2WD AIRBAG BSIV,5.68
Kochi,2017,58151,Diesel,Automatic,First,19.0,108.0,RENAULT,DUSTER 110PS DIESEL RXL AMT,11.41
Kochi,2017,30519,Diesel,Manual,First,19.0,126.0,HYUNDAI,CRETA 1.6 CRDI SX,12.93
Coimbatore,2019,20712,Petrol,Manual,First,23.0,84.0,TATA,TIAGO 1.2 REVOTRON XZ,7.03
Mumbai,2015,48000,Diesel,Manual,First,16.0,140.0,MAHINDRA,XUV500 W6 2WD,9.47
Hyderabad,2015,85000,Diesel,Manual,First,20.0,103.0,VOLKSWAGEN,VENTO 1.5 TDI HIGHLINE,7.14
Delhi,2013,32000,Petrol,Automatic,First,14.0,120.0,MERCEDES-BENZ,B CLASS B180,11.99
Delhi,2011,52000,Petrol,Manual,First,15.0,103.0,MARUTI,SX4 VXI BSIV,4.13
Hyderabad,2007,58307,Petrol,Manual,First,15.0,83.0,HYUNDAI,GETZ GLE,1.63
Mumbai,2013,30000,Diesel,Automatic,First,17.0,313.0,BMW,6 SERIES GRAN COUPE,48.48
Chennai,2014,40000,Diesel,Automatic,First,17.0,174.0,AUDI,A4 2.0 TDI 177 BHP PREMIUM PLUS,20.23
Kolkata,2015,36000,Petrol,Manual,First,18.0,81.0,HYUNDAI,I20 ASTA OPTION 1.2,5.48
Kochi,2015,58817,Diesel,Manual,First,19.0,83.0,NISSAN,TERRANO XL D OPTION,6.88
Chennai,2013,55000,Diesel,Manual,Second,20.0,103.0,VOLKSWAGEN,VENTO KONEKT DIESEL HIGHLINE,5.89
Mumbai,2011,39000,Petrol,Manual,First,20.0,78.0,HYUNDAI,I10 SPORTZ,1.74
Hyderabad,2012,35000,Diesel,Automatic,First,14.0,270.0,JAGUAR,XF 3.0 LITRE S PREMIUM LUXURY,24.51
Pune,2010,49900,Petrol,Manual,Second,17.0,85.0,MARUTI,SWIFT DZIRE VXI,1.51
Hyderabad,2013,99500,Diesel,Manual,Second,22.0,74.0,TATA,INDICA VISTA QUADRAJET VX,3.13
Kolkata,2012,33249,Diesel,Manual,First,21.0,88.0,HYUNDAI,I20 ASTA 1.4 CRDI,3.8
Delhi,2014,52000,Petrol,Manual,First,19.0,81.0,HYUNDAI,XCENT 1.2 KAPPA S OPTION,3.35
Mumbai,2015,45000,Diesel,Manual,First,12.0,100.0,TOYOTA,INNOVA 2.5 VX (DIESEL) 7 SEATER,12.68
Hyderabad,2017,22000,Petrol,Manual,First,23.0,84.0,TATA,TIAGO 1.2 REVOTRON XZ,5.06
Kochi,2019,7858,Petrol,Manual,First,25.0,53.0,RENAULT,KWID RXL,4.87
Pune,2011,112000,Diesel,Manual,First,12.0,102.0,TOYOTA,INNOVA 2.5 V DIESEL 7-SEATER,9.36
Coimbatore,2016,41082,Diesel,Automatic,First,13.0,204.0,MERCEDES-BENZ,E-CLASS 2015-2017 E250 CDI AVANTGARDE,34.09
Ahmedabad,2009,72000,Petrol,Automatic,First,16.0,116.0,HONDA,CITY 1.5 S AT,2.65
Hyderabad,2011,84912,Petrol,Manual,First,20.0,78.0,HYUNDAI,I10 SPORTZ 1.2,2.89
Pune,2015,70000,Diesel,Manual,First,19.0,126.0,HYUNDAI,CRETA 1.6 CRDI SX OPTION,11.53
Mumbai,2014,21000,Petrol,Manual,First,19.0,86.0,HONDA,AMAZE VX PETROL,4.4
Delhi,2016,27000,Petrol,Manual,First,18.0,74.0,VOLKSWAGEN,POLO 1.2 MPI TRENDLINE,4.91
Kolkata,2012,29000,Petrol,Manual,First,20.0,78.0,HYUNDAI,I10 MAGNA 1.2,3.26
Hyderabad,2014,48425,Diesel,Manual,First,23.0,63.0,RENAULT,PULSE RXL,3.18
Pune,2016,19000,Diesel,Automatic,First,21.0,108.0,VOLKSWAGEN,VENTO 1.5 TDI HIGHLINE AT,9.55
Hyderabad,2012,210000,Diesel,Manual,First,12.0,100.0,TOYOTA,INNOVA 2.5 VX (DIESEL) 7 SEATER BS IV,8.93
Delhi,2013,64000,Petrol,Manual,Second,14.0,138.0,TOYOTA,COROLLA ALTIS G,8.09
Chennai,2006,200000,Diesel,Manual,Second,16.0,110.0,HYUNDAI,VERNA CRDI,0.41
Chennai,2013,100000,Diesel,Automatic,Second,11.0,254.0,MERCEDES-BENZ,GL-CLASS 350 CDI BLUE EFFICIENCY,47.84
Kochi,2013,69140,Diesel,Manual,First,20.0,83.0,RENAULT,DUSTER 85PS DIESEL RXL OPTIONAL,5.37
Coimbatore,2019,21214,Petrol,Manual,First,15.0,103.0,SKODA,RAPID 1.6 MPI AMBITION,9.64
Kolkata,2015,28000,Petrol,Manual,First,20.0,78.0,HYUNDAI,I10 SPORTZ 1.2,6.78
Kochi,2017,29085,Petrol,Manual,First,18.0,82.0,MAHINDRA,KUV 100 MFALCON G80 K8,5.6
Kolkata,2016,30000,Petrol,Automatic,First,23.0,67.0,MARUTI,CELERIO VXI AMT,4.59
Mumbai,2012,32910,Petrol,Automatic,First,16.0,66.0,MARUTI,A-STAR AT VXI,2.58
Kolkata,2015,30000,Diesel,Manual,First,25.0,98.0,HONDA,CITY I DTEC VX,7.6
Pune,2010,35102,Petrol,Automatic,First,12.0,161.0,SKODA,SUPERB 1.8 TSI,8.59
Coimbatore,2017,22831,Petrol,Manual,First,18.0,82.0,HYUNDAI,GRAND I10 SPORTZ,6.14
Hyderabad,2013,74911,Diesel,Manual,First,20.0,83.0,RENAULT,DUSTER 85PS DIESEL RXL,4.69
Pune,2015,21000,Petrol,Manual,First,18.0,82.0,HYUNDAI,GRAND I10 MAGNA,4.36
Kochi,2018,37160,Diesel,Manual,First,22.0,98.0,FORD,ECOSPORT 1.5 TDCI TITANIUM,10.32
Jaipur,2011,41000,Petrol,Manual,Second,16.0,97.0,NISSAN,SUNNY 2011-2014 XL,2.09
Chennai,2016,37294,Diesel,Manual,First,25.0,99.0,FORD,FIGO ASPIRE 1.5 TDCI TITANIUM,6.98
Coimbatore,2009,56927,Petrol,Manual,First,13.0,130.0,HONDA,CIVIC 2006-2010 1.8 V MT,3.03
Kochi,2017,21954,Petrol,Manual,First,25.0,53.0,RENAULT,KWID RXT OPTIONAL,3.3
Kolkata,2014,50000,Petrol,Manual,Second,19.0,86.0,HONDA,BRIO EX MT,3.05
Coimbatore,2012,78212,Petrol,Manual,First,16.0,88.0,MARUTI,SWIFT ZXI ABS,4.45
Delhi,2013,64500,Diesel,Manual,First,21.0,88.0,HYUNDAI,I20 MAGNA OPTIONAL 1.4 CRDI,4.78
Delhi,2014,51000,Diesel,Automatic,First,17.0,138.0,SKODA,SUPERB ELEGANCE 2.0 TDI CR AT,11.56
Delhi,2012,52000,Petrol,Manual,First,18.0,67.0,MARUTI,WAGON R LXI BSII,3.86
Mumbai,2015,120000,Diesel,Automatic,First,21.0,103.0,VOLKSWAGEN,VENTO 1.5 TDI HIGHLINE AT,8.2
Coimbatore,2017,65792,Diesel,Manual,First,26.0,98.0,HONDA,CITY I DTEC S,8.66
Ahmedabad,2018,30000,Diesel,Manual,First,22.0,88.0,HYUNDAI,I20 1.4 SPORTZ,8.17
Coimbatore,2017,54387,Petrol,Automatic,First,19.0,75.0,NISSAN,MICRA XV CVT,7.24
Mumbai,2018,1617,Petrol,Manual,First,25.0,53.0,RENAULT,KWID RXT OPTIONAL,4.27
Hyderabad,2015,82000,Diesel,Manual,First,25.0,98.0,HONDA,CITY I-DTEC SV,6.83
Mumbai,2017,20000,Diesel,Manual,First,13.0,147.0,TOYOTA,INNOVA CRYSTA 2.4 G MT 8S,17.79
Jaipur,2015,98000,Diesel,Manual,First,27.0,74.0,MARUTI,BALENO ALPHA 1.3,5.44
Delhi,2015,57000,Diesel,Manual,First,22.0,98.0,FORD,ECOSPORT 1.5 TDCI TREND,6.8
Jaipur,2013,250000,Diesel,Manual,Second,12.0,100.0,TOYOTA,INNOVA 2.5 G (DIESEL) 8 SEATER,10.1
Hyderabad,2014,56549,Diesel,Manual,First,22.0,89.0,FORD,ECOSPORT 1.5 DV5 MT AMBIENTE,5.68
Bangalore,2012,78500,Diesel,Manual,First,22.0,73.0,VOLKSWAGEN,POLO DIESEL COMFORTLINE 1.2L,3.32
Kochi,2016,55036,Diesel,Manual,First,22.0,88.0,HYUNDAI,I20 SPORTZ 1.4 CRDI,7.41
Pune,2016,55000,Diesel,Manual,First,19.0,83.0,RENAULT,DUSTER 85PS DIESEL RXL EXPLORE,8.08
Chennai,2007,90000,Petrol,Manual,Second,13.0,70.0,FORD,IKON 1.3 FLAIR,1.28
Chennai,2007,155000,Diesel,Manual,First,13.0,141.0,FORD,ENDEAVOUR XLT TDCI 4X2,4.79
Hyderabad,2018,17810,Diesel,Manual,First,27.0,74.0,MARUTI,BALENO DELTA 1.3,8.85
Kochi,2011,42408,Diesel,Automatic,First,14.0,170.0,MERCEDES-BENZ,NEW C-CLASS C 220 CDI ELEGANCE AT,16.98
Ahmedabad,2005,81000,Petrol,Manual,Second,15.0,85.0,MARUTI,ESTEEM VXI - BSIII,-1.81
Pune,2008,52000,Petrol,Manual,Second,12.0,99.0,TATA,INDIGO XL GRAND PETROL,0.52
Mumbai,2013,35000,Diesel,Automatic,First,16.0,218.0,BMW,5 SERIES 525D SEDAN,27.39
Delhi,2013,60000,Petrol,Manual,First,17.0,62.0,HYUNDAI,SANTRO XING GL PLUS,2.09
Mumbai,2015,27000,Diesel,Automatic,First,19.0,141.0,SKODA,OCTAVIA 2.0 TDI AT STYLE PLUS,14.01
Coimbatore,2017,55975,Diesel,Automatic,Second,17.0,174.0,AUDI,A6 2011-2015 35 TDI TECHNOLOGY,33.23
Pune,2016,115000,Diesel,Manual,First,25.0,99.0,FORD,FIGO 1.5D TREND MT,6.11
Hyderabad,2016,132000,Diesel,Manual,First,14.0,93.0,MAHINDRA,XYLO D4 BS III,7.26
Mumbai,2015,40337,Petrol,Automatic,First,23.0,67.0,MARUTI,CELERIO ZXI AT,4.19
Chennai,2008,192000,Diesel,Manual,First,12.0,102.0,TOYOTA,INNOVA 2.5 G4 DIESEL 8-SEATER,5.78
Bangalore,2016,50000,Diesel,Manual,First,24.0,70.0,HYUNDAI,GRAND I10 CRDI ASTA,5.8
Kochi,2016,28147,Petrol,Manual,First,18.0,81.0,HYUNDAI,GRAND I10 1.2 KAPPA SPORTZ,4.64
Mumbai,2015,20000,Petrol,Manual,First,18.0,82.0,HYUNDAI,GRAND I10 SPORTZ,4.16
Chennai,2016,11000,Petrol,Manual,First,18.0,81.0,HYUNDAI,ELITE I20 PETROL ASTA,6.75
Jaipur,2009,63000,Petrol,Manual,Second,18.0,67.0,MARUTI,ZEN ESTILO LXI BSIII,0.51
Kochi,2014,36967,Petrol,Manual,First,20.0,67.0,MARUTI,ALTO K10 2010-2014 VXI,4.3
Jaipur,2016,73053,Diesel,Manual,First,13.0,168.0,TOYOTA,FORTUNER 4X2 MANUAL,19.88
Coimbatore,2019,16392,Diesel,Manual,First,16.0,105.0,MAHINDRA,THAR CRDE AC,11.7
Chennai,2007,79000,Petrol,Manual,First,17.0,97.0,HYUNDAI,SANTRO XING XO,1.67
Jaipur,2013,67000,Petrol,Manual,Second,16.0,88.0,TOYOTA,ETIOS G,3.73
Mumbai,2015,48600,Diesel,Automatic,First,12.0,224.0,MERCEDES-BENZ,GL-CLASS 2007 2012 350 CDI LUXURY,38.88
Bangalore,2014,70000,Diesel,Manual,First,19.0,108.0,RENAULT,DUSTER 110PS DIESEL RXZ,6.82
Pune,2014,84000,Diesel,Manual,First,22.0,74.0,MARUTI,SWIFT VDI,5.36
Mumbai,2013,49106,Petrol,Manual,First,15.0,103.0,VOLKSWAGEN,VENTO MAGNIFIC 1.6 COMFORTLINE,4.57
Mumbai,2017,35000,Diesel,Automatic,First,18.0,174.0,SKODA,SUPERB L&K 2.0 TDI AT,22.57
Kochi,2014,51240,Diesel,Automatic,First,8.0,245.0,BMW,3 SERIES 330D CONVERTIBLE,30.46
Kolkata,2011,37000,Petrol,Manual,Second,18.0,67.0,MARUTI,WAGON R VXI BS IV,0.26
Kochi,2017,32587,Petrol,Manual,First,25.0,53.0,RENAULT,KWID RXT,3.9
Pune,2009,180000,Diesel,Manual,First,10.0,143.0,FORD,ENDEAVOUR 4X2 XLT LIMITED EDITION,6.68
Kochi,2017,21248,Diesel,Manual,First,24.0,88.0,MARUTI,VITARA BREZZA ZDI PLUS DUAL TONE,10.02
Pune,2006,47200,Petrol,Manual,Second,17.0,97.0,HYUNDAI,SANTRO XING XO ERLX EURO II,-0.14
Delhi,2014,40000,Petrol,Automatic,First,10.0,157.0,MERCEDES-BENZ,E-CLASS 200 KOMPRESSOR ELEGANCE,21.05
Ahmedabad,2019,4000,Diesel,Automatic,First,0.0,194.0,MERCEDES-BENZ,C-CLASS PROGRESSIVE C 220D,36.53
Mumbai,2017,23700,CNG,Manual,First,17.0,80.0,MARUTI,ERTIGA VXI CNG,8.95
Delhi,2011,57000,Diesel,Automatic,Second,16.0,147.0,AUDI,A4 2.0 TDI CELEBRATION EDITION,19.47
Kolkata,2014,37000,Petrol,Manual,First,18.0,82.0,HYUNDAI,GRAND I10 ASTA,3.47
Jaipur,2014,70000,Diesel,Manual,Second,13.0,175.0,MITSUBISHI,PAJERO SPORT 4X4,14.71
Coimbatore,2012,92469,Diesel,Automatic,Second,19.0,201.0,MERCEDES-BENZ,NEW C-CLASS C 250 CDI AVANTGARDE,26.77
Pune,2015,55000,CNG,Manual,First,26.0,58.0,MARUTI,WAGON R LXI CNG,4.65
Ahmedabad,2017,20000,Petrol,Automatic,First,24.0,67.0,MARUTI,ALTO K10 VXI AGS,4.81
Delhi,2015,42000,Petrol,Manual,Second,18.0,81.0,HYUNDAI,I20 SPORTZ 1.2,4.64
Kolkata,2014,28000,Diesel,Manual,First,23.0,74.0,MARUTI,SWIFT DZIRE VDI,5.57
Pune,2010,93000,Petrol,Automatic,Second,11.0,272.0,MERCEDES-BENZ,R-CLASS R350 4MATIC LONG,22.81
Mumbai,2015,23000,Petrol,Automatic,First,15.0,110.0,FORD,ECOSPORT 1.5 TI VCT AT TITANIUM,7.01
Bangalore,2016,36000,Diesel,Manual,First,25.0,98.0,HONDA,CITY I DTEC VX OPTION,9.5
Chennai,2014,52000,Petrol,Manual,First,20.0,67.0,MARUTI,ALTO K10 2010-2014 VXI,4.31
Hyderabad,2015,59245,Diesel,Manual,First,20.0,88.0,MARUTI,ERTIGA ZDI,8.22
Pune,2018,31000,Diesel,Manual,First,22.0,88.0,HYUNDAI,I20 DIESEL ASTA OPTION,8.71
Pune,2015,83000,Petrol,Manual,First,15.0,64.0,TATA,INDIGO CS EGLX BS IV,3.98
Hyderabad,2004,81500,Petrol,Manual,Second,19.0,46.0,MARUTI,ALTO STD,-1.76
Chennai,2008,51000,Petrol,Manual,Second,19.0,97.0,MARUTI,ESTILO LXI,1.29
Hyderabad,2018,9900,Petrol,Manual,First,15.0,121.0,HYUNDAI,CRETA 1.6 SX,11.98
Pune,2004,94000,Petrol,Manual,Second,18.0,67.0,MARUTI,WAGON R LX,-0.77
Kochi,2017,27100,Petrol,Manual,First,16.0,88.0,TOYOTA,ETIOS V,7.85
Kolkata,2015,12000,Petrol,Manual,First,16.0,88.0,TOYOTA,ETIOS V,5.86
Mumbai,2013,29000,Diesel,Manual,First,19.0,108.0,RENAULT,DUSTER 110PS DIESEL RXZ OPTIONAL WITH NAV,6.59
Mumbai,2013,65000,Diesel,Manual,Second,19.0,73.0,MARUTI,SWIFT DZIRE VDI BSIV,4.64
Coimbatore,2017,50794,Diesel,Automatic,First,17.0,170.0,MERCEDES-BENZ,GLC 220,39.48
Mumbai,2014,59000,Diesel,Manual,First,22.0,89.0,FORD,ECOSPORT 1.5 DV5 MT TITANIUM OPTIONAL,6.39
Mumbai,2012,72000,CNG,Manual,First,26.0,58.0,MARUTI,WAGON R LXI CNG,1.7
Hyderabad,2017,15234,Petrol,Automatic,First,19.0,91.0,MARUTI,CIAZ 1.4 AT ALPHA,9.59
Mumbai,2015,44000,Diesel,Manual,First,22.0,89.0,FORD,ECOSPORT 1.5 DV5 MT TITANIUM,7.32
Hyderabad,2016,125000,Diesel,Manual,First,22.0,74.0,TATA,ZEST QUADRAJET 1.3 75PS XE,3.58
Chennai,2011,100000,Diesel,Automatic,First,11.0,153.0,FORD,ENDEAVOUR 3.0L 4X4 AT,8.61
Coimbatore,2017,34686,Diesel,Automatic,First,19.0,108.0,RENAULT,DUSTER 110PS DIESEL RXZ AMT,11.79
Pune,2011,98000,Diesel,Manual,First,14.0,147.0,NISSAN,X-TRAIL SLX MT,8.27
Delhi,2015,90000,Diesel,Automatic,First,12.0,168.0,TOYOTA,FORTUNER 4X4 AT,22.86
Pune,2007,81000,Petrol,Manual,First,15.0,74.0,CHEVROLET,AVEO U-VA 1.2 LS,0.56
Chennai,2012,55000,Diesel,Manual,First,20.0,103.0,SKODA,RAPID 1.6 TDI AMBITION,4.38
Bangalore,2013,52910,Diesel,Manual,Second,15.0,140.0,MAHINDRA,XUV500 W8 4WD,8.61
Chennai,2010,100000,Diesel,Manual,First,19.0,73.0,MARUTI,SWIFT DZIRE ZDI,2.87
Hyderabad,2003,132000,Diesel,Manual,First,18.0,66.0,SKODA,OCTAVIA ELEGANCE 1.9 TDI,-1.14
Mumbai,2014,18000,Petrol,Manual,First,13.0,98.0,CHEVROLET,ENJOY PETROL LS 7 SEATER,4.07
Kolkata,2005,50000,Petrol,Manual,First,13.0,94.0,HYUNDAI,ACCENT GLE,0.08
Bangalore,2012,33000,Petrol,Automatic,First,14.0,184.0,MERCEDES-BENZ,NEW C-CLASS C 200 CGI,15.56
Pune,2014,30000,Diesel,Manual,First,20.0,83.0,RENAULT,DUSTER 85PS DIESEL RXE,5.78
Hyderabad,2015,8000,Petrol,Automatic,First,12.0,488.0,JAGUAR,F TYPE 5.0 V8 S,57.78
Kochi,2012,58646,Diesel,Manual,First,22.0,126.0,HYUNDAI,VERNA 1.6 SX,5.18
Mumbai,2016,21000,Diesel,Automatic,First,13.0,204.0,MERCEDES-BENZ,E-CLASS 2015-2017 E250 CDI AVANTGARDE,34.07
Kochi,2015,57026,Petrol,Manual,First,15.0,103.0,VOLKSWAGEN,VENTO PETROL HIGHLINE,6.78
Mumbai,2017,42000,Diesel,Automatic,First,18.0,174.0,SKODA,SUPERB STYLE 2.0 TDI AT,20.9
Kochi,2017,26741,Diesel,Manual,First,15.0,120.0,MAHINDRA,SCORPIO 1.99 S4 PLUS,10.67
Pune,2010,85000,Petrol,Manual,First,17.0,97.0,SKODA,LAURA CLASSIC 1.8 TSI,2.32
Pune,2000,78000,Petrol,Manual,First,16.0,37.0,MARUTI,800 DX BSII,-12.03
Coimbatore,2018,29091,Diesel,Automatic,First,13.0,241.0,AUDI,Q5 3.0 TDI QUATTRO TECHNOLOGY,40.26
Coimbatore,2018,37323,Diesel,Manual,Second,17.0,100.0,MAHINDRA,NUVOSPORT N6,8.01
Chennai,2011,55595,Diesel,Manual,Second,20.0,103.0,VOLKSWAGEN,VENTO DIESEL HIGHLINE,3.48
Chennai,2015,49900,Petrol,Manual,First,20.0,83.0,MARUTI,SWIFT DZIRE VXI OPTIONAL,5.39
Mumbai,2012,52500,Petrol,Manual,Second,16.0,93.0,MARUTI,ERTIGA VXI,3.57
Chennai,2016,5700,Petrol,Manual,First,24.0,47.0,MARUTI,ALTO 800 2016-2019 LXI,3.04
Kochi,2014,53340,Diesel,Manual,First,21.0,88.0,HYUNDAI,I20 MAGNA 1.4 CRDI (DIESEL),4.38
Kolkata,2014,57000,Diesel,Manual,First,22.0,89.0,FORD,ECOSPORT 1.5 DV5 MT TITANIUM,6.34
Pune,2015,59525,CNG,Manual,Second,32.0,58.0,MARUTI,ALTO K10 LXI CNG,2.82
Bangalore,2014,58000,Diesel,Manual,First,20.0,103.0,VOLKSWAGEN,VENTO 1.5 TDI HIGHLINE,6.13
Bangalore,2011,73000,Diesel,Manual,First,12.0,120.0,MAHINDRA,SCORPIO VLX 2WD AIRBAG BSIII,6.31
Kochi,2016,33554,Diesel,Manual,First,25.0,99.0,FORD,FIGO ASPIRE 1.5 TDCI TITANIUM PLUS,7.26
Mumbai,2012,106000,Diesel,Manual,First,12.0,100.0,TOYOTA,INNOVA 2.5 G (DIESEL) 8 SEATER,9.48
Pune,2018,27000,Diesel,Manual,First,28.0,73.0,MARUTI,DZIRE LDI,7.21
Pune,2018,1000,Petrol,Manual,First,25.0,53.0,RENAULT,KWID RXL,3.88
Jaipur,2011,119000,Diesel,Manual,Third,13.0,141.0,FORD,ENDEAVOUR 2.5L 4X2 MT,7.42
Chennai,2002,75000,Diesel,Manual,First,0.0,97.0,MAHINDRA,JEEP MM 540 DP,-0.1
Delhi,2015,64000,Petrol,Manual,First,18.0,123.0,FORD,ECOSPORT 1.0 ECOBOOST TITANIUM PLUS,7.21
Hyderabad,2016,63738,Diesel,Manual,First,19.0,126.0,HYUNDAI,CRETA 1.6 CRDI SX,11.98
Bangalore,2016,16000,Diesel,Automatic,First,14.0,258.0,BMW,5 SERIES 2013-2017 530D M SPORT,40.59
Mumbai,2017,28000,Petrol,Automatic,First,18.0,103.0,MARUTI,ERTIGA VXI AT PETROL,9.14
Hyderabad,2007,91000,Diesel,Automatic,Second,15.0,106.0,SKODA,LAURA L AND K AT,2.17
Kolkata,2013,25000,Petrol,Manual,First,18.0,79.0,CHEVROLET,BEAT LS,3.74
Bangalore,2014,65630,Diesel,Automatic,First,15.0,174.0,AUDI,Q3 2.0 TDI,22.5
Pune,2014,48094,Petrol,Manual,First,17.0,118.0,HONDA,CITY 1.5 V MT,7.36
Pune,2009,90456,Petrol,Manual,Second,16.0,88.0,MARUTI,SWIFT LXI BSIII,-0.52
Jaipur,2012,140000,Diesel,Manual,First,20.0,68.0,FORD,FIGO DIESEL EXI,2.73
Chennai,2015,95000,Diesel,Automatic,First,12.0,168.0,TOYOTA,FORTUNER 4X4 AT,22.87
Pune,2013,79000,Diesel,Manual,Second,15.0,170.0,MERCEDES-BENZ,NEW C-CLASS 200 CDI CLASSIC,18.4
Chennai,2012,96000,Diesel,Manual,First,12.0,100.0,TOYOTA,INNOVA 2.5 GX (DIESEL) 7 SEATER,9.23
Coimbatore,2004,186679,Petrol,Manual,Second,13.0,100.0,HONDA,CITY 1.5 EXI,0.59
Jaipur,2015,91000,Diesel,Manual,First,25.0,98.0,HONDA,AMAZE S I-DTECH,5.32
Delhi,2010,109703,Petrol,Automatic,Second,14.0,138.0,TOYOTA,COROLLA ALTIS 1.8 G CVT,5.56
Hyderabad,2012,110000,Diesel,Manual,First,22.0,74.0,TATA,INDICA VISTA QUADRAJET VX,2.66
Mumbai,2012,35000,Diesel,Manual,First,16.0,140.0,MAHINDRA,XUV500 W8 2WD,6.87
Kolkata,2010,47722,Diesel,Manual,First,21.0,73.0,MARUTI,RITZ VDI,1.91
Mumbai,2013,25000,Petrol,Automatic,First,14.0,181.0,MERCEDES-BENZ,NEW C-CLASS C 200 AVANTGARDE,18.03
Mumbai,2018,8000,Petrol,Automatic,First,17.0,121.0,HYUNDAI,VERNA VTVT 1.6 AT SX OPTION,12.68
Hyderabad,2012,65000,Diesel,Automatic,First,14.0,204.0,MERCEDES-BENZ,NEW C-CLASS C 250 CDI ELEGANCE,18.11
Hyderabad,2018,1048,Petrol,Manual,First,18.0,67.0,MARUTI,WAGON R VXI BS IV,7.63
Bangalore,2014,42000,Petrol,Manual,Second,16.0,93.0,MARUTI,ERTIGA VXI,5.54
Hyderabad,2013,55000,Diesel,Manual,First,20.0,103.0,SKODA,RAPID ULTIMA 1.6 TDI ELEGANCE,6.54
Delhi,2010,72000,Diesel,Manual,First,12.0,102.0,TOYOTA,INNOVA 2.5 V DIESEL 8-SEATER,8.01
Kochi,2018,17773,Petrol,Automatic,First,13.0,183.0,MERCEDES-BENZ,GLA CLASS 200 SPORT,28.15
Hyderabad,2013,65000,Diesel,Manual,Second,20.0,88.0,VOLKSWAGEN,POLO 1.5 TDI HIGHLINE,3.39
Mumbai,2008,65000,Petrol,Manual,Second,0.0,62.0,HYUNDAI,SANTRO XING GL,0.05
Kolkata,2013,53280,Diesel,Manual,First,22.0,126.0,HYUNDAI,VERNA 1.6 CRDI EX MT,5.3
Ahmedabad,2016,34005,Petrol,Manual,First,17.0,73.0,VOLKSWAGEN,AMEO 1.2 MPI HIGHLINE,5.61
Coimbatore,2017,14618,Petrol,Manual,First,18.0,81.0,HYUNDAI,I20 ASTA OPTION 1.2,7.43
Delhi,2006,65771,Petrol,Manual,Second,17.0,64.0,MARUTI,WAGON R LX BSIII,0.66
Pune,2006,78000,Petrol,Manual,Second,13.0,60.0,TATA,INDICA LEI,-1.89
Hyderabad,2016,105545,Diesel,Manual,First,14.0,112.0,MAHINDRA,XYLO D4,8.34
Jaipur,2017,25000,Diesel,Manual,First,12.0,134.0,ISUZU,D-MAX V-CROSS 4X4,10.81
Pune,2010,80561,Petrol,Manual,First,18.0,80.0,HYUNDAI,I20 2015-2017 MAGNA,0.2
Mumbai,2017,6000,Petrol,Manual,First,21.0,83.0,MARUTI,BALENO ALPHA,7.72
Jaipur,2016,39000,Diesel,Automatic,First,17.0,153.0,TATA,HEXA XTA,14.26
Kolkata,2011,55001,Petrol,Manual,First,16.0,73.0,VOLKSWAGEN,POLO PETROL COMFORTLINE 1.2L,1.86
Mumbai,2012,63720,Petrol,Automatic,First,11.0,186.0,MERCEDES-BENZ,NEW C-CLASS C 200 CGI ELEGANCE,17.06
Delhi,2013,70000,Diesel,Manual,First,23.0,97.0,TOYOTA,ETIOS GD,5.34
Jaipur,2005,100000,Petrol,Manual,Second,15.0,83.0,HYUNDAI,GETZ GLS,-1.25
Kochi,2017,15386,Petrol,Manual,First,23.0,84.0,TATA,TIAGO 1.2 REVOTRON XT,5.02
Mumbai,2013,102486,Diesel,Manual,First,19.0,83.0,RENAULT,DUSTER 85PS DIESEL RXL OPTION,5.13
Coimbatore,2013,58629,Diesel,Automatic,Second,18.0,187.0,AUDI,A4 35 TDI PREMIUM PLUS,19.56
Pune,2008,86000,Diesel,Manual,Third,13.0,138.0,TATA,NEW SAFARI DICOR 2.2 VX 4X2,2.65
Hyderabad,2012,68238,Diesel,Manual,First,22.0,74.0,MARUTI,SWIFT VDI,3.37
Mumbai,2011,42036,Petrol,Automatic,First,13.0,157.0,SKODA,SUPERB ELEGANCE 1.8 TSI AT,7.22
Mumbai,2014,55619,Petrol,Manual,First,16.0,147.0,HYUNDAI,ELANTRA SX,9.18
Pune,2009,60000,Petrol,Manual,Third,17.0,118.0,HONDA,CITY 1.5 E MT,3.44
Pune,2015,30000,Diesel,Manual,First,19.0,83.0,RENAULT,DUSTER 85PS DIESEL RXL EXPLORE,7.07
Kochi,2016,31150,Diesel,Automatic,First,16.0,187.0,JAGUAR,XF 2.2 LITRE LUXURY,32.8
Jaipur,2010,70000,LPG,Manual,First,26.0,58.0,MARUTI,WAGON R DUO LXI,1.73
Pune,2010,70290,Petrol,Manual,Second,17.0,73.0,VOLKSWAGEN,POLO IPL II 1.2 PETROL HIGHLINE,1.13
Chennai,2016,10000,Petrol,Manual,First,17.0,88.0,TATA,BOLT REVOTRON XT,4.75
Bangalore,2014,68010,Petrol,Manual,Second,18.0,82.0,HYUNDAI,I20 SPORTZ 1.2,3.77
Kochi,2013,91903,Diesel,Automatic,First,17.0,174.0,AUDI,A6 2011-2015 2.0 TDI,20.48
Mumbai,2011,38000,Petrol,Manual,First,16.0,103.0,VOLKSWAGEN,VENTO 1.6 HIGHLINE,2.55
Bangalore,2015,67600,Petrol,Manual,First,23.0,67.0,MARUTI,CELERIO VXI,3.93
Coimbatore,2007,66800,Petrol,Manual,First,15.0,83.0,HYUNDAI,GETZ GLE,1.64
Pune,2016,37208,Diesel,Manual,First,24.0,88.0,MARUTI,VITARA BREZZA VDI,7.23
Mumbai,2009,102002,Diesel,Automatic,First,8.0,224.0,MERCEDES-BENZ,M-CLASS ML 320 CDI,14.51
Delhi,2011,68000,Diesel,Manual,First,19.0,73.0,MARUTI,SWIFT DZIRE VDI BSIV,3.18
Hyderabad,2013,40000,Diesel,Automatic,Second,17.0,300.0,PORSCHE,PANAMERA DIESEL,57.91
Mumbai,2015,33500,Petrol,Automatic,First,19.0,158.0,TOYOTA,CAMRY HYBRID,22.33
Delhi,2013,33746,Petrol,Manual,First,18.0,86.0,HONDA,BRIO 1.2 VX MT,3.33
Hyderabad,2009,53000,Petrol,Automatic,First,0.0,262.0,SKODA,SUPERB 3.6 V6 FSI,10.44
Coimbatore,2011,45004,Diesel,Manual,First,12.0,102.0,TOYOTA,INNOVA 2.5 V DIESEL 7-SEATER,9.3
Coimbatore,2015,70602,Diesel,Manual,First,25.0,98.0,HONDA,AMAZE VX I-DTEC,5.46
Delhi,2014,27365,Diesel,Manual,First,28.0,74.0,MARUTI,SWIFT VDI,4.35
Jaipur,2015,100000,Diesel,Manual,First,24.0,71.0,HYUNDAI,XCENT 1.1 CRDI S,4.48
Jaipur,2012,55000,Diesel,Manual,Second,14.0,112.0,MAHINDRA,XYLO D4 BSIV,5.58
Kolkata,2013,46000,Petrol,Manual,First,18.0,67.0,MARUTI,WAGON R VXI,3.6
Hyderabad,2011,47000,Diesel,Manual,First,25.0,57.0,CHEVROLET,BEAT DIESEL,1.44
