Location,Year,Kilometers_Driven,Fuel_Type,Transmission,Owner_Type,Mileage,Power,Brand,Model
Mumbai,2010,72000,CNG,Manual,First,26.0,58.0,MARUTI,WAGON R LXI CNG
Pune,2015,41000,Diesel,Manual,First,19.0,126.0,HYUNDAI,CRETA 1.6 CRDI SX OPTION
Chennai,2011,46000,Petrol,Manual,First,18.0,88.0,HONDA,JAZZ V
Chennai,2012,87000,Diesel,Manual,First,20.0,88.0,MARUTI,ERTIGA VDI
Coimbatore,2013,40670,Diesel,Automatic,Second,15.0,140.0,AUDI,A4 NEW 2.0 TDI MULTITRONIC
Hyderabad,2012,75000,LPG,Manual,First,21.0,55.0,HYUNDAI,EON LPG ERA PLUS OPTION
Jaipur,2013,86999,Diesel,Manual,First,23.0,63.0,NISSAN,MICRA DIESEL XV
Mumbai,2016,36000,Diesel,Automatic,First,11.0,171.0,TOYOTA,INNOVA CRYSTA 2.8 GX AT 8S
Pune,2013,64430,Diesel,Manual,First,20.0,103.0,VOLKSWAGEN,VENTO DIESEL COMFORTLINE
Chennai,2012,65932,Diesel,Manual,Second,22.0,74.0,TATA,INDICA VISTA QUADRAJET LS
Kochi,2018,25692,Petrol,Manual,First,21.0,103.0,MARUTI,CIAZ ZETA
Kolkata,2012,60000,Petrol,Automatic,First,16.0,116.0,HONDA,CITY 1.5 V AT SUNROOF
Jaipur,2015,64424,Diesel,Manual,First,25.0,74.0,MARUTI,SWIFT VDI BSIV
Delhi,2014,72000,Diesel,Automatic,First,12.0,187.0,LAND,ROVER RANGE ROVER 2.2L PURE
Pune,2012,85000,Diesel,Automatic,Second,0.0,115.0,LAND,ROVER FREELANDER 2 TD4 SE
Delhi,2014,110000,Diesel,Manual,First,13.0,175.0,MITSUBISHI,PAJERO SPORT 4X4
Kochi,2016,58950,Diesel,Manual,First,25.0,98.0,HONDA,AMAZE S I-DTECH
Jaipur,2017,25000,Diesel,Manual,First,28.0,74.0,MARUTI,SWIFT DDIS VDI
Kochi,2014,77469,Diesel,Manual,First,20.0,83.0,RENAULT,DUSTER 85PS DIESEL RXL PLUS
Bangalore,2014,78500,Diesel,Automatic,First,14.0,167.0,MERCEDES-BENZ,NEW C-CLASS C 220 CDI BE AVANTGARE
Kochi,2014,32982,Diesel,Automatic,First,22.0,190.0,BMW,3 SERIES 320D
Bangalore,2015,55392,Diesel,Manual,Second,23.0,88.0,MARUTI,S CROSS DDIS 200 ALPHA
Mumbai,2015,55985,Petrol,Automatic,First,13.0,177.0,AUDI,A6 2011-2015 35 TFSI TECHNOLOGY
Kolkata,2010,45807,Petrol,Manual,First,18.0,80.0,HYUNDAI,I20 1.2 MAGNA
Kolkata,2010,33000,Petrol,Automatic,First,14.0,103.0,VOLKSWAGEN,VENTO PETROL HIGHLINE AT
Mumbai,2012,51920,Petrol,Manual,First,16.0,116.0,HONDA,CITY CORPORATE EDITION
Hyderabad,2012,54000,Diesel,Manual,First,23.0,63.0,NISSAN,MICRA DIESEL XV
Hyderabad,2013,54000,Petrol,Manual,Second,20.0,67.0,MARUTI,ALTO K10 2010-2014 VXI
Kochi,2018,37430,Petrol,Manual,First,17.0,88.0,HONDA,WRV I-VTEC VX
Mumbai,2007,262000,Diesel,Manual,Fourth & Above,12.0,102.0,TOYOTA,INNOVA 2.5 V DIESEL 7-SEATER
Bangalore,2013,62000,Diesel,Manual,First,19.0,108.0,RENAULT,DUSTER 110PS DIESEL RXZ PACK
Delhi,2012,87615,Petrol,Manual,First,14.0,138.0,TOYOTA,COROLLA ALTIS G
Bangalore,2013,72000,Diesel,Automatic,Second,11.0,184.0,MAHINDRA,SSANGYONG REXTON RX7
Kolkata,2010,35000,Diesel,Automatic,First,12.0,179.0,AUDI,A6 2.7 TDI
Coimbatore,2014,55431,Petrol,Manual,Second,16.0,103.0,VOLKSWAGEN,VENTO 1.6 HIGHLINE
Jaipur,2009,83816,Petrol,Manual,Second,14.0,64.0,MARUTI,WAGON R LXI BSIII
Kochi,2018,50075,Diesel,Manual,First,24.0,88.0,MARUTI,VITARA BREZZA ZDI PLUS
Delhi,2017,52000,Petrol,Manual,First,18.0,82.0,MAHINDRA,KUV 100 MFALCON G80 K6 5STR AW
Pune,2013,85000,Diesel,Automatic,First,11.0,254.0,MERCEDES-BENZ,M-CLASS ML 350 CDI
Chennai,2013,62000,Diesel,Manual,First,22.0,73.0,VOLKSWAGEN,POLO DIESEL TRENDLINE 1.2L
Delhi,2008,90000,Petrol,Manual,Second,19.0,46.0,MARUTI,ALTO LXI
Kochi,2014,19698,Petrol,Manual,First,25.0,37.0,TATA,NANO LX SE
Coimbatore,2017,22033,Diesel,Manual,First,25.0,77.0,MAHINDRA,KUV 100 MFALCON D75 K8 DUAL TONE
Kochi,2014,35487,Petrol,Manual,First,18.0,82.0,HYUNDAI,I20 MAGNA OPTIONAL 1.2
Bangalore,2014,46374,Petrol,Automatic,First,14.0,149.0,HYUNDAI,ELANTRA 2.0 SX OPTION AT
Mumbai,2016,52001,Petrol,Automatic,First,14.0,138.0,TOYOTA,COROLLA ALTIS G AT
Ahmedabad,2008,58005,Diesel,Manual,Second,14.0,112.0,HYUNDAI,ELANTRA CRDI
Bangalore,2012,70704,Petrol,Manual,First,11.0,163.0,TOYOTA,INNOVA CRYSTA 2.7 GX MT
Jaipur,2014,75000,Diesel,Manual,First,24.0,71.0,HYUNDAI,XCENT 1.1 CRDI S
Jaipur,2012,75800,Diesel,Manual,Second,16.0,105.0,MAHINDRA,THAR CRDE AC
Kochi,2015,13648,Diesel,Automatic,First,17.0,174.0,AUDI,A4 2.0 TDI 177 BHP PREMIUM PLUS
Delhi,2014,52000,Diesel,Manual,First,22.0,74.0,MARUTI,SWIFT LDI
Kolkata,2014,53000,Diesel,Manual,First,17.0,75.0,MARUTI,SWIFT LDI BSIV
Delhi,2013,65650,Diesel,Manual,First,28.0,74.0,MARUTI,SWIFT VDI
Chennai,2015,54000,Petrol,Manual,Third,18.0,82.0,HYUNDAI,GRAND I10 SPORTZ
Kolkata,2015,39000,Petrol,Manual,First,15.0,103.0,VOLKSWAGEN,VENTO 2013-2015 1.6 COMFORTLINE
Kochi,2017,16542,Petrol,Manual,First,25.0,53.0,RENAULT,KWID RXT
Kolkata,2010,32000,Petrol,Manual,First,20.0,78.0,HYUNDAI,I10 ASTA
Hyderabad,2010,121812,Diesel,Automatic,First,13.0,147.0,NISSAN,X-TRAIL SLX AT
Hyderabad,2010,39300,Petrol,Manual,First,18.0,67.0,MARUTI,ZEN ESTILO VXI BSIII
Mumbai,2017,22000,Diesel,Manual,First,13.0,147.0,TOYOTA,INNOVA CRYSTA 2.4 GX MT 8S
Bangalore,2010,72000,Diesel,Manual,First,20.0,68.0,FORD,FIGO DIESEL TITANIUM
Delhi,2015,58000,Petrol,Automatic,First,11.0,186.0,MERCEDES-BENZ,NEW C-CLASS C 200 CGI AVANTGARDE
Pune,2011,65000,Diesel,Manual,Second,15.0,170.0,MERCEDES-BENZ,NEW C-CLASS 200 CDI CLASSIC
Chennai,2016,178000,Diesel,Manual,First,25.0,69.0,TATA,INDICA V2 ELS
Jaipur,2012,65664,Diesel,Automatic,First,16.0,140.0,AUDI,A4 2.0 TDI MULTITRONIC
Mumbai,2007,63000,Petrol,Automatic,Second,16.0,78.0,HONDA,CITY ZX CVT
Coimbatore,2019,15369,Diesel,Automatic,First,0.0,194.0,MERCEDES-BENZ,C-CLASS PROGRESSIVE C 220D
Pune,2016,63000,Diesel,Manual,First,24.0,88.0,MARUTI,ERTIGA SHVS VDI
Mumbai,2018,13000,Diesel,Manual,First,22.0,88.0,HYUNDAI,CRETA 1.4 E PLUS DIESEL
Mumbai,2008,73000,Petrol,Automatic,First,8.0,500.0,PORSCHE,CAYENNE 2009-2014 TURBO
Mumbai,2015,55729,Diesel,Manual,First,15.0,140.0,MAHINDRA,XUV500 W8 4WD
Kochi,2012,45178,Petrol,Automatic,First,16.0,78.0,HYUNDAI,I10 SPORTZ 1.2 AT
Kochi,2015,56066,Diesel,Manual,First,19.0,108.0,NISSAN,TERRANO XV D PRE
Coimbatore,2016,37300,Petrol,Automatic,Second,16.0,86.0,HONDA,BRIO VX AT
Delhi,2014,56000,Diesel,Automatic,Second,18.0,187.0,AUDI,A6 2.0 TDI DESIGN EDITION
Jaipur,2008,111111,Diesel,Manual,First,17.0,97.0,FORD,FIESTA 1.4 SXI TDCI
Chennai,2006,230000,Petrol,Manual,Third,12.0,132.0,TOYOTA,INNOVA 2.0 G1
Hyderabad,2012,104000,Diesel,Manual,First,12.0,102.0,TOYOTA,INNOVA 2.5 VX 7 STR BSIV
Hyderabad,2005,87591,Petrol,Manual,First,0.0,97.0,HYUNDAI,SANTRO XING XL
Jaipur,2012,95100,Diesel,Manual,First,22.0,74.0,MARUTI,SWIFT VDI
Pune,2017,70000,Petrol,Manual,First,17.0,88.0,TATA,ZEST REVOTRON 1.2T XE
Kochi,2016,54944,Petrol,Manual,First,18.0,86.0,HONDA,AMAZE SX I-VTEC
Hyderabad,2012,70337,Diesel,Manual,First,20.0,68.0,FORD,FIGO DIESEL ZXI
Jaipur,2013,99638,Diesel,Manual,First,23.0,73.0,MARUTI,RITZ VDI
Delhi,2009,52000,Petrol,Manual,First,17.0,117.0,HONDA,CITY I VTEC E
Delhi,2011,75000,Diesel,Automatic,Second,16.0,218.0,BMW,5 SERIES 2003-2012 525D
Pune,2009,95980,Petrol,Manual,First,20.0,78.0,HYUNDAI,I10 SPORTZ 1.2
Bangalore,2016,16000,Petrol,Manual,First,18.0,82.0,HYUNDAI,GRAND I10 SPORTZ
Hyderabad,2007,73745,Petrol,Manual,First,17.0,97.0,HYUNDAI,SANTRO XING XO
Mumbai,2016,18949,Petrol,Manual,First,17.0,86.0,HONDA,AMAZE SX I-VTEC
Delhi,2014,107000,Diesel,Manual,First,13.0,168.0,TOYOTA,FORTUNER 4X2 MANUAL
Coimbatore,2018,48367,Diesel,Automatic,First,17.0,174.0,AUDI,A6 2011-2015 35 TDI PREMIUM
Delhi,2013,57000,Diesel,Manual,First,22.0,89.0,FORD,ECOSPORT 1.5 DV5 MT TITANIUM OPTIONAL
Delhi,2014,58000,Diesel,Manual,First,15.0,140.0,MAHINDRA,XUV500 W8 2WD
Kolkata,2015,30000,Diesel,Manual,First,25.0,98.0,HONDA,AMAZE SX I-DTEC
Kolkata,2013,34212,Diesel,Manual,First,22.0,73.0,VOLKSWAGEN,POLO DIESEL HIGHLINE 1.2L
Ahmedabad,2010,70002,Diesel,Manual,First,16.0,110.0,HYUNDAI,VERNA TRANSFORM SX VGT CRDI
Bangalore,2016,62000,Petrol,Manual,First,18.0,67.0,MARUTI,WAGON R VXI BS IV
Delhi,2010,62001,Petrol,Manual,First,15.0,103.0,VOLKSWAGEN,POLO PETROL HIGHLINE 1.6L
Pune,2011,78958,Diesel,Manual,Second,23.0,90.0,HYUNDAI,I20 1.4 CRDI SPORTZ
Mumbai,2014,30180,Petrol,Manual,First,18.0,82.0,HYUNDAI,I20 ASTA 1.2
Pune,2017,32851,Petrol,Manual,First,19.0,67.0,DATSUN,GO PLUS T PETROL
Kolkata,2010,30000,Diesel,Automatic,First,14.0,241.0,AUDI,A4 3.0 TDI QUATTRO PREMIUM
Pune,2009,66000,Petrol,Manual,Second,17.0,80.0,HYUNDAI,I20 2015-2017 ASTA
Coimbatore,2010,93850,Petrol,Manual,First,14.0,35.0,MARUTI,OMNI 5 STR STD
Ahmedabad,2014,53000,Petrol,Manual,First,17.0,78.0,TOYOTA,ETIOS LIVA 1.2 G
Hyderabad,2011,78000,Diesel,Automatic,Second,14.0,270.0,JAGUAR,XF 3.0 LITRE S PREMIUM LUXURY
Delhi,2012,65000,Diesel,Manual,Second,16.0,140.0,MAHINDRA,XUV500 W8 2WD
Kolkata,2014,40000,Diesel,Automatic,First,22.0,126.0,HYUNDAI,VERNA 1.6 SX CRDI (O) AT
Mumbai,2017,30000,Diesel,Automatic,First,11.0,171.0,TOYOTA,INNOVA CRYSTA 2.8 ZX AT
Coimbatore,2017,38053,Petrol,Manual,First,15.0,73.0,MARUTI,EECO 5 SEATER AC
Bangalore,2014,25500,Petrol,Manual,First,25.0,37.0,TATA,NANO TWIST XT
Mumbai,2015,56087,Diesel,Automatic,First,22.0,190.0,BMW,3 SERIES 320D LUXURY LINE
Delhi,2010,71088,Petrol,Manual,First,13.0,130.0,HONDA,CIVIC 2006-2010 1.8 V MT
Ahmedabad,2014,55000,Diesel,Manual,First,12.0,100.0,TOYOTA,INNOVA 2.5 VX (DIESEL) 7 SEATER
Bangalore,2014,32700,Diesel,Automatic,First,23.0,150.0,VOLVO,V40 CROSS COUNTRY D3
Coimbatore,2016,39882,Petrol,Automatic,First,19.0,75.0,NISSAN,MICRA XV CVT
Mumbai,2009,128000,Petrol,Automatic,First,10.0,215.0,BMW,5 SERIES 2010-2013 525I
Mumbai,2016,55000,Diesel,Manual,First,24.0,88.0,MARUTI,VITARA BREZZA VDI
Mumbai,2005,102000,Petrol,Manual,Second,17.0,97.0,HYUNDAI,SANTRO XING XL ERLX EURO III
Pune,2014,53753,Diesel,Automatic,Second,15.0,107.0,MERCEDES-BENZ,B CLASS B200 CDI
Kolkata,2018,10250,Diesel,Manual,First,22.0,126.0,HYUNDAI,VERNA CRDI 1.6 SX OPTION
Pune,2011,43874,Petrol,Manual,First,18.0,67.0,MARUTI,WAGON R LXI BS IV
Coimbatore,2017,32684,Petrol,Automatic,First,21.0,37.0,TATA,NANO XTA
Kolkata,2014,42000,Diesel,Manual,First,12.0,120.0,MAHINDRA,SCORPIO VLX
Kolkata,2009,28352,Petrol,Automatic,First,11.0,178.0,MERCEDES-BENZ,NEW C-CLASS 200 K AT
Pune,2013,89900,CNG,Manual,First,26.0,58.0,MARUTI,WAGON R LXI CNG
Bangalore,2007,47700,Petrol,Manual,Second,10.0,152.0,HONDA,CR-V 2.4 MT
Pune,2015,55000,Diesel,Automatic,First,21.0,103.0,VOLKSWAGEN,VENTO 1.5 TDI COMFORTLINE AT
Kochi,2017,44285,Petrol,Manual,First,20.0,91.0,MARUTI,CIAZ VXI PLUS
Jaipur,2016,54000,Diesel,Automatic,First,16.0,140.0,MAHINDRA,XUV500 AT W10 FWD
Coimbatore,2016,30232,Petrol,Manual,First,21.0,85.0,MARUTI,RITZ VXI ABS
Hyderabad,2014,88500,Petrol,Manual,First,24.0,67.0,MARUTI,ALTO K10 VXI
Kolkata,2017,13372,Petrol,Automatic,First,19.0,362.0,MERCEDES-BENZ,SLC 43 AMG
Kochi,2019,12645,Petrol,Automatic,First,17.0,121.0,HYUNDAI,VERNA VTVT 1.6 AT SX PLUS
Chennai,2010,94385,Petrol,Manual,Second,19.0,46.0,MARUTI,ALTO LXI BSIII
Coimbatore,2015,31821,Diesel,Automatic,First,20.0,143.0,BMW,1 SERIES 118D BASE
Mumbai,2015,12000,Petrol,Automatic,First,19.0,88.0,HONDA,JAZZ 1.2 V CVT I VTEC
Delhi,2012,88578,Petrol,Manual,First,13.0,130.0,HONDA,CIVIC 2006-2010 1.8 V MT
Kochi,2014,44965,Diesel,Automatic,First,19.0,170.0,MERCEDES-BENZ,NEW C-CLASS C 220 CDI AVANTGARDE
Kolkata,2014,45044,Diesel,Manual,First,25.0,98.0,HONDA,AMAZE SX I-DTEC
Kochi,2016,34204,Petrol,Manual,First,22.0,81.0,MARUTI,SWIFT VVT VXI
Kochi,2008,80759,Petrol,Manual,Third,17.0,97.0,HYUNDAI,SANTRO XING XO ERLX EURO II
Coimbatore,2012,91235,Diesel,Manual,First,11.0,171.0,TOYOTA,FORTUNER 3.0 DIESEL
Pune,2014,38800,Petrol,Manual,First,18.0,76.0,CHEVROLET,BEAT LT OPTION
Chennai,2013,83000,Diesel,Manual,First,21.0,103.0,SKODA,RAPID 1.5 TDI ELEGANCE
Kochi,2018,41283,Petrol,Manual,First,20.0,91.0,MARUTI,CIAZ 1.4 ALPHA
Mumbai,2013,23000,Petrol,Automatic,First,11.0,444.0,AUDI,RS5 COUPE
Mumbai,2014,48000,Diesel,Automatic,First,21.0,190.0,BMW,3 SERIES LUXURY LINE
Coimbatore,2015,48214,Diesel,Automatic,First,17.0,174.0,AUDI,A4 2.0 TDI 177 BHP PREMIUM PLUS
Chennai,2016,35000,Diesel,Manual,First,22.0,74.0,MARUTI,SWIFT VDI
Kolkata,2010,35277,Petrol,Automatic,First,7.0,362.0,MERCEDES-BENZ,S CLASS 2005 2013 S 500
Coimbatore,2016,54620,Diesel,Automatic,First,21.0,103.0,SKODA,RAPID 1.5 TDI AT ELEGANCE PLUS BLACK PACKAGE
Pune,2012,136997,Diesel,Automatic,First,17.0,138.0,SKODA,SUPERB ELEGANCE 2.0 TDI CR AT
Kochi,2019,14322,Petrol,Manual,First,21.0,55.0,HYUNDAI,EON MAGNA PLUS
Jaipur,2012,65634,Diesel,Manual,First,22.0,73.0,VOLKSWAGEN,POLO DIESEL TRENDLINE 1.2L
Kolkata,2016,6000,Petrol,Manual,First,20.0,67.0,DATSUN,GO NXT
Kolkata,2013,33280,Petrol,Manual,First,19.0,86.0,HONDA,BRIO S MT
Delhi,2013,29000,Petrol,Automatic,First,14.0,120.0,MERCEDES-BENZ,B CLASS B180
Kochi,2015,42831,Diesel,Manual,First,26.0,98.0,HONDA,CITY I DTEC V
Ahmedabad,2016,90000,Diesel,Manual,First,12.0,100.0,TOYOTA,INNOVA 2.5 G (DIESEL) 7 SEATER
Ahmedabad,2017,24005,Petrol,Manual,First,20.0,81.0,MARUTI,SWIFT VXI OPTIONAL
Mumbai,2012,32792,Diesel,Manual,First,15.0,140.0,MAHINDRA,XUV500 W8 2WD
Kochi,2014,147898,Diesel,Manual,First,22.0,89.0,FORD,ECOSPORT 1.5 DV5 MT AMBIENTE
Mumbai,2012,131765,Diesel,Manual,First,13.0,168.0,TOYOTA,FORTUNER 4X2 MANUAL
Chennai,2013,65000,Diesel,Automatic,First,21.0,108.0,VOLKSWAGEN,VENTO 1.5 HIGHLINE PLUS AT 16 ALLOY
Jaipur,2010,66123,Diesel,Manual,Second,20.0,68.0,FORD,FIGO DIESEL TITANIUM
Mumbai,2015,41000,Diesel,Automatic,First,15.0,258.0,BMW,X5 XDRIVE 30D
Coimbatore,2017,23550,Diesel,Automatic,First,19.0,167.0,MERCEDES-BENZ,NEW C-CLASS C 220 CDI STYLE
Bangalore,2012,45000,Petrol,Manual,Second,19.0,86.0,HONDA,BRIO V MT
Delhi,2013,60000,Petrol,Manual,First,20.0,78.0,HYUNDAI,I10 MAGNA 1.2
Bangalore,2016,44414,Diesel,Automatic,First,17.0,170.0,MERCEDES-BENZ,GLC 220
Kolkata,2019,1000,Petrol,Manual,First,18.0,81.0,HYUNDAI,GRAND I10 1.2 KAPPA ASTA
Mumbai,2012,62500,Diesel,Automatic,Second,17.0,174.0,AUDI,A6 2011-2015 2.0 TDI PREMIUM PLUS
Mumbai,2013,21000,Petrol,Automatic,Second,14.0,103.0,VOLKSWAGEN,VENTO PETROL HIGHLINE AT
Jaipur,2017,8525,Diesel,Automatic,Second,16.0,112.0,MINI,COUNTRYMAN COOPER D
Bangalore,2014,29000,Diesel,Manual,First,22.0,88.0,HYUNDAI,I20 ASTA 1.4 CRDI
Mumbai,2014,40000,Diesel,Automatic,First,17.0,174.0,AUDI,A6 2011-2015 2.0 TDI PREMIUM PLUS
Jaipur,2012,88000,Diesel,Manual,First,25.0,57.0,CHEVROLET,BEAT DIESEL LT
Kochi,2012,53537,Petrol,Automatic,First,13.0,157.0,SKODA,SUPERB ELEGANCE 1.8 TSI AT
Chennai,2006,216000,Diesel,Manual,Second,17.0,68.0,FORD,FIESTA 1.4 TDCI EXI LIMITED EDITION
Hyderabad,2014,51000,Diesel,Automatic,First,22.0,190.0,BMW,5 SERIES 520D LUXURY LINE
Jaipur,2007,118500,Petrol,Manual,First,12.0,102.0,CHEVROLET,OPTRA MAGNUM 1.6 LS BS3
Hyderabad,2012,63000,Diesel,Manual,First,22.0,73.0,VOLKSWAGEN,POLO DIESEL HIGHLINE 1.2L
Mumbai,2015,25000,Diesel,Manual,First,19.0,108.0,RENAULT,LODGY 110PS RXZ 8 SEATER
Bangalore,2014,37382,Diesel,Automatic,First,13.0,201.0,MERCEDES-BENZ,E-CLASS E250 CDI AVANTGRADE
Kochi,2017,24773,Petrol,Manual,First,21.0,83.0,MARUTI,BALENO ALPHA
Delhi,2012,62000,Diesel,Manual,First,22.0,126.0,HYUNDAI,VERNA 1.6 SX
Kochi,2017,52340,Petrol,Manual,First,19.0,68.0,HYUNDAI,I10 MAGNA 1.1
Kochi,2016,56739,Diesel,Manual,First,15.0,120.0,MAHINDRA,SCORPIO 1.99 S10 4WD
Coimbatore,2018,36091,Diesel,Automatic,First,12.0,187.0,LAND,ROVER RANGE ROVER 2.2L DYNAMIC
Chennai,2010,120000,Diesel,Manual,First,20.0,68.0,FORD,FIGO DIESEL ZXI
Mumbai,2016,33000,Diesel,Manual,First,25.0,88.0,MARUTI,ERTIGA ZDI
Ahmedabad,2007,60006,Petrol,Manual,First,0.0,97.0,HONDA,CITY 1.5 GXI
Kolkata,2014,52000,Diesel,Manual,First,25.0,98.0,HONDA,AMAZE S I-DTECH
Jaipur,2015,43571,Petrol,Manual,First,20.0,78.0,HYUNDAI,I10 MAGNA
Kolkata,2013,50000,Diesel,Manual,First,25.0,98.0,HONDA,AMAZE S I-DTECH
Hyderabad,2008,113000,Diesel,Manual,First,17.0,106.0,SKODA,LAURA AMBIENTE
Delhi,2014,90000,Diesel,Manual,First,19.0,83.0,RENAULT,DUSTER 85PS DIESEL RXL
Chennai,2017,29000,Diesel,Manual,Second,17.0,100.0,MAHINDRA,NUVOSPORT N6
Mumbai,2016,20000,Diesel,Manual,First,24.0,88.0,MARUTI,VITARA BREZZA ZDI PLUS DUAL TONE
Kochi,2016,61012,Petrol,Manual,First,18.0,81.0,HYUNDAI,I20 ASTA OPTION 1.2
Jaipur,2009,87459,Petrol,Manual,First,14.0,85.0,SKODA,FABIA 1.4 MPI AMBIENTE
Pune,2010,70500,Petrol,Manual,First,15.0,64.0,TATA,INDIGO ECS GLX
Delhi,2015,64103,Diesel,Automatic,First,15.0,174.0,AUDI,Q3 2012-2015 35 TDI QUATTRO PREMIUM PLUS
Mumbai,2014,76000,Petrol,Automatic,First,14.0,177.0,SKODA,OCTAVIA ELEGANCE 1.8 TSI AT
Delhi,2014,104000,Diesel,Manual,First,23.0,67.0,TOYOTA,ETIOS LIVA GD SP
Kolkata,2010,42001,Petrol,Manual,First,16.0,97.0,MARUTI,SWIFT 1.3 VXI
Kochi,2014,37245,Petrol,Automatic,First,14.0,120.0,MERCEDES-BENZ,B CLASS B180
Kolkata,2013,45000,Diesel,Manual,First,27.0,98.0,HONDA,AMAZE S DIESEL
Jaipur,2012,117837,Diesel,Manual,Second,22.0,126.0,HYUNDAI,VERNA 1.6 SX
Mumbai,2014,30000,Diesel,Manual,First,20.0,83.0,RENAULT,DUSTER 85PS DIESEL RXL OPTIONAL
Delhi,2015,27057,Petrol,Manual,Second,15.0,121.0,HYUNDAI,CRETA 1.6 VTVT S
Mumbai,2016,8500,Petrol,Automatic,First,20.0,67.0,MARUTI,WAGON R AMT VXI
Kolkata,2010,30500,Petrol,Automatic,First,11.0,186.0,MERCEDES-BENZ,NEW C-CLASS C250 AVANTGARDE
Delhi,2012,56000,Diesel,Automatic,First,11.0,246.0,AUDI,A8 L 3.0 TDI QUATTRO
Pune,2012,44000,Petrol,Manual,Second,19.0,68.0,HYUNDAI,I10 MAGNA 1.1
Mumbai,2017,10500,Petrol,Automatic,First,14.0,103.0,SKODA,RAPID 1.6 MPI AT STYLE BLACK PACKAGE
Hyderabad,2017,26000,Petrol,Automatic,First,14.0,177.0,SKODA,SUPERB STYLE 1.8 TSI AT
Coimbatore,2018,25166,Petrol,Manual,First,17.0,81.0,HYUNDAI,I20 ACTIVE 1.2 SX
Kolkata,2014,64000,Diesel,Manual,Second,25.0,98.0,HONDA,AMAZE VX I-DTEC
Chennai,2004,61000,Petrol,Manual,Second,18.0,67.0,MARUTI,WAGON R LXI
Hyderabad,2013,107000,Diesel,Manual,First,21.0,65.0,MAHINDRA,VERITO 1.5 D4 BSIV
Coimbatore,2018,29161,Diesel,Automatic,First,19.0,167.0,MERCEDES-BENZ,NEW C-CLASS C 220D AVANTGARDE EDITION C
Kolkata,2013,32000,Petrol,Manual,First,22.0,67.0,MARUTI,WAGON R VXI
Coimbatore,2015,46173,Diesel,Manual,Second,19.0,108.0,NISSAN,TERRANO XV PREMIUM 110 PS ANNIVERSARY EDITION
Delhi,2013,47000,Diesel,Manual,First,17.0,97.0,MARUTI,SWIFT VDI BSIV
Kochi,2017,26327,Petrol,Automatic,First,16.0,189.0,MINI,COOPER CONVERTIBLE S
Bangalore,2015,70436,Diesel,Manual,First,0.0,99.0,FORD,FIGO DIESEL
Jaipur,2007,200000,Diesel,Manual,Second,17.0,53.0,TATA,INDICA V2 DLS BSII
Kochi,2016,60813,Petrol,Manual,Second,18.0,76.0,CHEVROLET,BEAT LT
Mumbai,2012,45000,Diesel,Manual,First,22.0,73.0,VOLKSWAGEN,POLO DIESEL COMFORTLINE 1.2L
Hyderabad,2016,64000,Diesel,Manual,First,22.0,74.0,MARUTI,SWIFT ZDI
Kolkata,2012,41284,Diesel,Manual,First,20.0,68.0,FORD,FIGO DIESEL EXI
Kochi,2019,14165,Diesel,Automatic,First,11.0,171.0,TOYOTA,INNOVA CRYSTA 2.8 GX AT
Mumbai,2011,67000,Diesel,Automatic,Second,11.0,194.0,HYUNDAI,SANTA FE 4X4 AT
Kolkata,2011,32572,Petrol,Manual,First,17.0,117.0,HONDA,CITY I-VTEC V
Kochi,2018,14960,Petrol,Manual,First,18.0,81.0,HYUNDAI,I20 1.2 MAGNA EXECUTIVE
Kochi,2015,55980,Diesel,Automatic,First,19.0,167.0,MERCEDES-BENZ,NEW C-CLASS C 220D AVANTGARDE EDITION C
Mumbai,2013,74000,Diesel,Manual,First,25.0,57.0,CHEVROLET,BEAT DIESEL LT
Kochi,2015,56847,Diesel,Manual,First,22.0,88.0,HYUNDAI,I20 SPORTZ 1.4 CRDI
Coimbatore,2015,121374,Diesel,Manual,First,12.0,100.0,TOYOTA,INNOVA 2.5 Z DIESEL 7 SEATER
Chennai,2013,52000,Diesel,Manual,First,20.0,88.0,MARUTI,ERTIGA VDI
Mumbai,2014,118000,Diesel,Manual,First,12.0,102.0,TOYOTA,INNOVA 2.5 V DIESEL 7-SEATER
Mumbai,2007,72000,Petrol,Manual,Third,17.0,97.0,HYUNDAI,SANTRO XING XO ERLX EURO II
Kochi,2016,33915,Petrol,Manual,First,17.0,117.0,HONDA,CITY I VTEC V
Ahmedabad,2014,82002,Diesel,Automatic,First,17.0,184.0,BMW,X1 SDRIVE20D
Mumbai,2017,33000,Diesel,Manual,First,24.0,70.0,HYUNDAI,GRAND I10 CRDI ERA
Chennai,2016,34000,Diesel,Manual,First,28.0,88.0,MARUTI,CIAZ 1.3 ALPHA
Kolkata,2012,55000,Diesel,Manual,First,20.0,103.0,SKODA,RAPID LEISURE 1.6 TDI MT
Kochi,2006,160538,Diesel,Manual,First,13.0,82.0,HYUNDAI,ACCENT CRDI
Jaipur,2014,60000,Diesel,Manual,Second,19.0,103.0,VOLKSWAGEN,POLO GT 1.5 TDI
Coimbatore,2017,49575,Petrol,Manual,First,18.0,88.0,HONDA,JAZZ 1.2 VX I VTEC
Jaipur,2010,83000,Petrol,Manual,First,19.0,68.0,HYUNDAI,I10 ERA
Kochi,2018,51346,Diesel,Automatic,First,16.0,183.0,HYUNDAI,TUCSON 2.0 E-VGT 2WD AT GLS
Pune,2017,43000,Diesel,Manual,First,13.0,147.0,TOYOTA,INNOVA CRYSTA 2.4 ZX MT
Jaipur,2011,35000,Petrol,Manual,Third,19.0,35.0,MARUTI,OMNI MPI CARGO BSIII W/ IMMOBILISER
Coimbatore,2017,27872,Petrol,Manual,Second,20.0,81.0,MARUTI,SWIFT VXI BSIV
Mumbai,2014,16514,Petrol,Manual,First,18.0,82.0,HYUNDAI,GRAND I10 MAGNA
Pune,2012,120000,Diesel,Manual,First,22.0,74.0,MARUTI,SWIFT VDI
Hyderabad,2008,143275,Diesel,Manual,First,22.0,126.0,HYUNDAI,VERNA CRDI 1.6 SX
Hyderabad,2006,99000,Petrol,Manual,First,0.0,97.0,HYUNDAI,SANTRO XING XL
Mumbai,2010,52000,Petrol,Manual,First,17.0,80.0,HYUNDAI,I20 1.2 SPORTZ
Coimbatore,2017,29819,Diesel,Automatic,First,11.0,254.0,MERCEDES-BENZ,GLE 350D
Bangalore,2014,57000,Diesel,Manual,Second,15.0,170.0,MERCEDES-BENZ,NEW C-CLASS C 220 CDI CLASSIC
Hyderabad,2014,88500,Diesel,Manual,First,23.0,73.0,MARUTI,RITZ ZDI
Bangalore,2016,28000,Diesel,Manual,First,19.0,126.0,HYUNDAI,CRETA 1.6 CRDI SX
Pune,2010,67000,Petrol,Manual,First,19.0,66.0,MARUTI,A-STAR VXI
Delhi,2016,26000,Diesel,Manual,First,19.0,108.0,RENAULT,DUSTER 110PS DIESEL RXZ OPTION
Delhi,2010,120000,Diesel,Manual,First,17.0,76.0,FIAT,GRANDE PUNTO 1.3 EMOTION PACK (DIESEL)
Coimbatore,2017,51982,Diesel,Automatic,First,16.0,258.0,BMW,X3 XDRIVE30D M SPORT
Bangalore,2010,36000,Petrol,Manual,Second,20.0,78.0,HYUNDAI,I10 SPORTZ
Pune,2016,47000,Diesel,Manual,First,12.0,102.0,TOYOTA,INNOVA 2.5 G4 DIESEL 7-SEATER
Mumbai,2002,60000,Petrol,Manual,Third,17.0,60.0,MARUTI,ZEN VXI BSII
Hyderabad,2018,31025,Diesel,Manual,First,28.0,74.0,MARUTI,SWIFT VDI
Pune,2013,105000,Diesel,Manual,Second,12.0,120.0,MAHINDRA,SCORPIO VLX 2.2 MHAWK AIRBAG BSIV
Pune,2017,121900,Diesel,Manual,First,22.0,74.0,TATA,ZEST QUADRAJET 1.3 75PS XE
Mumbai,2017,22695,Petrol,Manual,First,18.0,123.0,FORD,ECOSPORT 1.0 ECOBOOST TITANIUM PLUS
Jaipur,2012,73000,Diesel,Manual,First,23.0,74.0,MARUTI,SWIFT DZIRE ZDI
Kochi,2016,32227,Petrol,Manual,First,22.0,47.0,MARUTI,ALTO 800 LXI
Jaipur,2011,55000,Petrol,Manual,First,17.0,118.0,HONDA,CITY 1.5 S MT
Kochi,2018,11287,Diesel,Automatic,First,12.0,241.0,AUDI,Q7 3.0 TDI QUATTRO TECHNOLOGY
Mumbai,2009,48000,Diesel,Automatic,Second,17.0,105.0,SKODA,LAURA 1.9 TDI AT AMBIENTE
Kochi,2012,54308,Petrol,Manual,First,17.0,121.0,HYUNDAI,VERNA 1.6 SX VTVT (O)
Jaipur,2009,78442,Petrol,Automatic,First,16.0,118.0,HONDA,CITY 1.5 V AT
Kolkata,2013,46000,Diesel,Manual,First,21.0,88.0,HYUNDAI,I20 MAGNA OPTIONAL 1.4 CRDI
Coimbatore,2014,45051,Petrol,Automatic,First,15.0,98.0,HYUNDAI,I20 SPORTZ AT 1.4
Hyderabad,2011,69000,Diesel,Manual,First,20.0,103.0,VOLKSWAGEN,VENTO DIESEL HIGHLINE
Ahmedabad,2014,49000,Petrol,Manual,First,17.0,117.0,HONDA,CITY I VTEC VX
Pune,2018,45000,Diesel,Manual,First,22.0,74.0,TATA,ZEST QUADRAJET 1.3 75PS XE
Pune,2015,64000,Diesel,Automatic,First,18.0,177.0,BMW,5 SERIES 2003-2012 520D
Delhi,2009,60000,Petrol,Manual,First,18.0,67.0,MARUTI,WAGON R LXI MINOR
Delhi,2015,62178,Petrol,Manual,First,18.0,88.0,HONDA,JAZZ VX
Coimbatore,2012,58006,Diesel,Manual,First,15.0,105.0,VOLKSWAGEN,JETTA 2007-2011 2.0 TDI COMFORTLINE
Hyderabad,2010,74000,Petrol,Manual,First,20.0,78.0,HYUNDAI,I10 MAGNA 1.2
Kochi,2015,77771,Diesel,Automatic,First,19.0,170.0,MERCEDES-BENZ,NEW C-CLASS C 220 CDI AVANTGARDE
Pune,2012,45275,Petrol,Manual,First,20.0,78.0,HYUNDAI,I10 MAGNA 1.2 ITECH SE
Chennai,2016,48000,Diesel,Manual,First,13.0,147.0,TOYOTA,INNOVA CRYSTA 2.4 ZX MT
Kochi,2015,31652,Diesel,Automatic,First,17.0,174.0,AUDI,A6 2011-2015 2.0 TDI TECHNOLOGY
Hyderabad,2010,109000,Diesel,Manual,Second,12.0,100.0,TOYOTA,INNOVA 2.5 VX (DIESEL) 7 SEATER
Mumbai,2015,31978,Petrol,Manual,First,16.0,73.0,VOLKSWAGEN,POLO PETROL TRENDLINE 1.2L
Hyderabad,2011,70000,Petrol,Manual,First,20.0,67.0,MARUTI,ALTO K10 LXI
Mumbai,2017,15000,Petrol,Automatic,First,18.0,117.0,HONDA,CITY I-VTEC CVT ZX
Coimbatore,2013,59138,Diesel,Manual,First,17.0,70.0,TATA,INDIGO LX
Kochi,2014,61726,Diesel,Automatic,First,17.0,174.0,AUDI,A6 2011-2015 2.0 TDI PREMIUM PLUS
Delhi,2015,48000,Diesel,Automatic,First,17.0,136.0,MERCEDES-BENZ,GLA CLASS 200 CDI SPORT
Chennai,2006,58000,Petrol,Manual,Second,0.0,97.0,HYUNDAI,SANTRO XING XL
Kolkata,2011,60020,Diesel,Manual,First,17.0,97.0,MARUTI,SWIFT VDI BSIV
Hyderabad,2014,77815,Petrol,Automatic,First,23.0,67.0,MARUTI,CELERIO VXI AT
Hyderabad,2017,29000,Diesel,Automatic,First,17.0,201.0,MERCEDES-BENZ,GLE 250D
Delhi,2017,44000,Diesel,Automatic,First,12.0,187.0,LAND,ROVER RANGE ROVER HSE DYNAMIC
Hyderabad,2011,108626,Diesel,Manual,First,20.0,103.0,VOLKSWAGEN,VENTO DIESEL TRENDLINE
Hyderabad,2012,71791,Petrol,Manual,First,14.0,35.0,MARUTI,OMNI 8 SEATER BSIV
Kochi,2012,91931,Petrol,Manual,First,18.0,86.0,HONDA,BRIO 1.2 VX MT
Hyderabad,2000,158000,Diesel,Manual,Second,14.0,83.0,TATA,SUMO DELUX
Pune,2012,91183,Diesel,Manual,First,18.0,75.0,TATA,INDICA VISTA AURA 1.3 QUADRAJET
Delhi,2012,65000,Petrol,Manual,First,18.0,67.0,MARUTI,WAGON R LXI BS IV
Hyderabad,2015,88428,Diesel,Manual,First,16.0,140.0,MAHINDRA,XUV500 W8 4WD
Pune,2008,138000,Diesel,Manual,Second,17.0,70.0,TATA,INDIGO LS DICOR
Mumbai,2018,18000,Petrol,Manual,First,16.0,93.0,MARUTI,ERTIGA PASEO VXI
Mumbai,2011,60000,Petrol,Automatic,First,11.0,177.0,HONDA,ACCORD 2.4 A/T
Kolkata,2012,48000,Diesel,Manual,First,19.0,73.0,MARUTI,SWIFT DZIRE VDI
Hyderabad,2009,160000,Diesel,Manual,First,17.0,68.0,FORD,FIESTA EXI 1.4 TDCI LTD
Kolkata,2008,40000,Petrol,Manual,First,17.0,78.0,HONDA,CITY ZX GXI
Kochi,2014,51495,Diesel,Automatic,First,17.0,174.0,AUDI,A6 2011-2015 2.0 TDI PREMIUM PLUS
Mumbai,2011,30000,Diesel,Automatic,First,9.0,313.0,BMW,6 SERIES 640D GRAN COUPE
Coimbatore,2017,97430,Diesel,Automatic,First,14.0,245.0,AUDI,Q7 45 TDI QUATTRO TECHNOLOGY
Pune,2008,42496,CNG,Manual,First,26.0,67.0,MARUTI,ZEN ESTILO LXI GREEN (CNG)
Pune,2012,83000,Diesel,Manual,First,23.0,90.0,HYUNDAI,I20 1.4 CRDI ASTA
Bangalore,2009,37000,Petrol,Automatic,Third,16.0,78.0,HYUNDAI,I10 SPORTZ AT
Kochi,2016,28503,Petrol,Automatic,First,19.0,88.0,HONDA,JAZZ 1.2 V CVT I VTEC
Hyderabad,2015,76496,Diesel,Manual,First,25.0,74.0,MARUTI,SWIFT VDI BSIV
Pune,2011,79152,Petrol,Manual,Second,18.0,82.0,HYUNDAI,I20 ASTA 1.2
Kolkata,2011,32000,Petrol,Manual,First,16.0,73.0,VOLKSWAGEN,POLO PETROL COMFORTLINE 1.2L
Ahmedabad,2009,35000,Petrol,Manual,First,19.0,46.0,MARUTI,ALTO LXI
Chennai,2004,105000,Petrol,Automatic,Second,11.0,125.0,TOYOTA,COROLLA H4
Chennai,2006,56000,Petrol,Manual,Second,19.0,46.0,MARUTI,ALTO LXI
Pune,2012,73000,Diesel,Manual,First,21.0,88.0,TATA,MANZA ELAN QUADRAJET BS IV
Pune,2012,38000,Petrol,Manual,First,19.0,46.0,MARUTI,ALTO LXI
Kolkata,2013,775000,Diesel,Automatic,First,19.0,141.0,SKODA,OCTAVIA AMBITION PLUS 2.0 TDI AT
Kolkata,2008,80000,Petrol,Automatic,First,11.0,125.0,TOYOTA,COROLLA H4
Coimbatore,2016,24973,Petrol,Manual,First,18.0,81.0,HYUNDAI,I20 ASTA OPTION 1.2
Chennai,2016,45000,Diesel,Manual,First,24.0,88.0,MARUTI,VITARA BREZZA LDI
Delhi,2010,87430,Petrol,Manual,First,17.0,118.0,HONDA,CITY 1.5 V MT
Hyderabad,2014,133944,Diesel,Manual,Second,18.0,75.0,TATA,INDICA VISTA AQUA 1.3 QUADRAJET
Kolkata,2013,57000,Diesel,Manual,First,25.0,98.0,HONDA,AMAZE S I-DTECH
Coimbatore,2016,27904,Petrol,Manual,First,21.0,55.0,HYUNDAI,EON D LITE PLUS
Kochi,2015,30717,Diesel,Automatic,Second,21.0,190.0,BMW,3 SERIES LUXURY LINE
Bangalore,2012,80000,Diesel,Manual,First,22.0,126.0,HYUNDAI,VERNA 1.6 SX
Ahmedabad,2013,47304,Diesel,Manual,First,21.0,88.0,TATA,MANZA CLUB CLASS QUADRAJET90 LS
Jaipur,2005,100000,Petrol,Automatic,First,14.0,227.0,SKODA,OCTAVIA RS
Pune,2017,30000,Petrol,Manual,First,24.0,67.0,MARUTI,ALTO K10 VXI
Mumbai,2014,68000,Diesel,Manual,First,22.0,89.0,FORD,ECOSPORT 1.5 DV5 MT TITANIUM OPTIONAL
Kolkata,2011,21000,Petrol,Manual,Second,18.0,62.0,CHEVROLET,SPARK 1.0 LS
Hyderabad,2017,21000,Diesel,Automatic,First,19.0,177.0,JAGUAR,XF 2.0 DIESEL PORTFOLIO
Jaipur,2007,119000,Petrol,Manual,Third,13.0,141.0,HONDA,CR-V RVI MT
Kochi,2019,13747,Petrol,Automatic,First,14.0,177.0,SKODA,SUPERB L&K 1.8 TSI AT
Chennai,2009,620000,Petrol,Manual,First,20.0,78.0,HYUNDAI,I10 MAGNA 1.2
Delhi,2013,70000,Diesel,Manual,First,22.0,74.0,MARUTI,SWIFT LDI
Mumbai,2016,18000,Petrol,Automatic,First,18.0,83.0,MARUTI,SWIFT DZIRE VXI AT
Chennai,2011,83000,Diesel,Manual,First,23.0,63.0,NISSAN,MICRA DIESEL XV
Mumbai,2015,130000,Diesel,Manual,First,23.0,74.0,MARUTI,SWIFT DZIRE TOUR LDI
Pune,2012,63400,Diesel,Manual,First,17.0,67.0,FORD,FIESTA CLASSIC 1.4 DURATORQ CLXI
Kolkata,2003,65000,Petrol,Manual,First,17.0,60.0,MARUTI,ZEN LX
Pune,2017,8350,Petrol,Manual,First,13.0,192.0,MINI,CLUBMAN COOPER S
Kolkata,2014,45000,Diesel,Manual,First,23.0,67.0,TOYOTA,ETIOS GD
Kolkata,2018,26200,Petrol,Manual,First,24.0,47.0,MARUTI,ALTO 800 2016-2019 LXI
Bangalore,2011,11000,Petrol,Manual,Third,18.0,47.0,MARUTI,ALTO VXI
Bangalore,2009,90000,Diesel,Automatic,Second,11.0,235.0,BMW,X5 3.0D
Mumbai,2015,74000,Petrol,Automatic,Second,11.0,179.0,NISSAN,TEANA XV
Coimbatore,2015,37081,Petrol,Automatic,First,18.0,82.0,HYUNDAI,GRAND I10 AT ASTA
Hyderabad,2017,39000,Diesel,Manual,First,24.0,88.0,MARUTI,VITARA BREZZA ZDI PLUS
Mumbai,2008,99000,Diesel,Automatic,Third,12.0,241.0,AUDI,Q7 3.0 TDI QUATTRO PREMIUM PLUS
Chennai,2015,38000,Diesel,Automatic,First,17.0,136.0,MERCEDES-BENZ,GLA CLASS 200 CDI
Chennai,2007,72000,Petrol,Manual,Third,16.0,37.0,MARUTI,800 AC
Chennai,2015,93000,Diesel,Manual,Second,20.0,83.0,RENAULT,DUSTER 85PS DIESEL RXL
Mumbai,2017,5900,Diesel,Manual,First,21.0,87.0,TOYOTA,COROLLA ALTIS D-4D GL
Chennai,2014,25000,Diesel,Manual,First,15.0,170.0,MERCEDES-BENZ,NEW C-CLASS 220
Hyderabad,2010,68000,Diesel,Manual,Second,21.0,73.0,MARUTI,RITZ VDI
Kochi,2017,35676,Petrol,Automatic,First,16.0,117.0,HONDA,BRV I-VTEC V CVT
Kochi,2015,74310,Diesel,Manual,First,24.0,71.0,HYUNDAI,XCENT 1.1 CRDI BASE
Jaipur,2014,59364,Diesel,Automatic,First,14.0,203.0,MERCEDES-BENZ,E-CLASS 2009-2013 E250 CDI AVANTGARDE
Kochi,2014,41380,Petrol,Automatic,Second,14.0,120.0,MERCEDES-BENZ,B CLASS B180
Bangalore,2017,33900,Diesel,Automatic,First,15.0,204.0,MERCEDES-BENZ,E-CLASS 2015-2017 E250 EDITION E
Mumbai,2016,28000,Petrol,Manual,First,17.0,117.0,HONDA,CITY I VTEC VX OPTION
Hyderabad,2007,50958,Petrol,Manual,First,17.0,97.0,HYUNDAI,SANTRO XING XL ERLX EURO III
Chennai,2011,93982,Petrol,Manual,First,17.0,118.0,HONDA,CITY 1.5 S MT
Pune,2010,95000,Petrol,Manual,First,16.0,103.0,HYUNDAI,VERNA TRANSFORM VTVT
Mumbai,2017,9000,Petrol,Automatic,First,13.0,246.0,JAGUAR,XE PORTFOLIO
Delhi,2015,52516,Petrol,Manual,First,18.0,86.0,HONDA,AMAZE S I-VTECH
Bangalore,2015,20000,Petrol,Automatic,First,18.0,122.0,MINI,COOPER CONVERTIBLE 1.6
Coimbatore,2017,56451,Diesel,Automatic,First,13.0,282.0,MERCEDES-BENZ,S CLASS 2005 2013 S 350 CDI
Chennai,2014,37000,Petrol,Manual,First,21.0,55.0,HYUNDAI,EON MAGNA PLUS
Kolkata,2014,17400,Petrol,Manual,First,20.0,67.0,MARUTI,WAGON R VXI BS IV
Coimbatore,2011,90207,Diesel,Manual,First,21.0,73.0,MARUTI,RITZ LDI
Chennai,2011,89616,Diesel,Automatic,First,16.0,181.0,BMW,3 SERIES 320D SEDAN
Pune,2014,85000,Diesel,Manual,First,13.0,138.0,TATA,XENON XT EX 4X2
Chennai,2014,79271,Diesel,Automatic,First,20.0,143.0,AUDI,A3 35 TDI ATTRACTION
Hyderabad,2012,56000,Diesel,Automatic,First,12.0,187.0,LAND,ROVER RANGE ROVER 2.2L DYNAMIC
Pune,2010,85001,Diesel,Automatic,Second,12.0,224.0,MERCEDES-BENZ,GL-CLASS 2007 2012 350 CDI LUXURY
Hyderabad,2018,12000,Diesel,Automatic,First,13.0,175.0,MITSUBISHI,PAJERO SPORT 4X2 AT DUALTONE BLACKTOP
Jaipur,2010,125000,Petrol,Manual,First,19.0,46.0,MARUTI,ALTO LX
Pune,2013,53000,Petrol,Manual,First,14.0,64.0,MARUTI,WAGON R LXI BSIII
Coimbatore,2017,34990,Diesel,Automatic,First,12.0,187.0,LAND,ROVER RANGE ROVER 2.2L PRESTIGE
Pune,2011,49768,Petrol,Manual,Second,17.0,121.0,HYUNDAI,VERNA 1.6 SX VTVT
Hyderabad,2013,56000,Diesel,Automatic,First,16.0,218.0,BMW,5 SERIES 525D SEDAN
Bangalore,2013,75000,Diesel,Automatic,First,14.0,270.0,JAGUAR,XF DIESEL
Hyderabad,2010,57000,Petrol,Automatic,First,13.0,157.0,SKODA,SUPERB ELEGANCE 1.8 TSI AT
Kochi,2017,37542,Diesel,Automatic,First,15.0,174.0,AUDI,Q3 35 TDI QUATTRO PREMIUM
Coimbatore,2014,95649,Diesel,Automatic,First,12.0,187.0,LAND,ROVER RANGE ROVER 2.2L PURE
Jaipur,2013,35299,Diesel,Automatic,First,14.0,170.0,MERCEDES-BENZ,NEW C-CLASS 220 CDI AT
Kochi,2017,28464,Diesel,Manual,First,15.0,120.0,MAHINDRA,SCORPIO S10 4WD
Mumbai,2015,41000,Diesel,Automatic,First,21.0,190.0,BMW,3 SERIES LUXURY LINE
Pune,2017,9000,Petrol,Manual,First,15.0,117.0,HONDA,BR-V I-VTEC S MT
Chennai,2010,92098,Diesel,Automatic,Second,16.0,215.0,VOLVO,S80 2006-2013 D5
Pune,2005,5834,Petrol,Manual,First,13.0,94.0,HYUNDAI,ACCENT GLE
Jaipur,2017,40250,Petrol,Manual,First,17.0,81.0,HYUNDAI,I20 ACTIVE SX PETROL
Coimbatore,2018,22397,Petrol,Automatic,First,11.0,367.0,MERCEDES-BENZ,GLC 43 AMG COUPE
Kolkata,2015,20800,Petrol,Manual,Second,21.0,55.0,HYUNDAI,EON MAGNA PLUS
Kochi,2018,40322,Petrol,Manual,First,18.0,81.0,HYUNDAI,GRAND I10 SPORTZ EDITION
Mumbai,2013,52576,Petrol,Manual,First,13.0,100.0,HONDA,CITY 1.5 EXI S
Kolkata,2010,55000,Petrol,Manual,First,16.0,73.0,VOLKSWAGEN,POLO PETROL TRENDLINE 1.2L
Mumbai,2016,47000,Petrol,Automatic,First,15.0,187.0,AUDI,A6 35 TFSI MATRIX
Hyderabad,2010,42021,Diesel,Manual,First,0.0,97.0,VOLKSWAGEN,JETTA 2007-2011 1.9 L TDI
Coimbatore,2017,23163,Petrol,Manual,First,15.0,121.0,HYUNDAI,CRETA 1.6 SX PLUS DUAL TONE PETROL
Mumbai,2011,50000,Petrol,Automatic,Second,11.0,186.0,MERCEDES-BENZ,NEW C-CLASS C 200 CGI AVANTGARDE
Mumbai,2014,11900,Petrol,Automatic,First,16.0,189.0,MINI,COOPER CONVERTIBLE S
Pune,2006,108000,Petrol,Manual,Second,17.0,97.0,HYUNDAI,SANTRO XING XO ERLX EURO II
Bangalore,2013,37000,Diesel,Manual,First,23.0,67.0,TOYOTA,ETIOS VD
Delhi,2014,30000,Petrol,Manual,Second,19.0,86.0,HONDA,BRIO S MT
Coimbatore,2018,12831,Petrol,Automatic,First,21.0,83.0,MARUTI,BALENO ALPHA AUTOMATIC
Coimbatore,2012,143017,Diesel,Automatic,First,20.0,138.0,SKODA,LAURA AMBIENTE 2.0 TDI CR AT
Kochi,2018,13102,Petrol,Manual,First,21.0,55.0,HYUNDAI,EON ERA PLUS
Coimbatore,2019,24950,Diesel,Manual,First,20.0,108.0,RENAULT,CAPTUR 1.5 DIESEL RXL
Coimbatore,2011,57832,Diesel,Automatic,First,16.0,258.0,BMW,5 SERIES 2003-2012 GT 530D LE
Kochi,2016,34267,Petrol,Manual,First,22.0,47.0,MARUTI,ALTO 800 LXI
Bangalore,2015,33000,Diesel,Automatic,Second,16.0,150.0,VOLVO,V40 D3
Ahmedabad,2007,55100,Petrol,Manual,First,18.0,67.0,MARUTI,WAGON R LXI BSII
Kolkata,2008,40000,Petrol,Manual,First,17.0,78.0,HONDA,CITY ZX GXI
Kochi,2017,31841,CNG,Manual,First,15.0,73.0,MARUTI,EECO 5 STR WITH AC PLUS HTR CNG
Kolkata,2014,15000,Petrol,Manual,First,13.0,98.0,CHEVROLET,ENJOY 1.4 LS 8
Coimbatore,2016,82756,Diesel,Manual,First,15.0,62.0,MAHINDRA,BOLERO ZLX
Coimbatore,2012,50243,Petrol,Manual,First,0.0,97.0,HYUNDAI,SANTRO GLS I - EURO I
Hyderabad,2014,20600,Petrol,Manual,First,21.0,55.0,HYUNDAI,EON D LITE
Coimbatore,2017,29952,Petrol,Automatic,First,13.0,121.0,HYUNDAI,CRETA 1.6 SX PLUS PETROL AUTOMATIC
Mumbai,2017,15000,Petrol,Manual,Second,16.0,103.0,VOLKSWAGEN,VENTO 1.6 COMFORTLINE
Pune,2008,61938,Petrol,Automatic,Second,12.0,130.0,HONDA,CIVIC 2006-2010 1.8 S AT
Hyderabad,2014,67000,Diesel,Manual,First,22.0,74.0,TATA,INDICA VISTA QUADRAJET LS
Kochi,2013,61672,Diesel,Manual,First,16.0,140.0,MAHINDRA,XUV500 W8 2WD
Coimbatore,2017,26185,Petrol,Manual,First,18.0,81.0,HYUNDAI,I20 1.2 ASTA OPTION
Bangalore,2014,38000,Diesel,Automatic,Second,14.0,174.0,AUDI,Q5 30 TDI QUATTRO PREMIUM PLUS
Chennai,2011,67000,Petrol,Manual,Second,18.0,85.0,MARUTI,RITZ VXI
Chennai,2010,66000,Petrol,Manual,Second,13.0,114.0,MITSUBISHI,CEDIA SPORTS
Hyderabad,2015,80883,Diesel,Manual,First,12.0,102.0,TOYOTA,INNOVA 2.5 V DIESEL 7-SEATER
Hyderabad,2016,80219,Diesel,Manual,First,27.0,47.0,MARUTI,CELERIO LDI
Delhi,2018,12923,Diesel,Manual,First,25.0,88.0,MARUTI,S-CROSS DELTA DDIS 200 SH
Coimbatore,2016,86642,Diesel,Automatic,First,15.0,181.0,AUDI,Q3 35 TDI QUATTRO PREMIUM PLUS
Bangalore,2016,19235,Diesel,Automatic,First,21.0,190.0,BMW,3 SERIES LUXURY LINE
Coimbatore,2016,51002,Diesel,Automatic,First,11.0,335.0,AUDI,Q7 4.2 TDI QUATTRO TECHNOLOGY
Pune,2016,6800,Petrol,Manual,First,18.0,81.0,HYUNDAI,I20 2015-2017 ASTA 1.2
Hyderabad,2012,82749,Diesel,Manual,First,19.0,108.0,RENAULT,DUSTER 110PS DIESEL RXL
Pune,2016,51000,Diesel,Manual,First,24.0,71.0,HYUNDAI,XCENT 1.1 CRDI S CELEBRATION EDITION
Delhi,2014,31465,Diesel,Manual,First,22.0,89.0,FORD,ECOSPORT 1.5 DV5 MT TITANIUM
Hyderabad,2013,76476,Petrol,Manual,First,16.0,73.0,VOLKSWAGEN,POLO PETROL TRENDLINE 1.2L
Kolkata,2017,14000,Diesel,Manual,First,24.0,70.0,HYUNDAI,GRAND I10 CRDI MAGNA
Ahmedabad,2013,47000,Diesel,Manual,First,21.0,88.0,TATA,MANZA AQUA QUADRAJET BS IV
Kolkata,2011,48466,Petrol,Manual,First,17.0,118.0,HONDA,CITY 1.5 V MT
Bangalore,2008,46000,Petrol,Manual,Second,17.0,62.0,HYUNDAI,SANTRO XING GLS
Hyderabad,2012,162663,Diesel,Manual,First,12.0,100.0,TOYOTA,INNOVA 2.5 VX (DIESEL) 7 SEATER
Coimbatore,2017,25142,Diesel,Manual,First,28.0,88.0,MARUTI,CIAZ 1.3 S
Delhi,2013,69000,Diesel,Manual,First,12.0,169.0,TOYOTA,FORTUNER 4X4 MT TRD SPORTIVO
Chennai,2009,80524,Petrol,Manual,Second,15.0,97.0,FORD,FIESTA 1.6 SXI ABS DURATEC
Kochi,2018,26405,Petrol,Automatic,First,12.0,191.0,MERCEDES-BENZ,E-CLASS E 220 D
Chennai,2014,45000,Diesel,Manual,First,15.0,170.0,MERCEDES-BENZ,NEW C-CLASS 220 CDI MT
Kolkata,2012,64284,Diesel,Manual,First,17.0,108.0,SKODA,YETI AMBITION 4X2
Delhi,2015,27000,Petrol,Manual,First,18.0,82.0,HYUNDAI,GRAND I10 SPORTZ
Hyderabad,2018,3678,Petrol,Manual,First,18.0,86.0,FORD,FIGO 2015-2019 1.2P TITANIUM MT
Mumbai,2013,21000,Petrol,Manual,First,16.0,138.0,SKODA,OCTAVIA AMBITION 1.4 TSI MT
Mumbai,2015,67000,Diesel,Manual,Second,19.0,83.0,RENAULT,DUSTER 85PS DIESEL RXL OPTION
Delhi,2015,24000,Diesel,Automatic,Second,15.0,177.0,LAND,ROVER RANGE ROVER EVOQUE 2.0 TD4 PURE
Chennai,2011,75000,Diesel,Manual,Second,20.0,68.0,FORD,FIGO DIESEL EXI
Hyderabad,2008,179000,Diesel,Automatic,Second,12.0,156.0,FORD,ENDEAVOUR HURRICANE LIMITED EDITION
Coimbatore,2017,47198,Diesel,Manual,First,12.0,168.0,TOYOTA,FORTUNER 4X4 MT
Kolkata,2012,52000,Diesel,Manual,First,22.0,73.0,VOLKSWAGEN,POLO DIESEL COMFORTLINE 1.2L
Jaipur,2011,91000,Diesel,Manual,First,23.0,73.0,MARUTI,RITZ VDI
Pune,2013,60000,Diesel,Manual,First,23.0,63.0,NISSAN,MICRA DIESEL XV PREMIUM
Kolkata,2013,37873,Diesel,Manual,First,22.0,126.0,HYUNDAI,VERNA 1.6 SX
Kolkata,2011,31000,Petrol,Automatic,First,10.0,150.0,BMW,5 SERIES 2003-2012 523I
Pune,2017,129000,Diesel,Automatic,First,11.0,258.0,MERCEDES-BENZ,GLS 350D 4MATIC
Hyderabad,2004,78000,Petrol,Automatic,First,12.0,187.0,HONDA,CR-V 2.4L 4WD AT
Bangalore,2016,32000,Diesel,Automatic,First,17.0,126.0,HYUNDAI,CRETA 1.6 CRDI AT SX PLUS
Jaipur,2010,59000,Petrol,Manual,Second,19.0,68.0,HYUNDAI,I10 ERA
Kochi,2016,35437,Diesel,Automatic,First,20.0,136.0,MERCEDES-BENZ,A CLASS A200 CDI SPORT
Jaipur,2014,98000,Petrol,Manual,First,16.0,93.0,MARUTI,ERTIGA VXI
Chennai,2006,72000,Diesel,Manual,Second,18.0,66.0,SKODA,OCTAVIA CLASSIC 1.9 TDI MT
Pune,2015,79000,Petrol,Manual,First,18.0,86.0,HONDA,AMAZE VX I-VTECH
Chennai,2004,29000,Petrol,Manual,First,17.0,60.0,MARUTI,ZEN LXI BSII
Kochi,2013,66012,Petrol,Manual,First,15.0,103.0,MARUTI,SX4 ZXI MT BSIV
Mumbai,2014,35000,Petrol,Automatic,First,16.0,86.0,HONDA,BRIO VX AT
Ahmedabad,2011,75000,Petrol,Manual,First,18.0,67.0,MARUTI,WAGON R VXI
Mumbai,2008,80000,Petrol,Automatic,Second,12.0,164.0,TOYOTA,CAMRY A/T
Kochi,2012,32717,Petrol,Manual,First,18.0,79.0,CHEVROLET,BEAT LS
Delhi,2017,25000,Diesel,Automatic,First,12.0,168.0,TOYOTA,FORTUNER 4X4 AT
Mumbai,2014,79000,Diesel,Manual,First,22.0,89.0,FORD,ECOSPORT 1.5 DV5 MT TITANIUM OPTIONAL
Hyderabad,2010,86000,Diesel,Manual,Second,17.0,75.0,MARUTI,SWIFT VDI BSIII
Pune,2010,137000,Diesel,Automatic,First,13.0,282.0,MERCEDES-BENZ,S CLASS 2005 2013 S 350 CDI
Mumbai,2015,25000,Petrol,Manual,Second,17.0,117.0,HONDA,MOBILIO S I VTEC
Mumbai,2017,8500,Petrol,Manual,Second,18.0,82.0,HYUNDAI,GRAND I10 SPORTZ
Bangalore,2015,34000,Diesel,Automatic,First,16.0,140.0,MAHINDRA,XUV500 AT W8 FWD
Pune,2012,41629,Petrol,Manual,Second,14.0,105.0,SKODA,FABIA 1.6 MPI ELEGANCE
Hyderabad,2009,80227,Petrol,Manual,First,17.0,62.0,HYUNDAI,SANTRO XING GLS
Kochi,2019,8587,Petrol,Manual,First,15.0,121.0,HYUNDAI,CRETA 1.6 SX PLUS DUAL TONE PETROL
Delhi,2017,30000,Diesel,Manual,First,15.0,120.0,MAHINDRA,SCORPIO 1.99 S8
Pune,2013,64186,Diesel,Manual,First,20.0,103.0,SKODA,RAPID 1.6 TDI AMBITION
Coimbatore,2015,76427,Diesel,Manual,First,19.0,108.0,RENAULT,DUSTER 110PS DIESEL RXZ
Hyderabad,2011,75000,Diesel,Automatic,First,11.0,245.0,BMW,X5 XDRIVE 30D
Coimbatore,2013,27075,Petrol,Manual,First,17.0,88.0,TOYOTA,ETIOS G
Ahmedabad,2012,30000,Petrol,Manual,First,22.0,67.0,MARUTI,WAGON R LXI
Chennai,2016,69434,Petrol,Manual,First,15.0,121.0,HYUNDAI,CRETA 1.6 SX
Jaipur,2014,56000,Petrol,Manual,First,23.0,67.0,MARUTI,CELERIO VXI
Coimbatore,2017,49275,Diesel,Automatic,First,12.0,187.0,LAND,ROVER RANGE ROVER HSE DYNAMIC
Pune,2014,8700,Petrol,Manual,First,18.0,76.0,CHEVROLET,BEAT LT
Ahmedabad,2014,18000,Petrol,Manual,Second,25.0,37.0,TATA,NANO TWIST XT
Coimbatore,2017,41041,Diesel,Automatic,First,17.0,174.0,AUDI,A6 2011-2015 35 TDI TECHNOLOGY
Kochi,2009,80464,Diesel,Automatic,Second,11.0,198.0,MERCEDES-BENZ,E-CLASS 280 CDI
Kochi,2019,20667,Petrol,Manual,First,22.0,81.0,MARUTI,SWIFT VXI
Coimbatore,2013,60283,Petrol,Manual,First,14.0,112.0,FIAT,LINEA T JET
Kochi,2017,31696,Petrol,Manual,First,20.0,81.0,MARUTI,SWIFT VXI OPTIONAL
Hyderabad,2010,100000,Diesel,Manual,First,11.0,171.0,TOYOTA,FORTUNER 3.0 DIESEL
Mumbai,2014,13361,Petrol,Manual,First,16.0,93.0,MARUTI,ERTIGA ZXI
Coimbatore,2010,48394,Petrol,Automatic,First,12.0,154.0,BMW,3 SERIES 320I SEDAN
Jaipur,2014,47399,Petrol,Manual,First,16.0,93.0,MARUTI,ERTIGA VXI
Mumbai,2010,69000,Petrol,Automatic,Second,16.0,118.0,HONDA,CITY 1.5 V AT
Coimbatore,2013,65278,Diesel,Manual,First,14.0,194.0,HYUNDAI,SANTA FE 4X4
Jaipur,2005,108000,Diesel,Manual,First,17.0,70.0,TATA,INDIGO LS
Kolkata,2010,50645,Petrol,Automatic,Second,10.0,204.0,MERCEDES-BENZ,E-CLASS 2009-2013 E 250 ELEGANCE
Hyderabad,2011,130002,Diesel,Manual,First,19.0,73.0,MARUTI,SWIFT DZIRE LDI
Hyderabad,2012,107000,Diesel,Manual,First,17.0,67.0,FORD,FIESTA CLASSIC 1.4 DURATORQ CLXI
Coimbatore,2015,41950,Petrol,Automatic,First,18.0,117.0,HONDA,CITY I VTEC CVT VX
Delhi,2012,109000,Diesel,Manual,First,13.0,168.0,TOYOTA,FORTUNER 4X2 MANUAL
Mumbai,2016,9000,Petrol,Manual,First,18.0,86.0,HONDA,AMAZE VX O I VTEC
Delhi,2014,43900,Diesel,Manual,First,22.0,88.0,HYUNDAI,I20 ASTA 1.4 CRDI
Bangalore,2013,64000,Diesel,Manual,Second,18.0,73.0,CHEVROLET,ENJOY TCDI LTZ 7 SEATER
Kochi,2019,13190,Petrol,Automatic,First,0.0,181.0,MERCEDES-BENZ,NEW C-CLASS PROGRESSIVE C 200
Mumbai,2009,77652,Petrol,Automatic,First,12.0,103.0,MARUTI,SX4 ZXI AT LEATHER
Mumbai,2012,55000,Diesel,Manual,First,12.0,100.0,TOYOTA,INNOVA 2.5 VX (DIESEL) 7 SEATER
Ahmedabad,2012,59900,Diesel,Automatic,Second,18.0,177.0,BMW,5 SERIES 2003-2012 520D
Delhi,2015,73539,Diesel,Manual,First,19.0,108.0,RENAULT,DUSTER 110PS DIESEL RXZ
Coimbatore,2017,31645,Diesel,Automatic,First,20.0,190.0,BMW,X1 SDRIVE 20D XLINE
Kochi,2009,69690,Petrol,Manual,First,17.0,78.0,HONDA,CITY ZX GXI
Delhi,2016,41000,Diesel,Manual,First,28.0,88.0,MARUTI,CIAZ RS ZDI PLUS SHVS
Pune,2010,109200,Petrol,Manual,Second,17.0,85.0,MARUTI,SWIFT DZIRE VXI
Pune,2012,80000,Diesel,Manual,First,15.0,140.0,MAHINDRA,XUV500 W6 2WD
Ahmedabad,2007,51000,Petrol,Manual,First,13.0,130.0,HONDA,CIVIC 2006-2010 1.8 S MT
Pune,2013,105000,Diesel,Manual,Second,25.0,88.0,MARUTI,ERTIGA ZDI
Chennai,2013,179000,Diesel,Manual,First,23.0,67.0,TOYOTA,ETIOS LIVA GD
Delhi,2013,12100,Petrol,Automatic,First,9.0,207.0,AUDI,TT 2.0 TFSI
Hyderabad,2017,31000,Diesel,Manual,First,21.0,108.0,SKODA,RAPID 1.5 TDI STYLE
Hyderabad,2015,50000,Diesel,Manual,First,20.0,88.0,VOLKSWAGEN,POLO 1.5 TDI HIGHLINE
Jaipur,2009,48000,Diesel,Automatic,First,17.0,105.0,SKODA,LAURA 1.9 TDI AT ELEGANCE
Chennai,2007,35000,Diesel,Manual,First,19.0,65.0,MAHINDRA,RENAULT LOGAN 1.5 DLE DIESEL
Ahmedabad,2016,100200,Diesel,Automatic,First,11.0,171.0,TOYOTA,INNOVA CRYSTA 2.8 GX AT
Bangalore,2014,47000,Diesel,Automatic,First,18.0,184.0,BMW,3 SERIES 320D LUXURY LINE
Jaipur,2015,63642,Diesel,Manual,First,27.0,98.0,HONDA,JAZZ 1.5 S I DTEC
Kochi,2015,62550,Diesel,Manual,First,25.0,98.0,HONDA,AMAZE VX I-DTEC
Kochi,2015,37340,Diesel,Automatic,First,16.0,187.0,JAGUAR,XF 2.2 LITRE LUXURY
Coimbatore,2016,38461,Diesel,Manual,First,26.0,74.0,MARUTI,SWIFT DZIRE VDI
Jaipur,2018,29000,Diesel,Manual,First,17.0,170.0,JEEP,COMPASS 2.0 LIMITED
Pune,2010,31000,Petrol,Manual,First,12.0,132.0,TOYOTA,COROLLA ALTIS 1.8 SPORT
Kolkata,2011,42086,Petrol,Manual,First,17.0,118.0,HONDA,CITY 1.5 V MT
Chennai,2013,49000,Petrol,Manual,First,18.0,85.0,MARUTI,SWIFT ZXI
Coimbatore,2019,77240,Diesel,Automatic,First,22.0,126.0,HYUNDAI,VERNA 1.6 SX CRDI (O) AT
Jaipur,2012,105000,Diesel,Manual,Second,15.0,62.0,MAHINDRA,BOLERO ZLX
Chennai,2014,35000,Diesel,Manual,First,22.0,74.0,MARUTI,SWIFT VDI
Chennai,2006,83072,Petrol,Manual,First,17.0,97.0,HYUNDAI,SANTRO XING XO
Hyderabad,2012,202082,Diesel,Automatic,First,17.0,174.0,AUDI,A6 2011-2015 2.0 TDI PREMIUM PLUS
Chennai,2004,129000,Petrol,Manual,Third,13.0,70.0,FORD,IKON 1.3 LXI NXT
Coimbatore,2018,33558,Diesel,Manual,First,20.0,88.0,VOLKSWAGEN,POLO 1.5 TDI HIGHLINE
Coimbatore,2012,60271,Diesel,Manual,First,13.0,63.0,MAHINDRA,BOLERO VLX CRDE
Coimbatore,2017,45366,Diesel,Manual,First,25.0,98.0,HONDA,CITY I DTEC VX OPTION
Kolkata,2014,9500,Petrol,Manual,First,18.0,82.0,CHEVROLET,SAIL HATCHBACK 1.2 LS
Kochi,2016,42362,Petrol,Manual,First,18.0,81.0,HYUNDAI,I20 1.2 SPOTZ
Chennai,2016,21000,Diesel,Automatic,First,17.0,184.0,BMW,X1 SDRIVE 20D SPORTLINE
Mumbai,2012,15200,Diesel,Automatic,First,15.0,177.0,BMW,X1 SDRIVE 20D EXCLUSIVE
Mumbai,2015,43690,Diesel,Automatic,First,12.0,168.0,TOYOTA,FORTUNER 4X2 AT
Kochi,2014,79926,Diesel,Automatic,First,11.0,335.0,AUDI,Q7 4.2 TDI QUATTRO TECHNOLOGY
Kolkata,2013,53073,Diesel,Manual,First,20.0,88.0,MARUTI,ERTIGA VDI
Bangalore,2015,59000,Petrol,Manual,First,18.0,80.0,HYUNDAI,I20 1.2 MAGNA
Bangalore,2006,47088,Petrol,Automatic,Second,10.0,364.0,MERCEDES-BENZ,S CLASS 2005 2013 S 350 L
Ahmedabad,2014,55000,Diesel,Manual,First,20.0,83.0,RENAULT,DUSTER 85PS DIESEL RXL
Hyderabad,2013,80430,Diesel,Manual,Second,17.0,100.0,MAHINDRA,QUANTO C2
Delhi,2013,71932,Diesel,Automatic,First,12.0,168.0,TOYOTA,FORTUNER 4X2 AT
Mumbai,2014,19000,Diesel,Automatic,First,15.0,258.0,BMW,X5 2014-2019 XDRIVE 30D DESIGN PURE EXPERIENCE 7 SEATER
Hyderabad,2011,81759,Diesel,Manual,First,19.0,73.0,MARUTI,SWIFT DZIRE VDI
Kochi,2018,52010,Diesel,Manual,First,25.0,74.0,MARUTI,SWIFT LDI OPTIONAL
Kochi,2016,58953,Petrol,Automatic,First,13.0,177.0,AUDI,A6 2011-2015 35 TFSI TECHNOLOGY
Mumbai,2008,93000,Diesel,Manual,Third,10.0,107.0,MITSUBISHI,PAJERO 2.8 SFX BSIV DUAL TONE
Delhi,2016,10000,Diesel,Automatic,First,16.0,187.0,JAGUAR,XF 2.2 LITRE EXECUTIVE
Coimbatore,2019,40674,Diesel,Automatic,First,11.0,171.0,TOYOTA,INNOVA CRYSTA 2.8 ZX AT
Mumbai,2015,50000,Diesel,Automatic,First,19.0,141.0,SKODA,OCTAVIA AMBITION 2.0 TDI AT
Bangalore,2018,1331,Petrol,Automatic,First,14.0,138.0,TOYOTA,COROLLA ALTIS VL AT
Pune,2010,60000,Petrol,Manual,First,19.0,35.0,MARUTI,OMNI 8 SEATER BSII
Mumbai,2018,10003,Diesel,Automatic,First,17.0,170.0,MERCEDES-BENZ,GLC 220D 4MATIC STYLE
Mumbai,2016,25000,Diesel,Automatic,First,21.0,108.0,VOLKSWAGEN,VENTO 1.5 TDI HIGHLINE AT
Ahmedabad,2015,73000,Diesel,Manual,First,16.0,140.0,MAHINDRA,XUV500 W10 2WD
Hyderabad,2014,59962,Diesel,Manual,First,20.0,83.0,NISSAN,TERRANO XL 85 PS
Jaipur,2012,72000,Diesel,Manual,Second,22.0,126.0,HYUNDAI,VERNA 1.6 SX CRDI (O)
Coimbatore,2016,20967,Diesel,Automatic,First,14.0,258.0,BMW,5 SERIES 2013-2017 530D M SPORT
Bangalore,2015,35000,Diesel,Manual,Second,15.0,120.0,MAHINDRA,SCORPIO S4 PLUS
Coimbatore,2017,38056,Diesel,Manual,First,23.0,126.0,HYUNDAI,VERNA 1.6 CRDI SX
Pune,2009,94000,Diesel,Automatic,Second,12.0,241.0,AUDI,Q7 3.0 TDI QUATTRO PREMIUM PLUS
Coimbatore,2010,64236,Petrol,Manual,First,14.0,76.0,CHEVROLET,AVEO U-VA 1.2 LT
Kolkata,2000,124000,Diesel,Manual,First,13.0,63.0,MAHINDRA,BOLERO ZLX BSIII
Mumbai,2014,7400,Petrol,Manual,First,19.0,82.0,HYUNDAI,XCENT 1.2 KAPPA S
Hyderabad,2017,52000,Diesel,Manual,First,13.0,147.0,TOYOTA,INNOVA CRYSTA 2.4 GX MT 8S
Hyderabad,2015,68764,Petrol,Manual,First,21.0,55.0,HYUNDAI,EON ERA PLUS
Delhi,2013,64000,Diesel,Manual,First,22.0,73.0,VOLKSWAGEN,POLO DIESEL COMFORTLINE 1.2L
Pune,2016,21558,Diesel,Manual,First,24.0,88.0,MARUTI,VITARA BREZZA ZDI
Mumbai,2013,37500,Diesel,Automatic,First,18.0,184.0,BMW,3 SERIES 320D PRESTIGE
Coimbatore,2016,14077,Petrol,Manual,First,21.0,55.0,HYUNDAI,EON SPORTZ
Mumbai,2009,70000,Petrol,Manual,First,17.0,118.0,HONDA,CITY 1.5 S MT
Kochi,2011,54316,Petrol,Manual,Second,12.0,177.0,HONDA,ACCORD 2.4 MT
Hyderabad,2009,90764,Diesel,Manual,First,14.0,112.0,MAHINDRA,XYLO E8
Chennai,2009,137000,Diesel,Automatic,Second,13.0,170.0,BMW,3 SERIES 320D
Pune,2013,127000,Petrol,Manual,Second,16.0,116.0,HONDA,CITY V MT
Kochi,2016,51884,Diesel,Manual,First,16.0,140.0,MAHINDRA,XUV500 W10 2WD
Delhi,2014,67407,Diesel,Manual,First,21.0,88.0,HYUNDAI,I20 ASTA 1.4 CRDI
Hyderabad,2014,107825,Diesel,Manual,First,13.0,168.0,TOYOTA,FORTUNER 4X2 MANUAL
Chennai,2006,82453,Diesel,Manual,First,13.0,63.0,MAHINDRA,BOLERO DI BSII
Chennai,2007,30441,Petrol,Manual,First,15.0,85.0,MARUTI,ESTEEM VXI - BSIII
Chennai,2002,70000,Petrol,Manual,Third,0.0,97.0,HYUNDAI,SANTRO LS ZIPPLUS
Mumbai,2016,11000,Diesel,Automatic,First,20.0,113.0,MINI,COOPER 5 DOOR D
Hyderabad,2015,61000,Diesel,Automatic,First,15.0,174.0,AUDI,Q3 35 TDI QUATTRO PREMIUM
Delhi,2013,48454,Petrol,Manual,Second,17.0,80.0,HYUNDAI,I20 SPORTZ OPTION
Jaipur,2017,37000,Diesel,Manual,First,14.0,154.0,TATA,SAFARI STORME VX VARICOR 400
Kochi,2017,32249,Diesel,Manual,First,21.0,98.0,HONDA,BR-V I-DTEC VX MT
Kolkata,2013,58000,Diesel,Manual,First,19.0,138.0,VOLKSWAGEN,JETTA 2013-2015 2.0L TDI HIGHLINE
Jaipur,2017,28360,Petrol,Manual,First,19.0,81.0,HYUNDAI,XCENT 1.2 KAPPA S OPTION
Mumbai,2017,7000,Petrol,Manual,First,20.0,81.0,MARUTI,IGNIS 1.2 ALPHA
Coimbatore,2016,19658,Diesel,Automatic,First,18.0,190.0,BMW,5 SERIES 2013-2017 520D LUXURY LINE
Hyderabad,2007,92000,Petrol,Manual,First,13.0,70.0,FORD,IKON 1.3 CLXI
Kolkata,2013,25000,Petrol,Manual,First,20.0,78.0,HYUNDAI,I10 SPORTZ
Coimbatore,2016,37882,Diesel,Manual,First,22.0,126.0,HYUNDAI,VERNA 1.6 CRDI
Bangalore,2014,69330,Diesel,Automatic,First,16.0,181.0,BMW,3 SERIES 320D HIGHLINE
Delhi,2011,61000,Petrol,Automatic,First,12.0,185.0,MERCEDES-BENZ,E-CLASS 2009-2013 E200 CGI BLUE EFFICIENCY
Kolkata,2010,35000,Petrol,Manual,Second,18.0,79.0,CHEVROLET,BEAT OPTION PACK
Jaipur,2004,200000,Petrol,Manual,First,0.0,97.0,HYUNDAI,SANTRO XING XP
Jaipur,2009,82000,Diesel,Manual,Second,13.0,97.0,TATA,INDICA DLS
Delhi,2012,72450,Diesel,Manual,First,15.0,140.0,MAHINDRA,XUV500 W8 2WD
Jaipur,2017,36381,Diesel,Manual,First,28.0,88.0,MARUTI,CIAZ ZDI PLUS SHVS
Coimbatore,2017,25559,Diesel,Automatic,First,19.0,201.0,MERCEDES-BENZ,NEW C-CLASS C 250 CDI AVANTGARDE
Chennai,2005,100000,Petrol,Automatic,Third,16.0,78.0,HONDA,CITY ZX CVT
Jaipur,2015,94000,Diesel,Automatic,First,11.0,169.0,TOYOTA,FORTUNER 4X2 4 SPEED AT
Bangalore,2011,64357,Petrol,Manual,First,24.0,67.0,MARUTI,ALTO K10 VXI
Mumbai,2017,10501,Petrol,Automatic,First,9.0,237.0,JAGUAR,XJ 2.0L PORTFOLIO
Chennai,2009,47000,Diesel,Manual,First,21.0,90.0,HYUNDAI,I20 1.4 MAGNA ABS
Mumbai,2017,18000,Petrol,Automatic,First,16.0,117.0,HONDA,BRV I-VTEC V CVT
Chennai,2007,89000,Petrol,Manual,First,13.0,125.0,TOYOTA,COROLLA EXECUTIVE (HE)
Coimbatore,2014,49964,Diesel,Automatic,First,17.0,174.0,AUDI,A6 2011-2015 2.0 TDI PREMIUM PLUS
Mumbai,2014,35000,Diesel,Manual,First,12.0,100.0,TOYOTA,INNOVA 2.5 ZX DIESEL 7 SEATER BSIII
Jaipur,2014,64000,Diesel,Manual,First,24.0,70.0,HYUNDAI,GRAND I10 CRDI SPORTZ
Mumbai,2013,36000,Petrol,Automatic,First,14.0,105.0,VOLKSWAGEN,VENTO IPL II PETROL HIGHLINE AT
Delhi,2012,78600,Diesel,Manual,First,12.0,102.0,TOYOTA,INNOVA 2.5 VX (DIESEL) 7 SEATER BS IV
Jaipur,2008,170000,Diesel,Manual,Second,16.0,110.0,HYUNDAI,VERNA CRDI SX
Pune,2015,65000,Diesel,Manual,Second,23.0,73.0,MARUTI,RITZ VDI
Pune,2008,120300,Diesel,Automatic,Second,12.0,241.0,AUDI,Q7 3.0 TDI QUATTRO TECHNOLOGY
Pune,2016,21000,Petrol,Manual,First,18.0,81.0,HYUNDAI,I20 ASTA OPTION 1.2
Coimbatore,2017,18108,Diesel,Manual,First,24.0,88.0,MARUTI,VITARA BREZZA ZDI PLUS DUAL TONE
Pune,2014,58407,Petrol,Manual,First,17.0,117.0,HONDA,CITY I VTEC S
Pune,2014,49500,Petrol,Manual,First,20.0,91.0,MARUTI,CIAZ ZXI
Kochi,2013,37199,Petrol,Automatic,First,17.0,99.0,NISSAN,SUNNY XV CVT
Hyderabad,2012,62000,Diesel,Manual,First,22.0,73.0,VOLKSWAGEN,POLO DIESEL HIGHLINE 1.2L
Hyderabad,2015,59000,Diesel,Manual,First,20.0,88.0,MARUTI,ERTIGA ZDI
Jaipur,2015,60000,Diesel,Manual,First,26.0,74.0,MARUTI,SWIFT DZIRE VDI
Bangalore,2007,39037,Diesel,Automatic,First,14.0,170.0,MERCEDES-BENZ,NEW C-CLASS C 220 CDI ELEGANCE AT
Mumbai,2013,17003,Petrol,Manual,First,19.0,86.0,HONDA,BRIO S MT
Hyderabad,2008,80400,Petrol,Manual,First,16.0,66.0,HYUNDAI,I10 MAGNA OPTIONAL 1.1L
Jaipur,2012,75200,Diesel,Manual,First,22.0,126.0,HYUNDAI,VERNA 1.6 SX CRDI (O)
Kochi,2017,41217,Diesel,Manual,First,28.0,88.0,MARUTI,CIAZ VDI SHVS
Pune,2006,98293,Petrol,Manual,Second,13.0,70.0,FORD,IKON 1.3 FLAIR
Pune,2017,54000,Petrol,Manual,Second,16.0,74.0,VOLKSWAGEN,POLO 1.2 MPI HIGHLINE
Chennai,2016,17377,Petrol,Manual,First,18.0,88.0,HONDA,JAZZ 1.2 V I VTEC
Bangalore,2013,33800,Diesel,Manual,Second,25.0,98.0,HONDA,AMAZE EX I-DTECH
Hyderabad,2015,86157,Diesel,Manual,First,22.0,88.0,HYUNDAI,I20 ASTA 1.4 CRDI
Hyderabad,2012,146824,Diesel,Manual,First,21.0,73.0,MARUTI,RITZ VDI
Chennai,2014,55000,Petrol,Manual,First,16.0,116.0,HONDA,CITY V MT
Hyderabad,2010,53293,Petrol,Manual,First,13.0,160.0,SKODA,SUPERB 1.8 TSI MT
Pune,2017,38000,Diesel,Manual,First,24.0,88.0,MARUTI,VITARA BREZZA LDI OPTION
Bangalore,2009,64000,Petrol,Manual,Second,17.0,80.0,HYUNDAI,I20 ASTA
Hyderabad,2017,25058,Petrol,Automatic,First,24.0,67.0,MARUTI,ALTO K10 VXI AGS
Kochi,2016,36700,Petrol,Manual,First,21.0,55.0,HYUNDAI,EON ERA PLUS
Mumbai,2011,35000,Petrol,Manual,First,20.0,78.0,HYUNDAI,I10 SPORTZ
Coimbatore,2016,22732,Petrol,Automatic,First,18.0,306.0,MERCEDES-BENZ,SLK-CLASS SLK 350
Hyderabad,2014,48000,Diesel,Automatic,First,18.0,187.0,AUDI,A6 2.0 TDI DESIGN EDITION
Bangalore,2013,62084,Diesel,Manual,First,22.0,98.0,FORD,ECOSPORT 1.5 TDCI TITANIUM
Kolkata,2012,39273,Diesel,Automatic,First,14.0,140.0,VOLKSWAGEN,PASSAT HIGHLINE DSG
Bangalore,2017,64798,Diesel,Manual,First,13.0,147.0,TOYOTA,INNOVA CRYSTA 2.4 ZX MT
Jaipur,2010,100002,Diesel,Manual,Third,20.0,68.0,FORD,FIGO DIESEL ZXI
Pune,2006,78000,Petrol,Manual,Third,14.0,92.0,CHEVROLET,AVEO 1.4
Coimbatore,2013,57717,Petrol,Manual,First,18.0,85.0,MARUTI,RITZ LXI
Chennai,2011,109000,Diesel,Automatic,First,12.0,147.0,LAND,ROVER FREELANDER 2 SE
Coimbatore,2017,74515,Petrol,Manual,First,18.0,82.0,HYUNDAI,GRAND I10 ASTA
Coimbatore,2017,50484,Diesel,Automatic,First,10.0,197.0,FORD,ENDEAVOUR 3.2 TREND AT 4X4
Kochi,2013,13452,Diesel,Automatic,First,12.0,167.0,AUDI,Q5 2008-2012 2.0 TDI
Kochi,2017,37688,Petrol,Manual,First,17.0,121.0,HYUNDAI,VERNA 1.6 VTVT
Chennai,2017,34000,Diesel,Automatic,First,13.0,204.0,MERCEDES-BENZ,E-CLASS 2015-2017 E250 CDI AVANTGARDE
Pune,2014,120000,Diesel,Automatic,First,0.0,165.0,MERCEDES-BENZ,M-CLASS ML 350 4MATIC
Pune,2008,64000,Petrol,Manual,Second,17.0,85.0,MARUTI,SWIFT DZIRE ZXI
Delhi,2011,100000,Petrol,Manual,First,13.0,90.0,HONDA,CITY 1.3 EXI S
Jaipur,2014,75000,Diesel,Manual,First,20.0,83.0,RENAULT,DUSTER 85PS DIESEL RXL OPTIONAL
Hyderabad,2012,86000,Diesel,Automatic,First,14.0,170.0,MERCEDES-BENZ,NEW C-CLASS 220 CDI AT
Hyderabad,2015,69000,Diesel,Automatic,First,15.0,258.0,BMW,X5 XDRIVE 30D DESIGN PURE EXPERIENCE 5 SEATER
Kochi,2015,41721,Petrol,Manual,First,19.0,82.0,HYUNDAI,XCENT 1.2 KAPPA SX OPTION
Hyderabad,2017,13000,Petrol,Automatic,First,22.0,81.0,MARUTI,DZIRE AMT ZXI PLUS
Kolkata,2013,38998,Diesel,Automatic,First,16.0,181.0,BMW,3 SERIES 320D CORPORATE EDITION
Kochi,2017,54250,Petrol,Manual,First,22.0,47.0,MARUTI,ALTO 800 LXI
Bangalore,2013,45979,Diesel,Automatic,Second,17.0,174.0,AUDI,A4 2.0 TDI 177 BHP PREMIUM PLUS
Pune,2012,37000,Petrol,Automatic,Second,13.0,181.0,MINI,COOPER S
Coimbatore,2015,46983,Diesel,Automatic,Second,12.0,241.0,AUDI,Q7 3.0 TDI QUATTRO PREMIUM PLUS
Bangalore,2012,40700,Diesel,Manual,First,25.0,57.0,CHEVROLET,BEAT DIESEL LT
Kochi,2015,43828,Petrol,Manual,First,20.0,67.0,MARUTI,WAGON R LXI BS IV
Kolkata,2016,53000,Diesel,Manual,First,19.0,108.0,NISSAN,TERRANO XV PREMIUM 110 PS
Ahmedabad,2015,100000,Diesel,Automatic,First,18.0,184.0,BMW,3 SERIES 320D LUXURY PLUS
Mumbai,2015,19000,Petrol,Manual,First,20.0,83.0,MARUTI,SWIFT DZIRE VXI
Jaipur,2016,84000,Diesel,Manual,First,17.0,108.0,SKODA,YETI ELEGANCE 4X2
Kochi,2018,37630,Petrol,Automatic,First,15.0,110.0,FORD,ECOSPORT 1.5 TI VCT AT TITANIUM
Chennai,2010,67714,Petrol,Manual,First,18.0,80.0,HYUNDAI,I20 1.2 MAGNA
Pune,2017,32000,Diesel,Manual,First,15.0,88.0,MARUTI,S CROSS DDIS 200 SIGMA OPTION
Pune,2010,51000,Petrol,Manual,First,16.0,103.0,HYUNDAI,VERNA TRANSFORM VTVT
Kochi,2015,58390,Diesel,Automatic,First,18.0,184.0,BMW,3 SERIES 320D LUXURY LINE
Kolkata,2017,14000,Diesel,Manual,First,24.0,73.0,HYUNDAI,GRAND I10 1.2 CRDI MAGNA
Delhi,2014,55818,Petrol,Manual,Second,17.0,117.0,HONDA,CITY I-VTEC V
Chennai,2006,97800,Petrol,Manual,Third,16.0,97.0,MARUTI,SWIFT 1.3 VXI
Kolkata,2012,52241,Diesel,Manual,First,25.0,74.0,MARUTI,SWIFT VDI BSIV
Coimbatore,2018,25433,Diesel,Manual,First,27.0,74.0,MARUTI,BALENO ZETA 1.3
Kochi,2015,40611,Diesel,Manual,First,14.0,138.0,TATA,SAFARI STORME 2012-2015 LX
Bangalore,2008,72000,Petrol,Manual,Second,13.0,94.0,HYUNDAI,ACCENT GLS
Hyderabad,2016,54631,Diesel,Manual,First,25.0,74.0,MARUTI,SWIFT LDI SP LIMITED EDITION
Bangalore,2007,60000,Diesel,Manual,Second,17.0,97.0,MARUTI,SWIFT VDI BSIV
Coimbatore,2016,24941,Petrol,Automatic,First,21.0,37.0,TATA,NANO XTA
Ahmedabad,2017,63939,Diesel,Manual,First,25.0,88.0,MARUTI,ERTIGA VDI
Delhi,2014,35214,Petrol,Automatic,Second,23.0,67.0,MARUTI,CELERIO VXI AMT
Delhi,2015,63000,Diesel,Manual,First,25.0,74.0,MARUTI,SWIFT VDI BSIV
Kochi,2012,121377,Petrol,Manual,First,15.0,103.0,VOLKSWAGEN,VENTO PETROL HIGHLINE
Chennai,2009,100970,Diesel,Automatic,First,15.0,105.0,VOLKSWAGEN,JETTA 2007-2011 1.9 HIGHLINE TDI
Hyderabad,2014,60000,Diesel,Automatic,Second,20.0,113.0,MINI,COOPER 5 DOOR D
Chennai,2008,77650,Diesel,Manual,First,17.0,53.0,TATA,INDICA V2 DLS
Hyderabad,2007,71297,Petrol,Manual,First,17.0,97.0,HYUNDAI,SANTRO XING XO
Mumbai,2008,55001,Diesel,Automatic,Second,0.0,97.0,LAND,ROVER RANGE ROVER 3.0 D
Bangalore,2015,18955,Petrol,Automatic,First,18.0,117.0,HONDA,CITY I-VTEC CVT VX
Coimbatore,2016,47877,Diesel,Automatic,First,16.0,187.0,JAGUAR,XF 2.2 LITRE LUXURY
Kochi,2017,43368,Diesel,Automatic,First,15.0,204.0,MERCEDES-BENZ,E-CLASS 2015-2017 E250 EDITION E
Chennai,2011,73000,Diesel,Manual,Third,18.0,147.0,CHEVROLET,CRUZE LTZ
Ahmedabad,2015,72007,Diesel,Manual,First,15.0,140.0,MAHINDRA,XUV500 W8 2WD
Kochi,2014,56778,Petrol,Automatic,First,11.0,186.0,MERCEDES-BENZ,NEW C-CLASS C 200 CGI AVANTGARDE
Kochi,2018,20024,Petrol,Manual,First,18.0,88.0,HONDA,JAZZ VX
Kolkata,2013,42103,Petrol,Manual,First,16.0,88.0,TOYOTA,ETIOS G
Hyderabad,2012,67147,Petrol,Manual,First,19.0,46.0,MARUTI,ALTO LXI BSIII
Coimbatore,2016,37806,Petrol,Manual,First,20.0,81.0,MARUTI,SWIFT VXI BSIV
Pune,2009,85000,Petrol,Manual,Third,19.0,66.0,MARUTI,A-STAR VXI
Chennai,2011,35000,Petrol,Manual,First,25.0,37.0,TATA,NANO LX BSIV
Kolkata,2015,72035,Diesel,Manual,First,25.0,99.0,FORD,FIGO TITANIUM DIESEL
Jaipur,2011,48500,Petrol,Manual,First,16.0,90.0,FIAT,LINEA EMOTION
Coimbatore,2017,28854,Petrol,Manual,First,18.0,86.0,FORD,FIGO ASPIRE 1.2 TI-VCT TREND
Hyderabad,2005,92450,Petrol,Manual,First,15.0,94.0,MARUTI,BALENO LXI
Coimbatore,2016,14351,Diesel,Automatic,First,18.0,184.0,BMW,3 SERIES 320D LUXURY LINE
Jaipur,2017,51087,Diesel,Manual,First,17.0,163.0,CHEVROLET,CRUZE LTZ
Chennai,2005,50000,Diesel,Manual,First,12.0,116.0,MAHINDRA,SCORPIO 2.6 DX
Hyderabad,2016,73000,Diesel,Manual,First,25.0,69.0,TATA,INDICA V2 ELS
Ahmedabad,2011,60000,Diesel,Automatic,First,18.0,147.0,CHEVROLET,CRUZE LTZ AT
Chennai,2016,50000,Diesel,Manual,First,12.0,102.0,TOYOTA,INNOVA 2.5 V DIESEL 8-SEATER
Coimbatore,2018,36797,Diesel,Automatic,First,19.0,167.0,MERCEDES-BENZ,NEW C-CLASS C 220D AVANTGARDE EDITION C
Kolkata,2011,50000,Petrol,Manual,Second,18.0,85.0,MARUTI,RITZ VXI
Ahmedabad,2013,94000,Diesel,Manual,First,12.0,102.0,TOYOTA,INNOVA 2.5 GX (DIESEL) 8 SEATER BS IV
Bangalore,2013,74000,Diesel,Manual,Second,12.0,168.0,TOYOTA,FORTUNER 4X4 MT
Coimbatore,2014,41016,Petrol,Automatic,Second,16.0,78.0,HYUNDAI,I10 SPORTZ AT
Bangalore,2012,67000,Diesel,Manual,First,22.0,126.0,HYUNDAI,VERNA 1.6 SX
Bangalore,2015,76927,Diesel,Automatic,First,15.0,174.0,AUDI,Q3 2012-2015 35 TDI QUATTRO PREMIUM PLUS
Kolkata,2010,17088,Petrol,Manual,First,18.0,79.0,CHEVROLET,BEAT LS
Pune,2007,112808,Diesel,Manual,Second,17.0,68.0,FORD,FIESTA 1.4 DURATORQ ZXI
Coimbatore,2014,74980,Diesel,Manual,First,20.0,68.0,FORD,FIGO DIESEL EXI
Hyderabad,2014,44600,Petrol,Automatic,First,23.0,67.0,MARUTI,CELERIO VXI AT
Mumbai,2013,37000,Diesel,Automatic,First,20.0,107.0,MERCEDES-BENZ,A CLASS A180 CDI
Ahmedabad,2016,21000,Petrol,Manual,First,15.0,121.0,HYUNDAI,CRETA 1.6 SX
Bangalore,2010,81245,Petrol,Manual,First,18.0,67.0,MARUTI,WAGON R VXI BS IV
Delhi,2013,70000,Diesel,Automatic,First,10.0,170.0,MERCEDES-BENZ,E-CLASS 2009-2013 E 220 CDI AVANTGARDE
Mumbai,2017,4018,Petrol,Manual,First,18.0,110.0,FORD,ECOSPORT 1.5 TI VCT MT TITANIUM BE
Delhi,2013,70000,Diesel,Automatic,Second,13.0,148.0,RENAULT,KOLEOS 2.0 DIESEL
Coimbatore,2016,56532,Diesel,Manual,First,16.0,140.0,MAHINDRA,XUV500 W10 2WD
Hyderabad,2013,26875,Petrol,Manual,First,16.0,34.0,MARUTI,OMNI E 8 STR STD
Coimbatore,2015,72599,Petrol,Manual,First,22.0,67.0,MARUTI,WAGON R VXI
Jaipur,2008,205000,Diesel,Manual,Second,13.0,141.0,FORD,ENDEAVOUR XLT TDCI 4X2
Hyderabad,2011,98000,Diesel,Manual,Second,22.0,126.0,HYUNDAI,VERNA 1.6 SX
Mumbai,2018,19500,Petrol,Manual,First,18.0,81.0,HYUNDAI,I20 MAGNA 1.2
Bangalore,2013,68000,Petrol,Manual,Second,16.0,93.0,MARUTI,ERTIGA ZXI
Coimbatore,2019,19654,Diesel,Automatic,First,14.0,155.0,MAHINDRA,XUV500 W9 AT
Mumbai,2017,26000,Diesel,Manual,First,23.0,88.0,MARUTI,SX4 S CROSS DDIS 200 ZETA
Bangalore,2015,10000,Petrol,Automatic,First,18.0,306.0,MERCEDES-BENZ,SLK-CLASS SLK 350
Hyderabad,2011,75020,Diesel,Manual,First,22.0,73.0,VOLKSWAGEN,POLO DIESEL COMFORTLINE 1.2L
Hyderabad,2011,157000,Diesel,Manual,First,12.0,168.0,TOYOTA,FORTUNER 4X4 MT
Kochi,2017,43773,Diesel,Manual,First,16.0,140.0,MAHINDRA,XUV500 W10 2WD
Mumbai,2016,21000,Diesel,Automatic,First,17.0,201.0,MERCEDES-BENZ,GLE 250D
Chennai,2016,23280,Petrol,Manual,First,18.0,88.0,HONDA,JAZZ 1.2 VX I VTEC
Pune,2013,88000,Diesel,Manual,First,23.0,74.0,MARUTI,SWIFT DZIRE VDI
Hyderabad,2014,67000,Petrol,Manual,First,17.0,121.0,HYUNDAI,VERNA 1.6 SX VTVT
Coimbatore,2017,59636,Diesel,Automatic,First,10.0,197.0,FORD,ENDEAVOUR 3.2 TITANIUM AT 4X4
Kolkata,2018,11000,Petrol,Manual,First,18.0,81.0,HYUNDAI,I20 1.2 ASTA OPTION
Mumbai,2013,60669,Petrol,Manual,First,16.0,116.0,HONDA,CITY 1.5 V MT SUNROOF
Hyderabad,2018,12000,Diesel,Manual,First,27.0,98.0,HONDA,AMAZE VX DIESEL
Kolkata,2013,35000,Petrol,Manual,First,17.0,121.0,HYUNDAI,VERNA 1.6 SX VTVT (O)
Chennai,2015,65000,Diesel,Manual,First,24.0,98.0,HONDA,MOBILIO S I DTEC
Kochi,2013,39929,Diesel,Manual,First,20.0,88.0,MARUTI,ERTIGA ZDI
Pune,2014,49000,Petrol,Manual,First,24.0,67.0,MARUTI,ALTO K10 LXI
Pune,2004,77757,Diesel,Manual,Second,13.0,75.0,TOYOTA,QUALIS FS B2
Kochi,2016,21456,Petrol,Manual,First,20.0,78.0,HYUNDAI,I10 SPORTZ
Bangalore,2009,74000,Diesel,Automatic,Second,17.0,105.0,SKODA,LAURA 1.9 TDI AT AMBIENTE
Mumbai,2015,37000,Petrol,Manual,Second,18.0,81.0,HYUNDAI,I20 ASTA OPTION 1.2
Coimbatore,2013,108640,Diesel,Automatic,First,11.0,235.0,BMW,5 SERIES 2003-2012 530D HIGHLINE
Mumbai,2016,38000,Diesel,Automatic,First,22.0,190.0,BMW,3 SERIES 320D M SPORT
Pune,2010,80000,Petrol,Manual,First,14.0,92.0,CHEVROLET,AVEO 1.4 LT ABS BSIV
Mumbai,2011,47000,Diesel,Automatic,Second,14.0,203.0,MERCEDES-BENZ,E-CLASS 2009-2013 E250 CDI ELEGANCE
Kolkata,2013,31000,Diesel,Automatic,First,17.0,174.0,AUDI,A6 2011-2015 2.0 TDI PREMIUM PLUS
Kolkata,2014,40000,Petrol,Manual,First,20.0,67.0,MARUTI,WAGON R LXI BS IV
Jaipur,2016,4152,Petrol,Manual,First,25.0,53.0,RENAULT,KWID RXT
Mumbai,2017,51000,Diesel,Manual,First,21.0,108.0,VOLKSWAGEN,AMEO 1.5 TDI HIGHLINE
Ahmedabad,2013,55000,Diesel,Manual,First,22.0,73.0,VOLKSWAGEN,POLO DIESEL COMFORTLINE 1.2L
Hyderabad,2014,58500,Petrol,Manual,First,22.0,47.0,MARUTI,ALTO 800 LXI
Kochi,2017,58620,Petrol,Manual,First,18.0,81.0,HYUNDAI,I20 ASTA OPTION 1.2
Mumbai,2012,29605,Petrol,Manual,First,18.0,97.0,TOYOTA,ETIOS LIVA G
Jaipur,2012,71172,Petrol,Manual,Third,17.0,80.0,HYUNDAI,I20 1.2 SPORTZ
Chennai,2017,12000,Diesel,Manual,First,22.0,88.0,HYUNDAI,I20 1.4 ASTA
Kolkata,2014,25000,Petrol,Manual,First,20.0,67.0,MARUTI,WAGON R LXI OPTIONAL
Bangalore,2017,43000,Diesel,Manual,Second,22.0,88.0,HYUNDAI,I20 1.4 ASTA OPTION
Mumbai,2015,57022,Petrol,Automatic,First,17.0,103.0,VOLKSWAGEN,POLO GT TSI
Pune,2015,92000,Diesel,Manual,First,20.0,68.0,FORD,FIGO DIESEL TITANIUM
Coimbatore,2014,33372,Petrol,Manual,Second,18.0,85.0,MARUTI,SWIFT ZXI
Kochi,2016,52625,Diesel,Manual,First,24.0,70.0,HYUNDAI,GRAND I10 CRDI MAGNA
Chennai,2016,215000,Diesel,Manual,First,14.0,118.0,MAHINDRA,XYLO H4
Delhi,2012,65537,CNG,Manual,First,26.0,38.0,MARUTI,ALTO GREEN LXI (CNG)
Coimbatore,2014,60138,Petrol,Manual,First,19.0,68.0,HYUNDAI,I10 MAGNA 1.1
Mumbai,2014,84000,Diesel,Automatic,First,19.0,141.0,SKODA,OCTAVIA ELEGANCE 2.0 TDI AT
Mumbai,2014,47000,Diesel,Automatic,First,15.0,258.0,BMW,X5 2014-2019 XDRIVE 30D DESIGN PURE EXPERIENCE 7 SEATER
Hyderabad,2014,33450,Petrol,Automatic,First,23.0,67.0,MARUTI,CELERIO VXI AT
Jaipur,2013,125000,Diesel,Manual,Second,20.0,103.0,VOLKSWAGEN,VENTO DIESEL COMFORTLINE
Pune,2011,99606,Diesel,Automatic,Second,16.0,181.0,BMW,3 SERIES 320D HIGHLINE
Mumbai,2014,64000,Diesel,Manual,First,20.0,88.0,MARUTI,ERTIGA ZDI
Hyderabad,2013,51000,Diesel,Manual,First,20.0,68.0,FORD,FIGO DIESEL ZXI
Mumbai,2014,57000,Petrol,Manual,First,16.0,74.0,VOLKSWAGEN,POLO 1.2 MPI HIGHLINE
Coimbatore,2009,48040,Diesel,Automatic,Second,16.0,241.0,AUDI,A6 3.0 TDI QUATTRO
Pune,2017,43200,Diesel,Manual,First,13.0,147.0,TOYOTA,INNOVA CRYSTA 2.4 ZX MT
Delhi,2013,66000,Diesel,Automatic,First,22.0,126.0,HYUNDAI,VERNA 1.6 CRDI EX AT
Kolkata,2013,31000,Petrol,Manual,First,17.0,62.0,HYUNDAI,SANTRO XING GL PLUS
Delhi,2011,46000,Diesel,Automatic,Second,16.0,147.0,AUDI,A4 2.0 TDI
Kolkata,2012,47346,Diesel,Automatic,First,16.0,147.0,AUDI,A4 2.0 TDI
Jaipur,2009,100000,Diesel,Manual,First,17.0,105.0,SKODA,LAURA 1.9 TDI MT AMBIENTE
Coimbatore,2015,63856,Petrol,Automatic,First,13.0,153.0,HONDA,CR-V 2.0L 2WD AT
Coimbatore,2015,72996,Diesel,Manual,First,22.0,126.0,HYUNDAI,VERNA 1.6 SX CRDI (O)
Chennai,2014,23000,Diesel,Manual,First,24.0,98.0,HONDA,MOBILIO RS I DTEC
Coimbatore,2018,15985,Petrol,Manual,First,18.0,81.0,HYUNDAI,I20 1.2 ASTA OPTION
Kolkata,2011,98000,Diesel,Manual,Second,12.0,102.0,TOYOTA,INNOVA 2.5 G (DIESEL) 7 SEATER BS IV
Hyderabad,2014,70089,Petrol,Manual,First,18.0,81.0,HYUNDAI,I20 MAGNA 1.2
Chennai,2011,99000,Diesel,Manual,Second,13.0,63.0,MAHINDRA,BOLERO VLX BS IV
Jaipur,2014,72000,Diesel,Manual,First,20.0,103.0,VOLKSWAGEN,VENTO 1.5 TDI COMFORTLINE
Coimbatore,2015,44194,Diesel,Automatic,First,16.0,187.0,JAGUAR,XF 2.2 LITRE LUXURY
Mumbai,2005,102000,Petrol,Manual,First,17.0,60.0,MARUTI,ZEN LXI - BS III
Coimbatore,2018,56652,Diesel,Automatic,First,13.0,258.0,MERCEDES-BENZ,E-CLASS FACELIFT
Mumbai,2010,41650,Diesel,Manual,Second,11.0,171.0,TOYOTA,FORTUNER 3.0 DIESEL
Coimbatore,2015,61717,Petrol,Automatic,First,18.0,82.0,HYUNDAI,GRAND I10 AT ASTA
Jaipur,2018,25302,Diesel,Manual,First,25.0,73.0,HYUNDAI,XCENT 1.2 CRDI S
Coimbatore,2016,47016,Petrol,Manual,First,15.0,121.0,HYUNDAI,CRETA 1.6 VTVT S
Bangalore,2010,69000,Petrol,Manual,First,20.0,78.0,HYUNDAI,I10 SPORTZ
Delhi,2016,32700,Petrol,Manual,First,19.0,86.0,HONDA,BRIO S MT
Coimbatore,2015,101337,Diesel,Automatic,First,12.0,168.0,TOYOTA,FORTUNER 4X2 AT
Ahmedabad,2011,59000,Diesel,Automatic,First,16.0,140.0,AUDI,A4 2.0 TDI MULTITRONIC
Kochi,2018,41736,Diesel,Automatic,First,11.0,171.0,TOYOTA,INNOVA CRYSTA 2.8 ZX AT
Jaipur,2014,71649,Diesel,Manual,First,25.0,98.0,HONDA,CITY I DTEC VX
Kochi,2015,80606,Diesel,Manual,First,25.0,98.0,HONDA,CITY I DTEC VX
Jaipur,2017,63262,Petrol,Manual,First,21.0,67.0,RENAULT,KWID 1.0 RXT OPTIONAL
Hyderabad,2018,5456,Diesel,Manual,First,28.0,74.0,MARUTI,SWIFT DDIS ZDI PLUS
Pune,2017,7500,Petrol,Automatic,First,23.0,67.0,MARUTI,CELERIO VXI OPTIONAL AMT
Delhi,2011,66000,Diesel,Manual,First,15.0,140.0,MAHINDRA,XUV500 W8 2WD
Jaipur,2010,66770,Petrol,Manual,Second,20.0,78.0,HYUNDAI,I10 MAGNA
Kochi,2014,58472,Petrol,Manual,First,19.0,68.0,HYUNDAI,I10 MAGNA 1.1
Kolkata,2011,46687,Petrol,Manual,First,22.0,81.0,MARUTI,DZIRE VXI
Chennai,2008,77000,Petrol,Automatic,Fourth & Above,9.0,163.0,MARUTI,GRAND VITARA AT
Kolkata,2012,7000,Petrol,Automatic,First,14.0,226.0,AUDI,TT 40 TFSI
Mumbai,2011,48000,Petrol,Automatic,Second,14.0,184.0,MERCEDES-BENZ,NEW C-CLASS C 200 CGI
Mumbai,2013,47000,Diesel,Manual,First,21.0,84.0,NISSAN,SUNNY 2011-2014 DIESEL XV
Ahmedabad,2015,51530,Petrol,Manual,First,18.0,67.0,MARUTI,WAGON R LXI
Bangalore,2014,25789,Diesel,Manual,Second,23.0,74.0,MARUTI,SWIFT DZIRE ZDI
Delhi,2015,48000,Diesel,Manual,First,25.0,98.0,HONDA,AMAZE S I-DTECH
Delhi,2012,52000,Diesel,Manual,First,28.0,74.0,MARUTI,SWIFT ZDI
Hyderabad,2010,95637,CNG,Manual,Second,13.0,93.0,HYUNDAI,ACCENT EXECUTIVE CNG
Hyderabad,2008,131000,Diesel,Manual,First,10.0,120.0,MAHINDRA,SCORPIO LX 2.6 TURBO
Kochi,2015,42076,Diesel,Automatic,First,13.0,201.0,MERCEDES-BENZ,E-CLASS E250 CDI AVANTGRADE
Mumbai,2012,76000,Diesel,Manual,Second,13.0,168.0,TOYOTA,FORTUNER 4X2 MANUAL
Bangalore,2016,20487,Petrol,Manual,First,22.0,53.0,DATSUN,REDI-GO T OPTION
Delhi,2010,43000,Petrol,Manual,Second,16.0,116.0,HONDA,CITY V MT
Pune,2018,17000,Petrol,Automatic,First,19.0,158.0,TOYOTA,CAMRY HYBRID
Coimbatore,2016,60805,Diesel,Manual,First,26.0,98.0,HONDA,CITY I DTEC V
Kochi,2012,58775,Diesel,Manual,First,19.0,138.0,VOLKSWAGEN,JETTA 2012-2014 2.0L TDI TRENDLINE
Hyderabad,2013,70181,Diesel,Automatic,First,17.0,174.0,AUDI,A6 2011-2015 2.0 TDI
Coimbatore,2016,85827,Diesel,Manual,First,20.0,88.0,MARUTI,ERTIGA VDI
Jaipur,2016,58205,Diesel,Automatic,First,19.0,167.0,MERCEDES-BENZ,NEW C-CLASS C 220 CDI STYLE
Mumbai,2008,91000,Diesel,Manual,Second,19.0,73.0,MARUTI,SWIFT DZIRE VDI BSIV
Pune,2012,74000,Diesel,Manual,First,19.0,108.0,RENAULT,DUSTER 110PS DIESEL RXZ PACK
Hyderabad,2010,79324,Diesel,Manual,First,21.0,73.0,MARUTI,RITZ VDI
Bangalore,2013,38623,Petrol,Manual,First,19.0,85.0,MARUTI,SWIFT DZIRE VXI
Coimbatore,2014,59923,Diesel,Manual,First,22.0,74.0,MARUTI,SWIFT ZDI
Jaipur,2017,23360,Petrol,Manual,First,21.0,55.0,HYUNDAI,EON SPORTZ
Kochi,2003,61495,Petrol,Manual,Third,17.0,60.0,MARUTI,ZEN VXI BSII
Coimbatore,2012,56661,Petrol,Manual,First,15.0,73.0,MARUTI,EECO 7 SEATER STANDARD
Coimbatore,2017,40318,Diesel,Automatic,First,14.0,174.0,AUDI,Q5 30 TDI QUATTRO PREMIUM
Chennai,2014,60000,Diesel,Automatic,First,15.0,174.0,AUDI,Q3 2.0 TDI
Hyderabad,2010,130000,Diesel,Manual,First,19.0,73.0,MARUTI,SWIFT DZIRE VDI
Mumbai,2013,20000,Diesel,Manual,First,14.0,83.0,TATA,SUMO DX
Hyderabad,2016,76000,Diesel,Automatic,First,15.0,258.0,BMW,X5 2014-2019 XDRIVE 30D DESIGN PURE EXPERIENCE 7 SEATER
Mumbai,2015,30000,Petrol,Automatic,First,18.0,117.0,HONDA,CITY I-VTEC CVT VX
Delhi,2015,150000,Diesel,Manual,First,25.0,69.0,TATA,INDIGO ECS ELX BS IV
Chennai,2014,28000,Petrol,Automatic,First,16.0,103.0,VOLKSWAGEN,VENTO TSI
Bangalore,2015,74000,Petrol,Manual,First,23.0,67.0,MARUTI,CELERIO VXI
Delhi,2011,75000,Diesel,Manual,First,11.0,171.0,TOYOTA,FORTUNER 3.0 DIESEL
Delhi,2010,76000,Petrol,Automatic,Second,11.0,170.0,MITSUBISHI,OUTLANDER 2.4
Pune,2014,64889,Diesel,Automatic,First,15.0,105.0,VOLKSWAGEN,JETTA 2007-2011 1.9 HIGHLINE TDI
Hyderabad,2010,10000,Petrol,Manual,First,9.0,97.0,PORSCHE,CAYMAN 2009-2012 S
Kolkata,2015,43000,Diesel,Manual,First,19.0,126.0,HYUNDAI,CRETA 1.6 CRDI SX
Pune,2011,47490,Petrol,Manual,First,17.0,75.0,SKODA,FABIA 1.2 MPI AMBIENTE PETROL
Chennai,2015,80000,Diesel,Manual,First,22.0,98.0,FORD,ECOSPORT 1.5 TDCI TITANIUM
Bangalore,2007,60000,Petrol,Manual,Second,18.0,64.0,MARUTI,ZEN ESTILO 1.1 LXI BSIII
Ahmedabad,2017,6006,Petrol,Manual,First,20.0,91.0,MARUTI,CIAZ 1.4 DELTA
Kochi,2011,71703,Petrol,Automatic,First,14.0,181.0,MERCEDES-BENZ,NEW C-CLASS C 200 AVANTGARDE EDITION C
Hyderabad,2016,33000,Petrol,Manual,First,17.0,86.0,HONDA,AMAZE SX I-VTEC
Kolkata,2012,60000,Diesel,Manual,First,23.0,97.0,TOYOTA,ETIOS GD
Jaipur,2015,91000,Diesel,Manual,First,19.0,83.0,RENAULT,DUSTER 85PS DIESEL RXL
Hyderabad,2012,72000,LPG,Manual,First,26.0,58.0,MARUTI,WAGON R LXI LPG BSIV
Kolkata,2011,43000,Petrol,Manual,Second,16.0,73.0,VOLKSWAGEN,POLO PETROL HIGHLINE 1.2L
Coimbatore,2017,63770,Diesel,Manual,First,19.0,126.0,HYUNDAI,CRETA 1.6 SX PLUS DIESEL
Kolkata,2012,43510,Diesel,Automatic,First,14.0,270.0,JAGUAR,XF DIESEL
Mumbai,2017,52000,Diesel,Manual,First,16.0,170.0,JEEP,COMPASS 2.0 LIMITED 4X4
Kochi,2018,31427,Diesel,Automatic,First,15.0,177.0,LAND,ROVER RANGE ROVER EVOQUE 2.0 TD4 HSE DYNAMIC
Kolkata,2016,29000,Diesel,Manual,First,27.0,74.0,MARUTI,BALENO ALPHA DIESEL
Ahmedabad,2016,56000,Diesel,Manual,First,28.0,88.0,MARUTI,CIAZ ZDI SHVS
Jaipur,2007,76000,Petrol,Manual,Second,15.0,104.0,MARUTI,SX4 VXI BSIII
Coimbatore,2015,53615,Diesel,Manual,First,22.0,126.0,HYUNDAI,ELANTRA CRDI SX
Bangalore,2013,132000,Diesel,Manual,First,13.0,175.0,MITSUBISHI,PAJERO SPORT 4X4
Pune,2017,14800,Petrol,Manual,First,17.0,73.0,VOLKSWAGEN,AMEO 1.2 MPI COMFORTLINE
Hyderabad,2013,35433,Petrol,Manual,First,18.0,85.0,MARUTI,RITZ VXI
Hyderabad,2013,82966,Diesel,Manual,First,16.0,110.0,HYUNDAI,VERNA CRDI SX
Jaipur,2014,96000,Diesel,Manual,First,23.0,74.0,MARUTI,SWIFT DZIRE TOUR LDI
Kochi,2017,39528,Diesel,Manual,First,25.0,77.0,MAHINDRA,KUV 100 MFALCON D75 K6
Coimbatore,2018,92056,Diesel,Manual,First,13.0,147.0,TOYOTA,INNOVA CRYSTA 2.4 ZX MT
Pune,2016,14930,Petrol,Manual,First,21.0,83.0,MARUTI,BALENO DELTA 1.2
Mumbai,2016,38000,Diesel,Manual,First,27.0,98.0,HONDA,JAZZ VX DIESEL
Delhi,2013,71000,Petrol,Manual,First,17.0,80.0,HYUNDAI,I20 1.2 ASTA
Delhi,2012,71000,Diesel,Manual,First,23.0,90.0,HYUNDAI,I20 SPORTZ DIESEL
Pune,2015,50000,Diesel,Automatic,First,19.0,167.0,MERCEDES-BENZ,NEW C-CLASS C 220D AVANTGARDE EDITION C
Kochi,2016,48163,Petrol,Manual,First,19.0,82.0,HYUNDAI,XCENT 1.2 KAPPA BASE
Coimbatore,2017,19168,Petrol,Automatic,First,18.0,82.0,HYUNDAI,GRAND I10 AT ASTA
Kolkata,2016,26000,Petrol,Manual,First,22.0,47.0,MARUTI,ALTO 800 VXI
Kolkata,2014,37400,Petrol,Manual,First,18.0,82.0,CHEVROLET,SAIL HATCHBACK 1.2 LS
Mumbai,2018,8682,Diesel,Automatic,First,0.0,194.0,MERCEDES-BENZ,C-CLASS PROGRESSIVE C 220D
Mumbai,2012,95000,Petrol,Automatic,First,13.0,157.0,SKODA,SUPERB ELEGANCE 1.8 TSI AT
Kolkata,2009,34000,Diesel,Automatic,First,16.0,147.0,AUDI,A4 2.0 TDI
Mumbai,2014,95000,Diesel,Manual,Second,12.0,102.0,TOYOTA,INNOVA 2.5 G (DIESEL) 7 SEATER BS IV
Coimbatore,2017,13689,Diesel,Automatic,First,17.0,136.0,MERCEDES-BENZ,CLA 200 CDI SPORT
Jaipur,2008,84000,Petrol,Manual,Second,19.0,68.0,HYUNDAI,I10 ERA
Kolkata,2008,47000,Petrol,Manual,Second,17.0,85.0,MARUTI,SWIFT DZIRE VXI
Ahmedabad,2015,60001,Diesel,Automatic,First,21.0,103.0,SKODA,RAPID 1.5 TDI AT AMBITION
Hyderabad,2012,96000,Diesel,Manual,First,21.0,73.0,MARUTI,RITZ VDI
Jaipur,2004,47300,Petrol,Manual,Second,14.0,94.0,HYUNDAI,ACCENT GLS 1.6
Coimbatore,2014,28246,Petrol,Manual,Second,17.0,86.0,HONDA,AMAZE SX I-VTEC
Delhi,2007,65000,Petrol,Manual,Second,18.0,67.0,MARUTI,WAGON R LXI
Chennai,2013,68000,Diesel,Manual,Second,22.0,73.0,VOLKSWAGEN,POLO DIESEL COMFORTLINE 1.2L
Kochi,2019,11209,Diesel,Automatic,First,12.0,158.0,FORD,ENDEAVOUR 2.2 TREND AT 4X2
Pune,2011,41980,Petrol,Manual,Second,17.0,80.0,HYUNDAI,I20 1.2 SPORTZ
Bangalore,2012,65000,Diesel,Manual,First,25.0,57.0,CHEVROLET,BEAT DIESEL PS
Kolkata,2010,38000,Petrol,Manual,First,14.0,130.0,HONDA,CIVIC 2010-2013 1.8 V MT
Pune,2014,51000,Petrol,Manual,First,20.0,67.0,MARUTI,WAGON R VXI BS IV
Kochi,2014,33855,Petrol,Manual,First,15.0,103.0,SKODA,RAPID 1.6 MPI AMBITION PLUS
Pune,2006,146000,Petrol,Manual,Second,15.0,94.0,MARUTI,BALENO VXI - BSIII
Bangalore,2015,47037,Diesel,Manual,Second,22.0,98.0,FORD,ECOSPORT 1.5 TDCI TITANIUM
Ahmedabad,2010,58000,Petrol,Manual,Second,13.0,94.0,HYUNDAI,ACCENT GLE
Mumbai,2012,61240,Diesel,Automatic,First,22.0,190.0,BMW,5 SERIES 520D LUXURY LINE
Chennai,2011,91211,Petrol,Manual,First,20.0,67.0,MARUTI,ALTO K10 2010-2014 VXI
Bangalore,2013,84000,Diesel,Automatic,First,15.0,174.0,AUDI,Q3 2012-2015 2.0 TDI QUATTRO PREMIUM PLUS
Mumbai,2008,64226,LPG,Manual,First,17.0,57.0,MARUTI,WAGON R LXI DUO BSIII
Bangalore,2005,67000,Petrol,Automatic,Second,11.0,125.0,TOYOTA,COROLLA H4
Pune,2011,106976,Diesel,Automatic,First,13.0,215.0,VOLVO,XC60 D5
Kolkata,2016,27210,Diesel,Manual,First,27.0,98.0,HONDA,JAZZ 1.5 VX I DTEC
Delhi,2017,26322,Diesel,Manual,First,28.0,88.0,MARUTI,CIAZ 1.3 ALPHA
Mumbai,2016,9107,Petrol,Manual,First,20.0,81.0,MARUTI,SWIFT VXI BSIV
Kochi,2015,63983,Diesel,Automatic,First,19.0,170.0,MERCEDES-BENZ,NEW C-CLASS C 220 CDI AVANTGARDE
Chennai,2010,134000,Petrol,Manual,Second,18.0,67.0,MARUTI,WAGON R VXI MINOR
Pune,2015,11000,Petrol,Automatic,First,15.0,120.0,MERCEDES-BENZ,A CLASS A180 SPORT
Pune,2008,93000,Petrol,Manual,First,0.0,62.0,HYUNDAI,SANTRO XING GL
Coimbatore,2017,24852,Diesel,Automatic,First,26.0,74.0,MARUTI,SWIFT DZIRE AMT ZDI
Pune,2014,37632,Petrol,Automatic,First,18.0,82.0,HYUNDAI,GRAND I10 AT ASTA
Chennai,2013,55000,Petrol,Manual,Second,16.0,97.0,NISSAN,SUNNY 2011-2014 XV SPECIAL EDITION
Hyderabad,2010,81448,Petrol,Manual,First,19.0,66.0,MARUTI,A-STAR LXI
Hyderabad,2018,1900,Petrol,Manual,First,25.0,53.0,RENAULT,KWID RXT OPTIONAL
Coimbatore,2012,54957,Petrol,Automatic,First,17.0,121.0,HYUNDAI,VERNA 1.6 SX VTVT (O) AT
Chennai,2008,55000,Petrol,Manual,Second,18.0,67.0,MARUTI,WAGON R LXI MINOR
Kolkata,2013,21983,Diesel,Automatic,First,18.0,184.0,BMW,3 SERIES 320D SPORT LINE
Delhi,2013,76000,Diesel,Automatic,First,18.0,177.0,BMW,5 SERIES 2003-2012 520D
Jaipur,2016,65000,Diesel,Manual,First,25.0,69.0,TATA,INDIGO CS EVX
Hyderabad,2015,26000,Diesel,Manual,First,22.0,88.0,HYUNDAI,I20 SPORTZ 1.4 CRDI
Kochi,2019,11571,Petrol,Manual,First,16.0,34.0,MARUTI,OMNI E MPI STD BS IV
Hyderabad,2014,81000,Diesel,Manual,First,25.0,74.0,MARUTI,SWIFT ZDI
Coimbatore,2019,23154,Diesel,Manual,First,23.0,98.0,FORD,ECOSPORT SIGNATURE EDITION DIESEL
Mumbai,2014,26856,Petrol,Automatic,First,16.0,86.0,HONDA,BRIO VX AT
Chennai,2017,67489,Diesel,Manual,First,13.0,147.0,TOYOTA,INNOVA CRYSTA 2.4 GX MT
Bangalore,2008,176000,Diesel,Manual,Second,10.0,120.0,MAHINDRA,SCORPIO 2.6 LX
Kolkata,2010,18000,Petrol,Manual,First,18.0,80.0,HYUNDAI,I20 1.2 MAGNA
Ahmedabad,2014,63003,Diesel,Manual,First,22.0,126.0,HYUNDAI,VERNA 1.6 SX
Chennai,2014,80000,Diesel,Manual,First,15.0,140.0,MAHINDRA,XUV500 W6 2WD
Coimbatore,2014,56658,Diesel,Manual,First,20.0,108.0,VOLKSWAGEN,VENTO 1.5 TDI COMFORTLINE
Kochi,2019,18592,Diesel,Manual,First,26.0,74.0,MARUTI,SWIFT DZIRE VDI OPTIONAL
Pune,2010,75695,Petrol,Manual,First,13.0,88.0,TATA,MANZA AURA SAFIRE BS IV
Kolkata,2012,82000,Diesel,Manual,Second,22.0,74.0,MARUTI,SWIFT VDI
Chennai,2013,60000,Diesel,Manual,First,22.0,73.0,VOLKSWAGEN,POLO DIESEL HIGHLINE 1.2L
Pune,2009,138000,Petrol,Manual,Second,17.0,118.0,HONDA,CITY 1.5 V MT
Bangalore,2014,67000,Diesel,Manual,First,23.0,90.0,HYUNDAI,I20 ASTA (O) 1.4 CRDI (DIESEL)
Coimbatore,2012,42750,Petrol,Manual,First,17.0,118.0,HONDA,CITY 1.5 V MT
Kochi,2014,52398,Diesel,Manual,First,25.0,57.0,CHEVROLET,BEAT DIESEL
Kochi,2014,36657,Petrol,Manual,First,16.0,62.0,CHEVROLET,SPARK 1.0 LS
Delhi,2011,77000,Diesel,Manual,Second,11.0,138.0,TATA,NEW SAFARI DICOR 2.2 EX 4X2
Delhi,2014,85000,Diesel,Automatic,First,11.0,254.0,MERCEDES-BENZ,GL-CLASS 350 CDI BLUE EFFICIENCY
Pune,2008,112500,Diesel,Automatic,First,11.0,235.0,BMW,5 SERIES 2003-2012 530D HIGHLINE
Kochi,2013,105072,Diesel,Manual,First,14.0,174.0,TOYOTA,FORTUNER 2.8 4WD MT
Pune,2012,80000,Petrol,Automatic,First,11.0,150.0,BMW,X1 SDRIVE 18I
Kochi,2019,3102,Diesel,Manual,First,20.0,108.0,RENAULT,CAPTUR 1.5 DIESEL PLATINE MONO
Coimbatore,2016,14656,Diesel,Manual,First,24.0,71.0,HYUNDAI,XCENT 1.1 CRDI S
Hyderabad,2010,105000,Diesel,Automatic,Second,13.0,170.0,BMW,3 SERIES 320D
Hyderabad,2008,61000,Petrol,Automatic,Second,10.0,215.0,BMW,5 SERIES 2010-2013 525I
Pune,2010,85046,Petrol,Manual,Second,18.0,75.0,NISSAN,MICRA XE
Delhi,2014,48000,Diesel,Automatic,First,16.0,187.0,JAGUAR,XF 2.2 LITRE LUXURY
Bangalore,2011,55000,Diesel,Automatic,First,10.0,308.0,LAND,ROVER RANGE ROVER TDV8 (DIESEL)
Mumbai,2017,4000,Petrol,Automatic,First,16.0,160.0,JEEP,COMPASS 1.4 LIMITED OPTION
Delhi,2010,94000,Petrol,Automatic,Second,10.0,152.0,HONDA,CR-V 2.4 AT
Coimbatore,2013,61110,Petrol,Manual,First,18.0,85.0,MARUTI,SWIFT VXI
Chennai,2016,80000,Diesel,Manual,First,24.0,71.0,HYUNDAI,XCENT 1.1 CRDI S
Kochi,2015,43190,Diesel,Manual,First,19.0,108.0,NISSAN,TERRANO XV PREMIUM 110 PS
Hyderabad,2015,45000,Diesel,Automatic,First,18.0,187.0,AUDI,A4 35 TDI TECHNOLOGY
Coimbatore,2016,44178,Petrol,Manual,First,18.0,82.0,HYUNDAI,GRAND I10 ASTA OPTION
Hyderabad,2015,84415,Diesel,Manual,First,12.0,100.0,TOYOTA,INNOVA 2.5 G (DIESEL) 8 SEATER
Kolkata,2015,35000,Petrol,Manual,First,18.0,80.0,HYUNDAI,I20 1.2 MAGNA
Kolkata,2013,44000,Diesel,Manual,First,22.0,98.0,FORD,ECOSPORT 1.5 TDCI TITANIUM
Hyderabad,2012,67635,Petrol,Manual,First,17.0,118.0,HONDA,CITY 1.5 S MT
Coimbatore,2018,18385,Petrol,Automatic,First,14.0,121.0,FORD,ECOSPORT 1.5 PETROL TITANIUM PLUS AT
Kolkata,2014,35000,Diesel,Manual,First,22.0,73.0,VOLKSWAGEN,POLO DIESEL HIGHLINE 1.2L
Mumbai,2010,49000,Diesel,Automatic,First,19.0,170.0,MERCEDES-BENZ,NEW C-CLASS C 220 CDI AVANTGARDE
Hyderabad,2013,69000,Diesel,Manual,First,22.0,89.0,FORD,ECOSPORT 1.5 DV5 MT TITANIUM
Hyderabad,2017,23228,Petrol,Manual,First,14.0,65.0,TATA,INDIGO GLE
Delhi,2014,68462,Diesel,Manual,First,26.0,74.0,MARUTI,SWIFT DZIRE LDI
Coimbatore,2016,74611,Diesel,Manual,First,25.0,88.0,MARUTI,S-CROSS ZETA DDIS 200 SH
Pune,2014,90000,Diesel,Manual,First,19.0,108.0,RENAULT,DUSTER 110PS DIESEL RXZ PACK
Delhi,2016,22000,Petrol,Manual,First,18.0,67.0,MARUTI,WAGON R VXI
Hyderabad,2010,58163,Petrol,Manual,First,0.0,62.0,HYUNDAI,SANTRO XING GL
Chennai,2011,109500,Diesel,Manual,Third,25.0,57.0,CHEVROLET,BEAT DIESEL LT
Delhi,2017,13363,Diesel,Manual,First,16.0,140.0,MAHINDRA,XUV500 W4 1.99 MHAWK
Delhi,2012,51000,Petrol,Manual,Second,19.0,68.0,HYUNDAI,I10 ERA 1.1
Hyderabad,2007,103000,Diesel,Manual,First,13.0,138.0,TATA,NEW SAFARI DICOR 2.2 EX 4X4
Kolkata,2009,43002,Petrol,Manual,First,20.0,78.0,HYUNDAI,I10 SPORTZ
Bangalore,2016,108000,Diesel,Automatic,First,11.0,171.0,TOYOTA,INNOVA CRYSTA 2.8 ZX AT
Jaipur,2010,82407,Diesel,Manual,First,17.0,106.0,SKODA,LAURA ELEGANCE MT
Kolkata,2013,29000,Petrol,Manual,First,18.0,82.0,HYUNDAI,GRAND I10 SPORTZ
Pune,2012,225000,Diesel,Manual,Second,23.0,97.0,TOYOTA,ETIOS LIVA GD
Kolkata,2014,45000,Diesel,Manual,First,23.0,74.0,MARUTI,SWIFT DZIRE VDI
Kochi,2010,93401,Diesel,Manual,First,23.0,90.0,HYUNDAI,I20 ASTA 1.4 CRDI (DIESEL)
Hyderabad,2017,95802,Diesel,Manual,Second,25.0,99.0,FORD,FIGO 2015-2019 1.5D TREND MT
Pune,2016,130000,Diesel,Manual,First,25.0,88.0,MARUTI,ERTIGA VDI
Ahmedabad,2013,67443,Diesel,Manual,First,20.0,88.0,MARUTI,ERTIGA ZDI
Kochi,2016,47681,Petrol,Automatic,First,16.0,116.0,HONDA,CITY 1.5 V AT SUNROOF
Hyderabad,2009,35000,Petrol,Manual,First,19.0,46.0,MARUTI,ALTO LXI BSIII
Hyderabad,2016,68000,Diesel,Automatic,First,10.0,197.0,FORD,ENDEAVOUR 3.2 TITANIUM AT 4X4
Kochi,2019,34688,Diesel,Manual,First,24.0,88.0,MARUTI,VITARA BREZZA ZDI PLUS
Kolkata,2015,10512,Petrol,Automatic,First,8.0,265.0,PORSCHE,BOXSTER S TIPTRONIC
Pune,2016,58000,Diesel,Manual,First,22.0,74.0,MARUTI,SWIFT ZDI
Mumbai,2014,40000,Petrol,Manual,First,17.0,88.0,TATA,ZEST REVOTRON 1.2 XT
Bangalore,2010,61000,Petrol,Manual,Fourth & Above,17.0,80.0,HYUNDAI,I20 1.2 SPORTZ OPTION
Mumbai,2009,86000,Diesel,Manual,First,19.0,70.0,SKODA,FABIA 1.4 TDI ACTIVE
Kolkata,2015,45000,Diesel,Manual,First,21.0,87.0,TOYOTA,COROLLA ALTIS D-4D J
Ahmedabad,2017,55000,Petrol,Manual,First,17.0,73.0,VOLKSWAGEN,AMEO 1.2 MPI COMFORTLINE
Kochi,2016,36855,Petrol,Manual,Second,15.0,121.0,HYUNDAI,CRETA 1.6 VTVT S
Kochi,2013,46821,Petrol,Manual,First,20.0,78.0,HYUNDAI,I10 MAGNA 1.2
Kolkata,2015,120000,Petrol,Manual,First,18.0,76.0,CHEVROLET,BEAT LS
Kolkata,2012,29000,Diesel,Automatic,First,14.0,270.0,JAGUAR,XF 3.0 LITRE S PREMIUM LUXURY
Mumbai,2014,40000,Petrol,Manual,First,13.0,102.0,NISSAN,TERRANO XL
Delhi,2013,60000,Diesel,Automatic,Second,15.0,174.0,AUDI,Q3 2012-2015 2.0 TDI QUATTRO PREMIUM PLUS
Mumbai,2011,64984,Petrol,Automatic,First,16.0,78.0,HYUNDAI,I10 ASTA AT
Pune,2015,73204,Petrol,Automatic,First,24.0,67.0,MARUTI,ALTO K10 VXI AGS
Bangalore,2014,50000,Diesel,Automatic,First,11.0,335.0,AUDI,Q7 4.2 TDI QUATTRO TECHNOLOGY
Kolkata,2017,35000,Diesel,Manual,First,24.0,88.0,MARUTI,VITARA BREZZA VDI
Hyderabad,2013,17729,Petrol,Manual,First,21.0,55.0,HYUNDAI,EON D LITE PLUS
Chennai,2012,97000,Diesel,Manual,First,20.0,115.0,MAHINDRA,XUV300 W8 DIESEL
Kochi,2014,89614,Diesel,Manual,First,22.0,126.0,HYUNDAI,VERNA CRDI 1.6 SX OPTION
Kolkata,2015,14000,Petrol,Manual,First,18.0,67.0,MARUTI,WAGON R VXI
Chennai,2012,50000,Petrol,Manual,First,17.0,80.0,HYUNDAI,I20 SPORTZ OPTION
Delhi,2014,62505,Petrol,Manual,First,17.0,117.0,HONDA,CITY I VTEC V
Chennai,2011,248000,Diesel,Manual,Second,12.0,102.0,TOYOTA,INNOVA 2.5 V DIESEL 7-SEATER
Pune,2012,94900,Diesel,Manual,First,16.0,110.0,HYUNDAI,VERNA CRDI SX
Delhi,2017,55000,Diesel,Manual,First,17.0,153.0,TATA,HEXA XT
Coimbatore,2015,53735,Diesel,Automatic,Second,12.0,241.0,AUDI,Q7 3.0 TDI QUATTRO PREMIUM PLUS
Coimbatore,2008,53934,Petrol,Manual,Second,18.0,67.0,MARUTI,WAGON R VXI
Bangalore,2013,58500,Diesel,Automatic,Second,17.0,218.0,BMW,5 SERIES 2013-2017 525D LUXURY LINE
Kolkata,2014,48000,Petrol,Manual,First,18.0,86.0,HONDA,AMAZE EX I-VTECH
Mumbai,2016,24000,Petrol,Manual,First,24.0,47.0,MARUTI,ALTO 800 2016-2019 LXI
Mumbai,2016,52001,Petrol,Manual,First,17.0,121.0,HYUNDAI,VERNA 1.6 SX VTVT
Coimbatore,2018,9565,Petrol,Manual,First,23.0,84.0,TATA,TIAGO 1.2 REVOTRON XZ
Pune,2013,32953,Petrol,Manual,First,18.0,85.0,MARUTI,SWIFT LXI
Jaipur,2014,18000,Petrol,Manual,First,21.0,55.0,HYUNDAI,EON ERA
Kochi,2018,20446,Petrol,Automatic,First,12.0,191.0,MERCEDES-BENZ,E-CLASS E 220 D
Hyderabad,2016,33016,Diesel,Manual,First,22.0,88.0,HYUNDAI,I20 MAGNA 1.4 CRDI
Chennai,2012,48000,Diesel,Manual,First,23.0,67.0,TOYOTA,ETIOS VD
Coimbatore,2014,72022,Diesel,Manual,First,21.0,87.0,TOYOTA,COROLLA ALTIS DIESEL D4DG
Ahmedabad,2014,34000,Diesel,Automatic,First,20.0,113.0,MINI,COOPER 5 DOOR D
Hyderabad,2014,69000,Diesel,Manual,First,20.0,88.0,VOLKSWAGEN,POLO 1.5 TDI HIGHLINE
Pune,2009,108000,Petrol,Automatic,First,13.0,157.0,SKODA,SUPERB ELEGANCE 1.8 TSI AT
Hyderabad,2013,34700,Diesel,Automatic,First,10.0,170.0,MERCEDES-BENZ,E-CLASS 2009-2013 E 220 CDI AVANTGARDE
Pune,2015,79000,Diesel,Manual,First,17.0,75.0,MARUTI,SWIFT VDI BSIII W/ ABS
Kochi,2016,58197,Petrol,Automatic,First,18.0,117.0,HONDA,CITY I VTEC CVT VX
Pune,2008,66000,Petrol,Automatic,Second,8.0,321.0,BMW,7 SERIES 2007-2012 740LI
Bangalore,2009,60000,Petrol,Automatic,First,19.0,80.0,HYUNDAI,I10 MAGNA AT
Kolkata,2014,57000,Diesel,Manual,First,26.0,74.0,MARUTI,SWIFT DZIRE VDI
Coimbatore,2018,45555,Diesel,Manual,First,26.0,98.0,HONDA,CITY I DTEC VX
Coimbatore,2016,55137,Petrol,Manual,First,14.0,35.0,MARUTI,OMNI 8 SEATER BSIV
Jaipur,2014,93325,Diesel,Manual,Second,17.0,138.0,SKODA,SUPERB 2009-2014 ELEGANCE 2.0 TDI MT
Ahmedabad,2018,38000,Diesel,Manual,First,24.0,88.0,MARUTI,ERTIGA SHVS VDI
Kochi,2016,57738,Diesel,Manual,First,24.0,70.0,HYUNDAI,GRAND I10 CRDI MAGNA
Jaipur,2017,38282,Diesel,Manual,First,28.0,88.0,MARUTI,CIAZ VDI PLUS SHVS
Delhi,2014,64000,Diesel,Automatic,First,19.0,170.0,MERCEDES-BENZ,NEW C-CLASS C 220 CDI AVANTGARDE
Mumbai,2015,32000,Diesel,Manual,First,20.0,91.0,FIAT,AVVENTURA MULTIJET EMOTION
Bangalore,2010,83000,Petrol,Automatic,First,10.0,204.0,MERCEDES-BENZ,E-CLASS 2009-2013 E 250 ELEGANCE
Ahmedabad,2011,76000,CNG,Manual,First,26.0,67.0,MARUTI,ZEN ESTILO LXI GREEN (CNG)
Pune,2012,67200,Petrol,Manual,First,15.0,103.0,VOLKSWAGEN,VENTO PETROL HIGHLINE
Jaipur,2013,62655,Diesel,Automatic,First,18.0,184.0,BMW,3 SERIES 320D LUXURY LINE
Bangalore,2015,16900,Diesel,Automatic,First,14.0,258.0,BMW,5 SERIES 2013-2017 530D M SPORT
Delhi,2017,8471,Petrol,Manual,First,18.0,81.0,HYUNDAI,GRAND I10 1.2 KAPPA MAGNA
Hyderabad,2016,69000,Diesel,Automatic,First,11.0,171.0,TOYOTA,INNOVA CRYSTA 2.8 ZX AT
Coimbatore,2017,30090,Diesel,Automatic,First,19.0,108.0,RENAULT,DUSTER 110PS DIESEL RXZ AMT
Chennai,2011,120000,Diesel,Manual,First,18.0,75.0,TATA,INDICA VISTA AURA 1.3 QUADRAJET
Bangalore,2013,23000,Diesel,Manual,First,17.0,97.0,MARUTI,SWIFT VDI BSIV
Kochi,2016,35939,Petrol,Manual,First,12.0,185.0,MERCEDES-BENZ,E-CLASS 2009-2013 E 200 CGI AVANTGARDE
Coimbatore,2013,116694,Diesel,Manual,First,15.0,140.0,MAHINDRA,XUV500 W8 4WD
Mumbai,2016,40448,Diesel,Manual,First,15.0,62.0,MAHINDRA,BOLERO ZLX
Coimbatore,2018,64456,Diesel,Manual,First,24.0,88.0,MARUTI,VITARA BREZZA ZDI
Pune,2014,52782,Diesel,Manual,First,20.0,91.0,FIAT,AVVENTURA MULTIJET EMOTION
Kochi,2016,51672,Petrol,Manual,First,19.0,88.0,HONDA,AMAZE S PETROL
Mumbai,2015,56073,Petrol,Automatic,First,13.0,157.0,SKODA,SUPERB ELEGANCE 1.8 TSI AT
Bangalore,2011,65000,Diesel,Automatic,First,14.0,270.0,JAGUAR,XF 3.0 LITRE S PREMIUM LUXURY
Chennai,2013,79000,Petrol,Manual,First,18.0,67.0,MARUTI,WAGON R VXI BSIII
Kolkata,2007,43206,Petrol,Manual,First,17.0,97.0,HYUNDAI,SANTRO XING XL ERLX EURO III
Mumbai,2010,70200,Petrol,Automatic,First,14.0,138.0,TOYOTA,COROLLA ALTIS VL
Delhi,2016,42000,Petrol,Manual,First,16.0,85.0,MARUTI,SWIFT VXI BSIV
Bangalore,2014,62000,Petrol,Manual,First,16.0,74.0,VOLKSWAGEN,POLO 1.2 MPI HIGHLINE
Hyderabad,2017,20000,Petrol,Manual,First,18.0,81.0,HYUNDAI,GRAND I10 1.2 KAPPA ASTA
Chennai,2011,80000,Diesel,Manual,Third,21.0,88.0,MARUTI,SX4 ZDI
Kochi,2018,50234,Petrol,Manual,First,18.0,81.0,HYUNDAI,GRAND I10 1.2 KAPPA MAGNA
Delhi,2016,50003,Petrol,Manual,First,21.0,83.0,MARUTI,BALENO DELTA 1.2
Ahmedabad,2018,1000,Petrol,Automatic,First,20.0,84.0,TATA,TIGOR 1.2 REVOTRON XTA
Jaipur,2016,54897,Diesel,Automatic,First,26.0,74.0,MARUTI,SWIFT DZIRE AMT ZDI
Pune,2007,108995,Petrol,Manual,First,15.0,65.0,TATA,INDICA GLS BS IV
Chennai,2015,73000,Diesel,Manual,First,22.0,118.0,MARUTI,SX4 S CROSS DDIS 320 ZETA
Ahmedabad,2008,65000,Petrol,Manual,First,16.0,88.0,MARUTI,SWIFT VXI BSIII
Kolkata,2016,32000,Petrol,Manual,First,19.0,82.0,HYUNDAI,XCENT 1.2 KAPPA SX
Ahmedabad,2010,65000,Petrol,Manual,First,18.0,80.0,HYUNDAI,I20 1.2 MAGNA
Hyderabad,2016,21600,Petrol,Automatic,First,23.0,67.0,MARUTI,CELERIO VXI AT
Mumbai,2010,39000,Diesel,Automatic,First,14.0,170.0,MERCEDES-BENZ,NEW C-CLASS C 220 CDI ELEGANCE AT
Mumbai,2011,58075,Petrol,Manual,First,17.0,85.0,MARUTI,SWIFT DZIRE VXI
Mumbai,2011,58000,Petrol,Manual,First,15.0,103.0,VOLKSWAGEN,VENTO PETROL TRENDLINE
Hyderabad,2015,58000,Diesel,Manual,First,25.0,74.0,MARUTI,SWIFT ZDI
Delhi,2008,89000,Petrol,Automatic,First,14.0,138.0,TOYOTA,COROLLA ALTIS VL
Delhi,2008,72000,Petrol,Manual,First,13.0,130.0,HONDA,CIVIC 2006-2010 1.8 V MT
Kolkata,2017,1800,Petrol,Automatic,First,16.0,110.0,FORD,ECOSPORT 1.5 TI VCT AT TITANIUM BE
Pune,2010,172050,Diesel,Manual,Second,19.0,93.0,FIAT,LINEA EMOTION PACK (DIESEL)
Jaipur,2013,46230,Petrol,Manual,First,19.0,68.0,HYUNDAI,I10 ERA
Kochi,2014,86925,Diesel,Automatic,First,11.0,215.0,VOLVO,XC60 D5 INSCRIPTION
Jaipur,2018,5000,Petrol,Manual,First,18.0,81.0,HYUNDAI,I20 1.2 ASTA
Ahmedabad,2014,66000,Diesel,Manual,First,26.0,98.0,HONDA,CITY I DTEC S
Ahmedabad,2013,119000,Diesel,Manual,First,12.0,100.0,TOYOTA,INNOVA 2.5 VX (DIESEL) 8 SEATER BS IV
Chennai,2016,45000,Petrol,Manual,First,25.0,53.0,RENAULT,KWID RXT
Hyderabad,2009,66149,Petrol,Manual,First,19.0,66.0,MARUTI,A-STAR VXI
Kochi,2014,42070,Petrol,Automatic,First,14.0,120.0,MERCEDES-BENZ,B CLASS B180
Kolkata,2012,35503,Petrol,Manual,First,18.0,67.0,MARUTI,WAGON R LXI BS IV
Jaipur,2016,41460,Diesel,Manual,First,25.0,74.0,MARUTI,SWIFT VDI BSIV
Mumbai,2015,40600,Petrol,Automatic,First,17.0,121.0,HYUNDAI,VERNA VTVT 1.6 AT SX OPTION
Ahmedabad,2013,87000,Diesel,Automatic,First,22.0,126.0,HYUNDAI,VERNA CRDI 1.6 AT SX OPTION
Chennai,2014,30000,Petrol,Manual,Second,16.0,116.0,HONDA,CITY V MT
Kolkata,2010,27089,Petrol,Manual,First,16.0,66.0,HYUNDAI,I10 MAGNA OPTIONAL 1.1L
Coimbatore,2016,53702,Diesel,Manual,First,23.0,67.0,TOYOTA,ETIOS GD SP
Hyderabad,2015,51000,Diesel,Automatic,First,27.0,190.0,VOLVO,S60 D4 MOMENTUM
Kolkata,2012,36542,Diesel,Manual,First,20.0,68.0,FORD,FIGO DIESEL EXI
Mumbai,2017,15000,Diesel,Automatic,First,13.0,265.0,MERCEDES-BENZ,E-CLASS 2015-2017 E350 CDI AVANTGRADE
Chennai,2012,65000,Diesel,Automatic,First,22.0,190.0,BMW,3 SERIES 320D LUXURY LINE
Pune,2014,32000,Petrol,Manual,Second,22.0,47.0,MARUTI,ALTO 800 VXI
Hyderabad,2017,24393,Diesel,Manual,First,13.0,147.0,TOYOTA,INNOVA CRYSTA 2.4 VX MT
Hyderabad,2019,1000,Petrol,Manual,First,18.0,75.0,VOLKSWAGEN,POLO 1.0 MPI TRENDLINE
Mumbai,2014,28238,Petrol,Manual,First,13.0,102.0,NISSAN,TERRANO XL
Mumbai,2013,59000,Diesel,Manual,First,13.0,175.0,MITSUBISHI,PAJERO SPORT 4X4
Mumbai,2012,92000,Petrol,Manual,Second,14.0,130.0,HONDA,CIVIC 2010-2013 1.8 S MT
Kolkata,2013,56840,Petrol,Manual,First,22.0,47.0,MARUTI,ALTO 800 LXI
Coimbatore,2013,62746,Diesel,Manual,Second,20.0,103.0,VOLKSWAGEN,VENTO DIESEL HIGHLINE
Hyderabad,2012,96000,Diesel,Automatic,First,12.0,187.0,LAND,ROVER FREELANDER 2 HSE
Mumbai,2014,24000,Petrol,Manual,First,13.0,153.0,HONDA,CR-V 2.0L 2WD MT
Mumbai,2016,54000,Diesel,Manual,First,20.0,88.0,MARUTI,ERTIGA VDI
Chennai,2016,90000,Diesel,Manual,First,12.0,100.0,TOYOTA,INNOVA 2.5 GX (DIESEL) 7 SEATER
Kolkata,2010,40000,Petrol,Manual,First,15.0,90.0,TATA,MANZA AURA SAFIRE
Mumbai,2015,65938,Diesel,Automatic,Second,12.0,241.0,AUDI,Q7 35 TDI QUATTRO PREMIUM PLUS
Mumbai,2017,16100,Petrol,Automatic,First,17.0,121.0,HYUNDAI,VERNA 1.6 SX VTVT (O) AT
Hyderabad,2017,3600,Diesel,Automatic,First,21.0,108.0,VOLKSWAGEN,VENTO 1.5 HIGHLINE PLUS AT 16 ALLOY
Jaipur,2011,52000,Petrol,Manual,First,17.0,118.0,HONDA,CITY 1.5 S MT
Mumbai,2014,54000,Diesel,Manual,First,20.0,68.0,FORD,FIGO DIESEL TITANIUM
Mumbai,2016,15399,Petrol,Manual,First,18.0,88.0,HONDA,JAZZ 1.2 VX I VTEC
Bangalore,2012,75000,Petrol,Manual,Second,16.0,73.0,VOLKSWAGEN,POLO PETROL HIGHLINE 1.2L
Delhi,2010,76752,Petrol,Manual,First,17.0,117.0,HONDA,CITY I-VTEC S
Mumbai,2005,56000,Petrol,Manual,Second,17.0,78.0,HONDA,CITY ZX GXI
Pune,2015,70000,CNG,Manual,First,26.0,58.0,MARUTI,WAGON R LXI CNG
Kolkata,2013,46125,Petrol,Automatic,Second,12.0,187.0,HONDA,CR-V 2.4L 4WD AT AVN
Ahmedabad,2014,35000,Diesel,Automatic,Second,18.0,190.0,BMW,5 SERIES 2013-2017 520D LUXURY LINE
Coimbatore,2012,62729,Diesel,Manual,First,12.0,120.0,MAHINDRA,SCORPIO VLX 2.2 MHAWK BSIII
Kolkata,2012,34000,Diesel,Manual,First,20.0,103.0,VOLKSWAGEN,VENTO DIESEL COMFORTLINE
Jaipur,1999,70000,Petrol,Manual,Second,17.0,60.0,MARUTI,ZEN VX
Jaipur,2009,32000,Petrol,Manual,First,16.0,37.0,MARUTI,800 DX BSII
Delhi,2017,21000,Petrol,Automatic,First,14.0,138.0,TOYOTA,COROLLA ALTIS 1.8 VL CVT
Pune,2013,49000,Petrol,Automatic,First,14.0,245.0,BMW,3 SERIES 328I SPORT LINE
Chennai,2007,40000,Petrol,Manual,Third,13.0,70.0,FORD,IKON 1.3 FLAIR
Pune,2012,78000,Petrol,Manual,Second,18.0,79.0,CHEVROLET,BEAT LT
Ahmedabad,2012,52000,Diesel,Manual,First,21.0,86.0,TOYOTA,COROLLA ALTIS 1.4 DG
Bangalore,2014,65213,Diesel,Manual,First,16.0,140.0,MAHINDRA,XUV500 W4
Mumbai,2016,170000,Diesel,Manual,First,24.0,71.0,HYUNDAI,XCENT 1.1 CRDI BASE
Kochi,2017,36884,Diesel,Automatic,First,13.0,204.0,MERCEDES-BENZ,E-CLASS 2015-2017 E250 CDI AVANTGARDE
Pune,2009,62500,Petrol,Manual,First,20.0,78.0,HYUNDAI,I10 SPORTZ
Mumbai,2015,68000,Petrol,Automatic,Second,14.0,138.0,TOYOTA,COROLLA ALTIS VL AT
Kolkata,2014,40748,Petrol,Manual,First,14.0,138.0,TOYOTA,COROLLA 1.8 J
Hyderabad,2013,60000,Diesel,Automatic,First,17.0,184.0,AUDI,Q3 2.0 TDI QUATTRO
Mumbai,2014,12400,Diesel,Manual,First,21.0,88.0,HYUNDAI,I20 MAGNA OPTIONAL 1.4 CRDI
Mumbai,2013,87000,Diesel,Automatic,Second,19.0,167.0,MERCEDES-BENZ,NEW C-CLASS C 220D AVANTGARDE EDITION C
Pune,2013,20248,Diesel,Manual,First,21.0,73.0,MARUTI,RITZ VDI
Coimbatore,2017,52383,Diesel,Manual,First,19.0,126.0,HYUNDAI,CRETA 1.6 SX PLUS DIESEL
Delhi,2018,1000,Diesel,Automatic,First,13.0,177.0,JAGUAR,XE 2.0L DIESEL PRESTIGE
Chennai,2016,85000,Diesel,Manual,First,14.0,93.0,MAHINDRA,XYLO D4
Ahmedabad,2014,47000,Diesel,Manual,First,12.0,100.0,TOYOTA,INNOVA 2.5 G (DIESEL) 7 SEATER
Pune,2018,17585,Petrol,Automatic,First,19.0,157.0,TOYOTA,CAMRY 2.5 HYBRID
Coimbatore,2018,32496,Diesel,Automatic,First,13.0,241.0,AUDI,Q5 3.0 TDI QUATTRO
Kochi,2017,34613,Diesel,Manual,First,28.0,74.0,MARUTI,SWIFT VDI
Chennai,2015,153000,Diesel,Manual,First,20.0,88.0,MARUTI,ERTIGA VDI LIMITED EDITION
Chennai,2014,54000,Petrol,Manual,Second,16.0,85.0,MARUTI,SWIFT VXI BSIV
Kochi,2015,16900,Petrol,Manual,First,20.0,78.0,HYUNDAI,I10 SPORTZ
Delhi,2013,62334,Petrol,Manual,First,20.0,78.0,HYUNDAI,I10 SPORTZ
Kochi,2018,23714,Petrol,Manual,First,21.0,83.0,MARUTI,BALENO SIGMA 1.2
Jaipur,2010,52325,Petrol,Manual,First,16.0,93.0,HYUNDAI,ACCENT EXECUTIVE
Ahmedabad,2012,50000,Petrol,Manual,First,19.0,86.0,HONDA,BRIO S MT
Hyderabad,2016,55746,Diesel,Manual,First,22.0,74.0,MARUTI,SWIFT ZDI
Bangalore,2014,54000,Petrol,Manual,First,20.0,81.0,HYUNDAI,XCENT 1.2 VTVT S
Kolkata,2013,43000,Diesel,Manual,First,16.0,140.0,MAHINDRA,XUV500 W8 2WD
Delhi,2014,40000,Diesel,Automatic,First,13.0,201.0,MERCEDES-BENZ,E-CLASS E250 CDI AVANTGRADE
Bangalore,2010,125000,Diesel,Automatic,Second,0.0,115.0,LAND,ROVER FREELANDER 2 TD4 S
Bangalore,2016,51944,Diesel,Automatic,First,19.0,170.0,MERCEDES-BENZ,NEW C-CLASS C 220 CDI AVANTGARDE
Kochi,2015,46950,Diesel,Manual,First,21.0,88.0,HYUNDAI,I20 ASTA 1.4 CRDI
Mumbai,2015,23000,Diesel,Automatic,First,19.0,141.0,SKODA,OCTAVIA ELEGANCE 2.0 TDI AT
Mumbai,2014,54546,Petrol,Manual,First,17.0,118.0,HONDA,CITY 1.5 S MT
Kochi,2015,51535,Diesel,Automatic,First,12.0,168.0,TOYOTA,FORTUNER 4X2 AT
Kolkata,2013,45000,Diesel,Automatic,First,17.0,184.0,AUDI,Q3 2.0 TDI QUATTRO
Hyderabad,2012,46004,Petrol,Manual,First,20.0,67.0,MARUTI,ALTO K10 2010-2014 VXI
Chennai,2011,124000,Diesel,Manual,First,23.0,69.0,TATA,INDIGO ECS LX BSIV
Kochi,2014,77395,Diesel,Automatic,First,17.0,174.0,AUDI,A4 2.0 TDI 177 BHP PREMIUM PLUS
Mumbai,2018,10600,CNG,Manual,First,33.0,40.0,MARUTI,ALTO 800 2016-2019 CNG LXI
Kochi,2018,22974,Petrol,Automatic,First,18.0,117.0,HONDA,CITY I-VTEC CVT VX
Jaipur,2009,89000,Petrol,Manual,Second,0.0,97.0,HYUNDAI,SANTRO GLS I - EURO II
Ahmedabad,2015,65012,Diesel,Manual,First,14.0,174.0,TOYOTA,FORTUNER 2.8 2WD MT
Ahmedabad,2017,17125,Petrol,Manual,First,18.0,82.0,HYUNDAI,GRAND I10 SPORTZ
Hyderabad,2015,90413,Petrol,Manual,First,15.0,73.0,MARUTI,EECO 7 SEATER STANDARD
Bangalore,2013,37000,Petrol,Manual,First,16.0,73.0,VOLKSWAGEN,POLO PETROL HIGHLINE 1.2L
Jaipur,2006,65000,Petrol,Manual,First,18.0,67.0,MARUTI,WAGON R LXI MINOR
Bangalore,2011,66000,Petrol,Manual,First,17.0,118.0,HONDA,CITY 1.5 V MT
Mumbai,2010,86000,Petrol,Manual,First,14.0,130.0,HONDA,CIVIC 2010-2013 1.8 S MT
Pune,2005,98437,Petrol,Manual,First,13.0,100.0,HONDA,CITY 1.5 EXI
Kolkata,2010,18000,Petrol,Manual,First,18.0,80.0,HYUNDAI,I20 1.2 MAGNA
Kochi,2018,35070,Diesel,Manual,First,24.0,70.0,HYUNDAI,GRAND I10 CRDI SPORTZ CELEBRATION EDITION
Pune,2011,42000,Petrol,Automatic,Third,14.0,103.0,VOLKSWAGEN,VENTO PETROL HIGHLINE AT
Kolkata,2009,40000,Petrol,Manual,First,20.0,78.0,HYUNDAI,I10 SPORTZ 1.2
Kolkata,2009,43000,Petrol,Manual,First,17.0,80.0,HYUNDAI,I20 ASTA
Pune,2012,65000,Petrol,Manual,First,18.0,79.0,CHEVROLET,BEAT LS
Hyderabad,2013,74000,Diesel,Manual,First,22.0,73.0,VOLKSWAGEN,POLO DIESEL HIGHLINE 1.2L
Hyderabad,2010,51192,Petrol,Manual,First,15.0,70.0,FORD,FIGO PETROL LXI
Kochi,2014,14262,Petrol,Automatic,First,9.0,207.0,AUDI,TT 2.0 TFSI
Jaipur,2015,66339,Diesel,Manual,Second,25.0,98.0,HONDA,CITY I DTEC VX
Hyderabad,2013,90200,Diesel,Manual,First,20.0,68.0,FORD,FIGO DIESEL TITANIUM
Delhi,2015,57854,Diesel,Manual,First,12.0,100.0,TOYOTA,INNOVA 2.5 ZX DIESEL 7 SEATER
Delhi,2017,32000,Petrol,Automatic,First,19.0,91.0,MARUTI,CIAZ 1.4 AT ALPHA
Mumbai,2015,29631,Petrol,Automatic,First,18.0,82.0,HYUNDAI,GRAND I10 AT ASTA
Delhi,2009,55005,Petrol,Manual,First,12.0,97.0,HONDA,CITY 1.3 DX
Kochi,2014,54173,Petrol,Manual,First,18.0,123.0,FORD,ECOSPORT 1.0 ECOBOOST TITANIUM PLUS BE
Ahmedabad,2014,50000,Petrol,Automatic,First,14.0,177.0,SKODA,OCTAVIA AMBITION 1.8 TSI AT
Kolkata,2010,145000,Diesel,Manual,First,20.0,91.0,FIAT,LINEA EMOTION (DIESEL)
Jaipur,2015,78000,Petrol,Manual,First,16.0,88.0,MARUTI,SWIFT LXI BSIII
Delhi,2013,65000,Diesel,Automatic,Second,11.0,180.0,LAND,ROVER DISCOVERY 4 TDV6 SE
Hyderabad,2012,120000,Diesel,Manual,First,12.0,102.0,TOYOTA,INNOVA 2.5 V DIESEL 7-SEATER
Mumbai,2015,14000,Diesel,Manual,First,28.0,74.0,MARUTI,SWIFT LDI
Kochi,2014,57456,Diesel,Automatic,First,17.0,174.0,AUDI,A6 2011-2015 2.0 TDI PREMIUM PLUS
Coimbatore,2012,44450,Diesel,Automatic,First,22.0,190.0,BMW,5 SERIES 520D LUXURY LINE
Delhi,2013,63777,Petrol,Manual,First,18.0,82.0,HYUNDAI,I20 MAGNA OPTIONAL 1.2
Mumbai,2016,31000,Diesel,Automatic,First,17.0,190.0,BMW,X1 M SPORT SDRIVE 20D
Delhi,2012,60000,Petrol,Manual,First,17.0,88.0,TOYOTA,ETIOS G
Ahmedabad,2015,78008,Diesel,Manual,First,17.0,70.0,TATA,INDIGO LX
Bangalore,2014,33000,Diesel,Automatic,Second,0.0,165.0,MERCEDES-BENZ,M-CLASS ML 350 4MATIC
Mumbai,2009,27078,Petrol,Automatic,First,10.0,114.0,VOLKSWAGEN,BEETLE 2.0
Hyderabad,2011,57275,Diesel,Manual,First,19.0,103.0,VOLKSWAGEN,POLO GT TDI
Delhi,2014,45000,Diesel,Manual,First,24.0,70.0,HYUNDAI,GRAND I10 CRDI MAGNA
Delhi,2014,57319,Diesel,Manual,First,25.0,74.0,MARUTI,SWIFT VDI BSIV
Chennai,2008,121097,Diesel,Manual,Second,24.0,88.0,HYUNDAI,VERNA CRDI 1.4 E
Mumbai,2011,89000,Diesel,Automatic,First,16.0,218.0,BMW,5 SERIES 2003-2012 525D
Bangalore,2012,72000,Petrol,Manual,First,17.0,118.0,HONDA,CITY 1.5 S MT
Delhi,2013,36000,Diesel,Automatic,Second,16.0,147.0,AUDI,A4 2.0 TDI
Jaipur,2013,86000,Diesel,Manual,Second,19.0,75.0,FIAT,LINEA CLASSIC PLUS 1.3 MULTIJET
Ahmedabad,2002,85000,Petrol,Manual,First,13.0,90.0,HONDA,CITY 1.3 EXI
Pune,2005,120000,Petrol,Manual,Second,15.0,97.0,FIAT,PETRA 1.2 EL
Kochi,2013,37613,Diesel,Automatic,First,22.0,190.0,BMW,3 SERIES 320D LUXURY LINE
Chennai,2007,100000,Petrol,Manual,First,16.0,68.0,FORD,FIESTA 1.4 DURATEC EXI
Coimbatore,2016,5240,Petrol,Automatic,First,21.0,37.0,TATA,NANO XTA
Mumbai,2018,20000,CNG,Manual,First,15.0,73.0,MARUTI,EECO 5 STR WITH AC PLUS HTR CNG
Coimbatore,2019,16862,Petrol,Manual,First,20.0,81.0,MARUTI,IGNIS 1.2 DELTA
Coimbatore,2013,59254,Petrol,Manual,Second,17.0,85.0,MARUTI,SWIFT DZIRE ZXI
Jaipur,2014,60000,Diesel,Manual,First,22.0,89.0,FORD,ECOSPORT 1.5 DV5 MT TITANIUM
Hyderabad,2015,50295,Petrol,Manual,First,16.0,97.0,MARUTI,SWIFT 1.3 ZXI
Coimbatore,2014,47674,Petrol,Manual,First,19.0,85.0,MARUTI,SWIFT DZIRE VXI
Kochi,2014,61517,Petrol,Automatic,First,16.0,78.0,HYUNDAI,I10 SPORTZ AT
Coimbatore,2016,62946,Diesel,Manual,First,15.0,140.0,MAHINDRA,XUV500 W6 2WD
Delhi,2015,66823,Diesel,Manual,Second,22.0,88.0,HYUNDAI,I20 MAGNA 1.4 CRDI
Pune,2013,79494,CNG,Manual,First,33.0,67.0,MARUTI,WAGON R CNG LXI
Chennai,2012,107000,Diesel,Manual,Second,21.0,88.0,HYUNDAI,I20 ASTA 1.4 CRDI
Mumbai,2011,55000,Diesel,Automatic,Second,16.0,258.0,BMW,7 SERIES 730LD
Mumbai,2017,24000,Petrol,Automatic,First,14.0,103.0,SKODA,RAPID 1.6 MPI AT STYLE PLUS
Mumbai,2016,20002,Diesel,Automatic,First,14.0,245.0,AUDI,Q7 45 TDI QUATTRO TECHNOLOGY
Kochi,2016,54317,Petrol,Manual,First,17.0,117.0,HONDA,CITY I VTEC VX
Mumbai,2016,10200,Petrol,Manual,First,19.0,82.0,HYUNDAI,XCENT 1.2 KAPPA SX
Coimbatore,2016,24337,Diesel,Manual,First,26.0,98.0,HONDA,CITY I DTEC E
Pune,2012,79000,Petrol,Manual,First,18.0,86.0,HONDA,BRIO S OPTION MT
Jaipur,2015,40500,Diesel,Manual,First,28.0,88.0,MARUTI,CIAZ ZDI PLUS SHVS
Pune,2016,23000,Diesel,Manual,First,26.0,74.0,MARUTI,SWIFT DZIRE VDI OPTIONAL
Pune,2015,63050,Petrol,Automatic,First,11.0,158.0,HONDA,CR-V 2.4L 4WD AT
Mumbai,2008,78000,Petrol,Automatic,Second,14.0,138.0,TOYOTA,COROLLA ALTIS 2008-2013 1.8 VL AT
Pune,2005,70000,Petrol,Manual,First,0.0,97.0,MARUTI,BALENO VXI
Coimbatore,2012,66245,Petrol,Manual,First,17.0,118.0,HONDA,CITY 1.5 V MT
Bangalore,2007,74112,Diesel,Manual,First,12.0,120.0,MAHINDRA,SCORPIO LX BS IV
Delhi,2011,87670,Petrol,Manual,First,13.0,157.0,SKODA,LAURA 1.8 TSI AMBIENTE
Hyderabad,2015,10000,Diesel,Automatic,First,18.0,184.0,BMW,3 SERIES 320D SPORT LINE
Chennai,2007,62493,Petrol,Manual,First,15.0,104.0,MARUTI,SX4 ZXI BSIII
Kochi,2015,44620,Petrol,Manual,First,20.0,91.0,MARUTI,CIAZ VXI PLUS
Bangalore,2012,66538,Diesel,Automatic,First,10.0,308.0,LAND,ROVER RANGE ROVER 3.6 TDV8 VOGUE SE DIESEL
Ahmedabad,2013,60000,Diesel,Manual,First,12.0,100.0,TOYOTA,INNOVA 2.5 G (DIESEL) 7 SEATER BS IV
Kochi,2011,20842,Petrol,Manual,First,0.0,62.0,HYUNDAI,SANTRO XING GL
Chennai,2014,110000,Diesel,Automatic,First,13.0,194.0,HYUNDAI,SANTA FE 4WD AT
Mumbai,2011,45000,Petrol,Automatic,Second,11.0,186.0,MERCEDES-BENZ,NEW C-CLASS C250 AVANTGARDE
Mumbai,2014,40000,CNG,Manual,Second,26.0,58.0,MARUTI,WAGON R LXI CNG
Coimbatore,2012,49008,Petrol,Manual,First,19.0,46.0,MARUTI,ALTO LXI
Kolkata,2016,31000,Petrol,Manual,First,24.0,47.0,MARUTI,ALTO 800 2016-2019 LXI
Pune,2013,8000,Petrol,Manual,First,16.0,97.0,NISSAN,SUNNY 2011-2014 XV
Mumbai,2019,171,Petrol,Manual,First,24.0,47.0,MARUTI,ALTO 800 2016-2019 VXI
Kolkata,2018,2100,Petrol,Manual,First,24.0,67.0,MARUTI,ALTO K10 VXI
Coimbatore,2018,20667,Petrol,Automatic,First,18.0,81.0,HYUNDAI,GRAND I10 1.2 KAPPA SPORTZ AT
Kolkata,2015,50000,Diesel,Manual,First,24.0,98.0,HONDA,MOBILIO S I DTEC
Jaipur,2010,100030,Diesel,Manual,Second,18.0,90.0,TATA,MANZA AQUA QUADRAJET
Pune,2011,75372,Diesel,Manual,First,16.0,123.0,CHEVROLET,OPTRA MAGNUM 2.0 LT
Kochi,2016,60475,Petrol,Automatic,First,18.0,117.0,HONDA,CITY I VTEC CVT VX
Kochi,2019,18453,Petrol,Manual,First,18.0,81.0,HYUNDAI,GRAND I10 1.2 KAPPA SPORTZ
Hyderabad,2008,96578,Diesel,Manual,First,22.0,126.0,HYUNDAI,VERNA CRDI 1.6 SX
Kolkata,2016,31001,Petrol,Manual,First,18.0,75.0,NISSAN,MICRA XL
Jaipur,2012,65900,Diesel,Manual,First,22.0,126.0,HYUNDAI,VERNA 1.6 SX
Bangalore,2017,26246,Petrol,Manual,First,15.0,121.0,HYUNDAI,CRETA 1.6 VTVT E PLUS
Jaipur,2013,62700,Petrol,Manual,Second,20.0,67.0,MARUTI,WAGON R VXI BS IV
Chennai,2008,90000,Petrol,Automatic,First,10.0,180.0,HONDA,ACCORD 2.4 ELEGANCE A/T
Bangalore,2016,36000,Petrol,Automatic,First,16.0,118.0,HONDA,CITY 1.5 S AT
Delhi,2016,46000,Diesel,Manual,First,27.0,74.0,MARUTI,BALENO ALPHA 1.3
Coimbatore,2017,73003,Diesel,Manual,First,26.0,98.0,HONDA,CITY I DTEC V
Kochi,2014,46566,Diesel,Manual,First,22.0,88.0,HYUNDAI,I20 ERA 1.4 CRDI
Jaipur,2015,41493,Diesel,Automatic,First,13.0,265.0,MERCEDES-BENZ,E-CLASS 2015-2017 E350 EDITION E
Kochi,2014,103788,Diesel,Manual,First,19.0,108.0,NISSAN,TERRANO XV 110 PS
Bangalore,2016,45000,Diesel,Automatic,First,19.0,108.0,RENAULT,DUSTER 110PS DIESEL RXZ AMT
Pune,2009,120000,Petrol,Manual,First,18.0,67.0,MARUTI,WAGON R LXI MINOR
Jaipur,2009,97359,Diesel,Manual,Second,17.0,110.0,HYUNDAI,GETZ 1.5 CRDI GVS
Mumbai,2016,62000,Petrol,Manual,First,18.0,85.0,MARUTI,RITZ LXI
Pune,2004,115000,Petrol,Manual,Second,0.0,97.0,HONDA,CITY 1.5 GXI
Kochi,2019,18373,Diesel,Automatic,First,22.0,187.0,BMW,5 SERIES 520D SPORT LINE
Hyderabad,2016,60453,Petrol,Manual,First,16.0,74.0,VOLKSWAGEN,POLO 1.2 MPI HIGHLINE
Pune,2013,37000,Diesel,Manual,First,17.0,97.0,MARUTI,SWIFT VDI BSIV
Mumbai,2010,69009,Petrol,Manual,Second,15.0,70.0,FORD,FIGO PETROL ZXI
Hyderabad,2013,30000,Diesel,Automatic,First,18.0,184.0,BMW,3 SERIES 320D LUXURY LINE
Delhi,2012,70707,Diesel,Manual,First,22.0,126.0,HYUNDAI,VERNA 1.6 SX CRDI (O)
Coimbatore,2015,64677,Diesel,Manual,First,20.0,83.0,RENAULT,DUSTER 85PS DIESEL RXL
Bangalore,2018,3000,Petrol,Automatic,First,18.0,81.0,HYUNDAI,GRAND I10 1.2 KAPPA MAGNA AT
Bangalore,2013,49000,Diesel,Automatic,Second,17.0,184.0,BMW,X1 SDRIVE20D
Pune,2010,71000,Diesel,Manual,First,21.0,73.0,MARUTI,RITZ VDI
Jaipur,2010,52000,Petrol,Manual,Second,19.0,68.0,HYUNDAI,I10 ERA 1.1 ITECH SE
Kochi,2016,35659,Diesel,Automatic,First,15.0,258.0,BMW,X5 2014-2019 XDRIVE 30D DESIGN PURE EXPERIENCE 7 SEATER
Kochi,2019,5377,Petrol,Manual,First,16.0,116.0,HONDA,CITY V MT EXCLUSIVE
Delhi,2014,65000,Diesel,Automatic,First,11.0,184.0,MAHINDRA,SSANGYONG REXTON RX7
Coimbatore,2015,92708,Diesel,Manual,First,22.0,89.0,FORD,ECOSPORT 1.5 DV5 MT TITANIUM OPTIONAL
Coimbatore,2010,48105,Petrol,Manual,First,19.0,46.0,MARUTI,ALTO LXI
Mumbai,2011,46759,Petrol,Manual,First,16.0,74.0,VOLKSWAGEN,POLO 1.2 MPI HIGHLINE
Jaipur,2013,62000,Diesel,Manual,First,22.0,73.0,VOLKSWAGEN,POLO DIESEL COMFORTLINE 1.2L
Kolkata,2012,35175,Diesel,Manual,First,22.0,73.0,VOLKSWAGEN,POLO DIESEL HIGHLINE 1.2L
Kolkata,2013,70000,Diesel,Manual,First,20.0,88.0,MARUTI,ERTIGA ZDI
Kolkata,2017,30000,Diesel,Manual,First,22.0,98.0,FORD,ECOSPORT 1.5 TDCI AMBIENTE
Kolkata,2016,66618,Diesel,Automatic,First,11.0,171.0,TOYOTA,INNOVA CRYSTA 2.8 ZX AT
Mumbai,2010,69300,Petrol,Automatic,Second,10.0,150.0,BMW,5 SERIES 523I SEDAN
Kolkata,2017,148000,Diesel,Manual,First,23.0,74.0,MARUTI,SWIFT DZIRE TOUR LDI
Mumbai,2017,22000,Petrol,Manual,First,18.0,123.0,FORD,ECOSPORT 1.0 ECOBOOST PLATINUM EDITION
Ahmedabad,2013,75000,Diesel,Manual,First,16.0,110.0,HYUNDAI,VERNA CRDI SX
Mumbai,2016,43706,Petrol,Manual,First,17.0,88.0,TATA,ZEST REVOTRON 1.2T XM
Mumbai,2011,42000,Diesel,Automatic,First,14.0,241.0,AUDI,A7 2011-2015 3.0 TDI QUATTRO
Pune,2012,65000,Diesel,Manual,First,22.0,74.0,TATA,INDICA VISTA QUADRAJET VX
Delhi,2015,76128,Diesel,Manual,First,26.0,74.0,MARUTI,SWIFT DZIRE VDI
Kolkata,2010,39852,Petrol,Manual,First,16.0,90.0,FIAT,LINEA EMOTION
Mumbai,2017,18673,Petrol,Manual,First,18.0,81.0,HYUNDAI,I20 1.2 SPOTZ
Kolkata,2016,11583,Petrol,Manual,First,21.0,55.0,HYUNDAI,EON ERA PLUS
Chennai,2007,82000,Petrol,Manual,Second,0.0,97.0,HYUNDAI,SANTRO XING XL
Pune,2017,50000,Diesel,Automatic,First,17.0,136.0,MERCEDES-BENZ,GLA CLASS 200 CDI SPORT
Delhi,2014,77000,Petrol,Manual,First,23.0,67.0,MARUTI,CELERIO VXI
Mumbai,2014,54890,Petrol,Manual,Second,17.0,76.0,CHEVROLET,BEAT LT
Pune,2016,21000,Petrol,Automatic,First,19.0,88.0,HONDA,JAZZ 1.2 V AT I VTEC PRIVILEGE
Mumbai,2009,58557,Diesel,Automatic,Third,16.0,181.0,BMW,3 SERIES 320D HIGHLINE
Bangalore,2014,70000,Diesel,Manual,First,19.0,108.0,RENAULT,DUSTER 110PS DIESEL RXL
Mumbai,2017,16000,Petrol,Automatic,First,17.0,110.0,FORD,FIGO 2015-2019 1.5P TITANIUM AT
Kochi,2018,8899,Diesel,Manual,First,13.0,147.0,TOYOTA,INNOVA CRYSTA 2.4 VX MT
Kochi,2016,83629,Diesel,Manual,First,25.0,56.0,CHEVROLET,BEAT DIESEL LS
Chennai,2014,35059,Petrol,Automatic,First,17.0,189.0,VOLKSWAGEN,POLO GTI
Kochi,2018,30552,Diesel,Automatic,First,10.0,197.0,FORD,ENDEAVOUR 3.2 TREND AT 4X4
Kochi,2016,44875,Diesel,Automatic,Second,22.0,126.0,HYUNDAI,VERNA 1.6 SX CRDI (O) AT
Coimbatore,2017,25095,Petrol,Manual,First,18.0,86.0,FORD,FIGO 2015-2019 1.2P TITANIUM OPT MT
Jaipur,2007,59000,Petrol,Manual,First,16.0,37.0,MARUTI,800 AC
Kolkata,2014,36000,Diesel,Manual,First,26.0,98.0,HONDA,CITY I DTEC V
Mumbai,2012,37000,Diesel,Manual,First,16.0,140.0,MAHINDRA,XUV500 W8 2WD
Chennai,2010,90000,Diesel,Manual,First,20.0,68.0,FORD,FIGO DIESEL ZXI
Pune,2018,17000,Petrol,Manual,First,17.0,121.0,FORD,ECOSPORT 1.5 PETROL TITANIUM
Mumbai,2015,42575,Petrol,Manual,First,18.0,81.0,HYUNDAI,I20 ASTA 1.2
Hyderabad,2012,131000,Diesel,Manual,First,12.0,100.0,TOYOTA,INNOVA 2.5 G (DIESEL) 7 SEATER BS IV
Mumbai,2013,74000,Diesel,Manual,First,20.0,83.0,RENAULT,DUSTER 85PS DIESEL RXL OPTIONAL
Mumbai,2013,47234,Diesel,Manual,First,12.0,100.0,TOYOTA,INNOVA 2.5 VX (DIESEL) 8 SEATER
Delhi,2009,231673,Petrol,Manual,First,17.0,118.0,HONDA,CITY 1.5 S MT
Hyderabad,2016,10000,Petrol,Manual,First,24.0,67.0,MARUTI,ALTO K10 VXI
Kochi,2016,49389,Petrol,Manual,First,19.0,67.0,NISSAN,MICRA ACTIVE XL PETROL
Chennai,2016,12000,Petrol,Automatic,Second,23.0,67.0,MARUTI,CELERIO VXI AT
Hyderabad,2010,65000,Petrol,Manual,Second,11.0,178.0,MERCEDES-BENZ,NEW C-CLASS 200 KOMPRESSOR
Chennai,2013,177000,Diesel,Manual,First,23.0,88.0,FORD,FIESTA DIESEL STYLE
Jaipur,2015,89000,Petrol,Manual,First,17.0,121.0,HYUNDAI,VERNA 1.6 VTVT S
Chennai,2009,72000,Petrol,Automatic,Third,15.0,100.0,HYUNDAI,I20 1.4 ASTA (AT)
Chennai,2012,49000,Petrol,Manual,First,17.0,85.0,MARUTI,SWIFT DZIRE VXI
Hyderabad,2014,51355,Diesel,Automatic,First,14.0,170.0,MERCEDES-BENZ,NEW C-CLASS C 220CDIBE AVANTGARDE COMMAND
Kochi,2017,13460,Petrol,Manual,First,18.0,81.0,HYUNDAI,ELITE I20 PETROL ASTA
Kochi,2014,35642,Petrol,Automatic,First,17.0,121.0,HYUNDAI,VERNA 1.6 VTVT EX AT
Kochi,2014,52895,Diesel,Manual,First,17.0,163.0,CHEVROLET,CRUZE LTZ
Mumbai,2010,93000,Petrol,Manual,First,14.0,138.0,TOYOTA,COROLLA ALTIS 1.8 G
Pune,2011,70000,Petrol,Manual,First,19.0,66.0,MARUTI,A-STAR VXI
Kolkata,2012,32048,Diesel,Manual,First,23.0,63.0,NISSAN,MICRA DIESEL XV PREMIUM
Pune,2013,4700,Petrol,Manual,First,25.0,37.0,TATA,NANO LX
Delhi,2014,71800,Diesel,Manual,First,23.0,74.0,MARUTI,SWIFT DZIRE TOUR LDI
Coimbatore,2008,69078,Petrol,Manual,First,0.0,97.0,LAND,ROVER RANGE ROVER SPORT 2005 2012 SPORT
Ahmedabad,2016,45000,Diesel,Automatic,First,17.0,184.0,AUDI,Q3 2.0 TDI QUATTRO
Chennai,2016,15388,Diesel,Manual,First,25.0,98.0,HONDA,AMAZE VX I-DTEC
Mumbai,2004,98798,Petrol,Manual,First,14.0,104.0,CHEVROLET,OPTRA 1.6 LS
Hyderabad,2016,43000,Diesel,Automatic,First,14.0,174.0,AUDI,Q5 2.0 TDI PREMIUM PLUS
Hyderabad,2012,85112,Diesel,Manual,First,23.0,73.0,MARUTI,RITZ VDI
Kochi,2018,37804,Diesel,Manual,First,15.0,120.0,MAHINDRA,SCORPIO S6 7 SEATER
Chennai,2014,45000,Diesel,Manual,First,28.0,88.0,MARUTI,CIAZ ZDI SHVS
Pune,2011,116000,Diesel,Manual,Second,21.0,138.0,TOYOTA,COROLLA ALTIS AERO D 4D J
Chennai,2015,100073,Diesel,Manual,Second,25.0,69.0,TATA,INDICA V2 ELS
Jaipur,2006,165000,Petrol,Manual,First,16.0,37.0,MARUTI,800 STD BSIII
Kolkata,2015,22000,Petrol,Manual,First,16.0,74.0,VOLKSWAGEN,POLO 1.2 MPI HIGHLINE
Delhi,2017,9500,Petrol,Automatic,First,14.0,149.0,HYUNDAI,ELANTRA 2.0 SX OPTION AT
Hyderabad,2012,152000,Diesel,Automatic,First,11.0,169.0,TOYOTA,FORTUNER 4X2 4 SPEED AT
Coimbatore,2019,17705,Petrol,Manual,First,21.0,83.0,MARUTI,BALENO ZETA 1.2
Mumbai,2016,12000,Petrol,Manual,First,21.0,83.0,MARUTI,BALENO ZETA 1.2
Hyderabad,2013,51000,Diesel,Automatic,First,23.0,112.0,MINI,COOPER COUNTRYMAN D
Chennai,2009,42000,Diesel,Automatic,Second,13.0,210.0,MERCEDES-BENZ,S CLASS 2005 2013 320 CDI
Delhi,2015,51000,Petrol,Manual,First,20.0,67.0,MARUTI,ALTO K10 LXI
Kochi,2017,42527,Petrol,Manual,First,20.0,81.0,MARUTI,SWIFT VXI OPTIONAL
Kolkata,2014,45000,Diesel,Manual,First,22.0,74.0,CHEVROLET,SAIL LT ABS
Kolkata,2011,70000,Diesel,Manual,First,12.0,102.0,TOYOTA,INNOVA 2.5 G (DIESEL) 8 SEATER BS IV
Mumbai,2009,92000,Diesel,Manual,First,11.0,171.0,TOYOTA,FORTUNER 3.0 DIESEL
Hyderabad,2012,57156,Diesel,Automatic,Second,18.0,184.0,BMW,3 SERIES 320D SPORT LINE
Coimbatore,2016,53211,Petrol,Manual,First,16.0,138.0,SKODA,OCTAVIA AMBITION 1.4 TSI MT
Kolkata,2019,80000,Diesel,Manual,First,11.0,171.0,TOYOTA,FORTUNER 3.0 DIESEL
Bangalore,2009,74000,Diesel,Automatic,First,15.0,105.0,VOLKSWAGEN,JETTA 2007-2011 1.9 HIGHLINE TDI
Kolkata,2011,37000,Diesel,Manual,First,23.0,90.0,HYUNDAI,I20 1.4 CRDI ASTA
Mumbai,2013,64000,Diesel,Manual,Second,21.0,88.0,TATA,MANZA CLUB CLASS QUADRAJET90 LX
Pune,2013,57197,Petrol,Manual,First,15.0,103.0,VOLKSWAGEN,VENTO PETROL HIGHLINE
Chennai,2016,55000,Diesel,Automatic,First,17.0,126.0,HYUNDAI,CRETA 1.6 SX AUTOMATIC DIESEL
Mumbai,2014,33000,Petrol,Manual,First,21.0,85.0,MARUTI,RITZ VXI
Delhi,2008,70000,Petrol,Manual,First,13.0,141.0,HONDA,CR-V 2.0L 2WD MT
Delhi,2012,75000,Diesel,Manual,Second,15.0,140.0,MAHINDRA,XUV500 W8 2WD
Jaipur,2016,58095,Diesel,Manual,First,21.0,108.0,VOLKSWAGEN,AMEO 1.5 TDI COMFORTLINE
Kolkata,2015,7445,Petrol,Manual,First,17.0,88.0,TATA,ZEST REVOTRON 1.2 XT
Kochi,2016,17652,Diesel,Automatic,First,12.0,270.0,JAGUAR,XJ 3.0L PORTFOLIO LWB
Kochi,2018,28321,Petrol,Automatic,First,14.0,138.0,TOYOTA,COROLLA ALTIS 1.8 VL CVT
Pune,2011,69000,Petrol,Manual,Second,19.0,66.0,MARUTI,A-STAR VXI
Mumbai,2007,80000,Petrol,Automatic,First,11.0,142.0,HONDA,ACCORD VTI-L (AT)
Delhi,2014,42365,Petrol,Manual,First,17.0,80.0,HYUNDAI,I20 ASTA (O)
Delhi,2013,123000,Diesel,Automatic,First,12.0,168.0,TOYOTA,FORTUNER 4X2 AT
Mumbai,2011,40000,Petrol,Automatic,Second,11.0,186.0,MERCEDES-BENZ,NEW C-CLASS C 200 CGI AVANTGARDE
Hyderabad,2016,30112,Diesel,Manual,First,27.0,74.0,MARUTI,BALENO ALPHA 1.3
Kochi,2017,43775,Diesel,Manual,First,20.0,88.0,MARUTI,ERTIGA VDI
Kochi,2019,26013,Diesel,Automatic,First,12.0,255.0,LAND,ROVER RANGE ROVER SPORT SE
Mumbai,2012,56000,Petrol,Manual,First,12.0,102.0,CHEVROLET,OPTRA MAGNUM 1.6 LT ABS BS3
Hyderabad,2008,95000,Petrol,Automatic,Second,12.0,130.0,HONDA,CIVIC 2006-2010 1.8 V AT
Coimbatore,2014,41089,Diesel,Automatic,First,16.0,184.0,BMW,X3 XDRIVE20D
Mumbai,2011,41988,Diesel,Automatic,First,20.0,138.0,SKODA,LAURA AMBITION 2.0 TDI CR AT
Delhi,2013,72486,Diesel,Manual,First,23.0,74.0,MARUTI,SWIFT DZIRE VDI
Pune,2013,92000,Diesel,Automatic,First,23.0,150.0,VOLVO,V40 CROSS COUNTRY D3
Delhi,2013,40000,Petrol,Manual,First,17.0,85.0,MARUTI,SWIFT DZIRE ZXI
Bangalore,2014,56000,Diesel,Automatic,First,12.0,187.0,LAND,ROVER RANGE ROVER 2.2L PURE
Mumbai,2008,125000,Petrol,Automatic,Third,11.0,177.0,HONDA,ACCORD 2.4 AT
Kochi,2017,29219,Diesel,Manual,First,12.0,100.0,TOYOTA,INNOVA 2.5 G (DIESEL) 8 SEATER
Hyderabad,2018,39927,Diesel,Manual,First,12.0,168.0,TOYOTA,FORTUNER 4X4 MT
Kochi,2018,38593,Petrol,Manual,First,18.0,88.0,HONDA,JAZZ 1.2 E I VTEC
Kolkata,2015,32000,Petrol,Manual,First,17.0,118.0,HONDA,CITY 1.5 V MT
Hyderabad,2017,28226,Diesel,Automatic,First,28.0,73.0,MARUTI,DZIRE AMT ZDI PLUS
Pune,2014,95000,Diesel,Manual,First,21.0,84.0,NISSAN,SUNNY 2011-2014 DIESEL XL
Chennai,2014,194000,Diesel,Manual,First,12.0,100.0,TOYOTA,INNOVA 2.5 G (DIESEL) 8 SEATER
Coimbatore,2016,14821,Petrol,Manual,First,19.0,86.0,HONDA,BRIO S MT
Bangalore,2012,52000,Petrol,Manual,First,15.0,103.0,VOLKSWAGEN,VENTO PETROL TRENDLINE
Mumbai,2016,33000,Diesel,Manual,First,16.0,140.0,MAHINDRA,XUV500 W4
Chennai,2016,29200,Diesel,Manual,First,23.0,98.0,FORD,ECOSPORT 1.5 DIESEL TITANIUM PLUS
Hyderabad,2012,99754,Diesel,Manual,First,17.0,108.0,SKODA,YETI AMBITION 4X2
Chennai,2012,49000,Petrol,Manual,First,20.0,78.0,HYUNDAI,I10 SPORTZ
Hyderabad,2005,299322,Diesel,Manual,First,12.0,102.0,TOYOTA,INNOVA 2.5 G (DIESEL) 8 SEATER BS IV
Coimbatore,2018,38310,Diesel,Manual,First,20.0,88.0,TATA,ZEST QUADRAJET 1.3 XT
Delhi,2014,56000,Diesel,Manual,First,22.0,74.0,MARUTI,SWIFT VDI
Kolkata,2017,31300,Diesel,Automatic,First,21.0,108.0,SKODA,RAPID 1.5 TDI AT STYLE
Coimbatore,2019,11241,Diesel,Manual,First,13.0,147.0,TOYOTA,INNOVA CRYSTA 2.4 VX MT 8S
Pune,2014,48000,Petrol,Manual,Second,17.0,121.0,HYUNDAI,VERNA 1.6 SX VTVT
Coimbatore,2019,23882,Petrol,Manual,First,17.0,117.0,HONDA,CITY I VTEC VX OPTION
Hyderabad,2014,65000,Diesel,Manual,First,26.0,98.0,HONDA,CITY I DTEC SV
Jaipur,2011,50000,Diesel,Manual,First,20.0,103.0,VOLKSWAGEN,VENTO DIESEL HIGHLINE
Chennai,2014,25000,Diesel,Automatic,First,12.0,236.0,AUDI,Q5 2008-2012 3.0 TDI
Chennai,2015,21000,Petrol,Manual,First,22.0,47.0,MARUTI,ALTO 800 LXI
Pune,2012,148000,Diesel,Manual,Second,21.0,88.0,TATA,MANZA ELAN QUADRAJET BS IV
Delhi,2016,68000,Petrol,Manual,First,15.0,121.0,HYUNDAI,CRETA 1.6 SX PLUS DUAL TONE PETROL
Bangalore,2014,52000,Diesel,Automatic,First,12.0,224.0,MERCEDES-BENZ,GL-CLASS 2007 2012 350 CDI LUXURY
Jaipur,2016,19000,Diesel,Manual,First,16.0,105.0,MAHINDRA,THAR CRDE
Mumbai,2011,74000,Diesel,Manual,Second,22.0,126.0,HYUNDAI,VERNA 1.6 CRDI
Coimbatore,2017,30279,Diesel,Manual,First,26.0,99.0,FORD,ASPIRE TITANIUM DIESEL
Mumbai,2016,20000,Diesel,Automatic,First,20.0,113.0,MINI,COOPER 3 DOOR D
Hyderabad,2013,34834,Petrol,Manual,First,14.0,35.0,MARUTI,OMNI 8 SEATER BSIV
Pune,2015,90000,Diesel,Manual,Second,21.0,65.0,MAHINDRA,VERITO 1.5 D4 BSIV
Coimbatore,2016,38730,Diesel,Automatic,First,14.0,203.0,MERCEDES-BENZ,E-CLASS 2009-2013 E250 CDI ELEGANCE
Kochi,2016,57390,Diesel,Manual,First,19.0,108.0,RENAULT,DUSTER 110PS DIESEL RXZ
Kolkata,2016,100000,Diesel,Manual,First,23.0,74.0,MARUTI,SWIFT DZIRE TOUR LDI
Kolkata,2011,50000,Petrol,Manual,First,16.0,73.0,VOLKSWAGEN,POLO PETROL HIGHLINE 1.2L
Coimbatore,2017,64961,Diesel,Manual,First,16.0,140.0,MAHINDRA,XUV500 W10 2WD
Coimbatore,2014,72465,Petrol,Manual,First,16.0,74.0,VOLKSWAGEN,POLO 1.2 MPI HIGHLINE
Hyderabad,2012,68776,Petrol,Manual,First,21.0,85.0,MARUTI,RITZ VXI
Pune,2005,150000,Petrol,Manual,First,14.0,97.0,CHEVROLET,OPTRA 1.6 ELITE
Delhi,2012,68000,Diesel,Manual,First,12.0,102.0,TOYOTA,INNOVA 2.5 GX 7 STR BSIV
Delhi,2015,33000,Diesel,Manual,First,26.0,98.0,HONDA,CITY I DTEC SV
Coimbatore,2017,22389,Petrol,Manual,First,17.0,73.0,VOLKSWAGEN,AMEO 1.2 MPI HIGHLINE
Mumbai,2012,90000,Diesel,Manual,First,21.0,88.0,MARUTI,SX4 ZDI LEATHER
Chennai,2012,42000,Petrol,Manual,Third,18.0,85.0,MARUTI,SWIFT ZXI
Pune,2017,38767,Diesel,Manual,First,19.0,126.0,HYUNDAI,CRETA 1.6 CRDI SX
Bangalore,2015,21000,Diesel,Automatic,First,12.0,241.0,AUDI,Q7 35 TDI QUATTRO TECHNOLOGY
Coimbatore,2010,59136,Petrol,Manual,First,19.0,46.0,MARUTI,ALTO LXI BSIII
Kolkata,2014,36000,Diesel,Manual,First,25.0,98.0,HONDA,AMAZE SX I-DTEC
Chennai,2011,95000,Diesel,Automatic,Second,18.0,167.0,VOLKSWAGEN,PASSAT DIESEL HIGHLINE 2.0 TDI
Mumbai,2013,51000,Diesel,Automatic,First,19.0,126.0,HYUNDAI,ELANTRA CRDI SX AT
Kochi,2011,36411,Petrol,Manual,First,18.0,67.0,MARUTI,WAGON R VXI BS IV
Mumbai,2017,40000,Diesel,Automatic,First,12.0,148.0,LAND,ROVER DISCOVERY SPORT TD4 HSE 7S
Pune,2016,27300,Petrol,Manual,First,17.0,117.0,HONDA,CITY I VTEC SV
Kochi,2011,29813,Petrol,Automatic,Second,14.0,181.0,MERCEDES-BENZ,NEW C-CLASS C 200 AVANTGARDE EDITION C
Pune,2011,71000,Petrol,Manual,First,20.0,67.0,MARUTI,WAGON R LX BS IV
Kolkata,2014,32000,Diesel,Manual,First,22.0,126.0,HYUNDAI,VERNA 1.6 CRDI
Mumbai,2017,19234,CNG,Manual,First,17.0,80.0,MARUTI,ERTIGA VXI CNG
Jaipur,2017,50510,Diesel,Automatic,First,17.0,141.0,VOLKSWAGEN,TIGUAN 2.0 TDI HIGHLINE
Pune,2011,102000,Diesel,Automatic,First,15.0,177.0,BMW,X1 SDRIVE 20D EXCLUSIVE
Kolkata,2014,42277,Diesel,Manual,First,24.0,73.0,HYUNDAI,GRAND I10 1.2 CRDI SPORTZ OPTION
Mumbai,2014,46000,Diesel,Automatic,First,13.0,201.0,MERCEDES-BENZ,E-CLASS E250 CDI AVANTGRADE
Chennai,2012,35000,Diesel,Manual,First,13.0,97.0,MAHINDRA,BOLERO ZLX
Bangalore,2015,50000,Petrol,Manual,First,18.0,82.0,HYUNDAI,GRAND I10 ASTA OPTION
Mumbai,2008,62000,Petrol,Manual,Second,20.0,78.0,HYUNDAI,I10 MAGNA 1.2
Mumbai,2012,78000,Diesel,Manual,First,19.0,138.0,VOLKSWAGEN,JETTA 2012-2014 2.0L TDI COMFORTLINE
Chennai,2011,79000,Diesel,Manual,First,17.0,138.0,SKODA,YETI ELEGANCE
Kochi,2019,6773,Diesel,Automatic,First,14.0,245.0,AUDI,Q7 45 TDI QUATTRO PREMIUM PLUS
Chennai,2010,135000,Diesel,Manual,Second,11.0,171.0,TOYOTA,FORTUNER 3.0 DIESEL
Kochi,2013,36716,Petrol,Manual,First,18.0,67.0,MARUTI,WAGON R VXI MINOR ABS
Coimbatore,2013,65060,Petrol,Manual,First,21.0,55.0,HYUNDAI,EON ERA
Delhi,2013,33000,Petrol,Manual,First,19.0,86.0,HONDA,BRIO S MT
Kolkata,2015,11110,Petrol,Manual,First,22.0,47.0,MARUTI,ALTO 800 VXI
Jaipur,2013,63000,Diesel,Manual,First,15.0,62.0,MAHINDRA,BOLERO ZLX
Mumbai,2015,27030,Petrol,Manual,First,17.0,117.0,HONDA,CITY I VTEC SV
Mumbai,2015,19600,Petrol,Manual,First,15.0,103.0,SKODA,RAPID 1.6 MPI ELEGANCE BLACK PACKAGE
Pune,2016,27755,Petrol,Manual,First,22.0,81.0,MARUTI,SWIFT VVT VXI
Hyderabad,2013,20000,Petrol,Manual,Second,21.0,55.0,HYUNDAI,EON MAGNA PLUS
Kochi,2015,24782,Petrol,Manual,First,20.0,83.0,MARUTI,SWIFT DZIRE ZXI
Coimbatore,2014,47303,Petrol,Automatic,First,19.0,76.0,NISSAN,MICRA XV CVT
Delhi,2008,71000,Petrol,Automatic,First,8.0,250.0,AUDI,Q7 4.2 FSI QUATTRO
Pune,2010,135000,Diesel,Manual,First,17.0,75.0,MARUTI,SWIFT VDI BSIII
Jaipur,2017,1000,Diesel,Manual,First,13.0,138.0,TATA,XENON XT EX 4X2
Kolkata,2016,29000,Diesel,Manual,First,20.0,88.0,VOLKSWAGEN,POLO 1.5 TDI COMFORTLINE
Kochi,2016,36367,Petrol,Manual,First,17.0,117.0,HONDA,CITY I VTEC SV
Bangalore,2015,38000,Petrol,Manual,First,17.0,117.0,HONDA,CITY I VTEC V
Hyderabad,2011,83969,Petrol,Manual,First,16.0,37.0,MARUTI,800 AC BSIII
Jaipur,2014,82621,Diesel,Manual,First,20.0,88.0,VOLKSWAGEN,POLO 1.5 TDI TRENDLINE
Pune,2009,89000,Diesel,Automatic,First,12.0,147.0,CHEVROLET,CAPTIVA LTZ VCDI
Kolkata,2016,54000,Diesel,Manual,First,16.0,140.0,MAHINDRA,XUV500 W10 2WD
Kochi,2015,61691,Diesel,Manual,First,25.0,98.0,HONDA,AMAZE VX I-DTEC
Chennai,2011,32200,Petrol,Manual,Second,17.0,80.0,HYUNDAI,I20 1.2 SPORTZ OPTION
Jaipur,2016,68630,Petrol,Automatic,First,20.0,67.0,MARUTI,WAGON R AMT VXI
Mumbai,2014,61000,Diesel,Automatic,Second,16.0,138.0,VOLKSWAGEN,JETTA 2013-2015 2.0L TDI HIGHLINE AT
Mumbai,2018,32644,Petrol,Manual,First,20.0,91.0,MARUTI,CIAZ 1.4 ZETA
Delhi,2012,85000,Diesel,Automatic,First,11.0,120.0,MAHINDRA,SCORPIO 2009-2014 VLX 4WD AT 7S BSIV
Mumbai,2008,75000,Petrol,Manual,Second,15.0,74.0,CHEVROLET,AVEO U-VA 1.2 LS
Kochi,2016,40347,Petrol,Manual,First,20.0,91.0,MARUTI,CIAZ ZXI OPTION
Hyderabad,2012,60788,Diesel,Manual,First,23.0,90.0,HYUNDAI,I20 1.4 CRDI ASTA
Kochi,2018,18664,Petrol,Manual,First,18.0,88.0,HONDA,JAZZ 1.2 SV I VTEC
Coimbatore,2017,57847,Diesel,Manual,First,16.0,140.0,MAHINDRA,XUV500 W10 2WD
Bangalore,2012,52237,Petrol,Manual,First,17.0,80.0,HYUNDAI,I20 1.2 SPORTZ
Chennai,2012,128000,Diesel,Manual,First,22.0,126.0,HYUNDAI,VERNA 1.6 SX
Delhi,2011,54000,Petrol,Manual,First,19.0,68.0,HYUNDAI,I10 ERA 1.1
Bangalore,2014,49800,Petrol,Automatic,First,23.0,67.0,MARUTI,CELERIO VXI AT
Kolkata,2012,98000,Diesel,Manual,First,20.0,73.0,SKODA,FABIA 1.2 TDI AMBITION
Delhi,2015,60095,Diesel,Manual,First,25.0,74.0,MARUTI,SWIFT VDI BSIV
Pune,2008,68000,Petrol,Manual,Second,16.0,66.0,HYUNDAI,I10 MAGNA(O) WITH SUN ROOF
Jaipur,2010,81402,Petrol,Manual,Second,20.0,78.0,HYUNDAI,I10 MAGNA 1.2
Mumbai,2013,38000,Petrol,Automatic,First,16.0,110.0,FORD,ECOSPORT 1.5 TI VCT AT TITANIUM
Kochi,2011,92239,Diesel,Automatic,Second,11.0,210.0,MERCEDES-BENZ,E-CLASS 2009-2013 E350 CDI AVANTGARDE
Ahmedabad,2017,49224,Diesel,Manual,First,25.0,74.0,MARUTI,SWIFT VDI BSIV
Jaipur,2004,12000,Petrol,Manual,Second,16.0,37.0,MARUTI,800 STD BSIII
Pune,2010,54898,Petrol,Manual,Third,16.0,88.0,MARUTI,SWIFT LXI BSIII
Mumbai,2018,2500,Petrol,Manual,First,15.0,121.0,HYUNDAI,CRETA 1.6 SX PLUS DUAL TONE PETROL
Kochi,2017,32838,Diesel,Automatic,First,17.0,190.0,BMW,X1 M SPORT SDRIVE 20D
Hyderabad,2006,27076,Petrol,Manual,First,13.0,70.0,FORD,IKON 1.3 FLAIR
Kochi,2017,75445,Diesel,Manual,First,22.0,89.0,FORD,ECOSPORT 1.5 DV5 MT TITANIUM OPTIONAL
Kochi,2015,46601,Petrol,Manual,First,20.0,91.0,MARUTI,CIAZ VXI PLUS
Kolkata,2012,72000,Diesel,Automatic,First,18.0,167.0,VOLKSWAGEN,PASSAT DIESEL HIGHLINE 2.0 TDI
Pune,2017,27000,Diesel,Manual,First,27.0,98.0,HONDA,JAZZ 1.5 VX I DTEC
Coimbatore,2016,68193,Diesel,Automatic,First,17.0,174.0,AUDI,A4 35 TDI PREMIUM
Kochi,2017,34429,Diesel,Manual,First,24.0,70.0,HYUNDAI,GRAND I10 CRDI SPORTZ CELEBRATION EDITION
Delhi,2013,46000,Diesel,Automatic,First,12.0,224.0,MERCEDES-BENZ,GL-CLASS 2007 2012 350 CDI LUXURY
Coimbatore,2013,80544,Diesel,Manual,First,12.0,100.0,TOYOTA,INNOVA 2.5 G (DIESEL) 7 SEATER
Jaipur,2011,42000,Petrol,Manual,Second,16.0,97.0,NISSAN,SUNNY 2011-2014 XL
Bangalore,2011,94821,Diesel,Automatic,Second,20.0,138.0,SKODA,LAURA AMBIENTE 2.0 TDI CR AT
Jaipur,2006,100000,Petrol,Manual,First,14.0,92.0,CHEVROLET,AVEO 1.4 LS
Mumbai,2014,57000,Diesel,Manual,First,24.0,98.0,HONDA,MOBILIO V I DTEC
Hyderabad,2010,79894,Diesel,Manual,First,21.0,73.0,MARUTI,RITZ VDI
Coimbatore,2011,44748,Petrol,Manual,Second,16.0,73.0,VOLKSWAGEN,POLO PETROL HIGHLINE 1.2L
Mumbai,2013,31000,Petrol,Manual,First,13.0,102.0,NISSAN,TERRANO XL
Coimbatore,2013,60587,Petrol,Automatic,Second,16.0,66.0,MARUTI,A-STAR AT VXI AKTIV
Pune,2011,32000,Diesel,Manual,First,23.0,97.0,TOYOTA,ETIOS LIVA GD
Pune,2014,43772,Petrol,Manual,First,17.0,118.0,HONDA,CITY 1.5 S MT
Coimbatore,2017,23576,Petrol,Automatic,First,18.0,82.0,HYUNDAI,GRAND I10 AT ASTA
Hyderabad,2017,4000,Diesel,Automatic,First,13.0,177.0,JAGUAR,XE 2.0L DIESEL PRESTIGE
Kolkata,2012,62000,Diesel,Manual,First,12.0,120.0,MAHINDRA,SCORPIO VLX
Mumbai,2011,36000,Petrol,Automatic,First,11.0,186.0,MERCEDES-BENZ,NEW C-CLASS C 200 KOMPRESSOR ELEGANCE AT
Delhi,2014,80000,Petrol,Automatic,First,13.0,157.0,SKODA,SUPERB ELEGANCE 1.8 TSI AT
Pune,2012,137008,Diesel,Automatic,First,18.0,147.0,CHEVROLET,CRUZE LTZ AT
Delhi,2010,61001,Diesel,Manual,First,12.0,120.0,MAHINDRA,SCORPIO VLX
Coimbatore,2015,52191,Petrol,Manual,First,17.0,121.0,HYUNDAI,VERNA 1.6 SX VTVT (O)
Hyderabad,2016,77076,Diesel,Manual,First,23.0,90.0,HYUNDAI,I20 1.4 ASTA CRDI WITH AVN
Hyderabad,2008,56000,Petrol,Automatic,First,16.0,78.0,HONDA,CITY ZX CVT
Kolkata,2013,21000,Petrol,Manual,First,20.0,78.0,HYUNDAI,I10 MAGNA
Delhi,2013,89429,Diesel,Manual,First,25.0,98.0,HONDA,AMAZE S I-DTECH
Delhi,2012,45631,Petrol,Manual,Second,22.0,67.0,MARUTI,WAGON R LXI
Jaipur,2013,53959,Petrol,Manual,First,19.0,86.0,HONDA,BRIO S MT
Kochi,2014,55804,Petrol,Manual,First,17.0,80.0,HYUNDAI,I20 1.2 SPORTZ OPTION
Kochi,2016,25899,Petrol,Manual,First,15.0,103.0,VOLKSWAGEN,VENTO 2013-2015 1.6 COMFORTLINE
Pune,2008,82000,Diesel,Manual,Second,18.0,66.0,SKODA,OCTAVIA RIDER 1.9 TDI MT
Mumbai,2014,52000,Diesel,Automatic,First,13.0,204.0,MERCEDES-BENZ,E-CLASS 2015-2017 E250 CDI AVANTGARDE
Pune,2013,20000,Petrol,Manual,First,13.0,102.0,RENAULT,DUSTER PETROL RXL
Hyderabad,2017,31829,Petrol,Manual,First,21.0,55.0,HYUNDAI,EON SPORTZ
Coimbatore,2016,18094,Petrol,Manual,Second,18.0,85.0,MARUTI,SWIFT VXI
Jaipur,2011,80000,Diesel,Manual,Second,19.0,97.0,NISSAN,MICRA DIESEL
Mumbai,2015,11964,Diesel,Automatic,First,13.0,241.0,AUDI,Q5 3.0 TDI QUATTRO TECHNOLOGY
Coimbatore,2018,22684,Petrol,Manual,First,18.0,81.0,HYUNDAI,I20 1.2 SPOTZ
Bangalore,2014,43521,Petrol,Manual,First,19.0,86.0,HONDA,BRIO S MT
Kochi,2014,49386,Petrol,Manual,First,17.0,85.0,MARUTI,SWIFT DZIRE ZXI
Delhi,2017,12248,Petrol,Manual,First,18.0,81.0,HYUNDAI,GRAND I10 1.2 KAPPA MAGNA
Coimbatore,2014,67771,Diesel,Manual,First,11.0,112.0,MAHINDRA,XYLO E8 ABS BS IV
Delhi,2015,60007,Petrol,Automatic,First,17.0,189.0,VOLKSWAGEN,POLO GTI
Coimbatore,2011,48624,Petrol,Manual,First,24.0,67.0,MARUTI,ALTO K10 VXI
Kolkata,2014,30000,Diesel,Manual,First,22.0,73.0,VOLKSWAGEN,POLO DIESEL COMFORTLINE 1.2L
Delhi,2016,81605,Petrol,Manual,First,18.0,82.0,HYUNDAI,GRAND I10 SPORTZ
Coimbatore,2017,32642,Diesel,Automatic,First,14.0,170.0,MERCEDES-BENZ,NEW C-CLASS C 220 CDI ELEGANCE AT
Pune,2014,34200,Petrol,Automatic,First,15.0,121.0,HYUNDAI,VERNA 1.6 SX VTVT AT
Chennai,2010,72204,Petrol,Manual,First,15.0,67.0,FIAT,PUNTO EVO 1.2 EMOTION
Pune,2011,156347,Diesel,Manual,Second,12.0,100.0,TOYOTA,INNOVA 2.5 VX (DIESEL) 8 SEATER BS IV
Kochi,2017,47357,Diesel,Automatic,First,18.0,100.0,MAHINDRA,TUV 300 2015-2019 MHAWK100 T8 AMT
Coimbatore,2015,61738,Diesel,Manual,First,20.0,88.0,VOLKSWAGEN,POLO 1.5 TDI COMFORTLINE
Kochi,2018,32586,Diesel,Automatic,First,22.0,190.0,BMW,5 SERIES 520D LUXURY LINE
Coimbatore,2018,40129,Diesel,Automatic,First,11.0,254.0,MERCEDES-BENZ,GLE 350D
Mumbai,2012,51000,Diesel,Automatic,First,11.0,254.0,MERCEDES-BENZ,M-CLASS ML 350 CDI
Kochi,2018,10393,Petrol,Manual,First,18.0,81.0,HYUNDAI,GRAND I10 1.2 KAPPA SPORTZ
Mumbai,2011,46000,Petrol,Automatic,First,13.0,157.0,SKODA,SUPERB ELEGANCE 1.8 TSI AT
Chennai,2013,21000,Petrol,Automatic,First,16.0,78.0,HYUNDAI,I10 SPORTZ AT
Hyderabad,2011,113562,Diesel,Manual,First,23.0,90.0,HYUNDAI,I20 1.4 CRDI ASTA
Mumbai,2011,100010,Diesel,Manual,Second,12.0,120.0,MAHINDRA,SCORPIO VLX
Mumbai,2013,63107,Petrol,Manual,First,19.0,86.0,HONDA,BRIO V MT
Jaipur,2017,58500,Petrol,Manual,First,18.0,81.0,HYUNDAI,I20 1.2 MAGNA EXECUTIVE
Pune,2007,90000,Diesel,Manual,Fourth & Above,10.0,143.0,FORD,ENDEAVOUR 4X2 XLT LIMITED EDITION
Chennai,2011,108242,Diesel,Manual,First,16.0,110.0,HYUNDAI,VERNA CRDI SX
Pune,2011,146300,Diesel,Manual,First,11.0,171.0,TOYOTA,FORTUNER 3.0 DIESEL
Pune,2011,62943,Diesel,Automatic,Second,17.0,184.0,BMW,X1 SDRIVE20D
Delhi,2013,65000,Diesel,Automatic,First,12.0,168.0,TOYOTA,FORTUNER 4X2 AT
Pune,2018,1700,Petrol,Automatic,First,19.0,88.0,HONDA,AMAZE V CVT PETROL
Kochi,2013,34697,Petrol,Manual,First,19.0,68.0,HYUNDAI,I10 ERA 1.1
Hyderabad,2012,58000,Petrol,Manual,First,17.0,80.0,HYUNDAI,I20 1.2 SPORTZ
Mumbai,2015,32500,Diesel,Automatic,First,19.0,187.0,BMW,3 SERIES 320D GT LUXURY LINE
Coimbatore,2016,58661,Diesel,Automatic,First,15.0,181.0,AUDI,Q3 35 TDI QUATTRO PREMIUM PLUS
Kochi,2017,37124,Petrol,Manual,First,20.0,81.0,MARUTI,SWIFT VXI OPTIONAL
Delhi,2017,44000,Petrol,Automatic,First,21.0,83.0,MARUTI,BALENO DELTA AUTOMATIC
Kolkata,2005,45200,Petrol,Manual,First,13.0,94.0,HYUNDAI,ACCENT GLE
Mumbai,2016,11000,Petrol,Manual,First,18.0,85.0,MARUTI,RITZ LXI
Pune,2011,65000,Petrol,Manual,Second,26.0,35.0,TATA,NANO LX
Ahmedabad,2012,55005,Diesel,Manual,First,20.0,68.0,FORD,FIGO DIESEL EXI
Hyderabad,2011,81650,Diesel,Automatic,First,18.0,167.0,VOLKSWAGEN,PASSAT DIESEL HIGHLINE 2.0 TDI
Chennai,2010,160000,Diesel,Manual,Second,19.0,93.0,FIAT,LINEA EMOTION PACK (DIESEL)
Hyderabad,2015,169000,Diesel,Manual,First,14.0,93.0,MAHINDRA,XYLO D4
Hyderabad,2013,67263,Petrol,Manual,First,18.0,67.0,MARUTI,WAGON R VXI
Kochi,2012,44223,Petrol,Manual,First,17.0,88.0,TOYOTA,ETIOS G SAFETY
Coimbatore,2015,36840,Petrol,Manual,First,18.0,82.0,HYUNDAI,GRAND I10 SPORTZ
Pune,2014,160000,Diesel,Manual,First,12.0,100.0,TOYOTA,INNOVA 2.5 VX (DIESEL) 8 SEATER BS IV
Kolkata,2008,133000,Diesel,Manual,First,16.0,62.0,TATA,INDICA V2 DLS TC
Mumbai,2015,69123,Diesel,Automatic,First,18.0,184.0,BMW,3 SERIES 320D SPORT LINE
Delhi,2017,38000,Diesel,Automatic,First,10.0,197.0,FORD,ENDEAVOUR 3.2 TITANIUM AT 4X4
Mumbai,2017,5500,Petrol,Manual,First,21.0,103.0,MARUTI,CIAZ ZETA
Kolkata,2015,1001,Diesel,Manual,First,25.0,99.0,FORD,FIGO 1.5D TITANIUM PLUS MT
Pune,2007,59000,Petrol,Manual,Third,15.0,74.0,CHEVROLET,AVEO U-VA 1.2 LS
Delhi,2011,78256,Petrol,Automatic,First,16.0,118.0,HONDA,CITY 1.5 V AT
Chennai,2016,90000,Petrol,Manual,First,16.0,97.0,NISSAN,SUNNY XL
Kolkata,2016,18000,Petrol,Manual,First,19.0,85.0,MARUTI,SWIFT DZIRE VXI
Kolkata,2012,60000,Diesel,Manual,First,20.0,68.0,FORD,FIGO DIESEL TITANIUM
Jaipur,2011,130000,Diesel,Manual,First,20.0,75.0,FIAT,GRANDE PUNTO 1.3 EMOTION (DIESEL)
Coimbatore,2018,32851,Petrol,Manual,First,18.0,81.0,HYUNDAI,ELITE I20 PETROL ASTA
Kolkata,2014,32000,Diesel,Manual,First,23.0,74.0,MARUTI,SWIFT DZIRE VDI
Hyderabad,2014,62700,Diesel,Manual,First,22.0,89.0,FORD,ECOSPORT 1.5 DV5 MT TITANIUM
Jaipur,2010,71000,Diesel,Manual,First,19.0,73.0,MARUTI,SWIFT DZIRE VDI
Kochi,2016,19947,Petrol,Manual,First,18.0,82.0,HYUNDAI,GRAND I10 SPORTZ
Hyderabad,2012,91000,Diesel,Automatic,First,11.0,153.0,FORD,ENDEAVOUR 3.0L 4X4 AT
Hyderabad,2014,74000,Diesel,Manual,First,22.0,73.0,VOLKSWAGEN,POLO DIESEL HIGHLINE 1.2L
Kochi,2018,55594,Diesel,Manual,First,18.0,100.0,MAHINDRA,TUV 300 2015-2019 MHAWK100 T8
Hyderabad,2013,58000,Diesel,Automatic,First,11.0,306.0,BMW,X6 XDRIVE 40D
Hyderabad,2012,110224,Diesel,Manual,First,19.0,108.0,RENAULT,DUSTER 110PS DIESEL RXZ
Ahmedabad,2010,21002,Petrol,Manual,First,22.0,67.0,MARUTI,WAGON R LXI
Pune,2017,121000,Diesel,Manual,First,24.0,88.0,MARUTI,ERTIGA SHVS VDI
Jaipur,2010,73513,Petrol,Manual,First,19.0,46.0,MARUTI,ALTO LXI BSIII
Jaipur,2015,34000,Petrol,Automatic,First,20.0,67.0,MARUTI,WAGON R AMT VXI OPTION
Coimbatore,2017,28371,Petrol,Manual,First,15.0,73.0,MARUTI,EECO 7 SEATER STANDARD
Kochi,2013,74755,Diesel,Manual,First,19.0,108.0,RENAULT,DUSTER 110PS DIESEL RXL
Kochi,2011,25805,Petrol,Manual,First,18.0,64.0,MARUTI,ZEN ESTILO 1.1 LX BSIII
Kochi,2015,82603,Petrol,Manual,First,13.0,102.0,RENAULT,DUSTER PETROL RXL
Chennai,2006,110000,Petrol,Manual,First,13.0,130.0,HONDA,CIVIC 2006-2010 1.8 S MT
Delhi,2012,88000,Diesel,Manual,First,16.0,140.0,MAHINDRA,XUV500 W8 2WD
Chennai,2011,110000,Diesel,Manual,Second,21.0,64.0,MAHINDRA,VERITO 1.5 D6 BSIV
Delhi,2017,15000,Petrol,Manual,First,21.0,67.0,RENAULT,KWID CLIMBER 1.0 MT
Mumbai,2013,70000,Diesel,Automatic,First,15.0,240.0,PORSCHE,CAYENNE DIESEL
Pune,2008,150000,Diesel,Manual,Second,28.0,74.0,MARUTI,SWIFT DDIS VDI
Hyderabad,2016,19000,Petrol,Manual,First,20.0,67.0,DATSUN,GO T OPTION
Chennai,2011,37442,Petrol,Manual,First,18.0,80.0,HYUNDAI,I20 1.2 MAGNA
Coimbatore,2016,63111,Diesel,Automatic,Second,18.0,190.0,BMW,5 SERIES 2013-2017 520D LUXURY LINE
Mumbai,2012,88000,Diesel,Manual,First,20.0,88.0,MARUTI,ERTIGA ZDI
Jaipur,2014,42355,Petrol,Manual,First,18.0,82.0,HYUNDAI,GRAND I10 MAGNA
Coimbatore,2011,75871,Petrol,Automatic,First,9.0,254.0,BMW,3 SERIES 330I
Mumbai,2011,65000,Diesel,Manual,First,17.0,163.0,CHEVROLET,CRUZE LTZ
Pune,2015,69000,Diesel,Automatic,First,0.0,165.0,MERCEDES-BENZ,M-CLASS ML 350 4MATIC
Jaipur,2011,79232,Diesel,Manual,First,21.0,73.0,MARUTI,RITZ LDI
Pune,2007,220000,Petrol,Automatic,Second,11.0,186.0,MERCEDES-BENZ,NEW C-CLASS C 200 KOMPRESSOR ELEGANCE AT
Kochi,2016,28470,Petrol,Manual,First,18.0,81.0,HYUNDAI,I20 1.2 MAGNA EXECUTIVE
Kolkata,2014,9759,Petrol,Manual,First,20.0,68.0,HYUNDAI,EON 1.0 KAPPA MAGNA PLUS OPTIONAL
Pune,2014,75216,Diesel,Manual,First,22.0,74.0,MARUTI,SWIFT VDI
Chennai,2017,8000,Petrol,Manual,First,18.0,81.0,HYUNDAI,I20 SPORTZ 1.2
Mumbai,2014,59451,Petrol,Manual,First,18.0,85.0,MARUTI,RITZ ZXI
Hyderabad,2013,53996,Diesel,Manual,First,22.0,74.0,MARUTI,SWIFT VDI
Kochi,2018,15135,Petrol,Manual,First,17.0,88.0,HONDA,WRV I-VTEC VX
Chennai,2015,53000,Petrol,Automatic,Second,16.0,81.0,HYUNDAI,XCENT 1.2 KAPPA AT S OPTION
Kolkata,2013,40000,Petrol,Manual,First,18.0,86.0,HONDA,AMAZE E I-VTECH
Pune,2013,21107,Petrol,Manual,First,17.0,121.0,HYUNDAI,VERNA 1.6 SX VTVT (O)
Mumbai,2014,56000,Petrol,Manual,First,16.0,116.0,HONDA,CITY V MT
Coimbatore,2017,19623,Petrol,Manual,First,15.0,121.0,HYUNDAI,CRETA 1.6 SX PLUS DUAL TONE PETROL
Kochi,2014,70963,Diesel,Manual,First,15.0,140.0,MAHINDRA,XUV500 W8 2WD
Mumbai,2013,25755,CNG,Manual,First,26.0,58.0,MARUTI,WAGON R LXI CNG
Mumbai,2013,51450,Diesel,Manual,First,12.0,102.0,TOYOTA,INNOVA 2.5 V DIESEL 7-SEATER
Pune,2012,75000,Diesel,Manual,First,22.0,74.0,MARUTI,SWIFT VDI
Coimbatore,2017,37832,Petrol,Automatic,First,22.0,67.0,MARUTI,WAGON R VXI AMT
Coimbatore,2016,43041,Petrol,Manual,First,18.0,81.0,HYUNDAI,GRAND I10 1.2 KAPPA ASTA
Hyderabad,2014,97236,Diesel,Manual,First,25.0,98.0,HONDA,AMAZE VX I-DTEC
Chennai,2010,83000,Diesel,Automatic,First,16.0,181.0,BMW,3 SERIES 320D HIGHLINE
Delhi,2011,65000,Petrol,Manual,First,15.0,70.0,FORD,FIGO PETROL TITANIUM
Kochi,2018,46007,Petrol,Manual,First,17.0,73.0,VOLKSWAGEN,AMEO 1.2 MPI TRENDLINE
Kochi,2015,65925,Diesel,Manual,Second,22.0,89.0,FORD,ECOSPORT 1.5 DV5 MT TREND
Pune,2004,73500,Petrol,Manual,Second,13.0,90.0,HONDA,CITY 1.3 EXI
Kolkata,2014,55000,Diesel,Manual,First,16.0,140.0,MAHINDRA,XUV500 W6 2WD
Delhi,2012,115000,Diesel,Manual,First,13.0,168.0,TOYOTA,FORTUNER 4X2 MANUAL
Kolkata,2017,31184,Petrol,Manual,First,18.0,81.0,HYUNDAI,GRAND I10 1.2 KAPPA MAGNA
Pune,2017,41747,Diesel,Automatic,First,28.0,73.0,MARUTI,DZIRE AMT ZDI PLUS
Kochi,2016,38143,Diesel,Manual,First,22.0,74.0,MARUTI,SWIFT VDI
Pune,2012,19030,Petrol,Manual,First,16.0,73.0,VOLKSWAGEN,POLO PETROL HIGHLINE 1.2L
Coimbatore,2019,20877,Petrol,Manual,First,18.0,78.0,TOYOTA,ETIOS LIVA 1.2 VX DUAL TONE
Mumbai,2016,23555,Petrol,Manual,First,22.0,81.0,MARUTI,SWIFT VXI
Bangalore,2013,29000,Diesel,Automatic,First,14.0,203.0,MERCEDES-BENZ,E-CLASS 2009-2013 E250 CDI ELEGANCE
Pune,2013,61000,Petrol,Manual,First,18.0,67.0,MARUTI,WAGON R VXI
Kochi,2012,4187,Petrol,Manual,First,26.0,35.0,TATA,NANO LX BSIV
Bangalore,2011,46000,Petrol,Manual,First,13.0,157.0,SKODA,LAURA 1.8 TSI AMBIENTE
Mumbai,2016,28000,Petrol,Automatic,First,17.0,103.0,VOLKSWAGEN,POLO GT TSI
Coimbatore,2014,83558,Diesel,Manual,First,22.0,126.0,HYUNDAI,VERNA 1.6 SX
Hyderabad,2017,40000,Diesel,Manual,First,22.0,74.0,TATA,BOLT QUADRAJET XE
Kolkata,2013,36000,Petrol,Manual,First,21.0,55.0,HYUNDAI,EON D LITE PLUS
Bangalore,2014,21000,Diesel,Automatic,First,17.0,174.0,AUDI,A4 2.0 TDI 177 BHP PREMIUM PLUS
Kochi,2013,62162,Diesel,Manual,First,12.0,100.0,TOYOTA,INNOVA 2.5 GX (DIESEL) 7 SEATER
Hyderabad,2012,83000,Diesel,Automatic,First,11.0,254.0,MERCEDES-BENZ,M-CLASS ML 350 CDI
Pune,2015,58000,Diesel,Manual,First,24.0,71.0,HYUNDAI,XCENT 1.1 CRDI S
Kochi,2011,62332,Petrol,Automatic,First,11.0,177.0,HONDA,ACCORD 2.4 AT
Kochi,2016,50867,Diesel,Manual,First,20.0,103.0,VOLKSWAGEN,VENTO 1.5 TDI HIGHLINE
Mumbai,2010,73000,Petrol,Manual,First,17.0,80.0,HYUNDAI,I20 SPORTZ PETROL
Jaipur,2012,98008,Diesel,Manual,First,22.0,126.0,HYUNDAI,ELANTRA CRDI SX
Hyderabad,2015,36000,Diesel,Manual,First,20.0,68.0,FORD,FIGO DIESEL TITANIUM
Kochi,2019,27339,Petrol,Manual,First,18.0,81.0,HYUNDAI,I20 1.2 MAGNA EXECUTIVE
Kolkata,2017,25000,Diesel,Manual,First,23.0,126.0,HYUNDAI,VERNA 1.6 CRDI SX
Kolkata,2014,37000,Petrol,Manual,First,18.0,82.0,HYUNDAI,GRAND I10 ASTA
Hyderabad,2015,56000,Diesel,Automatic,First,14.0,174.0,AUDI,Q5 2.0 TDI
Kolkata,2015,27000,Petrol,Manual,First,17.0,85.0,MARUTI,SWIFT DZIRE ZXI
Kolkata,2012,37000,Petrol,Manual,First,18.0,80.0,HYUNDAI,I20 MAGNA
Kolkata,2017,10500,Diesel,Manual,First,25.0,77.0,MAHINDRA,KUV 100 MFALCON D75 K4 PLUS 5STR
Ahmedabad,2014,49000,Diesel,Automatic,First,18.0,126.0,HYUNDAI,ELANTRA 1.6 SX OPTION AT
Mumbai,2017,7000,Diesel,Manual,First,17.0,170.0,JEEP,COMPASS 2.0 LIMITED OPTION BLACK
Coimbatore,2017,71256,Diesel,Manual,First,24.0,88.0,MARUTI,VITARA BREZZA VDI OPTION
Kochi,2012,83184,Petrol,Manual,First,14.0,138.0,TOYOTA,COROLLA ALTIS 1.8 GL
Kolkata,2013,87284,Diesel,Manual,First,15.0,140.0,MAHINDRA,XUV500 W8 2WD
Mumbai,2016,7000,Diesel,Automatic,First,20.0,190.0,BMW,X1 XDRIVE 20D XLINE
Pune,2015,29000,Diesel,Manual,Second,22.0,88.0,HYUNDAI,I20 MAGNA 1.4 CRDI
Coimbatore,2017,33552,Diesel,Automatic,First,11.0,254.0,MERCEDES-BENZ,GLE 350D
Bangalore,2013,64000,Diesel,Manual,Second,17.0,163.0,CHEVROLET,CRUZE LTZ
Jaipur,2011,82000,Petrol,Manual,Second,18.0,80.0,HYUNDAI,I20 1.2 MAGNA
Mumbai,2012,70000,Petrol,Manual,Second,19.0,86.0,HONDA,BRIO S MT
Hyderabad,2013,166194,Diesel,Manual,First,19.0,84.0,NISSAN,EVALIA 2013 XL
Delhi,2015,58000,Petrol,Manual,First,16.0,73.0,VOLKSWAGEN,POLO PETROL TRENDLINE 1.2L
Chennai,2010,77000,Petrol,Manual,Second,20.0,78.0,HYUNDAI,I10 SPORTZ 1.2
Pune,2009,73204,Diesel,Automatic,Third,18.0,147.0,CHEVROLET,CRUZE LTZ AT
Hyderabad,2007,70000,Petrol,Manual,Second,19.0,68.0,HYUNDAI,I10 ERA
Delhi,2014,79870,Diesel,Manual,First,20.0,88.0,MARUTI,ERTIGA VDI
Delhi,2013,90000,Diesel,Manual,First,25.0,98.0,HONDA,AMAZE S I-DTECH
Mumbai,2016,17000,Petrol,Automatic,First,15.0,122.0,MERCEDES-BENZ,A CLASS A180 SPORT
Kochi,2018,46493,Petrol,Manual,First,18.0,81.0,HYUNDAI,GRAND I10 1.2 KAPPA MAGNA
Pune,2009,68000,Petrol,Manual,Third,20.0,78.0,HYUNDAI,I10 SPORTZ 1.2
Hyderabad,2017,2000,Diesel,Manual,First,28.0,74.0,MARUTI,SWIFT DDIS ZDI PLUS
Pune,1999,140000,Petrol,Manual,First,13.0,90.0,HONDA,CITY 1.3 EXI
Pune,2013,255000,Diesel,Manual,Third,12.0,100.0,TOYOTA,INNOVA 2.5 GX (DIESEL) 7 SEATER
Coimbatore,2014,45535,Diesel,Automatic,First,23.0,112.0,MINI,COOPER COUNTRYMAN D HIGH
Coimbatore,2016,39228,Petrol,Manual,First,15.0,112.0,FIAT,LINEA T-JET ACTIVE
Mumbai,2011,57000,Petrol,Manual,Second,14.0,92.0,CHEVROLET,AVEO 1.4 LT
Chennai,2008,85445,Petrol,Manual,Second,19.0,68.0,HYUNDAI,I10 ERA 1.1
Delhi,2015,54000,Diesel,Manual,First,24.0,71.0,HYUNDAI,XCENT 1.1 CRDI BASE
Mumbai,2014,53000,Petrol,Automatic,First,23.0,67.0,MARUTI,CELERIO VXI AT
Jaipur,2014,60000,Petrol,Manual,First,20.0,78.0,HYUNDAI,I10 SPORTZ
Coimbatore,2015,65668,Diesel,Manual,First,19.0,83.0,RENAULT,DUSTER 85PS DIESEL RXL
Ahmedabad,2011,100000,Diesel,Automatic,Second,22.0,190.0,BMW,3 SERIES 320D
Kolkata,2018,1800,Petrol,Manual,First,18.0,82.0,HYUNDAI,GRAND I10 SPORTZ
Hyderabad,2007,96000,Petrol,Manual,Second,0.0,97.0,HYUNDAI,SANTRO DX
Pune,2009,44200,Petrol,Manual,Second,18.0,62.0,CHEVROLET,SPARK 1.0 LS
Ahmedabad,2018,14000,Petrol,Manual,First,17.0,117.0,HONDA,CITY I VTEC VX OPTION
Chennai,2013,720000,Diesel,Manual,First,20.0,103.0,VOLKSWAGEN,VENTO DIESEL HIGHLINE
Delhi,2012,73000,Diesel,Automatic,First,11.0,169.0,TOYOTA,FORTUNER 4X2 4 SPEED AT
Delhi,2011,68000,Petrol,Manual,First,17.0,118.0,HONDA,CITY 1.5 S MT
Jaipur,2017,19543,Diesel,Automatic,First,18.0,190.0,BMW,5 SERIES 2013-2017 520D LUXURY LINE
Bangalore,2014,38000,Diesel,Automatic,Second,14.0,174.0,AUDI,Q5 30 TDI QUATTRO PREMIUM PLUS
Delhi,2014,32805,Diesel,Manual,First,23.0,73.0,MARUTI,RITZ LDI
Kochi,2016,44782,Diesel,Automatic,First,21.0,103.0,VOLKSWAGEN,VENTO 1.5 TDI HIGHLINE AT
Kochi,2016,55700,Diesel,Manual,First,26.0,98.0,HONDA,CITY I DTEC SV
Delhi,2012,60000,Diesel,Automatic,Second,15.0,140.0,AUDI,A4 NEW 2.0 TDI MULTITRONIC
Hyderabad,2014,56000,Petrol,Manual,First,15.0,103.0,SKODA,RAPID 1.6 MPI ELEGANCE
Delhi,2011,60000,Diesel,Manual,First,11.0,171.0,TOYOTA,FORTUNER 3.0 DIESEL
Mumbai,2010,78563,Diesel,Manual,First,16.0,123.0,CHEVROLET,OPTRA MAGNUM 2.0 LT BS3
Mumbai,2014,34669,Petrol,Manual,First,15.0,73.0,MARUTI,EECO 7 SEATER STANDARD
Delhi,2017,17000,Petrol,Manual,First,20.0,91.0,MARUTI,CIAZ ZXI
Delhi,2016,66000,Diesel,Manual,First,28.0,88.0,MARUTI,CIAZ VDI PLUS SHVS
Pune,2014,102418,Diesel,Manual,First,12.0,100.0,TOYOTA,INNOVA 2.5 LE 2014 DIESEL 7 SEATER
Kolkata,2014,48800,Petrol,Manual,First,19.0,85.0,MARUTI,SWIFT DZIRE VXI
Kochi,2019,10601,Diesel,Automatic,First,11.0,171.0,TOYOTA,INNOVA CRYSTA 2.8 GX AT
Pune,2017,8200,Diesel,Manual,First,25.0,69.0,TATA,INDICA V2 ELX
Jaipur,2012,100000,Petrol,Manual,First,18.0,82.0,HYUNDAI,I20 MAGNA
Pune,2012,78000,Diesel,Manual,First,17.0,68.0,FORD,FIESTA 1.4 DURATORQ ZXI
Kolkata,2015,50000,Diesel,Manual,First,18.0,73.0,CHEVROLET,ENJOY 1.3 TCDI LS 8
Chennai,2006,89327,Diesel,Manual,Third,17.0,68.0,FORD,FIESTA 1.4 DURATORQ EXI
Chennai,2007,98000,Petrol,Manual,Second,10.0,152.0,HONDA,CR-V 2.4 MT
Kochi,2017,24700,Petrol,Manual,First,18.0,88.0,HONDA,JAZZ 1.2 VX I VTEC
Delhi,2018,6000,Diesel,Automatic,First,11.0,258.0,MERCEDES-BENZ,GLS 350D GRAND EDITION
Delhi,2018,9434,Petrol,Manual,First,18.0,81.0,HYUNDAI,GRAND I10 1.2 KAPPA SPORTZ
Mumbai,2012,29000,Petrol,Manual,First,18.0,85.0,MARUTI,RITZ VXI
Coimbatore,2017,22440,Diesel,Automatic,First,22.0,108.0,VOLKSWAGEN,AMEO 1.5 TDI HIGHLINE AT
Mumbai,2015,73070,Petrol,Manual,First,17.0,117.0,HONDA,CITY I VTEC SV
Kolkata,2016,21771,Petrol,Manual,First,18.0,88.0,HONDA,JAZZ 1.2 S I VTEC
Delhi,2014,62000,Diesel,Manual,First,17.0,75.0,MARUTI,SWIFT LDI BSIV
Kochi,2017,37024,Diesel,Automatic,First,17.0,126.0,HYUNDAI,CRETA 1.6 CRDI AT SX PLUS
Kochi,2014,60336,Diesel,Automatic,Second,14.0,241.0,AUDI,A7 2011-2015 3.0 TDI QUATTRO
Kolkata,2014,26008,Petrol,Manual,First,21.0,55.0,HYUNDAI,EON D LITE PLUS
Jaipur,2010,90000,Diesel,Manual,Second,20.0,68.0,FORD,FIGO DIESEL EXI
Coimbatore,2018,35569,Petrol,Manual,First,17.0,73.0,VOLKSWAGEN,AMEO 1.2 MPI HIGHLINE
Kolkata,2013,40000,Diesel,Manual,First,21.0,84.0,RENAULT,SCALA DIESEL RXL
Kolkata,2015,45000,Petrol,Manual,First,18.0,88.0,HONDA,JAZZ 1.2 V I VTEC
Delhi,2015,42000,Petrol,Manual,First,17.0,80.0,HYUNDAI,I20 1.2 SPORTZ
Coimbatore,2012,46913,Diesel,Automatic,First,14.0,241.0,AUDI,A4 3.0 TDI QUATTRO PREMIUM
Delhi,2014,62000,Diesel,Automatic,First,11.0,184.0,MAHINDRA,SSANGYONG REXTON RX7
Ahmedabad,2017,15000,Diesel,Automatic,First,12.0,174.0,TOYOTA,FORTUNER 2.8 2WD AT
Kolkata,2002,69000,Diesel,Manual,First,18.0,66.0,SKODA,OCTAVIA CLASSIC 1.9 TDI MT
Hyderabad,2012,41367,Diesel,Automatic,First,15.0,170.0,MERCEDES-BENZ,NEW C-CLASS 250 CDI CLASSIC
Kochi,2018,15982,Petrol,Manual,First,20.0,91.0,MARUTI,CIAZ 1.4 ZETA
Hyderabad,2013,99595,Diesel,Manual,Second,22.0,74.0,MARUTI,SWIFT ZDI
Bangalore,2002,63000,Diesel,Manual,Third,13.0,75.0,TOYOTA,QUALIS FS B3
Delhi,2012,49000,Diesel,Automatic,Second,16.0,218.0,BMW,5 SERIES 2007-2010 525D SEDAN
Kochi,2013,48272,Diesel,Manual,First,10.0,116.0,MITSUBISHI,PAJERO 2.8 SFX BSIII DUAL TONE
Delhi,2008,63000,Petrol,Manual,First,13.0,125.0,TOYOTA,COROLLA H2
Ahmedabad,2016,77000,CNG,Manual,First,26.0,58.0,MARUTI,WAGON R LXI CNG
Mumbai,2013,11734,Petrol,Manual,First,16.0,34.0,MARUTI,OMNI E MPI STD BS IV
Kochi,2014,62012,Diesel,Automatic,First,17.0,174.0,AUDI,A6 2011-2015 2.0 TDI
Chennai,2017,46000,CNG,Manual,First,25.0,81.0,HYUNDAI,XCENT 1.2 KAPPA S OPTION CNG
Coimbatore,2016,45449,Diesel,Manual,First,27.0,98.0,HONDA,JAZZ 1.5 S I DTEC
Mumbai,2004,85000,Petrol,Automatic,Second,10.0,157.0,MERCEDES-BENZ,E-CLASS 200 KOMPRESSOR ELEGANCE
Jaipur,2005,88000,Petrol,Manual,Second,13.0,100.0,HONDA,CITY 1.5 EXI
Kochi,2013,45330,Diesel,Automatic,First,16.0,147.0,AUDI,A4 2.0 TDI
Mumbai,2012,88000,Petrol,Manual,First,19.0,85.0,MARUTI,SWIFT DZIRE VXI
Delhi,2016,45376,Diesel,Manual,First,28.0,73.0,MARUTI,DZIRE VDI
Pune,2014,81000,Diesel,Manual,First,15.0,140.0,MAHINDRA,XUV500 W8 4WD
Kochi,2012,83381,Petrol,Manual,First,18.0,79.0,CHEVROLET,BEAT LT
Kochi,2017,78526,Diesel,Manual,First,23.0,98.0,FORD,ECOSPORT 1.5 DIESEL TITANIUM PLUS
Coimbatore,2017,27313,Diesel,Automatic,First,14.0,258.0,BMW,5 SERIES 2013-2017 530D M SPORT
Coimbatore,2015,42747,Diesel,Automatic,Second,14.0,174.0,AUDI,Q5 30 TDI QUATTRO PREMIUM PLUS
Coimbatore,2015,42265,Diesel,Automatic,Second,20.0,190.0,BMW,X1 SDRIVE 20D XLINE
Mumbai,2009,21000,Petrol,Automatic,First,19.0,80.0,HYUNDAI,I10 MAGNA AT
Ahmedabad,2016,55100,Diesel,Automatic,First,17.0,126.0,HYUNDAI,CRETA 1.6 CRDI AT SX PLUS
Chennai,2014,70000,Diesel,Automatic,First,17.0,174.0,AUDI,A4 2.0 TDI 177 BHP PREMIUM PLUS
Mumbai,2007,55000,Petrol,Automatic,Third,10.0,364.0,MERCEDES-BENZ,S CLASS 2005 2013 S 350 L
Kolkata,2012,58235,Petrol,Manual,First,20.0,78.0,HYUNDAI,I10 MAGNA
Mumbai,2017,26000,Diesel,Manual,First,23.0,98.0,FORD,ECOSPORT 1.5 DIESEL TITANIUM
Kolkata,2011,35000,Diesel,Manual,First,20.0,103.0,VOLKSWAGEN,VENTO DIESEL HIGHLINE
Jaipur,2017,24000,Diesel,Manual,First,28.0,73.0,MARUTI,DZIRE ZDI PLUS
Ahmedabad,2016,98000,Diesel,Manual,First,15.0,120.0,MAHINDRA,SCORPIO 1.99 S10
Coimbatore,2016,44487,Diesel,Manual,First,22.0,88.0,HYUNDAI,I20 ASTA 1.4 CRDI
Chennai,2008,65000,Petrol,Manual,First,19.0,46.0,MARUTI,ALTO LXI
Delhi,2015,34951,Petrol,Manual,Second,20.0,78.0,HYUNDAI,I10 MAGNA
Kolkata,2015,52373,Diesel,Manual,Second,15.0,120.0,MAHINDRA,SCORPIO S6 7 SEATER
Hyderabad,2010,66285,Diesel,Manual,First,19.0,75.0,SKODA,FABIA 1.2L DIESEL CLASSIC
Mumbai,2012,66000,Diesel,Automatic,First,15.0,258.0,BMW,X5 XDRIVE 30D
Hyderabad,2016,43000,Diesel,Manual,First,27.0,98.0,HONDA,JAZZ 1.5 S I DTEC
Mumbai,2013,45200,Diesel,Automatic,First,10.0,170.0,MERCEDES-BENZ,E-CLASS 2009-2013 E 220 CDI AVANTGARDE
Mumbai,2016,41000,Diesel,Automatic,First,16.0,140.0,MAHINDRA,XUV500 AT W10 FWD
Kochi,2017,39430,Petrol,Automatic,First,18.0,117.0,HONDA,CITY I VTEC CVT SV
Coimbatore,2014,83274,Diesel,Manual,First,22.0,74.0,MARUTI,SWIFT VDI
Coimbatore,2017,32324,Diesel,Automatic,First,14.0,170.0,MERCEDES-BENZ,NEW C-CLASS 220 CDI AT
Mumbai,2011,49999,Petrol,Manual,First,17.0,118.0,HONDA,CITY 1.5 S MT
Bangalore,2014,66000,Diesel,Manual,First,15.0,83.0,TATA,SUMO EX
Delhi,2012,54000,Petrol,Manual,First,18.0,82.0,HYUNDAI,I20 MAGNA
Jaipur,2009,80000,Diesel,Manual,Second,20.0,91.0,FIAT,LINEA 1.3 DYNAMIC
Bangalore,2011,72000,Petrol,Automatic,Second,12.0,130.0,HONDA,CIVIC 2006-2010 1.8 V AT
Pune,2017,44865,Diesel,Manual,First,19.0,126.0,HYUNDAI,CRETA 1.6 SX PLUS DIESEL
Delhi,2017,22000,Diesel,Automatic,Second,20.0,143.0,AUDI,A3 35 TDI TECHNOLOGY
Delhi,2013,57478,Petrol,Manual,Second,17.0,121.0,HYUNDAI,VERNA VTVT 1.6 SX OPTION
Hyderabad,2011,75000,Diesel,Manual,First,21.0,90.0,HYUNDAI,I20 1.4 CRDI MAGNA
Kochi,2015,50624,Diesel,Manual,First,24.0,98.0,HONDA,MOBILIO S I DTEC
Bangalore,2018,75000,Diesel,Automatic,First,22.0,126.0,HYUNDAI,VERNA 1.6 SX CRDI (O) AT
Chennai,2006,87000,Petrol,Manual,Second,15.0,101.0,FORD,FIESTA 1.6 ZXI DURATEC
Mumbai,2010,62000,Petrol,Manual,First,20.0,78.0,HYUNDAI,I10 SPORTZ 1.2
Hyderabad,2016,41372,Diesel,Manual,First,24.0,88.0,MARUTI,VITARA BREZZA ZDI
Ahmedabad,2015,70000,Diesel,Manual,First,12.0,100.0,TOYOTA,INNOVA 2.5 VX (DIESEL) 7 SEATER
Pune,2017,35000,Diesel,Automatic,First,17.0,136.0,MERCEDES-BENZ,GLA CLASS 200 D SPORT
Hyderabad,2006,71993,Petrol,Manual,First,19.0,46.0,MARUTI,ALTO LXI BSIII
Chennai,2013,62000,Diesel,Automatic,Second,14.0,170.0,MERCEDES-BENZ,NEW C-CLASS C 220 CDI ELEGANCE AT
Delhi,2015,51000,Diesel,Manual,First,22.0,74.0,MARUTI,SWIFT LDI
Kochi,2016,26038,Petrol,Manual,First,18.0,82.0,HYUNDAI,GRAND I10 SPORTZ
Kochi,2018,37713,Diesel,Automatic,Second,12.0,168.0,TOYOTA,FORTUNER 4X4 AT
Kolkata,2011,78088,Petrol,Manual,First,12.0,132.0,TOYOTA,INNOVA 2.0 GX 8 STR
Kochi,2017,30453,Diesel,Manual,First,22.0,98.0,FORD,ECOSPORT 1.5 TDCI TITANIUM
Pune,2016,54000,Petrol,Manual,First,18.0,86.0,FORD,FIGO 1.2P TITANIUM MT
Chennai,2011,190000,Diesel,Manual,First,11.0,171.0,TOYOTA,FORTUNER 3.0 DIESEL
Hyderabad,2012,65097,Petrol,Manual,First,19.0,85.0,MARUTI,SWIFT DZIRE VXI
Coimbatore,2018,28060,Petrol,Automatic,First,12.0,320.0,BMW,7 SERIES 740LI
Pune,2012,282000,Petrol,Manual,First,13.0,160.0,SKODA,SUPERB 1.8 TSI MT
Jaipur,2009,111000,Petrol,Manual,Second,18.0,67.0,MARUTI,WAGON R LXI MINOR
Kochi,2013,63295,Diesel,Manual,First,19.0,108.0,RENAULT,DUSTER 110PS DIESEL RXZ
Mumbai,2015,35770,Petrol,Manual,First,20.0,91.0,MARUTI,CIAZ VXI PLUS
Hyderabad,2012,125928,Diesel,Manual,First,22.0,126.0,HYUNDAI,ELANTRA CRDI SX
Kolkata,2015,45000,Diesel,Automatic,First,21.0,103.0,SKODA,RAPID 1.5 TDI AT ELEGANCE
Hyderabad,2013,21000,Diesel,Automatic,First,14.0,170.0,MERCEDES-BENZ,NEW C-CLASS C 220 CDI ELEGANCE AT
Mumbai,2011,54774,Petrol,Automatic,First,11.0,177.0,HONDA,ACCORD 2.4 A/T
Chennai,2014,41123,Petrol,Manual,First,23.0,67.0,MARUTI,CELERIO VXI
Bangalore,2017,17465,Petrol,Automatic,First,12.0,320.0,BMW,7 SERIES 740LI
Chennai,2014,48000,Diesel,Automatic,First,22.0,190.0,BMW,3 SERIES 320D SPORT
Chennai,2011,173000,Diesel,Manual,First,20.0,103.0,VOLKSWAGEN,VENTO DIESEL TRENDLINE
Pune,2018,12000,Diesel,Manual,First,23.0,74.0,MARUTI,SWIFT DZIRE TOUR LDI
Mumbai,2012,34000,Diesel,Automatic,First,12.0,147.0,LAND,ROVER FREELANDER 2 SE
Hyderabad,2012,71360,Diesel,Manual,First,21.0,90.0,HYUNDAI,I20 1.4 CRDI MAGNA
Mumbai,2012,74000,Diesel,Manual,Second,28.0,73.0,MARUTI,DZIRE VDI
Kochi,2018,28937,Diesel,Manual,First,17.0,170.0,JEEP,COMPASS 2.0 LONGITUDE
Hyderabad,2012,82085,Diesel,Manual,First,20.0,88.0,MARUTI,ERTIGA VDI
Bangalore,2011,68465,Petrol,Manual,First,15.0,70.0,FORD,FIGO PETROL ZXI
Coimbatore,2013,63854,Diesel,Manual,First,21.0,86.0,TOYOTA,COROLLA ALTIS 1.4 DG
Chennai,2018,3000,Diesel,Automatic,First,24.0,88.0,MARUTI,VITARA BREZZA ZDI PLUS AMT DUAL TONE
Delhi,2009,65055,Petrol,Manual,First,17.0,118.0,HONDA,CITY 1.5 S MT
Hyderabad,2015,120000,Diesel,Manual,First,15.0,120.0,MAHINDRA,SCORPIO S10 4WD
Mumbai,2014,64241,Petrol,Manual,First,20.0,81.0,HYUNDAI,XCENT 1.2 VTVT SX
Pune,2001,121000,Diesel,Manual,First,15.0,97.0,MERCEDES-BENZ,E-CLASS 220 CDI
Pune,2008,2200,Petrol,Manual,First,15.0,75.0,MAHINDRA,RENAULT LOGAN 1.4 GLX PETROL
Pune,2008,88123,Diesel,Manual,First,18.0,66.0,SKODA,OCTAVIA 1.9 TDI
Pune,2014,79000,Diesel,Automatic,First,12.0,224.0,MERCEDES-BENZ,GL-CLASS 2007 2012 350 CDI LUXURY
Bangalore,2016,28143,Diesel,Automatic,First,20.0,190.0,BMW,X1 SDRIVE 20D XLINE
Mumbai,2015,23001,Petrol,Manual,First,15.0,103.0,VOLKSWAGEN,VENTO 2013-2015 1.6 COMFORTLINE
Ahmedabad,2013,82002,Diesel,Automatic,Second,16.0,147.0,AUDI,A4 2.0 TDI
Bangalore,2009,75000,Diesel,Manual,First,13.0,68.0,FORD,IKON 1.4 TDCI DURATORQ
Kochi,2016,37451,Diesel,Manual,First,22.0,126.0,HYUNDAI,VERNA 1.6 CRDI EX MT
Hyderabad,2017,67000,Diesel,Manual,First,13.0,147.0,TOYOTA,INNOVA CRYSTA 2.4 VX MT
Pune,2016,25000,Petrol,Manual,First,18.0,82.0,HYUNDAI,GRAND I10 ASTA OPTION
Mumbai,2017,12000,Petrol,Manual,First,17.0,73.0,VOLKSWAGEN,AMEO 1.2 MPI COMFORTLINE
Kolkata,2017,25000,Petrol,Manual,First,25.0,53.0,RENAULT,KWID RXT
Jaipur,2011,95936,Petrol,Manual,First,17.0,118.0,HONDA,CITY 1.5 S MT
Kochi,2018,5354,Petrol,Automatic,First,18.0,81.0,HYUNDAI,GRAND I10 1.2 KAPPA MAGNA AT
Chennai,2016,42000,Petrol,Manual,Second,18.0,75.0,VOLKSWAGEN,POLO 1.0 MPI COMFORTLINE
Coimbatore,2014,44282,Diesel,Manual,First,25.0,74.0,MARUTI,SWIFT VDI BSIV
Delhi,2012,70000,Diesel,Manual,First,21.0,84.0,NISSAN,SUNNY 2011-2014 DIESEL XV
Mumbai,2013,31400,Diesel,Automatic,First,16.0,187.0,JAGUAR,XF 2.2 LITRE LUXURY
Pune,2016,50000,Diesel,Manual,First,28.0,88.0,MARUTI,CIAZ ZDI SHVS
Bangalore,2011,53000,Diesel,Automatic,First,12.0,167.0,AUDI,Q5 2008-2012 2.0 TDI
Pune,2014,21727,Petrol,Manual,First,15.0,70.0,FORD,FIGO PETROL ZXI
Bangalore,2012,43000,Diesel,Automatic,Second,11.0,194.0,HYUNDAI,SANTA FE 4X4 AT
Kolkata,2013,75000,Diesel,Manual,First,12.0,120.0,MAHINDRA,SCORPIO VLX 2WD AIRBAG BSIV
Bangalore,2014,73557,Diesel,Manual,First,19.0,108.0,RENAULT,DUSTER 110PS DIESEL RXL
Delhi,2012,44555,Diesel,Automatic,First,15.0,140.0,AUDI,A4 NEW 2.0 TDI MULTITRONIC
Coimbatore,2013,54885,Petrol,Manual,First,15.0,73.0,MARUTI,EECO 7 SEATER STANDARD
Mumbai,2011,76000,Diesel,Manual,Second,14.0,112.0,MAHINDRA,XYLO E4
Jaipur,2006,101000,Petrol,Manual,Second,18.0,67.0,MARUTI,WAGON R LXI
Chennai,2005,66000,Petrol,Manual,First,14.0,64.0,MARUTI,WAGON R LXI BSIII
Coimbatore,2013,84360,Petrol,Manual,First,15.0,103.0,MARUTI,SX4 ZXI MT BSIV
Mumbai,2016,25121,Diesel,Manual,First,13.0,147.0,TOYOTA,INNOVA CRYSTA 2.4 VX MT
Pune,2015,100000,Diesel,Manual,Second,12.0,100.0,TOYOTA,INNOVA 2.5 G (DIESEL) 7 SEATER
Kolkata,2011,66035,Diesel,Manual,First,22.0,73.0,VOLKSWAGEN,POLO DIESEL TRENDLINE 1.2L
Pune,2015,190000,Petrol,Manual,Second,16.0,88.0,TOYOTA,ETIOS G
Hyderabad,2014,85670,Diesel,Manual,First,22.0,89.0,FORD,ECOSPORT 1.5 DV5 MT TITANIUM
Hyderabad,2015,35000,Diesel,Manual,First,24.0,70.0,HYUNDAI,GRAND I10 CRDI MAGNA
Mumbai,2016,8000,Petrol,Automatic,First,18.0,117.0,HONDA,CITY I VTEC CVT SV
Hyderabad,2007,162000,Diesel,Manual,Second,12.0,102.0,TOYOTA,INNOVA 2.5 G3
Kolkata,2012,60000,Petrol,Manual,First,21.0,55.0,HYUNDAI,EON ERA PLUS
Hyderabad,2010,70600,Petrol,Manual,First,20.0,78.0,HYUNDAI,I10 MAGNA 1.2
Bangalore,2011,25000,Petrol,Automatic,Second,12.0,185.0,MERCEDES-BENZ,E-CLASS 2009-2013 E 200 CGI ELEGANCE
Hyderabad,2012,75000,Diesel,Manual,First,15.0,62.0,MAHINDRA,BOLERO SLE
Coimbatore,2014,85071,Diesel,Automatic,First,20.0,138.0,SKODA,LAURA AMBITION 2.0 TDI CR AT
Ahmedabad,2015,40000,Petrol,Manual,First,20.0,81.0,MARUTI,SWIFT ZXI
Delhi,2013,67000,Diesel,Automatic,First,16.0,147.0,AUDI,A4 2.0 TDI
Hyderabad,2009,55000,Diesel,Manual,Second,17.0,68.0,FORD,FIESTA 1.4 SXI TDCI ABS
Mumbai,2008,62000,Petrol,Manual,Second,15.0,104.0,MARUTI,SX4 VXI BSIII
Coimbatore,2017,22526,Petrol,Automatic,First,18.0,82.0,HYUNDAI,GRAND I10 AT ASTA
Hyderabad,2012,57788,Petrol,Automatic,First,17.0,85.0,MARUTI,RITZ AT
Jaipur,2013,72000,Diesel,Manual,First,10.0,120.0,MAHINDRA,SCORPIO 2.6 CRDE
Mumbai,2014,83128,Diesel,Manual,First,15.0,120.0,MAHINDRA,SCORPIO S4 7 SEATER
Chennai,2011,75000,Petrol,Manual,First,19.0,46.0,MARUTI,ALTO LXI
Ahmedabad,2013,58000,Diesel,Manual,Second,19.0,108.0,RENAULT,DUSTER 110PS DIESEL RXZ
Hyderabad,2009,26000,Diesel,Manual,First,0.0,97.0,MAHINDRA,JEEP MM 550 PE
Mumbai,2017,1000,Petrol,Manual,First,20.0,81.0,MARUTI,IGNIS 1.2 ALPHA
Kochi,2015,59751,Diesel,Manual,First,12.0,100.0,TOYOTA,INNOVA 2.5 ZX DIESEL 7 SEATER
Kochi,2015,29966,Diesel,Automatic,Second,16.0,261.0,BMW,7 SERIES 730LD EMINENCE
Kolkata,2009,65000,Diesel,Manual,Second,13.0,142.0,HYUNDAI,SONATA EMBERA 2.0L CRDI MT
Kochi,2015,75863,Diesel,Manual,First,19.0,108.0,RENAULT,DUSTER ADVENTURE EDITION
Mumbai,2013,54000,CNG,Manual,First,33.0,67.0,MARUTI,WAGON R CNG LXI
Bangalore,2014,24000,Diesel,Automatic,First,17.0,174.0,AUDI,A4 2.0 TDI 177 BHP TECHNOLOGY EDITION
Coimbatore,2018,33218,Diesel,Manual,First,17.0,170.0,JEEP,COMPASS 2.0 LONGITUDE
Kolkata,2015,33425,Petrol,Manual,First,17.0,105.0,HYUNDAI,VERNA 1.4 VTVT
Pune,2013,47000,Petrol,Manual,First,18.0,86.0,HONDA,AMAZE VX I-VTECH
Chennai,2015,41000,Diesel,Manual,First,19.0,126.0,HYUNDAI,CRETA 1.6 CRDI SX OPTION
Delhi,2011,62000,Petrol,Manual,First,19.0,68.0,HYUNDAI,I10 MAGNA 1.1
Delhi,2016,47035,Diesel,Manual,First,18.0,100.0,MAHINDRA,TUV 300 T8
Pune,2008,56230,Petrol,Manual,Second,17.0,85.0,MARUTI,SWIFT DZIRE VXI
Chennai,2007,55000,Petrol,Manual,First,13.0,94.0,HYUNDAI,ACCENT GLE 1
Jaipur,2014,70669,Diesel,Manual,First,15.0,140.0,MAHINDRA,XUV500 W8 2WD
Pune,2012,69000,Petrol,Manual,First,20.0,67.0,MARUTI,ALTO K10 2010-2014 VXI
Pune,2011,65000,Petrol,Manual,Second,18.0,79.0,CHEVROLET,BEAT LT
Mumbai,2009,30000,Diesel,Automatic,First,12.0,179.0,AUDI,A6 2.7 TDI
Hyderabad,2017,2000,Diesel,Automatic,First,20.0,113.0,MINI,COOPER 5 DOOR D
Pune,2011,24255,Petrol,Manual,First,16.0,97.0,MARUTI,SWIFT 1.3 LXI
Chennai,2015,40000,Petrol,Manual,First,17.0,88.0,TATA,ZEST REVOTRON 1.2T XMS
Kolkata,2014,40000,Diesel,Manual,First,26.0,98.0,HONDA,CITY I DTEC SV
Jaipur,2010,26000,Petrol,Manual,First,18.0,79.0,CHEVROLET,BEAT LT
Jaipur,2011,105000,Diesel,Automatic,Second,16.0,140.0,AUDI,A4 2.0 TDI MULTITRONIC
Kolkata,2015,2800,Diesel,Manual,First,26.0,99.0,FORD,ASPIRE TITANIUM PLUS DIESEL
Mumbai,2014,71000,Diesel,Automatic,Second,19.0,126.0,HYUNDAI,VERNA SX CRDI AT
Mumbai,2015,32896,Petrol,Automatic,First,18.0,117.0,HONDA,CITY I VTEC CVT VX
Hyderabad,2012,45000,Petrol,Manual,First,20.0,78.0,HYUNDAI,I10 SPORTZ 1.2
Bangalore,2015,65000,Diesel,Automatic,Second,18.0,190.0,BMW,X3 XDRIVE20D EXPEDITION
Mumbai,2013,45200,Diesel,Automatic,First,16.0,147.0,AUDI,A4 2.0 TDI
Hyderabad,2008,82167,Petrol,Automatic,First,10.0,152.0,HONDA,CR-V 2.4 AT
Coimbatore,2016,37429,Petrol,Manual,First,18.0,81.0,HYUNDAI,GRAND I10 1.2 KAPPA ASTA
Hyderabad,2016,46000,Diesel,Manual,First,28.0,88.0,MARUTI,CIAZ ZDI PLUS SHVS
Delhi,2011,67031,Petrol,Manual,First,17.0,117.0,HONDA,CITY I-VTEC V
Mumbai,2013,30000,Diesel,Automatic,First,9.0,313.0,BMW,6 SERIES 640D COUPE
Mumbai,2016,47691,Petrol,Automatic,First,23.0,67.0,MARUTI,CELERIO VXI AMT
Jaipur,2011,32531,Diesel,Automatic,Second,13.0,148.0,RENAULT,KOLEOS 2.0 DIESEL
Hyderabad,2013,71336,Diesel,Manual,First,20.0,68.0,FORD,FIGO DIESEL ZXI
Chennai,2006,196000,Diesel,Manual,First,12.0,102.0,TOYOTA,INNOVA 2.5 V DIESEL 7-SEATER
Kolkata,2015,28193,Diesel,Manual,First,28.0,73.0,MARUTI,DZIRE VDI
Coimbatore,2019,2526,Petrol,Automatic,First,19.0,362.0,MERCEDES-BENZ,SLC 43 AMG
Coimbatore,2004,52146,Petrol,Manual,First,0.0,97.0,HYUNDAI,SANTRO LP ZIPPLUS
Hyderabad,2013,85000,Diesel,Automatic,First,16.0,194.0,MERCEDES-BENZ,E-CLASS E 220 D
Ahmedabad,2015,20780,Petrol,Manual,First,18.0,81.0,HYUNDAI,GRAND I10 1.2 KAPPA SPORTZ
Mumbai,2014,43081,Petrol,Manual,First,17.0,117.0,HONDA,MOBILIO S I VTEC
Mumbai,2010,35000,Petrol,Automatic,Second,11.0,550.0,PORSCHE,CAYENNE TURBO S
Kolkata,2013,36000,Diesel,Manual,First,17.0,100.0,MAHINDRA,QUANTO C8
Mumbai,2007,67000,Petrol,Manual,Third,13.0,125.0,TOYOTA,COROLLA H5
Mumbai,2016,34079,Diesel,Manual,First,25.0,77.0,MAHINDRA,KUV 100 MFALCON D75 K4
Coimbatore,2010,77849,Petrol,Automatic,Second,10.0,215.0,BMW,3 SERIES 2005-2011 325I SEDAN
Jaipur,2013,86000,Petrol,Manual,First,22.0,47.0,MARUTI,ALTO 800 LXI
Pune,2015,110000,Diesel,Automatic,First,15.0,174.0,AUDI,Q3 35 TDI QUATTRO PREMIUM
Hyderabad,2015,116000,Diesel,Manual,Second,23.0,67.0,TOYOTA,ETIOS GD
Coimbatore,2016,41840,Diesel,Manual,First,15.0,140.0,MAHINDRA,XUV500 W8 2WD
Hyderabad,2015,19317,Diesel,Manual,First,13.0,168.0,TOYOTA,FORTUNER 4X2 MT TRD SPORTIVO
Pune,2014,41000,CNG,Manual,First,24.0,55.0,TATA,INDIGO CS EMAX CNG GLX
Kochi,2017,25601,Diesel,Automatic,First,17.0,201.0,MERCEDES-BENZ,GLE 250D
Jaipur,2015,83950,Diesel,Manual,First,19.0,126.0,HYUNDAI,CRETA 1.6 CRDI SX
Pune,2012,60000,Petrol,Automatic,First,16.0,118.0,HONDA,CITY 1.5 V AT
Hyderabad,2015,50000,Diesel,Automatic,First,17.0,174.0,AUDI,A4 35 TDI PREMIUM
Kolkata,2009,37000,Petrol,Manual,First,17.0,60.0,MARUTI,ZEN VXI
Hyderabad,2011,76976,Petrol,Manual,Second,19.0,46.0,MARUTI,ALTO LXI
Kochi,2018,21684,Petrol,Automatic,First,21.0,83.0,MARUTI,BALENO DELTA AUTOMATIC
Delhi,2015,62000,Diesel,Manual,First,16.0,140.0,MAHINDRA,XUV500 W10 2WD
Mumbai,2007,1261,Petrol,Manual,First,19.0,94.0,FORD,FREESTYLE TITANIUM PETROL
Coimbatore,2017,59450,Petrol,Manual,First,18.0,81.0,HYUNDAI,ELITE I20 ASTA OPTION
Coimbatore,2018,24465,Diesel,Automatic,First,19.0,167.0,MERCEDES-BENZ,NEW C-CLASS C 220D AVANTGARDE EDITION C
Delhi,2014,55000,Petrol,Manual,First,17.0,117.0,HONDA,CITY I VTEC SV
Mumbai,2017,2000,Petrol,Manual,First,18.0,110.0,FORD,ECOSPORT 1.5 TI VCT MT TITANIUM BE
Kochi,2017,25040,Petrol,Manual,First,21.0,83.0,MARUTI,BALENO ALPHA 1.2
Bangalore,2008,84000,Petrol,Manual,First,20.0,78.0,HYUNDAI,I10 SPORTZ
Pune,2007,170428,Diesel,Manual,Second,12.0,102.0,TOYOTA,INNOVA 2.5 G (DIESEL) 8 SEATER BS IV
Mumbai,2016,12573,Petrol,Manual,First,21.0,83.0,MARUTI,BALENO DELTA
Hyderabad,2012,88000,Diesel,Automatic,First,12.0,241.0,AUDI,Q7 3.0 TDI QUATTRO TECHNOLOGY
Delhi,2012,86000,Diesel,Automatic,Second,13.0,194.0,HYUNDAI,SANTA FE 2WD AT
Coimbatore,2012,51019,Petrol,Manual,First,0.0,97.0,HYUNDAI,SANTRO GLS I - EURO II
Mumbai,2013,45000,Petrol,Manual,First,17.0,118.0,HONDA,CITY 1.5 V MT EXCLUSIVE
Jaipur,2012,51000,Diesel,Manual,First,21.0,90.0,HYUNDAI,I20 1.4 CRDI MAGNA
Pune,2007,92000,Diesel,Manual,First,13.0,63.0,MAHINDRA,BOLERO SLE BSIII
Pune,2017,29000,Diesel,Automatic,First,12.0,174.0,TOYOTA,FORTUNER 2.8 2WD AT
Bangalore,2009,70521,Petrol,Automatic,Second,10.0,215.0,BMW,3 SERIES 2005-2011 325I SEDAN
Kolkata,2010,51000,Diesel,Automatic,First,16.0,181.0,BMW,3 SERIES 320D SEDAN
Hyderabad,2012,52618,Petrol,Manual,First,18.0,67.0,MARUTI,WAGON R LXI
Delhi,2013,68000,Diesel,Manual,First,25.0,88.0,MARUTI,ERTIGA ZDI
Kochi,2016,29022,Diesel,Automatic,Second,15.0,177.0,LAND,ROVER RANGE ROVER EVOQUE 2.0 TD4 PURE
Chennai,2017,80000,Diesel,Manual,First,24.0,88.0,MARUTI,ERTIGA SHVS VDI
Chennai,2016,78000,Diesel,Manual,Second,25.0,69.0,TATA,INDIGO CS EVX
Pune,2012,100000,Petrol,Manual,First,20.0,67.0,MARUTI,ALTO K10 LXI
Coimbatore,2015,31412,Petrol,Manual,First,21.0,55.0,HYUNDAI,EON D LITE PLUS
Mumbai,2010,78000,Diesel,Automatic,Second,11.0,153.0,FORD,ENDEAVOUR 3.0L 4X4 AT
Hyderabad,2018,14000,Diesel,Automatic,First,12.0,158.0,FORD,ENDEAVOUR 2.2 TITANIUM AT 4X2
Bangalore,2011,80000,Diesel,Manual,First,20.0,103.0,VOLKSWAGEN,VENTO DIESEL HIGHLINE
Mumbai,2014,46738,Petrol,Automatic,First,19.0,91.0,MARUTI,CIAZ AT ZXI
Coimbatore,2013,54884,Petrol,Manual,Second,21.0,55.0,HYUNDAI,EON D LITE PLUS
Delhi,2012,74500,Diesel,Automatic,Second,14.0,174.0,AUDI,Q5 2.0 TDI PREMIUM PLUS
Coimbatore,2016,67472,Diesel,Manual,First,16.0,140.0,MAHINDRA,XUV500 W10 AWD
Hyderabad,2013,84000,Diesel,Manual,First,28.0,74.0,MARUTI,SWIFT VDI
Kolkata,2011,77400,Diesel,Manual,First,21.0,73.0,MARUTI,RITZ VDI
Mumbai,2017,14470,Diesel,Automatic,First,19.0,201.0,MERCEDES-BENZ,NEW C-CLASS C 250 CDI AVANTGARDE
Kolkata,2014,52108,Diesel,Manual,First,19.0,108.0,RENAULT,DUSTER 110PS DIESEL RXZ
Kolkata,2013,40000,Petrol,Manual,First,19.0,85.0,MARUTI,SWIFT DZIRE VXI
Jaipur,2014,105044,Diesel,Manual,First,12.0,100.0,TOYOTA,INNOVA 2.5 VX (DIESEL) 7 SEATER
Delhi,2016,24347,Petrol,Manual,First,15.0,121.0,HYUNDAI,CRETA 1.6 SX OPTION
Ahmedabad,2014,58000,Diesel,Manual,First,21.0,88.0,MARUTI,SX4 ZDI
Kochi,2014,49663,Diesel,Manual,First,15.0,140.0,MAHINDRA,XUV500 W8 2WD
Mumbai,2017,17000,Petrol,Automatic,First,18.0,117.0,HONDA,CITY I-VTEC CVT VX
Kochi,2016,13418,Diesel,Automatic,First,16.0,187.0,JAGUAR,XF 2.2 LITRE LUXURY
Pune,2008,117080,Diesel,Manual,Third,17.0,68.0,FORD,FIESTA 1.4 SXI TDCI ABS
Mumbai,2010,74000,Petrol,Automatic,First,10.0,150.0,BMW,5 SERIES 523I SEDAN
Hyderabad,2010,86514,Diesel,Manual,First,17.0,97.0,MARUTI,SWIFT VDI BSIV W ABS
Coimbatore,2014,66882,Diesel,Automatic,First,17.0,174.0,AUDI,A6 2011-2015 2.0 TDI PREMIUM PLUS
Kochi,2014,41460,Petrol,Manual,First,18.0,86.0,HONDA,BRIO 1.2 VX MT
Mumbai,2011,57000,Petrol,Automatic,First,16.0,118.0,HONDA,CITY 1.5 V AT
Bangalore,2015,34010,Petrol,Manual,Third,16.0,73.0,VOLKSWAGEN,POLO PETROL COMFORTLINE 1.2L
Pune,2010,96813,Diesel,Manual,Second,12.0,120.0,MAHINDRA,SCORPIO SLE BSIII
Mumbai,2011,84000,Petrol,Manual,First,16.0,116.0,HONDA,CITY V MT
Kochi,2013,50004,Petrol,Manual,First,15.0,103.0,SKODA,RAPID 1.6 MPI ELEGANCE
Coimbatore,2016,67995,Diesel,Manual,First,16.0,140.0,MAHINDRA,XUV500 W6 2WD
Chennai,2012,55000,Diesel,Manual,First,15.0,105.0,VOLKSWAGEN,JETTA 2007-2011 2.0 TDI TRENDLINE
Hyderabad,2017,14900,Petrol,Automatic,First,21.0,83.0,MARUTI,BALENO ALPHA AUTOMATIC
Jaipur,2013,70961,Diesel,Manual,First,25.0,98.0,HONDA,AMAZE EX I-DTECH
Mumbai,2015,40194,Petrol,Manual,First,15.0,103.0,VOLKSWAGEN,VENTO 1.6 HIGHLINE
Hyderabad,2015,96000,Petrol,Manual,First,22.0,47.0,MARUTI,ALTO 800 LXI
Mumbai,2017,35000,Diesel,Automatic,First,18.0,255.0,LAND,ROVER DISCOVERY HSE LUXURY 3.0 TD6
Delhi,2015,50000,Petrol,Automatic,First,18.0,117.0,HONDA,CITY I VTEC CVT VX
Mumbai,2014,50000,Diesel,Manual,First,19.0,108.0,NISSAN,TERRANO XL 110 PS
Mumbai,2008,26299,Petrol,Manual,First,19.0,46.0,MARUTI,ALTO LXI
Bangalore,2015,150386,Diesel,Manual,First,14.0,174.0,TOYOTA,FORTUNER 2.8 4WD MT
Kolkata,2012,60000,Diesel,Manual,First,21.0,90.0,HYUNDAI,I20 1.4 CRDI MAGNA
Hyderabad,2013,65000,Diesel,Manual,First,20.0,68.0,FORD,FIGO DIESEL TITANIUM
Ahmedabad,2017,80000,Diesel,Manual,First,24.0,88.0,MARUTI,VITARA BREZZA ZDI PLUS
Chennai,2012,92000,Diesel,Manual,Third,22.0,126.0,HYUNDAI,VERNA 1.6 SX
Mumbai,2016,13000,Petrol,Automatic,First,12.0,152.0,HYUNDAI,TUCSON 2.0 DUAL VTVT 2WD AT GL
Coimbatore,2013,73278,Diesel,Manual,First,21.0,73.0,MARUTI,RITZ VDI
Mumbai,2011,38000,Petrol,Automatic,First,10.0,132.0,AUDI,A4 2.0 TFSI
Kochi,2016,46936,Diesel,Automatic,First,13.0,204.0,MERCEDES-BENZ,E-CLASS E250 CDI LAUNCH EDITION
Jaipur,2015,55000,Diesel,Manual,First,19.0,83.0,RENAULT,DUSTER 85PS DIESEL RXE
Mumbai,2014,19000,Petrol,Automatic,First,15.0,86.0,HONDA,AMAZE S AT I-VTECH
Coimbatore,2016,42259,Diesel,Automatic,First,9.0,181.0,VOLVO,S60 D4 SUMMUM
Mumbai,2011,14000,Petrol,Manual,Second,17.0,85.0,MARUTI,SWIFT DZIRE 1.2 LXI BSIV
Kolkata,2016,16956,Petrol,Manual,First,22.0,67.0,MARUTI,WAGON R VXI
Coimbatore,2017,15473,Petrol,Manual,First,16.0,34.0,MARUTI,OMNI MPI STD BSIV
Delhi,2011,75000,Diesel,Manual,First,21.0,88.0,MARUTI,SX4 VDI
Ahmedabad,2013,96000,Diesel,Manual,Second,23.0,90.0,FORD,FIESTA TITANIUM 1.5 TDCI
Delhi,2015,25000,Petrol,Automatic,First,19.0,158.0,TOYOTA,CAMRY HYBRID
Mumbai,2010,38000,Petrol,Manual,Second,22.0,67.0,MARUTI,WAGON R VXI
Bangalore,2005,54000,Diesel,Automatic,First,11.0,198.0,MERCEDES-BENZ,E-CLASS E270 CDI
Jaipur,2018,4131,Petrol,Automatic,First,21.0,83.0,MARUTI,BALENO ZETA AUTOMATIC
Hyderabad,2016,31700,Petrol,Manual,First,18.0,88.0,HONDA,JAZZ 1.2 VX I VTEC
Pune,2017,66988,Diesel,Automatic,First,15.0,120.0,MAHINDRA,SCORPIO S10 AT 4WD
Mumbai,2014,54230,Petrol,Manual,First,16.0,74.0,VOLKSWAGEN,POLO 1.2 MPI TRENDLINE
Kolkata,2015,35000,Petrol,Manual,First,17.0,80.0,HYUNDAI,I20 1.2 ERA
Mumbai,2010,62714,Petrol,Automatic,First,12.0,164.0,TOYOTA,CAMRY W4 (AT)
Hyderabad,2015,45295,Petrol,Manual,First,18.0,67.0,MARUTI,WAGON R VXI
Pune,2018,7000,Diesel,Automatic,First,18.0,190.0,BMW,5 SERIES 2013-2017 520D M SPORT
Chennai,2016,57000,Petrol,Automatic,First,24.0,67.0,MARUTI,ALTO K10 VXI AGS
Delhi,2013,40100,Diesel,Automatic,First,14.0,170.0,MERCEDES-BENZ,NEW C-CLASS 220 CDI AT
Delhi,2013,56000,Petrol,Manual,First,24.0,47.0,MARUTI,ALTO 800 2016-2019 LXI
Mumbai,2012,15000,Petrol,Manual,First,18.0,85.0,MARUTI,SWIFT VXI
Kolkata,2014,14000,Petrol,Manual,First,18.0,82.0,CHEVROLET,SAIL HATCHBACK 1.2 LS ABS
Ahmedabad,2009,68000,Diesel,Manual,Second,23.0,90.0,HYUNDAI,I20 ASTA 1.4 CRDI (DIESEL)
Delhi,2012,83000,Diesel,Automatic,First,11.0,163.0,SKODA,SUPERB 2.5 TDI AT
Kochi,2013,81504,Diesel,Manual,First,21.0,87.0,TOYOTA,COROLLA ALTIS D-4D G
Hyderabad,2015,73500,Diesel,Manual,First,13.0,168.0,TOYOTA,FORTUNER 4X2 MANUAL
Pune,2013,52900,Petrol,Automatic,First,14.0,103.0,SKODA,RAPID 1.6 MPI AT ELEGANCE
Mumbai,2017,20000,Petrol,Automatic,First,16.0,86.0,HONDA,BRIO 1.2 VX AT
Jaipur,2011,46000,Petrol,Manual,First,16.0,73.0,VOLKSWAGEN,POLO PETROL COMFORTLINE 1.2L
Delhi,2010,65000,Petrol,Manual,First,16.0,73.0,VOLKSWAGEN,POLO PETROL COMFORTLINE 1.2L
Pune,2007,42000,Petrol,Manual,Third,18.0,67.0,MARUTI,ZEN ESTILO LXI BSIII
Kochi,2016,36681,Diesel,Manual,First,23.0,67.0,TOYOTA,ETIOS CROSS 1.4L GD
Ahmedabad,2014,67000,Diesel,Manual,Second,15.0,140.0,MAHINDRA,XUV500 W8 2WD
Chennai,2016,18000,Petrol,Automatic,First,18.0,82.0,HYUNDAI,GRAND I10 AT ASTA
Kochi,2015,56409,Diesel,Manual,First,22.0,89.0,FORD,ECOSPORT 1.5 DV5 MT TITANIUM OPTIONAL
Mumbai,2016,65263,CNG,Manual,First,17.0,80.0,MARUTI,ERTIGA VXI CNG
Coimbatore,2018,20300,Petrol,Automatic,First,18.0,117.0,HONDA,CITY I-VTEC CVT ZX
Kolkata,2010,45008,Petrol,Manual,First,17.0,118.0,HONDA,CITY 1.5 V MT
Kochi,2017,21799,Petrol,Manual,First,23.0,67.0,MARUTI,CELERIO ZXI MT
Pune,2011,57328,Petrol,Manual,First,15.0,103.0,VOLKSWAGEN,VENTO PETROL HIGHLINE
Hyderabad,2017,35358,Diesel,Automatic,First,11.0,171.0,TOYOTA,INNOVA CRYSTA 2.8 ZX AT
Delhi,2009,46946,Petrol,Manual,Second,18.0,80.0,HYUNDAI,I20 MAGNA
Kolkata,2012,39772,Diesel,Manual,First,23.0,73.0,MARUTI,RITZ VDI
Delhi,2014,58000,Diesel,Automatic,First,17.0,174.0,AUDI,A6 2011-2015 2.0 TDI PREMIUM PLUS
Bangalore,2014,52000,Petrol,Manual,First,13.0,102.0,RENAULT,DUSTER PETROL RXL
Hyderabad,2008,152000,Petrol,Manual,Second,13.0,130.0,HONDA,CIVIC 2006-2010 1.8 V MT
Jaipur,2016,42700,Petrol,Manual,First,23.0,84.0,TATA,TIAGO 1.2 REVOTRON XT
Hyderabad,2014,60000,Diesel,Automatic,First,16.0,147.0,AUDI,A4 2.0 TDI
Coimbatore,2015,33195,Petrol,Manual,First,19.0,85.0,MARUTI,SWIFT DZIRE VXI
Hyderabad,2010,110000,Diesel,Manual,First,14.0,174.0,TOYOTA,FORTUNER 2.8 4WD MT
Mumbai,2016,52000,Diesel,Automatic,First,15.0,203.0,MERCEDES-BENZ,M-CLASS ML 250 CDI
Kochi,2015,64399,Diesel,Manual,First,21.0,90.0,HYUNDAI,I20 MAGNA 1.4 CRDI
Mumbai,2015,55000,Petrol,Manual,First,21.0,81.0,MARUTI,WAGON R VXI 1.2
Bangalore,2012,50000,Diesel,Manual,First,20.0,103.0,VOLKSWAGEN,VENTO DIESEL HIGHLINE
Kolkata,2014,33485,Petrol,Manual,First,19.0,85.0,MARUTI,SWIFT DZIRE VXI
Kolkata,2015,32000,Diesel,Manual,First,20.0,91.0,FIAT,LINEA EMOTION (DIESEL)
Bangalore,2009,71400,Petrol,Manual,Third,17.0,118.0,HONDA,CITY 1.5 V MT
Hyderabad,2016,41713,Diesel,Manual,First,19.0,126.0,HYUNDAI,CRETA 1.6 SX PLUS DIESEL
Hyderabad,2017,46000,Diesel,Manual,First,25.0,98.0,HONDA,CITY I-DTEC ZX
Hyderabad,2015,52950,Petrol,Manual,First,14.0,35.0,MARUTI,OMNI 8 SEATER BSIV
Chennai,2015,29500,Petrol,Manual,First,20.0,81.0,MARUTI,SWIFT LXI OPTION
Coimbatore,2012,63888,Diesel,Automatic,First,14.0,224.0,MERCEDES-BENZ,M-CLASS ML 350 CDI CORPORATE
Ahmedabad,2016,60000,Petrol,Manual,First,24.0,47.0,MARUTI,ALTO 800 2016-2019 LXI
Delhi,2010,59196,Petrol,Manual,Second,15.0,70.0,FORD,FIGO PETROL TITANIUM
Hyderabad,2016,121362,Diesel,Manual,First,13.0,147.0,TOYOTA,INNOVA CRYSTA 2.4 G MT
Mumbai,2013,78000,Diesel,Automatic,First,18.0,177.0,BMW,5 SERIES 2003-2012 520D
Bangalore,2015,59000,Diesel,Automatic,First,13.0,194.0,HYUNDAI,SANTA FE 4WD AT
Ahmedabad,2012,95000,Diesel,Automatic,Second,22.0,190.0,BMW,5 SERIES 520D LUXURY LINE
Hyderabad,2010,84000,Diesel,Manual,Second,17.0,68.0,FORD,FIESTA EXI 1.4 TDCI LTD
Bangalore,2012,58253,Diesel,Manual,Second,23.0,97.0,TOYOTA,ETIOS GD
Coimbatore,2014,64557,Diesel,Automatic,Second,12.0,187.0,LAND,ROVER RANGE ROVER 2.2L PRESTIGE
Pune,2012,24500,Petrol,Manual,Second,18.0,97.0,TOYOTA,ETIOS LIVA V
Kolkata,2009,68078,Petrol,Manual,First,19.0,46.0,MARUTI,ALTO LX
Jaipur,2009,149706,Diesel,Manual,First,11.0,171.0,TOYOTA,FORTUNER 3.0 DIESEL
Pune,2004,215750,Diesel,Manual,Second,0.0,97.0,TOYOTA,QUALIS RS E2
Mumbai,2013,25984,Petrol,Manual,First,15.0,110.0,FORD,ECOSPORT 1.5 TI VCT MT TITANIUM
Mumbai,2017,15544,Petrol,Manual,First,21.0,83.0,MARUTI,BALENO SIGMA 1.2
Mumbai,2015,34000,Diesel,Automatic,First,23.0,112.0,MINI,COOPER COUNTRYMAN D HIGH
Mumbai,2013,24000,Petrol,Automatic,First,17.0,121.0,HYUNDAI,VERNA 1.6 VTVT EX AT
Pune,2011,95000,Diesel,Manual,Third,20.0,68.0,FORD,FIGO DIESEL TITANIUM
Pune,2014,52000,Diesel,Manual,Second,25.0,98.0,HONDA,AMAZE S I-DTECH
Pune,2012,135000,Diesel,Manual,First,19.0,108.0,RENAULT,DUSTER 110PS DIESEL RXZ
Delhi,2017,39000,Diesel,Manual,First,23.0,98.0,FORD,ECOSPORT 1.5 DIESEL TITANIUM
Jaipur,2013,45306,Diesel,Automatic,Second,11.0,241.0,BMW,X6 XDRIVE30D
Mumbai,2010,140000,Diesel,Manual,First,14.0,174.0,TOYOTA,FORTUNER 2.8 4WD MT
Pune,2010,55000,LPG,Manual,Second,13.0,62.0,HYUNDAI,SANTRO XING GLS LPG
Kochi,2015,67415,Diesel,Automatic,First,11.0,184.0,MAHINDRA,SSANGYONG REXTON RX7
Kolkata,2016,25562,Petrol,Manual,First,23.0,67.0,MARUTI,CELERIO VXI
Jaipur,2016,30292,Petrol,Manual,First,18.0,81.0,HYUNDAI,I20 SPORTZ 1.2
Bangalore,2014,84056,Petrol,Manual,First,18.0,123.0,FORD,ECOSPORT 1.0 ECOBOOST TITANIUM PLUS
Jaipur,2017,62691,Diesel,Manual,First,26.0,88.0,MARUTI,CIAZ VDI
Pune,2013,87000,Diesel,Automatic,First,17.0,174.0,AUDI,A4 2.0 TDI 177 BHP PREMIUM PLUS
Delhi,2015,52513,Petrol,Manual,First,18.0,86.0,HONDA,AMAZE S I-VTECH
Kochi,2016,43983,Petrol,Automatic,First,15.0,110.0,FORD,ECOSPORT 1.5 TI VCT AT TITANIUM
Hyderabad,2013,90121,Petrol,Manual,First,20.0,67.0,MARUTI,ALTO K10 2010-2014 VXI
Bangalore,2011,50000,Diesel,Automatic,Third,16.0,241.0,AUDI,A6 3.0 TDI QUATTRO
Kolkata,2011,42500,Diesel,Automatic,First,18.0,167.0,VOLKSWAGEN,PASSAT DIESEL HIGHLINE 2.0 TDI
Kochi,2016,62192,Diesel,Manual,First,28.0,74.0,MARUTI,SWIFT VDI
Chennai,2011,128000,Diesel,Manual,Third,19.0,65.0,MAHINDRA,LOGAN DIESEL 1.5 DLS
Kochi,2018,38394,Petrol,Manual,First,21.0,103.0,MARUTI,CIAZ ALPHA
Coimbatore,2013,37287,Petrol,Manual,First,26.0,35.0,TATA,NANO LX
Delhi,2011,60000,Petrol,Automatic,First,16.0,118.0,HONDA,CITY 1.5 V AT
Coimbatore,2017,39419,Petrol,Manual,First,18.0,86.0,FORD,FIGO 2015-2019 1.2P TREND MT
Delhi,2014,55000,Diesel,Manual,First,22.0,88.0,HYUNDAI,I20 SPORTZ 1.4 CRDI
Mumbai,2016,7000,Petrol,Manual,First,18.0,110.0,FORD,ECOSPORT 1.5 TI VCT MT TITANIUM BE
Hyderabad,2011,85000,Diesel,Automatic,First,16.0,147.0,AUDI,A4 2.0 TDI
Hyderabad,2013,51000,Diesel,Automatic,Second,20.0,143.0,BMW,1 SERIES 118D SPORT LINE
Bangalore,2012,90000,Diesel,Manual,Second,13.0,138.0,TATA,SAFARI DICOR 2.2 LX 4X2
Jaipur,2010,105000,Diesel,Manual,Second,12.0,120.0,MAHINDRA,SCORPIO VLX 4WD AIRBAG BSIV
Coimbatore,2017,36458,Petrol,Manual,First,15.0,121.0,HYUNDAI,CRETA 1.6 SX PLUS DUAL TONE PETROL
Chennai,2006,109000,Petrol,Manual,First,16.0,100.0,HONDA,CITY ZX VTEC
Delhi,2015,49000,Diesel,Automatic,First,17.0,184.0,BMW,X1 SDRIVE 20D SPORTLINE
Mumbai,2011,8000,Petrol,Automatic,First,9.0,97.0,PORSCHE,CAYMAN 2009-2012 S TIPTRONIC
Hyderabad,2010,45000,Diesel,Automatic,First,14.0,241.0,LAND,ROVER RANGE ROVER SPORT 2005 2012 HSE
Chennai,2008,68000,Petrol,Manual,Third,19.0,46.0,MARUTI,ALTO LXI BSIII
Mumbai,2011,54000,Petrol,Automatic,First,19.0,80.0,HYUNDAI,I10 ASTA SUNROOF AT
Delhi,2016,28000,Petrol,Automatic,First,14.0,149.0,HYUNDAI,ELANTRA 2.0 SX OPTION AT
Delhi,2016,38500,Diesel,Manual,Second,28.0,88.0,MARUTI,CIAZ RS ZDI PLUS SHVS
Coimbatore,2016,17738,Diesel,Automatic,First,15.0,258.0,BMW,X5 XDRIVE 30D
Kolkata,2012,67132,Diesel,Manual,First,13.0,78.0,CHEVROLET,TAVERA LT 9 STR BS IV
Mumbai,2011,47000,Diesel,Manual,First,20.0,108.0,VOLKSWAGEN,VENTO 1.5 TDI TRENDLINE
Mumbai,2015,28005,Petrol,Manual,First,17.0,117.0,HONDA,CITY I VTEC V
Kolkata,2017,13000,Petrol,Manual,First,20.0,81.0,MARUTI,SWIFT VXI BSIV
Kolkata,2012,67000,Diesel,Manual,First,19.0,138.0,VOLKSWAGEN,JETTA 2012-2014 2.0L TDI COMFORTLINE
Delhi,2015,50000,Petrol,Manual,First,18.0,81.0,HYUNDAI,I20 SPORTZ 1.2
Bangalore,2014,55000,Diesel,Manual,First,15.0,140.0,MAHINDRA,XUV500 W8 2WD
Coimbatore,2019,9312,Diesel,Automatic,First,18.0,258.0,MERCEDES-BENZ,E-CLASS E 350 D
Kolkata,2015,30458,Petrol,Manual,First,23.0,67.0,MARUTI,CELERIO LXI
Mumbai,2014,46000,Petrol,Manual,First,15.0,103.0,VOLKSWAGEN,VENTO 1.6 HIGHLINE
Pune,2011,50000,Petrol,Manual,Second,23.0,37.0,TATA,NANO XT
Delhi,2016,36676,CNG,Manual,First,25.0,81.0,HYUNDAI,XCENT 1.2 KAPPA S OPTION CNG
Chennai,2014,72563,Diesel,Manual,Second,22.0,98.0,FORD,ECOSPORT 1.5 TDCI TITANIUM
Pune,2015,67000,Petrol,Manual,First,16.0,97.0,MARUTI,SWIFT 1.3 VXI ABS
Coimbatore,2015,58239,Petrol,Automatic,First,14.0,149.0,HYUNDAI,ELANTRA 2.0 SX OPTION AT
Coimbatore,2015,57934,Diesel,Manual,First,18.0,73.0,CHEVROLET,ENJOY 1.3 TCDI LTZ 8
Chennai,2017,6500000,Diesel,Automatic,First,15.0,258.0,BMW,X5 XDRIVE 30D M SPORT
Jaipur,2015,63000,Diesel,Manual,First,20.0,88.0,VOLKSWAGEN,POLO 1.5 TDI HIGHLINE
Mumbai,2012,27014,Petrol,Manual,First,16.0,75.0,SKODA,FABIA 1.2 MPI AMBITION PLUS
Chennai,2012,90906,Diesel,Manual,First,20.0,103.0,VOLKSWAGEN,VENTO DIESEL COMFORTLINE
Hyderabad,2013,61202,Diesel,Automatic,First,11.0,184.0,MAHINDRA,SSANGYONG REXTON RX7
Mumbai,2014,51000,Diesel,Manual,First,19.0,83.0,NISSAN,TERRANO XL D OPTION
Ahmedabad,2016,88008,Diesel,Automatic,Second,12.0,174.0,TOYOTA,FORTUNER 2.8 2WD AT
Mumbai,2007,55000,Petrol,Manual,Second,16.0,97.0,MARUTI,SWIFT 1.3 VXI
Jaipur,2004,160000,Petrol,Automatic,Second,11.0,125.0,TOYOTA,COROLLA H4
Kochi,2012,42591,Petrol,Manual,First,20.0,78.0,HYUNDAI,I10 SPORTZ
Bangalore,2012,67000,Diesel,Manual,First,23.0,90.0,HYUNDAI,I20 1.4 CRDI SPORTZ
Pune,2014,48000,Diesel,Manual,Second,25.0,98.0,HONDA,AMAZE S I-DTECH
Jaipur,2014,97000,Diesel,Automatic,First,22.0,126.0,HYUNDAI,VERNA 1.6 SX CRDI (O) AT
Mumbai,2018,10000,Diesel,Automatic,First,17.0,136.0,MERCEDES-BENZ,GLA CLASS 200 D SPORT
Coimbatore,2015,56900,Diesel,Manual,First,20.0,88.0,VOLKSWAGEN,POLO 1.5 TDI TRENDLINE
Hyderabad,2006,74483,Petrol,Automatic,First,0.0,97.0,HYUNDAI,SANTRO AT
Kochi,2017,36152,Petrol,Automatic,First,21.0,83.0,MARUTI,BALENO ZETA AUTOMATIC
Hyderabad,2014,85512,Diesel,Manual,First,22.0,74.0,MARUTI,SWIFT VDI
Chennai,2013,234000,Diesel,Manual,Second,14.0,95.0,MAHINDRA,XYLO D2 BSIV
Bangalore,2013,36000,Diesel,Manual,Second,22.0,89.0,FORD,ECOSPORT 1.5 DV5 MT TREND
Delhi,2015,36096,Diesel,Manual,First,15.0,140.0,MAHINDRA,XUV500 W8 2WD
Hyderabad,2010,111111,Petrol,Manual,Second,18.0,79.0,CHEVROLET,BEAT LS
Bangalore,2012,73000,Petrol,Manual,First,17.0,121.0,HYUNDAI,VERNA 1.6 VTVT
Kolkata,2014,44300,Petrol,Manual,Second,18.0,82.0,HYUNDAI,GRAND I10 ASTA
Bangalore,2014,74500,Diesel,Manual,First,19.0,108.0,RENAULT,DUSTER 110PS DIESEL RXZ
Coimbatore,2016,21495,Petrol,Manual,First,19.0,81.0,HYUNDAI,XCENT 1.2 KAPPA S OPTION
Delhi,2012,59000,Petrol,Manual,First,20.0,78.0,HYUNDAI,I10 SPORTZ
Delhi,2016,23000,Petrol,Automatic,First,13.0,183.0,MERCEDES-BENZ,GLA CLASS 200 SPORT EDITION
Coimbatore,2008,50135,Diesel,Manual,First,15.0,170.0,MERCEDES-BENZ,NEW C-CLASS 220 CDI MT
Delhi,2016,25000,Petrol,Automatic,First,15.0,183.0,MERCEDES-BENZ,CLA 200 SPORT EDITION
Kolkata,2013,47000,Diesel,Manual,First,22.0,126.0,HYUNDAI,VERNA 1.6 SX CRDI (O)
Chennai,2016,150000,Diesel,Manual,First,14.0,93.0,MAHINDRA,XYLO D2 MAXX
Delhi,2015,53503,Diesel,Manual,First,26.0,74.0,MARUTI,SWIFT DZIRE LDI
Ahmedabad,2014,47003,Petrol,Manual,First,20.0,78.0,HYUNDAI,I10 SPORTZ
Delhi,2014,80000,Diesel,Manual,First,14.0,138.0,TATA,SAFARI STORME EXPLORER EDITION
Coimbatore,2018,20492,Petrol,Manual,First,18.0,82.0,HYUNDAI,GRAND I10 ASTA
Chennai,2012,17000,Petrol,Automatic,Second,16.0,189.0,MINI,COOPER CONVERTIBLE S
Delhi,2006,79000,Petrol,Manual,Second,13.0,125.0,TOYOTA,COROLLA H5
Kolkata,2014,27000,Petrol,Manual,First,14.0,138.0,TOYOTA,COROLLA ALTIS G MT
Kochi,2018,28786,Petrol,Manual,First,10.0,163.0,MARUTI,GRAND VITARA 2.4 MT
Chennai,2011,143354,Diesel,Manual,Second,16.0,140.0,MAHINDRA,XUV500 W8 1.99 MHAWK
Chennai,2008,56000,Petrol,Manual,Second,19.0,97.0,MARUTI,ESTILO LXI
Mumbai,2013,21000,Petrol,Automatic,First,17.0,189.0,MINI,COOPER 3 DOOR S
Pune,2014,29202,CNG,Manual,First,33.0,67.0,MARUTI,WAGON R CNG LXI
Jaipur,2009,73000,Diesel,Manual,Second,21.0,73.0,MARUTI,RITZ VDI
Delhi,2012,74000,Diesel,Manual,Second,22.0,73.0,VOLKSWAGEN,POLO DIESEL COMFORTLINE 1.2L
Kochi,2011,65423,Petrol,Manual,First,20.0,78.0,HYUNDAI,I10 MAGNA
Jaipur,2009,65000,Petrol,Manual,Second,19.0,66.0,MARUTI,A-STAR VXI
Hyderabad,2013,83875,CNG,Manual,Second,26.0,58.0,MARUTI,WAGON R LXI CNG
Hyderabad,2014,55277,Petrol,Manual,First,20.0,67.0,MARUTI,WAGON R STINGRAY LXI
Coimbatore,2017,50808,Diesel,Manual,Second,24.0,98.0,HONDA,MOBILIO S I DTEC
Jaipur,2017,52000,Petrol,Manual,Second,21.0,55.0,HYUNDAI,EON ERA PLUS
Mumbai,2017,32000,Petrol,Automatic,First,14.0,103.0,SKODA,RAPID 1.6 MPI AT AMBITION
Delhi,2017,25000,Diesel,Manual,First,28.0,88.0,MARUTI,CIAZ VDI PLUS SHVS
Coimbatore,2016,23218,Diesel,Automatic,First,15.0,203.0,MERCEDES-BENZ,M-CLASS ML 250 CDI
Pune,2010,84000,Diesel,Automatic,First,20.0,138.0,SKODA,LAURA ELEGANCE 2.0 TDI CR AT
Delhi,2017,40000,Diesel,Manual,First,24.0,88.0,MARUTI,VITARA BREZZA VDI OPTION
Hyderabad,2011,17000,LPG,Manual,First,13.0,62.0,HYUNDAI,SANTRO XING GLS LPG
Kolkata,2014,25135,Diesel,Manual,First,24.0,70.0,HYUNDAI,GRAND I10 CRDI SPORTZ
Delhi,2017,65000,Diesel,Manual,First,25.0,88.0,MARUTI,ERTIGA VDI
Ahmedabad,2013,40000,Petrol,Manual,First,17.0,80.0,HYUNDAI,I20 1.2 SPORTZ
Coimbatore,2018,24500,Diesel,Automatic,First,16.0,140.0,MAHINDRA,XUV500 AT W10 FWD
Kochi,2016,56674,Petrol,Automatic,First,13.0,157.0,SKODA,SUPERB ELEGANCE 1.8 TSI AT
Kochi,2016,51950,Petrol,Manual,First,20.0,91.0,MARUTI,CIAZ VXI PLUS
Kolkata,2016,51000,Diesel,Manual,First,19.0,126.0,HYUNDAI,CRETA 1.6 CRDI SX
Chennai,2012,150000,Diesel,Manual,Third,23.0,97.0,TOYOTA,ETIOS GD
Chennai,2008,114750,Petrol,Manual,Second,17.0,118.0,HONDA,CITY 1.5 S MT
Hyderabad,2016,107890,Diesel,Manual,First,13.0,157.0,FORD,ENDEAVOUR 2.2 TREND MT 4X4
Pune,2012,64000,Diesel,Manual,First,21.0,90.0,HYUNDAI,I20 2015-2017 1.4 MAGNA ABS
Kolkata,2016,21460,Petrol,Manual,First,17.0,121.0,FORD,ECOSPORT 1.5 PETROL TREND
Coimbatore,2015,29634,Petrol,Manual,Second,17.0,80.0,HYUNDAI,I20 1.2 SPORTZ
Ahmedabad,2008,52000,Petrol,Manual,First,16.0,88.0,MARUTI,SWIFT VXI BSIII
Hyderabad,2015,33000,Petrol,Automatic,First,19.0,88.0,HONDA,JAZZ V CVT
Kochi,2014,89230,Diesel,Manual,First,11.0,200.0,VOLVO,XC90 2007-2015 D5 AWD
Delhi,2016,27000,Petrol,Manual,First,21.0,83.0,MARUTI,BALENO ALPHA 1.2
Kochi,2017,72524,Diesel,Automatic,Second,17.0,136.0,MERCEDES-BENZ,GLA CLASS 200 CDI SPORT
Hyderabad,2016,73000,Petrol,Manual,First,25.0,53.0,RENAULT,KWID RXT
Coimbatore,2017,21740,Petrol,Manual,First,18.0,86.0,FORD,FIGO 2015-2019 1.2P TITANIUM OPT MT
Jaipur,2015,59000,Diesel,Manual,First,13.0,168.0,TOYOTA,FORTUNER 4X2 MANUAL
Chennai,2013,83432,Petrol,Manual,First,17.0,118.0,HONDA,CITY 1.5 S MT
Pune,2014,87200,Diesel,Manual,First,15.0,75.0,MAHINDRA,SCORPIO S2 7 SEATER
Hyderabad,2012,88000,Diesel,Automatic,First,13.0,170.0,BMW,3 SERIES 320D
Jaipur,2017,48324,Diesel,Manual,First,24.0,88.0,MARUTI,VITARA BREZZA ZDI PLUS
Delhi,2011,51000,Petrol,Automatic,First,11.0,186.0,MERCEDES-BENZ,NEW C-CLASS C 200 CGI ELEGANCE
Kolkata,2012,24000,Petrol,Manual,Second,17.0,121.0,HYUNDAI,VERNA 1.6 VTVT
Kochi,2017,20773,Diesel,Manual,First,24.0,73.0,HYUNDAI,GRAND I10 1.2 CRDI SPORTZ
Kolkata,2016,22000,Diesel,Manual,First,20.0,88.0,VOLKSWAGEN,POLO 1.5 TDI HIGHLINE
Kochi,2014,66355,Petrol,Manual,First,18.0,86.0,HONDA,AMAZE S I-VTECH
Pune,2007,115800,Petrol,Automatic,Third,10.0,152.0,HONDA,CR-V 2.4 AT
Ahmedabad,2014,41125,Petrol,Manual,First,17.0,62.0,HYUNDAI,SANTRO XING GL PLUS
Coimbatore,2017,43812,Diesel,Automatic,First,15.0,107.0,MERCEDES-BENZ,B CLASS B200 CDI
Delhi,2014,69876,Petrol,Manual,First,18.0,86.0,HONDA,AMAZE S I-VTECH
Pune,2014,102000,Diesel,Automatic,Second,12.0,168.0,TOYOTA,FORTUNER 4X2 AT
Pune,2011,68000,Petrol,Manual,First,17.0,121.0,HYUNDAI,VERNA 1.6 VTVT
Delhi,2016,12000,Diesel,Automatic,First,10.0,271.0,JAGUAR,XJ 3.0L PORTFOLIO
Mumbai,2013,25000,Diesel,Automatic,First,22.0,190.0,BMW,3 SERIES 320D
Jaipur,2013,51873,Diesel,Manual,First,21.0,88.0,HYUNDAI,I20 MAGNA 1.4 CRDI (DIESEL)
Chennai,2012,72500,Diesel,Manual,First,18.0,68.0,FORD,FIGO DIESEL EXI OPTION
Pune,2007,83000,Petrol,Manual,First,14.0,64.0,MARUTI,WAGON R LXI BSIII
Kolkata,2015,39871,Petrol,Manual,First,19.0,81.0,HYUNDAI,XCENT 1.2 KAPPA S OPTION
Chennai,2015,82000,Diesel,Manual,Second,14.0,118.0,MAHINDRA,XYLO H4
Coimbatore,2018,23152,Diesel,Automatic,First,19.0,167.0,MERCEDES-BENZ,NEW C-CLASS C 220D AVANTGARDE EDITION C
Kolkata,2007,71600,Petrol,Manual,Second,20.0,78.0,HYUNDAI,I10 MAGNA
Mumbai,2010,122000,Diesel,Manual,Second,11.0,171.0,TOYOTA,FORTUNER 3.0 DIESEL
Chennai,2016,29277,Petrol,Automatic,First,19.0,158.0,TOYOTA,CAMRY HYBRID
Kolkata,2011,60000,Diesel,Manual,First,20.0,68.0,FORD,FIGO DIESEL ZXI
Kolkata,2014,42000,Petrol,Manual,First,19.0,81.0,HYUNDAI,XCENT 1.2 KAPPA S OPTION
Kochi,2016,61823,Petrol,Manual,First,18.0,81.0,HYUNDAI,I20 SPORTZ 1.2
Jaipur,2012,53000,LPG,Manual,Second,19.0,68.0,HYUNDAI,I10 MAGNA LPG
Chennai,2015,75000,CNG,Manual,First,24.0,55.0,TATA,INDIGO CS EMAX CNG GLX
Hyderabad,2011,110000,Diesel,Manual,First,28.0,73.0,MARUTI,DZIRE VDI
Kolkata,2010,38446,Petrol,Manual,First,17.0,118.0,HONDA,CITY 1.5 S MT
Delhi,2017,33000,Diesel,Manual,First,27.0,74.0,MARUTI,BALENO DELTA 1.3
Kolkata,2011,42118,Petrol,Manual,First,18.0,97.0,TOYOTA,ETIOS LIVA G
Jaipur,2016,70000,Petrol,Manual,First,21.0,55.0,HYUNDAI,EON ERA PLUS
Delhi,2012,68038,Diesel,Manual,First,20.0,88.0,VOLKSWAGEN,POLO 1.5 TDI HIGHLINE
Coimbatore,2014,55012,Diesel,Manual,Second,25.0,57.0,CHEVROLET,BEAT DIESEL LS
Ahmedabad,2013,55000,Diesel,Automatic,First,22.0,190.0,BMW,5 SERIES 520D LUXURY LINE
Mumbai,2017,25000,Diesel,Automatic,First,17.0,170.0,MERCEDES-BENZ,GLC 220D 4MATIC SPORT
Coimbatore,2011,46808,Petrol,Manual,Second,24.0,67.0,MARUTI,ALTO K10 VXI
Coimbatore,2015,65743,Petrol,Manual,First,20.0,81.0,HYUNDAI,XCENT 1.2 VTVT S
Coimbatore,2013,64466,Petrol,Manual,First,19.0,68.0,HYUNDAI,I10 MAGNA 1.1
Kolkata,2009,75648,Diesel,Manual,First,13.0,97.0,TATA,INDICA DLS
Jaipur,2016,80000,Diesel,Manual,First,23.0,74.0,MARUTI,SWIFT DZIRE TOUR LDI
Mumbai,2017,69000,Diesel,Manual,First,25.0,73.0,HYUNDAI,XCENT 1.2 CRDI E PLUS
Chennai,2014,79200,Diesel,Manual,First,22.0,84.0,NISSAN,SUNNY DIESEL XV
Mumbai,2016,29477,Petrol,Manual,First,15.0,121.0,HYUNDAI,CRETA 1.6 SX OPTION
Delhi,2017,40000,Diesel,Automatic,First,12.0,174.0,TOYOTA,FORTUNER 2.8 2WD AT
Pune,2014,25000,Petrol,Manual,Second,18.0,85.0,MARUTI,RITZ VXI
Delhi,2014,67668,Diesel,Manual,First,23.0,63.0,RENAULT,PULSE RXL
Hyderabad,2010,78000,Petrol,Manual,First,17.0,75.0,SKODA,FABIA 1.2 MPI AMBIENTE PETROL
Mumbai,2017,30000,Diesel,Manual,First,23.0,98.0,FORD,ECOSPORT 1.5 DIESEL TITANIUM
Kolkata,2015,70623,Petrol,Manual,First,15.0,103.0,VOLKSWAGEN,VENTO PETROL COMFORTLINE
Mumbai,2015,54000,Diesel,Manual,Second,19.0,108.0,NISSAN,TERRANO XV 110 PS
Mumbai,2015,48000,Diesel,Automatic,First,15.0,174.0,AUDI,Q3 2012-2015 35 TDI QUATTRO PREMIUM
Delhi,2012,62000,Diesel,Manual,First,12.0,100.0,TOYOTA,INNOVA 2.5 GX (DIESEL) 7 SEATER
Delhi,2017,47000,Petrol,Manual,Second,17.0,88.0,TATA,ZEST REVOTRON 1.2T XE
Bangalore,2014,171000,Diesel,Manual,First,11.0,171.0,TOYOTA,FORTUNER 3.0 DIESEL
Pune,2012,108000,Diesel,Automatic,First,16.0,184.0,BMW,X3 XDRIVE20D
Chennai,2016,41000,Diesel,Manual,First,22.0,118.0,MARUTI,SX4 S CROSS DDIS 320 ZETA
Pune,2012,66000,Petrol,Manual,Second,17.0,118.0,HONDA,CITY 1.5 S MT
Jaipur,2015,144000,Diesel,Manual,First,26.0,74.0,MARUTI,SWIFT DZIRE LDI
Kochi,2017,23806,Diesel,Automatic,First,22.0,190.0,BMW,3 SERIES 320D M SPORT
Chennai,2013,89000,Petrol,Automatic,Second,19.0,76.0,NISSAN,MICRA XV CVT
Coimbatore,2018,38852,Petrol,Automatic,First,21.0,83.0,MARUTI,BALENO ZETA AUTOMATIC
Coimbatore,2018,68737,Diesel,Manual,First,26.0,88.0,MARUTI,CIAZ ZDI PLUS
Coimbatore,2017,23106,Diesel,Automatic,First,17.0,136.0,MERCEDES-BENZ,CLA 200 CDI STYLE
Delhi,2015,31250,Diesel,Manual,First,24.0,98.0,HONDA,MOBILIO RS I DTEC
Delhi,2014,77795,Diesel,Manual,First,12.0,100.0,TOYOTA,INNOVA 2.5 GX (DIESEL) 8 SEATER
Kochi,2015,47759,Diesel,Automatic,First,14.0,270.0,JAGUAR,XF 3.0 LITRE S PREMIUM LUXURY
Chennai,2013,67620,Petrol,Manual,Second,17.0,88.0,TOYOTA,ETIOS PETROL TRD SPORTIVO
Kochi,2013,44378,Diesel,Manual,First,25.0,57.0,CHEVROLET,BEAT DIESEL LS
Delhi,2012,64709,Petrol,Manual,Second,12.0,177.0,HONDA,ACCORD 2.4 M/T
Hyderabad,2007,76161,Petrol,Manual,First,19.0,46.0,MARUTI,ALTO LXI
Bangalore,2013,58410,Diesel,Automatic,First,19.0,141.0,SKODA,OCTAVIA AMBITION 2.0 TDI AT
Delhi,2011,72000,Diesel,Manual,First,12.0,102.0,TOYOTA,INNOVA 2.5 V DIESEL 7-SEATER
Chennai,2016,11000,Diesel,Automatic,First,17.0,174.0,AUDI,A4 35 TDI PREMIUM SPORT
Kochi,2017,45362,Diesel,Manual,First,24.0,88.0,MARUTI,VITARA BREZZA ZDI PLUS DUAL TONE
Kochi,2016,59767,Petrol,Manual,First,18.0,82.0,HYUNDAI,GRAND I10 SPORTZ
Chennai,2003,70000,Petrol,Manual,Second,13.0,125.0,TOYOTA,COROLLA DX
Coimbatore,2019,14233,Diesel,Automatic,First,17.0,153.0,TATA,HEXA XTA
Pune,2010,72000,Petrol,Manual,Second,17.0,80.0,HYUNDAI,I20 2015-2017 1.2 ASTA
Mumbai,2014,11000,Petrol,Manual,First,17.0,121.0,HYUNDAI,VERNA 1.6 SX VTVT
Mumbai,2011,39000,Petrol,Manual,First,14.0,35.0,MARUTI,OMNI 8 SEATER BSIV
Kochi,2019,19855,Petrol,Manual,First,24.0,47.0,MARUTI,ALTO 800 2016-2019 VXI
Bangalore,2017,20149,Diesel,Automatic,First,19.0,167.0,MERCEDES-BENZ,NEW C-CLASS C 220D AVANTGARDE EDITION C
Jaipur,2011,70000,Petrol,Manual,First,19.0,68.0,HYUNDAI,I10 ERA 1.1
Mumbai,2010,62004,Petrol,Automatic,Second,14.0,177.0,SKODA,SUPERB STYLE 1.8 TSI AT
Mumbai,2016,25500,Diesel,Automatic,First,21.0,108.0,VOLKSWAGEN,VENTO 1.5 TDI HIGHLINE AT
Hyderabad,2013,68800,Diesel,Manual,First,17.0,97.0,MARUTI,SWIFT VDI BSIV
Pune,2010,61700,Petrol,Manual,First,14.0,130.0,HONDA,CIVIC 2010-2013 1.8 V MT
Coimbatore,2010,59660,Petrol,Automatic,First,12.0,154.0,BMW,3 SERIES 320I SEDAN
Hyderabad,2007,69775,Petrol,Manual,Second,17.0,62.0,HYUNDAI,SANTRO XING GLS
Hyderabad,2016,51787,Diesel,Manual,First,17.0,97.0,MARUTI,SWIFT VDI BSIV
Jaipur,2009,88000,Petrol,Automatic,First,11.0,142.0,HONDA,ACCORD 2001-2003 2.3 VTI L AT
Kolkata,2014,47052,Diesel,Manual,First,20.0,88.0,MARUTI,ERTIGA VDI
Kochi,2015,69749,Diesel,Manual,First,18.0,67.0,FORD,FIESTA CLASSIC 1.4 DURATORQ LXI
Hyderabad,2012,79000,Diesel,Automatic,First,12.0,241.0,AUDI,Q7 3.0 TDI QUATTRO PREMIUM PLUS
Coimbatore,2016,39644,Diesel,Automatic,First,17.0,174.0,AUDI,A4 35 TDI PREMIUM
Hyderabad,2012,137800,Diesel,Manual,First,22.0,74.0,TATA,INDICA VISTA QUADRAJET VX
Chennai,2008,120000,Diesel,Manual,Second,18.0,110.0,HYUNDAI,VERNA CRDI ABS
Mumbai,2018,11000,Diesel,Automatic,First,16.0,194.0,MERCEDES-BENZ,E-CLASS E 220 D
Mumbai,2014,18600,Diesel,Automatic,Second,22.0,190.0,BMW,3 SERIES 320D LUXURY LINE
Ahmedabad,2014,116905,Diesel,Manual,First,24.0,70.0,HYUNDAI,GRAND I10 CRDI ASTA
Coimbatore,2011,32824,Petrol,Automatic,First,16.0,78.0,HYUNDAI,I10 SPORTZ AT
Kochi,2016,19148,Petrol,Manual,First,16.0,85.0,MARUTI,SWIFT VXI BSIV
Kolkata,2010,35008,Petrol,Manual,First,17.0,62.0,HYUNDAI,SANTRO XING GLS
Delhi,2013,21000,Diesel,Automatic,Second,17.0,313.0,BMW,6 SERIES GRAN COUPE
Mumbai,2014,53000,CNG,Manual,First,22.0,85.0,MARUTI,SX4 GREEN VXI (CNG)
Bangalore,2016,36000,Petrol,Manual,First,17.0,105.0,HYUNDAI,VERNA 1.4 VTVT
Ahmedabad,2012,56121,Diesel,Manual,First,23.0,74.0,MARUTI,SWIFT DZIRE ZDI
Pune,2018,30000,Diesel,Manual,First,28.0,74.0,MARUTI,SWIFT VDI
Kochi,2016,31021,Diesel,Automatic,First,19.0,141.0,SKODA,OCTAVIA 2.0 TDI AT STYLE PLUS
Coimbatore,2013,52600,Diesel,Manual,First,19.0,108.0,RENAULT,DUSTER 110PS DIESEL RXL
Bangalore,2005,60000,Diesel,Manual,First,10.0,120.0,MAHINDRA,SCORPIO 2.6 CRDE
Ahmedabad,2016,44001,Diesel,Automatic,First,18.0,190.0,BMW,5 SERIES 2013-2017 520D LUXURY LINE
Chennai,2003,101000,Petrol,Manual,Third,17.0,64.0,MARUTI,WAGON R VXI BSIII
Hyderabad,2007,84169,Petrol,Manual,First,14.0,64.0,MARUTI,WAGON R LXI BSIII
Mumbai,2017,14001,Petrol,Manual,First,18.0,81.0,HYUNDAI,I20 SPORTZ 1.2
Pune,2005,100000,CNG,Manual,Third,17.0,97.0,HYUNDAI,SANTRO XING XO CNG
Delhi,2016,59000,Diesel,Automatic,First,18.0,255.0,LAND,ROVER DISCOVERY SE 3.0 TD6
Hyderabad,2009,29000,Petrol,Automatic,Second,11.0,178.0,MERCEDES-BENZ,NEW C-CLASS 230 AVANTGARDE
Kochi,2014,64158,Diesel,Automatic,First,18.0,97.0,BMW,5 SERIES 520D SEDAN
Mumbai,2012,38800,Diesel,Manual,First,21.0,84.0,NISSAN,SUNNY 2011-2014 DIESEL XV
Hyderabad,2011,98000,Diesel,Automatic,First,12.0,241.0,AUDI,Q7 3.0 TDI QUATTRO
Coimbatore,2017,20969,Diesel,Automatic,First,17.0,136.0,MERCEDES-BENZ,CLA 200 CDI SPORT
Kolkata,2018,2900,Diesel,Manual,First,24.0,88.0,MARUTI,VITARA BREZZA ZDI
Hyderabad,2016,69000,Diesel,Manual,First,19.0,73.0,MARUTI,SWIFT DZIRE VDI BSIV
Coimbatore,2018,5833,Diesel,Manual,First,21.0,108.0,SKODA,RAPID 1.5 TDI AMBITION
Coimbatore,2016,28733,Diesel,Automatic,Second,12.0,241.0,AUDI,Q7 35 TDI QUATTRO TECHNOLOGY
Jaipur,2006,145000,Petrol,Manual,First,18.0,67.0,MARUTI,WAGON R LXI
Pune,2014,71000,Diesel,Manual,First,25.0,98.0,HONDA,CITY I DTEC VX OPTION
Jaipur,2017,12000,Petrol,Manual,First,21.0,55.0,HYUNDAI,EON MAGNA PLUS
Kochi,2018,21603,Diesel,Automatic,First,13.0,265.0,MERCEDES-BENZ,E-CLASS 2015-2017 E350 CDI AVANTGRADE
Bangalore,2011,65000,Petrol,Manual,Second,0.0,97.0,HYUNDAI,SANTRO GLS II - EURO II
Hyderabad,2013,58000,Diesel,Automatic,First,13.0,170.0,BMW,3 SERIES 320D
Pune,2012,39000,Petrol,Automatic,Second,12.0,154.0,BMW,3 SERIES 318I SEDAN
Coimbatore,2017,37712,Diesel,Manual,First,17.0,100.0,MAHINDRA,NUVOSPORT N8
Hyderabad,2012,68000,Petrol,Manual,First,18.0,85.0,MARUTI,RITZ VXI
Chennai,2016,25000,Diesel,Automatic,First,15.0,308.0,BMW,X6 XDRIVE 40D M SPORT
Kolkata,2010,30000,Petrol,Manual,First,18.0,79.0,CHEVROLET,BEAT LT
Pune,2014,68218,Petrol,Manual,First,19.0,85.0,MARUTI,SWIFT DZIRE VXI
Delhi,2014,52000,Diesel,Manual,First,20.0,88.0,MARUTI,ERTIGA ZDI
Coimbatore,2015,63591,Diesel,Manual,First,20.0,83.0,RENAULT,DUSTER 85PS DIESEL RXL
Hyderabad,2014,57937,Petrol,Automatic,First,15.0,86.0,HONDA,AMAZE VX AT I-VTECH
Coimbatore,2015,21979,Diesel,Automatic,First,17.0,174.0,AUDI,A4 2.0 TDI PREMIUM SPORT LIMITED EDITION
Hyderabad,2002,99000,Diesel,Manual,Second,18.0,66.0,SKODA,OCTAVIA AMBIENTE 1.9 TDI MT
Pune,2016,62000,Diesel,Manual,First,25.0,98.0,HONDA,AMAZE E I-DTECH
Mumbai,2006,127001,Diesel,Manual,First,12.0,102.0,TOYOTA,INNOVA 2.5 EV DIESEL MS 8 STR BSIII
Hyderabad,2013,84600,Petrol,Manual,Second,21.0,55.0,HYUNDAI,EON D LITE PLUS
Kochi,2018,30953,Petrol,Manual,First,22.0,53.0,DATSUN,REDI-GO T OPTION
Chennai,2012,78000,Diesel,Manual,First,22.0,74.0,MARUTI,SWIFT VDI
Hyderabad,2008,85000,Diesel,Manual,First,9.0,118.0,MITSUBISHI,PAJERO 2.8 GLX SPORTS
Hyderabad,2008,79000,Diesel,Automatic,First,13.0,215.0,VOLVO,S80 D5
Delhi,2014,79000,Diesel,Automatic,First,12.0,168.0,TOYOTA,FORTUNER 4X2 AT
Coimbatore,2018,48188,Diesel,Manual,First,16.0,170.0,JEEP,COMPASS 2.0 LIMITED 4X4
Coimbatore,2014,67557,Diesel,Manual,First,23.0,74.0,MARUTI,SWIFT DZIRE VDI
Delhi,2011,103814,Diesel,Manual,Second,22.0,126.0,HYUNDAI,VERNA 1.6 SX
Kolkata,2014,45128,Diesel,Manual,First,12.0,120.0,MAHINDRA,SCORPIO VLX 2WD BSIV
Kochi,2013,56075,Petrol,Manual,First,19.0,68.0,HYUNDAI,I10 ERA
Hyderabad,2011,166000,Diesel,Manual,First,12.0,100.0,TOYOTA,INNOVA 2.5 G (DIESEL) 8 SEATER
Coimbatore,2017,65367,Diesel,Automatic,First,11.0,171.0,TOYOTA,INNOVA CRYSTA 2.8 ZX AT
Hyderabad,2013,114708,Diesel,Manual,First,12.0,100.0,TOYOTA,INNOVA 2.5 G (DIESEL) 8 SEATER
Kochi,2015,35082,Diesel,Manual,First,23.0,74.0,MARUTI,SWIFT DZIRE ZDI
Kochi,2016,38593,Diesel,Automatic,First,17.0,126.0,HYUNDAI,CRETA 1.6 CRDI AT SX PLUS
Mumbai,2008,70700,Diesel,Manual,First,12.0,100.0,TOYOTA,INNOVA 2.5 G (DIESEL) 8 SEATER BS IV
Mumbai,2011,83000,Diesel,Manual,Second,20.0,103.0,VOLKSWAGEN,VENTO DIESEL HIGHLINE
Hyderabad,2015,120000,Diesel,Manual,First,14.0,80.0,CHEVROLET,TAVERA LS B3 10 SEATS BSIII
Kochi,2014,91586,Diesel,Automatic,Second,11.0,184.0,MAHINDRA,SSANGYONG REXTON RX7
Mumbai,2008,38235,Petrol,Manual,First,20.0,78.0,HYUNDAI,I10 MAGNA
Kolkata,2011,37000,Petrol,Manual,First,20.0,78.0,HYUNDAI,I10 SPORTZ 1.2
Mumbai,2006,50888,Petrol,Manual,First,17.0,97.0,HYUNDAI,SANTRO XING XG ERLX EURO III
Bangalore,2013,44000,Petrol,Manual,Second,18.0,86.0,HONDA,AMAZE S I-VTECH
Pune,2016,54000,Petrol,Automatic,First,23.0,67.0,MARUTI,CELERIO ZXI AT
Chennai,2013,90000,Petrol,Manual,First,18.0,82.0,HYUNDAI,GRAND I10 ASTA
Kolkata,2015,35000,Diesel,Manual,First,19.0,73.0,MARUTI,SWIFT DZIRE VDI
Coimbatore,2012,47324,Petrol,Manual,Second,20.0,78.0,HYUNDAI,I10 SPORTZ
Mumbai,2012,65148,Diesel,Automatic,First,15.0,177.0,BMW,X1 SDRIVE 20D EXCLUSIVE
Coimbatore,2014,57773,Diesel,Automatic,Second,17.0,174.0,AUDI,A4 2.0 TDI 177 BHP PREMIUM PLUS
Bangalore,2014,87000,Diesel,Manual,First,20.0,83.0,NISSAN,TERRANO XL 85 PS
Chennai,2007,179032,Diesel,Manual,First,11.0,199.0,MITSUBISHI,MONTERO 3.2 GLS
Mumbai,2016,8000,Petrol,Automatic,First,22.0,67.0,MARUTI,WAGON R VXI AMT
Hyderabad,2007,77000,Petrol,Manual,First,13.0,130.0,HONDA,CIVIC 2006-2010 1.8 (E) MT
Pune,2016,20600,Petrol,Manual,First,18.0,81.0,HYUNDAI,I20 2015-2017 MAGNA 1.2
Mumbai,2016,13198,Petrol,Manual,First,24.0,67.0,MARUTI,ALTO K10 VXI
Bangalore,2015,21000,Diesel,Automatic,Second,12.0,241.0,AUDI,Q7 35 TDI QUATTRO TECHNOLOGY
Delhi,2016,38000,Petrol,Manual,First,18.0,81.0,HYUNDAI,I20 SPORTZ OPTION 1.2
Coimbatore,2019,15379,Petrol,Automatic,First,23.0,83.0,TATA,TIAGO AMT 1.2 REVOTRON XZA
Hyderabad,2011,60000,Petrol,Manual,First,20.0,78.0,HYUNDAI,I10 SPORTZ 1.2
Pune,2007,70000,Petrol,Manual,First,0.0,97.0,HYUNDAI,SANTRO XING XP
Bangalore,2013,75371,Diesel,Manual,First,20.0,83.0,RENAULT,DUSTER 85PS DIESEL RXL OPTIONAL
Bangalore,2014,60000,Diesel,Manual,Second,13.0,138.0,TATA,XENON XT EX 4X4
Kolkata,2009,30675,Petrol,Manual,First,18.0,80.0,HYUNDAI,I20 MAGNA
Kolkata,2013,22000,Diesel,Manual,First,23.0,74.0,MARUTI,SWIFT DZIRE VDI
Pune,2015,55000,Petrol,Manual,First,22.0,55.0,HYUNDAI,EON MAGNA
Jaipur,2010,74213,Diesel,Automatic,First,14.0,170.0,MERCEDES-BENZ,NEW C-CLASS 220 CDI AT
Mumbai,2016,15000,Petrol,Automatic,First,16.0,189.0,MINI,COOPER CONVERTIBLE S
Jaipur,2010,57000,Petrol,Manual,First,26.0,35.0,TATA,NANO CX
Kolkata,2015,62144,Diesel,Manual,Second,26.0,88.0,MARUTI,CIAZ ZDI PLUS
Pune,2017,50000,Diesel,Manual,First,22.0,126.0,HYUNDAI,VERNA CRDI 1.6 SX OPTION
Jaipur,2015,38000,Petrol,Manual,First,21.0,55.0,HYUNDAI,EON ERA PLUS
Chennai,2016,30000,Diesel,Automatic,Second,18.0,190.0,BMW,5 SERIES 2013-2017 520D LUXURY LINE
Kochi,2016,38735,Petrol,Manual,First,19.0,86.0,HONDA,BRIO S MT
Pune,2012,23598,Diesel,Manual,First,23.0,73.0,MARUTI,RITZ VDI
Chennai,2014,70000,Diesel,Automatic,First,18.0,184.0,BMW,3 SERIES 320D PRESTIGE
Pune,2016,39000,Diesel,Manual,First,26.0,74.0,MARUTI,SWIFT DZIRE LDI
Hyderabad,2013,84175,Diesel,Manual,First,23.0,74.0,MARUTI,SWIFT DZIRE VDI
Kolkata,2013,45000,Petrol,Manual,First,16.0,97.0,RENAULT,SCALA RXL
Mumbai,2013,59302,Diesel,Automatic,First,14.0,163.0,CHEVROLET,CRUZE LTZ AT
Ahmedabad,2012,55002,Petrol,Manual,First,17.0,85.0,MARUTI,SWIFT DZIRE ZXI
Jaipur,2008,128813,Diesel,Manual,First,19.0,69.0,TATA,INDIGO CS LX (TDI) BS III
Jaipur,2016,46522,Diesel,Manual,First,24.0,70.0,HYUNDAI,GRAND I10 CRDI SPORTZ
Pune,2014,180000,Diesel,Manual,First,22.0,74.0,TATA,INDICA VISTA QUADRAJET LS
Chennai,2006,89326,Diesel,Manual,Third,17.0,68.0,FORD,FIESTA 1.4 TDCI EXI
Pune,2016,54000,Diesel,Manual,First,19.0,83.0,RENAULT,DUSTER 85PS DIESEL RXE
Pune,2012,95000,Diesel,Automatic,Second,18.0,97.0,BMW,5 SERIES 520D SEDAN
Kochi,2015,66337,Diesel,Manual,First,24.0,70.0,HYUNDAI,GRAND I10 CRDI SPORTZ EDITION
Bangalore,2012,60000,Petrol,Manual,First,19.0,86.0,HONDA,BRIO S MT
Kolkata,2010,38001,Petrol,Automatic,First,12.0,163.0,AUDI,A4 1.8 TFSI
Bangalore,2014,73000,Petrol,Manual,Second,24.0,47.0,MARUTI,ALTO 800 2016-2019 LXI
Bangalore,2011,61000,Petrol,Manual,Second,16.0,103.0,HYUNDAI,VERNA TRANSFORM SX VTVT
Hyderabad,2013,120000,Diesel,Manual,First,20.0,88.0,MARUTI,ERTIGA ZDI
Kochi,2012,71787,Petrol,Manual,First,12.0,102.0,CHEVROLET,OPTRA MAGNUM 1.6 LT ABS BS3
Coimbatore,2016,11554,Diesel,Manual,First,19.0,126.0,HYUNDAI,CRETA 1.6 CRDI SX OPTION
Hyderabad,2014,90000,Diesel,Manual,First,20.0,103.0,VOLKSWAGEN,VENTO 1.5 TDI HIGHLINE
Kolkata,2014,48104,Petrol,Manual,First,17.0,117.0,HONDA,CITY I VTEC SV
Pune,2005,91000,Petrol,Manual,Third,16.0,83.0,HYUNDAI,GETZ GLS ABS
Kochi,2007,58815,Petrol,Manual,First,17.0,97.0,HYUNDAI,SANTRO XING XG ERLX EURO III
Coimbatore,2015,33931,Petrol,Automatic,Second,18.0,82.0,HYUNDAI,GRAND I10 AT ASTA
Coimbatore,2019,13916,Petrol,Manual,First,18.0,81.0,HYUNDAI,GRAND I10 1.2 KAPPA SPORTZ OPTION
Pune,2012,90400,CNG,Manual,First,26.0,58.0,MARUTI,WAGON R LXI CNG
Jaipur,2015,14000,Petrol,Manual,First,18.0,82.0,HYUNDAI,GRAND I10 SPORTZ
Pune,2007,121000,Diesel,Manual,Second,17.0,97.0,MARUTI,SWIFT VDI BSIV
Coimbatore,2016,17560,Petrol,Manual,First,18.0,81.0,HYUNDAI,I20 ASTA 1.2
Pune,2016,60000,Diesel,Manual,First,19.0,83.0,RENAULT,DUSTER 85PS DIESEL RXL
Hyderabad,2009,88096,Diesel,Manual,Second,19.0,73.0,MARUTI,SWIFT DZIRE VDI
Pune,2008,178280,Diesel,Manual,First,12.0,102.0,TOYOTA,INNOVA 2.5 G (DIESEL) 8 SEATER BS IV
Coimbatore,2015,19963,Petrol,Manual,Second,25.0,37.0,TATA,NANO TWIST XT
Mumbai,2019,1000,Petrol,Manual,First,18.0,86.0,FORD,FIGO 2015-2019 1.2P SPORTS EDITION MT
Jaipur,2017,8000,Petrol,Manual,First,18.0,81.0,HYUNDAI,I20 1.2 ASTA OPTION
Pune,2016,9200,Petrol,Manual,First,15.0,117.0,HONDA,BRV I-VTEC V MT
Hyderabad,2015,29000,Diesel,Manual,First,27.0,98.0,HONDA,AMAZE S DIESEL
Mumbai,2017,27000,Diesel,Manual,First,19.0,126.0,HYUNDAI,CRETA 1.6 CRDI SX
Delhi,2018,22900,Petrol,Manual,First,21.0,83.0,MARUTI,BALENO ZETA 1.2
Hyderabad,2014,50000,Diesel,Automatic,First,14.0,174.0,AUDI,Q5 2.0 TDI TECHNOLOGY
Jaipur,2015,60207,Diesel,Manual,First,25.0,98.0,HONDA,AMAZE S I-DTEC
Coimbatore,2010,101119,Diesel,Automatic,First,11.0,235.0,BMW,X5 3.0D
Jaipur,2010,42000,Petrol,Manual,First,15.0,70.0,FORD,FIGO PETROL TITANIUM
Pune,2002,93000,Petrol,Manual,Third,18.0,67.0,MARUTI,WAGON R VXI
Ahmedabad,2012,60000,Petrol,Manual,Second,19.0,68.0,HYUNDAI,I10 ERA
Kochi,2015,66122,Diesel,Automatic,First,21.0,103.0,SKODA,RAPID 1.5 TDI AT ELEGANCE
Kolkata,2015,25100,Diesel,Automatic,First,17.0,300.0,PORSCHE,PANAMERA DIESEL
Kochi,2017,24733,Petrol,Automatic,First,15.0,183.0,MERCEDES-BENZ,CLA 200 SPORT EDITION
Ahmedabad,2008,41000,Petrol,Automatic,Second,10.0,201.0,AUDI,A6 2.8 FSI
Chennai,2015,30000,Petrol,Manual,First,20.0,91.0,MARUTI,CIAZ ZXI PLUS
Kolkata,2013,36000,Diesel,Manual,First,22.0,89.0,FORD,ECOSPORT 1.5 DV5 MT TITANIUM
Hyderabad,2017,40279,Diesel,Manual,First,16.0,70.0,MAHINDRA,BOLERO MHAWK D70 ZLX
Kochi,2018,46805,Petrol,Manual,First,24.0,67.0,MARUTI,ALTO K10 VXI
Mumbai,2015,60000,Petrol,Manual,First,17.0,85.0,MARUTI,SWIFT DZIRE 1.2 VXI BSIV
Mumbai,2017,100000,Petrol,Manual,First,17.0,88.0,TATA,ZEST REVOTRON 1.2T XE
Kolkata,2014,32986,Petrol,Manual,First,16.0,97.0,MARUTI,SWIFT 1.3 VXI
Coimbatore,2018,51530,Diesel,Automatic,First,10.0,197.0,FORD,ENDEAVOUR 3.2 TREND AT 4X4
Jaipur,2013,81456,Diesel,Manual,First,15.0,170.0,MERCEDES-BENZ,NEW C-CLASS C 220 CDI CLASSIC
Ahmedabad,2012,37229,Petrol,Automatic,First,16.0,78.0,HYUNDAI,I10 SPORTZ AT
Delhi,2009,73200,Petrol,Manual,First,17.0,118.0,HONDA,CITY 1.5 S MT
Ahmedabad,2015,71826,Diesel,Automatic,First,19.0,141.0,SKODA,OCTAVIA ELEGANCE 2.0 TDI AT
Chennai,2017,129000,Diesel,Manual,First,25.0,69.0,TATA,INDICA V2 ELS
Pune,2012,82000,Petrol,Manual,First,18.0,67.0,MARUTI,WAGON R VXI BSII
Kochi,2017,40459,Diesel,Manual,First,19.0,126.0,HYUNDAI,CRETA 1.6 CRDI SX
Hyderabad,2009,61964,Petrol,Manual,First,19.0,66.0,MARUTI,A-STAR LXI
Kochi,2011,15466,Petrol,Manual,First,22.0,67.0,MARUTI,WAGON R LXI
Kolkata,2014,23000,Petrol,Manual,First,17.0,117.0,HONDA,MOBILIO E I VTEC
Coimbatore,2012,43766,Petrol,Manual,First,20.0,78.0,HYUNDAI,I10 MAGNA
Hyderabad,2010,54000,Petrol,Automatic,First,0.0,262.0,SKODA,SUPERB 3.6 V6 FSI
Coimbatore,2018,18521,Diesel,Manual,First,22.0,88.0,HYUNDAI,I20 1.4 SPORTZ
Hyderabad,2017,26400,Petrol,Manual,First,23.0,67.0,MARUTI,CELERIO ZXI OPTIONAL
Pune,2011,31900,Petrol,Manual,First,13.0,157.0,SKODA,LAURA 1.8 TSI AMBIENTE
Chennai,2010,39000,Diesel,Manual,First,20.0,68.0,FORD,FIGO DIESEL LXI
Hyderabad,2016,45671,Diesel,Manual,First,27.0,98.0,HONDA,JAZZ 1.5 VX I DTEC
Ahmedabad,2016,39500,Diesel,Automatic,First,15.0,204.0,MERCEDES-BENZ,E-CLASS 2015-2017 E250 EDITION E
Chennai,2015,54000,Diesel,Automatic,First,17.0,136.0,MERCEDES-BENZ,GLA CLASS 200 CDI SPORT
Chennai,2012,20000,Diesel,Automatic,First,18.0,163.0,VOLVO,S60 D3
Bangalore,2009,55000,Diesel,Automatic,First,11.0,246.0,AUDI,A8 L 3.0 TDI QUATTRO
Kolkata,2014,48000,Diesel,Automatic,First,22.0,126.0,HYUNDAI,VERNA 1.6 SX CRDI (O) AT
Kolkata,2011,70000,Diesel,Automatic,First,22.0,190.0,BMW,3 SERIES 320D
Delhi,2014,62000,Diesel,Manual,First,22.0,126.0,HYUNDAI,VERNA 1.6 SX
Kochi,2014,41994,Petrol,Manual,First,22.0,67.0,MARUTI,WAGON R VXI
Hyderabad,2010,108882,Diesel,Manual,Second,20.0,68.0,FORD,FIGO DIESEL EXI
Coimbatore,2017,24806,Petrol,Manual,First,18.0,82.0,MAHINDRA,KUV 100 MFALCON G80 K2
Pune,2006,160000,Diesel,Manual,First,17.0,70.0,TATA,INDIGO LS
Hyderabad,2017,30000,Diesel,Automatic,First,18.0,100.0,MAHINDRA,TUV 300 T8 AMT
Bangalore,2015,51000,Diesel,Automatic,First,15.0,181.0,AUDI,Q3 35 TDI QUATTRO PREMIUM PLUS
Jaipur,2015,64876,Petrol,Manual,First,21.0,81.0,MARUTI,WAGON R VXI 1.2
Kochi,2016,70536,CNG,Manual,First,31.0,58.0,MARUTI,CELERIO CNG VXI MT
Coimbatore,2017,25299,Diesel,Manual,First,24.0,88.0,MARUTI,VITARA BREZZA ZDI PLUS DUAL TONE
Mumbai,2006,89869,Diesel,Manual,First,12.0,116.0,MAHINDRA,SCORPIO DX 2.6 TURBO 8 STR
Jaipur,2007,103515,Diesel,Manual,Third,12.0,112.0,HYUNDAI,TUCSON CRDI
Hyderabad,2008,68282,Petrol,Manual,First,17.0,62.0,HYUNDAI,SANTRO XING GLS
Kochi,2014,60033,Diesel,Automatic,First,18.0,250.0,PORSCHE,PANAMERA DIESEL 250HP
Kochi,2018,51921,Diesel,Manual,First,24.0,88.0,MARUTI,VITARA BREZZA VDI OPTION
Mumbai,2017,18414,Diesel,Manual,First,23.0,74.0,MARUTI,SWIFT DZIRE VDI
Kochi,2016,40866,Petrol,Manual,First,19.0,86.0,HONDA,AMAZE V PETROL
Pune,2014,55001,Diesel,Automatic,First,16.0,187.0,JAGUAR,XF 2.2 LITRE LUXURY
Kochi,2017,20469,Petrol,Automatic,First,16.0,189.0,MINI,COOPER CONVERTIBLE S
Jaipur,2017,8500,Petrol,Manual,First,21.0,55.0,HYUNDAI,EON ERA PLUS
Ahmedabad,2008,45000,Diesel,Automatic,Second,16.0,241.0,AUDI,A6 3.0 TDI QUATTRO
Pune,2016,6000,Petrol,Manual,First,17.0,81.0,HYUNDAI,I20 ACTIVE 1.2 SX DUAL TONE
Chennai,2018,11000,Diesel,Manual,First,28.0,74.0,MARUTI,SWIFT AMT DDIS VDI
Kochi,2015,80064,Diesel,Manual,First,22.0,89.0,FORD,ECOSPORT 1.5 DV5 MT TITANIUM
Kolkata,2016,29930,Petrol,Manual,First,18.0,67.0,MARUTI,WAGON R VXI BS IV WITH ABS
Mumbai,2013,49105,Diesel,Manual,First,20.0,103.0,VOLKSWAGEN,VENTO 1.5 TDI HIGHLINE
Kolkata,2012,55000,Petrol,Manual,First,17.0,88.0,TOYOTA,ETIOS VX
Bangalore,2015,23000,Petrol,Manual,First,18.0,88.0,HONDA,JAZZ 1.2 SV I VTEC
Coimbatore,2016,54727,Diesel,Manual,First,20.0,88.0,VOLKSWAGEN,CROSSPOLO 1.5 TDI
Kochi,2018,31426,Diesel,Manual,First,21.0,108.0,VOLKSWAGEN,AMEO 1.5 TDI HIGHLINE
Kochi,2015,53442,Petrol,Manual,First,16.0,116.0,HONDA,CITY V MT EXCLUSIVE
Hyderabad,2014,28000,Petrol,Automatic,First,16.0,86.0,HONDA,BRIO VX AT
Mumbai,2017,13412,Petrol,Automatic,First,14.0,103.0,SKODA,RAPID 1.6 MPI AT STYLE
Hyderabad,2011,70000,Diesel,Manual,First,16.0,110.0,HYUNDAI,VERNA CRDI
Jaipur,2015,81310,Diesel,Manual,First,21.0,88.0,HYUNDAI,I20 ACTIVE S DIESEL
Kochi,2019,13574,Petrol,Automatic,First,21.0,83.0,MARUTI,BALENO ALPHA CVT
Mumbai,2008,75000,Petrol,Manual,Second,11.0,158.0,HONDA,CR-V 2.4L 4WD MT
Coimbatore,2014,58310,Petrol,Manual,Second,19.0,85.0,MARUTI,SWIFT DZIRE VXI
Pune,2009,90000,Diesel,Manual,Second,19.0,73.0,MARUTI,SWIFT DZIRE VDI
Jaipur,2012,83000,Diesel,Manual,First,23.0,74.0,MARUTI,SWIFT DZIRE ZDI
Jaipur,2017,37282,Petrol,Manual,First,20.0,83.0,MARUTI,SWIFT DZIRE ZXI
Jaipur,2017,23000,Petrol,Manual,First,18.0,82.0,HYUNDAI,GRAND I10 SPORTZ
Chennai,2010,82000,Diesel,Manual,First,17.0,68.0,FORD,FIESTA 1.4 ZXI TDCI ABS
Chennai,2016,31000,Diesel,Manual,First,23.0,126.0,HYUNDAI,VERNA 1.6 CRDI S
Jaipur,2001,200000,Petrol,Manual,First,12.0,97.0,MARUTI,WAGON R VX
Delhi,2014,45001,Diesel,Manual,Second,20.0,68.0,FORD,FIGO DIESEL EXI
Coimbatore,2014,50446,Diesel,Manual,First,21.0,88.0,TATA,MANZA AQUA QUADRAJET BS IV
Ahmedabad,2009,89000,Petrol,Manual,First,13.0,130.0,HONDA,CIVIC 2006-2010 1.8 S MT
Ahmedabad,2007,72000,Petrol,Manual,Second,19.0,46.0,MARUTI,ALTO LX BSIII
Ahmedabad,2013,90000,Diesel,Automatic,First,22.0,190.0,BMW,5 SERIES 520D LUXURY LINE
Bangalore,2015,76000,Diesel,Manual,Second,16.0,140.0,MAHINDRA,XUV500 W8 2WD
Hyderabad,2012,78401,Diesel,Manual,First,23.0,73.0,MARUTI,RITZ VDI
Kochi,2017,38426,Diesel,Manual,First,24.0,88.0,MARUTI,VITARA BREZZA ZDI PLUS
Pune,2011,45000,Petrol,Manual,First,15.0,73.0,MARUTI,EECO 7 SEATER STANDARD
Mumbai,2012,83000,Petrol,Manual,First,17.0,85.0,MARUTI,SWIFT DZIRE 1.2 VXI BSIV
Coimbatore,2017,50170,Diesel,Automatic,First,17.0,126.0,HYUNDAI,CRETA 1.6 CRDI AT SX PLUS
Mumbai,2010,37822,Petrol,Manual,First,22.0,67.0,MARUTI,WAGON R LXI
Kolkata,2015,33517,Diesel,Manual,First,27.0,47.0,MARUTI,CELERIO ZDI
Delhi,2014,110000,Diesel,Automatic,First,13.0,194.0,HYUNDAI,SANTA FE 2WD AT
Kolkata,2017,60000,Petrol,Manual,First,21.0,55.0,HYUNDAI,EON D LITE PLUS OPTION
Delhi,2013,92408,Petrol,Manual,First,18.0,82.0,HYUNDAI,I20 SPORTZ 1.2
Bangalore,2014,45000,Petrol,Manual,First,17.0,121.0,HYUNDAI,VERNA 1.6 SX VTVT (O)
Kochi,2013,33793,Petrol,Manual,First,18.0,86.0,HONDA,BRIO S OPTION MT
Kochi,2017,26327,Petrol,Manual,First,20.0,81.0,MARUTI,SWIFT VXI OPTIONAL
Coimbatore,2018,20604,Diesel,Automatic,First,19.0,167.0,MERCEDES-BENZ,NEW C-CLASS C 220D AVANTGARDE EDITION C
Coimbatore,2018,61386,Diesel,Manual,First,25.0,74.0,MARUTI,SWIFT VDI OPTIONAL
Delhi,2018,11500,Diesel,Automatic,First,28.0,74.0,MARUTI,SWIFT AMT VDI
Chennai,2012,58000,Diesel,Manual,First,25.0,57.0,CHEVROLET,BEAT DIESEL LS
Delhi,2014,38000,Petrol,Automatic,First,13.0,157.0,SKODA,SUPERB ELEGANCE 1.8 TSI AT
Bangalore,2012,49000,Diesel,Automatic,Second,14.0,167.0,MERCEDES-BENZ,NEW C-CLASS C 220 CDI BE AVANTGARE
Coimbatore,2017,72202,Diesel,Manual,First,13.0,147.0,TOYOTA,INNOVA CRYSTA 2.4 VX MT 8S
Kolkata,2016,7000,Petrol,Manual,First,20.0,78.0,HYUNDAI,I10 SPORTZ
Ahmedabad,2014,20000,Diesel,Manual,Second,25.0,98.0,HONDA,AMAZE S I-DTEC
Hyderabad,2017,14061,Diesel,Manual,First,21.0,88.0,HYUNDAI,I20 MAGNA 1.4 CRDI (DIESEL)
Coimbatore,2018,30706,Diesel,Automatic,First,11.0,254.0,MERCEDES-BENZ,GLE 350D
Kolkata,2011,51387,Diesel,Manual,First,12.0,120.0,MAHINDRA,SCORPIO 2009-2014 SLE 7S BSIV
Bangalore,2006,44000,Petrol,Manual,Second,15.0,83.0,HYUNDAI,GETZ GLE
Mumbai,2016,12208,Petrol,Manual,First,21.0,83.0,MARUTI,BALENO ALPHA
Chennai,2011,55000,Diesel,Manual,First,16.0,123.0,CHEVROLET,OPTRA MAGNUM 2.0 LT
Mumbai,2011,61600,Petrol,Manual,First,17.0,121.0,HYUNDAI,VERNA 1.6 SX VTVT (O)
Hyderabad,2016,28414,Petrol,Manual,First,17.0,118.0,HONDA,CITY 1.5 V MT
Mumbai,2017,27853,Petrol,Automatic,First,17.0,103.0,VOLKSWAGEN,POLO GT TSI
Bangalore,2013,55116,Petrol,Manual,First,19.0,86.0,HONDA,BRIO E MT
Ahmedabad,2017,26000,Diesel,Manual,First,26.0,74.0,MARUTI,SWIFT DZIRE VDI
Pune,2012,45496,Petrol,Manual,First,17.0,118.0,HONDA,CITY 1.5 V MT EXCLUSIVE
Pune,2013,76000,Diesel,Automatic,Second,11.0,184.0,MAHINDRA,SSANGYONG REXTON RX7
Pune,2014,136000,Petrol,Manual,First,13.0,157.0,SKODA,SUPERB ELEGANCE 1.8 TSI MT
Pune,2009,100000,Petrol,Manual,First,0.0,97.0,HYUNDAI,SANTRO GLS II - EURO II
Kolkata,2010,38127,Petrol,Manual,First,19.0,46.0,MARUTI,ALTO LXI
Jaipur,2014,82450,Diesel,Manual,First,23.0,90.0,HYUNDAI,I20 ASTA (O) 1.4 CRDI (DIESEL)
Coimbatore,2014,62497,Petrol,Manual,First,15.0,110.0,FORD,ECOSPORT 1.5 TI VCT MT TREND
Hyderabad,2011,86732,Diesel,Manual,First,23.0,63.0,NISSAN,MICRA DIESEL XV
Kochi,2016,27969,Petrol,Manual,First,19.0,86.0,HONDA,BRIO E MT
Delhi,2013,66372,Diesel,Automatic,First,11.0,184.0,MAHINDRA,SSANGYONG REXTON RX7
Coimbatore,2013,73525,Diesel,Automatic,First,16.0,258.0,BMW,7 SERIES 730LD SEDAN
Kochi,2018,20689,Petrol,Manual,First,18.0,81.0,HYUNDAI,GRAND I10 1.2 KAPPA SPORTZ
Coimbatore,2018,25093,Petrol,Manual,First,21.0,83.0,MARUTI,BALENO DELTA 1.2
Coimbatore,2016,49176,Diesel,Manual,First,11.0,112.0,MAHINDRA,XYLO E8 ABS BS IV
Delhi,2012,87510,Diesel,Manual,First,21.0,78.0,RENAULT,FLUENCE DIESEL E4
Coimbatore,2012,38214,Petrol,Manual,Second,18.0,80.0,HYUNDAI,I20 1.2 MAGNA
Kochi,2013,48986,Diesel,Manual,First,10.0,107.0,MITSUBISHI,PAJERO 2.8 SFX
Pune,2011,88000,Petrol,Automatic,First,14.0,138.0,TOYOTA,COROLLA ALTIS 2008-2013 1.8 VL AT
Pune,2015,69002,Diesel,Automatic,First,15.0,258.0,BMW,X5 X5 M
Pune,2011,43706,Petrol,Automatic,First,10.0,215.0,BMW,3 SERIES 2005-2011 325I SEDAN
Coimbatore,2016,58671,Diesel,Automatic,First,17.0,126.0,HYUNDAI,CRETA 1.6 CRDI AT SX PLUS
Coimbatore,2017,49404,Diesel,Manual,First,18.0,100.0,MAHINDRA,TUV 300 2015-2019 T8
Delhi,2010,72000,Diesel,Manual,First,12.0,120.0,MAHINDRA,SCORPIO VLX 2.2 MHAWK BSIII
Mumbai,2016,24000,Petrol,Manual,First,25.0,53.0,RENAULT,KWID RXT
Coimbatore,2017,53285,Petrol,Automatic,First,22.0,67.0,RENAULT,KWID 1.0 RXT OPTIONAL AMT
Pune,2017,12000,Petrol,Manual,First,16.0,85.0,MARUTI,SWIFT VXI BSIV
Kolkata,2012,45000,Diesel,Automatic,First,17.0,105.0,SKODA,LAURA 1.9 TDI AT AMBIENTE
Coimbatore,2018,26234,Petrol,Manual,First,24.0,47.0,MARUTI,ALTO 800 2016-2019 VXI
Delhi,2014,55000,Petrol,Manual,First,18.0,85.0,MARUTI,SWIFT VXI
Pune,2012,90000,Diesel,Manual,First,23.0,90.0,HYUNDAI,I20 1.4 CRDI SPORTZ
Mumbai,2015,48000,Diesel,Automatic,First,15.0,174.0,AUDI,Q3 2012-2015 35 TDI QUATTRO PREMIUM
Mumbai,2017,19863,Diesel,Automatic,First,11.0,254.0,MERCEDES-BENZ,GLE 350D
Mumbai,2010,55000,Petrol,Manual,Second,19.0,68.0,HYUNDAI,I10 ERA
Kolkata,2016,4800,Petrol,Manual,First,20.0,67.0,MARUTI,WAGON R LXI OPTIONAL
Kochi,2017,38607,Petrol,Manual,Second,17.0,117.0,HONDA,CITY I VTEC V
Mumbai,2018,3958,Petrol,Manual,First,18.0,81.0,HYUNDAI,GRAND I10 1.2 KAPPA SPORTZ
Jaipur,2014,74000,Diesel,Manual,Second,25.0,98.0,HONDA,CITY I DTEC VX
Mumbai,2009,54540,Petrol,Manual,Third,17.0,85.0,MARUTI,SWIFT DZIRE VXI
Delhi,2015,58400,Petrol,Manual,First,17.0,85.0,MARUTI,SWIFT DZIRE ZXI
Kochi,2013,73648,Diesel,Manual,First,15.0,140.0,MAHINDRA,XUV500 W8 2WD
Jaipur,2016,83000,Diesel,Manual,First,28.0,88.0,MARUTI,CIAZ ZDI PLUS SHVS
Kochi,2016,16159,Diesel,Manual,First,22.0,126.0,HYUNDAI,VERNA 1.6 SX CRDI (O)
Mumbai,2005,150000,Diesel,Manual,First,13.0,82.0,HYUNDAI,ACCENT CRDI
Mumbai,2014,22100,Petrol,Manual,First,19.0,86.0,HONDA,BRIO S MT
Coimbatore,2017,35043,Petrol,Manual,First,17.0,81.0,HYUNDAI,I20 ACTIVE 1.2 SX
Pune,2018,24000,Diesel,Automatic,First,18.0,184.0,BMW,3 SERIES 320D SPORT LINE
Chennai,2015,480000,Diesel,Automatic,First,16.0,138.0,VOLKSWAGEN,JETTA 2013-2015 2.0L TDI HIGHLINE AT
Chennai,2011,70000,Petrol,Manual,Second,15.0,103.0,VOLKSWAGEN,POLO PETROL HIGHLINE 1.6L
Pune,2015,13769,Petrol,Manual,Second,16.0,85.0,MARUTI,SWIFT VXI BSIV
Kolkata,2013,58000,Diesel,Manual,First,19.0,108.0,RENAULT,DUSTER 110PS DIESEL RXZ
Hyderabad,2009,58000,Diesel,Automatic,First,18.0,190.0,BMW,X3 XDRIVE 20D LUXURY LINE
Coimbatore,2018,18705,Diesel,Manual,First,20.0,91.0,FIAT,AVVENTURA MULTIJET EMOTION
Delhi,2013,32378,Petrol,Manual,First,20.0,67.0,MARUTI,WAGON R STINGRAY VXI
Kolkata,2013,45000,Diesel,Manual,First,22.0,76.0,CHEVROLET,SAIL HATCHBACK LS ABS
Coimbatore,2015,36836,Diesel,Manual,First,15.0,140.0,MAHINDRA,XUV500 W8 2WD
Kochi,2016,54199,Diesel,Manual,First,23.0,88.0,TATA,ZEST QUADRAJET 1.3
Kochi,2017,36935,Diesel,Automatic,First,18.0,190.0,BMW,X3 XDRIVE20D XLINE
Chennai,2015,23000,Diesel,Manual,First,25.0,74.0,MARUTI,SWIFT VDI BSIV
Bangalore,2015,14000,Diesel,Automatic,First,18.0,190.0,BMW,5 SERIES 2013-2017 520D LUXURY LINE
Chennai,2015,100073,Diesel,Manual,Second,25.0,69.0,TATA,INDIGO CS EVX
Kochi,2015,59182,Diesel,Manual,First,15.0,140.0,MAHINDRA,XUV500 W8 2WD
Kochi,2016,72132,Diesel,Automatic,Second,12.0,241.0,AUDI,Q7 35 TDI QUATTRO PREMIUM PLUS
Hyderabad,2009,79000,Diesel,Automatic,First,18.0,177.0,BMW,5 SERIES 2003-2012 520D
Coimbatore,2013,66930,Petrol,Manual,First,17.0,121.0,HYUNDAI,VERNA 1.6 SX VTVT (O)
Pune,2015,100000,Diesel,Automatic,Second,13.0,194.0,HYUNDAI,SANTA FE 4WD AT
Bangalore,2012,43000,Petrol,Manual,First,0.0,97.0,HYUNDAI,SANTRO GLS II - EURO II
Kochi,2018,27413,Petrol,Automatic,First,20.0,67.0,MARUTI,WAGON R AMT VXI
Pune,2007,90000,Petrol,Manual,Second,17.0,64.0,MARUTI,WAGON R LX BSIII
Kolkata,2013,40300,Petrol,Manual,First,18.0,82.0,HYUNDAI,I20 SPORTZ 1.2
Kochi,2011,73783,Petrol,Automatic,Second,13.0,157.0,SKODA,SUPERB ELEGANCE 1.8 TSI AT
Pune,2005,86000,Petrol,Manual,Second,15.0,83.0,HYUNDAI,GETZ GLS
Delhi,2014,65694,Petrol,Manual,First,18.0,67.0,MARUTI,WAGON R LXI BS IV
Kolkata,2015,23000,Petrol,Manual,First,16.0,34.0,MARUTI,OMNI MPI CARGO BSIV
Mumbai,2012,51000,Petrol,Manual,First,20.0,78.0,HYUNDAI,I10 MAGNA 1.2
Kochi,2018,18335,Petrol,Manual,First,21.0,67.0,RENAULT,KWID 1.0 RXT OPTIONAL
Bangalore,2014,36000,Diesel,Automatic,First,15.0,107.0,MERCEDES-BENZ,B CLASS 2012-2015 B200 SPORT CDI
Mumbai,2017,25000,Petrol,Automatic,First,17.0,103.0,VOLKSWAGEN,POLO GT TSI
Bangalore,2007,81000,Diesel,Manual,Third,12.0,120.0,MAHINDRA,SCORPIO VLX 4WD
Kochi,2019,21719,Diesel,Automatic,First,12.0,174.0,TOYOTA,FORTUNER 2.8 2WD AT
Coimbatore,2013,75421,Diesel,Manual,First,25.0,56.0,CHEVROLET,BEAT DIESEL LT
Delhi,2010,80000,Diesel,Manual,First,12.0,102.0,TOYOTA,INNOVA 2.5 G4 DIESEL 8-SEATER
Kochi,2018,10671,Petrol,Manual,First,20.0,83.0,MARUTI,SWIFT DZIRE VXI
Hyderabad,2018,4126,Petrol,Manual,First,21.0,67.0,RENAULT,KWID CLIMBER 1.0 MT
Hyderabad,2017,98500,Diesel,Manual,First,22.0,74.0,TATA,BOLT QUADRAJET XM
Coimbatore,2016,61578,Petrol,Manual,First,18.0,82.0,HYUNDAI,GRAND I10 ASTA
Ahmedabad,2014,54000,Diesel,Manual,First,20.0,103.0,VOLKSWAGEN,VENTO 1.5 TDI HIGHLINE
Coimbatore,2013,70998,Diesel,Automatic,First,17.0,174.0,AUDI,A6 2011-2015 2.0 TDI
Kolkata,2015,40082,Diesel,Manual,First,19.0,73.0,MARUTI,SWIFT DZIRE LDI BSIV
Kochi,2012,50619,Petrol,Manual,First,18.0,62.0,CHEVROLET,SPARK 1.0 LT
Coimbatore,2009,103905,Diesel,Automatic,First,22.0,190.0,BMW,3 SERIES 320D
Kochi,2018,15334,Petrol,Manual,First,21.0,55.0,HYUNDAI,EON ERA PLUS
Hyderabad,2013,69000,Diesel,Manual,First,23.0,74.0,MARUTI,SWIFT DZIRE VDI
Hyderabad,2014,75160,Diesel,Manual,First,20.0,88.0,VOLKSWAGEN,CROSSPOLO 1.5 TDI
Coimbatore,2014,44753,Petrol,Manual,First,18.0,86.0,HONDA,AMAZE E I-VTECH
Kochi,2012,53024,Petrol,Automatic,First,14.0,103.0,VOLKSWAGEN,VENTO PETROL HIGHLINE AT
Kolkata,2014,23840,Petrol,Manual,First,20.0,67.0,MARUTI,WAGON R STINGRAY VXI
Hyderabad,2014,81298,Diesel,Manual,First,20.0,88.0,VOLKSWAGEN,POLO 1.5 TDI HIGHLINE
Jaipur,2015,59000,Petrol,Manual,Second,16.0,73.0,VOLKSWAGEN,POLO PETROL COMFORTLINE 1.2L
Kochi,2016,51806,Diesel,Manual,First,25.0,98.0,HONDA,AMAZE SX I-DTEC
Delhi,2014,56000,Diesel,Automatic,First,18.0,187.0,AUDI,A6 35 TDI MATRIX
Kochi,2019,29279,Diesel,Manual,First,24.0,69.0,TATA,TIGOR 1.05 REVOTORQ XZ OPTION
Kochi,2017,33550,Diesel,Automatic,First,21.0,108.0,VOLKSWAGEN,VENTO 1.5 TDI HIGHLINE AT
Hyderabad,2014,62000,Diesel,Automatic,First,18.0,187.0,AUDI,A6 35 TDI MATRIX
Hyderabad,2014,66000,Diesel,Manual,First,19.0,108.0,NISSAN,TERRANO XL 110 PS
Coimbatore,2016,46630,Diesel,Automatic,First,21.0,103.0,SKODA,RAPID 1.5 TDI AT ELEGANCE
Hyderabad,2016,72566,Diesel,Manual,First,25.0,99.0,FORD,FIGO ASPIRE 1.5 TDCI TREND
Pune,2011,51482,Diesel,Manual,First,15.0,70.0,TATA,VENTURE EX
Chennai,2011,90000,Diesel,Automatic,First,14.0,167.0,MERCEDES-BENZ,NEW C-CLASS C 220 CDI BE AVANTGARE
Jaipur,2014,69000,Diesel,Manual,Second,13.0,168.0,TOYOTA,FORTUNER 4X2 MANUAL
Delhi,2011,90000,Petrol,Manual,Second,17.0,118.0,HONDA,CITY 1.5 V MT
Mumbai,2015,39000,Petrol,Manual,First,18.0,81.0,HYUNDAI,I20 ASTA OPTION 1.2
Hyderabad,2012,110000,Diesel,Manual,Second,20.0,103.0,VOLKSWAGEN,VENTO DIESEL TRENDLINE
Kochi,2011,68022,Diesel,Manual,First,13.0,141.0,FORD,ENDEAVOUR 2.5L 4X2 MT
Coimbatore,2018,27852,Petrol,Automatic,First,14.0,121.0,FORD,ECOSPORT 1.5 PETROL TITANIUM PLUS AT
Bangalore,2013,58291,Diesel,Manual,First,17.0,97.0,MARUTI,SWIFT VDI BSIV
Coimbatore,2011,68439,Diesel,Manual,First,23.0,90.0,HYUNDAI,I20 SPORTZ DIESEL
Delhi,2011,150000,Diesel,Manual,First,12.0,100.0,TOYOTA,INNOVA 2.5 VX (DIESEL) 8 SEATER
Mumbai,2018,14000,Diesel,Manual,First,21.0,108.0,TATA,NEXON 1.5 REVOTORQ XZ PLUS DUAL TONE
Hyderabad,2012,71558,Diesel,Manual,First,20.0,68.0,FORD,FIGO DIESEL TITANIUM
Delhi,2013,48000,Diesel,Automatic,Second,17.0,300.0,PORSCHE,PANAMERA DIESEL
Jaipur,2015,65800,Diesel,Automatic,First,17.0,126.0,HYUNDAI,CRETA 1.6 CRDI AT SX PLUS
Hyderabad,2014,53000,Diesel,Automatic,First,16.0,140.0,AUDI,A4 2.0 TDI MULTITRONIC
Kolkata,2017,14600,Diesel,Manual,First,16.0,140.0,MAHINDRA,XUV500 W8 4WD
Jaipur,2017,34429,Diesel,Automatic,First,13.0,174.0,ISUZU,MUX 4WD
Delhi,2014,52000,Diesel,Manual,First,23.0,74.0,MARUTI,SWIFT DZIRE VDI
Kolkata,2015,25470,Petrol,Manual,First,20.0,91.0,MARUTI,CIAZ ZXI
Pune,2013,22000,Petrol,Manual,First,21.0,55.0,HYUNDAI,EON ERA PLUS
Chennai,2007,75000,Diesel,Automatic,First,11.0,198.0,MERCEDES-BENZ,E-CLASS 280 CDI
Pune,2011,95995,Diesel,Automatic,First,18.0,177.0,BMW,5 SERIES 2003-2012 520D
Jaipur,2017,26877,Diesel,Manual,First,24.0,73.0,HYUNDAI,GRAND I10 1.2 CRDI SPORTZ OPTION
Hyderabad,2015,26000,Diesel,Automatic,First,14.0,301.0,JAGUAR,XJ 3.0L PORTFOLIO
Chennai,2007,140000,Diesel,Manual,Second,17.0,75.0,MARUTI,SWIFT LDI BSIII
Hyderabad,2008,95291,Petrol,Manual,First,17.0,62.0,HYUNDAI,SANTRO XING GLS
Hyderabad,2009,135000,Diesel,Manual,Second,12.0,102.0,TOYOTA,INNOVA 2.5 V DIESEL 8-SEATER
Kolkata,2015,32000,Petrol,Manual,First,18.0,81.0,HYUNDAI,I20 SPORTZ 1.2
Mumbai,2008,68333,Diesel,Automatic,Second,11.0,198.0,MERCEDES-BENZ,E-CLASS 280 CDI
Chennai,2011,72000,Diesel,Manual,First,20.0,68.0,FORD,FIGO DIESEL ZXI
Ahmedabad,2012,52100,Diesel,Manual,First,21.0,86.0,TOYOTA,COROLLA ALTIS 1.4 DG
Jaipur,2018,10000,Petrol,Manual,First,18.0,81.0,HYUNDAI,GRAND I10 1.2 KAPPA SPORTZ
Coimbatore,2019,6261,Diesel,Manual,First,16.0,170.0,JEEP,COMPASS 2.0 LIMITED 4X4
Coimbatore,2019,3906,Petrol,Automatic,First,20.0,81.0,MARUTI,IGNIS 1.2 AMT ALPHA
Pune,2014,55960,Diesel,Manual,First,11.0,171.0,TOYOTA,FORTUNER 3.0 DIESEL
Jaipur,2013,144000,Diesel,Manual,First,20.0,103.0,VOLKSWAGEN,VENTO DIESEL HIGHLINE
Mumbai,2017,38000,Diesel,Manual,First,13.0,147.0,TOYOTA,INNOVA CRYSTA 2.4 VX MT
Jaipur,2013,51000,Diesel,Manual,First,20.0,68.0,FORD,FIGO DIESEL CELEBRATION EDITION
Hyderabad,2015,150000,Diesel,Manual,First,23.0,67.0,TOYOTA,PLATINUM ETIOS 1.4 GXD
Mumbai,2018,2500,Diesel,Manual,First,18.0,63.0,MAHINDRA,THAR DI 4X4
Kochi,2018,41661,Diesel,Automatic,First,12.0,187.0,LAND,ROVER RANGE ROVER HSE DYNAMIC
Delhi,2011,64000,Diesel,Automatic,First,16.0,181.0,BMW,3 SERIES 320D HIGHLINE
Bangalore,2008,80000,Petrol,Manual,Second,13.0,94.0,HYUNDAI,ACCENT GLS
Jaipur,2016,30000,Petrol,Automatic,Second,23.0,67.0,MARUTI,CELERIO ZXI AT
Chennai,2014,43000,Diesel,Automatic,Second,16.0,187.0,JAGUAR,XF 2.2 LITRE LUXURY
Bangalore,2013,90000,Diesel,Automatic,Second,12.0,179.0,AUDI,A6 2.7 TDI
Hyderabad,2011,123880,Diesel,Manual,First,23.0,63.0,NISSAN,MICRA DIESEL XV
Jaipur,2015,42000,Petrol,Manual,Second,18.0,86.0,HONDA,AMAZE S I-VTECH
Chennai,2012,79824,Diesel,Manual,First,19.0,83.0,RENAULT,DUSTER 85PS DIESEL RXL OPTION
Jaipur,2015,75000,Diesel,Manual,First,12.0,100.0,TOYOTA,INNOVA 2.5 G (DIESEL) 8 SEATER
Ahmedabad,2014,72411,Petrol,Manual,First,18.0,86.0,HONDA,AMAZE E I-VTECH
Delhi,2012,63000,Diesel,Automatic,First,14.0,204.0,MERCEDES-BENZ,NEW C-CLASS C 250 CDI ELEGANCE
Chennai,2015,53713,Petrol,Manual,First,17.0,78.0,TOYOTA,ETIOS LIVA G
Delhi,2017,18000,Diesel,Automatic,First,11.0,171.0,TOYOTA,INNOVA CRYSTA 2.8 GX AT 8S
Bangalore,2013,51000,Diesel,Manual,First,15.0,170.0,MERCEDES-BENZ,NEW C-CLASS 200 CDI ELEGANCE
Chennai,2008,86700,Petrol,Manual,Second,16.0,88.0,MARUTI,SWIFT VXI BSIII
Kolkata,2016,29000,Diesel,Manual,First,27.0,74.0,MARUTI,BALENO ALPHA 1.3
Hyderabad,2014,56000,LPG,Manual,First,13.0,62.0,HYUNDAI,SANTRO XING GL PLUS LPG
Mumbai,2015,33000,Petrol,Automatic,First,23.0,67.0,MARUTI,CELERIO VXI AT
Kochi,2014,64394,Diesel,Manual,First,22.0,89.0,FORD,ECOSPORT 1.5 DV5 MT AMBIENTE
Hyderabad,2010,76000,Diesel,Manual,First,18.0,90.0,TATA,MANZA AURA QUADRAJET
Mumbai,2016,48719,Diesel,Manual,First,27.0,98.0,HONDA,JAZZ 1.5 SV I DTEC
Coimbatore,2016,59711,Diesel,Manual,First,15.0,140.0,MAHINDRA,XUV500 W8 2WD
Hyderabad,2012,83000,Diesel,Manual,First,23.0,63.0,NISSAN,MICRA DIESEL XV PREMIUM
Coimbatore,2018,10714,Diesel,Automatic,First,19.0,167.0,MERCEDES-BENZ,NEW C-CLASS C 220D AVANTGARDE EDITION C
Hyderabad,2010,127510,Diesel,Manual,Second,19.0,90.0,TATA,MANZA AURA PLUS QUADRAJET BS IV
Kolkata,2014,35010,Diesel,Manual,First,22.0,74.0,MARUTI,SWIFT VDI
Jaipur,2012,75451,Petrol,Manual,First,17.0,85.0,MARUTI,SWIFT DZIRE 1.2 LXI BSIV
Pune,2015,83000,Diesel,Manual,First,19.0,69.0,TATA,INDIGO ECS LS (TDI) BS-III
Kolkata,2013,38755,Diesel,Manual,First,25.0,98.0,HONDA,AMAZE S I-DTECH
Delhi,2016,30000,Petrol,Manual,First,20.0,81.0,MARUTI,SWIFT VXI BSIV
Chennai,2012,40000,Diesel,Manual,First,20.0,88.0,MARUTI,ERTIGA ZDI
Kolkata,2014,19500,Petrol,Manual,Second,18.0,82.0,HYUNDAI,GRAND I10 ERA
Ahmedabad,2016,41000,Petrol,Manual,First,19.0,67.0,NISSAN,MICRA ACTIVE XV
Bangalore,2014,30000,Petrol,Manual,Second,18.0,82.0,HYUNDAI,GRAND I10 ASTA OPTION
Hyderabad,2017,37000,Diesel,Manual,First,17.0,170.0,JEEP,COMPASS 2.0 SPORT
Delhi,2014,62000,Diesel,Manual,Second,22.0,73.0,VOLKSWAGEN,POLO DIESEL COMFORTLINE 1.2L
Pune,2015,42023,Petrol,Automatic,First,15.0,86.0,HONDA,AMAZE S AT I-VTECH
Kolkata,2012,51001,Diesel,Automatic,First,16.0,184.0,BMW,X3 XDRIVE20D ADVANTAGE EDITION
Kochi,2017,55389,Diesel,Automatic,First,18.0,184.0,BMW,3 SERIES 320D LUXURY LINE
Kochi,2014,46728,Petrol,Automatic,First,15.0,116.0,HONDA,CITY V AT
Kochi,2014,58995,Diesel,Manual,First,12.0,162.0,MAHINDRA,SSANGYONG REXTON RX5
Delhi,2015,37857,Diesel,Manual,First,26.0,74.0,MARUTI,SWIFT DZIRE LDI
Jaipur,2014,71000,Diesel,Manual,First,25.0,74.0,MARUTI,SWIFT VDI BSIV
Pune,2012,49024,Petrol,Manual,First,18.0,86.0,HONDA,BRIO S OPTION MT
Mumbai,2016,10770,Petrol,Manual,First,18.0,82.0,HYUNDAI,GRAND I10 SPORTZ
Pune,2017,72000,Diesel,Manual,First,22.0,74.0,TATA,ZEST QUADRAJET 1.3 75PS XM
Jaipur,2015,91000,Petrol,Manual,First,21.0,55.0,HYUNDAI,EON ERA PLUS
Mumbai,2017,14000,Petrol,Manual,First,18.0,81.0,HYUNDAI,I20 1.2 SPOTZ
Delhi,2014,48000,Diesel,Automatic,Second,9.0,181.0,VOLVO,S60 D4 KINETIC
Delhi,2014,75136,Diesel,Manual,First,22.0,89.0,FORD,ECOSPORT 1.5 DV5 MT TITANIUM OPTIONAL
Hyderabad,2014,32500,Petrol,Manual,Second,21.0,85.0,MARUTI,RITZ VXI
Hyderabad,2010,94500,Diesel,Manual,Second,21.0,90.0,HYUNDAI,I20 1.4 CRDI MAGNA
Hyderabad,2013,34900,Petrol,Manual,First,22.0,81.0,MARUTI,DZIRE VXI
Coimbatore,2010,42400,Petrol,Automatic,Third,8.0,394.0,PORSCHE,PANAMERA 2010 2013 4S
Jaipur,2015,50000,Diesel,Manual,First,17.0,75.0,MARUTI,SWIFT VDI BSIII W/ ABS
Kolkata,2014,35000,Petrol,Manual,First,19.0,86.0,HONDA,BRIO S MT
Bangalore,2012,37000,Petrol,Manual,Second,18.0,79.0,CHEVROLET,BEAT LS
Coimbatore,2018,32807,Petrol,Automatic,First,13.0,121.0,HYUNDAI,CRETA 1.6 SX PLUS PETROL AUTOMATIC
Pune,2008,119000,Petrol,Manual,Second,17.0,78.0,HONDA,CITY ZX GXI
Mumbai,2016,12000,Petrol,Manual,First,18.0,85.0,MARUTI,RITZ LXI
Delhi,2016,46727,Diesel,Manual,First,22.0,98.0,FORD,ECOSPORT 1.5 TDCI TREND
Hyderabad,2010,73336,Diesel,Automatic,First,13.0,170.0,BMW,3 SERIES 320D
Mumbai,2014,9000,Petrol,Manual,Second,17.0,121.0,HYUNDAI,VERNA 1.6 SX VTVT
Chennai,2005,240000,Diesel,Manual,Fourth & Above,12.0,102.0,TOYOTA,INNOVA 2.5 G4 DIESEL 8-SEATER
Mumbai,2014,25422,Petrol,Manual,First,22.0,67.0,MARUTI,WAGON R LXI
Mumbai,2018,14000,Diesel,Manual,First,25.0,88.0,MARUTI,ERTIGA VDI
Hyderabad,2008,66000,Petrol,Manual,First,19.0,46.0,MARUTI,ALTO LXI BSIII
Kochi,2010,55324,Petrol,Manual,First,19.0,66.0,MARUTI,A-STAR VXI
Bangalore,2009,90000,Diesel,Automatic,First,11.0,235.0,BMW,X5 3.0D
Kolkata,2017,43000,Petrol,Manual,First,18.0,82.0,MAHINDRA,KUV 100 G80 K6 PLUS 5STR
Bangalore,2008,58483,Petrol,Automatic,Second,19.0,80.0,HYUNDAI,I10 MAGNA AT
Pune,2007,93000,Petrol,Automatic,Second,12.0,130.0,HONDA,CIVIC 2006-2010 1.8 S AT
Hyderabad,2010,50000,Petrol,Manual,First,20.0,78.0,HYUNDAI,I10 SPORTZ 1.2
Ahmedabad,2014,78616,Diesel,Automatic,Second,14.0,170.0,MERCEDES-BENZ,NEW C-CLASS C 220 CDI ELEGANCE AT
Pune,2011,37000,Petrol,Manual,First,17.0,88.0,TOYOTA,ETIOS G
Kolkata,2010,54801,Petrol,Manual,First,17.0,118.0,HONDA,CITY 1.5 E MT
Bangalore,2014,29000,Diesel,Manual,First,23.0,74.0,MARUTI,SWIFT DZIRE VDI
Pune,2010,68000,Petrol,Manual,First,22.0,81.0,MARUTI,SWIFT VXI
Kolkata,2014,58000,Petrol,Manual,First,17.0,121.0,HYUNDAI,VERNA 1.6 EX VTVT
Pune,2012,64290,Diesel,Manual,First,23.0,73.0,MARUTI,RITZ VDI
Mumbai,2015,31000,Diesel,Manual,First,13.0,168.0,TOYOTA,FORTUNER 4X2 MANUAL
Pune,2018,16039,Diesel,Manual,First,17.0,170.0,JEEP,COMPASS 2.0 LIMITED
Hyderabad,2017,19860,Petrol,Manual,First,18.0,81.0,HYUNDAI,I20 ASTA OPTION 1.2
Delhi,2014,48500,CNG,Manual,Second,26.0,58.0,MARUTI,WAGON R LXI CNG
Jaipur,2012,75391,Diesel,Manual,First,13.0,138.0,TATA,NEW SAFARI DICOR 2.2 EX 4X4 BS IV
Jaipur,2008,78000,Diesel,Manual,Second,19.0,73.0,MARUTI,SWIFT DZIRE LDI
Kolkata,2016,78000,Diesel,Manual,First,25.0,69.0,TATA,INDIGO ECS ELS BS IV
Hyderabad,2016,52000,Diesel,Manual,First,28.0,74.0,MARUTI,SWIFT LDI
Kolkata,2016,30000,Petrol,Automatic,First,23.0,67.0,MARUTI,CELERIO VXI AT
Coimbatore,2016,19254,Diesel,Automatic,First,14.0,258.0,BMW,5 SERIES 2013-2017 530D M SPORT
Coimbatore,2015,29651,Petrol,Manual,First,16.0,74.0,VOLKSWAGEN,POLO 1.2 MPI HIGHLINE
Bangalore,2011,80000,Diesel,Manual,First,13.0,138.0,TATA,SAFARI DICOR 2.2 LX 4X2
Kolkata,2018,2971,Petrol,Automatic,First,13.0,181.0,MINI,COOPER S CARBON EDITION
Kolkata,2015,21400,Petrol,Manual,First,15.0,70.0,FORD,FIGO PETROL TITANIUM
Ahmedabad,2015,77000,Diesel,Manual,First,26.0,98.0,HONDA,CITY I DTEC V
Delhi,2006,80000,Diesel,Manual,Second,12.0,112.0,HYUNDAI,TUCSON CRDI
Delhi,2013,81755,Diesel,Manual,First,20.0,108.0,SKODA,LAURA AMBIENTE 2.0 TDI CR MT
Hyderabad,2016,99593,Diesel,Manual,First,11.0,171.0,TOYOTA,FORTUNER 3.0 DIESEL
Hyderabad,2014,39791,Diesel,Manual,First,22.0,126.0,HYUNDAI,VERNA 1.6 SX
Hyderabad,2015,113000,Diesel,Manual,First,15.0,140.0,MAHINDRA,XUV500 W6 2WD
Mumbai,2017,24000,Petrol,Manual,First,25.0,53.0,RENAULT,KWID RXT
Bangalore,2015,39000,Petrol,Manual,Second,18.0,81.0,HYUNDAI,I20 ASTA 1.2
Bangalore,2012,37000,Petrol,Automatic,First,15.0,116.0,HONDA,CITY V AT
Coimbatore,2017,61108,Diesel,Automatic,First,10.0,197.0,FORD,ENDEAVOUR 3.2 TITANIUM AT 4X4
Kochi,2016,61648,Petrol,Automatic,First,13.0,157.0,SKODA,SUPERB ELEGANCE 1.8 TSI AT
Mumbai,2012,37000,Diesel,Automatic,Third,22.0,190.0,BMW,3 SERIES 320D SPORT
Mumbai,2013,53000,CNG,Manual,First,22.0,80.0,MARUTI,ERTIGA VXI CNG
Jaipur,2013,65000,Diesel,Manual,First,23.0,73.0,MARUTI,RITZ LDI
Jaipur,2005,120000,Petrol,Manual,First,0.0,97.0,HYUNDAI,SANTRO XING XP
Jaipur,2011,148009,Diesel,Manual,Second,11.0,171.0,TOYOTA,FORTUNER 3.0 DIESEL
Mumbai,2009,53001,Petrol,Manual,First,16.0,88.0,MARUTI,SWIFT LXI BSIII
Mumbai,2018,22345,Petrol,Manual,First,20.0,84.0,TATA,TIGOR 1.2 REVOTRON XT
Delhi,2015,50000,Petrol,Automatic,First,18.0,117.0,HONDA,CITY I VTEC CVT VX
Hyderabad,2013,48183,Diesel,Automatic,First,13.0,170.0,BMW,3 SERIES 320D
Hyderabad,2010,93000,Diesel,Automatic,Second,14.0,203.0,MERCEDES-BENZ,E-CLASS 2009-2013 E250 CDI BLUE EFFICIENCY
Kochi,2015,53500,Diesel,Manual,First,28.0,74.0,MARUTI,SWIFT VDI
Delhi,2014,17585,Petrol,Manual,First,16.0,93.0,MARUTI,ERTIGA VXI
Kolkata,2011,36226,Petrol,Manual,First,17.0,121.0,HYUNDAI,VERNA 1.6 VTVT
Coimbatore,2019,25899,Diesel,Automatic,First,12.0,147.0,LAND,ROVER DISCOVERY SPORT TD4 HSE
Kolkata,2009,60170,Petrol,Manual,First,0.0,62.0,HYUNDAI,SANTRO XING GL
Hyderabad,2017,11200,Diesel,Automatic,First,19.0,167.0,MERCEDES-BENZ,NEW C-CLASS C 220 CDI STYLE
Kochi,2017,49045,Petrol,Manual,First,20.0,78.0,HYUNDAI,I10 MAGNA 1.2
Kolkata,2012,45000,Diesel,Manual,First,22.0,73.0,VOLKSWAGEN,POLO DIESEL COMFORTLINE 1.2L
Delhi,2017,40000,Diesel,Manual,First,24.0,88.0,MARUTI,VITARA BREZZA VDI OPTION
Mumbai,2016,36600,Diesel,Manual,First,19.0,83.0,RENAULT,DUSTER 85PS DIESEL RXL
Jaipur,2009,117000,Diesel,Manual,First,18.0,75.0,TATA,INDICA VISTA AQUA 1.3 QUADRAJET
Delhi,2016,16000,Diesel,Automatic,First,11.0,254.0,MERCEDES-BENZ,GL-CLASS 350 CDI BLUE EFFICIENCY
Mumbai,2016,50000,Diesel,Manual,First,25.0,73.0,HYUNDAI,XCENT 1.2 CRDI S
Hyderabad,2008,150000,Diesel,Manual,First,18.0,110.0,HYUNDAI,VERNA CRDI SX ABS
Mumbai,2014,11000,Petrol,Manual,First,17.0,121.0,HYUNDAI,VERNA 1.6 SX VTVT
Bangalore,2010,102016,Petrol,Manual,First,15.0,70.0,FORD,FIGO PETROL ZXI
Chennai,2016,38000,Diesel,Manual,First,25.0,74.0,MARUTI,SWIFT VDI OPTIONAL
Hyderabad,2013,71491,Diesel,Manual,First,23.0,63.0,RENAULT,PULSE RXL
Bangalore,2015,46354,Petrol,Manual,Second,16.0,74.0,VOLKSWAGEN,POLO 1.2 MPI HIGHLINE
Delhi,2019,87000,Diesel,Automatic,First,22.0,190.0,BMW,3 SERIES 320D LUXURY LINE
Ahmedabad,2015,20765,Petrol,Manual,First,15.0,103.0,SKODA,RAPID 1.6 MPI ACTIVE
Ahmedabad,2005,58000,Petrol,Manual,Second,0.0,97.0,HYUNDAI,SANTRO GS
Coimbatore,2014,51076,Diesel,Automatic,First,12.0,241.0,AUDI,Q7 3.0 TDI QUATTRO PREMIUM PLUS
Jaipur,2016,84085,Diesel,Manual,First,26.0,88.0,MARUTI,CIAZ VDI PLUS
Kolkata,2014,55000,Diesel,Manual,First,25.0,98.0,HONDA,CITY I DTEC VX
Mumbai,2010,73000,Petrol,Automatic,First,10.0,272.0,MERCEDES-BENZ,E-CLASS 2009-2013 E350 PETROL
Pune,2012,50001,Diesel,Automatic,First,14.0,241.0,AUDI,A6 2011-2015 3.0 TDI QUATTRO PREMIUM PLUS
Coimbatore,2016,93166,Diesel,Manual,Second,14.0,118.0,MAHINDRA,XYLO H4
Kochi,2006,99583,Petrol,Automatic,Third,12.0,100.0,HONDA,CITY 1.5 EXI AT
Mumbai,2010,72000,Petrol,Manual,First,15.0,103.0,MARUTI,SX4 ZXI MT BSIV
Pune,2009,70000,Petrol,Manual,Third,14.0,138.0,TOYOTA,COROLLA ALTIS G
Pune,2012,61000,Petrol,Automatic,Second,14.0,103.0,VOLKSWAGEN,VENTO PETROL HIGHLINE AT
Pune,2015,66510,Petrol,Manual,First,21.0,55.0,HYUNDAI,EON ERA PLUS
Hyderabad,2011,84062,Diesel,Manual,First,20.0,108.0,SKODA,LAURA AMBITION 2.0 TDI CR MT
Hyderabad,2012,80799,Diesel,Manual,First,22.0,74.0,MARUTI,SWIFT VDI
Kolkata,2018,5000,Petrol,Automatic,First,14.0,138.0,TOYOTA,COROLLA ALTIS 1.8 VL CVT
Hyderabad,2013,92000,Diesel,Manual,First,12.0,100.0,TOYOTA,INNOVA 2.5 G (DIESEL) 8 SEATER
Hyderabad,2017,53000,Diesel,Manual,First,27.0,69.0,TATA,TIAGO WIZZ 1.05 REVOTORQ
Mumbai,2015,39822,Petrol,Manual,First,15.0,103.0,SKODA,RAPID 1.6 MPI AMBITION
Mumbai,2016,29000,Diesel,Automatic,First,10.0,197.0,FORD,ENDEAVOUR 3.2 TITANIUM AT 4X4
Kochi,2017,24214,Petrol,Manual,Second,25.0,53.0,RENAULT,KWID RXL
Pune,2012,75000,Diesel,Manual,First,23.0,90.0,HYUNDAI,I20 1.4 ASTA CRDI WITH AVN
Chennai,2012,77216,Diesel,Manual,Second,17.0,106.0,SKODA,LAURA AMBIENTE
Kochi,2013,74290,Diesel,Manual,First,21.0,87.0,TOYOTA,COROLLA ALTIS DIESEL D4DG
Delhi,2015,61000,Diesel,Manual,First,15.0,120.0,MAHINDRA,SCORPIO S8 8 SEATER
Chennai,2013,44000,Diesel,Automatic,First,14.0,174.0,AUDI,Q5 2.0 TDI PREMIUM PLUS
Coimbatore,2014,74041,Diesel,Manual,First,18.0,73.0,CHEVROLET,ENJOY TCDI LS 8 SEATER
Coimbatore,2013,85846,Diesel,Automatic,First,22.0,190.0,BMW,3 SERIES 320D
Delhi,2012,52000,Diesel,Manual,First,21.0,84.0,NISSAN,SUNNY 2011-2014 DIESEL XV
Mumbai,2010,47000,Petrol,Manual,Second,12.0,177.0,HONDA,ACCORD 2.4 MT
Bangalore,2010,72010,Diesel,Manual,First,16.0,110.0,HYUNDAI,VERNA CRDI
Jaipur,2015,15000,Petrol,Manual,First,16.0,34.0,MARUTI,OMNI E MPI STD BS IV
Kolkata,2015,480000,Petrol,Manual,First,17.0,117.0,HONDA,CITY I VTEC SV
Kolkata,2012,24720,Diesel,Automatic,Second,0.0,241.0,AUDI,A7 2011-2015 SPORTBACK
Chennai,2007,75000,Petrol,Manual,Second,16.0,68.0,FORD,FIESTA 1.4 ZXI LEATHER
Mumbai,2015,57000,Diesel,Manual,First,22.0,88.0,HYUNDAI,I20 1.4 ASTA
Kochi,2015,41057,Diesel,Automatic,First,13.0,201.0,MERCEDES-BENZ,E-CLASS E250 CDI AVANTGRADE
Pune,2012,92000,CNG,Manual,Second,26.0,58.0,MARUTI,WAGON R LXI CNG
Chennai,2016,20000,Diesel,Manual,First,22.0,98.0,FORD,ECOSPORT 1.5 TDCI TREND PLUS
Mumbai,2011,52359,Petrol,Manual,First,18.0,80.0,HYUNDAI,I20 1.2 MAGNA
Delhi,2016,17000,Petrol,Manual,Second,17.0,117.0,HONDA,CITY I VTEC V
Kolkata,2011,39002,Diesel,Manual,First,23.0,63.0,NISSAN,MICRA DIESEL XV
Pune,2010,129986,Diesel,Manual,Second,20.0,68.0,FORD,FIGO DIESEL EXI
Kolkata,2013,45000,Petrol,Manual,First,18.0,75.0,NISSAN,MICRA XL
Kolkata,2013,41300,Diesel,Manual,First,17.0,97.0,MARUTI,SWIFT VDI BSIV
Ahmedabad,2009,82002,Petrol,Manual,Second,12.0,177.0,HONDA,ACCORD 2.4 MT
Mumbai,2010,67000,Petrol,Automatic,First,13.0,157.0,SKODA,SUPERB ELEGANCE 1.8 TSI AT
Hyderabad,2017,21260,Petrol,Manual,First,14.0,35.0,MARUTI,OMNI 8 SEATER BSIV
Ahmedabad,2012,55362,Diesel,Manual,First,21.0,88.0,HYUNDAI,I20 MAGNA OPTIONAL 1.4 CRDI
Chennai,2017,13000,Diesel,Automatic,First,17.0,126.0,HYUNDAI,CRETA 1.6 CRDI AT SX PLUS
Kochi,2016,45725,Diesel,Manual,First,25.0,74.0,MARUTI,SWIFT VDI BSIV
Jaipur,2014,105000,Diesel,Manual,First,25.0,74.0,MARUTI,SWIFT LDI BSIV
Hyderabad,2009,156056,Diesel,Manual,First,12.0,102.0,TOYOTA,INNOVA 2.5 G (DIESEL) 8 SEATER BS IV
Mumbai,2016,135000,Diesel,Manual,First,24.0,71.0,HYUNDAI,XCENT 1.1 CRDI BASE
Delhi,2016,67000,Diesel,Manual,First,20.0,88.0,MARUTI,ERTIGA PASEO VDI
Jaipur,2016,90000,Diesel,Automatic,First,10.0,197.0,FORD,ENDEAVOUR 3.2 TREND AT 4X4
Coimbatore,2019,32251,Diesel,Manual,First,22.0,88.0,HYUNDAI,I20 1.4 SPORTZ
Mumbai,2009,47000,Petrol,Manual,First,19.0,67.0,MARUTI,ZEN ESTILO LXI BS IV
Mumbai,2011,75308,Diesel,Manual,Second,21.0,73.0,MARUTI,RITZ VDI
Kochi,2018,44202,CNG,Manual,First,32.0,58.0,MARUTI,ALTO K10 LXI CNG OPTIONAL
Mumbai,2014,58000,Petrol,Manual,First,17.0,118.0,HONDA,CITY 1.5 S MT
Mumbai,2009,60000,Petrol,Manual,First,17.0,85.0,MARUTI,SWIFT DZIRE ZXI
Hyderabad,2014,45000,Diesel,Automatic,First,17.0,184.0,BMW,X1 SDRIVE 20D SPORTLINE
Mumbai,2010,41195,Petrol,Manual,First,15.0,90.0,TATA,MANZA AQUA SAFIRE
Chennai,2016,89000,Diesel,Manual,First,16.0,140.0,MAHINDRA,XUV500 W10 2WD
Bangalore,2009,60510,Petrol,Automatic,Second,16.0,78.0,HYUNDAI,I10 SPORTZ AT
Mumbai,2016,8500,Petrol,Manual,First,21.0,83.0,MARUTI,BALENO SIGMA 1.2
Kochi,2017,35981,Diesel,Manual,First,24.0,88.0,MARUTI,VITARA BREZZA ZDI PLUS DUAL TONE
Mumbai,2012,23152,Petrol,Manual,First,15.0,70.0,FORD,FIGO PETROL ZXI
Delhi,2014,74663,CNG,Manual,First,33.0,67.0,MARUTI,WAGON R CNG LXI
Mumbai,2014,61529,Petrol,Automatic,First,18.0,103.0,VOLKSWAGEN,VENTO SPORT 1.2 TSI AT
Ahmedabad,2010,91596,Diesel,Manual,First,14.0,93.0,MAHINDRA,XYLO D2 BS III
Kochi,2019,14298,Petrol,Automatic,First,13.0,340.0,PORSCHE,CAYENNE BASE
Hyderabad,2013,83327,Diesel,Manual,First,19.0,73.0,MARUTI,SWIFT DZIRE VDI
Hyderabad,2017,22857,Petrol,Manual,First,16.0,74.0,VOLKSWAGEN,POLO 1.2 MPI HIGHLINE PLUS
Chennai,2013,34620,Petrol,Manual,Second,17.0,121.0,HYUNDAI,VERNA 1.6 VTVT
Bangalore,2010,56000,Petrol,Manual,First,19.0,68.0,HYUNDAI,I10 ERA 1.1
Chennai,2014,81000,Diesel,Automatic,First,13.0,204.0,MERCEDES-BENZ,E-CLASS E250 CDI LAUNCH EDITION
Jaipur,1998,95150,Petrol,Manual,Third,17.0,60.0,MARUTI,ZEN LXI
Coimbatore,2013,32776,Petrol,Manual,First,20.0,78.0,HYUNDAI,I10 SPORTZ
Coimbatore,2016,51587,Diesel,Manual,First,25.0,98.0,HONDA,AMAZE S I-DTECH
Jaipur,2016,36000,Diesel,Manual,First,14.0,148.0,TATA,SAFARI STORME VX
Mumbai,2015,22000,Petrol,Manual,First,18.0,86.0,HONDA,BRIO 1.2 S MT
Kochi,2010,30754,Petrol,Manual,First,17.0,80.0,HYUNDAI,I20 ASTA
Coimbatore,2018,37109,Petrol,Manual,First,14.0,120.0,VOLKSWAGEN,JETTA 2012-2014 1.4 TSI
Kolkata,2010,45000,Petrol,Manual,First,16.0,88.0,HONDA,JAZZ SELECT EDITION
Coimbatore,2017,33284,Petrol,Manual,First,18.0,82.0,HYUNDAI,GRAND I10 SPORTZ
Coimbatore,2016,55115,Diesel,Automatic,First,14.0,270.0,JAGUAR,XF DIESEL
Kolkata,2014,18000,Diesel,Automatic,First,16.0,187.0,JAGUAR,XF 2.2 LITRE LUXURY
Coimbatore,2013,130790,Diesel,Manual,First,16.0,140.0,MAHINDRA,XUV500 W8 2WD
Delhi,2015,16607,Diesel,Manual,First,22.0,118.0,MARUTI,S CROSS DDIS 320 ALPHA
Coimbatore,2015,32205,Diesel,Automatic,First,17.0,174.0,AUDI,A4 2.0 TDI 177 BHP PREMIUM PLUS
Delhi,2013,67000,Diesel,Manual,First,19.0,108.0,RENAULT,DUSTER 110PS DIESEL RXZ
Coimbatore,2014,57676,Petrol,Manual,First,19.0,85.0,MARUTI,SWIFT DZIRE VXI
Mumbai,2012,41000,Petrol,Manual,First,16.0,73.0,VOLKSWAGEN,POLO PETROL TRENDLINE 1.2L
Jaipur,2012,65000,Petrol,Manual,First,19.0,35.0,MARUTI,OMNI 8 SEATER BSII
Coimbatore,2019,12153,Petrol,Automatic,First,18.0,81.0,HYUNDAI,GRAND I10 1.2 KAPPA MAGNA AT
Hyderabad,2014,16810,Petrol,Manual,First,25.0,37.0,TATA,NANO TWIST XT
Kochi,2017,61221,Petrol,Automatic,First,17.0,147.0,AUDI,A4 30 TFSI PREMIUM PLUS
Mumbai,2015,22000,Petrol,Manual,First,16.0,74.0,VOLKSWAGEN,POLO 1.2 MPI HIGHLINE
Chennai,2015,63714,Petrol,Manual,First,22.0,47.0,MARUTI,ALTO 800 LXI
Kochi,2019,14857,Diesel,Automatic,First,20.0,113.0,MINI,COOPER 5 DOOR D
Delhi,2012,69000,Diesel,Automatic,Second,15.0,140.0,AUDI,A4 NEW 2.0 TDI MULTITRONIC
Coimbatore,2019,14648,Diesel,Manual,First,12.0,158.0,FORD,ENDEAVOUR TITANIUM 4X2
Hyderabad,2013,100000,Petrol,Manual,Second,15.0,110.0,FORD,ECOSPORT 1.5 TI VCT MT TITANIUM
Jaipur,2016,22000,Petrol,Manual,First,18.0,82.0,HYUNDAI,GRAND I10 MAGNA
Mumbai,2014,10000,Petrol,Manual,First,18.0,82.0,CHEVROLET,SAIL 1.2 LS
Kolkata,2015,107000,Petrol,Manual,First,20.0,83.0,MARUTI,SWIFT DZIRE LXI
Kochi,2017,48198,Petrol,Manual,First,17.0,88.0,TATA,ZEST REVOTRON 1.2T XM
Delhi,2015,15000,Diesel,Automatic,First,19.0,170.0,MERCEDES-BENZ,NEW C-CLASS C 220 CDI AVANTGARDE
Coimbatore,2014,80073,Diesel,Manual,First,17.0,163.0,CHEVROLET,CRUZE LTZ
Hyderabad,2013,85388,Diesel,Manual,First,21.0,73.0,MARUTI,RITZ VDI
Jaipur,2017,14700,Petrol,Manual,First,18.0,81.0,HYUNDAI,GRAND I10 1.2 KAPPA SPORTZ OPTION
Pune,2012,150000,Diesel,Manual,Third,28.0,73.0,MARUTI,DZIRE LDI
Kolkata,2011,34994,Diesel,Manual,First,22.0,126.0,HYUNDAI,VERNA 1.6 SX
Coimbatore,2014,82536,Diesel,Automatic,First,14.0,270.0,JAGUAR,XF DIESEL
Delhi,2013,82000,Petrol,Automatic,First,13.0,157.0,SKODA,SUPERB ELEGANCE 1.8 TSI AT
Pune,2006,52000,Petrol,Manual,Second,18.0,67.0,MARUTI,WAGON R LXI
Mumbai,2011,20000,Petrol,Manual,First,16.0,73.0,VOLKSWAGEN,POLO PETROL HIGHLINE 1.2L
Hyderabad,2011,55000,Petrol,Manual,First,14.0,130.0,HONDA,CIVIC 2010-2013 1.8 S MT
Ahmedabad,2015,47001,CNG,Manual,First,20.0,63.0,MARUTI,EECO CNG 5 SEATER AC
Chennai,2014,52000,Petrol,Manual,First,22.0,67.0,MARUTI,WAGON R VXI
Kolkata,2013,43284,Diesel,Manual,First,23.0,74.0,MARUTI,SWIFT DZIRE VDI
Coimbatore,2018,23875,Petrol,Automatic,First,13.0,121.0,HYUNDAI,CRETA 1.6 SX PLUS PETROL AUTOMATIC
Bangalore,2016,51866,Petrol,Manual,First,18.0,82.0,HYUNDAI,GRAND I10 ASTA
Mumbai,2013,69000,Diesel,Manual,First,23.0,63.0,NISSAN,MICRA DIESEL XV PREMIUM
Coimbatore,2017,62788,Petrol,Manual,First,18.0,81.0,HYUNDAI,GRAND I10 1.2 KAPPA ASTA
Chennai,2013,150000,Diesel,Manual,First,20.0,103.0,VOLKSWAGEN,VENTO DIESEL HIGHLINE
Kochi,2015,47566,Diesel,Automatic,First,12.0,168.0,TOYOTA,FORTUNER 4X2 AT
Chennai,2002,67000,Petrol,Manual,Third,0.0,97.0,HYUNDAI,SANTRO GS ZIPDRIVE - EURO II
Pune,2018,20300,Diesel,Automatic,First,11.0,171.0,TOYOTA,INNOVA CRYSTA 2.8 GX AT
Pune,2015,48300,Diesel,Automatic,First,20.0,107.0,MERCEDES-BENZ,A CLASS A180 CDI
Pune,2013,30000,Petrol,Manual,First,21.0,55.0,HYUNDAI,EON D LITE
Bangalore,2012,36000,Diesel,Manual,Second,22.0,126.0,HYUNDAI,ELANTRA CRDI SX
Kochi,2015,27641,Diesel,Automatic,Second,20.0,113.0,MINI,COOPER 3 DOOR D
Bangalore,2015,60000,Diesel,Manual,First,19.0,108.0,RENAULT,DUSTER 110PS DIESEL RXZ OPTION
Chennai,2019,9000,Diesel,Automatic,First,10.0,197.0,FORD,ENDEAVOUR 3.2 TITANIUM AT 4X4
Delhi,2014,60750,Petrol,Manual,First,14.0,138.0,TOYOTA,COROLLA ALTIS GL MT
Delhi,2018,9000,Diesel,Manual,First,14.0,155.0,MAHINDRA,XUV500 W7
Kolkata,2012,41100,Diesel,Automatic,First,16.0,261.0,BMW,7 SERIES 730LD DESIGN PURE EXCELLENCE CBU
Ahmedabad,2004,60000,Petrol,Manual,Second,17.0,64.0,MARUTI,WAGON R LX BSIII
Kochi,2017,38424,Petrol,Manual,First,17.0,117.0,HONDA,CITY I VTEC SV
Delhi,2014,50000,Diesel,Manual,First,22.0,74.0,MARUTI,SWIFT VDI
Mumbai,2015,19000,Petrol,Automatic,First,18.0,117.0,HONDA,CITY I-VTEC CVT VX
Kochi,2015,58734,Diesel,Manual,First,20.0,88.0,MARUTI,ERTIGA VDI
Coimbatore,2016,65257,Diesel,Manual,First,19.0,108.0,RENAULT,DUSTER 110PS DIESEL RXZ
Jaipur,2010,130000,Diesel,Manual,Second,19.0,73.0,MARUTI,SWIFT DZIRE VDI
Hyderabad,2011,79000,Diesel,Manual,First,23.0,73.0,MARUTI,RITZ VDI
Chennai,2013,78000,Diesel,Manual,First,15.0,140.0,MAHINDRA,XUV500 W8 4WD
Kochi,2015,49133,Petrol,Manual,First,19.0,86.0,HONDA,BRIO S MT
Coimbatore,2016,22769,Diesel,Automatic,First,0.0,165.0,MERCEDES-BENZ,M-CLASS ML 350 4MATIC
Coimbatore,2014,54448,Diesel,Manual,First,21.0,88.0,TATA,MANZA CLUB CLASS QUADRAJET90 LS
Hyderabad,2014,158793,Diesel,Manual,First,12.0,102.0,TOYOTA,INNOVA 2.5 V DIESEL 7-SEATER
Delhi,2015,62088,Petrol,Manual,First,18.0,85.0,MARUTI,SWIFT VXI
Kolkata,2012,14800,Petrol,Manual,First,17.0,121.0,HYUNDAI,VERNA 1.6 EX VTVT
Kolkata,2015,26000,Petrol,Manual,First,17.0,117.0,HONDA,MOBILIO S I VTEC
Mumbai,2017,32005,Petrol,Manual,First,18.0,86.0,HONDA,AMAZE S I-VTECH
Jaipur,2017,35000,Petrol,Automatic,First,18.0,117.0,HONDA,CITY I-VTEC CVT VX
Pune,2015,52000,Diesel,Automatic,First,12.0,187.0,LAND,ROVER RANGE ROVER 2.2L DYNAMIC
Mumbai,2017,11000,Petrol,Manual,First,17.0,117.0,HONDA,CITY I-VTEC V
Jaipur,2008,62000,Petrol,Automatic,First,9.0,231.0,MERCEDES-BENZ,E-CLASS 280 ELEGANCE
Chennai,2002,65134,Petrol,Manual,Third,13.0,70.0,FORD,IKON 1.3 FLAIR
Delhi,2013,71000,Diesel,Manual,First,13.0,168.0,TOYOTA,FORTUNER 4X2 MANUAL
Hyderabad,2008,51366,Petrol,Manual,First,19.0,66.0,MARUTI,A-STAR VXI
Kolkata,2016,46300,Diesel,Manual,First,14.0,83.0,TATA,SUMO EX
Coimbatore,2012,60908,Petrol,Automatic,Second,15.0,116.0,HONDA,CITY V AT
Chennai,2012,93450,Diesel,Manual,Second,23.0,63.0,NISSAN,MICRA XV D
Hyderabad,2011,104000,Diesel,Automatic,First,19.0,126.0,HYUNDAI,VERNA SX CRDI AT
Pune,2003,52000,Petrol,Manual,First,16.0,37.0,MARUTI,800 STD
Coimbatore,2015,42999,Diesel,Manual,First,15.0,140.0,MAHINDRA,XUV500 W8 4WD
Delhi,2014,90000,Diesel,Manual,First,21.0,88.0,MARUTI,SX4 VDI
Bangalore,2013,72000,Petrol,Automatic,First,15.0,98.0,HYUNDAI,I20 SPORTZ AT 1.4
Coimbatore,2019,54321,Diesel,Manual,First,19.0,126.0,HYUNDAI,CRETA 1.6 CRDI SX
Kochi,2015,59630,Diesel,Automatic,First,13.0,201.0,MERCEDES-BENZ,E-CLASS E250 CDI AVANTGRADE
Hyderabad,2013,116000,Diesel,Automatic,Second,12.0,168.0,TOYOTA,FORTUNER 4X2 AT
Ahmedabad,2015,34000,Diesel,Automatic,First,9.0,181.0,VOLVO,S60 D4 KINETIC
Delhi,2011,70000,Diesel,Automatic,First,14.0,203.0,MERCEDES-BENZ,E-CLASS 2009-2013 E250 CDI AVANTGARDE
Chennai,2010,80000,Petrol,Manual,First,10.0,180.0,HONDA,ACCORD 2.4 ELEGANCE M/T
Pune,2015,110000,Diesel,Manual,First,25.0,98.0,HONDA,AMAZE S I-DTECH
Ahmedabad,2013,56454,Diesel,Manual,First,28.0,73.0,MARUTI,DZIRE ZDI
Kolkata,2013,60000,Petrol,Manual,First,18.0,85.0,MARUTI,SWIFT LXI
Delhi,2013,56000,Petrol,Automatic,First,14.0,138.0,TOYOTA,COROLLA ALTIS G HV AT
Bangalore,2012,63000,Diesel,Automatic,Second,11.0,335.0,LAND,ROVER RANGE ROVER VOGUE SE 4.4 SDV8
Chennai,2012,63000,Diesel,Manual,First,22.0,74.0,MARUTI,SWIFT VDI
Kolkata,2017,15050,Diesel,Manual,First,16.0,170.0,JEEP,COMPASS 2.0 LIMITED OPTION 4X4
Mumbai,2016,29401,Petrol,Manual,First,20.0,81.0,MARUTI,SWIFT VXI BSIV
Kochi,2016,25238,Petrol,Manual,First,18.0,88.0,HONDA,JAZZ 1.2 SV I VTEC
Chennai,2011,79000,Diesel,Manual,First,23.0,97.0,TOYOTA,ETIOS GD
Kochi,2011,58752,Petrol,Manual,First,16.0,73.0,VOLKSWAGEN,POLO PETROL TRENDLINE 1.2L
Delhi,2011,62000,Petrol,Automatic,First,12.0,130.0,HONDA,CIVIC 2006-2010 1.8 V AT
Bangalore,2013,132000,Petrol,Manual,First,16.0,88.0,TOYOTA,ETIOS G SP
Chennai,2016,51000,Petrol,Manual,First,17.0,121.0,HYUNDAI,VERNA 1.6 SX VTVT
Hyderabad,2009,185200,Diesel,Manual,First,12.0,102.0,TOYOTA,INNOVA 2.5 G4 DIESEL 8-SEATER
Coimbatore,2016,61717,Diesel,Manual,First,22.0,118.0,MARUTI,SX4 S CROSS DDIS 320 ZETA
Kolkata,2018,8896,Petrol,Manual,First,19.0,94.0,FORD,FREESTYLE TITANIUM PLUS PETROL
Delhi,2016,17000,Petrol,Manual,First,21.0,83.0,MARUTI,BALENO ALPHA 1.2
Mumbai,2016,31378,Petrol,Manual,First,18.0,88.0,HONDA,JAZZ V
Pune,2013,114000,Diesel,Automatic,First,22.0,126.0,HYUNDAI,VERNA 1.6 CRDI EX AT
Ahmedabad,2014,81000,Diesel,Manual,First,25.0,98.0,HONDA,AMAZE VX I-DTEC
Mumbai,2017,31000,Diesel,Automatic,First,18.0,147.0,AUDI,Q3 30 TDI PREMIUM FWD
Mumbai,2014,35000,Petrol,Manual,First,15.0,103.0,SKODA,RAPID 2013-2016 1.6 MPI AMBITION
Kolkata,2013,60001,Diesel,Automatic,First,17.0,174.0,AUDI,A4 2.0 TDI 177 BHP PREMIUM PLUS
Jaipur,2014,75074,Diesel,Manual,First,23.0,74.0,MARUTI,SWIFT DZIRE VDI
Kolkata,2012,80000,Diesel,Manual,Second,22.0,74.0,TATA,INDICA VISTA QUADRAJET LS
Jaipur,2006,147350,Diesel,Manual,Second,12.0,100.0,TOYOTA,INNOVA 2.5 G (DIESEL) 8 SEATER
Hyderabad,2013,60000,Diesel,Manual,First,19.0,108.0,RENAULT,DUSTER 110PS DIESEL RXZ PLUS
Kolkata,2015,7501,Petrol,Automatic,First,10.0,333.0,MERCEDES-BENZ,E-CLASS E400 CABRIOLET
Delhi,2015,58000,Diesel,Manual,First,25.0,98.0,HONDA,AMAZE S I-DTECH
Coimbatore,2018,29277,Diesel,Automatic,First,11.0,254.0,MERCEDES-BENZ,GLE 350D
Kochi,2015,57034,Diesel,Manual,First,23.0,73.0,MARUTI,RITZ VDI
Kochi,2016,40810,Diesel,Manual,First,28.0,88.0,MARUTI,CIAZ ZDI PLUS SHVS
Bangalore,2008,35268,Petrol,Manual,Second,0.0,62.0,HYUNDAI,SANTRO XING GL
Mumbai,2008,81000,Diesel,Automatic,Second,18.0,97.0,BMW,5 SERIES 520D SEDAN
Coimbatore,2018,34630,Petrol,Automatic,First,21.0,83.0,MARUTI,BALENO DELTA CVT
Hyderabad,2012,45122,Diesel,Manual,First,23.0,88.0,FORD,FIESTA DIESEL TITANIUM PLUS
Chennai,2011,126000,Diesel,Manual,Third,16.0,140.0,MAHINDRA,XUV500 W8 2WD
Jaipur,2009,63000,Petrol,Manual,First,19.0,46.0,MARUTI,ALTO LXI
Kochi,2016,32298,Diesel,Automatic,First,20.0,113.0,MINI,COOPER 3 DOOR D
Kochi,2014,63288,Diesel,Manual,First,15.0,140.0,MAHINDRA,XUV500 W8 4WD
Coimbatore,2012,43337,Petrol,Manual,First,17.0,62.0,HYUNDAI,SANTRO XING GLS
Kochi,2015,46561,Diesel,Manual,First,22.0,74.0,MARUTI,SWIFT VDI
Delhi,2013,34000,Diesel,Automatic,Second,20.0,107.0,MERCEDES-BENZ,A CLASS A180 CDI
Hyderabad,2016,48000,Petrol,Manual,First,25.0,53.0,RENAULT,KWID RXT
Kochi,2013,56263,Diesel,Manual,First,22.0,74.0,MARUTI,SWIFT VDI
Hyderabad,2005,84060,Petrol,Manual,Second,17.0,60.0,MARUTI,ZEN LXI
Mumbai,2016,9000,Petrol,Automatic,First,18.0,82.0,HYUNDAI,GRAND I10 MAGNA AT
Jaipur,2012,79000,Diesel,Manual,First,21.0,88.0,TATA,MANZA AURA QUADRAJET BS IV
Pune,2015,87900,Diesel,Manual,First,16.0,140.0,MAHINDRA,XUV500 W10 AWD
Delhi,2010,72425,Petrol,Manual,Second,17.0,85.0,MARUTI,SWIFT DZIRE 1.2 VXI BSIV
Bangalore,2015,38000,Diesel,Automatic,First,15.0,174.0,AUDI,Q3 35 TDI QUATTRO PREMIUM PLUS
Hyderabad,2008,83000,Diesel,Manual,Second,17.0,97.0,FORD,FIESTA 1.4 SXI TDCI
Hyderabad,2010,107000,Diesel,Automatic,First,14.0,170.0,MERCEDES-BENZ,NEW C-CLASS C 220 CDI ELEGANCE AT
Delhi,2015,51000,Petrol,Automatic,First,18.0,117.0,HONDA,CITY I VTEC CVT VX
Pune,2010,140000,Diesel,Manual,Third,12.0,102.0,TOYOTA,INNOVA 2.5 GX 7 STR
Pune,2011,48000,Petrol,Manual,Second,18.0,79.0,CHEVROLET,BEAT LT
Delhi,2013,62000,CNG,Manual,First,26.0,58.0,MARUTI,WAGON R LXI CNG
Mumbai,2015,31000,Petrol,Manual,First,18.0,88.0,HONDA,JAZZ 1.2 S I VTEC
Jaipur,2010,75055,Petrol,Manual,First,18.0,75.0,NISSAN,MICRA XL PRIMO
Coimbatore,2017,51210,Petrol,Automatic,First,19.0,91.0,MARUTI,CIAZ AT ZXI
Mumbai,2012,87000,Diesel,Automatic,First,12.0,168.0,TOYOTA,FORTUNER 4X2 AT
Kolkata,2018,17000,Diesel,Manual,First,26.0,99.0,FORD,ASPIRE AMBIENTE DIESEL
Jaipur,2014,57000,Diesel,Manual,First,20.0,88.0,MARUTI,ERTIGA ZDI
Hyderabad,2016,9370,Petrol,Manual,First,22.0,47.0,MARUTI,ALTO 800 LXI
Chennai,2013,53226,Petrol,Manual,First,19.0,86.0,HONDA,BRIO V MT
Hyderabad,2010,120000,Diesel,Manual,Second,16.0,110.0,HYUNDAI,VERNA TRANSFORM CRDI VGT SX ABS
Jaipur,2007,75055,Petrol,Manual,First,12.0,100.0,HONDA,CITY 1.5 GXI
Coimbatore,2017,37247,Diesel,Manual,First,19.0,126.0,HYUNDAI,CRETA 1.6 CRDI SX
Delhi,2013,64000,Diesel,Manual,First,23.0,67.0,TOYOTA,ETIOS LIVA GD
Mumbai,2014,12000,Petrol,Manual,First,13.0,198.0,HYUNDAI,SONATA TRANSFORM 2.4 GDI MT
Pune,2017,40158,Diesel,Manual,First,19.0,126.0,HYUNDAI,CRETA 1.6 CRDI SX OPTION
Chennai,2017,11000,Petrol,Manual,First,18.0,88.0,HONDA,JAZZ 1.2 SV I VTEC
Chennai,2014,70010,Diesel,Manual,First,20.0,103.0,VOLKSWAGEN,VENTO DIESEL COMFORTLINE
Mumbai,2015,82000,Diesel,Manual,First,16.0,140.0,MAHINDRA,XUV500 W6 2WD
Kochi,2017,57259,Diesel,Manual,First,18.0,100.0,MAHINDRA,TUV 300 2015-2019 T8
Bangalore,2010,84000,Petrol,Automatic,Second,11.0,142.0,HONDA,ACCORD 2001-2003 2.3 VTI L AT
Pune,2012,168000,Diesel,Manual,First,20.0,88.0,MARUTI,ERTIGA VDI
Hyderabad,2012,73670,Diesel,Manual,First,12.0,162.0,MAHINDRA,SSANGYONG REXTON RX5
Delhi,2014,89540,Diesel,Automatic,First,12.0,168.0,TOYOTA,FORTUNER 4X2 AT
Hyderabad,2016,85423,Diesel,Manual,First,20.0,88.0,MARUTI,ERTIGA ZDI
Pune,2013,48823,Diesel,Automatic,First,19.0,126.0,HYUNDAI,ELANTRA CRDI SX AT
Kolkata,2011,35082,Petrol,Manual,First,20.0,78.0,HYUNDAI,I10 MAGNA 1.2
Jaipur,2012,126000,Petrol,Manual,First,16.0,34.0,MARUTI,OMNI MPI STD BSIV
Delhi,2016,19000,Petrol,Automatic,First,15.0,86.0,HONDA,AMAZE VX AT I-VTECH
Mumbai,2007,69000,Petrol,Automatic,Second,12.0,130.0,HONDA,CIVIC 2006-2010 1.8 V AT
Kochi,2019,29836,Diesel,Automatic,First,17.0,136.0,MERCEDES-BENZ,CLA 200 CDI SPORT
Ahmedabad,2010,48002,Petrol,Manual,Second,13.0,157.0,SKODA,SUPERB 1.8 TFSI MT
Ahmedabad,2015,52324,Diesel,Manual,First,28.0,88.0,MARUTI,CIAZ ZDI PLUS SHVS
Delhi,2013,65000,Diesel,Manual,First,22.0,89.0,FORD,ECOSPORT 1.5 DV5 MT TITANIUM OPTIONAL
Mumbai,2009,66000,Diesel,Automatic,Second,8.0,224.0,MERCEDES-BENZ,M-CLASS ML 320 CDI
Hyderabad,2016,75700,Diesel,Manual,First,24.0,70.0,HYUNDAI,GRAND I10 CRDI SPORTZ
Bangalore,2013,43000,Diesel,Manual,First,20.0,105.0,VOLKSWAGEN,VENTO DIESEL BREEZE
Kochi,2012,42706,Diesel,Manual,First,25.0,56.0,CHEVROLET,BEAT DIESEL LT
Mumbai,2013,35000,Diesel,Manual,First,17.0,100.0,MAHINDRA,QUANTO C6
Hyderabad,2011,54348,Petrol,Automatic,First,19.0,80.0,HYUNDAI,I10 ASTA 1.2 AT WITH SUNROOF
Delhi,2013,84000,Diesel,Manual,First,23.0,67.0,TOYOTA,ETIOS LIVA 1.4 GD
Mumbai,2010,63298,Petrol,Automatic,First,14.0,138.0,TOYOTA,COROLLA ALTIS 2008-2013 1.8 VL AT
Jaipur,2013,75049,Petrol,Manual,Second,20.0,78.0,HYUNDAI,I10 MAGNA 1.2
Kochi,2018,24237,Petrol,Manual,First,18.0,86.0,FORD,FIGO ASPIRE 1.2 TI-VCT TITANIUM
Coimbatore,2016,22767,Petrol,Manual,First,18.0,85.0,MARUTI,RITZ ZXI
Bangalore,2012,58000,Petrol,Automatic,Second,15.0,98.0,HYUNDAI,I20 SPORTZ AT 1.4
Pune,2017,57000,Diesel,Manual,First,26.0,74.0,MARUTI,SWIFT DZIRE LDI
Kochi,2010,50161,Petrol,Automatic,First,8.0,402.0,BMW,7 SERIES 2007-2012 750LI
Kolkata,2016,45000,Diesel,Manual,First,22.0,118.0,MARUTI,S CROSS DDIS 320 ALPHA
Coimbatore,2017,68319,Diesel,Automatic,First,12.0,168.0,TOYOTA,FORTUNER 4X4 AT
Kochi,2017,30711,Petrol,Manual,First,20.0,68.0,HYUNDAI,EON 1.0 MAGNA PLUS OPTION O
Kolkata,2011,38277,Diesel,Manual,First,21.0,90.0,HYUNDAI,I20 1.4 CRDI MAGNA
Pune,2012,115000,Diesel,Manual,Second,20.0,103.0,VOLKSWAGEN,VENTO DIESEL HIGHLINE
Coimbatore,2017,46849,Petrol,Automatic,First,18.0,83.0,MARUTI,SWIFT DZIRE VXI AT
Ahmedabad,2014,64000,Diesel,Manual,First,21.0,90.0,HYUNDAI,I20 MAGNA 1.4 CRDI
Pune,2010,130923,Diesel,Automatic,First,14.0,203.0,MERCEDES-BENZ,E-CLASS 2009-2013 E250 CDI BLUE EFFICIENCY
Chennai,2015,15000,Petrol,Manual,First,18.0,82.0,HYUNDAI,GRAND I10 SPORTZ
Mumbai,2014,32720,Diesel,Manual,First,23.0,90.0,HYUNDAI,I20 1.4 CRDI SPORTZ
Jaipur,2016,12500,Petrol,Manual,First,25.0,53.0,RENAULT,KWID RXT
Chennai,2015,59800,Petrol,Automatic,First,16.0,82.0,HYUNDAI,XCENT 1.2 KAPPA AT SX OPTION
Pune,2011,54211,Petrol,Manual,First,15.0,103.0,VOLKSWAGEN,VENTO PETROL HIGHLINE
Kochi,2015,62242,Diesel,Automatic,First,14.0,163.0,CHEVROLET,CRUZE LTZ AT
Mumbai,2015,54000,Diesel,Manual,Second,19.0,108.0,NISSAN,TERRANO XL 110 PS
Hyderabad,2012,65000,Diesel,Manual,First,22.0,126.0,HYUNDAI,VERNA 1.6 SX
Chennai,2015,55000,Petrol,Automatic,First,23.0,67.0,MARUTI,CELERIO VXI AMT
Pune,2010,71000,Petrol,Manual,First,18.0,67.0,MARUTI,WAGON R LXI
Chennai,2012,70000,Diesel,Manual,First,21.0,88.0,HYUNDAI,I20 MAGNA OPTIONAL 1.4 CRDI
Mumbai,2011,53000,Petrol,Automatic,First,12.0,163.0,AUDI,A4 1.8 TFSI
Mumbai,2013,43000,Diesel,Automatic,First,17.0,184.0,BMW,X1 SDRIVE20D
Mumbai,2015,54000,Petrol,Automatic,First,14.0,103.0,SKODA,RAPID 1.6 MPI AT ELEGANCE PLUS
Ahmedabad,2014,51000,Petrol,Manual,First,20.0,78.0,HYUNDAI,I10 MAGNA
Hyderabad,2007,78000,Diesel,Manual,Second,10.0,107.0,MITSUBISHI,PAJERO 2.8 GLX CRZ
Mumbai,2014,25000,Diesel,Manual,First,26.0,98.0,HONDA,CITY I DTEC SV
Pune,2012,12600,Petrol,Manual,First,20.0,67.0,MARUTI,ALTO K10 2010-2014 VXI
Pune,2009,80000,Diesel,Manual,Fourth & Above,17.0,75.0,MARUTI,SWIFT LDI BSIII
Kolkata,2016,21000,Petrol,Manual,First,18.0,82.0,HYUNDAI,GRAND I10 MAGNA
Mumbai,2011,32000,Petrol,Manual,Second,15.0,70.0,FORD,FIGO PETROL ZXI
Bangalore,2015,50000,Petrol,Manual,First,18.0,81.0,HYUNDAI,GRAND I10 SPORTZ EDITION
Mumbai,2010,47500,Petrol,Manual,First,15.0,103.0,MARUTI,SX4 VXI BSIV
Mumbai,2017,7500,Petrol,Manual,First,17.0,117.0,HONDA,CITY I-VTEC VX
Jaipur,2016,68163,Diesel,Automatic,First,19.0,108.0,RENAULT,DUSTER 110PS DIESEL RXZ AMT
Ahmedabad,2014,61000,Diesel,Manual,First,25.0,98.0,HONDA,AMAZE S I-DTECH
Jaipur,2015,100000,Diesel,Manual,Second,12.0,100.0,TOYOTA,INNOVA 2.5 Z DIESEL 7 SEATER
Mumbai,2009,61500,Diesel,Automatic,Second,16.0,181.0,BMW,3 SERIES 320D HIGHLINE
Kochi,2017,42883,Petrol,Manual,First,19.0,68.0,HYUNDAI,I10 MAGNA 1.1 ITECH SE
Jaipur,2012,97000,Diesel,Manual,Second,20.0,83.0,RENAULT,DUSTER 85PS DIESEL RXL OPTIONAL WITH NAV
Bangalore,2010,39525,Petrol,Automatic,First,11.0,170.0,MITSUBISHI,OUTLANDER 2.4
Kochi,2017,35384,Diesel,Manual,First,24.0,88.0,MARUTI,VITARA BREZZA LDI
Hyderabad,2010,46000,Diesel,Automatic,First,11.0,261.0,MERCEDES-BENZ,R-CLASS R350 CDI 4MATIC
Coimbatore,2018,32189,Diesel,Manual,First,23.0,98.0,FORD,ECOSPORT 1.5 DIESEL TITANIUM
Chennai,2016,27000,Diesel,Automatic,First,19.0,126.0,HYUNDAI,VERNA 1.6 CRDI AT SX OPTION
Coimbatore,2018,22734,Petrol,Manual,First,16.0,74.0,VOLKSWAGEN,POLO 1.2 MPI HIGHLINE
Mumbai,2014,58002,Diesel,Manual,First,19.0,108.0,RENAULT,DUSTER 110PS DIESEL RXL
Chennai,2012,31500,Petrol,Automatic,First,16.0,86.0,HONDA,BRIO S OPTION AT
Coimbatore,2017,30933,Petrol,Manual,First,18.0,86.0,FORD,FIGO 2015-2019 1.2P TITANIUM MT
Kolkata,2012,27090,Diesel,Automatic,First,18.0,187.0,AUDI,A6 2.0 TDI DESIGN EDITION
Mumbai,2015,29500,Diesel,Automatic,First,15.0,258.0,BMW,X5 2014-2019 XDRIVE 30D DESIGN PURE EXPERIENCE 7 SEATER
Pune,2013,45000,Petrol,Manual,First,20.0,78.0,HYUNDAI,I10 SPORTZ OPTION
Hyderabad,2018,11691,Petrol,Manual,First,18.0,81.0,HYUNDAI,I20 1.2 ASTA OPTION
Hyderabad,2006,121000,Diesel,Manual,Second,16.0,90.0,SKODA,OCTAVIA L AND K 1.9 TDI MT
Hyderabad,2010,118077,Diesel,Manual,First,16.0,110.0,HYUNDAI,VERNA TRANSFORM SX VGT CRDI
Chennai,2012,36300,Petrol,Automatic,Third,17.0,121.0,HYUNDAI,VERNA 1.6 SX VTVT (O) AT
Mumbai,2005,90000,Petrol,Manual,Second,15.0,61.0,HYUNDAI,GETZ GVS
Chennai,2010,78000,Diesel,Manual,First,20.0,68.0,FORD,FIGO DIESEL EXI
Mumbai,2015,42000,Diesel,Automatic,First,17.0,174.0,AUDI,A6 2011-2015 35 TDI TECHNOLOGY
Mumbai,2015,27000,Petrol,Manual,First,16.0,74.0,VOLKSWAGEN,POLO 1.2 MPI HIGHLINE
Kolkata,2012,22000,Diesel,Automatic,First,17.0,184.0,BMW,X1 SDRIVE20D
Kolkata,2014,49000,Petrol,Manual,First,17.0,117.0,HONDA,CITY I VTEC SV
Hyderabad,2012,42600,Diesel,Manual,First,23.0,90.0,HYUNDAI,I20 SPORTZ OPTION DIESEL
Coimbatore,2018,12794,Petrol,Automatic,First,19.0,88.0,HONDA,JAZZ 1.2 V CVT I VTEC
Jaipur,2006,125000,Petrol,Manual,Fourth & Above,16.0,97.0,MARUTI,SWIFT 1.3 VXI
Hyderabad,2014,88046,Petrol,Automatic,First,10.0,152.0,HONDA,CR-V 2.4 AT
Bangalore,2014,8000,Diesel,Automatic,Second,20.0,107.0,MERCEDES-BENZ,A CLASS A180 CDI
Coimbatore,2018,82739,Diesel,Automatic,First,16.0,140.0,MAHINDRA,XUV500 AT W10 AWD
Bangalore,2006,193000,Diesel,Manual,Third,13.0,63.0,MAHINDRA,BOLERO SLX 2WD
Mumbai,2013,7000,Petrol,Automatic,First,17.0,99.0,RENAULT,SCALA RXL AT
Ahmedabad,2012,60000,Diesel,Automatic,Second,12.0,187.0,LAND,ROVER FREELANDER 2 HSE SD4
Pune,2017,38000,Petrol,Manual,First,22.0,47.0,MARUTI,ALTO 800 VXI
Kochi,2013,56344,Petrol,Manual,First,17.0,88.0,TOYOTA,ETIOS G
Mumbai,2014,17858,Petrol,Manual,First,17.0,80.0,HYUNDAI,I20 SPORTZ OPTION
Hyderabad,2012,53000,Petrol,Manual,First,20.0,78.0,HYUNDAI,I10 SPORTZ
Kochi,2016,67906,Diesel,Manual,First,25.0,74.0,MARUTI,SWIFT VDI BSIV
Hyderabad,2015,19000,Petrol,Manual,First,21.0,55.0,HYUNDAI,EON MAGNA PLUS
Mumbai,2010,67000,Diesel,Automatic,Second,22.0,190.0,BMW,3 SERIES 320D
Delhi,2011,80000,Diesel,Manual,First,23.0,70.0,TATA,INDIGO XL CLASSIC DICOR
Delhi,2015,61000,Petrol,Manual,First,22.0,47.0,MARUTI,ALTO 800 LXI
Pune,2010,39000,Diesel,Manual,First,22.0,73.0,VOLKSWAGEN,POLO DIESEL HIGHLINE 1.2L
Ahmedabad,2014,59000,Petrol,Automatic,First,14.0,138.0,TOYOTA,COROLLA ALTIS VL AT
Hyderabad,2008,80931,Petrol,Manual,First,17.0,62.0,HYUNDAI,SANTRO XING GLS
Kolkata,2016,34000,Petrol,Manual,First,20.0,81.0,MARUTI,SWIFT ZXI
Hyderabad,2013,130000,Diesel,Manual,First,21.0,84.0,RENAULT,SCALA DIESEL RXL
Coimbatore,2018,52380,Diesel,Manual,First,24.0,88.0,MARUTI,VITARA BREZZA ZDI PLUS
Kolkata,2011,44000,Petrol,Manual,First,18.0,75.0,NISSAN,MICRA XV
Hyderabad,2015,84000,Diesel,Manual,First,20.0,68.0,FORD,FIGO DIESEL EXI
Kochi,2017,41697,Petrol,Automatic,First,13.0,141.0,HONDA,CR-V 2.0 AT
Pune,2014,163000,Diesel,Manual,First,19.0,108.0,NISSAN,TERRANO XV 110 PS
Chennai,2011,42000,Petrol,Manual,Second,17.0,78.0,TOYOTA,ETIOS LIVA 1.2 G
Jaipur,2013,129000,Diesel,Manual,Third,21.0,88.0,HYUNDAI,I20 ASTA 1.4 CRDI
Chennai,2015,32200,Petrol,Manual,Second,18.0,86.0,FORD,FIGO ASPIRE 1.2 TI-VCT AMBIENTE
Mumbai,2004,129000,Diesel,Manual,First,10.0,107.0,MITSUBISHI,PAJERO 2.8 GLX CRZ
Bangalore,2014,40000,Diesel,Automatic,First,17.0,174.0,AUDI,A4 2.0 TDI 177 BHP PREMIUM PLUS
Delhi,2006,150000,Petrol,Manual,First,12.0,132.0,TOYOTA,INNOVA 2.0 E
Jaipur,2007,140000,Petrol,Manual,First,15.0,74.0,CHEVROLET,AVEO U-VA 1.2 LS
Hyderabad,2006,63181,Petrol,Manual,First,15.0,83.0,HYUNDAI,GETZ GLS
Kolkata,2013,39575,Diesel,Manual,First,25.0,98.0,HONDA,AMAZE S I-DTECH
Pune,2010,63600,Diesel,Manual,Second,17.0,97.0,MARUTI,SWIFT VDI BSIV W ABS
Coimbatore,2014,70374,Diesel,Manual,First,22.0,89.0,FORD,ECOSPORT 1.5 DV5 MT TITANIUM OPTIONAL
Kolkata,2015,26256,Diesel,Manual,First,20.0,88.0,VOLKSWAGEN,CROSSPOLO 1.5 TDI
Delhi,2016,13460,Petrol,Manual,First,18.0,81.0,HYUNDAI,ELITE I20 PETROL SPORTZ
Chennai,2011,122000,Diesel,Manual,Second,12.0,102.0,TOYOTA,INNOVA 2.5 V DIESEL 8-SEATER
Kolkata,2015,58589,Diesel,Automatic,First,15.0,203.0,MERCEDES-BENZ,M-CLASS ML 250 CDI
Jaipur,2005,115000,Petrol,Manual,Second,17.0,64.0,MARUTI,WAGON R LX BSIII
Pune,2016,75000,Diesel,Automatic,First,12.0,158.0,FORD,ENDEAVOUR 2.2 TREND AT 4X2
Jaipur,2016,30292,Petrol,Manual,First,18.0,81.0,HYUNDAI,ELITE I20 PETROL SPORTZ
Ahmedabad,2017,32248,Petrol,Manual,First,17.0,88.0,HONDA,WRV I-VTEC VX
Bangalore,2013,74000,Petrol,Manual,First,16.0,73.0,VOLKSWAGEN,POLO PETROL HIGHLINE 1.2L
Mumbai,2014,56100,Petrol,Manual,First,13.0,153.0,HONDA,CR-V 2.0L 2WD MT
Bangalore,2014,61325,Petrol,Manual,First,18.0,81.0,HYUNDAI,GRAND I10 1.2 KAPPA ASTA
Kolkata,2014,33000,Petrol,Manual,First,19.0,85.0,MARUTI,SWIFT DZIRE VXI
Coimbatore,2016,18090,Diesel,Automatic,First,16.0,258.0,BMW,5 SERIES 2003-2012 530D
Kochi,2014,71390,Diesel,Manual,First,22.0,89.0,FORD,ECOSPORT 1.5 DV5 MT AMBIENTE
Mumbai,2014,41000,CNG,Manual,First,26.0,58.0,MARUTI,WAGON R LXI CNG
Ahmedabad,2016,67000,Diesel,Manual,First,26.0,98.0,HONDA,CITY I DTEC V
Chennai,2008,99000,Diesel,Manual,Second,17.0,70.0,TATA,INDIGO LS
Pune,2014,142000,Diesel,Manual,Second,19.0,108.0,RENAULT,DUSTER 110PS DIESEL RXL
Chennai,2010,26966,Petrol,Manual,First,20.0,78.0,HYUNDAI,I10 SPORTZ
Mumbai,2015,27628,Petrol,Manual,First,18.0,88.0,HONDA,JAZZ 1.2 SV I VTEC
Hyderabad,2016,82497,Diesel,Manual,First,23.0,88.0,MARUTI,SX4 S CROSS DDIS 200 ZETA
Mumbai,2007,86000,Petrol,Manual,Third,11.0,144.0,HONDA,ACCORD VTI-L MT
Coimbatore,2016,26981,Petrol,Manual,First,16.0,73.0,VOLKSWAGEN,POLO PETROL COMFORTLINE 1.2L
Hyderabad,2010,110471,Diesel,Manual,First,21.0,73.0,MARUTI,RITZ VDI
Jaipur,2014,69000,Petrol,Manual,First,19.0,88.0,HONDA,AMAZE S PETROL
Hyderabad,2017,12000,Petrol,Manual,First,18.0,81.0,HYUNDAI,I20 1.2 ASTA OPTION
Hyderabad,2014,77500,Diesel,Manual,First,20.0,83.0,RENAULT,DUSTER 85PS DIESEL RXL
Kochi,2014,48031,Petrol,Manual,First,18.0,82.0,HYUNDAI,GRAND I10 MAGNA
Chennai,2008,170000,Diesel,Automatic,Third,16.0,181.0,BMW,3 SERIES 320D HIGHLINE
Mumbai,2014,69565,Diesel,Manual,First,22.0,89.0,FORD,ECOSPORT 1.5 DV5 MT TREND
Hyderabad,2016,45492,Diesel,Automatic,First,21.0,108.0,VOLKSWAGEN,VENTO 1.5 TDI HIGHLINE AT
Chennai,2011,85000,Petrol,Automatic,Second,11.0,177.0,HONDA,ACCORD 2.4 AT
Hyderabad,2008,55902,Petrol,Manual,First,14.0,92.0,CHEVROLET,AVEO 1.4
Hyderabad,2017,18500,Petrol,Manual,First,16.0,74.0,VOLKSWAGEN,POLO 1.2 MPI HIGHLINE PLUS
Hyderabad,2015,129750,Diesel,Manual,Second,14.0,93.0,MAHINDRA,XYLO D4 BS III
Hyderabad,2009,50902,Petrol,Automatic,First,19.0,80.0,HYUNDAI,I10 MAGNA AT
Coimbatore,2015,84725,Diesel,Manual,First,15.0,140.0,MAHINDRA,XUV500 W8 4WD
Mumbai,2013,40000,Diesel,Manual,Second,22.0,126.0,HYUNDAI,ELANTRA CRDI SX
Mumbai,2010,60000,Petrol,Manual,Third,14.0,160.0,VOLKSWAGEN,PASSAT 1.8 TSI MT
Coimbatore,2014,33496,Petrol,Manual,First,18.0,81.0,HYUNDAI,GRAND I10 1.2 KAPPA SPORTZ
Mumbai,2015,25000,Petrol,Manual,First,18.0,81.0,HYUNDAI,I20 ASTA OPTION 1.2
Ahmedabad,2013,71000,Diesel,Manual,First,18.0,73.0,CHEVROLET,ENJOY TCDI LS 8 SEATER
Coimbatore,2015,20826,Petrol,Automatic,First,14.0,103.0,SKODA,RAPID 1.6 MPI AT AMBITION PLUS ALLOY
Pune,2016,42244,Diesel,Manual,First,19.0,126.0,HYUNDAI,CRETA 1.6 CRDI SX
Jaipur,2013,98598,Diesel,Manual,First,25.0,57.0,CHEVROLET,BEAT DIESEL PS
Delhi,2011,62100,Diesel,Manual,First,11.0,171.0,TOYOTA,FORTUNER 3.0 DIESEL
Coimbatore,2016,44238,Petrol,Manual,First,18.0,81.0,HYUNDAI,I20 SPORTZ OPTION 1.2
Coimbatore,2012,91743,Diesel,Automatic,First,12.0,241.0,AUDI,Q7 3.0 TDI QUATTRO
Bangalore,2013,19828,Diesel,Automatic,Second,17.0,300.0,PORSCHE,PANAMERA DIESEL
Hyderabad,2016,36891,Petrol,Manual,First,17.0,117.0,HONDA,CITY I VTEC VX
Hyderabad,2012,90049,Diesel,Manual,First,17.0,100.0,MAHINDRA,QUANTO C4
Ahmedabad,2012,74002,Diesel,Automatic,First,16.0,140.0,AUDI,A4 2.0 TDI MULTITRONIC
Kolkata,2013,41000,Petrol,Automatic,First,12.0,198.0,HYUNDAI,SONATA TRANSFORM 2.4 GDI AT
Hyderabad,2012,83678,Diesel,Manual,First,22.0,126.0,HYUNDAI,VERNA 1.6 SX
Pune,2010,91000,Petrol,Manual,First,18.0,67.0,MARUTI,WAGON R LXI BS IV
Jaipur,2016,50000,Diesel,Manual,First,24.0,88.0,MARUTI,ERTIGA SHVS ZDI PLUS
Delhi,2015,58000,Diesel,Manual,First,24.0,71.0,HYUNDAI,XCENT 1.1 CRDI S OPTION
Jaipur,2012,80000,Diesel,Manual,First,22.0,74.0,MARUTI,SWIFT VDI
Kochi,2017,41290,Diesel,Manual,Second,16.0,140.0,MAHINDRA,XUV500 W6 2WD
Delhi,2013,65000,Diesel,Automatic,First,22.0,190.0,BMW,5 SERIES 520D LUXURY LINE
Bangalore,2016,16471,Petrol,Manual,Second,14.0,138.0,TOYOTA,COROLLA ALTIS 1.8 G
Pune,2015,54339,Diesel,Manual,Second,22.0,88.0,HYUNDAI,I20 ASTA 1.4 CRDI
Hyderabad,2016,24025,Petrol,Manual,First,18.0,82.0,MAHINDRA,KUV 100 MFALCON G80 K2
Kolkata,2013,24027,Petrol,Manual,First,24.0,47.0,MARUTI,ALTO 800 2016-2019 LXI
Hyderabad,2010,59270,Petrol,Manual,First,15.0,67.0,FIAT,PUNTO EVO 1.2 EMOTION
Kolkata,2012,40000,Petrol,Manual,First,18.0,67.0,MARUTI,WAGON R VXI BS IV
Bangalore,2012,155566,Diesel,Manual,Second,9.0,118.0,MITSUBISHI,PAJERO 4X4 LHD
Chennai,2013,42320,Petrol,Manual,First,19.0,86.0,HONDA,BRIO EX MT
Coimbatore,2017,24153,Diesel,Manual,Second,22.0,88.0,HYUNDAI,I20 ASTA OPTION 1.4 CRDI
Mumbai,2016,27000,Petrol,Automatic,First,13.0,121.0,HYUNDAI,CRETA 1.6 SX PLUS PETROL AUTOMATIC
Hyderabad,2012,92000,CNG,Manual,Second,26.0,38.0,MARUTI,ALTO GREEN LXI (CNG)
Kochi,2017,61795,Petrol,Manual,First,17.0,86.0,HONDA,AMAZE S I-VTEC
Chennai,2016,13500,Petrol,Manual,First,18.0,82.0,MAHINDRA,KUV 100 MFALCON G80 K6 PLUS
Pune,2018,4500,Petrol,Automatic,First,18.0,117.0,HONDA,CITY I-VTEC CVT VX
Mumbai,2017,23000,Diesel,Automatic,First,16.0,140.0,MAHINDRA,XUV500 AT W10 FWD
Pune,2011,65400,Petrol,Manual,First,0.0,97.0,HYUNDAI,SANTRO GLS I - EURO I
Mumbai,2013,80578,Diesel,Automatic,Second,14.0,170.0,MERCEDES-BENZ,NEW C-CLASS 220 CDI AT
Coimbatore,2017,42646,Diesel,Automatic,First,19.0,108.0,RENAULT,DUSTER 110PS DIESEL RXZ AMT
Bangalore,2014,30000,Petrol,Manual,Second,16.0,74.0,VOLKSWAGEN,POLO 1.2 MPI COMFORTLINE
Delhi,2012,90000,Diesel,Automatic,First,18.0,97.0,BMW,5 SERIES 520D SEDAN
Bangalore,2009,98000,Diesel,Automatic,Second,13.0,282.0,MERCEDES-BENZ,S CLASS 2005 2013 S 350 CDI
Kochi,2012,66400,Petrol,Manual,First,0.0,97.0,HYUNDAI,SANTRO GLS II - EURO II
Hyderabad,2012,50000,Diesel,Automatic,First,12.0,271.0,JAGUAR,XJ 3.0L PREMIUM LUXURY
Jaipur,2015,63310,Diesel,Manual,First,28.0,74.0,MARUTI,SWIFT VDI
Delhi,2014,66000,Diesel,Manual,First,25.0,98.0,HONDA,AMAZE S I-DTECH
Ahmedabad,2011,74000,Diesel,Automatic,Second,16.0,181.0,BMW,3 SERIES 320D HIGHLINE
Hyderabad,2012,93000,Diesel,Manual,First,23.0,88.0,HYUNDAI,VERNA 1.4 EX
Delhi,2015,70000,Diesel,Automatic,First,11.0,169.0,TOYOTA,FORTUNER 4X2 4 SPEED AT
Ahmedabad,2012,48772,Petrol,Manual,First,18.0,85.0,MARUTI,SWIFT VXI
Chennai,2010,66000,Petrol,Manual,First,18.0,79.0,CHEVROLET,BEAT LS
Coimbatore,2017,27417,Petrol,Automatic,First,18.0,82.0,HYUNDAI,GRAND I10 ASTA OPTION AT
Coimbatore,2011,51593,Petrol,Manual,Second,15.0,70.0,FORD,FIGO PETROL ZXI
Mumbai,2008,86340,Petrol,Automatic,Second,9.0,97.0,NISSAN,TEANA 230JM
Pune,2010,75000,Petrol,Manual,First,16.0,88.0,MARUTI,SWIFT VXI BSIII
Coimbatore,2016,39237,Diesel,Automatic,First,17.0,174.0,AUDI,A4 35 TDI PREMIUM
Kochi,2018,11966,Petrol,Manual,First,16.0,116.0,HONDA,CITY V MT
Hyderabad,2015,37000,Petrol,Manual,First,18.0,88.0,HONDA,JAZZ V
Chennai,2014,70920,Diesel,Manual,First,20.0,88.0,VOLKSWAGEN,POLO 1.5 TDI HIGHLINE
Hyderabad,2013,65280,Diesel,Manual,First,19.0,83.0,NISSAN,TERRANO XL D OPTION
Hyderabad,2016,62000,Diesel,Automatic,First,12.0,187.0,LAND,ROVER DISCOVERY SPORT SD4 HSE LUXURY 7S
Kochi,2014,44525,Petrol,Manual,First,18.0,82.0,HYUNDAI,I20 MAGNA OPTIONAL 1.2
Jaipur,2009,86863,Petrol,Manual,First,17.0,118.0,HONDA,CITY 1.5 E MT
Hyderabad,2015,102626,Diesel,Manual,First,16.0,140.0,MAHINDRA,XUV500 W10 AWD
Jaipur,2017,45000,Diesel,Manual,First,16.0,170.0,JEEP,COMPASS 2.0 LIMITED OPTION 4X4
Jaipur,2017,22000,Diesel,Manual,First,16.0,140.0,MAHINDRA,XUV500 W10 AWD
Coimbatore,2011,108905,Diesel,Automatic,Second,11.0,120.0,MAHINDRA,SCORPIO VLX 4WD AIRBAG AT BSIV
Kolkata,2016,12800,Petrol,Manual,First,19.0,67.0,DATSUN,GO PLUS T
Kolkata,2016,32000,Diesel,Manual,First,15.0,120.0,MAHINDRA,SCORPIO S6 PLUS 7 SEATER
Mumbai,2014,39000,Petrol,Automatic,First,15.0,86.0,HONDA,AMAZE S AT I-VTECH
Pune,2017,42000,Diesel,Manual,First,25.0,98.0,HONDA,CITY I-DTEC ZX
Chennai,2008,73000,Petrol,Manual,First,14.0,65.0,TATA,INDIGO GLE
Chennai,2018,48000,Diesel,Manual,First,24.0,73.0,HYUNDAI,GRAND I10 1.2 CRDI SPORTZ
Pune,2015,18000,CNG,Manual,First,33.0,40.0,MARUTI,ALTO 800 2016-2019 CNG LXI
Kolkata,2014,19000,Petrol,Manual,First,17.0,105.0,HYUNDAI,VERNA 1.4 CX VTVT
Coimbatore,2019,33598,Diesel,Manual,First,13.0,147.0,TOYOTA,INNOVA CRYSTA 2.4 VX MT
Jaipur,2012,63000,Diesel,Automatic,First,17.0,184.0,BMW,X1 SDRIVE20D
Chennai,2015,48000,Diesel,Automatic,First,16.0,138.0,VOLKSWAGEN,JETTA 2013-2015 2.0L TDI HIGHLINE AT
Delhi,2014,66000,Diesel,Manual,First,20.0,68.0,FORD,FIGO DIESEL ZXI
Ahmedabad,2013,80000,Diesel,Automatic,Second,11.0,184.0,MAHINDRA,SSANGYONG REXTON RX7
Chennai,2011,37000,Petrol,Manual,First,15.0,103.0,VOLKSWAGEN,VENTO PETROL HIGHLINE
Kochi,2016,35058,Petrol,Manual,First,15.0,103.0,SKODA,RAPID 1.6 MPI AMBITION WITH ALLOY WHEEL
Delhi,2012,52000,Petrol,Manual,First,16.0,73.0,VOLKSWAGEN,POLO PETROL COMFORTLINE 1.2L
Hyderabad,2015,61313,Diesel,Manual,First,23.0,88.0,MARUTI,S CROSS DDIS 200 DELTA
Kolkata,2009,45000,Petrol,Manual,Second,14.0,138.0,TOYOTA,COROLLA ALTIS G
Bangalore,2015,74000,Diesel,Manual,First,20.0,88.0,MARUTI,ERTIGA ZDI
Hyderabad,2013,89000,Petrol,Automatic,First,19.0,80.0,HYUNDAI,I10 ASTA SUNROOF AT
Kochi,2019,13414,Diesel,Automatic,First,17.0,136.0,MERCEDES-BENZ,CLA 200 CDI SPORT
Jaipur,2006,95000,Petrol,Manual,Second,16.0,100.0,HONDA,CITY ZX VTEC
Jaipur,2018,15900,Petrol,Manual,First,18.0,82.0,MAHINDRA,KUV 100 G80 K8
Delhi,2011,151000,Diesel,Manual,First,11.0,171.0,TOYOTA,FORTUNER 3.0 DIESEL
Bangalore,2011,65000,Petrol,Manual,First,17.0,118.0,HONDA,CITY 1.5 V MT
Coimbatore,2017,36824,Diesel,Automatic,First,18.0,187.0,AUDI,A6 35 TDI MATRIX
Coimbatore,2013,65287,Diesel,Manual,First,20.0,68.0,FORD,FIGO DIESEL ZXI
Kolkata,2014,52000,Diesel,Automatic,First,17.0,136.0,MERCEDES-BENZ,GLA CLASS 200 CDI
Hyderabad,2007,33000,Petrol,Manual,First,15.0,74.0,CHEVROLET,AVEO U-VA 1.2 LS
Hyderabad,2016,71000,Diesel,Manual,First,25.0,99.0,FORD,FIGO 2015-2019 1.5D TITANIUM MT
Delhi,2013,71000,Diesel,Automatic,First,22.0,126.0,HYUNDAI,ELANTRA CRDI SX AT
Kolkata,2016,20000,Petrol,Automatic,First,21.0,83.0,MARUTI,BALENO ZETA CVT
Hyderabad,2010,71000,Petrol,Manual,First,16.0,85.0,MARUTI,SWIFT LXI BSIV
Hyderabad,2010,29000,Diesel,Automatic,First,9.0,271.0,MERCEDES-BENZ,CLS-CLASS 2006-2010 350 CDI
Ahmedabad,2016,27000,Diesel,Automatic,First,21.0,190.0,BMW,3 SERIES LUXURY LINE
Chennai,2017,19000,Diesel,Automatic,First,28.0,73.0,MARUTI,DZIRE AMT ZDI PLUS
Mumbai,2011,58000,Petrol,Manual,Second,17.0,121.0,HYUNDAI,VERNA 1.6 SX VTVT
Kochi,2018,42203,Diesel,Manual,First,17.0,170.0,JEEP,COMPASS 2.0 LONGITUDE
Hyderabad,2009,94000,Diesel,Automatic,First,11.0,142.0,HYUNDAI,SONATA EMBERA 2.0L CRDI AT
Delhi,2013,52000,CNG,Manual,Second,15.0,73.0,MARUTI,EECO 5 STR WITH AC PLUS HTR CNG
Kolkata,2018,4900,Diesel,Manual,First,21.0,108.0,TATA,NEXON 1.5 REVOTORQ XZ PLUS DUAL TONE
Jaipur,2013,70000,Petrol,Manual,First,21.0,55.0,HYUNDAI,EON ERA PLUS
Hyderabad,2005,100000,Diesel,Manual,Second,13.0,97.0,TATA,INDICA DLS
Kochi,2015,65266,Diesel,Automatic,First,14.0,258.0,BMW,5 SERIES 2013-2017 530D M SPORT
Delhi,2014,54569,Diesel,Manual,First,20.0,88.0,MARUTI,ERTIGA VDI
Kochi,2015,51361,Petrol,Manual,First,18.0,86.0,HONDA,AMAZE E I-VTECH
Jaipur,2007,125000,Petrol,Manual,Third,16.0,68.0,FORD,FIESTA 1.4 DURATEC ZXI
Bangalore,2008,66000,Petrol,Manual,Third,13.0,130.0,HONDA,CIVIC 2006-2010 1.8 V MT
Hyderabad,2007,65047,LPG,Manual,First,17.0,57.0,MARUTI,WAGON R LX DUO BSIII
Delhi,2014,22281,Diesel,Manual,First,20.0,88.0,MARUTI,ERTIGA ZDI
Delhi,2013,63210,Diesel,Manual,First,24.0,70.0,HYUNDAI,GRAND I10 CRDI SPORTZ
Pune,2018,31000,Petrol,Manual,First,20.0,81.0,HYUNDAI,XCENT 1.2 VTVT E PLUS
Ahmedabad,2008,60000,Petrol,Manual,First,19.0,68.0,HYUNDAI,I10 ERA
Mumbai,2017,32006,Petrol,Manual,First,18.0,86.0,HONDA,AMAZE S I-VTECH
Ahmedabad,2009,78000,Diesel,Automatic,First,12.0,179.0,AUDI,A6 2.7 TDI
Mumbai,2011,9489,Petrol,Manual,First,20.0,78.0,HYUNDAI,I10 MAGNA 1.2 ITECH SE
Pune,2018,5000,Petrol,Manual,First,25.0,53.0,RENAULT,KWID RXT OPTIONAL
Jaipur,2012,60000,Diesel,Automatic,Second,15.0,140.0,AUDI,A4 NEW 2.0 TDI MULTITRONIC
Jaipur,2015,50000,Petrol,Manual,First,22.0,47.0,MARUTI,ALTO 800 LXI AIRBAG
Delhi,2015,53000,Petrol,Manual,First,17.0,117.0,HONDA,CITY I VTEC VX OPTION
Delhi,2011,64000,Petrol,Automatic,Second,11.0,186.0,MERCEDES-BENZ,NEW C-CLASS C250 AVANTGARDE
Coimbatore,2017,43827,Diesel,Automatic,First,13.0,241.0,AUDI,Q5 3.0 TDI QUATTRO TECHNOLOGY
Pune,2011,36431,Petrol,Manual,First,16.0,74.0,VOLKSWAGEN,POLO 1.2 MPI COMFORTLINE
Mumbai,2017,35000,Diesel,Manual,First,21.0,88.0,HYUNDAI,CRETA 1.4 E PLUS DIESEL
Kochi,2011,94832,Petrol,Manual,First,17.0,118.0,HONDA,CITY 1.5 V MT
Coimbatore,2012,88381,Petrol,Manual,First,17.0,118.0,HONDA,CITY 1.5 S MT
Kolkata,2016,45194,Diesel,Manual,First,22.0,118.0,MARUTI,S CROSS DDIS 320 ALPHA
Mumbai,2010,66000,Petrol,Manual,Second,16.0,103.0,MARUTI,SX4 VXI BSIV
Kolkata,2014,38578,Diesel,Manual,First,23.0,74.0,MARUTI,SWIFT DZIRE VDI
Chennai,2015,40000,Diesel,Manual,First,20.0,88.0,MARUTI,ERTIGA ZDI
Coimbatore,2018,20632,Petrol,Manual,First,18.0,81.0,HYUNDAI,I20 1.2 SPOTZ
Hyderabad,2014,73042,Diesel,Manual,First,24.0,70.0,HYUNDAI,GRAND I10 CRDI MAGNA
Delhi,2014,54257,Petrol,Manual,First,17.0,117.0,HONDA,CITY I VTEC SV
Hyderabad,2013,93000,Diesel,Manual,First,20.0,103.0,SKODA,RAPID 1.6 TDI ELEGANCE
Hyderabad,2005,102000,Diesel,Automatic,Second,11.0,198.0,MERCEDES-BENZ,E-CLASS E270 CDI
Coimbatore,2016,28881,Diesel,Automatic,First,13.0,194.0,HYUNDAI,SANTA FE 4WD AT
Hyderabad,2007,52195,Petrol,Manual,First,19.0,46.0,MARUTI,ALTO LXI
Coimbatore,2018,20422,Diesel,Manual,First,12.0,134.0,ISUZU,D-MAX V-CROSS 4X4
Kolkata,2012,38000,Diesel,Manual,First,24.0,88.0,HYUNDAI,VERNA 1.4 CRDI GL
Coimbatore,2015,92885,Diesel,Manual,First,20.0,68.0,FORD,FIGO DIESEL ZXI
Pune,2010,43000,Petrol,Manual,Second,17.0,118.0,HONDA,CITY 1.5 S MT
Coimbatore,2016,70478,Diesel,Manual,First,17.0,97.0,MARUTI,SWIFT VDI BSIV W ABS
Delhi,2015,57000,Diesel,Manual,First,23.0,126.0,HYUNDAI,VERNA 1.6 CRDI S
Coimbatore,2018,32434,Petrol,Automatic,First,13.0,121.0,HYUNDAI,CRETA 1.6 SX PLUS PETROL AUTOMATIC
Hyderabad,2017,32000,Diesel,Manual,First,22.0,89.0,FORD,ECOSPORT 1.5 DV5 MT TITANIUM
Delhi,2011,59000,Diesel,Automatic,First,11.0,241.0,BMW,X6 XDRIVE30D
Coimbatore,2016,76467,Diesel,Automatic,First,18.0,190.0,BMW,5 SERIES 2013-2017 520D LUXURY LINE
Hyderabad,2016,100000,Diesel,Manual,First,25.0,99.0,FORD,FIGO ASPIRE 1.5 TDCI AMBIENTE
Pune,2013,37086,Petrol,Automatic,First,17.0,121.0,HYUNDAI,VERNA VTVT 1.6 AT EX
Jaipur,2010,135000,Diesel,Manual,First,13.0,68.0,FORD,IKON 1.4 TDCI DURATORQ
Kochi,2014,54862,Diesel,Automatic,First,17.0,174.0,AUDI,A6 2011-2015 2.0 TDI
Hyderabad,2010,67758,Petrol,Manual,First,10.0,97.0,HONDA,CR-V SPORT
Pune,2012,56200,Petrol,Automatic,First,15.0,98.0,HYUNDAI,I20 2015-2017 SPORTZ AT 1.4
Kochi,2011,169006,Diesel,Manual,First,14.0,174.0,TOYOTA,FORTUNER 2.8 4WD MT
Bangalore,2016,20229,Petrol,Manual,First,25.0,53.0,RENAULT,KWID RXT
Chennai,2008,62000,Petrol,Manual,Third,18.0,62.0,CHEVROLET,SPARK 1.0 LT
Hyderabad,2011,51500,Petrol,Manual,Second,16.0,103.0,HYUNDAI,VERNA TRANSFORM VTVT
Hyderabad,2012,69000,Diesel,Automatic,First,18.0,184.0,BMW,3 SERIES 320D SPORT LINE
Bangalore,2004,167000,Petrol,Manual,First,0.0,97.0,HYUNDAI,SANTRO XING XP
Hyderabad,2015,62476,Diesel,Manual,First,26.0,74.0,MARUTI,SWIFT DZIRE VDI
Jaipur,2017,60500,Diesel,Manual,First,25.0,73.0,HYUNDAI,XCENT 1.2 CRDI E PLUS
Mumbai,2017,17978,Petrol,Automatic,First,19.0,88.0,HONDA,JAZZ V CVT
Jaipur,2008,300000,Diesel,Manual,First,17.0,70.0,TATA,INDIGO LS
Chennai,2013,123000,Diesel,Manual,Second,17.0,67.0,FORD,FIESTA CLASSIC 1.4 DURATORQ CLXI
Kolkata,2016,45296,Diesel,Manual,First,25.0,88.0,MARUTI,S-CROSS ALPHA DDIS 200 SH
Coimbatore,2008,77325,Petrol,Manual,First,15.0,104.0,MARUTI,SX4 ZXI WITH LEATHER BSIII
Kochi,2018,25858,Petrol,Automatic,First,21.0,83.0,MARUTI,BALENO ZETA AUTOMATIC
Bangalore,2016,120000,Diesel,Manual,First,23.0,73.0,MARUTI,RITZ LDI
Ahmedabad,2016,22000,Diesel,Automatic,First,19.0,126.0,HYUNDAI,ELANTRA CRDI SX AT
Kolkata,2012,11000,Petrol,Manual,First,16.0,62.0,CHEVROLET,SPARK 1.0 LT
Mumbai,2017,3900,Petrol,Manual,First,18.0,81.0,HYUNDAI,I20 1.2 SPOTZ
Hyderabad,2016,106092,Diesel,Manual,First,24.0,71.0,HYUNDAI,XCENT 1.1 CRDI BASE
Delhi,2015,27000,Petrol,Automatic,First,19.0,88.0,HONDA,JAZZ 1.2 V CVT I VTEC
Ahmedabad,2013,11000,Petrol,Manual,First,19.0,86.0,HONDA,BRIO S MT
Coimbatore,2016,39753,Diesel,Automatic,First,13.0,201.0,MERCEDES-BENZ,E-CLASS E250 CDI AVANTGRADE
Pune,2017,39800,Diesel,Manual,First,17.0,153.0,TATA,HEXA XT
Pune,2017,73000,Diesel,Manual,First,24.0,71.0,HYUNDAI,XCENT 1.1 CRDI BASE
Pune,2015,55000,Diesel,Manual,First,22.0,89.0,FORD,ECOSPORT 1.5 DV5 MT TITANIUM OPTIONAL
Coimbatore,2017,18351,Petrol,Automatic,First,21.0,37.0,TATA,NANO XTA
Pune,2013,45000,Petrol,Manual,Second,19.0,86.0,HONDA,BRIO VX
Hyderabad,2016,112200,Diesel,Manual,First,24.0,88.0,MARUTI,ERTIGA SHVS ZDI PLUS
Bangalore,2010,29000,Petrol,Manual,First,20.0,78.0,HYUNDAI,I10 SPORTZ 1.2
Hyderabad,2007,57309,Petrol,Manual,First,17.0,97.0,HYUNDAI,SANTRO XING XO
Mumbai,2015,53392,Diesel,Manual,First,16.0,140.0,MAHINDRA,XUV500 W10 2WD
Hyderabad,2010,71000,Diesel,Manual,First,20.0,103.0,VOLKSWAGEN,VENTO DIESEL HIGHLINE
Hyderabad,2014,93000,Diesel,Manual,First,14.0,138.0,TATA,SAFARI STORME 2012-2015 VX
Hyderabad,2010,119000,Petrol,Manual,First,10.0,180.0,HONDA,ACCORD 2.4 ELEGANCE M/T
Coimbatore,2016,42225,Petrol,Manual,First,15.0,73.0,MARUTI,EECO 7 SEATER STANDARD
Ahmedabad,2012,65000,Diesel,Manual,First,22.0,74.0,MARUTI,SWIFT VDI
Pune,2016,27809,Petrol,Automatic,First,21.0,83.0,MARUTI,BALENO ZETA AUTOMATIC
Coimbatore,2015,65100,Diesel,Manual,First,15.0,140.0,MAHINDRA,XUV500 W8 2WD
Chennai,2014,51000,Petrol,Manual,First,19.0,82.0,HYUNDAI,XCENT 1.2 KAPPA S
Hyderabad,2017,10000,Diesel,Automatic,First,19.0,167.0,MERCEDES-BENZ,NEW C-CLASS C 220 CDI STYLE
Kolkata,2011,54895,Petrol,Manual,First,13.0,160.0,SKODA,SUPERB 1.8 TSI MT
Hyderabad,2015,80768,Diesel,Manual,First,20.0,88.0,VOLKSWAGEN,CROSSPOLO 1.5 TDI
Kochi,2019,12076,Petrol,Manual,First,20.0,81.0,MARUTI,IGNIS 1.2 DELTA
Chennai,2016,49000,Diesel,Manual,First,25.0,74.0,MARUTI,SWIFT VDI BSIV
Mumbai,2015,42366,Petrol,Manual,First,17.0,117.0,HONDA,CITY I VTEC VX OPTION
Ahmedabad,2010,68000,Diesel,Automatic,First,11.0,235.0,BMW,5 SERIES 530D HIGHLINE SEDAN
Hyderabad,2008,122397,Diesel,Manual,First,17.0,106.0,SKODA,LAURA AMBIENTE
Coimbatore,2017,50534,Petrol,Automatic,First,17.0,103.0,VOLKSWAGEN,POLO GT TSI
Ahmedabad,2014,55300,Diesel,Manual,First,19.0,83.0,RENAULT,DUSTER 85PS DIESEL RXL
Hyderabad,2008,73095,Petrol,Automatic,First,16.0,118.0,HONDA,CITY 1.5 S AT
Ahmedabad,2011,51100,Diesel,Manual,First,20.0,103.0,VOLKSWAGEN,VENTO DIESEL HIGHLINE
Pune,2016,13436,Petrol,Manual,Second,18.0,82.0,HYUNDAI,GRAND I10 SPORTZ
Pune,2008,76000,Petrol,Manual,Second,16.0,68.0,FORD,FIESTA 1.4 ZXI DURATEC
Mumbai,2016,63141,Diesel,Manual,Second,24.0,71.0,HYUNDAI,XCENT 1.1 CRDI S
Hyderabad,2014,74885,Diesel,Manual,First,25.0,98.0,HONDA,AMAZE VX I-DTEC
Hyderabad,2016,14000,Petrol,Automatic,First,18.0,117.0,HONDA,CITY I VTEC CVT VX
Pune,2012,56000,Diesel,Manual,Second,20.0,108.0,RENAULT,FLUENCE 1.5
Ahmedabad,2010,46000,Diesel,Automatic,First,22.0,190.0,BMW,5 SERIES 520D LUXURY LINE
Mumbai,2012,51800,Petrol,Manual,First,15.0,103.0,MARUTI,SX4 ZXI MT BSIV
Hyderabad,2007,81000,Petrol,Automatic,First,16.0,78.0,HONDA,CITY ZX CVT
Kochi,2018,17370,Petrol,Manual,First,17.0,73.0,VOLKSWAGEN,AMEO 1.2 MPI COMFORTLINE
Hyderabad,2016,18456,Petrol,Manual,First,17.0,73.0,VOLKSWAGEN,AMEO 1.2 MPI COMFORTLINE
Delhi,2010,59000,Diesel,Automatic,First,16.0,140.0,AUDI,A4 2.0 TDI MULTITRONIC
Mumbai,2006,141537,Petrol,Manual,Second,18.0,67.0,MARUTI,WAGON R VXI
Delhi,2013,51000,Diesel,Automatic,First,19.0,126.0,HYUNDAI,VERNA SX CRDI AT
Coimbatore,2019,29311,Diesel,Automatic,First,17.0,170.0,MERCEDES-BENZ,GLC 220D 4MATIC STYLE
Mumbai,2016,31000,Diesel,Automatic,First,21.0,190.0,BMW,3 SERIES LUXURY LINE
Mumbai,2014,80000,Diesel,Manual,Second,24.0,98.0,HONDA,MOBILIO V OPTION I DTEC
Hyderabad,2016,33000,Diesel,Automatic,First,17.0,126.0,HYUNDAI,CRETA 1.6 CRDI AT SX PLUS
Hyderabad,2011,71556,Petrol,Manual,First,17.0,118.0,HONDA,CITY 1.5 S MT
Bangalore,2011,85000,Diesel,Manual,First,17.0,68.0,FORD,FIESTA 1.4 TDCI EXI
Chennai,2016,91000,Diesel,Manual,First,26.0,74.0,MARUTI,SWIFT DZIRE LDI
Coimbatore,2015,73187,Diesel,Automatic,First,13.0,204.0,MERCEDES-BENZ,E-CLASS E250 CDI LAUNCH EDITION
Jaipur,2009,232000,Diesel,Manual,First,11.0,147.0,CHEVROLET,CAPTIVA LT
Bangalore,2007,127079,Diesel,Manual,First,12.0,102.0,TOYOTA,INNOVA 2.5 V DIESEL 7-SEATER
Kochi,2014,58816,Diesel,Manual,First,17.0,100.0,MAHINDRA,QUANTO C8
Kochi,2015,63818,Petrol,Manual,First,17.0,117.0,HONDA,CITY I VTEC V
Kolkata,2014,40000,Diesel,Automatic,First,17.0,174.0,AUDI,A4 2.0 TDI 177 BHP PREMIUM PLUS
Delhi,2013,77445,Diesel,Manual,First,22.0,73.0,VOLKSWAGEN,POLO DIESEL COMFORTLINE 1.2L
Pune,2017,14000,Petrol,Automatic,First,14.0,121.0,FORD,ECOSPORT 1.5 PETROL TITANIUM PLUS AT
Kolkata,2012,85122,Diesel,Manual,First,12.0,100.0,TOYOTA,INNOVA 2.5 G (DIESEL) 7 SEATER BS IV
Jaipur,2005,123000,Petrol,Manual,Third,13.0,100.0,HONDA,CITY 1.5 EXI
Kochi,2015,61000,CNG,Manual,First,22.0,85.0,MARUTI,SX4 GREEN VXI (CNG)
Chennai,2015,63714,Petrol,Manual,First,24.0,47.0,MARUTI,ALTO 800 2016-2019 LXI OPTIONAL
Pune,2009,53000,Diesel,Automatic,First,8.0,224.0,MERCEDES-BENZ,M-CLASS ML 320 CDI
Kolkata,2017,60000,Diesel,Manual,First,26.0,74.0,MARUTI,SWIFT DZIRE LDI
Ahmedabad,2017,33000,Diesel,Manual,First,24.0,88.0,MARUTI,VITARA BREZZA ZDI PLUS DUAL TONE
Mumbai,2013,31000,Diesel,Automatic,First,13.0,215.0,VOLVO,S60 D5 SUMMUM
Delhi,2014,79000,Diesel,Automatic,First,12.0,168.0,TOYOTA,FORTUNER 4X2 AT
Kochi,2013,67914,Diesel,Manual,First,23.0,90.0,HYUNDAI,I20 SPORTZ OPTION DIESEL
Bangalore,2015,58970,Diesel,Automatic,First,17.0,174.0,AUDI,A4 35 TDI PREMIUM
Mumbai,2013,60000,Diesel,Manual,Second,19.0,108.0,NISSAN,TERRANO XV D PRE
Coimbatore,2017,35225,Petrol,Automatic,First,23.0,67.0,MARUTI,CELERIO ZXI AMT
Delhi,2005,69496,Petrol,Manual,First,15.0,97.0,MARUTI,ESTEEM VXI
Delhi,2012,62282,Petrol,Automatic,First,16.0,78.0,HYUNDAI,I10 SPORTZ AT
Hyderabad,2010,80000,Diesel,Automatic,First,22.0,190.0,BMW,3 SERIES 320D
Kochi,2018,43698,Petrol,Manual,First,18.0,82.0,HYUNDAI,GRAND I10 SPORTZ
Coimbatore,2017,28052,Petrol,Automatic,First,18.0,82.0,HYUNDAI,GRAND I10 ASTA OPTION AT
Coimbatore,2016,29091,Petrol,Manual,First,18.0,81.0,HYUNDAI,GRAND I10 1.2 KAPPA SPORTZ
Delhi,2013,63000,Petrol,Manual,First,16.0,74.0,VOLKSWAGEN,POLO 1.2 MPI COMFORTLINE
Hyderabad,2007,91000,Petrol,Manual,Second,17.0,78.0,HONDA,CITY ZX EXI
Hyderabad,2014,30000,Diesel,Automatic,First,17.0,136.0,MERCEDES-BENZ,GLA CLASS 200 CDI
Hyderabad,2017,24571,Petrol,Manual,First,14.0,35.0,MARUTI,OMNI 8 SEATER BSIV
Bangalore,2014,45000,Petrol,Automatic,First,15.0,121.0,HYUNDAI,VERNA 1.6 SX VTVT AT
Hyderabad,2015,24617,Petrol,Manual,First,22.0,47.0,MARUTI,ALTO 800 LXI
Coimbatore,2017,26927,Diesel,Manual,First,24.0,88.0,MARUTI,VITARA BREZZA ZDI PLUS DUAL TONE
Kochi,2013,87736,Diesel,Manual,First,15.0,140.0,MAHINDRA,XUV500 W8 2WD
Delhi,2016,35299,Diesel,Manual,First,24.0,88.0,MARUTI,VITARA BREZZA ZDI
Kochi,2017,51612,Petrol,Manual,First,18.0,81.0,HYUNDAI,I20 1.2 SPOTZ
Mumbai,1998,55300,Diesel,Automatic,First,10.0,157.0,MERCEDES-BENZ,E-CLASS 250 D W 210
Hyderabad,2009,65090,Petrol,Manual,First,19.0,46.0,MARUTI,ALTO LXI
Kolkata,2013,40000,Petrol,Manual,First,18.0,86.0,HONDA,AMAZE S I-VTECH
Kochi,2015,38467,Diesel,Automatic,First,12.0,255.0,LAND,ROVER RANGE ROVER SPORT HSE
Mumbai,2013,71904,Diesel,Manual,First,24.0,70.0,HYUNDAI,GRAND I10 CRDI MAGNA
Mumbai,2008,87000,Petrol,Manual,First,13.0,130.0,HONDA,CIVIC 2006-2010 1.8 S MT
Chennai,2014,33000,Diesel,Manual,Second,24.0,70.0,HYUNDAI,GRAND I10 CRDI MAGNA
Jaipur,2009,22100,Petrol,Manual,Second,16.0,37.0,MARUTI,800 AC UNIQ
Hyderabad,2014,59589,Diesel,Manual,First,23.0,67.0,TOYOTA,ETIOS LIVA DIESEL
Delhi,2015,44000,Diesel,Manual,First,22.0,88.0,HYUNDAI,I20 MAGNA 1.4 CRDI
Mumbai,2017,12000,Petrol,Manual,First,24.0,67.0,MARUTI,ALTO K10 VXI
Pune,2012,66000,Diesel,Automatic,Second,17.0,184.0,BMW,X1 SDRIVE20D
Pune,2016,38009,Petrol,Automatic,First,23.0,67.0,MARUTI,CELERIO VXI AT
Mumbai,2009,35000,Petrol,Automatic,Second,13.0,157.0,SKODA,SUPERB ELEGANCE 1.8 TSI AT
Pune,2009,70000,Diesel,Manual,First,14.0,112.0,MAHINDRA,XYLO E4
Delhi,2014,86000,Diesel,Manual,First,15.0,140.0,MAHINDRA,XUV500 W8 2WD
Pune,2016,32000,Petrol,Manual,First,19.0,85.0,MARUTI,SWIFT DZIRE VXI
Mumbai,2017,15000,Petrol,Manual,First,18.0,123.0,FORD,ECOSPORT 1.0 ECOBOOST PLATINUM EDITION
Coimbatore,2014,69918,Diesel,Manual,First,21.0,87.0,TOYOTA,COROLLA ALTIS DIESEL D4DG
Pune,2012,39000,Petrol,Manual,First,18.0,80.0,HYUNDAI,I20 2015-2017 1.2 MAGNA
Mumbai,2018,1011,Diesel,Manual,First,20.0,108.0,RENAULT,CAPTUR 1.5 DIESEL PLATINE MONO
Hyderabad,2009,85000,Diesel,Automatic,First,11.0,198.0,MERCEDES-BENZ,E-CLASS 280 CDI
Chennai,2017,46663,Petrol,Manual,First,21.0,100.0,MARUTI,BALENO RS 1.0 PETROL
Chennai,2015,27000,Petrol,Automatic,First,17.0,99.0,NISSAN,SUNNY 2011-2014 XL AT SPECIAL EDITION
Chennai,2015,15000,Petrol,Automatic,First,18.0,82.0,HYUNDAI,GRAND I10 AT ASTA
Kochi,2018,10575,Petrol,Manual,First,21.0,103.0,MARUTI,CIAZ ZETA
Jaipur,2014,12500,Petrol,Manual,First,19.0,82.0,HYUNDAI,XCENT 1.2 KAPPA S
Ahmedabad,2012,52000,Diesel,Manual,First,22.0,126.0,HYUNDAI,VERNA 1.6 SX CRDI (O)
Kochi,2015,49818,Petrol,Manual,First,21.0,81.0,MARUTI,WAGON R VXI 1.2
Hyderabad,2008,90000,Diesel,Manual,Second,16.0,110.0,HYUNDAI,VERNA CRDI
Kochi,2015,52207,Petrol,Manual,First,17.0,78.0,TOYOTA,ETIOS LIVA G
Pune,2013,167362,Diesel,Manual,First,11.0,112.0,MAHINDRA,XYLO E4 ABS BS III
Coimbatore,2015,49894,Diesel,Manual,First,23.0,67.0,TOYOTA,ETIOS LIVA GD
Kochi,2019,13024,Diesel,Manual,First,18.0,63.0,MAHINDRA,THAR DI 4X4
Pune,2010,128000,Diesel,Manual,Second,14.0,147.0,NISSAN,X-TRAIL SLX MT
Kochi,2017,26023,Diesel,Automatic,First,11.0,171.0,TOYOTA,INNOVA CRYSTA 2.8 ZX AT
Delhi,2016,42784,Diesel,Manual,First,21.0,88.0,HYUNDAI,CRETA 1.4 CRDI S
Pune,2014,115000,Diesel,Manual,First,28.0,74.0,MARUTI,SWIFT VDI
Kochi,2019,30529,Diesel,Manual,First,23.0,126.0,HYUNDAI,VERNA 1.6 CRDI SX OPTION
Kochi,2012,14814,Petrol,Manual,Second,19.0,46.0,MARUTI,ALTO LXI BSIII
Ahmedabad,2016,58000,Diesel,Manual,First,23.0,88.0,MARUTI,S CROSS DDIS 200 ALPHA
Hyderabad,2011,68128,Petrol,Manual,First,21.0,55.0,HYUNDAI,EON ERA
Hyderabad,2013,63220,Petrol,Manual,First,13.0,102.0,NISSAN,TERRANO XL
Hyderabad,2016,30000,Petrol,Manual,First,21.0,55.0,HYUNDAI,EON ERA
Bangalore,2017,27768,Diesel,Manual,First,20.0,88.0,TATA,ZEST QUADRAJET 1.3 XT
Hyderabad,2014,53000,Diesel,Automatic,Second,14.0,203.0,MERCEDES-BENZ,E-CLASS 2009-2013 E250 CDI ELEGANCE
Coimbatore,2014,87652,Diesel,Automatic,Second,14.0,174.0,AUDI,Q5 2.0 TDI PREMIUM PLUS
Chennai,2008,94873,Petrol,Manual,Second,15.0,101.0,FORD,FIESTA 1.6 ZXI LEATHER
Mumbai,2015,56000,Diesel,Automatic,First,18.0,184.0,BMW,3 SERIES 320D PRESTIGE
Kochi,2018,18678,Petrol,Manual,First,21.0,100.0,MARUTI,BALENO RS 1.0 PETROL
Delhi,2014,30000,Diesel,Automatic,First,14.0,203.0,MERCEDES-BENZ,E-CLASS 2009-2013 E250 CDI BLUE EFFICIENCY
Mumbai,2012,129000,Diesel,Automatic,First,12.0,97.0,FORD,ENDEAVOUR HURRICANE LE
Hyderabad,2013,59000,Petrol,Manual,First,20.0,78.0,HYUNDAI,I10 SPORTZ 1.2
Mumbai,2017,13000,Petrol,Manual,First,18.0,82.0,HYUNDAI,GRAND I10 ASTA OPTION
Kochi,2014,74325,Petrol,Manual,First,19.0,86.0,HONDA,BRIO S MT
Kolkata,2015,45000,Diesel,Manual,First,21.0,88.0,HYUNDAI,I20 MAGNA 1.4 CRDI (DIESEL)
Pune,2013,57000,Petrol,Manual,First,16.0,73.0,VOLKSWAGEN,POLO PETROL HIGHLINE 1.2L
Pune,2001,125943,Petrol,Manual,Second,13.0,100.0,HONDA,CITY 1.5 EXI
Delhi,2008,80000,Diesel,Manual,First,18.0,66.0,SKODA,OCTAVIA AMBIENTE 1.9 TDI
Hyderabad,2010,154000,Diesel,Manual,First,13.0,141.0,FORD,ENDEAVOUR 2.5L 4X2
Bangalore,2013,62000,Diesel,Manual,Second,18.0,147.0,CHEVROLET,CRUZE LTZ
Kolkata,2013,27000,Petrol,Automatic,First,14.0,97.0,HONDA,CR-V AT WITH SUN ROOF
Kolkata,2014,45000,Diesel,Manual,First,24.0,98.0,HONDA,MOBILIO V I DTEC
Pune,2012,105000,Diesel,Manual,Second,20.0,88.0,MARUTI,ERTIGA VDI
Mumbai,2013,26000,Petrol,Manual,First,18.0,82.0,HYUNDAI,GRAND I10 SPORTZ
Mumbai,2014,30900,Diesel,Automatic,First,14.0,270.0,JAGUAR,XF 3.0 LITRE S PREMIUM LUXURY
Chennai,2014,48000,Petrol,Manual,First,18.0,86.0,HONDA,AMAZE VX I-VTECH
Pune,2011,112719,Diesel,Automatic,First,12.0,179.0,AUDI,A6 2.7 TDI
Chennai,2017,5000,Petrol,Manual,First,18.0,81.0,HYUNDAI,I20 1.2 SPOTZ
Mumbai,2016,16000,Petrol,Manual,First,17.0,73.0,VOLKSWAGEN,AMEO 1.2 MPI HIGHLINE PLUS 16
Jaipur,2011,63000,Petrol,Automatic,First,13.0,135.0,RENAULT,FLUENCE 2.0
Chennai,2011,28300,Petrol,Manual,First,24.0,67.0,MARUTI,ALTO K10 VXI
Jaipur,2005,49000,Petrol,Manual,First,19.0,46.0,MARUTI,ALTO STD
Kolkata,2016,12501,Petrol,Manual,First,20.0,67.0,MARUTI,WAGON R VXI BS IV
Kochi,2016,56628,Diesel,Manual,First,20.0,92.0,FIAT,LINEA 1.3 EMOTION
Pune,2010,105000,Diesel,Manual,First,19.0,73.0,MARUTI,SWIFT DZIRE VDI BSIV
Pune,2016,52126,Diesel,Manual,First,21.0,84.0,RENAULT,SCALA DIESEL RXL
Kolkata,2010,38000,Petrol,Manual,First,18.0,80.0,HYUNDAI,I20 MAGNA
Bangalore,2016,50000,Petrol,Manual,First,19.0,82.0,HYUNDAI,XCENT 1.2 KAPPA SX OPTION
Kochi,2015,50230,Petrol,Manual,First,18.0,67.0,MARUTI,WAGON R LXI
Ahmedabad,2014,31000,Diesel,Manual,First,15.0,140.0,MAHINDRA,XUV500 W8 2WD
Delhi,2014,79000,Diesel,Automatic,First,12.0,168.0,TOYOTA,FORTUNER 4X2 AT
Delhi,2012,130000,Diesel,Manual,First,19.0,108.0,RENAULT,DUSTER 110PS DIESEL RXZ PLUS
Chennai,2010,115000,Petrol,Manual,Second,17.0,62.0,HYUNDAI,SANTRO XING GLS
Pune,2013,41500,Petrol,Manual,Second,17.0,121.0,HYUNDAI,VERNA 1.6 SX VTVT
Pune,2014,54385,Diesel,Automatic,Second,15.0,177.0,BMW,X1 SDRIVE 20D EXCLUSIVE
Kochi,2011,56361,Petrol,Automatic,First,12.0,130.0,HONDA,CIVIC 2006-2010 1.8 V AT
Delhi,2018,22000,Petrol,Automatic,First,15.0,187.0,AUDI,A6 35 TFSI MATRIX
Kolkata,2017,8000,Petrol,Manual,First,20.0,67.0,MARUTI,WAGON R LXI BS IV
Coimbatore,2018,28741,Diesel,Manual,First,24.0,88.0,MARUTI,VITARA BREZZA ZDI PLUS DUAL TONE
Pune,2012,117236,Diesel,Automatic,Second,11.0,190.0,LAND,ROVER DISCOVERY 3 TDV6 DIESEL AUTOMATIC
Pune,2016,30500,Diesel,Automatic,First,26.0,74.0,MARUTI,DZIRE NEW
Kolkata,2018,5000,Petrol,Manual,First,17.0,121.0,HYUNDAI,VERNA VTVT 1.6 SX
Hyderabad,2016,42000,Diesel,Manual,First,25.0,88.0,MARUTI,ERTIGA ZDI PLUS
Mumbai,2010,32773,Petrol,Manual,First,13.0,94.0,HYUNDAI,ACCENT GLE
Kolkata,2016,19008,Petrol,Manual,First,17.0,80.0,HYUNDAI,I20 1.2 SPORTZ
Kochi,2012,32542,Petrol,Manual,First,17.0,121.0,HYUNDAI,VERNA VTVT 1.6 SX
Hyderabad,2010,94753,Petrol,Manual,First,19.0,46.0,MARUTI,ALTO LX
Ahmedabad,2011,70000,Diesel,Manual,Second,12.0,120.0,MAHINDRA,SCORPIO VLX
Delhi,2012,68347,Petrol,Manual,First,18.0,67.0,MARUTI,WAGON R LXI
Ahmedabad,2011,72000,Petrol,Manual,Second,17.0,80.0,HYUNDAI,I20 1.2 SPORTZ
Hyderabad,2010,75014,Diesel,Manual,First,21.0,73.0,MARUTI,RITZ VDI
Delhi,2013,65000,Diesel,Automatic,Second,13.0,148.0,RENAULT,KOLEOS 2.0 DIESEL
Kochi,2012,55598,Diesel,Automatic,First,22.0,190.0,BMW,3 SERIES 320D
Pune,2013,50000,Petrol,Manual,First,19.0,86.0,HONDA,BRIO V MT
Chennai,2003,44200,Petrol,Manual,Second,11.0,134.0,HYUNDAI,SONATA GOLD
Jaipur,2014,65000,Diesel,Manual,First,19.0,73.0,MARUTI,SWIFT DZIRE VDI
Hyderabad,2013,49000,Diesel,Manual,First,16.0,140.0,MAHINDRA,XUV500 W8 4WD
Kolkata,2016,7200,Petrol,Manual,First,19.0,68.0,HYUNDAI,I10 SPORTZ 1.1L
Kochi,2016,43152,Petrol,Manual,First,20.0,91.0,MARUTI,CIAZ ZXI PLUS
Pune,2013,112000,Diesel,Manual,First,12.0,102.0,TOYOTA,INNOVA 2.5 V DIESEL 8-SEATER
Coimbatore,2017,23540,Petrol,Manual,First,18.0,82.0,HYUNDAI,GRAND I10 SPORTZ
Coimbatore,2008,82160,Diesel,Manual,First,16.0,123.0,CHEVROLET,OPTRA MAGNUM 2.0 LS BSIII
Pune,2013,57000,Diesel,Manual,First,12.0,162.0,MAHINDRA,SSANGYONG REXTON RX5
Coimbatore,2015,39335,Diesel,Manual,First,15.0,140.0,MAHINDRA,XUV500 W8 2WD
Bangalore,2014,62000,Petrol,Manual,Second,17.0,117.0,HONDA,CITY I VTEC SV
Delhi,2014,60000,Diesel,Manual,First,22.0,89.0,FORD,ECOSPORT 1.5 DV5 MT TITANIUM
Kolkata,2015,35000,Petrol,Manual,First,18.0,81.0,HYUNDAI,I20 SPORTZ 1.2
Kochi,2016,32345,Diesel,Automatic,First,17.0,136.0,MERCEDES-BENZ,CLA 200 CDI SPORT
Ahmedabad,2014,47000,Petrol,Manual,First,22.0,55.0,HYUNDAI,EON MAGNA
Delhi,2012,65537,CNG,Manual,Second,33.0,40.0,MARUTI,ALTO 800 2016-2019 CNG LXI
Delhi,2011,36000,Petrol,Manual,First,17.0,88.0,TOYOTA,ETIOS G SAFETY
Chennai,2016,75000,Diesel,Manual,First,23.0,74.0,MARUTI,SWIFT DZIRE TOUR LDI
Kolkata,2008,38000,Petrol,Manual,First,19.0,46.0,MARUTI,ALTO LXI
Chennai,2015,57818,Petrol,Manual,First,23.0,67.0,MARUTI,CELERIO ZXI
Hyderabad,2015,45000,Diesel,Manual,First,22.0,89.0,FORD,ECOSPORT 1.5 DV5 MT TITANIUM OPTIONAL
Jaipur,2015,75055,Diesel,Manual,First,19.0,108.0,NISSAN,TERRANO XV 110 PS LIMITED EDITION
Delhi,2009,65462,Petrol,Automatic,Third,11.0,142.0,HONDA,ACCORD VTI-L AT
Hyderabad,2008,76206,Diesel,Manual,First,17.0,75.0,MARUTI,SWIFT LDI BSIII
Kochi,2018,25948,Diesel,Automatic,First,16.0,140.0,MAHINDRA,XUV500 AT W10 FWD
Mumbai,2016,28500,Petrol,Manual,First,18.0,88.0,HONDA,JAZZ 1.2 VX I VTEC
Mumbai,2015,28004,Petrol,Manual,First,17.0,117.0,HONDA,CITY I VTEC V
Kolkata,2011,25000,Petrol,Manual,Second,15.0,67.0,FIAT,GRANDE PUNTO 1.2 DYNAMIC
Kolkata,2010,40000,Petrol,Manual,Second,19.0,97.0,MARUTI,ESTILO LXI
Pune,2013,82543,Petrol,Manual,First,16.0,93.0,MARUTI,ERTIGA ZXI
Chennai,2013,30000,Petrol,Manual,First,18.0,75.0,NISSAN,MICRA XL
Hyderabad,2010,27800,Petrol,Manual,First,17.0,118.0,HONDA,CITY 1.5 V MT
Coimbatore,2016,33415,Petrol,Manual,First,16.0,88.0,TOYOTA,ETIOS VX
Mumbai,2013,38000,Diesel,Automatic,First,18.0,184.0,BMW,3 SERIES 320D LUXURY LINE
Kochi,2017,41981,Petrol,Manual,First,18.0,88.0,HONDA,JAZZ 1.2 SV I VTEC
Jaipur,2013,77084,Diesel,Manual,First,28.0,73.0,MARUTI,DZIRE VDI
Hyderabad,2013,71803,Diesel,Manual,First,20.0,103.0,SKODA,RAPID 1.6 TDI ELEGANCE
Kolkata,2013,73314,Diesel,Manual,First,15.0,140.0,MAHINDRA,XUV500 W6 2WD
Coimbatore,2015,69053,Petrol,Automatic,First,18.0,82.0,HYUNDAI,GRAND I10 AT ASTA
Delhi,2009,79782,Petrol,Manual,Second,17.0,118.0,HONDA,CITY 1.5 V MT
Hyderabad,2010,250000,Diesel,Manual,Second,12.0,102.0,TOYOTA,INNOVA 2.5 GX 7 STR
Pune,2011,90000,Diesel,Manual,Second,15.0,140.0,MAHINDRA,XUV500 W8 2WD
Hyderabad,2010,130000,Diesel,Manual,First,19.0,73.0,MARUTI,SWIFT DZIRE VDI
Pune,2013,65000,Petrol,Manual,Second,15.0,103.0,VOLKSWAGEN,VENTO PETROL HIGHLINE
Coimbatore,2013,46496,Diesel,Manual,First,23.0,97.0,TOYOTA,ETIOS GD
Bangalore,2013,76000,Diesel,Automatic,Second,16.0,147.0,AUDI,A4 2.0 TDI
Ahmedabad,2012,28002,Petrol,Manual,First,16.0,93.0,MARUTI,ERTIGA LXI
Mumbai,2010,63000,CNG,Manual,Second,14.0,138.0,TOYOTA,COROLLA ALTIS 1.8 G CNG
Jaipur,2010,70000,Petrol,Manual,Second,16.0,37.0,MARUTI,800 AC
Hyderabad,2011,66276,Petrol,Manual,First,17.0,118.0,HONDA,CITY 1.5 V MT
Kolkata,2014,45000,Petrol,Manual,First,19.0,85.0,MARUTI,SWIFT DZIRE VXI
Delhi,2014,67000,Petrol,Automatic,First,19.0,158.0,TOYOTA,CAMRY HYBRID
Kolkata,2014,43068,Diesel,Manual,First,24.0,70.0,HYUNDAI,GRAND I10 CRDI SPORTZ
Chennai,2016,40000,Diesel,Automatic,First,11.0,171.0,TOYOTA,INNOVA CRYSTA 2.8 GX AT 8S
Coimbatore,2011,50436,Petrol,Manual,First,20.0,78.0,HYUNDAI,I10 MAGNA
Bangalore,2014,21000,Petrol,Automatic,First,18.0,82.0,HYUNDAI,GRAND I10 AT ASTA
Mumbai,2018,2000,Diesel,Manual,First,27.0,74.0,MARUTI,BALENO ALPHA DIESEL
Mumbai,2016,14500,Petrol,Automatic,First,14.0,177.0,SKODA,SUPERB STYLE 1.8 TSI AT
Hyderabad,2010,68782,Diesel,Automatic,First,14.0,170.0,MERCEDES-BENZ,NEW C-CLASS 220 CDI AT
Kolkata,2011,35888,Diesel,Manual,First,21.0,73.0,MARUTI,RITZ VDI
Kolkata,2015,168205,Diesel,Manual,First,23.0,74.0,MARUTI,SWIFT DZIRE TOUR LDI
Mumbai,2012,47000,Petrol,Manual,First,14.0,130.0,HONDA,CIVIC 2010-2013 1.8 V MT
Hyderabad,2015,93700,Diesel,Manual,First,24.0,88.0,MARUTI,ERTIGA SHVS VDI
Kolkata,2014,45000,Diesel,Manual,First,22.0,126.0,HYUNDAI,ELANTRA CRDI SX
Hyderabad,2016,55547,Diesel,Automatic,First,12.0,168.0,TOYOTA,FORTUNER 4X2 AT
Delhi,2013,69000,Petrol,Automatic,First,17.0,103.0,VOLKSWAGEN,POLO GT TSI
Pune,2005,88000,Diesel,Manual,Third,18.0,66.0,SKODA,OCTAVIA CLASSIC 1.9 TDI MT
Delhi,2014,32400,Diesel,Manual,First,20.0,88.0,VOLKSWAGEN,POLO 1.5 TDI TRENDLINE
Pune,2012,79000,Petrol,Manual,Second,17.0,62.0,HYUNDAI,SANTRO XING GL PLUS
Hyderabad,2004,110000,Petrol,Manual,First,13.0,94.0,HYUNDAI,ACCENT GLE
Coimbatore,2014,45407,Petrol,Manual,Second,21.0,55.0,HYUNDAI,EON D LITE PLUS
Hyderabad,2011,136490,Diesel,Manual,First,12.0,102.0,TOYOTA,INNOVA 2.5 V DIESEL 7-SEATER
Mumbai,2017,19000,Diesel,Manual,First,26.0,74.0,MARUTI,IGNIS 1.3 ZETA
Mumbai,2017,19416,Petrol,Manual,First,21.0,103.0,MARUTI,CIAZ ALPHA
Mumbai,2012,15500,Petrol,Manual,First,17.0,85.0,MARUTI,SWIFT DZIRE VXI
Hyderabad,2017,12538,Petrol,Automatic,First,18.0,117.0,HONDA,CITY I VTEC CVT VX
Bangalore,2015,62588,Diesel,Manual,First,17.0,97.0,MARUTI,SWIFT VDI BSIV W ABS
Delhi,2015,44328,Petrol,Manual,First,19.0,86.0,HONDA,BRIO S MT
Delhi,2014,63000,Diesel,Manual,First,23.0,67.0,TOYOTA,ETIOS LIVA GD
Hyderabad,2015,100000,Diesel,Automatic,First,13.0,215.0,VOLVO,XC60 D5
Kolkata,2015,103000,Petrol,Manual,First,15.0,64.0,TATA,INDIGO CS EGVX
Pune,2016,50296,Diesel,Automatic,Second,11.0,171.0,TOYOTA,INNOVA CRYSTA 2.8 ZX AT
Pune,2013,95500,Diesel,Manual,First,20.0,103.0,VOLKSWAGEN,VENTO DIESEL HIGHLINE
Pune,2014,72100,Diesel,Manual,First,22.0,89.0,FORD,ECOSPORT 1.5 DV5 MT TITANIUM
Mumbai,2010,19119,Petrol,Manual,First,18.0,67.0,MARUTI,WAGON R VXI
Mumbai,2006,30000,Petrol,Manual,First,13.0,210.0,MERCEDES-BENZ,S-CLASS 320 L
Hyderabad,2015,75600,Diesel,Manual,First,20.0,88.0,VOLKSWAGEN,POLO 1.5 TDI HIGHLINE
Pune,2007,137000,Petrol,Manual,Second,15.0,65.0,TATA,INDICA GLS BS IV
Jaipur,2002,53500,Petrol,Manual,Second,16.0,37.0,MARUTI,800 STD BSIII
Kochi,2018,26101,Diesel,Manual,First,17.0,170.0,JEEP,COMPASS 2.0 LONGITUDE
Pune,2016,7000,Petrol,Manual,First,24.0,67.0,MARUTI,ALTO K10 LXI OPTIONAL
Bangalore,2013,50000,Diesel,Automatic,First,19.0,141.0,SKODA,OCTAVIA ELEGANCE 2.0 TDI AT
Hyderabad,2016,30000,Diesel,Manual,First,26.0,74.0,MARUTI,SWIFT DZIRE VDI OPTIONAL
Mumbai,2016,38151,Diesel,Manual,First,28.0,88.0,MARUTI,CIAZ VDI PLUS SHVS
Jaipur,2009,116000,Diesel,Manual,Second,15.0,170.0,MERCEDES-BENZ,NEW C-CLASS C 220 CDI CLASSIC
Kolkata,2013,22000,Diesel,Manual,First,20.0,68.0,FORD,FIGO DIESEL ZXI
Delhi,2010,60000,Petrol,Automatic,Second,14.0,138.0,TOYOTA,COROLLA ALTIS VL
Mumbai,2016,38000,Diesel,Manual,First,22.0,118.0,MARUTI,SX4 S CROSS DDIS 320 ZETA
Coimbatore,2011,51928,Petrol,Manual,First,15.0,70.0,FORD,FIGO PETROL ZXI
Mumbai,2018,3000,Petrol,Automatic,First,19.0,88.0,HONDA,JAZZ EXCLUSIVE CVT
Pune,2006,67196,Petrol,Manual,First,17.0,60.0,MARUTI,ZEN LXI - BS III
Bangalore,2012,100000,Diesel,Manual,Third,11.0,171.0,TOYOTA,FORTUNER 3.0 DIESEL
Jaipur,2015,65218,Diesel,Manual,First,26.0,88.0,MARUTI,CIAZ ZDI PLUS
Kochi,2016,53886,Petrol,Manual,First,25.0,53.0,RENAULT,KWID RXT
Coimbatore,2011,50058,Petrol,Automatic,First,19.0,80.0,HYUNDAI,I10 MAGNA AT
Pune,2016,64000,Petrol,Automatic,First,23.0,67.0,MARUTI,CELERIO ZXI AT OPTIONAL
Kochi,2018,41641,Diesel,Manual,First,21.0,88.0,HYUNDAI,CRETA 1.4 E PLUS DIESEL
Hyderabad,2016,44345,Diesel,Manual,First,27.0,98.0,HONDA,JAZZ 1.5 SV I DTEC
Kolkata,2011,45501,Petrol,Manual,First,17.0,118.0,HONDA,CITY 1.5 S MT
Chennai,2001,104000,Petrol,Manual,Third,13.0,85.0,MITSUBISHI,LANCER 1.5 SFXI
Coimbatore,2012,50297,Petrol,Manual,First,16.0,97.0,NISSAN,SUNNY XE P
Mumbai,2011,87000,Petrol,Automatic,First,11.0,177.0,HONDA,ACCORD 2.4 AT
Mumbai,2016,120000,Diesel,Manual,First,15.0,140.0,MAHINDRA,XUV500 W8 2WD
Mumbai,2018,17000,Petrol,Manual,First,18.0,81.0,HYUNDAI,I20 1.2 MAGNA EXECUTIVE
Chennai,2014,100000,Diesel,Manual,First,23.0,63.0,NISSAN,MICRA DIESEL XL
Kochi,2015,50979,Petrol,Automatic,First,19.0,91.0,MARUTI,CIAZ AT ZXI
Chennai,2011,41000,Diesel,Manual,First,20.0,103.0,VOLKSWAGEN,VENTO DIESEL TRENDLINE
Chennai,2011,24000,Petrol,Manual,First,17.0,80.0,HYUNDAI,I20 ASTA
Hyderabad,2008,44738,Petrol,Manual,First,14.0,138.0,TOYOTA,COROLLA ALTIS G
Kolkata,2014,37298,Diesel,Manual,First,25.0,98.0,HONDA,CITY I DTEC VX
Pune,2014,42000,Petrol,Manual,Second,20.0,81.0,MARUTI,SWIFT VXI BSIV
Pune,2016,45000,Diesel,Automatic,First,14.0,203.0,MERCEDES-BENZ,E-CLASS 2009-2013 E250 CDI ELEGANCE
Mumbai,2015,102000,Diesel,Manual,First,12.0,100.0,TOYOTA,INNOVA 2.5 G (DIESEL) 7 SEATER
Pune,2011,70000,Petrol,Manual,First,16.0,88.0,MARUTI,SWIFT LXI BSIII
Coimbatore,2018,27467,Diesel,Automatic,First,19.0,167.0,MERCEDES-BENZ,NEW C-CLASS C 220D AVANTGARDE EDITION C
Kolkata,2015,15305,Petrol,Manual,First,18.0,82.0,HYUNDAI,GRAND I10 ASTA
Mumbai,2010,70000,Petrol,Manual,First,18.0,67.0,MARUTI,WAGON R LXI BS IV
Hyderabad,2016,36778,Diesel,Manual,First,22.0,98.0,FORD,ECOSPORT 1.5 TDCI TITANIUM
Coimbatore,2015,25845,Petrol,Manual,First,16.0,74.0,VOLKSWAGEN,POLO 1.2 MPI COMFORTLINE
Kochi,2018,33858,Petrol,Automatic,First,17.0,121.0,HYUNDAI,VERNA 1.6 VTVT AT SX
Ahmedabad,2017,12000,Petrol,Automatic,Second,24.0,67.0,RENAULT,KWID AMT RXL
Coimbatore,2013,33709,Petrol,Automatic,First,16.0,86.0,HONDA,BRIO S OPTION AT
Kochi,2018,32709,Petrol,Manual,First,18.0,86.0,FORD,FIGO ASPIRE 1.2 TI-VCT TITANIUM
Bangalore,2014,72000,Diesel,Manual,Second,11.0,171.0,TOYOTA,FORTUNER 3.0 DIESEL
Ahmedabad,2013,31000,Diesel,Manual,First,25.0,69.0,TATA,INDIGO ECS ELX BS IV
Chennai,2016,70000,Diesel,Manual,First,25.0,99.0,FORD,FIGO 2015-2019 1.5D AMBIENTE MT
Jaipur,2014,61000,Diesel,Manual,First,23.0,74.0,MARUTI,SWIFT DZIRE VDI
Pune,2011,72000,Diesel,Manual,First,23.0,63.0,NISSAN,MICRA DIESEL XV PRIMO
Delhi,2016,49000,Diesel,Automatic,First,19.0,141.0,SKODA,OCTAVIA STYLE PLUS 2.0 TDI AT
Hyderabad,2014,42939,Diesel,Automatic,First,16.0,138.0,VOLKSWAGEN,JETTA 2013-2015 2.0L TDI HIGHLINE AT
Coimbatore,2016,32545,Diesel,Automatic,First,12.0,241.0,AUDI,Q7 35 TDI QUATTRO TECHNOLOGY
Pune,2011,54000,Petrol,Manual,First,17.0,80.0,HYUNDAI,I20 1.2 SPORTZ
Delhi,2012,76000,Diesel,Automatic,First,16.0,181.0,BMW,3 SERIES 320D CORPORATE EDITION
Kolkata,2015,27000,Diesel,Manual,First,21.0,88.0,HYUNDAI,I20 ACTIVE 1.4 SX DUAL TONE
Chennai,2005,120000,Diesel,Manual,Second,12.0,116.0,MAHINDRA,SCORPIO 2.6 DX
Hyderabad,2012,125000,Petrol,Automatic,First,10.0,97.0,AUDI,A4 3.2 FSI TIPTRONIC QUATTRO
Kolkata,2011,37000,Diesel,Manual,First,20.0,68.0,FORD,FIGO DIESEL EXI
Mumbai,2012,42000,Petrol,Manual,First,9.0,180.0,HONDA,ACCORD 2.4 INSPIRE M/T
Bangalore,2013,60000,Diesel,Manual,First,21.0,88.0,HYUNDAI,I20 SPORTZ 1.4 CRDI
Mumbai,2018,3000,Diesel,Automatic,First,16.0,187.0,JAGUAR,XF 2.2 LITRE LUXURY
Mumbai,2013,44000,Petrol,Automatic,First,17.0,121.0,HYUNDAI,VERNA 1.6 SX VTVT (O) AT
Kolkata,2014,37000,Petrol,Manual,First,17.0,117.0,HONDA,CITY I VTEC VX OPTION
Mumbai,2012,50000,Petrol,Manual,First,18.0,82.0,HYUNDAI,I20 ASTA OPTIONAL WITH SUNROOF 1.2
Chennai,2013,58581,Petrol,Manual,First,19.0,86.0,HONDA,BRIO S MT
Kolkata,2013,25500,Diesel,Manual,First,21.0,88.0,HYUNDAI,I20 SPORTZ 1.4 CRDI
Mumbai,2017,25000,Petrol,Manual,First,10.0,163.0,MARUTI,GRAND VITARA 2.4 MT
Hyderabad,2011,53766,Petrol,Manual,First,19.0,66.0,MARUTI,A-STAR VXI
Pune,2011,45271,Diesel,Manual,First,20.0,97.0,FIAT,PUNTO 1.3 EMOTION
Chennai,2006,68000,Petrol,Manual,First,19.0,46.0,MARUTI,ALTO LXI
Jaipur,2017,40000,Diesel,Manual,First,16.0,140.0,MAHINDRA,XUV500 W10 2WD
Hyderabad,2013,73212,Diesel,Manual,First,22.0,74.0,MARUTI,SWIFT RS VDI
Mumbai,2014,69000,Diesel,Automatic,First,17.0,184.0,BMW,X1 SDRIVE20D
Mumbai,2007,61932,Diesel,Automatic,Second,14.0,140.0,VOLKSWAGEN,PASSAT 2.0 PD DSG
Bangalore,2012,52000,Diesel,Automatic,First,16.0,184.0,BMW,X3 XDRIVE20D
Kolkata,2011,150000,Petrol,Manual,First,18.0,85.0,MARUTI,RITZ VXI
Jaipur,2013,70933,Diesel,Manual,Second,21.0,88.0,HYUNDAI,I20 SPORTZ 1.4 CRDI
Kolkata,2013,115195,Diesel,Manual,First,25.0,74.0,MARUTI,SWIFT VDI BSIV
Delhi,2011,62148,Petrol,Manual,First,11.0,178.0,MERCEDES-BENZ,NEW C-CLASS 200 KOMPRESSOR
Chennai,2009,32000,Petrol,Manual,Second,14.0,138.0,TOYOTA,COROLLA ALTIS 1.8 GL
Kolkata,2014,58000,Diesel,Manual,First,22.0,126.0,HYUNDAI,VERNA 1.6 SX CRDI (O)
Kochi,2014,68598,Diesel,Manual,First,19.0,108.0,RENAULT,DUSTER 110PS DIESEL RXZ
Chennai,2010,84072,Diesel,Manual,First,17.0,75.0,MARUTI,SWIFT LDI BSIII
Jaipur,2016,51264,Petrol,Manual,First,24.0,67.0,MARUTI,ALTO K10 VXI
Coimbatore,2017,21363,Petrol,Automatic,First,13.0,121.0,HYUNDAI,CRETA 1.6 SX PLUS PETROL AUTOMATIC
Delhi,2016,40000,Petrol,Automatic,First,15.0,183.0,MERCEDES-BENZ,CLA 200 CGI SPORT
Kolkata,2015,35000,Petrol,Automatic,First,10.0,152.0,HONDA,CR-V 2.4 4WD AT
Hyderabad,2014,55000,Diesel,Manual,First,22.0,89.0,FORD,ECOSPORT 1.5 DV5 MT TREND
Coimbatore,2016,43252,Diesel,Automatic,First,13.0,204.0,MERCEDES-BENZ,E-CLASS 2015-2017 E250 CDI AVANTGARDE
Delhi,2014,42000,Diesel,Manual,First,24.0,70.0,HYUNDAI,GRAND I10 CRDI MAGNA
Hyderabad,2006,69000,Petrol,Manual,First,16.0,68.0,FORD,FIESTA 1.4 DURATEC ZXI
Kolkata,2018,14000,Diesel,Automatic,First,17.0,126.0,HYUNDAI,CRETA 1.6 SX AUTOMATIC DIESEL
Delhi,2010,70000,Petrol,Manual,First,19.0,66.0,MARUTI,A-STAR LXI
Kochi,2015,35314,Diesel,Manual,First,23.0,73.0,MARUTI,RITZ LDI
Kochi,2017,38691,Petrol,Manual,First,17.0,117.0,HONDA,CITY I VTEC SV
Coimbatore,2017,72717,Diesel,Manual,First,12.0,100.0,TOYOTA,INNOVA 2.5 GX (DIESEL) 7 SEATER
Mumbai,2011,82000,Petrol,Automatic,Second,11.0,272.0,MERCEDES-BENZ,R-CLASS R350 4MATIC LONG
Mumbai,2015,44000,Diesel,Manual,First,21.0,103.0,SKODA,RAPID 1.5 TDI ELEGANCE
Mumbai,2017,27000,Petrol,Manual,First,15.0,110.0,FORD,ECOSPORT 1.5 TI VCT MT TITANIUM
Chennai,2014,18500,Petrol,Automatic,First,23.0,67.0,MARUTI,CELERIO VXI AT
Mumbai,2014,45000,Petrol,Manual,First,15.0,103.0,VOLKSWAGEN,VENTO PETROL HIGHLINE
Ahmedabad,2011,173000,Diesel,Automatic,First,13.0,215.0,VOLVO,XC60 D5
Ahmedabad,2017,42000,Diesel,Manual,First,23.0,67.0,TOYOTA,ETIOS CROSS 1.4 GD
Jaipur,2012,90000,Diesel,Manual,First,19.0,70.0,TATA,INDICA VISTA TDI LX
Pune,2014,82329,Petrol,Automatic,First,18.0,117.0,HONDA,CITY I VTEC CVT VX
Delhi,2010,80302,Petrol,Manual,First,17.0,118.0,HONDA,CITY 1.5 V MT
Hyderabad,2005,105000,Diesel,Manual,First,18.0,66.0,SKODA,OCTAVIA RIDER CLASSIC 1.9 TDI
Kolkata,2009,60000,Petrol,Manual,First,14.0,138.0,TOYOTA,COROLLA 1.8 J
Delhi,2014,70000,Petrol,Manual,First,16.0,88.0,TOYOTA,ETIOS G
Bangalore,2016,45000,Diesel,Automatic,First,17.0,184.0,BMW,X1 SDRIVE20D
Kolkata,2006,44000,Petrol,Automatic,First,16.0,78.0,HONDA,CITY ZX CVT
Delhi,2017,25500,Diesel,Manual,First,22.0,88.0,HYUNDAI,I20 SPORTZ 1.4 CRDI
Delhi,2014,68000,Diesel,Automatic,First,13.0,261.0,MERCEDES-BENZ,E-CLASS E350 CDI
Ahmedabad,2015,61786,Diesel,Manual,First,19.0,126.0,HYUNDAI,CRETA 1.6 CRDI SX OPTION
Jaipur,2014,65000,Diesel,Automatic,Second,15.0,174.0,AUDI,Q3 2012-2015 2.0 TDI QUATTRO PREMIUM PLUS
Delhi,2016,77000,Diesel,Automatic,First,12.0,147.0,LAND,ROVER DISCOVERY SPORT TD4 HSE
Hyderabad,2015,34000,Diesel,Automatic,First,21.0,103.0,SKODA,RAPID 1.5 TDI AT ELEGANCE PLUS
Coimbatore,2015,59751,Petrol,Automatic,First,23.0,67.0,MARUTI,CELERIO VXI AT
Mumbai,2013,23312,Petrol,Automatic,First,11.0,444.0,AUDI,RS5 COUPE
Mumbai,2015,30000,Petrol,Manual,First,20.0,91.0,MARUTI,CIAZ ZXI PLUS
Coimbatore,2015,60146,Diesel,Automatic,First,14.0,174.0,AUDI,Q5 2.0 TDI PREMIUM PLUS
Coimbatore,2013,44731,Diesel,Manual,Second,20.0,68.0,FORD,FIGO DIESEL TITANIUM
Kochi,2014,43316,Petrol,Manual,First,18.0,123.0,FORD,ECOSPORT 1.0 ECOBOOST TITANIUM
Delhi,2009,92000,Petrol,Manual,Second,17.0,118.0,HONDA,CITY 1.5 S MT
Hyderabad,2015,50000,Diesel,Automatic,First,16.0,187.0,JAGUAR,XF 2.2 LITRE LUXURY
Mumbai,2008,69000,Petrol,Manual,Second,20.0,81.0,MARUTI,SWIFT VXI BSIV
Coimbatore,2014,60280,Diesel,Automatic,First,22.0,190.0,BMW,5 SERIES 520D LUXURY LINE
Coimbatore,2017,48161,Diesel,Automatic,First,15.0,107.0,MERCEDES-BENZ,B CLASS B200 CDI
Mumbai,2013,41000,Petrol,Manual,First,19.0,86.0,HONDA,BRIO S MT
Mumbai,2016,6000,Petrol,Manual,First,18.0,81.0,HYUNDAI,I20 SPORTZ 1.2
Mumbai,2006,133000,Diesel,Manual,Second,16.0,68.0,TATA,INDICA V2 DLG TC
Delhi,2010,76000,Diesel,Manual,First,11.0,171.0,TOYOTA,FORTUNER 3.0 DIESEL
Mumbai,2011,15590,Petrol,Manual,First,19.0,68.0,HYUNDAI,I10 SPORTZ 1.1L
Kochi,2016,69681,Petrol,Manual,First,17.0,80.0,HYUNDAI,I20 1.2 SPORTZ OPTION
Kochi,2006,70362,Petrol,Manual,Second,15.0,97.0,MARUTI,BALENO LXI - BSIII
Pune,2014,49112,Petrol,Automatic,Second,15.0,86.0,HONDA,AMAZE S AT I-VTECH
Hyderabad,2017,25000,Diesel,Automatic,First,13.0,255.0,LAND,ROVER RANGE ROVER 3.0 DIESEL LWB VOGUE
Mumbai,2011,74000,Diesel,Manual,First,23.0,97.0,TOYOTA,ETIOS LIVA GD
Pune,2013,15200,Petrol,Automatic,Second,16.0,78.0,HYUNDAI,I10 SPORTZ 1.2 AT
Hyderabad,2013,86300,Diesel,Manual,First,22.0,73.0,VOLKSWAGEN,POLO DIESEL TRENDLINE 1.2L
Coimbatore,2018,26731,Petrol,Manual,First,21.0,100.0,MARUTI,BALENO RS PETROL
Ahmedabad,2016,74000,Diesel,Manual,First,21.0,88.0,HYUNDAI,I20 SPORTZ 1.4 CRDI
Chennai,2005,83929,Petrol,Automatic,First,11.0,125.0,TOYOTA,COROLLA H4
Pune,2015,65000,Diesel,Manual,First,12.0,100.0,TOYOTA,INNOVA 2.5 VX (DIESEL) 7 SEATER
Pune,2017,20000,Petrol,Automatic,First,23.0,67.0,MARUTI,CELERIO VXI AT OPTIONAL
Hyderabad,2015,122086,Diesel,Automatic,First,19.0,141.0,SKODA,OCTAVIA ELEGANCE 2.0 TDI AT
Kochi,2018,35442,Petrol,Manual,First,17.0,117.0,HONDA,MOBILIO S I VTEC
Delhi,2015,62542,Diesel,Manual,Second,23.0,126.0,HYUNDAI,VERNA 1.6 CRDI SX
Coimbatore,2012,26671,Petrol,Manual,Second,17.0,118.0,HONDA,CITY 1.5 S MT
Chennai,2014,83500,Diesel,Manual,Second,19.0,67.0,FORD,CLASSIC 1.4 DURATORQ TITANIUM
Delhi,2015,46166,Diesel,Manual,Second,26.0,88.0,MARUTI,CIAZ ZDI
Pune,2015,25200,Petrol,Manual,First,18.0,67.0,MARUTI,WAGON R VXI BS IV
Coimbatore,2015,35463,Diesel,Automatic,First,14.0,241.0,AUDI,A4 3.0 TDI QUATTRO
Coimbatore,2017,23249,Petrol,Automatic,First,19.0,175.0,TOYOTA,CAMRY HYBRID 2.5
Coimbatore,2016,40310,Petrol,Manual,First,18.0,81.0,HYUNDAI,I20 ASTA 1.2
Delhi,2012,82069,CNG,Manual,First,21.0,103.0,MARUTI,SX4 GREEN VXI (CNG)
Delhi,2018,10000,Petrol,Manual,First,18.0,81.0,HYUNDAI,GRAND I10 1.2 KAPPA ASTA
Chennai,2012,94000,Diesel,Manual,First,22.0,73.0,VOLKSWAGEN,POLO DIESEL TRENDLINE 1.2L
Chennai,2016,45000,Diesel,Automatic,First,15.0,258.0,BMW,X5 XDRIVE 30D M SPORT
Kochi,2012,52818,Petrol,Manual,First,16.0,73.0,VOLKSWAGEN,POLO PETROL COMFORTLINE 1.2L
Jaipur,2013,61238,Diesel,Manual,First,20.0,83.0,RENAULT,DUSTER 85PS DIESEL RXE
Coimbatore,2016,54253,Petrol,Automatic,First,14.0,177.0,SKODA,SUPERB STYLE 1.8 TSI AT
Delhi,2013,71000,Diesel,Automatic,First,14.0,174.0,AUDI,Q5 2.0 TDI
Hyderabad,2017,20000,Diesel,Manual,First,27.0,74.0,MARUTI,BALENO DELTA 1.3
Delhi,2013,75000,Petrol,Manual,First,16.0,73.0,VOLKSWAGEN,POLO PETROL COMFORTLINE 1.2L
Coimbatore,2019,11827,Diesel,Automatic,First,13.0,175.0,MITSUBISHI,PAJERO SPORT 4X4 AT
Mumbai,2015,51579,Petrol,Manual,First,20.0,91.0,MARUTI,CIAZ VXI PLUS
Kochi,2015,65178,Diesel,Manual,First,19.0,83.0,RENAULT,DUSTER 85PS DIESEL RXL OPTION
Mumbai,2016,25350,Petrol,Manual,First,21.0,55.0,HYUNDAI,EON D LITE PLUS OPTION
Pune,2008,92000,Petrol,Manual,Second,10.0,152.0,HONDA,CR-V 2.4 MT
Bangalore,2014,45000,Petrol,Manual,Second,17.0,121.0,HYUNDAI,VERNA 1.6 SX VTVT
Kolkata,2015,46000,Petrol,Manual,First,14.0,138.0,TOYOTA,COROLLA ALTIS JS MT
Kochi,2011,79940,Petrol,Manual,First,15.0,103.0,MARUTI,SX4 ZXI MT BSIV
Coimbatore,2016,28851,Petrol,Manual,First,16.0,73.0,VOLKSWAGEN,POLO PETROL COMFORTLINE 1.2L
Bangalore,2015,63000,Diesel,Automatic,First,14.0,174.0,AUDI,Q5 30 TDI QUATTRO PREMIUM PLUS
Coimbatore,2012,77283,Petrol,Manual,First,17.0,118.0,HONDA,CITY 1.5 V MT
Pune,2014,38958,Petrol,Manual,First,22.0,67.0,MARUTI,WAGON R VXI
Bangalore,2018,8900,Diesel,Automatic,First,13.0,175.0,MITSUBISHI,PAJERO SPORT 4X4 AT
Hyderabad,2015,38000,Petrol,Automatic,First,14.0,177.0,SKODA,OCTAVIA ELEGANCE 1.8 TSI AT
Kochi,2017,44887,Diesel,Manual,First,19.0,126.0,HYUNDAI,CRETA 1.6 CRDI SX OPTION
Hyderabad,2009,85000,Petrol,Manual,Second,19.0,46.0,MARUTI,ALTO LXI BSIII
Pune,2013,100000,Petrol,Manual,First,16.0,116.0,HONDA,CITY V MT
Chennai,2016,26239,Petrol,Manual,First,22.0,53.0,DATSUN,REDI-GO S
Pune,2011,97000,Diesel,Manual,First,17.0,138.0,SKODA,YETI AMBITION 4WD
Delhi,2013,28000,Petrol,Automatic,First,14.0,120.0,MERCEDES-BENZ,B CLASS B180
Mumbai,2014,20364,Petrol,Automatic,Second,17.0,103.0,VOLKSWAGEN,POLO GT TSI
Coimbatore,2014,64637,Diesel,Manual,First,22.0,98.0,FORD,ECOSPORT 1.5 TDCI TITANIUM
Coimbatore,2017,15731,Petrol,Manual,First,15.0,121.0,HYUNDAI,CRETA 1.6 SX PLUS DUAL TONE PETROL
Coimbatore,2019,56251,Diesel,Manual,First,14.0,174.0,TOYOTA,FORTUNER 2.8 2WD MT
Chennai,2017,28000,Petrol,Manual,First,20.0,83.0,MARUTI,SWIFT DZIRE ZXI
Coimbatore,2015,20045,Petrol,Manual,First,17.0,80.0,HYUNDAI,I20 1.2 ASTA WITH AVN
Bangalore,2016,34004,Petrol,Manual,First,15.0,117.0,HONDA,BR-V I-VTEC S MT
Mumbai,2014,21000,Petrol,Manual,First,23.0,67.0,MARUTI,CELERIO ZXI
Mumbai,2009,68001,Petrol,Automatic,Second,10.0,272.0,MERCEDES-BENZ,E-CLASS 2009-2013 E350 PETROL
Kolkata,2012,31000,Petrol,Manual,First,20.0,78.0,HYUNDAI,I10 MAGNA 1.2 ITECH SE
Mumbai,2013,8950,Petrol,Manual,First,17.0,78.0,TOYOTA,ETIOS LIVA V
Coimbatore,2017,43477,Diesel,Automatic,First,15.0,204.0,MERCEDES-BENZ,E-CLASS 2015-2017 E250 EDITION E
Ahmedabad,2015,20000,Petrol,Manual,First,21.0,55.0,HYUNDAI,EON D LITE PLUS
Mumbai,2014,47200,CNG,Manual,First,33.0,67.0,MARUTI,WAGON R CNG LXI
Bangalore,2011,60000,Petrol,Manual,First,17.0,118.0,HONDA,CITY 1.5 S MT
Chennai,2003,111000,Petrol,Automatic,First,13.0,210.0,MERCEDES-BENZ,S-CLASS 280 AT
Pune,2016,52000,Diesel,Manual,Second,25.0,69.0,TATA,INDIGO CS EVX
Pune,2016,26000,Petrol,Manual,First,15.0,121.0,HYUNDAI,CRETA 1.6 VTVT S
Pune,2013,32425,Petrol,Manual,First,20.0,67.0,MARUTI,WAGON R LXI BS IV
Kochi,2017,54758,Diesel,Manual,First,28.0,73.0,MARUTI,DZIRE VDI
Coimbatore,2008,59833,Petrol,Manual,Fourth & Above,13.0,70.0,FORD,IKON 1.3 FLAIR
Kolkata,2013,30000,Petrol,Manual,First,16.0,73.0,VOLKSWAGEN,POLO PETROL COMFORTLINE 1.2L
Jaipur,2011,40496,Petrol,Manual,First,20.0,78.0,HYUNDAI,I10 MAGNA 1.2
Chennai,2014,45000,Diesel,Manual,First,18.0,73.0,CHEVROLET,ENJOY 1.3 TCDI LTZ 8
Mumbai,2003,75000,Diesel,Automatic,Second,0.0,97.0,LAND,ROVER RANGE ROVER 3.0 D
Bangalore,2011,34000,Petrol,Automatic,Second,10.0,157.0,MERCEDES-BENZ,E-CLASS 200 KOMPRESSOR ELEGANCE
Bangalore,2012,62000,Diesel,Manual,First,17.0,75.0,MARUTI,SWIFT VDI BSIII
Hyderabad,2012,123600,Diesel,Manual,First,15.0,140.0,MAHINDRA,XUV500 W8 4WD
Pune,2014,80102,Petrol,Manual,First,17.0,78.0,TOYOTA,ETIOS LIVA G
Pune,2013,55000,Diesel,Manual,First,15.0,140.0,MAHINDRA,XUV500 W8 4WD
Hyderabad,2015,48200,Petrol,Manual,First,15.0,121.0,HYUNDAI,CRETA 1.6 VTVT S
Hyderabad,2014,90000,Diesel,Manual,First,26.0,98.0,HONDA,CITY I DTEC SV
Hyderabad,2014,123900,Diesel,Manual,First,19.0,73.0,MARUTI,SWIFT DZIRE VDI
Delhi,2015,13008,Petrol,Manual,First,20.0,67.0,MARUTI,WAGON R LXI BS IV
Hyderabad,2012,60500,Petrol,Manual,First,21.0,55.0,HYUNDAI,EON ERA PLUS
Bangalore,2017,53841,Diesel,Automatic,First,11.0,171.0,TOYOTA,INNOVA CRYSTA 2.8 ZX AT
Kochi,2017,47183,Petrol,Manual,Second,15.0,121.0,HYUNDAI,CRETA 1.6 SX OPTION
Kolkata,2018,10000,Petrol,Manual,First,20.0,67.0,MARUTI,WAGON R VXI PLUS
Chennai,2015,45000,Diesel,Automatic,First,11.0,254.0,MERCEDES-BENZ,GL-CLASS 350 CDI BLUE EFFICIENCY
Kochi,2017,3923,Petrol,Manual,First,23.0,67.0,MARUTI,CELERIO VXI
Delhi,2011,85000,Diesel,Manual,First,12.0,120.0,MAHINDRA,SCORPIO SLE BSIV
Kochi,2018,6279,Petrol,Manual,First,22.0,53.0,DATSUN,REDI-GO T OPTION
Pune,2014,74500,Diesel,Manual,First,21.0,75.0,FIAT,GRANDE PUNTO EVO 1.3 ACTIVE
Kolkata,2013,42000,Diesel,Manual,First,22.0,126.0,HYUNDAI,ELANTRA CRDI SX
Delhi,2014,56510,Petrol,Manual,First,19.0,85.0,MARUTI,SWIFT DZIRE LXI
Delhi,2009,88000,Diesel,Automatic,First,16.0,140.0,AUDI,A4 2.0 TDI MULTITRONIC
Mumbai,2014,36631,Petrol,Automatic,First,16.0,86.0,HONDA,BRIO VX AT
Kolkata,2011,34000,Petrol,Manual,First,18.0,67.0,MARUTI,WAGON R LXI BS IV
Ahmedabad,2013,49000,Petrol,Manual,First,19.0,68.0,HYUNDAI,I10 MAGNA 1.1
Hyderabad,2012,65254,Diesel,Manual,First,22.0,126.0,HYUNDAI,VERNA 1.6 SX
Bangalore,2014,95000,Diesel,Manual,Second,22.0,126.0,HYUNDAI,VERNA 1.6 SX
Chennai,2009,83000,Diesel,Manual,First,23.0,73.0,MARUTI,RITZ VDI
Coimbatore,2017,101065,Diesel,Manual,First,20.0,126.0,HYUNDAI,CRETA 1.6 SX OPTION DIESEL
Kochi,2017,15134,Petrol,Manual,First,21.0,83.0,MARUTI,BALENO DELTA
Jaipur,2011,72000,Diesel,Manual,First,22.0,126.0,HYUNDAI,VERNA 1.6 CRDI
Chennai,2012,120000,Diesel,Manual,Second,22.0,74.0,TATA,INDICA VISTA QUADRAJET VX
Kolkata,2010,45000,Petrol,Manual,First,18.0,80.0,HYUNDAI,I20 1.2 MAGNA
Kochi,2015,54996,Diesel,Automatic,First,17.0,300.0,PORSCHE,PANAMERA DIESEL
Coimbatore,2017,22874,Petrol,Manual,First,15.0,73.0,MARUTI,EECO SMILES 5 SEATER AC
Chennai,2012,58000,Diesel,Automatic,Second,22.0,190.0,BMW,3 SERIES 320D SPORT
Chennai,2016,86000,Diesel,Manual,Second,25.0,88.0,MARUTI,ERTIGA VDI
Ahmedabad,2014,69000,Petrol,Automatic,First,16.0,81.0,HYUNDAI,XCENT 1.2 KAPPA AT S OPTION
Pune,2016,55001,Petrol,Automatic,Second,16.0,103.0,VOLKSWAGEN,VENTO 1.2 TSI HIGHLINE AT
Chennai,2015,28000,Diesel,Automatic,First,15.0,174.0,AUDI,Q3 35 TDI QUATTRO PREMIUM
Delhi,2013,53213,Petrol,Manual,First,19.0,68.0,HYUNDAI,I10 MAGNA 1.1
Coimbatore,2016,44340,Diesel,Automatic,First,16.0,138.0,VOLKSWAGEN,JETTA 2013-2015 2.0L TDI HIGHLINE AT
Mumbai,2017,16900,Petrol,Manual,First,21.0,100.0,MARUTI,BALENO RS 1.0 PETROL
Jaipur,2009,57000,Petrol,Manual,First,19.0,68.0,HYUNDAI,I10 ERA
Hyderabad,2013,83165,Diesel,Manual,First,12.0,102.0,TOYOTA,INNOVA 2.5 G4 DIESEL 8-SEATER
Coimbatore,2012,24735,Petrol,Manual,Second,18.0,79.0,CHEVROLET,BEAT LT
Kolkata,2005,65175,Diesel,Manual,First,12.0,102.0,TOYOTA,INNOVA 2.5 G3
Pune,2009,60000,Petrol,Manual,Second,9.0,180.0,HONDA,ACCORD 2.4 INSPIRE M/T
Kochi,2017,60357,Diesel,Manual,First,25.0,77.0,MAHINDRA,KUV 100 MFALCON D75 K4 PLUS
Jaipur,2011,77000,Diesel,Manual,First,22.0,73.0,VOLKSWAGEN,POLO DIESEL TRENDLINE 1.2L
Coimbatore,2014,85301,Petrol,Manual,First,12.0,132.0,TOYOTA,INNOVA 2.0 GX 8 STR
Mumbai,2011,50000,Diesel,Automatic,First,11.0,120.0,MAHINDRA,SCORPIO VLX AT AIRBAG BSIV
Chennai,2010,58000,Diesel,Automatic,First,16.0,258.0,BMW,7 SERIES 730LD SEDAN
Kolkata,2015,39000,Diesel,Manual,First,25.0,98.0,HONDA,CITY I-DTEC SV
Coimbatore,2015,46190,Diesel,Manual,First,22.0,73.0,VOLKSWAGEN,POLO DIESEL COMFORTLINE 1.2L
Mumbai,2015,83000,Diesel,Manual,First,16.0,140.0,MAHINDRA,XUV500 W8 2WD
Jaipur,2016,33000,Petrol,Manual,First,16.0,103.0,VOLKSWAGEN,VENTO 1.6 HIGHLINE
Coimbatore,2017,27279,Petrol,Manual,First,17.0,117.0,HONDA,CITY I VTEC V
Bangalore,2014,53900,Diesel,Automatic,First,14.0,174.0,AUDI,Q5 2.0 TDI PREMIUM PLUS
Kochi,2012,63998,Petrol,Automatic,First,17.0,118.0,HONDA,CITY 1.5 V AT EXCLUSIVE
Coimbatore,2016,57932,Petrol,Manual,First,20.0,81.0,MARUTI,SWIFT VXI BSIV
Jaipur,2015,25000,Petrol,Manual,First,22.0,47.0,MARUTI,ALTO 800 LXI
Chennai,2011,169000,Diesel,Manual,First,20.0,68.0,FORD,FIGO DIESEL TITANIUM
Delhi,2012,53000,Petrol,Manual,First,17.0,62.0,HYUNDAI,SANTRO XING GL PLUS
Coimbatore,2015,43053,Petrol,Manual,First,18.0,67.0,MARUTI,WAGON R VXI
Ahmedabad,2014,75000,Diesel,Manual,First,26.0,98.0,HONDA,CITY I DTEC SV
Pune,2012,89000,Petrol,Manual,Second,16.0,116.0,HONDA,CITY V MT AVN
Hyderabad,2014,75578,Diesel,Manual,First,25.0,98.0,HONDA,CITY I DTEC VX
Bangalore,2014,46676,Petrol,Manual,First,17.0,121.0,HYUNDAI,VERNA VTVT 1.6 SX
Kochi,2014,51349,Petrol,Manual,First,24.0,67.0,MARUTI,ALTO K10 LXI
Kolkata,2014,34233,Diesel,Automatic,First,14.0,203.0,MERCEDES-BENZ,E-CLASS 2009-2013 E250 CDI AVANTGARDE
Coimbatore,2014,39626,Diesel,Automatic,First,11.0,241.0,BMW,X6 XDRIVE30D
Pune,2008,82500,Petrol,Manual,First,14.0,64.0,MARUTI,WAGON R LXI BSIII
Hyderabad,2015,63000,Diesel,Manual,Second,19.0,108.0,RENAULT,DUSTER RXZ AWD
Delhi,2011,77001,Diesel,Manual,First,12.0,120.0,MAHINDRA,SCORPIO VLX 2.2 MHAWK AIRBAG BSIV
Chennai,2016,43000,Diesel,Automatic,First,10.0,197.0,FORD,ENDEAVOUR 3.2 TREND AT 4X4
Hyderabad,2011,61111,Petrol,Manual,First,19.0,67.0,MARUTI,ZEN ESTILO LXI BS IV
Bangalore,2005,79000,Petrol,Manual,Second,17.0,97.0,HYUNDAI,SANTRO XING XG
Kolkata,2011,43000,Petrol,Manual,First,20.0,78.0,HYUNDAI,I10 ASTA
Hyderabad,2013,47000,Petrol,Automatic,First,16.0,86.0,HONDA,BRIO VX AT
Jaipur,2017,34000,Petrol,Automatic,First,20.0,67.0,MARUTI,WAGON R AMT VXI
Coimbatore,2018,22060,Diesel,Automatic,First,18.0,147.0,AUDI,Q3 30 TDI PREMIUM FWD
Chennai,2012,63000,Diesel,Automatic,First,0.0,165.0,MERCEDES-BENZ,M-CLASS ML 350 4MATIC
Jaipur,2011,80000,Petrol,Manual,First,18.0,67.0,MARUTI,WAGON R LXI
Kochi,2015,13506,Diesel,Automatic,First,18.0,187.0,AUDI,A4 35 TDI PREMIUM PLUS
Mumbai,2016,16000,Petrol,Manual,First,25.0,53.0,RENAULT,KWID RXT OPTIONAL
Kolkata,2016,31006,Petrol,Manual,First,24.0,47.0,MARUTI,ALTO 800 2016-2019 VXI
Delhi,2013,91200,Diesel,Manual,First,12.0,100.0,TOYOTA,INNOVA 2.5 GX (DIESEL) 8 SEATER
Pune,2015,43000,Petrol,Automatic,First,14.0,138.0,TOYOTA,COROLLA ALTIS 2008-2013 1.8 VL AT
Hyderabad,2015,45000,Diesel,Manual,First,25.0,99.0,FORD,FIGO 2015-2019 1.5D TITANIUM PLUS MT
Coimbatore,2014,28637,Petrol,Manual,First,19.0,86.0,HONDA,BRIO S MT
Pune,2004,69870,Petrol,Manual,Second,14.0,92.0,FORD,IKON 1.6 ZXI NXT
Mumbai,2014,84000,Diesel,Manual,First,12.0,120.0,MAHINDRA,SCORPIO 2009-2014 LX 2WD 7S
Coimbatore,2007,84143,Petrol,Manual,First,13.0,210.0,MERCEDES-BENZ,S-CLASS 320 L
Delhi,2012,77000,Diesel,Manual,Second,12.0,120.0,MAHINDRA,SCORPIO SLE BSIV
Ahmedabad,2012,75000,Diesel,Automatic,Second,12.0,147.0,LAND,ROVER FREELANDER 2 SE
Delhi,2011,76155,Petrol,Manual,First,18.0,79.0,CHEVROLET,BEAT LS
Bangalore,2014,98000,Diesel,Manual,First,22.0,74.0,MARUTI,SWIFT ZDI
Mumbai,2008,48233,Petrol,Manual,Second,13.0,125.0,TOYOTA,COROLLA H2
Bangalore,2015,63000,Diesel,Automatic,First,13.0,241.0,AUDI,Q5 3.0 TDI QUATTRO
Coimbatore,2015,34063,Petrol,Manual,First,21.0,55.0,HYUNDAI,EON ERA PLUS
Kolkata,2013,32576,Petrol,Manual,First,19.0,88.0,HONDA,AMAZE S PETROL
Mumbai,2015,28843,Petrol,Automatic,First,17.0,110.0,FORD,FIGO ASPIRE 1.5 TI-VCT TITANIUM
Bangalore,2016,26000,Diesel,Automatic,Second,19.0,108.0,RENAULT,DUSTER 110PS DIESEL RXL AMT
Kolkata,2013,39000,Petrol,Automatic,First,15.0,116.0,HONDA,CITY V AT
Mumbai,2010,66000,Petrol,Manual,First,19.0,46.0,MARUTI,ALTO LXI
Kolkata,2011,38002,Petrol,Manual,First,20.0,78.0,HYUNDAI,I10 MAGNA 1.2
Chennai,2010,49000,Petrol,Manual,Second,18.0,62.0,CHEVROLET,SPARK 1.0 LS
Bangalore,2014,52000,Diesel,Manual,First,21.0,103.0,SKODA,RAPID 1.5 TDI AMBITION PLUS
Mumbai,2013,56500,Diesel,Automatic,First,17.0,174.0,AUDI,A6 2011-2015 2.0 TDI PREMIUM PLUS
Mumbai,2015,20568,Petrol,Manual,First,18.0,88.0,HONDA,JAZZ 1.2 V I VTEC
Mumbai,2015,26000,Petrol,Manual,First,15.0,121.0,HYUNDAI,CRETA 1.6 SX PLUS DUAL TONE PETROL
Delhi,2012,56000,Petrol,Manual,First,18.0,79.0,CHEVROLET,BEAT LS
Coimbatore,2017,27509,Petrol,Manual,First,22.0,53.0,DATSUN,REDI-GO T OPTION
Kochi,2016,36216,Petrol,Manual,First,19.0,81.0,HYUNDAI,XCENT 1.2 KAPPA S OPTION
Kolkata,2009,28888,Petrol,Automatic,First,10.0,157.0,MERCEDES-BENZ,E-CLASS 230 E AT
Jaipur,2011,120000,Diesel,Manual,Second,22.0,74.0,MARUTI,SWIFT ZDI
Kochi,2018,31396,Petrol,Manual,First,23.0,67.0,MARUTI,CELERIO ZXI
Hyderabad,2015,79000,Diesel,Automatic,First,19.0,141.0,SKODA,OCTAVIA ELEGANCE 2.0 TDI AT
Delhi,2010,62000,Petrol,Automatic,First,16.0,118.0,HONDA,CITY 1.5 V AT
Chennai,2006,120000,Petrol,Automatic,Second,9.0,218.0,HONDA,ACCORD V6 AT
Mumbai,2016,53000,Petrol,Automatic,First,14.0,177.0,SKODA,SUPERB STYLE 1.8 TSI AT
Coimbatore,2010,124313,Diesel,Manual,First,12.0,100.0,TOYOTA,INNOVA 2.5 G (DIESEL) 8 SEATER
Pune,2015,26725,Petrol,Automatic,First,23.0,67.0,MARUTI,CELERIO VXI AT
Kolkata,2014,45617,Diesel,Manual,First,20.0,88.0,MARUTI,ERTIGA VDI
Mumbai,2013,37000,Diesel,Automatic,First,20.0,107.0,MERCEDES-BENZ,A CLASS A180 CDI
Kochi,2010,109147,Diesel,Manual,First,14.0,112.0,MAHINDRA,XYLO E2
Ahmedabad,2014,59000,Diesel,Manual,First,25.0,98.0,HONDA,AMAZE E I-DTECH
Pune,2015,28000,Petrol,Manual,First,25.0,53.0,RENAULT,KWID RXT
Pune,2017,4700,Petrol,Manual,First,25.0,53.0,RENAULT,KWID RXT
Coimbatore,2014,72469,Diesel,Automatic,First,12.0,241.0,AUDI,Q7 3.0 TDI QUATTRO PREMIUM PLUS
Pune,2014,57539,Diesel,Automatic,First,22.0,126.0,HYUNDAI,VERNA 1.6 SX CRDI (O) AT
Delhi,2016,42000,Diesel,Automatic,First,11.0,171.0,TOYOTA,INNOVA CRYSTA 2.8 ZX AT
Delhi,2010,62489,Petrol,Manual,First,17.0,80.0,HYUNDAI,I20 SPORTZ OPTION
Mumbai,2013,51167,Petrol,Manual,First,16.0,73.0,VOLKSWAGEN,POLO PETROL COMFORTLINE 1.2L
Chennai,2012,130000,Diesel,Manual,First,20.0,103.0,VOLKSWAGEN,VENTO DIESEL TRENDLINE
Mumbai,2007,63000,Petrol,Manual,Second,17.0,78.0,HONDA,CITY ZX GXI
Bangalore,2011,60000,Petrol,Manual,First,16.0,103.0,HYUNDAI,VERNA TRANSFORM XXI ABS
Pune,2005,123200,Petrol,Manual,Second,13.0,94.0,HYUNDAI,ACCENT GLE
Jaipur,2011,115692,Diesel,Automatic,First,20.0,138.0,SKODA,LAURA AMBIENTE 2.0 TDI CR AT
Coimbatore,2011,87073,Petrol,Automatic,First,10.0,204.0,MERCEDES-BENZ,E-CLASS 2009-2013 E 250 ELEGANCE
Kochi,2015,40901,Petrol,Manual,First,18.0,81.0,HYUNDAI,I20 SPORTZ 1.2
Coimbatore,2013,36264,Petrol,Manual,First,20.0,78.0,HYUNDAI,I10 MAGNA 1.2
Delhi,2009,60000,Petrol,Manual,Second,19.0,68.0,HYUNDAI,I10 MAGNA 1.1L
Pune,2018,20000,Petrol,Manual,First,17.0,74.0,VOLKSWAGEN,AMEO 1.2 MPI ANNIVERSARY EDITION
Mumbai,2014,68400,Petrol,Automatic,First,12.0,178.0,TOYOTA,CAMRY 2.5 G
Bangalore,2013,71231,Diesel,Manual,Second,16.0,140.0,MAHINDRA,XUV500 W8 2WD
Hyderabad,2011,75000,Diesel,Automatic,First,17.0,138.0,SKODA,SUPERB ELEGANCE 2.0 TDI CR AT
Mumbai,2018,1997,Petrol,Automatic,First,22.0,67.0,MARUTI,WAGON R VXI AMT
Pune,2016,47300,Diesel,Manual,First,24.0,88.0,MARUTI,VITARA BREZZA ZDI PLUS DUAL TONE
Delhi,2012,61449,Petrol,Manual,First,0.0,62.0,HYUNDAI,SANTRO XING GL
Kochi,2013,47910,Diesel,Manual,First,20.0,103.0,VOLKSWAGEN,VENTO DIESEL COMFORTLINE
Hyderabad,2015,62000,Diesel,Manual,First,20.0,88.0,VOLKSWAGEN,POLO 1.5 TDI HIGHLINE
Chennai,2012,65060,Diesel,Manual,First,22.0,74.0,MARUTI,SWIFT ZDI
Jaipur,2008,82203,Petrol,Manual,First,19.0,68.0,HYUNDAI,I10 ERA 1.1
Kolkata,2013,44000,Diesel,Manual,First,16.0,140.0,MAHINDRA,XUV500 W8 2WD
Coimbatore,2014,53817,Diesel,Manual,First,25.0,88.0,MARUTI,ERTIGA VDI
Kochi,2013,61591,Diesel,Manual,First,16.0,140.0,MAHINDRA,XUV500 W8 2WD
Jaipur,2011,86500,Diesel,Manual,Second,21.0,88.0,TATA,MANZA AURA QUADRAJET BS IV
Pune,2009,100000,Diesel,Automatic,First,11.0,198.0,MERCEDES-BENZ,E-CLASS 280 CDI
Chennai,2010,87000,Petrol,Manual,First,15.0,104.0,MARUTI,SX4 ZXI WITH LEATHER BSIII
Hyderabad,2016,35000,Petrol,Automatic,First,20.0,67.0,MARUTI,WAGON R AMT VXI
Kolkata,2016,6000,Petrol,Manual,First,20.0,67.0,DATSUN,GO NXT
Jaipur,2014,59327,Diesel,Manual,First,20.0,68.0,FORD,FIGO DIESEL ZXI
Coimbatore,2014,81001,Diesel,Automatic,First,17.0,138.0,SKODA,SUPERB ELEGANCE 2.0 TDI CR AT
Kochi,2014,44612,Petrol,Manual,First,18.0,80.0,HYUNDAI,I20 1.2 MAGNA
Ahmedabad,2016,42388,Diesel,Automatic,First,11.0,171.0,TOYOTA,INNOVA CRYSTA 2.8 ZX AT
Mumbai,2012,54000,Petrol,Manual,First,19.0,86.0,HONDA,BRIO V MT
Mumbai,2011,83010,Diesel,Automatic,First,17.0,138.0,SKODA,SUPERB ELEGANCE 2.0 TDI CR AT
Coimbatore,2016,65405,Diesel,Automatic,First,13.0,204.0,MERCEDES-BENZ,E-CLASS 2015-2017 E250 CDI AVANTGARDE
Delhi,2015,36000,Diesel,Automatic,Second,12.0,168.0,TOYOTA,FORTUNER 4X2 AT TRD SPORTIVO
Pune,2008,85000,Petrol,Manual,First,16.0,103.0,MARUTI,SX4 ZXI MT BSIV
Ahmedabad,2016,35000,Diesel,Manual,First,27.0,98.0,HONDA,JAZZ 1.5 V I DTEC
Mumbai,2012,54000,Petrol,Automatic,First,14.0,138.0,TOYOTA,COROLLA ALTIS 2008-2013 1.8 VL AT
Mumbai,2007,70000,Petrol,Manual,First,16.0,100.0,HONDA,CITY ZX VTEC
Kolkata,2017,27001,Diesel,Automatic,First,20.0,190.0,BMW,X1 XDRIVE 20D M SPORT
Coimbatore,2019,41075,Diesel,Manual,First,28.0,74.0,MARUTI,SWIFT DDIS VDI
Hyderabad,2016,26000,Diesel,Manual,First,25.0,77.0,MAHINDRA,KUV 100 MFALCON D75 K8
Mumbai,2010,55000,Petrol,Manual,First,16.0,90.0,HONDA,JAZZ MODE
Mumbai,2016,19000,Petrol,Manual,First,20.0,81.0,MARUTI,SWIFT ZXI
Mumbai,2016,15000,Petrol,Automatic,First,18.0,82.0,HYUNDAI,GRAND I10 ASTA OPTION AT
Chennai,2016,37000,Petrol,Manual,First,17.0,86.0,HONDA,AMAZE SX I-VTEC
Coimbatore,2017,38712,Petrol,Manual,First,18.0,81.0,HYUNDAI,GRAND I10 1.2 KAPPA SPORTZ
Kochi,2014,52400,Diesel,Manual,First,20.0,103.0,VOLKSWAGEN,VENTO DIESEL COMFORTLINE
Bangalore,2016,23988,Diesel,Manual,First,28.0,88.0,MARUTI,CIAZ 1.3 S
Kochi,2014,32283,Petrol,Automatic,Second,14.0,103.0,VOLKSWAGEN,VENTO PETROL HIGHLINE AT
Bangalore,2010,52000,Petrol,Manual,First,18.0,80.0,HYUNDAI,I20 1.2 MAGNA
Pune,2016,32000,Petrol,Automatic,First,16.0,86.0,HONDA,BRIO VX AT
Kolkata,2014,39000,Petrol,Manual,First,17.0,117.0,HONDA,CITY I VTEC VX
Coimbatore,2017,14149,Petrol,Manual,First,23.0,37.0,TATA,NANO XT
Mumbai,2006,103000,Petrol,Automatic,First,10.0,364.0,MERCEDES-BENZ,S CLASS 2005 2013 S 350 L
Pune,2004,82000,Petrol,Manual,First,14.0,64.0,MARUTI,WAGON R LXI BSIII
Mumbai,2015,34000,Petrol,Automatic,First,13.0,157.0,SKODA,SUPERB ELEGANCE 1.8 TSI AT
Coimbatore,2016,45180,Diesel,Automatic,First,12.0,241.0,AUDI,Q7 35 TDI QUATTRO TECHNOLOGY
Ahmedabad,2018,2000,Petrol,Manual,First,22.0,81.0,MARUTI,SWIFT ZXI PLUS
Coimbatore,2011,82321,Diesel,Manual,First,12.0,102.0,TOYOTA,INNOVA 2.5 G4 DIESEL 7-SEATER
Kolkata,2011,7000,Petrol,Automatic,First,12.0,154.0,BMW,3 SERIES 320I SEDAN
Delhi,2015,27000,Diesel,Automatic,First,17.0,136.0,MERCEDES-BENZ,GLA CLASS 200 CDI SPORT
Coimbatore,2019,31271,Diesel,Manual,First,13.0,147.0,TOYOTA,INNOVA CRYSTA 2.4 VX MT 8S
Jaipur,2003,55000,Petrol,Manual,Third,15.0,97.0,MARUTI,ESTEEM LX BSII
Delhi,2014,24000,Diesel,Manual,First,25.0,74.0,MARUTI,SWIFT VDI BSIV
Hyderabad,2009,147000,Diesel,Manual,First,12.0,100.0,TOYOTA,INNOVA 2.5 GX (DIESEL) 7 SEATER
Delhi,2012,72351,Diesel,Manual,First,23.0,97.0,TOYOTA,ETIOS LIVA GD
Chennai,2010,115000,Petrol,Manual,First,18.0,79.0,CHEVROLET,BEAT LT
Jaipur,2010,82000,Diesel,Manual,Second,13.0,68.0,FORD,IKON 1.4 TDCI DURATORQ
Delhi,2016,20000,Diesel,Automatic,First,19.0,170.0,MERCEDES-BENZ,NEW C-CLASS C 220 CDI AVANTGARDE
Kolkata,2011,45560,Petrol,Manual,First,17.0,88.0,TOYOTA,ETIOS G
Kochi,2017,57539,Diesel,Manual,First,12.0,102.0,TOYOTA,INNOVA 2.5 GX (DIESEL) 7 SEATER BS IV
Kochi,2018,20004,Diesel,Automatic,First,17.0,313.0,BMW,6 SERIES GRAN COUPE
Mumbai,2012,54500,Diesel,Manual,First,21.0,108.0,SKODA,RAPID 1.5 TDI AMBITION
Jaipur,2016,27886,Petrol,Manual,First,22.0,55.0,HYUNDAI,EON MAGNA
Mumbai,2007,66000,Petrol,Automatic,First,11.0,158.0,HONDA,CR-V 2.4L 4WD AT
Coimbatore,2013,72202,Diesel,Automatic,First,20.0,138.0,SKODA,LAURA ELEGANCE 2.0 TDI CR AT
Delhi,2011,70000,Petrol,Manual,Second,13.0,157.0,SKODA,LAURA RS
Jaipur,2015,78233,Diesel,Manual,First,26.0,98.0,HONDA,CITY I DTEC S
Chennai,2007,120203,Diesel,Manual,Second,13.0,138.0,TATA,NEW SAFARI 4X4 EX
Pune,2011,20575,Petrol,Manual,First,19.0,67.0,MARUTI,ZEN ESTILO LXI BS IV
Mumbai,2013,39879,Petrol,Manual,First,17.0,86.0,HONDA,AMAZE S I-VTEC
Jaipur,2017,31056,Petrol,Manual,First,23.0,67.0,RENAULT,KWID 1.0 RXL
Mumbai,2015,50940,Petrol,Automatic,First,19.0,91.0,MARUTI,CIAZ AT ZXI
Coimbatore,2016,99362,Diesel,Manual,First,22.0,88.0,HYUNDAI,I20 ASTA OPTION 1.4 CRDI
Ahmedabad,2016,54000,Diesel,Manual,First,13.0,147.0,TOYOTA,INNOVA CRYSTA 2.4 ZX MT
Coimbatore,2016,54268,Diesel,Manual,First,28.0,88.0,MARUTI,CIAZ ZDI PLUS SHVS
Coimbatore,2012,94521,Diesel,Automatic,First,14.0,270.0,JAGUAR,XF DIESEL
Kochi,2017,38932,Petrol,Manual,First,19.0,82.0,HYUNDAI,XCENT 1.2 KAPPA S
Coimbatore,2015,60395,Diesel,Automatic,First,16.0,245.0,PORSCHE,CAYENNE DIESEL
Mumbai,2016,29000,Diesel,Manual,First,24.0,71.0,HYUNDAI,XCENT 1.1 CRDI S
Delhi,2011,58000,Diesel,Automatic,First,16.0,140.0,AUDI,A4 2.0 TDI MULTITRONIC
Coimbatore,2016,60913,Petrol,Manual,First,20.0,91.0,MARUTI,CIAZ RS ZXI PLUS
Delhi,2011,65000,Diesel,Manual,First,12.0,102.0,TOYOTA,INNOVA 2.5 G4 DIESEL 8-SEATER
Chennai,2015,26000,Diesel,Manual,First,15.0,170.0,MERCEDES-BENZ,NEW C-CLASS 220 CDI MT
Hyderabad,2016,19947,Petrol,Manual,First,20.0,78.0,HYUNDAI,I10 SPORTZ
Chennai,2011,70816,Petrol,Automatic,First,16.0,78.0,HYUNDAI,I10 SPORTZ 1.2 AT
Delhi,2015,54000,Diesel,Manual,First,27.0,74.0,MARUTI,BALENO ZETA 1.3
Delhi,2008,138000,Petrol,Manual,First,18.0,64.0,MARUTI,ZEN ESTILO 1.1 VXI BSIII
Chennai,2014,35000,Diesel,Automatic,First,16.0,258.0,BMW,7 SERIES 730LD
Bangalore,2015,50000,Diesel,Automatic,First,11.0,335.0,AUDI,Q7 4.2 TDI QUATTRO TECHNOLOGY
Hyderabad,2011,124652,Diesel,Automatic,First,11.0,245.0,BMW,X5 XDRIVE 30D
Hyderabad,2013,80264,Petrol,Manual,First,21.0,85.0,MARUTI,RITZ LXI
Pune,2013,125600,Diesel,Manual,First,21.0,84.0,NISSAN,SUNNY 2011-2014 DIESEL XL
Mumbai,2015,49000,Petrol,Manual,First,14.0,138.0,TOYOTA,COROLLA ALTIS 1.8 LIMITED EDITION
Pune,2012,111000,Diesel,Manual,First,23.0,67.0,TOYOTA,ETIOS VXD
Coimbatore,2016,33690,Petrol,Manual,First,14.0,138.0,TOYOTA,COROLLA ALTIS GL MT
Mumbai,2012,50000,Diesel,Automatic,First,17.0,174.0,AUDI,A6 2011-2015 2.0 TDI PREMIUM PLUS
Kolkata,2012,38092,Diesel,Manual,First,20.0,88.0,MARUTI,ERTIGA ZDI
Coimbatore,2017,47774,Petrol,Manual,First,18.0,82.0,HYUNDAI,GRAND I10 SPORTZ
Chennai,2009,167000,Diesel,Manual,Second,19.0,69.0,TATA,INDIGO CS LX (TDI) BS III
Chennai,2019,65000,Diesel,Automatic,First,26.0,74.0,MARUTI,SWIFT DZIRE AMT ZDI
Kolkata,2011,46000,Petrol,Manual,First,15.0,103.0,VOLKSWAGEN,POLO PETROL HIGHLINE 1.6L
Hyderabad,2017,16500,Petrol,Manual,First,23.0,84.0,TATA,TIAGO 1.2 REVOTRON XZ WO ALLOY
Kolkata,2016,39000,Petrol,Manual,First,17.0,117.0,HONDA,CITY I VTEC VX
Jaipur,2018,6000,Petrol,Manual,First,19.0,86.0,HONDA,AMAZE V PETROL
Hyderabad,2015,60000,Diesel,Automatic,First,17.0,174.0,AUDI,A4 35 TDI PREMIUM
Chennai,2011,97320,Petrol,Automatic,First,14.0,103.0,VOLKSWAGEN,VENTO PETROL HIGHLINE AT
Chennai,2011,99807,Diesel,Manual,First,20.0,103.0,VOLKSWAGEN,VENTO DIESEL TRENDLINE
Pune,2013,46000,Petrol,Manual,First,17.0,118.0,HONDA,CITY 1.5 S MT
Mumbai,2010,12000,Petrol,Manual,First,22.0,67.0,MARUTI,WAGON R LXI
Kolkata,2005,13002,Petrol,Automatic,First,9.0,193.0,SKODA,SUPERB 2.8 V6 AT
Kolkata,2014,26000,Diesel,Manual,First,26.0,98.0,HONDA,CITY I DTEC SV
Kochi,2014,68365,CNG,Manual,First,26.0,58.0,MARUTI,WAGON R LXI CNG
Coimbatore,2016,27833,Diesel,Automatic,First,0.0,165.0,MERCEDES-BENZ,M-CLASS ML 350 4MATIC
Kochi,2016,51639,Petrol,Manual,First,22.0,47.0,MARUTI,ALTO 800 LXI
Delhi,2015,21000,Petrol,Manual,First,18.0,81.0,HYUNDAI,I20 MAGNA 1.2
Bangalore,2013,90000,Diesel,Manual,First,22.0,89.0,FORD,ECOSPORT 1.5 DV5 MT TREND
Hyderabad,2015,36255,Diesel,Automatic,First,19.0,184.0,BMW,3 SERIES GT 320D LUXURY LINE
Chennai,2011,58000,Diesel,Automatic,Second,11.0,245.0,BMW,X5 XDRIVE 30D
Coimbatore,2014,48997,Petrol,Manual,Second,18.0,86.0,HONDA,AMAZE S I-VTECH
Mumbai,2014,31130,Petrol,Manual,First,15.0,110.0,FORD,ECOSPORT 1.5 TI VCT MT TITANIUM
Coimbatore,2012,75668,Diesel,Automatic,First,14.0,270.0,JAGUAR,XF 3.0 LITRE S PREMIUM LUXURY
Delhi,2015,12000,Petrol,Manual,First,14.0,138.0,TOYOTA,COROLLA 1.8 J
Pune,2014,90000,Petrol,Manual,Second,20.0,78.0,HYUNDAI,I10 SPORTZ
Kochi,2019,17320,Diesel,Automatic,First,15.0,170.0,MERCEDES-BENZ,NEW C-CLASS C220 CDI EXECUTIVE EDITION
Delhi,2011,85000,Diesel,Manual,Second,20.0,108.0,SKODA,LAURA AMBIENTE 2.0 TDI CR MT
Hyderabad,2007,130000,Diesel,Manual,First,13.0,141.0,FORD,ENDEAVOUR 4X2 XLT
Coimbatore,2013,60328,Petrol,Manual,First,15.0,70.0,FORD,FIGO PETROL EXI
Kochi,2015,34327,Petrol,Manual,First,18.0,86.0,HONDA,AMAZE S I-VTECH
Mumbai,2014,75000,Diesel,Manual,First,19.0,70.0,TATA,INDICA VISTA TDI LS
Hyderabad,2012,86000,Diesel,Automatic,Second,14.0,163.0,VOLVO,XC60 D4 SUMMUM
Bangalore,2017,12000,Petrol,Manual,First,22.0,53.0,DATSUN,REDI GO SPORT
Kochi,2013,57759,Petrol,Manual,First,21.0,55.0,HYUNDAI,EON ERA PLUS
Kolkata,2016,24300,Petrol,Manual,First,22.0,47.0,MARUTI,ALTO 800 VXI
Bangalore,2011,66000,Petrol,Manual,Second,16.0,73.0,VOLKSWAGEN,POLO PETROL TRENDLINE 1.2L
Mumbai,2015,75915,Petrol,Manual,First,20.0,78.0,HYUNDAI,I10 ASTA
Chennai,2013,107000,Petrol,Manual,Second,16.0,97.0,NISSAN,SUNNY 2011-2014 XL
Chennai,2008,86000,Petrol,Manual,Second,14.0,138.0,TOYOTA,COROLLA ALTIS G
Chennai,2009,160000,Diesel,Manual,Second,18.0,110.0,HYUNDAI,VERNA CRDI ABS
Jaipur,2019,3000,Petrol,Manual,First,24.0,47.0,MARUTI,ALTO 800 2016-2019 LXI OPTIONAL
Hyderabad,2015,72495,Diesel,Manual,First,21.0,88.0,HYUNDAI,I20 SPORTZ 1.4 CRDI
Chennai,2016,33000,Diesel,Automatic,First,19.0,126.0,HYUNDAI,VERNA 1.6 CRDI AT S
Hyderabad,2014,60000,Diesel,Automatic,First,12.0,241.0,AUDI,Q7 3.0 TDI QUATTRO TECHNOLOGY
Hyderabad,2016,80103,Diesel,Manual,First,25.0,69.0,TATA,INDICA V2 ELS
Kolkata,2007,42100,Petrol,Manual,First,18.0,62.0,CHEVROLET,SPARK 1.0 LS
Kolkata,2018,4500,Petrol,Manual,First,18.0,81.0,HYUNDAI,GRAND I10 1.2 KAPPA MAGNA
Mumbai,2014,97000,Diesel,Manual,First,12.0,169.0,TOYOTA,FORTUNER 4X4 MT TRD SPORTIVO
Kochi,2017,51223,Petrol,Manual,First,18.0,81.0,HYUNDAI,GRAND I10 1.2 KAPPA ASTA
Delhi,2009,64000,Petrol,Manual,First,17.0,118.0,HONDA,CITY 1.5 S MT
Kochi,2016,56911,Petrol,Manual,First,18.0,81.0,HYUNDAI,ELITE I20 PETROL ASTA
Hyderabad,2015,147848,Diesel,Manual,First,12.0,102.0,TOYOTA,INNOVA 2.5 G4 DIESEL 8-SEATER
Kochi,2018,21290,Petrol,Automatic,First,13.0,395.0,FORD,MUSTANG V8
Kochi,2019,14076,Diesel,Automatic,First,11.0,171.0,TOYOTA,INNOVA CRYSTA 2.8 GX AT
Ahmedabad,2007,75180,Petrol,Manual,First,18.0,64.0,MARUTI,ZEN ESTILO 1.1 VXI BSIII
Jaipur,2013,92000,Diesel,Manual,Second,22.0,74.0,MARUTI,SWIFT ZDI
Hyderabad,2015,57266,Diesel,Manual,First,20.0,91.0,FIAT,AVVENTURA MULTIJET EMOTION
Delhi,2007,64000,Petrol,Manual,First,18.0,67.0,MARUTI,ZEN ESTILO VXI BSIII
Mumbai,2013,41000,Diesel,Manual,First,19.0,83.0,RENAULT,DUSTER 85PS DIESEL RXL
Delhi,2012,45999,Diesel,Manual,First,10.0,107.0,MITSUBISHI,PAJERO 2.8 SFX
Pune,2015,50000,Petrol,Automatic,First,23.0,67.0,MARUTI,CELERIO VXI AT
Pune,2013,70000,Diesel,Manual,First,17.0,48.0,TATA,INDICA V2 DLS BSIII
Kochi,2016,37540,Petrol,Manual,First,18.0,81.0,HYUNDAI,ELITE I20 PETROL ASTA
Hyderabad,2014,44000,Petrol,Automatic,First,23.0,67.0,MARUTI,CELERIO VXI AT
Hyderabad,2017,22500,Petrol,Manual,First,18.0,81.0,HYUNDAI,GRAND I10 1.2 KAPPA ASTA
Delhi,2017,17431,Petrol,Manual,First,18.0,81.0,HYUNDAI,I20 1.2 MAGNA EXECUTIVE
Delhi,2014,61566,Petrol,Manual,First,17.0,121.0,HYUNDAI,VERNA 1.6 SX VTVT (O)
Kochi,2014,61730,Diesel,Automatic,First,12.0,147.0,LAND,ROVER FREELANDER 2 SE
Chennai,2009,68000,Petrol,Manual,First,16.0,88.0,MARUTI,SWIFT VXI BSIII
Mumbai,2014,29000,Petrol,Manual,First,18.0,86.0,HONDA,AMAZE SX I-VTEC
Hyderabad,2010,156210,Diesel,Manual,First,21.0,87.0,TOYOTA,COROLLA ALTIS DIESEL D4DG
Kolkata,2013,46500,Diesel,Manual,First,27.0,98.0,HONDA,AMAZE S DIESEL
Coimbatore,2009,52830,Diesel,Automatic,Second,16.0,241.0,AUDI,A6 3.0 TDI QUATTRO
Jaipur,2017,39867,Petrol,Manual,First,22.0,67.0,MARUTI,WAGON R VXI
Hyderabad,2014,58972,Diesel,Manual,First,24.0,98.0,HONDA,MOBILIO E I DTEC
Bangalore,2006,66000,Petrol,Automatic,Second,10.0,152.0,HONDA,CR-V 2.4 4WD AT
Delhi,2013,52000,Petrol,Manual,First,17.0,121.0,HYUNDAI,VERNA 1.6 SX VTVT (O)
Bangalore,2014,58000,Diesel,Automatic,First,11.0,194.0,HYUNDAI,SANTA FE 4X4 AT
Ahmedabad,2012,58000,Petrol,Automatic,First,16.0,78.0,HYUNDAI,I10 SPORTZ AT
Hyderabad,2008,75000,Diesel,Manual,Second,17.0,68.0,FORD,FUSION PLUS 1.4 TDCI DIESEL
Coimbatore,2015,41008,Petrol,Manual,Second,20.0,78.0,HYUNDAI,I10 SPORTZ
Jaipur,2014,65000,Diesel,Manual,First,24.0,71.0,HYUNDAI,XCENT 1.1 CRDI SX OPTION
Mumbai,2015,19000,Diesel,Automatic,First,18.0,174.0,SKODA,SUPERB STYLE 2.0 TDI AT
Pune,2008,74000,Petrol,Manual,Second,16.0,68.0,FORD,FIESTA 1.4 DURATEC EXI
Pune,2017,33000,Petrol,Automatic,First,21.0,83.0,MARUTI,BALENO ZETA AUTOMATIC
Mumbai,2010,95000,Diesel,Manual,Second,17.0,105.0,SKODA,LAURA 1.9 TDI MT AMBIENTE
Kolkata,2012,34000,Diesel,Manual,First,20.0,108.0,VOLKSWAGEN,VENTO 1.5 TDI COMFORTLINE
Coimbatore,2014,102865,Diesel,Automatic,First,12.0,241.0,AUDI,Q7 3.0 TDI QUATTRO TECHNOLOGY
Kochi,2016,52378,Petrol,Manual,First,17.0,121.0,HYUNDAI,VERNA VTVT 1.6 SX OPTION
Delhi,2012,38000,Diesel,Automatic,First,14.0,170.0,MERCEDES-BENZ,NEW C-CLASS 220 CDI AT
Kochi,2015,60334,Diesel,Manual,First,25.0,98.0,HONDA,AMAZE S I-DTECH
Chennai,2010,107000,Petrol,Manual,First,16.0,68.0,FORD,FIESTA 1.4 DURATEC EXI LIMITED EDITION
Bangalore,2013,445000,Petrol,Manual,First,18.0,82.0,HYUNDAI,I20 MAGNA OPTIONAL 1.2
Kolkata,2017,2196,Petrol,Manual,First,22.0,47.0,MARUTI,ALTO 800 LXI
Kolkata,2010,24000,Petrol,Automatic,First,10.0,258.0,BMW,5 SERIES 530I SEDAN
Coimbatore,2015,44846,Petrol,Manual,Second,14.0,88.0,FIAT,GRANDE PUNTO 1.4 EMOTION
Kochi,2018,64035,Diesel,Automatic,First,28.0,73.0,MARUTI,DZIRE AMT ZDI PLUS
Mumbai,2014,45600,Diesel,Manual,First,15.0,140.0,MAHINDRA,XUV500 W6 2WD
Kochi,2014,102001,Diesel,Automatic,First,11.0,200.0,VOLVO,XC90 2007-2015 D5 AT AWD
Coimbatore,2014,47439,Petrol,Manual,First,20.0,78.0,HYUNDAI,I10 SPORTZ 1.2
Hyderabad,2010,193254,Diesel,Manual,First,11.0,171.0,TOYOTA,FORTUNER 3.0 DIESEL
Bangalore,2016,29000,Petrol,Automatic,First,21.0,37.0,TATA,NANO XTA
Coimbatore,2016,51681,Diesel,Manual,First,19.0,108.0,RENAULT,LODGY 110PS RXZ 8 SEATER
Hyderabad,2015,50000,Diesel,Automatic,First,12.0,241.0,AUDI,Q7 3.0 TDI QUATTRO PREMIUM PLUS
Mumbai,2016,42666,Petrol,Automatic,First,18.0,117.0,HONDA,CITY I VTEC CVT VX
Jaipur,2013,65000,Diesel,Manual,Second,19.0,108.0,RENAULT,DUSTER 110PS DIESEL RXL
Jaipur,2014,18776,Petrol,Manual,First,17.0,86.0,HONDA,AMAZE S I-VTEC
Jaipur,2016,6714,Petrol,Manual,First,18.0,86.0,HONDA,AMAZE S I-VTECH
Pune,2009,40000,Petrol,Automatic,Second,12.0,154.0,BMW,3 SERIES 320I
Coimbatore,2011,88539,Diesel,Manual,First,23.0,73.0,MARUTI,RITZ LDI
Delhi,2012,65055,Petrol,Manual,Second,17.0,118.0,HONDA,CITY 1.5 S MT
Mumbai,2014,23000,Diesel,Automatic,First,18.0,184.0,BMW,3 SERIES 320D SPORT LINE
Chennai,2009,60000,Diesel,Manual,First,15.0,105.0,VOLKSWAGEN,JETTA 2007-2011 1.9 TDI TRENDLINE
Kochi,2013,59350,Petrol,Manual,First,19.0,85.0,MARUTI,SWIFT DZIRE LXI
Bangalore,2015,19000,Diesel,Automatic,Second,16.0,187.0,JAGUAR,XF 2.2 LITRE EXECUTIVE
Kochi,2016,45560,Petrol,Automatic,First,16.0,82.0,HYUNDAI,XCENT 1.2 KAPPA AT SX OPTION
Pune,2009,118000,Diesel,Manual,First,12.0,102.0,TOYOTA,INNOVA 2.5 G (DIESEL) 7 SEATER BS IV
Chennai,2016,55000,Petrol,Manual,First,15.0,73.0,MARUTI,EECO 7 SEATER STANDARD
Delhi,2012,60000,Diesel,Automatic,Second,15.0,140.0,AUDI,A4 NEW 2.0 TDI MULTITRONIC
Chennai,2007,145000,Diesel,Manual,First,12.0,102.0,TOYOTA,INNOVA 2.5 G (DIESEL) 7 SEATER BS IV
Mumbai,2008,46810,Petrol,Manual,First,9.0,163.0,MARUTI,GRAND VITARA MT
Coimbatore,2016,62767,Diesel,Manual,First,20.0,103.0,VOLKSWAGEN,VENTO 1.5 TDI HIGHLINE
Kochi,2018,18553,Petrol,Manual,First,18.0,81.0,HYUNDAI,ELITE I20 PETROL ASTA
Hyderabad,2011,143143,Diesel,Manual,First,17.0,67.0,FORD,FIESTA CLASSIC 1.4 DURATORQ CLXI
Coimbatore,2015,53497,Diesel,Manual,First,13.0,175.0,MITSUBISHI,PAJERO SPORT 4X4
Bangalore,2011,148000,Diesel,Manual,Second,14.0,194.0,HYUNDAI,SANTA FE 4X4
Pune,2012,95000,Diesel,Manual,First,15.0,140.0,MAHINDRA,XUV500 W8 2WD
Chennai,2015,100000,Diesel,Manual,First,12.0,102.0,TOYOTA,INNOVA 2.5 V DIESEL 8-SEATER
Chennai,2016,29000,Diesel,Automatic,First,11.0,254.0,MERCEDES-BENZ,GLE 350D
Bangalore,2014,87000,Diesel,Manual,First,12.0,120.0,MAHINDRA,SCORPIO 2009-2014 SLE 7S BSIV
Kochi,2014,56838,Petrol,Automatic,First,16.0,118.0,HONDA,CITY 1.5 S AT
Pune,2013,100000,Diesel,Automatic,First,12.0,224.0,MERCEDES-BENZ,GL-CLASS 2007 2012 350 CDI LUXURY
Kolkata,2011,125000,Petrol,Manual,First,17.0,118.0,HONDA,CITY 1.5 S MT
Kolkata,2017,17000,Petrol,Automatic,First,22.0,67.0,MARUTI,WAGON R VXI AMT
Pune,2013,70000,Petrol,Manual,Second,15.0,65.0,TATA,INDIGO ECS GLE BSIII
Pune,2010,50000,Petrol,Manual,Second,17.0,80.0,HYUNDAI,I20 2015-2017 1.2 ASTA WITH AVN
Kolkata,2010,39800,Petrol,Manual,First,16.0,90.0,HONDA,JAZZ ACTIVE
Kolkata,2010,60000,Petrol,Manual,First,19.0,66.0,MARUTI,A-STAR LXI
Hyderabad,2009,58000,Diesel,Automatic,First,16.0,181.0,BMW,3 SERIES 320D HIGHLINE
Hyderabad,2010,110009,Diesel,Manual,First,17.0,138.0,SKODA,YETI ELEGANCE
Hyderabad,2013,85000,Diesel,Manual,First,19.0,108.0,NISSAN,TERRANO XV PREMIUM 110 PS
Pune,2010,84000,Diesel,Manual,Second,22.0,73.0,VOLKSWAGEN,POLO DIESEL COMFORTLINE 1.2L
Mumbai,2011,51000,Diesel,Automatic,First,22.0,190.0,BMW,3 SERIES 320D
Kochi,2013,68880,Petrol,Manual,First,16.0,97.0,NISSAN,SUNNY 2011-2014 XL
Chennai,2017,5500,Petrol,Automatic,First,24.0,67.0,MARUTI,ALTO K10 VXI AGS
Coimbatore,2016,40052,Petrol,Manual,First,21.0,85.0,MARUTI,RITZ ZXI
Coimbatore,2016,47293,Diesel,Automatic,First,14.0,174.0,AUDI,Q5 30 TDI QUATTRO PREMIUM PLUS
Hyderabad,2013,79663,Diesel,Manual,First,16.0,110.0,HYUNDAI,VERNA CRDI SX
Jaipur,2013,63000,Diesel,Manual,Second,25.0,98.0,HONDA,AMAZE S I-DTECH
Kolkata,2014,45000,Diesel,Manual,First,26.0,98.0,HONDA,CITY I DTEC SV
Kochi,2014,56501,Diesel,Automatic,First,12.0,174.0,TOYOTA,FORTUNER TRD SPORTIVO 2.8 2WD AT
Jaipur,2015,58000,Diesel,Manual,First,20.0,103.0,VOLKSWAGEN,VENTO 1.5 TDI HIGHLINE
Coimbatore,2011,51602,Diesel,Automatic,First,22.0,190.0,BMW,5 SERIES 520D LUXURY LINE
Hyderabad,2007,74199,Diesel,Automatic,First,16.0,181.0,BMW,3 SERIES 320D SEDAN
Ahmedabad,2017,25000,Petrol,Automatic,First,13.0,121.0,HYUNDAI,CRETA 1.6 SX PLUS PETROL AUTOMATIC
Pune,2016,70000,Diesel,Automatic,Second,21.0,190.0,BMW,3 SERIES LUXURY LINE
Bangalore,2013,25000,Diesel,Automatic,Second,14.0,167.0,MERCEDES-BENZ,NEW C-CLASS C 220 CDI BE AVANTGARE
Hyderabad,2017,22000,Diesel,Manual,First,26.0,74.0,MARUTI,SWIFT DZIRE VDI
Hyderabad,2015,47020,Petrol,Manual,Second,23.0,67.0,MARUTI,CELERIO ZXI
Mumbai,2017,8000,Diesel,Automatic,First,19.0,187.0,BMW,3 SERIES 320D GT LUXURY LINE
Delhi,2010,73000,Diesel,Automatic,First,11.0,335.0,AUDI,Q7 4.2 TDI QUATTRO TECHNOLOGY
Kochi,2017,36973,Petrol,Manual,First,18.0,88.0,HONDA,JAZZ V
Coimbatore,2014,42083,Petrol,Manual,First,25.0,37.0,TATA,NANO CX BSIV
Chennai,2016,61000,Petrol,Manual,First,24.0,47.0,MARUTI,ALTO 800 2016-2019 LXI
Mumbai,2014,43628,Petrol,Manual,First,22.0,67.0,MARUTI,WAGON R VXI
Jaipur,2014,60000,Diesel,Manual,First,24.0,71.0,HYUNDAI,XCENT 1.1 CRDI BASE
Delhi,2010,54000,Petrol,Manual,Second,17.0,76.0,CHEVROLET,BEAT LT
Kochi,2015,27001,Diesel,Automatic,First,16.0,187.0,JAGUAR,XF 2.2 LITRE LUXURY
Chennai,2010,52000,Diesel,Automatic,First,18.0,167.0,VOLKSWAGEN,PASSAT DIESEL HIGHLINE 2.0 TDI
Hyderabad,2012,80000,Diesel,Manual,First,21.0,88.0,HYUNDAI,I20 ASTA 1.4 CRDI
Chennai,2008,160000,Diesel,Manual,First,10.0,107.0,MITSUBISHI,PAJERO 2.8 SFX
Chennai,2018,3300,Diesel,Automatic,First,24.0,88.0,MARUTI,VITARA BREZZA ZDI PLUS AMT DUAL TONE
Delhi,2016,35027,Petrol,Manual,First,24.0,67.0,MARUTI,ALTO K10 LXI
Coimbatore,2015,26568,Petrol,Manual,First,21.0,55.0,HYUNDAI,EON MAGNA PLUS
Ahmedabad,2015,59000,Diesel,Manual,First,28.0,88.0,MARUTI,CIAZ VDI PLUS SHVS
Bangalore,2016,51000,Diesel,Manual,First,19.0,126.0,HYUNDAI,CRETA 1.6 CRDI SX OPTION
Delhi,2012,56400,Diesel,Automatic,First,17.0,138.0,SKODA,SUPERB AMBITION 2.0 TDI CR AT
Hyderabad,2015,80000,Diesel,Manual,First,20.0,88.0,VOLKSWAGEN,POLO 1.5 TDI HIGHLINE
Delhi,2012,72000,Diesel,Automatic,Third,18.0,97.0,BMW,5 SERIES 520D SEDAN
Hyderabad,2013,107000,Diesel,Manual,Second,12.0,100.0,TOYOTA,INNOVA 2.5 VX (DIESEL) 7 SEATER
Pune,2014,100000,Diesel,Automatic,First,14.0,203.0,MERCEDES-BENZ,E-CLASS 2009-2013 E250 CDI ELEGANCE
Kochi,2016,59998,Diesel,Manual,First,20.0,88.0,VOLKSWAGEN,POLO 1.5 TDI HIGHLINE
Hyderabad,2013,105000,Diesel,Automatic,First,17.0,150.0,AUDI,Q3 2.0 TDI
Kolkata,2011,36000,Petrol,Manual,First,18.0,80.0,HYUNDAI,I20 1.2 MAGNA
Kolkata,2015,24350,Petrol,Manual,Second,19.0,68.0,HYUNDAI,I10 SPORTZ 1.1L
Kochi,2018,28973,Diesel,Manual,First,24.0,69.0,TATA,TIGOR 1.05 REVOTORQ XT
Kochi,2017,8243,Petrol,Manual,First,21.0,55.0,HYUNDAI,EON ERA
Chennai,2009,136642,Petrol,Manual,Second,17.0,62.0,HYUNDAI,SANTRO XING GLS
Hyderabad,2011,60000,Petrol,Manual,First,17.0,62.0,HYUNDAI,SANTRO XING GLS
Chennai,2008,100000,Diesel,Manual,Second,12.0,120.0,MAHINDRA,SCORPIO SLX
Jaipur,2010,48689,Petrol,Manual,First,17.0,117.0,HONDA,CITY I-VTEC S
Bangalore,2017,45000,Diesel,Manual,First,24.0,88.0,MARUTI,VITARA BREZZA ZDI
Kochi,2019,38163,Diesel,Automatic,First,17.0,174.0,AUDI,A4 35 TDI TECHNOLOGY EDITION
Chennai,2011,43800,Diesel,Automatic,Second,14.0,203.0,MERCEDES-BENZ,E-CLASS 2009-2013 E250 CDI ELEGANCE
Jaipur,2007,92000,Petrol,Manual,First,13.0,130.0,HONDA,CIVIC 2006-2010 1.8 MT SPORT
Kochi,2017,14064,Petrol,Manual,First,18.0,81.0,HYUNDAI,I20 MAGNA 1.2
Coimbatore,2017,42366,Diesel,Automatic,First,15.0,174.0,AUDI,Q3 35 TDI QUATTRO PREMIUM PLUS
Jaipur,2014,76551,Diesel,Manual,First,25.0,98.0,HONDA,CITY I DTEC VX
Pune,2008,72672,Petrol,Manual,First,19.0,68.0,HYUNDAI,I10 ERA 1.1 ITECH SE
Kolkata,2015,45000,Diesel,Manual,First,25.0,74.0,MARUTI,SWIFT VDI BSIV
Hyderabad,2012,91696,Diesel,Automatic,First,11.0,153.0,FORD,ENDEAVOUR 3.0L 4X4 AT
Kochi,2009,66484,Petrol,Manual,First,13.0,70.0,FORD,IKON 1.3 FLAIR
Coimbatore,2019,15456,Diesel,Automatic,First,20.0,190.0,BMW,X1 SDRIVE 20D XLINE
Mumbai,2011,55000,Diesel,Automatic,Second,14.0,203.0,MERCEDES-BENZ,E-CLASS 2009-2013 E250 CDI CLASSIC
Kochi,2019,21112,CNG,Manual,First,15.0,73.0,MARUTI,EECO 5 STR WITH AC PLUS HTR CNG
Pune,2011,98000,Petrol,Manual,First,16.0,97.0,HONDA,JAZZ SELECT EDITION
Ahmedabad,2014,61297,Diesel,Manual,First,25.0,98.0,HONDA,AMAZE S I-DTECH
Hyderabad,2006,80000,Petrol,Manual,Second,17.0,60.0,MARUTI,ZEN LXI - BS III
Jaipur,2013,59000,Petrol,Manual,Second,18.0,80.0,HYUNDAI,I20 MAGNA
Chennai,2009,150000,Diesel,Automatic,First,11.0,235.0,BMW,X5 3.0D
Coimbatore,2017,60083,Diesel,Manual,First,19.0,126.0,HYUNDAI,CRETA 1.6 CRDI SX OPTION
Kolkata,2016,85450,Diesel,Manual,First,26.0,74.0,MARUTI,SWIFT DZIRE LDI
Jaipur,2013,88000,Diesel,Manual,First,22.0,74.0,MARUTI,SWIFT VDI
Kochi,2015,81828,Diesel,Manual,First,24.0,73.0,HYUNDAI,GRAND I10 1.2 CRDI ASTA
Mumbai,2016,18000,Petrol,Manual,First,18.0,86.0,FORD,FIGO ASPIRE 1.2 TI-VCT TREND
Chennai,2017,15000,Diesel,Automatic,First,15.0,258.0,BMW,X5 X5 M
Kolkata,2016,34000,Diesel,Automatic,First,11.0,167.0,MERCEDES-BENZ,NEW C-CLASS C 220 CDI CELEBRATION EDITION
Ahmedabad,2015,46000,Petrol,Automatic,First,18.0,82.0,HYUNDAI,GRAND I10 AT ASTA
Hyderabad,2013,48158,Diesel,Manual,First,22.0,126.0,HYUNDAI,VERNA 1.6 SX CRDI (O)
Hyderabad,2013,93000,Diesel,Automatic,First,16.0,218.0,BMW,5 SERIES 525D SEDAN
Ahmedabad,2013,71007,Diesel,Manual,First,23.0,63.0,NISSAN,MICRA DIESEL XV PREMIUM
Pune,2010,63067,Petrol,Manual,Second,15.0,103.0,MARUTI,SX4 ZXI MT BSIV
Hyderabad,2011,70259,Diesel,Manual,First,21.0,88.0,TATA,MANZA AURA QUADRAJET BS IV
Ahmedabad,2015,13000,Diesel,Automatic,First,16.0,140.0,AUDI,A4 2.0 TDI MULTITRONIC
Pune,2009,140000,Diesel,Manual,Second,17.0,75.0,MARUTI,SWIFT LDI BSIV
Jaipur,2015,130000,Diesel,Manual,First,25.0,74.0,MARUTI,SWIFT LDI OPTIONAL
Delhi,2011,89401,Diesel,Manual,First,21.0,87.0,TOYOTA,COROLLA ALTIS DIESEL D4DJ
Hyderabad,2015,67000,Diesel,Manual,First,27.0,98.0,HONDA,JAZZ 1.5 VX I DTEC
Kochi,2010,65329,Petrol,Automatic,First,7.0,450.0,BMW,6 SERIES 650I COUPE
Jaipur,2010,72000,Petrol,Manual,First,16.0,73.0,SKODA,FABIA 1.2 PETROL ACTIVE
Jaipur,2001,70000,Petrol,Manual,Third,0.0,97.0,FIAT,SIENA 1.2 ELX
Mumbai,2011,82000,Diesel,Automatic,Second,12.0,187.0,LAND,ROVER FREELANDER 2 HSE
Pune,2010,85000,Petrol,Manual,First,15.0,101.0,FORD,FIESTA 1.6 ZXI DURATEC
Pune,2012,83000,Diesel,Automatic,First,19.0,126.0,HYUNDAI,VERNA SX CRDI AT
Jaipur,2016,26000,Petrol,Manual,First,21.0,67.0,RENAULT,KWID 1.0 RXT OPTIONAL
Delhi,2012,27000,Diesel,Manual,First,22.0,88.0,TATA,INDICA VISTA QUADRAJET 90 ZX PLUS
Kochi,2018,37746,Diesel,Manual,First,21.0,88.0,HYUNDAI,I20 ACTIVE 1.4 SX
Mumbai,2009,63274,Petrol,Manual,Second,15.0,104.0,MARUTI,SX4 ZXI BSIII
Hyderabad,2016,25000,Petrol,Manual,First,25.0,53.0,RENAULT,KWID RXT
Bangalore,2013,197000,Diesel,Manual,First,11.0,112.0,MAHINDRA,XYLO E4 ABS BS III
Bangalore,2013,45010,Petrol,Manual,Second,21.0,55.0,HYUNDAI,EON D LITE PLUS
Delhi,2013,75348,Diesel,Manual,First,25.0,98.0,HONDA,AMAZE VX I-DTEC
Kolkata,2010,90110,Diesel,Manual,First,22.0,73.0,VOLKSWAGEN,POLO DIESEL HIGHLINE 1.2L
Pune,2011,102013,Petrol,Manual,First,17.0,118.0,HONDA,CITY 1.5 V MT
Pune,2015,36000,Diesel,Automatic,First,12.0,168.0,TOYOTA,FORTUNER 4X2 AT
Kochi,2017,37578,Petrol,Manual,First,18.0,86.0,HONDA,AMAZE E I-VTECH
Pune,2015,46001,Diesel,Automatic,First,20.0,143.0,BMW,1 SERIES 118D BASE
Hyderabad,2014,46559,Petrol,Automatic,First,23.0,67.0,MARUTI,CELERIO VXI AT
Mumbai,2015,48000,Diesel,Manual,First,12.0,100.0,TOYOTA,INNOVA 2.5 GX (DIESEL) 8 SEATER
Pune,2013,46000,Diesel,Automatic,Second,16.0,187.0,JAGUAR,XF 2.2 LITRE LUXURY
Hyderabad,2017,15000,Petrol,Manual,First,17.0,88.0,HONDA,WRV I-VTEC VX
Chennai,2012,85000,Diesel,Automatic,Third,17.0,184.0,BMW,X1 SDRIVE20D
Mumbai,2014,32000,Petrol,Automatic,First,14.0,103.0,SKODA,RAPID 1.6 MPI AT ELEGANCE
Kochi,2012,60818,Petrol,Manual,First,16.0,103.0,VOLKSWAGEN,VENTO 1.6 COMFORTLINE
Coimbatore,2019,35188,Diesel,Manual,First,22.0,98.0,FORD,ECOSPORT 1.5 TDCI TREND PLUS BE
Jaipur,2012,110000,Diesel,Manual,First,15.0,140.0,MAHINDRA,XUV500 W6 2WD
Mumbai,2014,61000,Diesel,Manual,First,18.0,67.0,FORD,FIESTA CLASSIC 1.4 DURATORQ LXI
Pune,2010,75000,Petrol,Manual,Second,17.0,62.0,HYUNDAI,SANTRO XING GLS
Delhi,2015,55000,Diesel,Automatic,First,12.0,224.0,MERCEDES-BENZ,GL-CLASS 2007 2012 350 CDI LUXURY
Pune,2003,69966,Petrol,Manual,First,19.0,46.0,MARUTI,ALTO LXI BSII
Mumbai,2016,42000,Petrol,Manual,First,17.0,117.0,HONDA,CITY I VTEC VX OPTION
Bangalore,2014,48000,Diesel,Automatic,First,13.0,194.0,HYUNDAI,SANTA FE 2WD AT
Kolkata,2015,35000,Diesel,Automatic,First,17.0,136.0,MERCEDES-BENZ,GLA CLASS 200 CDI SPORT
Chennai,2005,128000,Diesel,Manual,Second,12.0,102.0,TOYOTA,INNOVA 2.5 G4 DIESEL 8-SEATER
Bangalore,2008,78000,Diesel,Automatic,Second,16.0,181.0,BMW,3 SERIES 320D SEDAN
Hyderabad,2011,53080,Petrol,Manual,First,18.0,85.0,MARUTI,SWIFT ZXI
Pune,2011,66000,Petrol,Manual,Second,15.0,103.0,VOLKSWAGEN,VENTO PETROL HIGHLINE
Ahmedabad,2012,25000,Petrol,Manual,First,16.0,93.0,MARUTI,ERTIGA VXI
Coimbatore,2016,36139,Petrol,Automatic,Second,18.0,82.0,HYUNDAI,GRAND I10 AT ASTA
Delhi,2017,44000,Diesel,Manual,First,19.0,126.0,HYUNDAI,CRETA 1.6 CRDI SX
Ahmedabad,2008,50000,Diesel,Automatic,Second,16.0,241.0,AUDI,A6 3.0 TDI QUATTRO
Delhi,2016,81177,Diesel,Manual,First,16.0,140.0,MAHINDRA,XUV500 W8 1.99 MHAWK
Mumbai,2016,26000,Petrol,Automatic,First,16.0,110.0,FORD,ECOSPORT 1.5 TI VCT AT TITANIUM BE
Mumbai,2016,100000,Diesel,Manual,First,24.0,71.0,HYUNDAI,XCENT 1.1 CRDI BASE
Hyderabad,2014,75000,Diesel,Automatic,First,21.0,103.0,VOLKSWAGEN,VENTO 1.5 TDI COMFORTLINE AT
Kochi,2004,119859,Petrol,Automatic,First,13.0,210.0,MERCEDES-BENZ,S-CLASS 280 AT
Mumbai,2010,55980,Petrol,Manual,First,20.0,78.0,HYUNDAI,I10 MAGNA
Hyderabad,2015,30000,Diesel,Automatic,First,17.0,174.0,AUDI,A4 35 TDI TECHNOLOGY EDITION
Pune,2012,49700,Diesel,Manual,Second,21.0,88.0,HYUNDAI,I20 SPORTZ 1.4 CRDI
Chennai,2013,79000,Diesel,Manual,First,23.0,88.0,HYUNDAI,VERNA 1.4 EX
Delhi,2010,65100,Petrol,Manual,First,17.0,118.0,HONDA,CITY 1.5 V MT
Pune,2016,54161,Diesel,Manual,First,25.0,88.0,MARUTI,ERTIGA VDI
Hyderabad,2011,28619,Petrol,Manual,First,19.0,46.0,MARUTI,ALTO LXI BSII
Mumbai,2016,9000,Petrol,Automatic,First,20.0,67.0,MARUTI,WAGON R AMT VXI
Kochi,2016,42876,Diesel,Automatic,First,19.0,126.0,HYUNDAI,VERNA 1.6 CRDI AT SX
Bangalore,2011,64000,Petrol,Manual,First,19.0,46.0,MARUTI,ALTO LXI BSIII
Kochi,2018,20488,Petrol,Manual,Second,16.0,103.0,VOLKSWAGEN,VENTO 1.6 COMFORTLINE
Delhi,2016,21000,Petrol,Manual,First,21.0,83.0,MARUTI,BALENO ZETA 1.2
Jaipur,2012,119203,Diesel,Automatic,First,0.0,115.0,LAND,ROVER FREELANDER 2 TD4 SE
Kochi,2011,55987,Petrol,Automatic,First,13.0,153.0,HONDA,CR-V 2.0L 2WD AT
Coimbatore,2017,72668,Diesel,Manual,First,14.0,174.0,TOYOTA,FORTUNER 2.8 2WD MT
Mumbai,2015,32000,Petrol,Automatic,First,15.0,116.0,HONDA,CITY V AT
Bangalore,2014,3000,Petrol,Automatic,Second,12.0,421.0,MERCEDES-BENZ,SLK-CLASS 55 AMG
Mumbai,2015,10400,Petrol,Manual,First,17.0,117.0,HONDA,CITY I-VTEC S
Mumbai,2013,35000,Diesel,Manual,First,22.0,74.0,MARUTI,SWIFT VDI
Kochi,2013,55101,Petrol,Automatic,First,14.0,138.0,TOYOTA,COROLLA ALTIS 2008-2013 1.8 VL AT
Bangalore,2014,57464,Diesel,Manual,First,23.0,67.0,TOYOTA,ETIOS CROSS 1.4L VD
Jaipur,2006,110000,Petrol,Manual,First,18.0,67.0,MARUTI,WAGON R LX
Kochi,2017,17941,Petrol,Manual,First,15.0,97.0,FIAT,PUNTO 1.2 DYNAMIC
Mumbai,2014,72000,Petrol,Automatic,First,12.0,184.0,MERCEDES-BENZ,E-CLASS 2015-2017 E 200 CGI
Delhi,2012,16000,Diesel,Automatic,First,16.0,187.0,JAGUAR,XF AERO SPORT EDITION
Kochi,2011,62020,Petrol,Manual,First,17.0,80.0,HYUNDAI,I20 SPORTZ PETROL
Pune,2014,85000,Diesel,Automatic,Second,12.0,147.0,LAND,ROVER FREELANDER 2 SE
Kochi,2018,14223,Petrol,Manual,First,18.0,81.0,HYUNDAI,ELITE I20 PETROL SPORTZ
Jaipur,2014,41210,Petrol,Manual,First,18.0,86.0,HONDA,AMAZE S I-VTECH
Bangalore,2015,20000,Diesel,Automatic,First,0.0,165.0,MERCEDES-BENZ,M-CLASS ML 350 4MATIC
Coimbatore,2016,18043,Petrol,Manual,First,22.0,47.0,MARUTI,ALTO 800 VXI
Chennai,2016,80000,Diesel,Automatic,First,11.0,171.0,TOYOTA,INNOVA CRYSTA 2.8 ZX AT
Hyderabad,2016,21000,Petrol,Automatic,First,18.0,82.0,HYUNDAI,GRAND I10 AT ASTA
Bangalore,2016,49000,Diesel,Automatic,First,16.0,258.0,BMW,X3 XDRIVE30D M SPORT
Hyderabad,1998,104000,Petrol,Manual,Second,15.0,97.0,MARUTI,1000 AC
Chennai,2010,95000,Petrol,Manual,Second,18.0,80.0,HYUNDAI,I20 MAGNA
Pune,2015,32000,Petrol,Automatic,First,18.0,82.0,HYUNDAI,GRAND I10 AT ASTA
Pune,2003,80000,Petrol,Manual,Second,17.0,97.0,HYUNDAI,SANTRO XING XG
Hyderabad,2014,122800,Diesel,Manual,First,25.0,89.0,FORD,FIESTA 1.5 TDCI TITANIUM
Ahmedabad,2011,78000,Diesel,Manual,Second,15.0,97.0,MERCEDES-BENZ,E-CLASS 220 CDI
Ahmedabad,2015,69000,Diesel,Manual,First,26.0,74.0,MARUTI,SWIFT DZIRE VDI
Pune,2015,65000,Diesel,Manual,Second,23.0,67.0,TOYOTA,ETIOS VXD
Ahmedabad,2015,23000,Petrol,Manual,First,19.0,82.0,HYUNDAI,XCENT 1.2 KAPPA BASE
Ahmedabad,2009,70000,Petrol,Manual,First,13.0,130.0,HONDA,CIVIC 2006-2010 1.8 S MT
Chennai,2014,250000,Diesel,Manual,First,12.0,100.0,TOYOTA,INNOVA 2.5 GX (DIESEL) 8 SEATER
Delhi,2012,56000,Petrol,Manual,First,13.0,94.0,HYUNDAI,ACCENT GLE
Pune,2013,30000,Petrol,Manual,First,22.0,47.0,MARUTI,ALTO 800 LXI
Kolkata,2010,35000,Petrol,Automatic,First,8.0,387.0,MERCEDES-BENZ,SL-CLASS SL 500
Jaipur,2013,92250,Diesel,Manual,Second,22.0,89.0,FORD,ECOSPORT 1.5 DV5 MT TITANIUM OPTIONAL
Pune,2018,40000,Petrol,Manual,First,20.0,81.0,HYUNDAI,XCENT 1.2 VTVT E
Kochi,2014,96848,Petrol,Automatic,First,14.0,103.0,SKODA,RAPID 1.6 MPI AT AMBITION PLUS
Delhi,2016,42000,Diesel,Automatic,First,15.0,174.0,AUDI,Q3 2012-2015 35 TDI QUATTRO PREMIUM PLUS
Kolkata,2013,55886,Diesel,Manual,First,16.0,140.0,MAHINDRA,XUV500 W8 2WD
Kochi,2019,12336,Petrol,Manual,First,17.0,121.0,HYUNDAI,VERNA VTVT 1.6 SX OPTION
Chennai,2009,60000,Petrol,Manual,Third,13.0,103.0,HYUNDAI,VERNA XI (PETROL)
Pune,2003,83000,Petrol,Manual,Second,14.0,92.0,FORD,IKON 1.6 CLXI
Pune,2018,24000,Petrol,Manual,First,19.0,67.0,NISSAN,MICRA ACTIVE XV
Pune,2016,32198,Petrol,Automatic,First,16.0,86.0,HONDA,BRIO VX AT
Hyderabad,2014,92247,Diesel,Manual,First,12.0,100.0,TOYOTA,INNOVA 2.5 GX (DIESEL) 7 SEATER
Chennai,2011,121311,Diesel,Manual,First,20.0,108.0,VOLKSWAGEN,VENTO 1.5 TDI HIGHLINE
Coimbatore,2016,66296,Diesel,Manual,First,16.0,140.0,MAHINDRA,XUV500 W10 AWD
Mumbai,2015,41000,Petrol,Automatic,First,16.0,82.0,HYUNDAI,XCENT 1.2 KAPPA AT SX OPTION
Kochi,2017,38681,Diesel,Manual,First,13.0,157.0,FORD,ENDEAVOUR 2.2 TREND MT 4X4
Kochi,2008,43761,Petrol,Manual,First,18.0,62.0,CHEVROLET,SPARK 1.0 LT
Hyderabad,2017,17400,Diesel,Manual,First,24.0,88.0,MARUTI,ERTIGA SHVS VDI
Bangalore,2013,61510,Diesel,Manual,First,25.0,98.0,HONDA,AMAZE S I-DTECH
Delhi,2014,60000,Petrol,Manual,First,17.0,117.0,HONDA,CITY I VTEC S
Bangalore,2014,35165,Diesel,Automatic,Second,23.0,112.0,MINI,COOPER COUNTRYMAN D
Kochi,2016,41617,Petrol,Automatic,First,14.0,138.0,TOYOTA,COROLLA ALTIS 2008-2013 1.8 VL AT
Kolkata,2005,45000,Petrol,Manual,First,17.0,97.0,HYUNDAI,SANTRO XING XL ERLX EURO III
Delhi,2014,65000,Petrol,Automatic,First,13.0,157.0,SKODA,SUPERB ELEGANCE 1.8 TSI AT
Delhi,2011,68000,Petrol,Manual,First,18.0,67.0,MARUTI,WAGON R LXI BS IV
Mumbai,2013,49000,Petrol,Manual,First,19.0,68.0,HYUNDAI,I10 ERA 1.1
Coimbatore,2019,16698,Petrol,Manual,First,23.0,84.0,TATA,TIAGO 1.2 REVOTRON XT OPTION
Ahmedabad,2016,30965,Petrol,Manual,First,21.0,83.0,MARUTI,BALENO ZETA 1.2
Mumbai,2014,56058,Petrol,Manual,First,15.0,103.0,VOLKSWAGEN,VENTO 1.6 HIGHLINE
Pune,2017,15356,Petrol,Manual,First,18.0,81.0,HYUNDAI,GRAND I10 1.2 KAPPA SPORTZ OPTION
Delhi,2013,54000,Diesel,Manual,First,20.0,68.0,FORD,FIGO DIESEL EXI
Pune,2011,47000,Petrol,Automatic,Second,13.0,130.0,HONDA,CIVIC 2010-2013 1.8 V AT SUNROOF
Kochi,2015,21652,Petrol,Manual,First,22.0,47.0,MARUTI,ALTO 800 LXI
Hyderabad,2016,52000,Diesel,Automatic,First,15.0,177.0,LAND,ROVER RANGE ROVER EVOQUE 2.0 TD4 HSE DYNAMIC
Kolkata,2010,35010,Diesel,Automatic,First,12.0,179.0,AUDI,A6 2.7 TDI
Hyderabad,2006,76662,Diesel,Automatic,First,11.0,198.0,MERCEDES-BENZ,E-CLASS 280 CDI
Jaipur,2009,89000,Petrol,Automatic,First,17.0,118.0,HONDA,CITY 1.5 V AT EXCLUSIVE
Jaipur,2006,80000,Petrol,Automatic,Third,10.0,152.0,HONDA,CR-V 2.4 4WD AT
Kochi,2018,39023,Diesel,Manual,First,28.0,88.0,MARUTI,CIAZ 1.3 ALPHA
Jaipur,2004,62000,Petrol,Manual,Second,18.0,67.0,MARUTI,WAGON R LXI
Jaipur,2015,78046,Diesel,Manual,First,19.0,126.0,HYUNDAI,CRETA 1.6 CRDI SX OPTION
Kolkata,2015,34400,Diesel,Manual,First,28.0,88.0,MARUTI,CIAZ VDI PLUS SHVS
Coimbatore,2016,64624,Petrol,Manual,First,21.0,55.0,HYUNDAI,EON D LITE PLUS
Mumbai,2014,69192,Petrol,Manual,First,16.0,93.0,MARUTI,ERTIGA VXI
Chennai,2012,55000,Diesel,Manual,First,20.0,103.0,VOLKSWAGEN,VENTO DIESEL HIGHLINE
Mumbai,2005,81000,Petrol,Manual,Second,12.0,100.0,HONDA,CITY 1.5 GXI
Kochi,2016,36733,Petrol,Manual,First,16.0,73.0,VOLKSWAGEN,POLO PETROL TRENDLINE 1.2L
Kochi,2017,24310,CNG,Manual,First,33.0,40.0,MARUTI,ALTO 800 2016-2019 CNG LXI
Mumbai,2016,43022,Diesel,Automatic,First,17.0,136.0,MERCEDES-BENZ,GLA CLASS 200 CDI
Jaipur,2013,74000,Diesel,Manual,First,14.0,194.0,HYUNDAI,SANTA FE 4X2
Kolkata,2014,47000,Diesel,Manual,First,22.0,74.0,MARUTI,SWIFT VDI
Kochi,2017,37460,Petrol,Manual,First,18.0,81.0,HYUNDAI,ELITE I20 SPORTZ PLUS
Mumbai,2011,130000,Diesel,Manual,First,14.0,112.0,MAHINDRA,XYLO E8 BS IV
Coimbatore,2017,31576,Petrol,Manual,First,18.0,82.0,HYUNDAI,GRAND I10 ASTA OPTION
Mumbai,2011,66000,Petrol,Manual,First,15.0,103.0,VOLKSWAGEN,VENTO PETROL HIGHLINE
Mumbai,2008,79000,Petrol,Automatic,Second,11.0,177.0,HONDA,ACCORD 2.4 A/T
Bangalore,2011,47140,Diesel,Automatic,Second,13.0,281.0,MERCEDES-BENZ,S-CLASS S 350 D
Bangalore,2016,36610,Diesel,Automatic,First,15.0,107.0,MERCEDES-BENZ,B CLASS B200 CDI
Bangalore,2016,93000,Diesel,Manual,First,20.0,126.0,HYUNDAI,CRETA 1.6 SX OPTION DIESEL
Hyderabad,2007,52195,Petrol,Manual,First,19.0,46.0,MARUTI,ALTO LXI
Mumbai,2016,20003,Diesel,Automatic,First,20.0,143.0,AUDI,A3 35 TDI PREMIUM
Delhi,2013,66314,Diesel,Manual,First,19.0,83.0,RENAULT,DUSTER 85PS DIESEL RXL
Chennai,2009,76000,Diesel,Manual,First,17.0,68.0,FORD,FIESTA 1.4 ZXI TDCI ABS
Bangalore,2015,29000,Diesel,Manual,First,19.0,126.0,HYUNDAI,CRETA 1.6 SX PLUS DIESEL
Mumbai,2011,30000,Diesel,Manual,First,20.0,68.0,FORD,FIGO DIESEL ZXI
Coimbatore,2013,56526,Petrol,Manual,First,15.0,103.0,VOLKSWAGEN,POLO PETROL HIGHLINE 1.6L
Hyderabad,2015,38000,Diesel,Automatic,Second,16.0,150.0,VOLVO,V40 D3 R DESIGN
Chennai,2012,41000,Diesel,Automatic,First,19.0,126.0,HYUNDAI,VERNA SX CRDI AT
Hyderabad,2009,53000,Diesel,Automatic,First,14.0,258.0,BMW,7 SERIES 2007-2012 730LD
Chennai,2003,125000,Diesel,Manual,Third,14.0,68.0,MITSUBISHI,LANCER GLXD
Chennai,2010,242000,Diesel,Manual,First,11.0,171.0,TOYOTA,FORTUNER 3.0 DIESEL
Chennai,2015,90000,Diesel,Manual,First,26.0,88.0,MARUTI,CIAZ VDI PLUS
Hyderabad,2018,11000,Diesel,Manual,First,24.0,88.0,MARUTI,VITARA BREZZA VDI OPTION
Kochi,2018,21936,Diesel,Automatic,First,21.0,190.0,BMW,3 SERIES LUXURY LINE
Pune,2013,41000,Petrol,Automatic,First,14.0,103.0,VOLKSWAGEN,VENTO PETROL HIGHLINE AT
Chennai,2011,47000,Petrol,Manual,First,17.0,80.0,HYUNDAI,I20 1.2 ASTA
Chennai,2009,110000,Diesel,Automatic,First,11.0,235.0,BMW,X5 3.0D
Coimbatore,2015,45960,Petrol,Manual,First,19.0,82.0,HYUNDAI,XCENT 1.2 KAPPA S
Bangalore,2013,48000,Diesel,Automatic,First,14.0,203.0,MERCEDES-BENZ,E-CLASS 2009-2013 E250 CDI BLUE EFFICIENCY
Hyderabad,2011,68000,Diesel,Automatic,First,12.0,147.0,LAND,ROVER FREELANDER 2 SE
Mumbai,2011,41000,Petrol,Manual,First,20.0,78.0,HYUNDAI,I10 MAGNA
Jaipur,2013,69573,Diesel,Manual,Second,22.0,126.0,HYUNDAI,VERNA 1.6 SX CRDI (O)
Chennai,2012,115000,Diesel,Manual,First,19.0,138.0,VOLKSWAGEN,JETTA 2012-2014 2.0L TDI HIGHLINE
Kolkata,2012,47629,Diesel,Manual,First,15.0,140.0,MAHINDRA,XUV500 W8 2WD
Jaipur,2004,66624,Petrol,Manual,Third,19.0,35.0,MARUTI,OMNI 8 SEATER BSII
Delhi,2013,80000,Petrol,Automatic,Second,14.0,177.0,SKODA,SUPERB STYLE 1.8 TSI AT
Pune,2012,94868,Diesel,Manual,First,22.0,74.0,MARUTI,SWIFT VDI
Mumbai,2010,76477,Diesel,Manual,First,10.0,120.0,MAHINDRA,SCORPIO 2.6 LX
Chennai,2016,28000,Petrol,Automatic,First,13.0,183.0,MERCEDES-BENZ,GLA CLASS 200 SPORT EDITION
Coimbatore,2017,28599,Diesel,Manual,First,16.0,105.0,MAHINDRA,THAR CRDE
Bangalore,2013,45348,Diesel,Manual,Second,19.0,108.0,RENAULT,DUSTER 110PS DIESEL RXZ
Coimbatore,2013,80127,Diesel,Automatic,First,12.0,167.0,AUDI,Q5 2008-2012 2.0 TDI
Delhi,2013,68000,Diesel,Automatic,Second,12.0,147.0,LAND,ROVER FREELANDER 2 SE
Pune,2012,75000,Diesel,Manual,Third,20.0,103.0,VOLKSWAGEN,VENTO DIESEL COMFORTLINE
Delhi,2006,48000,Petrol,Automatic,Second,11.0,306.0,BMW,5 SERIES 2003-2012 540I SEDAN
Coimbatore,2019,41871,Diesel,Manual,First,22.0,126.0,HYUNDAI,ELANTRA CRDI SX
Coimbatore,2015,84931,Diesel,Manual,First,15.0,83.0,TATA,SUMO EX
Kolkata,2016,15000,Petrol,Manual,First,22.0,53.0,DATSUN,REDI-GO T
Chennai,2009,110000,Diesel,Automatic,First,11.0,245.0,BMW,X5 XDRIVE 30D
Mumbai,2011,5900,Petrol,Automatic,First,7.0,450.0,BMW,6 SERIES 630I COUPE
Chennai,2002,103653,Petrol,Manual,Second,18.0,47.0,MARUTI,ALTO VXI 1.1
Chennai,2012,64806,Petrol,Manual,First,16.0,73.0,VOLKSWAGEN,POLO PETROL COMFORTLINE 1.2L
Pune,2016,35000,Petrol,Manual,First,20.0,67.0,DATSUN,GO PLUS A
Bangalore,2016,40000,Petrol,Manual,First,15.0,121.0,HYUNDAI,CRETA 1.6 VTVT S
Kochi,2015,23876,Petrol,Manual,First,24.0,67.0,MARUTI,ALTO K10 VXI
Coimbatore,2013,67901,Diesel,Manual,First,14.0,194.0,HYUNDAI,SANTA FE 4X4
Pune,2014,68865,Diesel,Manual,First,15.0,103.0,VOLKSWAGEN,POLO GT TDI
Pune,2014,71000,Diesel,Manual,Second,25.0,98.0,HONDA,AMAZE S I-DTECH
Chennai,2004,95000,Petrol,Manual,First,15.0,97.0,MARUTI,ESTEEM VXI
Kolkata,2014,25000,Diesel,Manual,First,22.0,74.0,MARUTI,SWIFT VDI
Hyderabad,2012,180000,Diesel,Manual,First,20.0,103.0,SKODA,RAPID 1.6 TDI AMBITION
Mumbai,2005,131000,Diesel,Automatic,First,11.0,198.0,MERCEDES-BENZ,E-CLASS 280 CDI
Delhi,2011,65000,Diesel,Manual,Second,12.0,120.0,MAHINDRA,SCORPIO SLE BSIV
Hyderabad,2012,117777,Diesel,Manual,First,21.0,84.0,NISSAN,SUNNY 2011-2014 DIESEL XL
Bangalore,2009,65000,Petrol,Manual,Second,17.0,85.0,MARUTI,SWIFT DZIRE VXI
Kochi,2017,46897,Petrol,Manual,First,21.0,55.0,HYUNDAI,EON SPORTZ
Coimbatore,2015,36695,Petrol,Manual,First,19.0,86.0,HONDA,BRIO S MT
Kolkata,2011,43000,Petrol,Manual,First,18.0,75.0,NISSAN,MICRA XV PRIMO
Mumbai,2008,54000,Petrol,Manual,First,19.0,46.0,MARUTI,ALTO LXI BSII
Hyderabad,2011,89000,Diesel,Automatic,First,22.0,190.0,BMW,3 SERIES 320D
Mumbai,2014,7000,Petrol,Manual,First,16.0,74.0,VOLKSWAGEN,POLO 1.2 MPI HIGHLINE
Hyderabad,2014,58470,Petrol,Manual,First,23.0,67.0,MARUTI,CELERIO LXI
Kolkata,2014,37000,Petrol,Manual,First,21.0,81.0,MARUTI,WAGON R VXI 1.2
Mumbai,2016,29000,Diesel,Manual,First,26.0,88.0,MARUTI,CIAZ ZDI PLUS
Hyderabad,2013,52000,Diesel,Automatic,First,16.0,147.0,AUDI,A4 2.0 TDI
Kolkata,2013,32807,Petrol,Manual,First,19.0,86.0,HONDA,BRIO S MT
Hyderabad,2013,86000,Diesel,Automatic,First,11.0,120.0,MAHINDRA,SCORPIO VLX 2WD AT BSIV
Delhi,2014,66500,Diesel,Manual,First,26.0,98.0,HONDA,CITY I DTEC V
Ahmedabad,2012,94000,Diesel,Automatic,First,17.0,184.0,BMW,X1 SDRIVE20D
Chennai,2011,29000,Petrol,Manual,Second,18.0,62.0,CHEVROLET,SPARK 1.0 LT
Chennai,2010,107389,Diesel,Manual,Second,20.0,68.0,FORD,FIGO DIESEL EXI
Ahmedabad,2015,36100,Petrol,Manual,First,20.0,81.0,MARUTI,SWIFT VXI BSIV
Mumbai,2015,16329,Diesel,Automatic,First,19.0,170.0,MERCEDES-BENZ,NEW C-CLASS C 220 CDI AVANTGARDE
Hyderabad,2014,36000,Diesel,Automatic,First,19.0,141.0,SKODA,OCTAVIA ELEGANCE 2.0 TDI AT
Kochi,2017,41816,Diesel,Automatic,First,18.0,190.0,BMW,X3 XDRIVE20D XLINE
Jaipur,2015,54680,Petrol,Manual,First,21.0,55.0,HYUNDAI,EON ERA PLUS
Hyderabad,2017,14000,Diesel,Automatic,First,18.0,187.0,AUDI,A4 35 TDI TECHNOLOGY
Kochi,2017,23977,Petrol,Manual,First,18.0,86.0,FORD,FIGO 2015-2019 1.2P TITANIUM MT
Hyderabad,2013,30131,Petrol,Manual,First,20.0,67.0,MARUTI,ALTO K10 2010-2014 VXI
Hyderabad,2017,2530,Petrol,Manual,First,24.0,47.0,MARUTI,ALTO 800 2016-2019 VXI
Hyderabad,2015,39000,Diesel,Automatic,First,19.0,167.0,MERCEDES-BENZ,NEW C-CLASS C 220 CDI STYLE
Chennai,2001,140000,Petrol,Manual,Third,20.0,68.0,HYUNDAI,SANTRO D LITE
Kochi,2017,32257,Diesel,Manual,First,24.0,71.0,HYUNDAI,XCENT 1.1 CRDI S
Kochi,2016,46983,Diesel,Manual,First,25.0,98.0,HONDA,AMAZE S I-DTECH
Chennai,2008,107000,Diesel,Manual,Second,17.0,75.0,MARUTI,SWIFT VDI BSIII
Mumbai,2017,19000,Petrol,Manual,First,16.0,74.0,VOLKSWAGEN,POLO 1.2 MPI COMFORTLINE
Bangalore,2013,88000,Diesel,Automatic,First,17.0,174.0,AUDI,A4 2.0 TDI 177 BHP PREMIUM PLUS
Coimbatore,2012,84384,Diesel,Automatic,First,10.0,308.0,LAND,ROVER RANGE ROVER 3.6 TDV8 VOGUE SE
Chennai,2011,128000,Diesel,Manual,Third,16.0,140.0,MAHINDRA,XUV500 W8 2WD
Bangalore,2011,71000,Diesel,Manual,Third,13.0,141.0,FORD,ENDEAVOUR 2.5L 4X2
Kolkata,2008,50000,Diesel,Manual,First,17.0,53.0,TATA,INDICA V2 DLX
Chennai,2016,16000,Petrol,Manual,First,21.0,83.0,MARUTI,BALENO ALPHA
Kolkata,2017,82000,Diesel,Manual,First,24.0,71.0,HYUNDAI,XCENT 1.1 CRDI BASE
Delhi,2008,80000,Petrol,Manual,First,13.0,130.0,HONDA,CIVIC 2006-2010 1.8 S MT
Delhi,2015,36000,Petrol,Manual,Second,18.0,81.0,HYUNDAI,I20 SPORTZ OPTION 1.2
Coimbatore,2018,17477,Petrol,Manual,First,17.0,108.0,TATA,NEXON 1.2 REVOTRON XZ PLUS
Coimbatore,2016,16725,Petrol,Manual,First,18.0,81.0,HYUNDAI,I20 SPORTZ 1.2
Mumbai,2014,48241,Petrol,Manual,First,19.0,85.0,MARUTI,SWIFT DZIRE ZXI
Kochi,2014,52431,Petrol,Manual,First,22.0,67.0,MARUTI,WAGON R LXI
Bangalore,2012,68000,Diesel,Manual,First,21.0,88.0,HYUNDAI,I20 SPORTZ 1.4 CRDI
Hyderabad,2012,158000,Diesel,Automatic,First,12.0,168.0,TOYOTA,FORTUNER 4X2 AT
Coimbatore,2014,31446,Petrol,Manual,First,20.0,78.0,HYUNDAI,I10 SPORTZ
Chennai,2015,25000,Petrol,Manual,First,18.0,82.0,HYUNDAI,GRAND I10 ASTA
Ahmedabad,2016,57000,Petrol,Manual,First,18.0,81.0,HYUNDAI,I20 ASTA 1.2
Hyderabad,2007,76000,Petrol,Automatic,First,17.0,97.0,HYUNDAI,SANTRO XING XL AT ERLX EURO II
Kochi,2018,57078,Diesel,Manual,First,24.0,88.0,MARUTI,VITARA BREZZA ZDI PLUS
Kochi,2016,47471,Diesel,Manual,First,25.0,98.0,HONDA,AMAZE S I-DTECH
Hyderabad,2014,50000,Diesel,Automatic,First,15.0,203.0,MERCEDES-BENZ,M-CLASS ML 250 CDI
Ahmedabad,2010,62000,Diesel,Manual,First,23.0,90.0,HYUNDAI,I20 SPORTZ DIESEL
Coimbatore,2013,65807,Petrol,Manual,First,19.0,68.0,HYUNDAI,I10 ERA
Hyderabad,2014,81768,Diesel,Manual,First,26.0,74.0,MARUTI,SWIFT DZIRE VDI
Kochi,2018,9952,Petrol,Automatic,First,10.0,306.0,BMW,Z4 2009-2013 ROADSTER 2.5I
Hyderabad,2017,24000,Diesel,Manual,First,27.0,74.0,MARUTI,BALENO ALPHA DIESEL
Hyderabad,2012,72921,Diesel,Manual,First,25.0,57.0,CHEVROLET,BEAT DIESEL
Pune,2012,59000,Petrol,Manual,First,19.0,86.0,HONDA,BRIO V MT
Mumbai,2014,33000,Diesel,Manual,Second,20.0,68.0,FORD,FIGO DIESEL TITANIUM
Pune,2016,36789,Petrol,Automatic,First,23.0,67.0,MARUTI,CELERIO VXI AT
Jaipur,2014,41000,Diesel,Automatic,First,14.0,170.0,MERCEDES-BENZ,NEW C-CLASS C 220 CDI ELEGANCE AT
Hyderabad,2007,71000,Petrol,Automatic,First,17.0,97.0,HYUNDAI,SANTRO XING XL AT ERLX EURO III
Jaipur,2015,46650,Petrol,Manual,First,19.0,86.0,HONDA,BRIO S MT
Mumbai,2018,3000,Petrol,Automatic,First,21.0,83.0,MARUTI,BALENO ALPHA CVT
Coimbatore,2014,14799,Petrol,Manual,First,21.0,55.0,HYUNDAI,EON SPORTZ
Hyderabad,2015,68525,Diesel,Manual,First,23.0,90.0,HYUNDAI,I20 1.4 CRDI SPORTZ
Hyderabad,2018,15000,Diesel,Automatic,First,10.0,197.0,FORD,ENDEAVOUR 3.2 TITANIUM AT 4X4
Ahmedabad,2017,29000,Petrol,Manual,First,17.0,117.0,HONDA,CITY I-VTEC VX
Kochi,2012,77407,Diesel,Manual,Second,21.0,88.0,MARUTI,SX4 ZDI
Jaipur,2007,118000,Petrol,Manual,First,12.0,102.0,CHEVROLET,OPTRA MAGNUM 1.6 LS PETROL
Delhi,2013,75000,Diesel,Manual,First,20.0,103.0,VOLKSWAGEN,VENTO DIESEL HIGHLINE
Pune,2012,69000,Petrol,Manual,First,16.0,116.0,HONDA,CITY V MT
Kochi,2016,52553,Diesel,Manual,First,19.0,126.0,HYUNDAI,CRETA 1.6 CRDI SX OPTION
Mumbai,2014,58000,Diesel,Manual,Second,24.0,71.0,HYUNDAI,XCENT 1.1 CRDI SX
Mumbai,2017,24000,Diesel,Automatic,First,17.0,170.0,MERCEDES-BENZ,GLC 220D 4MATIC STYLE
Hyderabad,2015,65542,Diesel,Manual,First,20.0,68.0,FORD,FIGO DIESEL EXI
Ahmedabad,2013,68008,Diesel,Manual,Second,15.0,105.0,VOLKSWAGEN,JETTA 2007-2011 2.0 TDI TRENDLINE
Coimbatore,2017,22251,Diesel,Manual,First,18.0,100.0,MAHINDRA,TUV 300 2015-2019 T8
Chennai,2013,55000,Petrol,Manual,Second,15.0,110.0,FORD,ECOSPORT 1.5 TI VCT MT TITANIUM
Kochi,2017,19387,Petrol,Manual,First,17.0,121.0,HYUNDAI,VERNA 1.6 SX VTVT (O)
Pune,2014,58000,CNG,Manual,First,26.0,58.0,MARUTI,WAGON R LXI CNG
Mumbai,2016,24001,Petrol,Manual,First,18.0,81.0,HYUNDAI,I20 SPORTZ 1.2
Kolkata,2008,17000,Diesel,Automatic,First,15.0,140.0,AUDI,A4 NEW 2.0 TDI MULTITRONIC
Delhi,2015,28500,Petrol,Manual,First,19.0,67.0,NISSAN,MICRA ACTIVE XV S
Jaipur,2014,66000,Diesel,Automatic,First,15.0,203.0,MERCEDES-BENZ,M-CLASS ML 250 CDI
Delhi,2017,22000,Diesel,Automatic,First,12.0,147.0,LAND,ROVER DISCOVERY SPORT TD4 S
Coimbatore,2018,44383,Petrol,Manual,First,15.0,121.0,HYUNDAI,CRETA 1.6 SX OPTION EXECUTIVE
Mumbai,2013,45000,Diesel,Manual,First,20.0,103.0,SKODA,RAPID 1.6 TDI ACTIVE
Jaipur,2015,58000,Diesel,Manual,First,23.0,74.0,MARUTI,SWIFT DZIRE VDI
Delhi,2016,69000,Petrol,Manual,First,15.0,121.0,HYUNDAI,CRETA 1.6 SX
Coimbatore,2017,60993,Diesel,Manual,First,24.0,70.0,HYUNDAI,GRAND I10 CRDI SPORTZ
Pune,2016,67000,Diesel,Manual,First,18.0,100.0,MAHINDRA,TUV 300 T8
Kochi,2014,51134,Diesel,Manual,First,24.0,70.0,HYUNDAI,GRAND I10 CRDI SPORTZ
Chennai,2011,55000,Diesel,Automatic,Second,11.0,245.0,BMW,X5 XDRIVE 30D
Coimbatore,2018,25082,Diesel,Automatic,First,28.0,73.0,MARUTI,DZIRE AMT VDI
Delhi,2012,68350,Diesel,Manual,First,12.0,168.0,TOYOTA,FORTUNER 4X4 MT
Hyderabad,2015,50000,Diesel,Automatic,First,17.0,174.0,AUDI,A6 2011-2015 35 TDI TECHNOLOGY
Pune,2015,97000,Diesel,Manual,First,27.0,98.0,HONDA,JAZZ 1.5 V I DTEC
Coimbatore,2015,56238,Diesel,Automatic,First,11.0,335.0,AUDI,Q7 4.2 TDI QUATTRO TECHNOLOGY
Jaipur,2014,72618,Diesel,Manual,First,12.0,120.0,MAHINDRA,SCORPIO 2009-2014 VLX 2WD 7S BSIV
Hyderabad,2012,62005,Diesel,Manual,First,18.0,147.0,CHEVROLET,CRUZE LTZ
Hyderabad,2012,61250,Diesel,Manual,First,25.0,57.0,CHEVROLET,BEAT DIESEL LT
Coimbatore,2014,28469,Diesel,Automatic,First,18.0,187.0,AUDI,A4 35 TDI PREMIUM PLUS
Kochi,2018,21488,Petrol,Automatic,First,14.0,103.0,SKODA,RAPID 1.6 MPI AT STYLE
Pune,2014,197000,Diesel,Manual,First,23.0,74.0,MARUTI,SWIFT DZIRE VDI
Pune,2009,138205,Diesel,Manual,Second,11.0,171.0,TOYOTA,FORTUNER 3.0 DIESEL
Jaipur,2012,160000,Diesel,Manual,Second,22.0,74.0,MARUTI,SWIFT VDI
Coimbatore,2012,67590,Petrol,Manual,First,17.0,118.0,HONDA,CITY 1.5 V MT EXCLUSIVE
Mumbai,2012,52000,Diesel,Automatic,First,15.0,203.0,MERCEDES-BENZ,M-CLASS ML 250 CDI
Bangalore,2008,100000,Diesel,Manual,Second,17.0,75.0,MARUTI,SWIFT LDI BSIII
Kolkata,2017,60048,Diesel,Manual,First,26.0,99.0,FORD,ASPIRE TITANIUM DIESEL
Mumbai,2009,48000,Petrol,Manual,First,20.0,78.0,HYUNDAI,I10 SPORTZ
Kolkata,2010,47000,Petrol,Manual,First,14.0,97.0,FIAT,PUNTO 1.4 EMOTION
Jaipur,2011,100000,Petrol,Manual,First,19.0,46.0,MARUTI,ALTO LXI
Coimbatore,2013,62601,Diesel,Manual,First,23.0,97.0,TOYOTA,ETIOS LIVA GD
Bangalore,2006,80010,Petrol,Manual,Second,20.0,81.0,MARUTI,SWIFT VXI BSIV
Coimbatore,2017,26493,Diesel,Automatic,First,19.0,170.0,MERCEDES-BENZ,NEW C-CLASS C 220 CDI AVANTGARDE
Hyderabad,2011,96000,Diesel,Manual,Second,17.0,52.0,TATA,INDICA V2 DLE BSIII
Jaipur,2014,45700,Petrol,Manual,Second,22.0,47.0,MARUTI,ALTO 800 VXI
Kolkata,2005,13000,Petrol,Automatic,First,9.0,193.0,SKODA,SUPERB 2.8 V6 AT
Kolkata,2013,38000,Petrol,Manual,First,16.0,73.0,VOLKSWAGEN,POLO PETROL COMFORTLINE 1.2L
Coimbatore,2019,8018,Petrol,Automatic,First,22.0,81.0,MARUTI,DZIRE AMT ZXI PLUS
Bangalore,2010,144400,Diesel,Manual,Third,12.0,120.0,MAHINDRA,SCORPIO VLX
Jaipur,2010,152000,Diesel,Manual,First,17.0,75.0,MARUTI,SWIFT VDI BSIII
Pune,2013,71000,Diesel,Automatic,First,18.0,184.0,BMW,3 SERIES 320D PRESTIGE
Jaipur,2012,80000,Petrol,Manual,Second,25.0,37.0,TATA,NANO STD SE
Mumbai,2014,87143,Diesel,Manual,First,12.0,100.0,TOYOTA,INNOVA 2.5 VX (DIESEL) 8 SEATER
Mumbai,2012,25000,Petrol,Manual,First,18.0,86.0,HONDA,BRIO S OPTION MT
Pune,2018,2000,Petrol,Automatic,First,23.0,83.0,TATA,TIAGO AMT 1.2 REVOTRON XZA
Kochi,2014,45239,Diesel,Manual,First,12.0,120.0,MAHINDRA,SCORPIO SLE BSIV
Hyderabad,2011,101999,Diesel,Automatic,First,16.0,218.0,BMW,5 SERIES 2003-2012 525D
Mumbai,2014,74219,Diesel,Manual,First,21.0,87.0,TOYOTA,COROLLA ALTIS D-4D GL
Mumbai,2016,25000,Petrol,Automatic,First,18.0,117.0,HONDA,CITY I VTEC CVT VX
Hyderabad,2008,109606,Diesel,Manual,First,22.0,126.0,HYUNDAI,VERNA CRDI 1.6 SX OPTION
Kolkata,2015,36000,Diesel,Manual,First,26.0,74.0,MARUTI,SWIFT DZIRE VDI OPTIONAL
Coimbatore,2016,41810,Petrol,Manual,First,20.0,91.0,MARUTI,CIAZ ZXI
Jaipur,2014,93321,Diesel,Manual,First,22.0,89.0,FORD,ECOSPORT 1.5 DV5 MT TITANIUM
Hyderabad,2011,81000,Petrol,Manual,First,20.0,67.0,MARUTI,ALTO K10 2010-2014 VXI
Kochi,2019,25717,Petrol,Automatic,First,19.0,88.0,HONDA,AMAZE V CVT PETROL
Delhi,2015,37000,Diesel,Manual,First,15.0,140.0,MAHINDRA,XUV500 W6 2WD
Coimbatore,2017,56380,Diesel,Manual,First,18.0,100.0,MAHINDRA,TUV 300 2015-2019 T8
Chennai,2017,8000,Petrol,Manual,First,18.0,88.0,HONDA,JAZZ VX
Kochi,2018,14589,Petrol,Manual,First,16.0,88.0,MARUTI,SWIFT VXI BSIII W/ ABS
Delhi,2013,65088,Petrol,Manual,First,16.0,73.0,VOLKSWAGEN,POLO PETROL HIGHLINE 1.2L
Coimbatore,2019,24864,Diesel,Manual,First,20.0,126.0,HYUNDAI,CRETA 1.6 SX OPTION DIESEL
Coimbatore,2011,64831,Petrol,Manual,First,18.0,79.0,CHEVROLET,BEAT LS
Kolkata,2013,38001,Diesel,Manual,First,25.0,98.0,HONDA,AMAZE VX I-DTEC
Mumbai,2008,77000,Petrol,Automatic,Second,10.0,157.0,MERCEDES-BENZ,E-CLASS 230 E AT
Hyderabad,2016,27000,Diesel,Automatic,First,18.0,265.0,BMW,5 SERIES 530D M SPORT
Mumbai,2016,39000,Diesel,Automatic,First,20.0,143.0,AUDI,A3 35 TDI PREMIUM PLUS
Pune,2015,131000,Diesel,Manual,First,26.0,74.0,MARUTI,SWIFT DZIRE VDI
Kolkata,2015,43000,Diesel,Manual,First,26.0,74.0,MARUTI,SWIFT DZIRE VDI
Pune,2011,68000,Diesel,Manual,Second,12.0,102.0,TOYOTA,INNOVA 2.5 V DIESEL 7-SEATER
Bangalore,2016,45165,Diesel,Automatic,First,16.0,184.0,BMW,X3 XDRIVE20D
Hyderabad,2007,120000,Diesel,Automatic,First,16.0,218.0,BMW,5 SERIES 2003-2012 525D
Coimbatore,2014,86091,Diesel,Manual,First,15.0,140.0,MAHINDRA,XUV500 W8 2WD
Delhi,2009,71499,Petrol,Manual,First,17.0,118.0,HONDA,CITY 1.5 S MT
Chennai,2014,50000,Diesel,Manual,First,17.0,139.0,FORCE,ONE LX 4X4
Jaipur,2015,66000,Diesel,Manual,First,20.0,88.0,VOLKSWAGEN,POLO 1.5 TDI COMFORTLINE
Kolkata,2010,45000,Petrol,Manual,First,16.0,90.0,HONDA,JAZZ S
Hyderabad,2015,69189,Diesel,Manual,First,23.0,67.0,TOYOTA,ETIOS LIVA GD SP
Mumbai,2014,40206,Diesel,Manual,First,19.0,108.0,NISSAN,TERRANO XV PREMIUM 110 PS
Kochi,2017,36723,Diesel,Automatic,First,18.0,190.0,BMW,X3 XDRIVE 20D XLINE
Mumbai,2010,57500,Petrol,Manual,First,18.0,80.0,HYUNDAI,I20 1.2 MAGNA
Kochi,2018,43912,CNG,Manual,First,15.0,73.0,MARUTI,EECO 5 STR WITH AC PLUS HTR CNG
Hyderabad,2011,52000,Diesel,Manual,First,17.0,68.0,FORD,FIESTA EXI 1.4 TDCI LTD
Kochi,2014,60952,Petrol,Automatic,First,16.0,118.0,HONDA,CITY 1.5 V AT
Chennai,2013,87192,Diesel,Manual,First,25.0,74.0,MARUTI,SWIFT VDI BSIV
Delhi,2014,58000,Diesel,Manual,First,24.0,70.0,HYUNDAI,GRAND I10 CRDI SPORTZ EDITION
Pune,2017,59500,Diesel,Automatic,First,14.0,245.0,AUDI,Q7 45 TDI QUATTRO TECHNOLOGY
Mumbai,2016,16650,Petrol,Manual,First,17.0,74.0,VOLKSWAGEN,AMEO 1.2 MPI HIGHLINE 16 ALLOY
Kochi,2018,34696,Petrol,Automatic,First,18.0,117.0,HONDA,CITY I VTEC CVT VX
Kochi,2018,42243,Diesel,Manual,First,27.0,74.0,MARUTI,BALENO ALPHA 1.3
Jaipur,2016,57824,Diesel,Manual,First,24.0,70.0,HYUNDAI,GRAND I10 CRDI SPORTZ
Jaipur,2011,110000,Diesel,Manual,First,19.0,73.0,MARUTI,SWIFT DZIRE VDI
Delhi,2006,63000,Petrol,Manual,First,16.0,97.0,MARUTI,SWIFT 1.3 VXI
Delhi,2013,72000,Diesel,Automatic,First,0.0,115.0,LAND,ROVER FREELANDER 2 TD4 HSE
Hyderabad,2013,63455,Diesel,Manual,First,11.0,171.0,TOYOTA,FORTUNER 3.0 DIESEL
Hyderabad,2017,17151,Diesel,Manual,First,27.0,98.0,HONDA,JAZZ VX DIESEL
Pune,2016,31001,Diesel,Manual,First,24.0,88.0,MARUTI,VITARA BREZZA LDI OPTION
Kolkata,2014,42109,Diesel,Manual,First,23.0,74.0,MARUTI,SWIFT DZIRE VDI
Delhi,2015,55000,Diesel,Automatic,Second,21.0,103.0,SKODA,RAPID 1.5 TDI AT ELEGANCE
Hyderabad,2013,46000,Diesel,Automatic,Second,0.0,115.0,LAND,ROVER FREELANDER 2 TD4 SE
Hyderabad,2013,30852,Petrol,Manual,First,22.0,47.0,MARUTI,ALTO 800 LXI
Pune,2011,65000,Petrol,Manual,Second,16.0,73.0,VOLKSWAGEN,POLO PETROL HIGHLINE 1.2L
Delhi,2015,65000,Diesel,Manual,First,26.0,98.0,HONDA,CITY I DTEC SV
Delhi,2013,72000,Diesel,Manual,First,23.0,74.0,MARUTI,SWIFT DZIRE LDI
Bangalore,2014,29000,Diesel,Automatic,First,17.0,174.0,AUDI,A4 2.0 TDI 177 BHP TECHNOLOGY EDITION
Kolkata,2015,32000,Petrol,Manual,First,17.0,117.0,HONDA,CITY I VTEC VX
Chennai,2016,29875,Petrol,Manual,First,18.0,86.0,FORD,FIGO ASPIRE 1.2 TI-VCT AMBIENTE
Kochi,2018,32539,Diesel,Manual,First,24.0,88.0,MARUTI,VITARA BREZZA LDI
Hyderabad,2015,83090,Diesel,Manual,First,19.0,108.0,RENAULT,DUSTER 110PS DIESEL RXL
Hyderabad,2016,62679,Diesel,Manual,First,21.0,88.0,HYUNDAI,I20 ACTIVE 1.4 SX
Mumbai,2010,93000,Petrol,Manual,First,15.0,75.0,MAHINDRA,LOGAN PETROL 1.4 GLE
Mumbai,2006,44000,Petrol,Manual,First,17.0,78.0,HONDA,CITY ZX GXI
Bangalore,2010,78400,Petrol,Manual,Second,15.0,70.0,FORD,FIGO PETROL EXI
Mumbai,2014,71300,Petrol,Manual,First,13.0,102.0,RENAULT,DUSTER PETROL RXL
Kolkata,2015,18000,Petrol,Manual,First,20.0,78.0,HYUNDAI,I10 SPORTZ 1.2
Coimbatore,2019,24013,Diesel,Automatic,First,12.0,148.0,LAND,ROVER DISCOVERY SPORT TD4 HSE 7S
Ahmedabad,2009,99100,Petrol,Automatic,Second,9.0,208.0,AUDI,Q5 2008-2012 2.0 TFSI QUATTRO
Mumbai,2003,62000,Petrol,Manual,Second,11.0,83.0,MARUTI,VERSA DX2 BS II
Kolkata,2017,14000,Diesel,Manual,First,26.0,74.0,MARUTI,SWIFT DZIRE ZDI
Coimbatore,2015,44811,Diesel,Automatic,First,17.0,174.0,AUDI,A4 2.0 TDI PREMIUM SPORT LIMITED EDITION
Ahmedabad,2014,44000,Petrol,Manual,First,16.0,74.0,VOLKSWAGEN,POLO 1.2 MPI COMFORTLINE
Chennai,2010,136000,Diesel,Manual,Second,11.0,171.0,TOYOTA,FORTUNER 3.0 DIESEL
Jaipur,2010,144113,Diesel,Manual,Second,11.0,171.0,TOYOTA,FORTUNER 3.0 DIESEL
Coimbatore,2012,94989,Petrol,Manual,First,12.0,177.0,HONDA,ACCORD 2.4 MT
Chennai,2012,58133,Diesel,Manual,First,22.0,74.0,MARUTI,SWIFT ZDI
Pune,2008,61000,Petrol,Manual,Second,17.0,70.0,SKODA,FABIA 1.2 MPI CLASSIC
Kolkata,2017,27000,Diesel,Manual,First,17.0,170.0,JEEP,COMPASS 2.0 SPORT
Ahmedabad,2014,18050,Petrol,Manual,Second,25.0,37.0,TATA,NANO TWIST XT
Hyderabad,2007,145277,Petrol,Manual,First,15.0,101.0,FORD,FIESTA 1.6 ZXI ABS
Ahmedabad,2015,42000,Diesel,Manual,First,27.0,47.0,MARUTI,CELERIO ZDI
Delhi,2011,86000,Diesel,Manual,First,11.0,171.0,TOYOTA,FORTUNER 3.0 DIESEL
Ahmedabad,2015,42150,Diesel,Manual,First,27.0,47.0,MARUTI,CELERIO ZDI
Pune,2015,30158,Petrol,Manual,First,21.0,55.0,HYUNDAI,EON ERA PLUS
Bangalore,2011,47000,Diesel,Manual,Second,23.0,90.0,FORD,FIESTA DIESEL TREND
Ahmedabad,2013,39000,Petrol,Manual,First,16.0,74.0,VOLKSWAGEN,POLO 1.2 MPI COMFORTLINE
Coimbatore,2016,32125,Petrol,Manual,First,16.0,74.0,VOLKSWAGEN,POLO 1.2 MPI COMFORTLINE
Coimbatore,2017,58829,Diesel,Manual,First,24.0,88.0,MARUTI,VITARA BREZZA ZDI
Coimbatore,2013,67559,Petrol,Manual,First,19.0,86.0,HONDA,BRIO S MT
Pune,2013,55000,Petrol,Manual,First,17.0,85.0,MARUTI,SWIFT DZIRE VXI
Kolkata,2018,30000,Petrol,Manual,First,23.0,67.0,MARUTI,CELERIO LXI MT
Mumbai,2016,28000,Petrol,Automatic,First,13.0,121.0,HYUNDAI,CRETA 1.6 SX PLUS PETROL AUTOMATIC
Kochi,2016,31826,Diesel,Manual,First,22.0,89.0,FORD,ECOSPORT 1.5 DV5 MT TITANIUM
Hyderabad,2016,64000,Diesel,Manual,First,17.0,97.0,MARUTI,SWIFT VDI BSIV W ABS
Jaipur,2008,100009,Petrol,Manual,Second,13.0,141.0,HONDA,CR-V RVI MT
Coimbatore,2019,17201,Diesel,Automatic,First,12.0,187.0,LAND,ROVER DISCOVERY SPORT SD4 HSE LUXURY 7S
Delhi,2014,74345,Diesel,Manual,First,15.0,140.0,MAHINDRA,XUV500 W8 2WD
Kochi,2015,58134,Petrol,Manual,First,16.0,74.0,VOLKSWAGEN,POLO 1.2 MPI HIGHLINE
Kochi,2010,30566,Petrol,Automatic,First,19.0,80.0,HYUNDAI,I10 MAGNA AT
Chennai,2012,55231,Petrol,Manual,Second,20.0,78.0,HYUNDAI,I10 MAGNA 1.2
Kochi,2016,67774,Diesel,Automatic,First,14.0,163.0,CHEVROLET,CRUZE LTZ AT
Mumbai,2013,50319,Petrol,Automatic,First,12.0,181.0,MERCEDES-BENZ,E-CLASS E 200 CGI
Ahmedabad,2013,45000,Petrol,Manual,First,11.0,134.0,HYUNDAI,SONATA 2.4 GDI
Kolkata,2007,43627,Petrol,Automatic,First,11.0,186.0,MERCEDES-BENZ,NEW C-CLASS C 200 KOMPRESSOR ELEGANCE AT
Kolkata,2013,45000,Diesel,Manual,First,22.0,73.0,VOLKSWAGEN,POLO DIESEL TRENDLINE 1.2L
Mumbai,2014,10500,Petrol,Manual,First,17.0,117.0,HONDA,CITY I VTEC SV
Coimbatore,2017,21789,Diesel,Manual,First,24.0,88.0,MARUTI,VITARA BREZZA ZDI
Coimbatore,2019,21134,Petrol,Manual,First,18.0,81.0,HYUNDAI,ELITE I20 ASTA OPTION
Kolkata,2011,90000,Diesel,Manual,Second,13.0,138.0,TATA,NEW SAFARI DICOR EX 4X2
Kochi,2014,51553,Diesel,Manual,First,21.0,84.0,NISSAN,SUNNY 2011-2014 DIESEL XL
Delhi,2011,31000,Petrol,Automatic,First,10.0,215.0,BMW,3 SERIES 330 CI CONVERTIBLE
Delhi,2011,67422,Petrol,Manual,Second,14.0,138.0,TOYOTA,COROLLA 1.8 J
Kochi,2015,60519,Diesel,Manual,First,22.0,126.0,HYUNDAI,VERNA 1.6 SX
Kolkata,2009,34000,Diesel,Manual,First,19.0,73.0,MARUTI,SWIFT DZIRE VDI
Hyderabad,2013,68434,Diesel,Manual,First,28.0,73.0,MARUTI,DZIRE VDI
Pune,2014,17000,Petrol,Manual,First,24.0,67.0,MARUTI,ALTO K10 VXI
Coimbatore,2011,43686,Petrol,Automatic,First,10.0,503.0,JAGUAR,XJ 5.0 L V8 SUPERCHARGED
Kolkata,2012,22000,Diesel,Automatic,First,14.0,170.0,MERCEDES-BENZ,NEW C-CLASS 220 CDI AT
Mumbai,2013,79225,Diesel,Manual,First,22.0,126.0,HYUNDAI,VERNA CRDI 1.6 SX OPTION
Pune,2007,63000,Petrol,Manual,Third,14.0,102.0,CHEVROLET,AVEO 1.6 LT
Hyderabad,2014,61922,Petrol,Manual,First,20.0,81.0,MARUTI,SWIFT VXI BSIV
Chennai,2015,85000,Diesel,Manual,First,23.0,126.0,HYUNDAI,VERNA 1.6 CRDI S
Kochi,2017,26192,Diesel,Automatic,First,17.0,168.0,MERCEDES-BENZ,GLC 220D CELEBRATION EDITION
Delhi,2013,65000,Diesel,Manual,First,13.0,168.0,TOYOTA,FORTUNER 4X2 MANUAL
Delhi,2014,44999,Diesel,Automatic,First,12.0,167.0,AUDI,Q5 2008-2012 2.0 TDI
Mumbai,2008,81308,Diesel,Automatic,Second,13.0,170.0,BMW,3 SERIES 320D DYNAMIC
Delhi,2016,35000,Petrol,Manual,First,24.0,47.0,MARUTI,ALTO 800 2016-2019 LXI
Coimbatore,2012,65349,Petrol,Manual,First,20.0,67.0,MARUTI,ALTO K10 2010-2014 VXI
Hyderabad,2012,80000,Petrol,Automatic,First,15.0,167.0,AUDI,A4 1.8 TFSI TECHNOLOGY EDITION
Mumbai,2012,61000,Petrol,Manual,First,16.0,85.0,MARUTI,SWIFT VXI BSIV
Kochi,2019,31817,Petrol,Manual,First,22.0,67.0,MARUTI,WAGON R VXI
Hyderabad,2016,41000,Diesel,Manual,First,21.0,103.0,SKODA,RAPID 1.5 TDI AMBITION
Kochi,2010,82606,Petrol,Manual,Second,16.0,90.0,HONDA,JAZZ S
Ahmedabad,2015,52000,Diesel,Manual,First,16.0,140.0,MAHINDRA,XUV500 W10 2WD
Coimbatore,2011,50318,Petrol,Manual,First,18.0,85.0,MARUTI,RITZ VXI
Hyderabad,2016,50000,Diesel,Automatic,First,17.0,201.0,MERCEDES-BENZ,GLE 250D
Bangalore,2012,72000,Diesel,Manual,First,20.0,103.0,SKODA,RAPID 1.6 TDI AMBITION
Delhi,2015,63776,Diesel,Manual,First,24.0,70.0,HYUNDAI,GRAND I10 CRDI MAGNA
Mumbai,2015,28133,Petrol,Manual,First,18.0,81.0,HYUNDAI,ELITE I20 PETROL ASTA
Kolkata,2017,45000,Diesel,Manual,First,22.0,74.0,TATA,ZEST QUADRAJET 1.3 75PS XE
Jaipur,2015,55697,Diesel,Manual,First,22.0,88.0,HYUNDAI,I20 MAGNA 1.4 CRDI
Delhi,2012,62000,Diesel,Manual,Second,20.0,103.0,SKODA,RAPID 1.6 TDI ELEGANCE
Mumbai,2011,48000,Petrol,Manual,First,16.0,90.0,FIAT,LINEA EMOTION
Pune,2010,90246,Petrol,Manual,First,16.0,88.0,MARUTI,SWIFT VXI BSIII W/ ABS
Hyderabad,2015,80500,Diesel,Manual,First,25.0,69.0,TATA,INDICA V2 2001-2011 ELS
Pune,2012,119000,Diesel,Automatic,First,14.0,170.0,MERCEDES-BENZ,NEW C-CLASS C 220 CDI ELEGANCE AT
Bangalore,2016,28541,Diesel,Automatic,First,11.0,254.0,MERCEDES-BENZ,GLE 350D
Kolkata,2008,45500,Petrol,Manual,Second,0.0,97.0,HYUNDAI,SANTRO XING XP
Chennai,2012,41000,Petrol,Manual,Second,16.0,116.0,HONDA,CITY V MT AVN
Mumbai,2010,58000,Petrol,Manual,Second,18.0,80.0,HYUNDAI,I20 MAGNA
Chennai,2015,99000,Diesel,Manual,First,13.0,168.0,TOYOTA,FORTUNER 4X2 MANUAL
Delhi,2014,31200,Petrol,Manual,First,18.0,82.0,HYUNDAI,GRAND I10 MAGNA
Chennai,2009,85000,Diesel,Manual,Second,15.0,105.0,VOLKSWAGEN,JETTA 2007-2011 2.0 TDI COMFORTLINE
Hyderabad,2016,60924,Petrol,Automatic,First,15.0,110.0,FORD,ECOSPORT 1.5 TI VCT AT TITANIUM
Chennai,2012,45000,Petrol,Manual,First,21.0,55.0,HYUNDAI,EON MAGNA PLUS
Kolkata,2011,44000,Petrol,Automatic,First,19.0,75.0,NISSAN,MICRA XV CVT
Kochi,2016,30534,Petrol,Automatic,First,19.0,88.0,HONDA,JAZZ 1.2 V CVT I VTEC
Kochi,2016,46399,Petrol,Manual,First,16.0,74.0,VOLKSWAGEN,POLO 1.2 MPI TRENDLINE
Kolkata,2008,42000,Petrol,Manual,First,19.0,46.0,MARUTI,ALTO LXI
Delhi,2011,67000,Diesel,Manual,First,22.0,126.0,HYUNDAI,VERNA 1.6 SX
Mumbai,2013,58000,Diesel,Automatic,First,10.0,170.0,MERCEDES-BENZ,E-CLASS 2009-2013 E 220 CDI AVANTGARDE
Coimbatore,2015,27000,Petrol,Manual,First,17.0,88.0,TATA,ZEST REVOTRON 1.2 XT
Mumbai,2012,39566,Petrol,Manual,Second,18.0,86.0,HONDA,BRIO S OPTION MT
Chennai,2016,14980,Diesel,Manual,First,27.0,98.0,HONDA,JAZZ VX DIESEL
Jaipur,2017,18491,Petrol,Automatic,First,24.0,67.0,MARUTI,ALTO K10 VXI AGS
Jaipur,2000,90000,Petrol,Manual,Second,17.0,60.0,MARUTI,ZEN VXI - BS III
Pune,2015,118211,Diesel,Manual,First,22.0,88.0,HYUNDAI,I20 SPORTZ 1.4 CRDI
Coimbatore,2016,63316,Diesel,Manual,First,22.0,118.0,MARUTI,SX4 S CROSS DDIS 320 ZETA
Delhi,2014,42000,Diesel,Automatic,First,14.0,203.0,MERCEDES-BENZ,E-CLASS 2009-2013 E250 CDI ELEGANCE
Kochi,2015,25648,Petrol,Manual,First,13.0,98.0,CHEVROLET,ENJOY PETROL LS 7 SEATER
Delhi,2011,67612,Diesel,Automatic,Second,14.0,203.0,MERCEDES-BENZ,E-CLASS 2009-2013 E250 CDI BLUE EFFICIENCY
Mumbai,2016,33000,Diesel,Manual,First,16.0,140.0,MAHINDRA,XUV500 W4
Mumbai,2015,20000,Petrol,Manual,First,20.0,78.0,HYUNDAI,I10 SPORTZ
Pune,2007,143000,Petrol,Manual,Second,14.0,82.0,HYUNDAI,GETZ 1.3 GLS
Coimbatore,2014,118218,Diesel,Automatic,First,12.0,241.0,AUDI,Q7 3.0 TDI QUATTRO
Pune,2012,99000,Diesel,Manual,Third,12.0,120.0,MAHINDRA,SCORPIO SLE BSIV
Pune,2016,22700,Petrol,Manual,First,18.0,88.0,HONDA,JAZZ 1.2 SV I VTEC
Jaipur,2017,28000,Diesel,Manual,First,14.0,138.0,TATA,SAFARI STORME 2012-2015 EX
Kolkata,2014,62000,Diesel,Manual,First,15.0,140.0,MAHINDRA,XUV500 W6 2WD
Hyderabad,2012,107023,Diesel,Manual,First,22.0,73.0,VOLKSWAGEN,POLO DIESEL COMFORTLINE 1.2L
Delhi,2012,71082,Diesel,Manual,First,19.0,73.0,MARUTI,SWIFT DZIRE ZDI
Mumbai,2013,60000,Diesel,Automatic,First,15.0,174.0,AUDI,Q3 2.0 TDI
Delhi,2014,21701,Petrol,Manual,First,23.0,67.0,MARUTI,CELERIO ZXI
Mumbai,2011,56000,Petrol,Manual,First,16.0,116.0,HONDA,CITY V MT EXCLUSIVE
Delhi,2016,32450,Petrol,Manual,First,18.0,81.0,HYUNDAI,I20 1.2 SPOTZ
Jaipur,2016,12500,Petrol,Manual,First,25.0,53.0,RENAULT,KWID RXT
Kochi,2019,20483,Diesel,Automatic,First,17.0,136.0,MERCEDES-BENZ,CLA 200 CDI SPORT
Hyderabad,2014,45800,Diesel,Manual,First,22.0,89.0,FORD,ECOSPORT 1.5 DV5 MT TITANIUM
Coimbatore,2015,35441,Petrol,Manual,First,18.0,81.0,HYUNDAI,I20 ASTA 1.2
Bangalore,2015,86398,Diesel,Manual,First,12.0,100.0,TOYOTA,INNOVA 2.5 ZX DIESEL 7 SEATER
Chennai,2012,150000,Diesel,Manual,First,21.0,84.0,NISSAN,SUNNY 2011-2014 DIESEL XL
Hyderabad,2014,89000,Diesel,Manual,First,25.0,74.0,MARUTI,SWIFT VDI BSIV
Hyderabad,2010,68375,Petrol,Manual,First,19.0,66.0,MARUTI,A-STAR VXI
Pune,2013,52000,Petrol,Manual,First,18.0,85.0,MARUTI,SWIFT ZXI
Jaipur,2017,39000,Diesel,Automatic,First,17.0,136.0,MERCEDES-BENZ,CLA 200 CDI SPORT
Bangalore,2014,68000,Petrol,Manual,Second,16.0,93.0,MARUTI,ERTIGA ZXI
Jaipur,2007,71000,Petrol,Manual,Second,18.0,67.0,MARUTI,WAGON R LXI
Hyderabad,2012,72003,Diesel,Manual,First,22.0,73.0,VOLKSWAGEN,POLO DIESEL TRENDLINE 1.2L
Hyderabad,2014,135670,Diesel,Manual,First,22.0,89.0,FORD,ECOSPORT 1.5 DV5 MT TITANIUM OPTIONAL
Kochi,2017,65850,Diesel,Manual,First,25.0,98.0,HONDA,CITY I DTEC VX
Coimbatore,2015,53920,Petrol,Manual,First,14.0,138.0,TOYOTA,COROLLA ALTIS 1.8 GL
Ahmedabad,2014,58000,Diesel,Manual,First,15.0,140.0,MAHINDRA,XUV500 W8 2WD
Kolkata,2016,4000,Petrol,Manual,First,24.0,47.0,MARUTI,ALTO 800 2016-2019 VXI
Chennai,2010,58000,Diesel,Automatic,First,18.0,265.0,BMW,5 SERIES 530D M SPORT
Kochi,2016,29832,Petrol,Manual,First,21.0,55.0,HYUNDAI,EON D LITE PLUS
Chennai,2016,71156,Diesel,Manual,First,26.0,74.0,MARUTI,SWIFT DZIRE VDI
Delhi,2015,64687,CNG,Manual,First,31.0,58.0,MARUTI,CELERIO CNG VXI MT
Hyderabad,2011,54000,Diesel,Automatic,First,16.0,147.0,AUDI,A4 2.0 TDI
Bangalore,2009,75000,Petrol,Automatic,Second,13.0,157.0,SKODA,SUPERB ELEGANCE 1.8 TSI AT
Kochi,2015,39208,Petrol,Manual,First,17.0,88.0,TATA,ZEST REVOTRON 1.2T XM
Kolkata,2014,41000,Diesel,Manual,First,17.0,139.0,FORCE,ONE LX ABS 7 SEATING
Coimbatore,2013,38622,Petrol,Manual,First,17.0,117.0,HONDA,CITY I-VTEC VX
Chennai,2016,18000,Petrol,Manual,First,16.0,97.0,NISSAN,SUNNY 2011-2014 XV
Delhi,2012,52000,Petrol,Manual,First,16.0,97.0,MARUTI,SWIFT 1.3 LXI
Mumbai,2011,45000,Petrol,Automatic,First,14.0,103.0,VOLKSWAGEN,VENTO PETROL HIGHLINE AT
Mumbai,2014,48656,Petrol,Automatic,First,15.0,121.0,HYUNDAI,VERNA 1.6 SX VTVT AT
Bangalore,2012,79000,Diesel,Automatic,First,22.0,126.0,HYUNDAI,VERNA CRDI 1.6 AT SX PLUS
Bangalore,2012,88000,Diesel,Automatic,First,16.0,140.0,AUDI,A4 2.0 TDI MULTITRONIC
Delhi,2009,92000,Petrol,Manual,First,15.0,103.0,MARUTI,SX4 VXI BSIV
Chennai,2019,9000,Diesel,Automatic,First,12.0,158.0,FORD,ENDEAVOUR 2.2 TITANIUM AT 4X2
Coimbatore,2008,50121,Petrol,Manual,First,20.0,83.0,MARUTI,SWIFT LXI BSIV
Hyderabad,2014,79000,Diesel,Manual,First,24.0,70.0,HYUNDAI,GRAND I10 CRDI MAGNA
Hyderabad,2014,46000,Diesel,Manual,Second,20.0,88.0,VOLKSWAGEN,POLO 1.5 TDI HIGHLINE
Pune,2012,100000,Petrol,Automatic,First,10.0,157.0,MERCEDES-BENZ,E-CLASS 230
Kolkata,2015,41000,Petrol,Manual,First,18.0,81.0,HYUNDAI,I20 ASTA 1.2
Chennai,2015,25000,Petrol,Automatic,First,24.0,67.0,MARUTI,ALTO K10 VXI AGS
Pune,2014,71899,Diesel,Manual,First,20.0,88.0,MARUTI,ERTIGA VDI
Mumbai,2016,7100,Petrol,Automatic,First,23.0,67.0,MARUTI,CELERIO VXI AT
Coimbatore,2018,38171,Petrol,Automatic,Second,22.0,67.0,RENAULT,KWID CLIMBER 1.0 AMT
Bangalore,2013,70359,Diesel,Manual,First,12.0,120.0,MAHINDRA,SCORPIO SLE BSIV
Chennai,2011,200000,Diesel,Manual,First,12.0,102.0,TOYOTA,INNOVA 2.5 GX (DIESEL) 7 SEATER BS IV
Chennai,2017,26969,Diesel,Manual,First,22.0,73.0,VOLKSWAGEN,POLO DIESEL HIGHLINE 1.2L
Chennai,2011,56500,Diesel,Manual,First,20.0,68.0,FORD,FIGO DIESEL ZXI
Kolkata,2014,40000,Diesel,Manual,First,20.0,83.0,NISSAN,TERRANO XL PLUS 85 PS
Kolkata,2014,41000,Diesel,Manual,First,17.0,139.0,FORCE,ONE LX 4X4
Kochi,2017,53105,Petrol,Automatic,First,22.0,67.0,RENAULT,KWID 1.0 RXT OPTIONAL AMT
Mumbai,2013,23000,Diesel,Manual,First,21.0,103.0,SKODA,RAPID 1.5 TDI ELEGANCE
Hyderabad,2016,80999,Diesel,Automatic,First,16.0,140.0,MAHINDRA,XUV500 AT W10 FWD
Chennai,2012,82000,Diesel,Manual,First,20.0,68.0,FORD,FIGO DIESEL TITANIUM
Coimbatore,2017,68557,Diesel,Manual,First,15.0,62.0,MAHINDRA,BOLERO ZLX
Hyderabad,2016,34000,Diesel,Manual,First,20.0,108.0,VOLKSWAGEN,VENTO 1.5 TDI HIGHLINE
Pune,2015,77000,Diesel,Manual,First,12.0,100.0,TOYOTA,INNOVA 2.5 VX (DIESEL) 8 SEATER BS IV
Mumbai,2012,48000,Diesel,Manual,First,15.0,140.0,MAHINDRA,XUV500 W8 2WD
Coimbatore,2015,28232,Petrol,Manual,Second,15.0,110.0,FORD,ECOSPORT 1.5 TI VCT MT TITANIUM
Chennai,2011,110000,Diesel,Automatic,First,16.0,138.0,VOLKSWAGEN,JETTA 2012-2014 2.0L TDI HIGHLINE AT
Chennai,2009,120000,Diesel,Manual,Second,13.0,138.0,TATA,NEW SAFARI DICOR 2.2 VX 4X4
Mumbai,2013,49000,Diesel,Automatic,First,8.0,245.0,BMW,3 SERIES 330D CONVERTIBLE
Kolkata,2014,22000,Petrol,Manual,First,16.0,74.0,VOLKSWAGEN,POLO 1.2 MPI HIGHLINE
Coimbatore,2015,14925,Petrol,Manual,First,18.0,82.0,HYUNDAI,I20 MAGNA OPTIONAL 1.2
Mumbai,2013,75000,Diesel,Manual,First,20.0,88.0,MARUTI,ERTIGA ZDI
Chennai,2015,23000,Petrol,Manual,First,17.0,117.0,HONDA,CITY I VTEC V
Mumbai,2014,57000,Petrol,Manual,First,17.0,118.0,HONDA,CITY 1.5 S MT
Kochi,2013,76718,Diesel,Automatic,First,16.0,138.0,VOLKSWAGEN,JETTA 2013-2015 2.0L TDI HIGHLINE AT
Pune,2016,138000,Diesel,Manual,First,25.0,98.0,HONDA,AMAZE VX I-DTEC
Hyderabad,2013,140000,Diesel,Manual,Second,15.0,140.0,MAHINDRA,XUV500 W8 2WD
Mumbai,2008,110000,Petrol,Automatic,Second,14.0,138.0,TOYOTA,COROLLA ALTIS VL
Pune,2005,126000,Petrol,Manual,Second,17.0,97.0,HYUNDAI,SANTRO XING XL ERLX EURO III
Bangalore,2012,73000,Diesel,Automatic,First,22.0,190.0,BMW,3 SERIES 320D
Kochi,2017,63423,Diesel,Manual,First,23.0,98.0,FORD,ECOSPORT 1.5 DIESEL TREND
Kochi,2013,62132,Petrol,Manual,First,18.0,82.0,HYUNDAI,I20 ASTA OPTIONAL WITH SUNROOF 1.2
Mumbai,2013,51000,Petrol,Automatic,First,16.0,118.0,HONDA,CITY 1.5 S AT
Hyderabad,2015,75000,Diesel,Manual,First,23.0,73.0,MARUTI,RITZ VDI (ABS) BS IV
Kolkata,2008,55410,Petrol,Manual,First,19.0,68.0,HYUNDAI,I10 ERA 1.1
Mumbai,2015,41000,Petrol,Manual,First,18.0,82.0,CHEVROLET,SAIL 1.2 LS
Chennai,2012,45000,Diesel,Manual,First,22.0,126.0,HYUNDAI,VERNA 1.6 SX CRDI (O)
Kochi,2018,53322,Petrol,Manual,First,15.0,121.0,HYUNDAI,CRETA 1.6 SX OPTION
Jaipur,2013,48000,Petrol,Manual,First,18.0,82.0,CHEVROLET,SAIL 1.2 LS
Hyderabad,2013,72000,Diesel,Automatic,First,14.0,174.0,AUDI,Q5 2.0 TDI
Kochi,2013,50266,Petrol,Manual,First,17.0,118.0,HONDA,CITY 1.5 V MT EXCLUSIVE
Hyderabad,2017,21800,Petrol,Manual,First,17.0,121.0,FORD,ECOSPORT 1.5 PETROL TITANIUM
Bangalore,2014,45000,Diesel,Automatic,Second,12.0,241.0,AUDI,Q7 3.0 TDI QUATTRO PREMIUM PLUS
Delhi,2010,62000,Petrol,Manual,First,20.0,78.0,HYUNDAI,I10 MAGNA 1.2
Chennai,2014,41681,Petrol,Manual,First,17.0,80.0,HYUNDAI,I20 1.2 ASTA
Delhi,2011,69313,Petrol,Manual,Second,17.0,85.0,MARUTI,SWIFT DZIRE 1.2 VXI BSIV
Pune,2017,49000,Diesel,Manual,Second,25.0,69.0,TATA,INDICA V2 ELX
Coimbatore,2012,40471,Diesel,Automatic,Second,16.0,235.0,BMW,5 SERIES 2010-2013 530D
Ahmedabad,2013,60000,Diesel,Manual,First,22.0,74.0,MARUTI,SWIFT VDI
Jaipur,2018,1001,Petrol,Manual,First,19.0,94.0,FORD,FREESTYLE TITANIUM PLUS PETROL
Bangalore,2008,38000,Petrol,Manual,Second,13.0,103.0,HYUNDAI,VERNA XXI ABS (PETROL)
Mumbai,2008,66000,Diesel,Automatic,Second,16.0,181.0,BMW,3 SERIES 320D HIGHLINE
Kochi,2017,33901,Diesel,Manual,First,12.0,102.0,TOYOTA,INNOVA 2.5 G4 DIESEL 8-SEATER
Hyderabad,2011,57000,Diesel,Automatic,Second,14.0,204.0,MERCEDES-BENZ,NEW C-CLASS C 250 CDI ELEGANCE
Pune,2013,170000,Diesel,Manual,First,22.0,126.0,HYUNDAI,ELANTRA 1.6 SX
Hyderabad,2014,60000,Diesel,Manual,First,23.0,73.0,MARUTI,RITZ ZDI
Pune,2016,85000,Diesel,Manual,First,24.0,88.0,MARUTI,VITARA BREZZA ZDI PLUS DUAL TONE
Kolkata,2016,146000,Petrol,Manual,Second,19.0,82.0,HYUNDAI,XCENT 1.2 KAPPA S
Kolkata,2014,56002,Diesel,Manual,First,26.0,98.0,HONDA,CITY I DTEC V
Mumbai,2016,8554,Petrol,Manual,First,25.0,53.0,RENAULT,KWID RXT
Jaipur,2014,62322,Diesel,Manual,First,23.0,67.0,TOYOTA,ETIOS CROSS 1.4L VD
Kochi,2015,37929,Petrol,Manual,First,24.0,67.0,MARUTI,ALTO K10 VXI
Chennai,2016,5400,Petrol,Manual,First,23.0,84.0,TATA,TIAGO 1.2 REVOTRON XM OPTION
Kolkata,2013,60000,Diesel,Manual,First,21.0,90.0,HYUNDAI,I20 1.4 CRDI MAGNA
Kochi,2014,55730,Diesel,Automatic,First,16.0,147.0,AUDI,A4 2.0 TDI
Hyderabad,2015,62000,Diesel,Manual,First,28.0,74.0,MARUTI,SWIFT VDI
Kochi,2017,14576,Petrol,Manual,First,17.0,73.0,VOLKSWAGEN,AMEO 1.2 MPI HIGHLINE
Mumbai,2017,17000,Petrol,Automatic,First,16.0,117.0,HONDA,BRV I-VTEC V CVT
Mumbai,2009,28000,Petrol,Manual,First,17.0,80.0,HYUNDAI,I20 ASTA
Ahmedabad,2012,58200,Diesel,Manual,First,14.0,194.0,HYUNDAI,SANTA FE 4X4
Bangalore,2002,53000,Petrol,Manual,Second,0.0,97.0,HONDA,CITY 1.5 GXI
Kochi,2018,12278,Petrol,Automatic,First,23.0,67.0,MARUTI,CELERIO ZXI OPTIONAL AMT
Coimbatore,2018,17665,Petrol,Manual,First,15.0,121.0,HYUNDAI,CRETA 1.6 SX
Hyderabad,2004,200000,Diesel,Manual,Second,17.0,52.0,TATA,INDICA V2 DL BSIII
Mumbai,2011,55893,Petrol,Manual,First,15.0,103.0,VOLKSWAGEN,VENTO PETROL HIGHLINE
Kochi,2015,60586,Petrol,Manual,First,23.0,67.0,MARUTI,CELERIO VXI
Ahmedabad,2015,13500,Diesel,Automatic,First,17.0,136.0,MERCEDES-BENZ,CLA 200 D SPORT EDITION
Jaipur,2017,30000,Petrol,Manual,First,22.0,47.0,MARUTI,ALTO 800 LXI
Delhi,2018,12000,Diesel,Automatic,First,10.0,197.0,FORD,ENDEAVOUR 3.2 TITANIUM AT 4X4
Kolkata,2017,65000,Petrol,Manual,First,17.0,88.0,TATA,ZEST REVOTRON 1.2T XE
Kolkata,2014,38000,Petrol,Manual,First,16.0,103.0,VOLKSWAGEN,VENTO 1.6 COMFORTLINE
Mumbai,2012,25000,Petrol,Manual,Second,17.0,91.0,MARUTI,ERTIGA ZXI
Mumbai,2011,100000,Diesel,Automatic,First,14.0,224.0,MERCEDES-BENZ,M-CLASS ML 350 CDI CORPORATE
Mumbai,2014,13710,Petrol,Manual,First,16.0,74.0,VOLKSWAGEN,POLO 1.2 MPI HIGHLINE
Jaipur,2015,100000,Diesel,Automatic,First,12.0,168.0,TOYOTA,FORTUNER 4X2 AT
Hyderabad,2017,17000,Petrol,Manual,First,23.0,67.0,MARUTI,CELERIO VXI
Chennai,2008,89000,Diesel,Automatic,Second,16.0,181.0,BMW,3 SERIES 320D CORPORATE EDITION
Jaipur,2006,100173,Petrol,Manual,Second,16.0,100.0,HONDA,CITY ZX VTEC
Pune,2009,97000,Petrol,Manual,First,13.0,114.0,MITSUBISHI,CEDIA SPORTS
Delhi,2016,40190,Petrol,Manual,First,18.0,74.0,RENAULT,PULSE PETROL RXL
Hyderabad,2016,29647,Diesel,Manual,First,20.0,88.0,VOLKSWAGEN,POLO 1.5 TDI HIGHLINE
Kochi,2018,43639,Petrol,Manual,First,21.0,100.0,MARUTI,BALENO RS PETROL
Kochi,2012,37333,Petrol,Manual,First,20.0,78.0,HYUNDAI,I10 MAGNA
Kochi,2018,48407,Petrol,Manual,First,18.0,81.0,HYUNDAI,I20 1.2 SPOTZ
Delhi,2011,25000,Petrol,Automatic,First,10.0,306.0,BMW,Z4 2009-2013 35I
Pune,2010,72400,Petrol,Manual,Second,20.0,78.0,HYUNDAI,I10 SPORTZ 1.2
Delhi,2012,18000,Petrol,Automatic,First,13.0,181.0,MINI,COOPER S CARBON EDITION
Pune,2012,65167,Petrol,Manual,First,19.0,86.0,HONDA,BRIO V MT
Kochi,2016,25418,Petrol,Manual,First,20.0,91.0,MARUTI,CIAZ ZXI OPTION
Coimbatore,2013,38995,Diesel,Manual,First,19.0,73.0,MARUTI,SWIFT DZIRE ZDI
Chennai,2012,60000,Diesel,Manual,First,22.0,73.0,VOLKSWAGEN,POLO DIESEL COMFORTLINE 1.2L
Delhi,2011,72000,Diesel,Automatic,First,17.0,184.0,BMW,X1 SDRIVE20D
Coimbatore,2016,31075,Diesel,Automatic,Second,12.0,241.0,AUDI,Q7 3.0 TDI QUATTRO PREMIUM PLUS
Kolkata,2015,4311,Diesel,Manual,First,25.0,99.0,FORD,FIGO 1.5D TREND MT
Bangalore,2017,21000,Diesel,Automatic,First,21.0,190.0,BMW,3 SERIES LUXURY LINE
Bangalore,2011,54000,Diesel,Automatic,First,14.0,224.0,MERCEDES-BENZ,M-CLASS ML 350 CDI CORPORATE
Mumbai,2007,50000,Petrol,Manual,Second,17.0,64.0,MARUTI,WAGON R LX BSIII
Delhi,2018,13000,Petrol,Manual,First,21.0,83.0,MARUTI,BALENO ZETA 1.2
Pune,2013,74000,Petrol,Manual,First,22.0,81.0,MARUTI,DZIRE VXI
Pune,2009,75000,Petrol,Manual,Second,14.0,76.0,CHEVROLET,AVEO U-VA 1.2 LT
Chennai,2017,25000,Diesel,Manual,First,20.0,88.0,VOLKSWAGEN,POLO 1.5 TDI HIGHLINE
Hyderabad,2012,139000,Diesel,Automatic,First,0.0,115.0,LAND,ROVER FREELANDER 2 TD4 SE
Mumbai,2015,52000,Diesel,Automatic,First,14.0,174.0,AUDI,Q5 30 TDI QUATTRO PREMIUM
Chennai,2015,20000,Diesel,Automatic,First,18.0,187.0,AUDI,A6 35 TDI MATRIX
Kochi,2018,32663,Diesel,Manual,First,24.0,73.0,HYUNDAI,GRAND I10 1.2 CRDI SPORTZ
Delhi,2012,76777,Diesel,Manual,Second,12.0,120.0,MAHINDRA,SCORPIO SLE BSIV
Hyderabad,2016,100303,Diesel,Manual,First,22.0,74.0,TATA,BOLT QUADRAJET XE
Kochi,2015,43993,Petrol,Manual,First,21.0,55.0,HYUNDAI,EON ERA PLUS
Kochi,2016,72118,Diesel,Manual,First,15.0,120.0,MAHINDRA,SCORPIO S8 8 SEATER
Bangalore,2010,83000,Petrol,Automatic,Second,11.0,142.0,HONDA,ACCORD 2001-2003 2.0 AT
Mumbai,2016,7523,Petrol,Manual,First,16.0,74.0,VOLKSWAGEN,POLO 1.2 MPI HIGHLINE
Mumbai,2014,34670,Petrol,Manual,First,15.0,73.0,MARUTI,EECO 7 SEATER STANDARD
Ahmedabad,2016,30000,Diesel,Manual,First,24.0,70.0,HYUNDAI,GRAND I10 CRDI SPORTZ
Chennai,2017,17000,Diesel,Automatic,First,10.0,197.0,FORD,ENDEAVOUR 3.2 TITANIUM AT 4X4
Delhi,2015,59261,Diesel,Manual,First,24.0,73.0,HYUNDAI,GRAND I10 1.2 CRDI SPORTZ
Kochi,2016,65210,Diesel,Manual,First,22.0,74.0,MARUTI,SWIFT VDI
Bangalore,2016,19000,Petrol,Manual,First,18.0,81.0,HYUNDAI,I20 1.2 ASTA OPTION
Hyderabad,2012,50000,Petrol,Manual,First,17.0,85.0,MARUTI,SWIFT DZIRE VXI
Hyderabad,2015,47000,Diesel,Automatic,First,22.0,190.0,BMW,3 SERIES 320D LUXURY LINE
Mumbai,2007,75000,Petrol,Manual,Second,17.0,78.0,HONDA,CITY ZX GXI
Pune,2013,54534,Petrol,Automatic,First,16.0,78.0,HYUNDAI,I10 SPORTZ 1.2 AT
Ahmedabad,2018,13000,Diesel,Manual,First,23.0,98.0,FORD,ECOSPORT SIGNATURE EDITION DIESEL
Bangalore,2015,48808,Petrol,Manual,First,23.0,67.0,MARUTI,CELERIO ZXI MT
Pune,2012,63001,Diesel,Manual,Second,20.0,88.0,MARUTI,ERTIGA VDI
Hyderabad,2015,64771,Diesel,Manual,First,12.0,102.0,TOYOTA,INNOVA 2.5 V DIESEL 8-SEATER
Mumbai,2016,34634,Petrol,Manual,First,17.0,117.0,HONDA,CITY I VTEC SV
Bangalore,2012,69242,Petrol,Manual,First,19.0,85.0,MARUTI,SWIFT DZIRE VXI
Kochi,2011,33292,Petrol,Manual,First,18.0,85.0,MARUTI,RITZ LXI
Pune,2012,55000,Petrol,Automatic,Second,15.0,98.0,HYUNDAI,I20 SPORTZ AT 1.4
Pune,2019,1000,Petrol,Manual,First,17.0,81.0,HYUNDAI,I20 ACTIVE SX DUAL TONE PETROL
Chennai,2011,80000,Petrol,Manual,Second,17.0,118.0,HONDA,CITY 1.5 E MT
Coimbatore,2016,65003,Diesel,Automatic,First,13.0,382.0,PORSCHE,CAYENNE S DIESEL
Coimbatore,2019,16573,Petrol,Manual,First,17.0,86.0,HONDA,AMAZE VX I-VTEC
Pune,2008,152633,Petrol,Automatic,First,12.0,130.0,HONDA,CIVIC 2006-2010 1.8 S AT
Bangalore,2015,53000,Petrol,Manual,First,18.0,81.0,HYUNDAI,I20 MAGNA 1.2
Hyderabad,2017,50129,Diesel,Manual,First,19.0,126.0,HYUNDAI,CRETA 1.6 CRDI SX
Hyderabad,2013,63716,Diesel,Automatic,First,15.0,174.0,AUDI,Q3 2012-2015 2.0 TDI QUATTRO PREMIUM PLUS
Mumbai,2018,11000,Petrol,Manual,First,24.0,47.0,MARUTI,ALTO 800 2016-2019 LXI
Chennai,2012,115000,Diesel,Automatic,Third,15.0,177.0,BMW,X1 SDRIVE 20D EXCLUSIVE
Delhi,2013,63265,Petrol,Manual,First,20.0,78.0,HYUNDAI,I10 MAGNA
Pune,2016,20000,Diesel,Manual,First,21.0,108.0,VOLKSWAGEN,AMEO 1.5 TDI HIGHLINE
Pune,2010,79000,Petrol,Manual,Third,16.0,73.0,VOLKSWAGEN,POLO PETROL HIGHLINE 1.2L
Mumbai,2015,41000,Petrol,Manual,First,20.0,91.0,MARUTI,CIAZ VXI PLUS
Kochi,2015,26323,Petrol,Automatic,First,17.0,103.0,VOLKSWAGEN,POLO GT TSI
Pune,2016,76000,Diesel,Manual,First,24.0,71.0,HYUNDAI,XCENT 1.1 CRDI BASE
Hyderabad,2008,69972,Petrol,Manual,First,13.0,130.0,HONDA,CIVIC 2006-2010 1.8 S MT
Kolkata,2008,69000,Petrol,Manual,First,17.0,78.0,HONDA,CITY ZX GXI
Jaipur,2016,65000,Diesel,Manual,First,15.0,62.0,MAHINDRA,BOLERO ZLX
Hyderabad,2016,29512,Petrol,Manual,First,17.0,117.0,HONDA,CITY I VTEC V
Kolkata,2017,51000,Diesel,Manual,First,25.0,73.0,HYUNDAI,XCENT 1.2 CRDI S
Mumbai,2014,58003,Diesel,Manual,First,19.0,108.0,RENAULT,DUSTER 110PS DIESEL RXL
Hyderabad,2013,56500,Petrol,Automatic,First,16.0,66.0,MARUTI,A-STAR AT VXI
Bangalore,2014,29063,Diesel,Automatic,First,17.0,174.0,AUDI,A4 2.0 TDI 177 BHP PREMIUM PLUS
Coimbatore,2018,46811,Diesel,Manual,First,16.0,140.0,MAHINDRA,XUV500 W8 2WD
Coimbatore,2014,31897,Petrol,Manual,First,18.0,74.0,RENAULT,PULSE PETROL RXZ
Mumbai,2009,52100,Diesel,Automatic,Second,13.0,170.0,BMW,3 SERIES 320D
Hyderabad,2016,73000,Diesel,Manual,First,13.0,147.0,TOYOTA,INNOVA CRYSTA 2.4 GX MT
Kolkata,2009,31423,Petrol,Manual,First,17.0,118.0,HONDA,CITY 1.5 S MT
Chennai,2014,75180,Diesel,Manual,First,22.0,74.0,MARUTI,SWIFT VDI
Mumbai,2013,75000,Diesel,Manual,Second,19.0,108.0,RENAULT,DUSTER 110PS DIESEL RXZ PLUS
Mumbai,2014,15000,Petrol,Manual,First,16.0,74.0,VOLKSWAGEN,POLO 1.2 MPI COMFORTLINE
Mumbai,2015,12000,Petrol,Manual,First,17.0,81.0,HYUNDAI,I20 ACTIVE 1.2 S
Pune,2014,32000,Diesel,Automatic,First,18.0,190.0,BMW,5 SERIES 2013-2017 520D LUXURY LINE
Hyderabad,2017,44504,Diesel,Manual,First,23.0,74.0,MARUTI,SWIFT DZIRE LDI
Ahmedabad,2012,66000,Diesel,Automatic,First,0.0,165.0,MERCEDES-BENZ,M-CLASS ML 350 4MATIC
Jaipur,2015,39437,Diesel,Manual,First,28.0,74.0,MARUTI,SWIFT LDI
Coimbatore,2017,36931,Diesel,Automatic,First,19.0,126.0,HYUNDAI,VERNA 1.6 CRDI AT SX OPTION
Bangalore,2016,17800,Petrol,Automatic,Second,21.0,37.0,TATA,NANO XTA
Hyderabad,2009,71346,Petrol,Manual,First,17.0,85.0,MARUTI,SWIFT DZIRE LXI
Delhi,2015,45000,Petrol,Manual,Second,18.0,81.0,HYUNDAI,I20 ASTA OPTION 1.2
Hyderabad,2010,85155,Petrol,Manual,First,17.0,80.0,HYUNDAI,I20 1.2 SPORTZ
Mumbai,2015,48823,Petrol,Manual,First,20.0,91.0,MARUTI,CIAZ ZXI
Delhi,2015,37000,Diesel,Automatic,First,12.0,187.0,LAND,ROVER RANGE ROVER 2.2L PRESTIGE
Hyderabad,2005,92000,Diesel,Manual,Second,16.0,70.0,TATA,INDIGO LX BSII
Mumbai,2014,36000,Petrol,Manual,First,17.0,88.0,TATA,ZEST REVOTRON 1.2T XM
Delhi,2016,24569,Diesel,Manual,First,16.0,140.0,MAHINDRA,XUV500 W10 1.99 MHAWK
Mumbai,2008,95000,Petrol,Automatic,Third,11.0,177.0,HONDA,ACCORD 2.4 AT
Coimbatore,2015,25811,Petrol,Manual,Second,25.0,37.0,TATA,NANO TWIST XT
Ahmedabad,2015,65000,Diesel,Manual,First,22.0,126.0,HYUNDAI,ELANTRA CRDI S
Chennai,2017,100400,Diesel,Manual,First,25.0,69.0,TATA,INDICA V2 ELS
Jaipur,2014,76414,Diesel,Manual,First,25.0,98.0,HONDA,AMAZE S I-DTECH
Kochi,2012,82103,Diesel,Manual,First,15.0,140.0,MAHINDRA,XUV500 W8 2WD
Pune,2013,98000,Diesel,Automatic,First,18.0,190.0,BMW,X3 XDRIVE 20D EXPEDITION
Pune,2010,45252,Petrol,Manual,First,18.0,81.0,HYUNDAI,GRAND I10 1.2 KAPPA MAGNA
Delhi,2017,10300,Petrol,Manual,First,21.0,83.0,MARUTI,BALENO ZETA 1.2
Kochi,2016,42024,Diesel,Automatic,First,19.0,126.0,HYUNDAI,VERNA 1.6 CRDI AT SX
Kochi,2018,51236,Diesel,Manual,First,25.0,88.0,MARUTI,ERTIGA VDI
Mumbai,2013,52000,Petrol,Automatic,First,13.0,181.0,MINI,COOPER S CARBON EDITION
Coimbatore,2015,42894,Diesel,Manual,First,23.0,73.0,MARUTI,RITZ ZDI
Mumbai,2011,68000,Diesel,Automatic,First,15.0,106.0,SKODA,LAURA L N K 1.9 PD AT
Delhi,2014,69000,Diesel,Manual,First,22.0,89.0,FORD,ECOSPORT 1.5 DV5 MT TITANIUM OPTIONAL
Pune,2017,10000,Petrol,Manual,First,18.0,81.0,HYUNDAI,I20 2015-2017 SPORTZ 1.2
Chennai,2015,16000,Petrol,Manual,First,19.0,86.0,HONDA,BRIO E MT
Kolkata,2013,46992,Diesel,Manual,First,25.0,98.0,HONDA,AMAZE S I-DTECH
Pune,2010,170000,Diesel,Automatic,Third,18.0,177.0,BMW,5 SERIES 2003-2012 520D
Delhi,2014,58000,Diesel,Automatic,First,12.0,241.0,AUDI,Q7 3.0 TDI QUATTRO PREMIUM PLUS
Jaipur,2015,50000,Diesel,Manual,Second,24.0,70.0,HYUNDAI,GRAND I10 CRDI MAGNA
Kolkata,2011,39010,Diesel,Manual,First,23.0,63.0,NISSAN,MICRA DIESEL XV
Jaipur,2016,26946,Petrol,Manual,First,18.0,82.0,HYUNDAI,GRAND I10 SPORTZ
Pune,2015,28700,Petrol,Manual,First,21.0,55.0,HYUNDAI,EON ERA
Chennai,2011,60000,Petrol,Automatic,First,11.0,186.0,MERCEDES-BENZ,NEW C-CLASS C250 AVANTGARDE
Delhi,2014,38999,Diesel,Automatic,First,12.0,187.0,LAND,ROVER RANGE ROVER 2.2L PURE
Mumbai,2016,39000,Diesel,Automatic,First,11.0,184.0,MAHINDRA,SSANGYONG REXTON RX7
Coimbatore,2018,7784,Petrol,Manual,First,20.0,91.0,MARUTI,CIAZ 1.4 DELTA
Kochi,2014,45710,Petrol,Automatic,First,11.0,272.0,MERCEDES-BENZ,R-CLASS R350 4MATIC LONG
Chennai,2017,42000,Petrol,Automatic,First,22.0,81.0,MARUTI,DZIRE AMT VXI
Coimbatore,2013,75995,Diesel,Automatic,Second,11.0,335.0,LAND,ROVER RANGE ROVER VOGUE SE 4.4 SDV8
Kolkata,2013,57000,Diesel,Manual,First,19.0,108.0,RENAULT,DUSTER 110PS DIESEL RXZ
Chennai,2013,85350,Diesel,Manual,Second,22.0,126.0,HYUNDAI,VERNA 1.6 SX
Coimbatore,2016,82725,Petrol,Automatic,First,14.0,138.0,TOYOTA,COROLLA ALTIS 1.8 VL CVT
Mumbai,2016,19000,Diesel,Automatic,Second,21.0,190.0,BMW,3 SERIES SPORT
Chennai,2018,13900,Petrol,Manual,First,18.0,110.0,FORD,ECOSPORT 1.5 TI VCT MT SIGNATURE
Hyderabad,2014,108000,Diesel,Manual,First,25.0,74.0,MARUTI,SWIFT VDI BSIV
Bangalore,2016,36000,Diesel,Automatic,First,11.0,194.0,HYUNDAI,SANTA FE 4X4 AT
Hyderabad,2013,62188,Diesel,Manual,First,17.0,53.0,TATA,INDICA V2 DLS
Kochi,2015,58397,Diesel,Manual,First,24.0,70.0,HYUNDAI,GRAND I10 CRDI SPORTZ
Chennai,2006,85000,Petrol,Manual,Third,0.0,97.0,HYUNDAI,SANTRO XING XL
Delhi,2016,30000,Petrol,Automatic,First,22.0,67.0,MARUTI,WAGON R VXI AMT
Kochi,2018,29907,Diesel,Manual,First,16.0,140.0,MAHINDRA,XUV500 W10 2WD
Kolkata,2009,46000,Diesel,Automatic,First,16.0,147.0,AUDI,A4 2.0 TDI
Bangalore,2012,65000,Diesel,Manual,First,20.0,103.0,VOLKSWAGEN,VENTO DIESEL HIGHLINE
Delhi,2016,22000,Diesel,Manual,First,24.0,88.0,MARUTI,VITARA BREZZA ZDI PLUS DUAL TONE
Chennai,2002,99024,Petrol,Manual,First,17.0,60.0,MARUTI,ZEN LX
Kochi,2016,34952,Petrol,Manual,First,19.0,68.0,HYUNDAI,I10 ERA
Kochi,2019,13913,Petrol,Manual,First,17.0,88.0,HONDA,WR-V EDGE EDITION I-VTEC S
Chennai,2014,71000,Diesel,Manual,Second,25.0,98.0,HONDA,CITY I DTEC VX
Chennai,2012,97000,Diesel,Automatic,First,11.0,169.0,TOYOTA,FORTUNER 4X2 4 SPEED AT
Delhi,2017,21000,Diesel,Automatic,First,16.0,140.0,MAHINDRA,XUV500 AT W10 FWD
Mumbai,2007,116000,Diesel,Manual,Third,10.0,97.0,FORD,ENDEAVOUR XLT TDCI 4X4
Kolkata,2012,110438,Diesel,Manual,First,20.0,68.0,FORD,FIGO DIESEL ZXI
Coimbatore,2017,66507,Petrol,Automatic,Second,19.0,88.0,HONDA,JAZZ 1.2 V CVT I VTEC
Coimbatore,2017,54650,Diesel,Automatic,First,10.0,197.0,FORD,ENDEAVOUR 3.2 TITANIUM AT 4X4
Hyderabad,2014,32000,Petrol,Automatic,First,17.0,99.0,NISSAN,SUNNY XL CVT
Coimbatore,2011,75378,Diesel,Manual,First,18.0,66.0,SKODA,OCTAVIA AMBIENTE 1.9 TDI MT
Chennai,2012,82697,Diesel,Manual,First,25.0,57.0,CHEVROLET,BEAT DIESEL LT
Chennai,2009,135000,Petrol,Automatic,First,12.0,164.0,TOYOTA,CAMRY W2 (AT)
Chennai,2012,149000,Diesel,Manual,First,19.0,108.0,RENAULT,DUSTER 110PS DIESEL RXZ
Kochi,2016,26212,Diesel,Automatic,First,17.0,136.0,MERCEDES-BENZ,GLA CLASS 200 D STYLE
Pune,2014,23500,Petrol,Manual,Second,17.0,88.0,TATA,ZEST REVOTRON 1.2T XMS
Coimbatore,2013,56127,Petrol,Manual,First,18.0,80.0,HYUNDAI,I20 1.2 MAGNA
Mumbai,2015,26000,Petrol,Automatic,First,21.0,81.0,MARUTI,WAGON R VXI AMT1.2
Kolkata,2016,26000,Diesel,Manual,First,25.0,73.0,HYUNDAI,XCENT 1.2 CRDI S
Kolkata,2009,42000,Petrol,Manual,First,17.0,118.0,HONDA,CITY 1.5 S MT
Pune,2001,130000,Petrol,Manual,Second,13.0,94.0,HYUNDAI,ACCENT GLE
Kochi,2009,137148,Petrol,Manual,Second,13.0,103.0,HYUNDAI,VERNA XI (PETROL)
Kolkata,2010,114703,Petrol,Manual,First,15.0,70.0,FORD,FIGO PETROL ZXI
Kochi,2014,97439,Diesel,Manual,First,25.0,98.0,HONDA,AMAZE S I-DTECH
Chennai,2006,40000,Petrol,Manual,First,18.0,67.0,MARUTI,WAGON R LX BSII
Hyderabad,2014,81609,Diesel,Manual,First,17.0,97.0,MARUTI,SWIFT VDI BSIV
Bangalore,2014,28000,Diesel,Automatic,First,13.0,258.0,MERCEDES-BENZ,E-CLASS FACELIFT
Bangalore,2015,37500,Diesel,Automatic,First,17.0,174.0,AUDI,A6 2011-2015 35 TDI TECHNOLOGY
Hyderabad,2010,37000,Diesel,Automatic,First,13.0,282.0,MERCEDES-BENZ,S CLASS 2005 2013 S 350 CDI
Ahmedabad,2010,83000,Diesel,Manual,First,19.0,73.0,MARUTI,SWIFT DZIRE LDI
Coimbatore,2005,79012,Petrol,Manual,First,13.0,125.0,TOYOTA,COROLLA H2
Kochi,2018,27395,Diesel,Manual,First,15.0,120.0,MAHINDRA,SCORPIO S10 7 SEATER
Jaipur,2017,35362,Petrol,Manual,First,22.0,67.0,MARUTI,WAGON R VXI
Delhi,2014,117000,Diesel,Manual,First,13.0,168.0,TOYOTA,FORTUNER 4X2 MANUAL
Mumbai,2010,23000,Petrol,Manual,First,18.0,64.0,MARUTI,ZEN ESTILO 1.1 LX BSIII
Kochi,2014,59508,Petrol,Manual,First,25.0,37.0,TATA,NANO CX
Chennai,2009,69000,Petrol,Manual,Second,18.0,80.0,HYUNDAI,I20 MAGNA
Bangalore,2010,58000,Diesel,Automatic,First,22.0,190.0,BMW,3 SERIES 320D
Jaipur,2014,88511,Diesel,Manual,First,16.0,140.0,MAHINDRA,XUV500 W6 2WD
Pune,2011,66000,Petrol,Manual,First,15.0,105.0,VOLKSWAGEN,VENTO IPL II PETROL TRENDLINE
Delhi,2009,65000,Petrol,Manual,Second,17.0,70.0,SKODA,FABIA 1.2 MPI CLASSIC
Coimbatore,2015,30676,Petrol,Manual,First,25.0,37.0,TATA,NANO TWIST XT
Chennai,2011,76000,Diesel,Manual,First,20.0,68.0,FORD,FIGO DIESEL EXI
Pune,2013,23627,Petrol,Automatic,First,14.0,105.0,VOLKSWAGEN,VENTO IPL II PETROL HIGHLINE AT
Kochi,2018,52827,Diesel,Automatic,First,12.0,187.0,LAND,ROVER RANGE ROVER HSE DYNAMIC
Kochi,2015,64465,Diesel,Manual,First,26.0,98.0,HONDA,CITY I DTEC SV
Chennai,2018,14000,Petrol,Automatic,First,22.0,67.0,RENAULT,KWID CLIMBER 1.0 AMT
Mumbai,2015,26000,Petrol,Manual,First,18.0,82.0,HYUNDAI,GRAND I10 ASTA OPTION
Hyderabad,2011,78203,Diesel,Automatic,First,18.0,147.0,CHEVROLET,CRUZE LTZ AT
Mumbai,2017,27000,Diesel,Manual,First,22.0,88.0,HYUNDAI,I20 1.4 ASTA
Coimbatore,2018,31919,Petrol,Automatic,First,24.0,67.0,MARUTI,ALTO K10 VXI AGS
Coimbatore,2016,47392,Diesel,Manual,First,20.0,126.0,HYUNDAI,CRETA 1.6 SX OPTION DIESEL
Mumbai,2016,17362,Petrol,Manual,First,18.0,86.0,HONDA,AMAZE VX I-VTECH
Kochi,2016,49716,Diesel,Manual,First,21.0,88.0,HYUNDAI,I20 ACTIVE 1.4 SX DUAL TONE
Delhi,2014,48000,Petrol,Manual,First,23.0,67.0,MARUTI,CELERIO VXI
Kolkata,2009,46000,Diesel,Automatic,First,16.0,147.0,AUDI,A4 2.0 TDI
Bangalore,2016,79000,Diesel,Manual,First,24.0,88.0,HYUNDAI,VERNA 1.4 CRDI
Pune,2013,57000,Diesel,Manual,First,21.0,78.0,RENAULT,FLUENCE DIESEL E4
Delhi,2016,29754,Petrol,Manual,First,16.0,74.0,VOLKSWAGEN,POLO 1.2 MPI HIGHLINE
Ahmedabad,2012,50123,Diesel,Manual,First,17.0,70.0,TATA,INDIGO LX
Kochi,2012,57184,Petrol,Manual,First,20.0,78.0,HYUNDAI,I10 SPORTZ
Mumbai,2007,75000,Diesel,Automatic,Second,16.0,258.0,BMW,7 SERIES 730LD SEDAN
Mumbai,2015,26000,Diesel,Automatic,First,17.0,126.0,HYUNDAI,CRETA 1.6 CRDI AT SX PLUS
Delhi,2016,22129,Petrol,Manual,First,18.0,82.0,HYUNDAI,GRAND I10 MAGNA
Hyderabad,2011,127887,Diesel,Manual,First,21.0,73.0,MARUTI,RITZ VDI
Hyderabad,2006,92000,Diesel,Manual,First,10.0,120.0,MAHINDRA,SCORPIO 2.6 SLX CRDE
Hyderabad,2011,60634,Petrol,Manual,First,19.0,68.0,HYUNDAI,I10 ERA
Hyderabad,2014,90000,Diesel,Manual,First,14.0,138.0,TATA,SAFARI STORME 2012-2015 VX
Kolkata,2009,59000,Petrol,Manual,First,13.0,130.0,HONDA,CIVIC 2006-2010 1.8 V MT
Hyderabad,2012,59293,Petrol,Manual,First,18.0,67.0,MARUTI,ZEN ESTILO LXI BSIII
Mumbai,2012,80753,Diesel,Manual,Second,23.0,74.0,MARUTI,SWIFT DZIRE VDI
Delhi,2015,40000,Diesel,Manual,Second,13.0,168.0,TOYOTA,FORTUNER 4X2 MANUAL
Pune,2014,103000,Diesel,Manual,Second,28.0,74.0,MARUTI,SWIFT VDI
Hyderabad,2012,72389,LPG,Manual,First,26.0,58.0,MARUTI,WAGON R DUO LX BSIII
Pune,2017,48000,Diesel,Manual,First,28.0,73.0,MARUTI,DZIRE LDI
Kolkata,2014,41000,Petrol,Manual,First,18.0,82.0,HYUNDAI,GRAND I10 ASTA
Jaipur,2016,26000,Petrol,Manual,First,25.0,53.0,RENAULT,KWID RXL
Jaipur,2012,30000,Petrol,Manual,Second,15.0,64.0,TATA,INDIGO CS EGLX BS IV
Hyderabad,2014,74624,Diesel,Manual,First,20.0,68.0,FORD,FIGO DIESEL TITANIUM
Kochi,2015,47877,Diesel,Automatic,First,15.0,240.0,PORSCHE,CAYENNE 2009-2014 DIESEL
Jaipur,2016,35000,Petrol,Manual,First,24.0,67.0,MARUTI,ALTO K10 VXI
Ahmedabad,2015,52123,Diesel,Manual,First,20.0,103.0,VOLKSWAGEN,VENTO 1.5 TDI HIGHLINE
Bangalore,2005,90000,Diesel,Manual,First,10.0,120.0,MAHINDRA,SCORPIO 2.6 SLX CRDE
Mumbai,2018,1400,Diesel,Automatic,First,18.0,190.0,BMW,X3 XDRIVE 20D LUXURY LINE
Chennai,2009,122000,Petrol,Manual,Second,17.0,118.0,HONDA,CITY 1.5 V MT
Kochi,2016,21110,Petrol,Automatic,First,17.0,189.0,MINI,COOPER 3 DOOR S
Pune,2015,78000,Diesel,Automatic,First,13.0,175.0,MITSUBISHI,PAJERO SPORT 4X4 AT
Jaipur,2012,72000,Diesel,Manual,First,19.0,73.0,MARUTI,SWIFT DZIRE VDI
Pune,2013,43486,Diesel,Manual,First,20.0,88.0,MARUTI,ERTIGA VDI
Hyderabad,2007,199000,Diesel,Manual,Second,12.0,102.0,TOYOTA,INNOVA 2.5 G4 DIESEL 7-SEATER
Chennai,2010,34000,Petrol,Manual,First,11.0,178.0,MERCEDES-BENZ,NEW C-CLASS C 200 KOMPRESSOR ELEGANCE MT
Bangalore,2016,37944,Diesel,Automatic,First,14.0,167.0,MERCEDES-BENZ,NEW C-CLASS C 220 CDI BE AVANTGARE
Mumbai,2017,30000,Diesel,Manual,First,22.0,89.0,FORD,ECOSPORT 1.5 DV5 MT TITANIUM OPTIONAL
Coimbatore,2015,64005,Petrol,Manual,First,17.0,78.0,TOYOTA,ETIOS LIVA 1.2 G
Delhi,2012,62000,Petrol,Manual,First,20.0,78.0,HYUNDAI,I10 MAGNA 1.2
Chennai,2005,105000,Petrol,Manual,First,0.0,97.0,HYUNDAI,SANTRO LP - EURO II
Kochi,2014,59885,Diesel,Automatic,First,12.0,147.0,LAND,ROVER FREELANDER 2 SE
Hyderabad,2011,144471,Diesel,Manual,First,12.0,102.0,TOYOTA,INNOVA 2.5 V DIESEL 8-SEATER
Coimbatore,2011,63991,Petrol,Manual,First,18.0,80.0,HYUNDAI,I20 1.2 MAGNA
Pune,2007,72000,Petrol,Manual,Second,17.0,97.0,HYUNDAI,SANTRO XING XO ERLX EURO II
Mumbai,2015,34895,Petrol,Automatic,First,19.0,75.0,NISSAN,MICRA XV CVT
Ahmedabad,2015,97003,Diesel,Automatic,First,15.0,308.0,BMW,X6 XDRIVE 40D M SPORT
Kolkata,2015,45000,Petrol,Automatic,First,16.0,118.0,HONDA,CITY 1.5 V AT
Delhi,2013,45000,Diesel,Manual,Second,25.0,98.0,HONDA,AMAZE E I-DTECH
Bangalore,2013,100000,Diesel,Manual,Second,11.0,171.0,TOYOTA,FORTUNER 3.0 DIESEL
Delhi,2016,70000,Diesel,Automatic,First,12.0,187.0,LAND,ROVER DISCOVERY SPORT SD4 HSE LUXURY
Coimbatore,2016,37023,Diesel,Manual,First,19.0,126.0,HYUNDAI,CRETA 1.6 CRDI SX
Chennai,2012,81000,Diesel,Manual,First,25.0,56.0,CHEVROLET,BEAT DIESEL LT
Kochi,2017,20789,Diesel,Automatic,First,11.0,171.0,TOYOTA,INNOVA CRYSTA 2.8 GX AT
Jaipur,2015,68310,Diesel,Manual,First,23.0,74.0,MARUTI,SWIFT DZIRE VDI
Mumbai,2015,47250,Diesel,Manual,Second,19.0,126.0,HYUNDAI,CRETA 1.6 CRDI SX OPTION
Delhi,2014,47000,Diesel,Automatic,Second,12.0,255.0,LAND,ROVER RANGE ROVER SPORT SE
Hyderabad,2017,128000,Diesel,Manual,First,25.0,98.0,HONDA,AMAZE VX I-DTEC
Kochi,2017,17702,Petrol,Manual,First,15.0,121.0,HYUNDAI,CRETA 1.6 SX PLUS DUAL TONE PETROL
Mumbai,2014,34987,Petrol,Automatic,First,18.0,103.0,VOLKSWAGEN,VENTO SPORT 1.2 TSI AT
Ahmedabad,2017,37000,Diesel,Manual,First,26.0,98.0,HONDA,CITY I DTEC VX
Coimbatore,2017,38271,Petrol,Manual,First,15.0,121.0,HYUNDAI,CRETA 1.6 SX PLUS DUAL TONE PETROL
Bangalore,2012,32510,Diesel,Manual,Second,20.0,68.0,FORD,FIGO DIESEL TITANIUM
Pune,2014,88000,Diesel,Automatic,First,14.0,258.0,BMW,5 SERIES 2013-2017 530D M SPORT
Pune,2012,116000,Diesel,Manual,First,10.0,107.0,MITSUBISHI,PAJERO 2.8 SFX 7STR
Jaipur,2013,156000,Diesel,Manual,First,19.0,83.0,RENAULT,DUSTER 85PS DIESEL RXL OPTION
Delhi,2010,75319,Petrol,Manual,Second,21.0,85.0,MARUTI,RITZ VXI
Kolkata,2013,28000,Petrol,Manual,First,18.0,82.0,HYUNDAI,GRAND I10 SPORTZ
Bangalore,2017,16500,Diesel,Automatic,First,17.0,136.0,MERCEDES-BENZ,GLA CLASS 200 CDI SPORT
Coimbatore,2016,75637,Diesel,Automatic,First,22.0,190.0,BMW,5 SERIES 520D LUXURY LINE
Kochi,2018,32854,Petrol,Automatic,First,13.0,121.0,HYUNDAI,CRETA 1.6 SX PLUS PETROL AUTOMATIC
Kochi,2019,6568,Petrol,Manual,First,25.0,53.0,RENAULT,KWID RXT OPTIONAL
Bangalore,2014,30000,Diesel,Automatic,First,14.0,241.0,AUDI,A4 3.0 TDI QUATTRO
Kochi,2018,17804,Diesel,Manual,Second,28.0,88.0,MARUTI,CIAZ VDI SHVS
Delhi,2011,69768,Petrol,Manual,First,16.0,90.0,HONDA,JAZZ S
Kochi,2016,62404,Diesel,Automatic,First,22.0,190.0,BMW,3 SERIES 320D LUXURY LINE
Bangalore,2012,97000,Diesel,Automatic,Second,19.0,126.0,HYUNDAI,VERNA SX CRDI AT
Coimbatore,2016,55687,Diesel,Manual,First,21.0,88.0,HYUNDAI,CRETA 1.4 CRDI S PLUS
Kolkata,2014,17000,Petrol,Manual,First,15.0,103.0,VOLKSWAGEN,VENTO 2013-2015 1.6 COMFORTLINE
Coimbatore,2017,34232,Diesel,Automatic,First,21.0,190.0,BMW,3 SERIES LUXURY LINE
Chennai,2004,135000,Petrol,Automatic,Third,14.0,152.0,HONDA,CR-V PETROL 2WD
Chennai,2012,80000,Diesel,Manual,First,19.0,108.0,RENAULT,DUSTER 110PS DIESEL RXZ AWD
Bangalore,2014,31045,Petrol,Manual,Second,18.0,81.0,HYUNDAI,I20 ASTA 1.2
Pune,2013,58000,Diesel,Automatic,Second,16.0,138.0,VOLKSWAGEN,JETTA 2013-2015 2.0L TDI HIGHLINE AT
Kochi,2018,35480,Diesel,Manual,First,19.0,126.0,HYUNDAI,CRETA 1.6 SX PLUS DIESEL
Hyderabad,2016,62287,Diesel,Manual,First,28.0,88.0,MARUTI,CIAZ VDI SHVS
Coimbatore,2015,46162,Diesel,Manual,First,22.0,88.0,HYUNDAI,I20 ASTA 1.4 CRDI
Mumbai,2014,9200,Petrol,Manual,First,17.0,121.0,HYUNDAI,VERNA 1.6 SX VTVT
Kolkata,2012,55339,Diesel,Manual,First,22.0,73.0,VOLKSWAGEN,POLO DIESEL TRENDLINE 1.2L
Kolkata,2011,55476,Diesel,Manual,First,22.0,73.0,VOLKSWAGEN,POLO DIESEL TRENDLINE 1.2L
Pune,2007,68553,Petrol,Manual,Second,15.0,104.0,MARUTI,SX4 VXI BSIII
Kochi,2016,67376,Diesel,Manual,First,24.0,98.0,HONDA,MOBILIO RS OPTION I DTEC
Hyderabad,2013,42000,Diesel,Manual,First,19.0,108.0,RENAULT,DUSTER 110PS DIESEL RXZ PLUS
Coimbatore,2019,28069,Diesel,Automatic,First,12.0,174.0,TOYOTA,FORTUNER 2.8 2WD AT
Kochi,2014,93144,Diesel,Automatic,First,14.0,181.0,VOLVO,XC60 D4 SUMMUM
Hyderabad,2014,24300,Petrol,Automatic,First,23.0,67.0,MARUTI,CELERIO VXI AT
Hyderabad,2015,47883,Diesel,Manual,Second,26.0,88.0,MARUTI,CIAZ ZDI PLUS
Kochi,2013,12467,Diesel,Automatic,First,12.0,167.0,AUDI,Q5 2008-2012 2.0 TDI
Kolkata,2013,56683,Diesel,Automatic,Second,17.0,184.0,BMW,X1 SDRIVE 20D SPORTLINE
Bangalore,2013,38000,Petrol,Manual,First,15.0,70.0,FORD,FIGO PETROL ZXI
Ahmedabad,2018,35000,Diesel,Manual,First,22.0,126.0,HYUNDAI,ELANTRA CRDI SX
Pune,2007,80000,Petrol,Manual,Second,13.0,103.0,HYUNDAI,VERNA 1.6 I ABS
Pune,2006,125000,Petrol,Manual,Second,13.0,130.0,HONDA,CIVIC 2006-2010 1.8 S MT
Chennai,2013,123000,Diesel,Manual,Second,12.0,168.0,TOYOTA,FORTUNER 4X4 MT
Chennai,2012,70000,Petrol,Manual,First,20.0,78.0,HYUNDAI,I10 SPORTZ
Hyderabad,2012,87982,Diesel,Manual,First,21.0,84.0,NISSAN,SUNNY 2011-2014 DIESEL XL
Jaipur,2013,40714,Diesel,Automatic,Second,18.0,190.0,BMW,5 SERIES 2013-2017 520D LUXURY LINE
Pune,2008,83000,Diesel,Manual,Second,16.0,123.0,CHEVROLET,OPTRA MAGNUM 2.0 LT
Ahmedabad,2011,86000,Petrol,Manual,First,20.0,78.0,HYUNDAI,I10 ASTA
Ahmedabad,2009,60002,Diesel,Manual,Second,17.0,106.0,SKODA,LAURA AMBIENTE
Jaipur,2013,60000,Diesel,Automatic,First,10.0,170.0,MERCEDES-BENZ,E-CLASS 2009-2013 E 220 CDI AVANTGARDE
Kolkata,2014,84677,Diesel,Manual,First,25.0,98.0,HONDA,AMAZE SX I-DTEC
Delhi,2017,23000,Diesel,Automatic,First,20.0,190.0,BMW,X1 XDRIVE 20D XLINE
Hyderabad,2016,81424,Diesel,Manual,First,12.0,100.0,TOYOTA,INNOVA 2.5 G (DIESEL) 8 SEATER
Delhi,2013,36400,Diesel,Automatic,First,7.0,394.0,PORSCHE,PANAMERA 2010 2013 DIESEL
Chennai,2012,70000,Diesel,Manual,Second,22.0,84.0,NISSAN,SUNNY XV D
Delhi,2015,40000,Diesel,Manual,Second,26.0,74.0,MARUTI,SWIFT DZIRE LDI
Mumbai,2019,600,Petrol,Automatic,First,21.0,81.0,MARUTI,WAGON R ZXI AMT 1.2
Pune,2015,65320,Diesel,Automatic,Second,16.0,138.0,VOLKSWAGEN,JETTA 2013-2015 2.0L TDI HIGHLINE AT
Pune,2009,79000,Petrol,Manual,Third,9.0,180.0,HONDA,ACCORD 2.4 INSPIRE M/T
Mumbai,2018,5000,Petrol,Manual,First,17.0,117.0,HONDA,CITY I VTEC V
Coimbatore,2019,6028,Petrol,Manual,First,17.0,121.0,HYUNDAI,VERNA 1.6 SX VTVT
Delhi,2006,86000,Petrol,Manual,Second,18.0,67.0,MARUTI,WAGON R LX BSII
Kolkata,2013,160000,Diesel,Manual,Second,23.0,74.0,MARUTI,SWIFT DZIRE TOUR LDI
Kochi,2011,59967,Petrol,Automatic,First,9.0,208.0,AUDI,Q5 2008-2012 2.0 TFSI QUATTRO
Coimbatore,2018,43127,Diesel,Manual,First,23.0,67.0,TOYOTA,ETIOS CROSS 1.4 GD
Kochi,2012,65727,Petrol,Manual,First,19.0,68.0,HYUNDAI,I10 ERA 1.1 ITECH SE
Pune,2013,70000,Petrol,Manual,First,17.0,121.0,HYUNDAI,VERNA 1.6 VTVT
Coimbatore,2018,39861,Diesel,Manual,First,20.0,88.0,VOLKSWAGEN,POLO 1.5 TDI HIGHLINE
Delhi,2017,16485,Diesel,Automatic,First,22.0,187.0,BMW,5 SERIES 520D SPORT LINE
Bangalore,2010,77332,Diesel,Manual,Second,23.0,90.0,HYUNDAI,I20 1.4 ASTA OPTIONAL WITH SUNROOF
Kochi,2017,17489,Petrol,Automatic,First,18.0,82.0,HYUNDAI,GRAND I10 ASTA OPTION AT
Pune,2012,125000,Diesel,Automatic,First,11.0,169.0,TOYOTA,FORTUNER 4X2 4 SPEED AT
Chennai,2016,35129,Petrol,Automatic,First,21.0,83.0,MARUTI,BALENO ZETA AUTOMATIC
Hyderabad,2016,22982,Petrol,Automatic,First,13.0,121.0,HYUNDAI,CRETA 1.6 SX PLUS PETROL AUTOMATIC
Pune,2013,54500,Petrol,Manual,Third,20.0,78.0,HYUNDAI,I10 SPORTZ
Ahmedabad,2017,16235,Diesel,Manual,First,24.0,69.0,TATA,TIGOR XE DIESEL
Kochi,2017,73641,Petrol,Automatic,First,14.0,177.0,SKODA,SUPERB STYLE 1.8 TSI AT
Hyderabad,2015,59572,Diesel,Manual,First,26.0,74.0,MARUTI,SWIFT DZIRE VDI
Jaipur,2014,112827,Petrol,Automatic,First,13.0,141.0,HONDA,CR-V 2.0 AT
Hyderabad,2010,118000,Diesel,Manual,First,12.0,102.0,TOYOTA,INNOVA 2.5 G (DIESEL) 8 SEATER BS IV
Kolkata,2010,60000,Petrol,Manual,First,17.0,118.0,HONDA,CITY 1.5 V MT
Mumbai,2012,75059,Petrol,Automatic,First,17.0,121.0,HYUNDAI,VERNA VTVT 1.6 AT SX PLUS
Pune,2018,3000,Diesel,Manual,First,23.0,67.0,TOYOTA,ETIOS 1.4 VXD
Delhi,2011,78000,Petrol,Automatic,Second,13.0,157.0,SKODA,SUPERB ELEGANCE 1.8 TSI AT
Kolkata,2012,47000,Diesel,Manual,First,21.0,84.0,NISSAN,SUNNY 2011-2014 DIESEL XV
Delhi,2012,42000,Petrol,Manual,First,17.0,118.0,HONDA,CITY 1.5 V MT EXCLUSIVE
Kolkata,2018,6820,Diesel,Manual,First,22.0,88.0,HYUNDAI,ELITE I20 DIESEL ASTA OPTION
Kochi,2013,55176,Petrol,Manual,Second,17.0,104.0,CHEVROLET,OPTRA 1.6 LT ROYALE
Kochi,2016,39854,Petrol,Manual,First,18.0,86.0,HONDA,AMAZE S I-VTECH
Kolkata,2013,24000,Petrol,Manual,First,16.0,73.0,VOLKSWAGEN,POLO PETROL COMFORTLINE 1.2L
Jaipur,2016,55000,Diesel,Manual,First,22.0,74.0,MARUTI,SWIFT VDI
Kochi,2012,45840,Diesel,Automatic,First,11.0,153.0,FORD,ENDEAVOUR 3.0L 4X4 AT
Pune,2006,155000,Petrol,Manual,Third,15.0,94.0,MARUTI,BALENO LXI
Pune,2003,125000,Petrol,Manual,Second,18.0,67.0,MARUTI,WAGON R LX
Coimbatore,2014,52951,Diesel,Manual,First,20.0,88.0,VOLKSWAGEN,POLO 1.5 TDI HIGHLINE
Kolkata,2013,49000,Petrol,Manual,First,17.0,121.0,HYUNDAI,VERNA 1.6 SX VTVT (O)
Ahmedabad,2015,52000,Diesel,Manual,First,28.0,88.0,MARUTI,CIAZ ZDI PLUS SHVS
Mumbai,2001,227000,Diesel,Manual,Fourth & Above,0.0,97.0,TOYOTA,QUALIS FLEET A3
Jaipur,2013,120005,Diesel,Manual,First,21.0,84.0,NISSAN,SUNNY 2011-2014 DIESEL XL
Mumbai,2015,33000,Petrol,Manual,First,15.0,103.0,SKODA,RAPID 1.6 MPI AMBITION WITH ALLOY WHEEL
Delhi,2016,126000,Petrol,Manual,First,15.0,73.0,MARUTI,EECO 7 SEATER STANDARD
Bangalore,2013,66700,Petrol,Manual,First,15.0,103.0,SKODA,RAPID ULTIMA 1.6 MPI AMBITION PLUS
Jaipur,2014,122000,Diesel,Manual,Second,12.0,168.0,TOYOTA,FORTUNER 4X4 MT
Mumbai,2016,29000,Diesel,Manual,First,19.0,126.0,HYUNDAI,CRETA 1.6 CRDI SX
Kochi,2014,42315,Petrol,Manual,First,18.0,82.0,HYUNDAI,I20 MAGNA OPTIONAL 1.2
Mumbai,2015,22001,CNG,Manual,First,26.0,58.0,MARUTI,WAGON R LXI CNG
Kochi,2016,84580,Diesel,Manual,First,26.0,98.0,HONDA,CITY I DTEC V
Jaipur,2002,75000,Petrol,Manual,First,16.0,37.0,MARUTI,800 STD
Pune,2006,85000,Petrol,Manual,Second,13.0,70.0,FORD,IKON 1.3 FLAIR
Delhi,2015,24296,Petrol,Manual,First,20.0,83.0,MARUTI,SWIFT DZIRE LXI
Kolkata,2014,40000,Petrol,Manual,First,16.0,116.0,HONDA,CITY 1.5 V MT SUNROOF
Chennai,2009,64514,Diesel,Manual,First,16.0,110.0,HYUNDAI,VERNA CRDI
Delhi,2016,35000,Petrol,Manual,First,17.0,121.0,HYUNDAI,VERNA 1.6 SX VTVT
Bangalore,2016,41000,Petrol,Manual,Second,25.0,53.0,RENAULT,KWID RXT
Ahmedabad,2008,60123,Petrol,Manual,Second,18.0,67.0,MARUTI,WAGON R LXI
Jaipur,2015,53000,Petrol,Manual,Second,18.0,82.0,HYUNDAI,GRAND I10 SPORTZ
Delhi,2017,9000,Petrol,Manual,First,18.0,81.0,HYUNDAI,I20 1.2 ASTA
Coimbatore,2015,53497,Petrol,Manual,First,18.0,86.0,HONDA,AMAZE S I-VTECH
Hyderabad,2007,68000,Diesel,Manual,First,17.0,68.0,FORD,FIESTA 1.4 DURATORQ ZXI
Hyderabad,2014,65000,Diesel,Automatic,First,19.0,126.0,HYUNDAI,VERNA SX CRDI AT
Kolkata,2014,45155,Diesel,Manual,First,23.0,67.0,TOYOTA,ETIOS VD SP
Coimbatore,2018,20026,Petrol,Automatic,First,19.0,88.0,HONDA,JAZZ 1.2 V CVT I VTEC
Ahmedabad,2015,60000,Diesel,Manual,First,23.0,126.0,HYUNDAI,VERNA 1.6 CRDI SX
Coimbatore,2019,15976,Diesel,Automatic,First,17.0,136.0,MERCEDES-BENZ,CLA 200 D SPORT EDITION
Kochi,2017,30523,Petrol,Automatic,First,14.0,177.0,SKODA,OCTAVIA ELEGANCE 1.8 TSI AT
Kolkata,2013,26300,Diesel,Manual,First,25.0,57.0,CHEVROLET,BEAT DIESEL LS
Kolkata,2011,66000,Diesel,Manual,First,22.0,73.0,VOLKSWAGEN,POLO DIESEL TRENDLINE 1.2L
Jaipur,2016,70000,Diesel,Manual,First,23.0,88.0,MARUTI,SX4 S CROSS DDIS 200 ZETA
Ahmedabad,2011,46000,Petrol,Manual,First,16.0,116.0,HONDA,CITY V MT
Hyderabad,2017,28000,Diesel,Manual,First,20.0,108.0,VOLKSWAGEN,VENTO 1.5 TDI HIGHLINE
Delhi,2017,46000,Petrol,Manual,First,18.0,81.0,HYUNDAI,GRAND I10 1.2 KAPPA MAGNA
Jaipur,2017,33000,Petrol,Automatic,First,24.0,67.0,RENAULT,KWID AMT RXL
Kochi,2017,27718,Petrol,Manual,First,22.0,47.0,MARUTI,ALTO 800 LXI
Bangalore,2013,58000,Petrol,Manual,First,15.0,110.0,FORD,ECOSPORT 1.5 TI VCT MT TITANIUM
Coimbatore,2018,33150,Petrol,Manual,First,21.0,83.0,MARUTI,BALENO ZETA
Pune,2013,77000,Diesel,Manual,First,23.0,73.0,MARUTI,RITZ VDI
Chennai,2007,70000,Diesel,Automatic,First,11.0,198.0,MERCEDES-BENZ,E-CLASS 280 CDI
Kolkata,2012,97000,Diesel,Manual,First,23.0,73.0,MARUTI,RITZ VDI
Chennai,2012,75300,Diesel,Manual,Second,25.0,57.0,CHEVROLET,BEAT DIESEL LT
Kochi,2010,69918,Petrol,Manual,First,15.0,103.0,MARUTI,SX4 VXI BSIV
Coimbatore,2019,4721,Petrol,Manual,First,14.0,35.0,MARUTI,OMNI 5 SEATER BSIV
Kolkata,2014,39163,Diesel,Manual,First,13.0,178.0,MITSUBISHI,PAJERO SPORT ANNIVERSARY EDITION
Pune,2013,80000,Petrol,Automatic,First,13.0,210.0,MERCEDES-BENZ,S CLASS 2005 2013 S 300 L
Bangalore,2015,66000,Diesel,Manual,First,25.0,56.0,CHEVROLET,BEAT DIESEL LS
Coimbatore,2017,36154,Diesel,Manual,Second,25.0,99.0,FORD,FIGO 2015-2019 1.5D TITANIUM MT
Ahmedabad,2012,34000,Petrol,Manual,First,17.0,117.0,HONDA,CITY I-VTEC VX
Chennai,2016,60000,Diesel,Automatic,Second,17.0,136.0,MERCEDES-BENZ,GLA CLASS 200 CDI SPORT
Jaipur,2015,32000,Diesel,Manual,First,21.0,88.0,HYUNDAI,CRETA 1.4 CRDI S PLUS
Kochi,2012,79985,Diesel,Manual,First,17.0,67.0,FORD,FIESTA CLASSIC 1.4 DURATORQ CLXI
Bangalore,2014,37600,Diesel,Automatic,Second,16.0,147.0,AUDI,A4 2.0 TDI
Kochi,2015,31965,Petrol,Manual,First,19.0,68.0,HYUNDAI,I10 MAGNA 1.1
Kochi,2010,70749,Petrol,Automatic,First,12.0,154.0,BMW,3 SERIES 320I SEDAN
Chennai,2013,38000,Diesel,Automatic,First,16.0,258.0,BMW,7 SERIES 730LD
Kochi,2017,41534,Petrol,Manual,First,17.0,121.0,HYUNDAI,VERNA 1.6 SX VTVT
Jaipur,2017,54455,Diesel,Automatic,First,22.0,108.0,VOLKSWAGEN,AMEO 1.5 TDI COMFORTLINE AT
Kolkata,2007,42000,Petrol,Manual,First,14.0,92.0,CHEVROLET,AVEO 1.4 LS
Coimbatore,2018,52073,Diesel,Manual,Second,18.0,147.0,CHEVROLET,CRUZE LTZ
Kochi,2018,40175,Diesel,Manual,Second,22.0,88.0,HYUNDAI,I20 1.4 SPORTZ
Mumbai,2017,16503,Petrol,Automatic,First,16.0,117.0,HONDA,BRV I-VTEC V CVT
Kochi,2017,15029,Petrol,Manual,First,19.0,82.0,HYUNDAI,XCENT 1.2 KAPPA SX
Mumbai,2013,26200,CNG,Manual,First,30.0,47.0,MARUTI,ALTO 800 CNG LXI
Hyderabad,2015,76362,Diesel,Manual,First,24.0,70.0,HYUNDAI,GRAND I10 CRDI SPORTZ
Kolkata,2007,18700,Petrol,Manual,Second,19.0,46.0,MARUTI,ALTO LXI
Coimbatore,2015,67585,Diesel,Manual,First,12.0,100.0,TOYOTA,INNOVA 2.5 VX (DIESEL) 7 SEATER
Mumbai,2010,57000,Petrol,Automatic,Second,16.0,78.0,HYUNDAI,I10 SPORTZ 1.2 AT
Kochi,2019,22321,Petrol,Automatic,First,18.0,117.0,HONDA,CITY I-VTEC CVT V
Jaipur,1998,95150,Petrol,Manual,Third,17.0,60.0,MARUTI,ZEN LX
Kolkata,2015,36428,Petrol,Manual,First,20.0,67.0,MARUTI,WAGON R LXI BS IV
Hyderabad,2012,73500,Diesel,Manual,Second,20.0,68.0,FORD,FIGO DIESEL TITANIUM
Kochi,2015,47234,Petrol,Manual,First,18.0,86.0,HONDA,AMAZE S I-VTECH
Hyderabad,2008,62364,Petrol,Manual,First,13.0,94.0,HYUNDAI,ACCENT GLE
Pune,2012,89000,Diesel,Manual,First,22.0,126.0,HYUNDAI,VERNA 1.6 SX CRDI (O)
Ahmedabad,2013,58653,Diesel,Manual,First,25.0,74.0,MARUTI,SWIFT ZDI
Delhi,2013,30000,Petrol,Automatic,Second,14.0,120.0,MERCEDES-BENZ,B CLASS B180
Coimbatore,2014,64042,Diesel,Manual,First,17.0,163.0,CHEVROLET,CRUZE LTZ
Chennai,2013,120000,Diesel,Automatic,First,20.0,138.0,SKODA,LAURA AMBIENTE 2.0 TDI CR AT
Hyderabad,2014,90000,Diesel,Manual,First,12.0,120.0,MAHINDRA,SCORPIO VLX 2WD BSIV
Kochi,2018,30733,Diesel,Automatic,First,20.0,190.0,BMW,X1 XDRIVE 20D XLINE
Kolkata,2009,43600,Petrol,Automatic,First,10.0,272.0,MERCEDES-BENZ,E-CLASS 2009-2013 E350 PETROL
Pune,2010,71473,Petrol,Automatic,Second,13.0,157.0,SKODA,SUPERB ELEGANCE 1.8 TSI AT
Mumbai,2014,39000,Petrol,Automatic,Second,16.0,86.0,HONDA,BRIO VX AT
Hyderabad,2009,84045,Petrol,Manual,First,20.0,78.0,HYUNDAI,I10 MAGNA 1.2
Mumbai,2014,57004,Petrol,Manual,First,17.0,117.0,HONDA,CITY I VTEC SV
Coimbatore,2012,75464,Petrol,Manual,First,15.0,70.0,FORD,FIGO PETROL ZXI
Hyderabad,2006,142000,Diesel,Manual,First,12.0,102.0,TOYOTA,INNOVA 2.5 G4 DIESEL 7-SEATER
Kochi,2012,118683,Diesel,Manual,Second,21.0,64.0,MAHINDRA,VERITO 1.5 D6 BSIV
Delhi,2018,42000,Petrol,Manual,First,18.0,82.0,MAHINDRA,KUV 100 G80 K8 DUAL TONE
Kochi,2019,12800,Petrol,Manual,First,18.0,81.0,HYUNDAI,I20 SPORTZ OPTION 1.2
Jaipur,2011,80000,Petrol,Manual,First,12.0,127.0,TATA,NEW SAFARI EX 4X2
Hyderabad,2014,76126,Diesel,Manual,First,19.0,73.0,MARUTI,SWIFT DZIRE VDI
Chennai,2017,21000,Diesel,Automatic,Second,15.0,258.0,BMW,X5 XDRIVE 30D M SPORT
Pune,2013,85000,Diesel,Automatic,First,17.0,174.0,AUDI,A6 2011-2015 2.0 TDI PREMIUM PLUS
Jaipur,2017,27000,Petrol,Manual,First,21.0,83.0,MARUTI,BALENO DELTA 1.2
Coimbatore,2016,45794,Diesel,Automatic,First,13.0,194.0,HYUNDAI,SANTA FE 4WD AT
Hyderabad,2013,57352,Diesel,Automatic,First,14.0,163.0,CHEVROLET,CRUZE LTZ AT
Coimbatore,2018,41467,Diesel,Automatic,First,15.0,204.0,MERCEDES-BENZ,E-CLASS 2015-2017 E250 EDITION E
Mumbai,2009,42000,Petrol,Manual,First,17.0,62.0,HYUNDAI,SANTRO XING GLS
Delhi,2014,62549,CNG,Manual,First,26.0,58.0,MARUTI,WAGON R LXI CNG
Hyderabad,2015,67048,Diesel,Manual,First,28.0,88.0,MARUTI,CIAZ VDI PLUS SHVS
Kochi,2018,11732,Petrol,Manual,First,17.0,117.0,HONDA,CITY I-VTEC V
Mumbai,2016,37000,Diesel,Manual,First,20.0,83.0,NISSAN,TERRANO XL PLUS ICC WT20 SE
Hyderabad,2015,30000,Diesel,Automatic,First,18.0,184.0,BMW,3 SERIES 320D PRESTIGE
Hyderabad,2016,53000,Diesel,Manual,First,26.0,98.0,HONDA,CITY I DTEC V
Jaipur,2014,60000,Diesel,Manual,First,20.0,83.0,NISSAN,TERRANO XL PLUS 85 PS
Delhi,2014,65000,Diesel,Manual,First,24.0,70.0,HYUNDAI,GRAND I10 CRDI SPORTZ
Ahmedabad,2008,51000,Petrol,Manual,First,17.0,97.0,HYUNDAI,SANTRO XING XL ERLX EURO III
Delhi,2015,92000,Diesel,Automatic,First,12.0,168.0,TOYOTA,FORTUNER 4X2 AT
Kolkata,2017,31000,Diesel,Manual,First,13.0,147.0,TOYOTA,INNOVA CRYSTA 2.4 VX MT
Chennai,2017,43917,Petrol,Manual,First,21.0,83.0,MARUTI,BALENO ZETA 1.2
Kolkata,2007,46707,Petrol,Manual,First,17.0,97.0,HYUNDAI,SANTRO XING XL ERLX EURO III
Pune,2013,84000,Petrol,Manual,First,19.0,68.0,HYUNDAI,I10 SPORTZ 1.1L
Coimbatore,2015,55662,Diesel,Automatic,First,12.0,241.0,AUDI,Q7 3.0 TDI QUATTRO PREMIUM PLUS
Hyderabad,2014,51000,Diesel,Automatic,First,27.0,190.0,VOLVO,S60 D4 MOMENTUM
Jaipur,2015,24398,Petrol,Manual,First,17.0,117.0,HONDA,CITY I VTEC V
Hyderabad,2011,78000,Petrol,Manual,Second,20.0,67.0,MARUTI,ALTO K10 2010-2014 VXI
Delhi,2012,40315,Petrol,Manual,First,18.0,86.0,HONDA,BRIO 1.2 S OPTION MT
Jaipur,2011,83000,Diesel,Manual,First,12.0,120.0,MAHINDRA,SCORPIO VLX 2WD AIRBAG BSIV
Kochi,2017,58151,Diesel,Automatic,First,19.0,108.0,RENAULT,DUSTER 110PS DIESEL RXL AMT
Kochi,2017,30519,Diesel,Manual,First,19.0,126.0,HYUNDAI,CRETA 1.6 CRDI SX
Coimbatore,2019,20712,Petrol,Manual,First,23.0,84.0,TATA,TIAGO 1.2 REVOTRON XZ
Mumbai,2015,48000,Diesel,Manual,First,16.0,140.0,MAHINDRA,XUV500 W6 2WD
Hyderabad,2015,85000,Diesel,Manual,First,20.0,103.0,VOLKSWAGEN,VENTO 1.5 TDI HIGHLINE
Delhi,2013,32000,Petrol,Automatic,First,14.0,120.0,MERCEDES-BENZ,B CLASS B180
Delhi,2011,52000,Petrol,Manual,First,15.0,103.0,MARUTI,SX4 VXI BSIV
Hyderabad,2007,58307,Petrol,Manual,First,15.0,83.0,HYUNDAI,GETZ GLE
Mumbai,2013,30000,Diesel,Automatic,First,17.0,313.0,BMW,6 SERIES GRAN COUPE
Chennai,2014,40000,Diesel,Automatic,First,17.0,174.0,AUDI,A4 2.0 TDI 177 BHP PREMIUM PLUS
Kolkata,2015,36000,Petrol,Manual,First,18.0,81.0,HYUNDAI,I20 ASTA OPTION 1.2
Kochi,2015,58817,Diesel,Manual,First,19.0,83.0,NISSAN,TERRANO XL D OPTION
Chennai,2013,55000,Diesel,Manual,Second,20.0,103.0,VOLKSWAGEN,VENTO KONEKT DIESEL HIGHLINE
Mumbai,2011,39000,Petrol,Manual,First,20.0,78.0,HYUNDAI,I10 SPORTZ
Hyderabad,2012,35000,Diesel,Automatic,First,14.0,270.0,JAGUAR,XF 3.0 LITRE S PREMIUM LUXURY
Pune,2010,49900,Petrol,Manual,Second,17.0,85.0,MARUTI,SWIFT DZIRE VXI
Hyderabad,2013,99500,Diesel,Manual,Second,22.0,74.0,TATA,INDICA VISTA QUADRAJET VX
Kolkata,2012,33249,Diesel,Manual,First,21.0,88.0,HYUNDAI,I20 ASTA 1.4 CRDI
Delhi,2014,52000,Petrol,Manual,First,19.0,81.0,HYUNDAI,XCENT 1.2 KAPPA S OPTION
Mumbai,2015,45000,Diesel,Manual,First,12.0,100.0,TOYOTA,INNOVA 2.5 VX (DIESEL) 7 SEATER
Hyderabad,2017,22000,Petrol,Manual,First,23.0,84.0,TATA,TIAGO 1.2 REVOTRON XZ
Kochi,2019,7858,Petrol,Manual,First,25.0,53.0,RENAULT,KWID RXL
Pune,2011,112000,Diesel,Manual,First,12.0,102.0,TOYOTA,INNOVA 2.5 V DIESEL 7-SEATER
Coimbatore,2016,41082,Diesel,Automatic,First,13.0,204.0,MERCEDES-BENZ,E-CLASS 2015-2017 E250 CDI AVANTGARDE
Ahmedabad,2009,72000,Petrol,Automatic,First,16.0,116.0,HONDA,CITY 1.5 S AT
Hyderabad,2011,84912,Petrol,Manual,First,20.0,78.0,HYUNDAI,I10 SPORTZ 1.2
Pune,2015,70000,Diesel,Manual,First,19.0,126.0,HYUNDAI,CRETA 1.6 CRDI SX OPTION
Mumbai,2014,21000,Petrol,Manual,First,19.0,86.0,HONDA,AMAZE VX PETROL
Delhi,2016,27000,Petrol,Manual,First,18.0,74.0,VOLKSWAGEN,POLO 1.2 MPI TRENDLINE
Kolkata,2012,29000,Petrol,Manual,First,20.0,78.0,HYUNDAI,I10 MAGNA 1.2
Hyderabad,2014,48425,Diesel,Manual,First,23.0,63.0,RENAULT,PULSE RXL
Pune,2016,19000,Diesel,Automatic,First,21.0,108.0,VOLKSWAGEN,VENTO 1.5 TDI HIGHLINE AT
Hyderabad,2012,210000,Diesel,Manual,First,12.0,100.0,TOYOTA,INNOVA 2.5 VX (DIESEL) 7 SEATER BS IV
Delhi,2013,64000,Petrol,Manual,Second,14.0,138.0,TOYOTA,COROLLA ALTIS G
Chennai,2006,200000,Diesel,Manual,Second,16.0,110.0,HYUNDAI,VERNA CRDI
Chennai,2013,100000,Diesel,Automatic,Second,11.0,254.0,MERCEDES-BENZ,GL-CLASS 350 CDI BLUE EFFICIENCY
Kochi,2013,69140,Diesel,Manual,First,20.0,83.0,RENAULT,DUSTER 85PS DIESEL RXL OPTIONAL
Coimbatore,2019,21214,Petrol,Manual,First,15.0,103.0,SKODA,RAPID 1.6 MPI AMBITION
Kolkata,2015,28000,Petrol,Manual,First,20.0,78.0,HYUNDAI,I10 SPORTZ 1.2
Kochi,2017,29085,Petrol,Manual,First,18.0,82.0,MAHINDRA,KUV 100 MFALCON G80 K8
Kolkata,2016,30000,Petrol,Automatic,First,23.0,67.0,MARUTI,CELERIO VXI AMT
Mumbai,2012,32910,Petrol,Automatic,First,16.0,66.0,MARUTI,A-STAR AT VXI
Kolkata,2015,30000,Diesel,Manual,First,25.0,98.0,HONDA,CITY I DTEC VX
Pune,2010,35102,Petrol,Automatic,First,12.0,161.0,SKODA,SUPERB 1.8 TSI
Coimbatore,2017,22831,Petrol,Manual,First,18.0,82.0,HYUNDAI,GRAND I10 SPORTZ
Hyderabad,2013,74911,Diesel,Manual,First,20.0,83.0,RENAULT,DUSTER 85PS DIESEL RXL
Pune,2015,21000,Petrol,Manual,First,18.0,82.0,HYUNDAI,GRAND I10 MAGNA
Kochi,2018,37160,Diesel,Manual,First,22.0,98.0,FORD,ECOSPORT 1.5 TDCI TITANIUM
Jaipur,2011,41000,Petrol,Manual,Second,16.0,97.0,NISSAN,SUNNY 2011-2014 XL
Chennai,2016,37294,Diesel,Manual,First,25.0,99.0,FORD,FIGO ASPIRE 1.5 TDCI TITANIUM
Coimbatore,2009,56927,Petrol,Manual,First,13.0,130.0,HONDA,CIVIC 2006-2010 1.8 V MT
Kochi,2017,21954,Petrol,Manual,First,25.0,53.0,RENAULT,KWID RXT OPTIONAL
Kolkata,2014,50000,Petrol,Manual,Second,19.0,86.0,HONDA,BRIO EX MT
Coimbatore,2012,78212,Petrol,Manual,First,16.0,88.0,MARUTI,SWIFT ZXI ABS
Delhi,2013,64500,Diesel,Manual,First,21.0,88.0,HYUNDAI,I20 MAGNA OPTIONAL 1.4 CRDI
Delhi,2014,51000,Diesel,Automatic,First,17.0,138.0,SKODA,SUPERB ELEGANCE 2.0 TDI CR AT
Delhi,2012,52000,Petrol,Manual,First,18.0,67.0,MARUTI,WAGON R LXI BSII
Mumbai,2015,120000,Diesel,Automatic,First,21.0,103.0,VOLKSWAGEN,VENTO 1.5 TDI HIGHLINE AT
Coimbatore,2017,65792,Diesel,Manual,First,26.0,98.0,HONDA,CITY I DTEC S
Ahmedabad,2018,30000,Diesel,Manual,First,22.0,88.0,HYUNDAI,I20 1.4 SPORTZ
Coimbatore,2017,54387,Petrol,Automatic,First,19.0,75.0,NISSAN,MICRA XV CVT
Mumbai,2018,1617,Petrol,Manual,First,25.0,53.0,RENAULT,KWID RXT OPTIONAL
Hyderabad,2015,82000,Diesel,Manual,First,25.0,98.0,HONDA,CITY I-DTEC SV
Mumbai,2017,20000,Diesel,Manual,First,13.0,147.0,TOYOTA,INNOVA CRYSTA 2.4 G MT 8S
Jaipur,2015,98000,Diesel,Manual,First,27.0,74.0,MARUTI,BALENO ALPHA 1.3
Delhi,2015,57000,Diesel,Manual,First,22.0,98.0,FORD,ECOSPORT 1.5 TDCI TREND
Jaipur,2013,250000,Diesel,Manual,Second,12.0,100.0,TOYOTA,INNOVA 2.5 G (DIESEL) 8 SEATER
Hyderabad,2014,56549,Diesel,Manual,First,22.0,89.0,FORD,ECOSPORT 1.5 DV5 MT AMBIENTE
Bangalore,2012,78500,Diesel,Manual,First,22.0,73.0,VOLKSWAGEN,POLO DIESEL COMFORTLINE 1.2L
Kochi,2016,55036,Diesel,Manual,First,22.0,88.0,HYUNDAI,I20 SPORTZ 1.4 CRDI
Pune,2016,55000,Diesel,Manual,First,19.0,83.0,RENAULT,DUSTER 85PS DIESEL RXL EXPLORE
Chennai,2007,90000,Petrol,Manual,Second,13.0,70.0,FORD,IKON 1.3 FLAIR
Chennai,2007,155000,Diesel,Manual,First,13.0,141.0,FORD,ENDEAVOUR XLT TDCI 4X2
Hyderabad,2018,17810,Diesel,Manual,First,27.0,74.0,MARUTI,BALENO DELTA 1.3
Kochi,2011,42408,Diesel,Automatic,First,14.0,170.0,MERCEDES-BENZ,NEW C-CLASS C 220 CDI ELEGANCE AT
Ahmedabad,2005,81000,Petrol,Manual,Second,15.0,85.0,MARUTI,ESTEEM VXI - BSIII
Pune,2008,52000,Petrol,Manual,Second,12.0,99.0,TATA,INDIGO XL GRAND PETROL
Mumbai,2013,35000,Diesel,Automatic,First,16.0,218.0,BMW,5 SERIES 525D SEDAN
Delhi,2013,60000,Petrol,Manual,First,17.0,62.0,HYUNDAI,SANTRO XING GL PLUS
Mumbai,2015,27000,Diesel,Automatic,First,19.0,141.0,SKODA,OCTAVIA 2.0 TDI AT STYLE PLUS
Coimbatore,2017,55975,Diesel,Automatic,Second,17.0,174.0,AUDI,A6 2011-2015 35 TDI TECHNOLOGY
Pune,2016,115000,Diesel,Manual,First,25.0,99.0,FORD,FIGO 1.5D TREND MT
Hyderabad,2016,132000,Diesel,Manual,First,14.0,93.0,MAHINDRA,XYLO D4 BS III
Mumbai,2015,40337,Petrol,Automatic,First,23.0,67.0,MARUTI,CELERIO ZXI AT
Chennai,2008,192000,Diesel,Manual,First,12.0,102.0,TOYOTA,INNOVA 2.5 G4 DIESEL 8-SEATER
Bangalore,2016,50000,Diesel,Manual,First,24.0,70.0,HYUNDAI,GRAND I10 CRDI ASTA
Kochi,2016,28147,Petrol,Manual,First,18.0,81.0,HYUNDAI,GRAND I10 1.2 KAPPA SPORTZ
Mumbai,2015,20000,Petrol,Manual,First,18.0,82.0,HYUNDAI,GRAND I10 SPORTZ
Chennai,2016,11000,Petrol,Manual,First,18.0,81.0,HYUNDAI,ELITE I20 PETROL ASTA
Jaipur,2009,63000,Petrol,Manual,Second,18.0,67.0,MARUTI,ZEN ESTILO LXI BSIII
Kochi,2014,36967,Petrol,Manual,First,20.0,67.0,MARUTI,ALTO K10 2010-2014 VXI
Jaipur,2016,73053,Diesel,Manual,First,13.0,168.0,TOYOTA,FORTUNER 4X2 MANUAL
Coimbatore,2019,16392,Diesel,Manual,First,16.0,105.0,MAHINDRA,THAR CRDE AC
Chennai,2007,79000,Petrol,Manual,First,17.0,97.0,HYUNDAI,SANTRO XING XO
Jaipur,2013,67000,Petrol,Manual,Second,16.0,88.0,TOYOTA,ETIOS G
Mumbai,2015,48600,Diesel,Automatic,First,12.0,224.0,MERCEDES-BENZ,GL-CLASS 2007 2012 350 CDI LUXURY
Bangalore,2014,70000,Diesel,Manual,First,19.0,108.0,RENAULT,DUSTER 110PS DIESEL RXZ
Pune,2014,84000,Diesel,Manual,First,22.0,74.0,MARUTI,SWIFT VDI
Mumbai,2013,49106,Petrol,Manual,First,15.0,103.0,VOLKSWAGEN,VENTO MAGNIFIC 1.6 COMFORTLINE
Mumbai,2017,35000,Diesel,Automatic,First,18.0,174.0,SKODA,SUPERB L&K 2.0 TDI AT
Kochi,2014,51240,Diesel,Automatic,First,8.0,245.0,BMW,3 SERIES 330D CONVERTIBLE
Kolkata,2011,37000,Petrol,Manual,Second,18.0,67.0,MARUTI,WAGON R VXI BS IV
Kochi,2017,32587,Petrol,Manual,First,25.0,53.0,RENAULT,KWID RXT
Pune,2009,180000,Diesel,Manual,First,10.0,143.0,FORD,ENDEAVOUR 4X2 XLT LIMITED EDITION
Kochi,2017,21248,Diesel,Manual,First,24.0,88.0,MARUTI,VITARA BREZZA ZDI PLUS DUAL TONE
Pune,2006,47200,Petrol,Manual,Second,17.0,97.0,HYUNDAI,SANTRO XING XO ERLX EURO II
Delhi,2014,40000,Petrol,Automatic,First,10.0,157.0,MERCEDES-BENZ,E-CLASS 200 KOMPRESSOR ELEGANCE
Ahmedabad,2019,4000,Diesel,Automatic,First,0.0,194.0,MERCEDES-BENZ,C-CLASS PROGRESSIVE C 220D
Mumbai,2017,23700,CNG,Manual,First,17.0,80.0,MARUTI,ERTIGA VXI CNG
Delhi,2011,57000,Diesel,Automatic,Second,16.0,147.0,AUDI,A4 2.0 TDI CELEBRATION EDITION
Kolkata,2014,37000,Petrol,Manual,First,18.0,82.0,HYUNDAI,GRAND I10 ASTA
Jaipur,2014,70000,Diesel,Manual,Second,13.0,175.0,MITSUBISHI,PAJERO SPORT 4X4
Coimbatore,2012,92469,Diesel,Automatic,Second,19.0,201.0,MERCEDES-BENZ,NEW C-CLASS C 250 CDI AVANTGARDE
Pune,2015,55000,CNG,Manual,First,26.0,58.0,MARUTI,WAGON R LXI CNG
Ahmedabad,2017,20000,Petrol,Automatic,First,24.0,67.0,MARUTI,ALTO K10 VXI AGS
Delhi,2015,42000,Petrol,Manual,Second,18.0,81.0,HYUNDAI,I20 SPORTZ 1.2
Kolkata,2014,28000,Diesel,Manual,First,23.0,74.0,MARUTI,SWIFT DZIRE VDI
Pune,2010,93000,Petrol,Automatic,Second,11.0,272.0,MERCEDES-BENZ,R-CLASS R350 4MATIC LONG
Mumbai,2015,23000,Petrol,Automatic,First,15.0,110.0,FORD,ECOSPORT 1.5 TI VCT AT TITANIUM
Bangalore,2016,36000,Diesel,Manual,First,25.0,98.0,HONDA,CITY I DTEC VX OPTION
Chennai,2014,52000,Petrol,Manual,First,20.0,67.0,MARUTI,ALTO K10 2010-2014 VXI
Hyderabad,2015,59245,Diesel,Manual,First,20.0,88.0,MARUTI,ERTIGA ZDI
Pune,2018,31000,Diesel,Manual,First,22.0,88.0,HYUNDAI,I20 DIESEL ASTA OPTION
Pune,2015,83000,Petrol,Manual,First,15.0,64.0,TATA,INDIGO CS EGLX BS IV
Hyderabad,2004,81500,Petrol,Manual,Second,19.0,46.0,MARUTI,ALTO STD
Chennai,2008,51000,Petrol,Manual,Second,19.0,97.0,MARUTI,ESTILO LXI
Hyderabad,2018,9900,Petrol,Manual,First,15.0,121.0,HYUNDAI,CRETA 1.6 SX
Pune,2004,94000,Petrol,Manual,Second,18.0,67.0,MARUTI,WAGON R LX
Kochi,2017,27100,Petrol,Manual,First,16.0,88.0,TOYOTA,ETIOS V
Kolkata,2015,12000,Petrol,Manual,First,16.0,88.0,TOYOTA,ETIOS V
Mumbai,2013,29000,Diesel,Manual,First,19.0,108.0,RENAULT,DUSTER 110PS DIESEL RXZ OPTIONAL WITH NAV
Mumbai,2013,65000,Diesel,Manual,Second,19.0,73.0,MARUTI,SWIFT DZIRE VDI BSIV
Coimbatore,2017,50794,Diesel,Automatic,First,17.0,170.0,MERCEDES-BENZ,GLC 220
Mumbai,2014,59000,Diesel,Manual,First,22.0,89.0,FORD,ECOSPORT 1.5 DV5 MT TITANIUM OPTIONAL
Mumbai,2012,72000,CNG,Manual,First,26.0,58.0,MARUTI,WAGON R LXI CNG
Hyderabad,2017,15234,Petrol,Automatic,First,19.0,91.0,MARUTI,CIAZ 1.4 AT ALPHA
Mumbai,2015,44000,Diesel,Manual,First,22.0,89.0,FORD,ECOSPORT 1.5 DV5 MT TITANIUM
Hyderabad,2016,125000,Diesel,Manual,First,22.0,74.0,TATA,ZEST QUADRAJET 1.3 75PS XE
Chennai,2011,100000,Diesel,Automatic,First,11.0,153.0,FORD,ENDEAVOUR 3.0L 4X4 AT
Coimbatore,2017,34686,Diesel,Automatic,First,19.0,108.0,RENAULT,DUSTER 110PS DIESEL RXZ AMT
Pune,2011,98000,Diesel,Manual,First,14.0,147.0,NISSAN,X-TRAIL SLX MT
Delhi,2015,90000,Diesel,Automatic,First,12.0,168.0,TOYOTA,FORTUNER 4X4 AT
Pune,2007,81000,Petrol,Manual,First,15.0,74.0,CHEVROLET,AVEO U-VA 1.2 LS
Chennai,2012,55000,Diesel,Manual,First,20.0,103.0,SKODA,RAPID 1.6 TDI AMBITION
Bangalore,2013,52910,Diesel,Manual,Second,15.0,140.0,MAHINDRA,XUV500 W8 4WD
Chennai,2010,100000,Diesel,Manual,First,19.0,73.0,MARUTI,SWIFT DZIRE ZDI
Hyderabad,2003,132000,Diesel,Manual,First,18.0,66.0,SKODA,OCTAVIA ELEGANCE 1.9 TDI
Mumbai,2014,18000,Petrol,Manual,First,13.0,98.0,CHEVROLET,ENJOY PETROL LS 7 SEATER
Kolkata,2005,50000,Petrol,Manual,First,13.0,94.0,HYUNDAI,ACCENT GLE
Bangalore,2012,33000,Petrol,Automatic,First,14.0,184.0,MERCEDES-BENZ,NEW C-CLASS C 200 CGI
Pune,2014,30000,Diesel,Manual,First,20.0,83.0,RENAULT,DUSTER 85PS DIESEL RXE
Hyderabad,2015,8000,Petrol,Automatic,First,12.0,488.0,JAGUAR,F TYPE 5.0 V8 S
Kochi,2012,58646,Diesel,Manual,First,22.0,126.0,HYUNDAI,VERNA 1.6 SX
Mumbai,2016,21000,Diesel,Automatic,First,13.0,204.0,MERCEDES-BENZ,E-CLASS 2015-2017 E250 CDI AVANTGARDE
Kochi,2015,57026,Petrol,Manual,First,15.0,103.0,VOLKSWAGEN,VENTO PETROL HIGHLINE
Mumbai,2017,42000,Diesel,Automatic,First,18.0,174.0,SKODA,SUPERB STYLE 2.0 TDI AT
Kochi,2017,26741,Diesel,Manual,First,15.0,120.0,MAHINDRA,SCORPIO 1.99 S4 PLUS
Pune,2010,85000,Petrol,Manual,First,17.0,97.0,SKODA,LAURA CLASSIC 1.8 TSI
Pune,2000,78000,Petrol,Manual,First,16.0,37.0,MARUTI,800 DX BSII
Coimbatore,2018,29091,Diesel,Automatic,First,13.0,241.0,AUDI,Q5 3.0 TDI QUATTRO TECHNOLOGY
Coimbatore,2018,37323,Diesel,Manual,Second,17.0,100.0,MAHINDRA,NUVOSPORT N6
Chennai,2011,55595,Diesel,Manual,Second,20.0,103.0,VOLKSWAGEN,VENTO DIESEL HIGHLINE
Chennai,2015,49900,Petrol,Manual,First,20.0,83.0,MARUTI,SWIFT DZIRE VXI OPTIONAL
Mumbai,2012,52500,Petrol,Manual,Second,16.0,93.0,MARUTI,ERTIGA VXI
Chennai,2016,5700,Petrol,Manual,First,24.0,47.0,MARUTI,ALTO 800 2016-2019 LXI
Kochi,2014,53340,Diesel,Manual,First,21.0,88.0,HYUNDAI,I20 MAGNA 1.4 CRDI (DIESEL)
Kolkata,2014,57000,Diesel,Manual,First,22.0,89.0,FORD,ECOSPORT 1.5 DV5 MT TITANIUM
Pune,2015,59525,CNG,Manual,Second,32.0,58.0,MARUTI,ALTO K10 LXI CNG
Bangalore,2014,58000,Diesel,Manual,First,20.0,103.0,VOLKSWAGEN,VENTO 1.5 TDI HIGHLINE
Bangalore,2011,73000,Diesel,Manual,First,12.0,120.0,MAHINDRA,SCORPIO VLX 2WD AIRBAG BSIII
Kochi,2016,33554,Diesel,Manual,First,25.0,99.0,FORD,FIGO ASPIRE 1.5 TDCI TITANIUM PLUS
Mumbai,2012,106000,Diesel,Manual,First,12.0,100.0,TOYOTA,INNOVA 2.5 G (DIESEL) 8 SEATER
Pune,2018,27000,Diesel,Manual,First,28.0,73.0,MARUTI,DZIRE LDI
Pune,2018,1000,Petrol,Manual,First,25.0,53.0,RENAULT,KWID RXL
Jaipur,2011,119000,Diesel,Manual,Third,13.0,141.0,FORD,ENDEAVOUR 2.5L 4X2 MT
Chennai,2002,75000,Diesel,Manual,First,0.0,97.0,MAHINDRA,JEEP MM 540 DP
Delhi,2015,64000,Petrol,Manual,First,18.0,123.0,FORD,ECOSPORT 1.0 ECOBOOST TITANIUM PLUS
Hyderabad,2016,63738,Diesel,Manual,First,19.0,126.0,HYUNDAI,CRETA 1.6 CRDI SX
Bangalore,2016,16000,Diesel,Automatic,First,14.0,258.0,BMW,5 SERIES 2013-2017 530D M SPORT
Mumbai,2017,28000,Petrol,Automatic,First,18.0,103.0,MARUTI,ERTIGA VXI AT PETROL
Hyderabad,2007,91000,Diesel,Automatic,Second,15.0,106.0,SKODA,LAURA L AND K AT
Kolkata,2013,25000,Petrol,Manual,First,18.0,79.0,CHEVROLET,BEAT LS
Bangalore,2014,65630,Diesel,Automatic,First,15.0,174.0,AUDI,Q3 2.0 TDI
Pune,2014,48094,Petrol,Manual,First,17.0,118.0,HONDA,CITY 1.5 V MT
Pune,2009,90456,Petrol,Manual,Second,16.0,88.0,MARUTI,SWIFT LXI BSIII
Jaipur,2012,140000,Diesel,Manual,First,20.0,68.0,FORD,FIGO DIESEL EXI
Chennai,2015,95000,Diesel,Automatic,First,12.0,168.0,TOYOTA,FORTUNER 4X4 AT
Pune,2013,79000,Diesel,Manual,Second,15.0,170.0,MERCEDES-BENZ,NEW C-CLASS 200 CDI CLASSIC
Chennai,2012,96000,Diesel,Manual,First,12.0,100.0,TOYOTA,INNOVA 2.5 GX (DIESEL) 7 SEATER
Coimbatore,2004,186679,Petrol,Manual,Second,13.0,100.0,HONDA,CITY 1.5 EXI
Jaipur,2015,91000,Diesel,Manual,First,25.0,98.0,HONDA,AMAZE S I-DTECH
Delhi,2010,109703,Petrol,Automatic,Second,14.0,138.0,TOYOTA,COROLLA ALTIS 1.8 G CVT
Hyderabad,2012,110000,Diesel,Manual,First,22.0,74.0,TATA,INDICA VISTA QUADRAJET VX
Mumbai,2012,35000,Diesel,Manual,First,16.0,140.0,MAHINDRA,XUV500 W8 2WD
Kolkata,2010,47722,Diesel,Manual,First,21.0,73.0,MARUTI,RITZ VDI
Mumbai,2013,25000,Petrol,Automatic,First,14.0,181.0,MERCEDES-BENZ,NEW C-CLASS C 200 AVANTGARDE
Mumbai,2018,8000,Petrol,Automatic,First,17.0,121.0,HYUNDAI,VERNA VTVT 1.6 AT SX OPTION
Hyderabad,2012,65000,Diesel,Automatic,First,14.0,204.0,MERCEDES-BENZ,NEW C-CLASS C 250 CDI ELEGANCE
Hyderabad,2018,1048,Petrol,Manual,First,18.0,67.0,MARUTI,WAGON R VXI BS IV
Bangalore,2014,42000,Petrol,Manual,Second,16.0,93.0,MARUTI,ERTIGA VXI
Hyderabad,2013,55000,Diesel,Manual,First,20.0,103.0,SKODA,RAPID ULTIMA 1.6 TDI ELEGANCE
Delhi,2010,72000,Diesel,Manual,First,12.0,102.0,TOYOTA,INNOVA 2.5 V DIESEL 8-SEATER
Kochi,2018,17773,Petrol,Automatic,First,13.0,183.0,MERCEDES-BENZ,GLA CLASS 200 SPORT
Hyderabad,2013,65000,Diesel,Manual,Second,20.0,88.0,VOLKSWAGEN,POLO 1.5 TDI HIGHLINE
Mumbai,2008,65000,Petrol,Manual,Second,0.0,62.0,HYUNDAI,SANTRO XING GL
Kolkata,2013,53280,Diesel,Manual,First,22.0,126.0,HYUNDAI,VERNA 1.6 CRDI EX MT
Ahmedabad,2016,34005,Petrol,Manual,First,17.0,73.0,VOLKSWAGEN,AMEO 1.2 MPI HIGHLINE
Coimbatore,2017,14618,Petrol,Manual,First,18.0,81.0,HYUNDAI,I20 ASTA OPTION 1.2
Delhi,2006,65771,Petrol,Manual,Second,17.0,64.0,MARUTI,WAGON R LX BSIII
Pune,2006,78000,Petrol,Manual,Second,13.0,60.0,TATA,INDICA LEI
Hyderabad,2016,105545,Diesel,Manual,First,14.0,112.0,MAHINDRA,XYLO D4
Jaipur,2017,25000,Diesel,Manual,First,12.0,134.0,ISUZU,D-MAX V-CROSS 4X4
Pune,2010,80561,Petrol,Manual,First,18.0,80.0,HYUNDAI,I20 2015-2017 MAGNA
Mumbai,2017,6000,Petrol,Manual,First,21.0,83.0,MARUTI,BALENO ALPHA
Jaipur,2016,39000,Diesel,Automatic,First,17.0,153.0,TATA,HEXA XTA
Kolkata,2011,55001,Petrol,Manual,First,16.0,73.0,VOLKSWAGEN,POLO PETROL COMFORTLINE 1.2L
Mumbai,2012,63720,Petrol,Automatic,First,11.0,186.0,MERCEDES-BENZ,NEW C-CLASS C 200 CGI ELEGANCE
Delhi,2013,70000,Diesel,Manual,First,23.0,97.0,TOYOTA,ETIOS GD
Jaipur,2005,100000,Petrol,Manual,Second,15.0,83.0,HYUNDAI,GETZ GLS
Kochi,2017,15386,Petrol,Manual,First,23.0,84.0,TATA,TIAGO 1.2 REVOTRON XT
Mumbai,2013,102486,Diesel,Manual,First,19.0,83.0,RENAULT,DUSTER 85PS DIESEL RXL OPTION
Coimbatore,2013,58629,Diesel,Automatic,Second,18.0,187.0,AUDI,A4 35 TDI PREMIUM PLUS
Pune,2008,86000,Diesel,Manual,Third,13.0,138.0,TATA,NEW SAFARI DICOR 2.2 VX 4X2
Hyderabad,2012,68238,Diesel,Manual,First,22.0,74.0,MARUTI,SWIFT VDI
Mumbai,2011,42036,Petrol,Automatic,First,13.0,157.0,SKODA,SUPERB ELEGANCE 1.8 TSI AT
Mumbai,2014,55619,Petrol,Manual,First,16.0,147.0,HYUNDAI,ELANTRA SX
Pune,2009,60000,Petrol,Manual,Third,17.0,118.0,HONDA,CITY 1.5 E MT
Pune,2015,30000,Diesel,Manual,First,19.0,83.0,RENAULT,DUSTER 85PS DIESEL RXL EXPLORE
Kochi,2016,31150,Diesel,Automatic,First,16.0,187.0,JAGUAR,XF 2.2 LITRE LUXURY
Jaipur,2010,70000,LPG,Manual,First,26.0,58.0,MARUTI,WAGON R DUO LXI
Pune,2010,70290,Petrol,Manual,Second,17.0,73.0,VOLKSWAGEN,POLO IPL II 1.2 PETROL HIGHLINE
Chennai,2016,10000,Petrol,Manual,First,17.0,88.0,TATA,BOLT REVOTRON XT
Bangalore,2014,68010,Petrol,Manual,Second,18.0,82.0,HYUNDAI,I20 SPORTZ 1.2
Kochi,2013,91903,Diesel,Automatic,First,17.0,174.0,AUDI,A6 2011-2015 2.0 TDI
Mumbai,2011,38000,Petrol,Manual,First,16.0,103.0,VOLKSWAGEN,VENTO 1.6 HIGHLINE
Bangalore,2015,67600,Petrol,Manual,First,23.0,67.0,MARUTI,CELERIO VXI
Coimbatore,2007,66800,Petrol,Manual,First,15.0,83.0,HYUNDAI,GETZ GLE
Pune,2016,37208,Diesel,Manual,First,24.0,88.0,MARUTI,VITARA BREZZA VDI
Mumbai,2009,102002,Diesel,Automatic,First,8.0,224.0,MERCEDES-BENZ,M-CLASS ML 320 CDI
Delhi,2011,68000,Diesel,Manual,First,19.0,73.0,MARUTI,SWIFT DZIRE VDI BSIV
Hyderabad,2013,40000,Diesel,Automatic,Second,17.0,300.0,PORSCHE,PANAMERA DIESEL
Mumbai,2015,33500,Petrol,Automatic,First,19.0,158.0,TOYOTA,CAMRY HYBRID
Delhi,2013,33746,Petrol,Manual,First,18.0,86.0,HONDA,BRIO 1.2 VX MT
Hyderabad,2009,53000,Petrol,Automatic,First,0.0,262.0,SKODA,SUPERB 3.6 V6 FSI
Coimbatore,2011,45004,Diesel,Manual,First,12.0,102.0,TOYOTA,INNOVA 2.5 V DIESEL 7-SEATER
Coimbatore,2015,70602,Diesel,Manual,First,25.0,98.0,HONDA,AMAZE VX I-DTEC
Delhi,2014,27365,Diesel,Manual,First,28.0,74.0,MARUTI,SWIFT VDI
Jaipur,2015,100000,Diesel,Manual,First,24.0,71.0,HYUNDAI,XCENT 1.1 CRDI S
Jaipur,2012,55000,Diesel,Manual,Second,14.0,112.0,MAHINDRA,XYLO D4 BSIV
Kolkata,2013,46000,Petrol,Manual,First,18.0,67.0,MARUTI,WAGON R VXI
Hyderabad,2011,47000,Diesel,Manual,First,25.0,57.0,CHEVROLET,BEAT DIESEL
